vigente__thickness_px,vigente__y_top_px,vigente__y_bottom_px,vigente__center_px,vigente__outlier_frac,vigente__residual_top_px,vigente__residual_bottom_px,vigente__frame,vigente__time_s,clahe_mco__thickness_px,clahe_mco__y_top_px,clahe_mco__y_bottom_px,clahe_mco__center_px,clahe_mco__outlier_frac,clahe_mco__residual_top_px,clahe_mco__residual_bottom_px,clahe_mco__frame,clahe_mco__time_s,crudo__thickness_px,crudo__y_top_px,crudo__y_bottom_px,crudo__center_px,crudo__outlier_frac,crudo__residual_top_px,crudo__residual_bottom_px,crudo__frame,crudo__time_s,crudo_mco__thickness_px,crudo_mco__y_top_px,crudo_mco__y_bottom_px,crudo_mco__center_px,crudo_mco__outlier_frac,crudo_mco__residual_top_px,crudo_mco__residual_bottom_px,crudo_mco__frame,crudo_mco__time_s,ventana25__thickness_px,ventana25__y_top_px,ventana25__y_bottom_px,ventana25__center_px,ventana25__outlier_frac,ventana25__residual_top_px,ventana25__residual_bottom_px,ventana25__frame,ventana25__time_s
286.19885324186174,320.5924,606.7891,463.6907,0.075,0.9496,0.7605,0,0.0,285.80816257988965,320.8076,606.6158,463.7117,0.0,0.9916,0.9221,0,0.0,286.97036326444163,320.1619,607.131,463.6465,0.0667,0.9028,0.7392,0,0.0,286.50652874584404,320.3991,606.9026,463.6508,0.0,1.0216,0.8136,0,0.0,286.19781203560126,320.5935,606.7891,463.6913,0.0833,0.9472,0.7605,0,0.0
286.2304328982107,320.5515,606.7806,463.6661,0.075,0.9473,0.8299,1,0.015000000000000001,285.8420961065623,320.7682,606.6102,463.6892,0.0,0.9642,0.95,1,0.015000000000000001,286.7819512296274,320.1185,606.9005,463.5095,0.0833,0.8061,0.7062,1,0.015000000000000001,286.56727718766547,320.3683,606.931,463.6496,0.0,1.0339,0.8084,1,0.015000000000000001,286.22944255355753,320.5525,606.7806,463.6666,0.0833,0.9476,0.8299,1,0.015000000000000001
286.22572793965804,320.5556,606.78,463.6678,0.075,0.9615,0.8265,2,0.028333333333333335,285.83650719814864,320.7718,606.6083,463.6901,0.0,0.9537,0.9522,2,0.028333333333333335,286.77966715029027,320.1189,606.8986,463.5087,0.0833,0.7981,0.7098,2,0.028333333333333335,286.5650404965228,320.3688,606.9294,463.6491,0.0,1.0372,0.7974,2,0.028333333333333335,286.22463506804934,320.5567,606.78,463.6684,0.0833,0.966,0.8265,2,0.028333333333333335
286.1847407133073,320.5591,606.7425,463.6508,0.0667,0.9651,0.8029,3,0.045000000000000005,285.66012369984855,320.9434,606.6013,463.7723,0.0,1.1305,0.9501,3,0.045000000000000005,286.758728642202,320.1371,606.8958,463.5165,0.0917,0.9323,0.7007,3,0.045000000000000005,286.1876011929617,320.7646,606.9265,463.8455,0.0,1.525,0.788,3,0.045000000000000005,286.1834261477136,320.5604,606.7425,463.6515,0.075,0.9739,0.8029,3,0.045000000000000005
286.22342937004055,320.5551,606.777,463.6661,0.0833,0.9757,0.8052,4,0.07500000000000001,285.6657580798704,320.9422,606.6046,463.7734,0.0,1.1158,0.9499,4,0.07500000000000001,286.75373366912913,320.1445,606.8982,463.5213,0.0917,1.0325,0.7059,4,0.07500000000000001,286.18200263770484,320.7746,606.9297,463.8521,0.0,1.4454,0.8277,4,0.07500000000000001,286.2219828123564,320.5566,606.777,463.6668,0.0917,0.9951,0.8052,4,0.07500000000000001
286.2005784352324,320.5425,606.7418,463.6421,0.0667,1.0126,0.7987,5,0.10833333333333334,285.674546137995,320.9295,606.6009,463.7652,0.0,1.1083,0.9509,5,0.10833333333333334,286.77005012660504,320.1229,606.8929,463.5079,0.0917,1.0209,0.7061,5,0.10833333333333334,286.1970864628553,320.7546,606.9247,463.8396,0.0,1.3601,0.8435,5,0.10833333333333334,286.1991107453771,320.5439,606.7418,463.6429,0.075,1.0187,0.7987,5,0.10833333333333334
286.2906571562469,320.441,606.7317,463.5863,0.075,0.7211,0.8415,6,0.14666666666666667,285.8929672056741,320.6326,606.5183,463.5754,0.0083,0.8181,0.9545,6,0.14666666666666667,286.99644165046675,320.0686,607.0594,463.564,0.0583,0.722,0.7805,6,0.14666666666666667,286.6181090393726,320.2519,606.8701,463.561,0.0,0.8419,0.9015,6,0.14666666666666667,286.2555837863499,320.4788,606.7317,463.6052,0.0667,0.7905,0.8415,6,0.14666666666666667
286.2924155198441,320.4853,606.7749,463.6301,0.0333,0.8545,0.8594,7,0.17833333333333334,285.91683449313336,320.6356,606.5492,463.5924,0.0,0.7757,0.9213,7,0.17833333333333334,286.96898292950465,320.0951,607.0584,463.5767,0.05,0.8668,0.7917,7,0.17833333333333334,286.4235507709157,320.449,606.869,463.659,0.0,1.0073,0.8826,7,0.17833333333333334,286.2964155633289,320.4815,606.7749,463.6282,0.05,0.7873,0.8594,7,0.17833333333333334
286.2925854762113,320.4845,606.7743,463.6294,0.0333,0.8349,0.8338,8,0.20833333333333334,285.91664644759413,320.6348,606.5482,463.5915,0.0,0.7484,0.9233,8,0.20833333333333334,286.9686400576578,320.0951,607.0581,463.5766,0.05,0.8631,0.7917,8,0.20833333333333334,286.4232986154411,320.449,606.8688,463.6589,0.0,1.0036,0.8957,8,0.20833333333333334,286.296542175673,320.4808,606.7743,463.6275,0.05,0.8347,0.8338,8,0.20833333333333334
286.3759728844383,320.4406,606.8166,463.6286,0.0667,0.7411,0.8873,9,0.24166666666666667,285.9194694052511,320.6324,606.5487,463.5906,0.0083,0.7899,0.9177,9,0.24166666666666667,286.99854418158134,320.0655,607.0582,463.5618,0.0583,0.7165,0.7908,9,0.24166666666666667,286.62042187910663,320.2485,606.8689,463.5587,0.0,0.837,0.8937,9,0.24166666666666667,286.3392148550423,320.4788,606.8166,463.6477,0.0583,0.8705,0.8873,9,0.24166666666666667
286.4001299892723,320.4918,606.892,463.6919,0.075,0.5554,0.961,10,0.27666666666666667,286.0021342790714,320.7227,606.7168,463.7198,0.0083,0.671,0.9506,10,0.27666666666666667,286.90307582043295,320.1578,607.0609,463.6093,0.0667,0.7797,0.8795,10,0.27666666666666667,286.55071511171457,320.5274,607.077,463.8022,0.0,0.9173,0.9237,10,0.27666666666666667,286.36039041955144,320.5316,606.892,463.7118,0.0583,0.6876,0.961,10,0.27666666666666667
285.9010411642756,320.9735,606.8745,463.924,0.0667,0.8183,0.8082,11,0.30833333333333335,285.4508783465176,321.2588,606.7093,463.984,0.0,0.8105,0.9406,11,0.30833333333333335,286.54332904009095,320.5083,607.0449,463.7766,0.0583,0.731,0.8363,11,0.30833333333333335,286.21757452216326,320.8521,607.0696,463.9608,0.0,0.8757,1.0004,11,0.30833333333333335,285.9418808535197,320.9326,606.8745,463.9036,0.0667,0.9238,0.8082,11,0.30833333333333335
286.0820881945398,320.7933,606.8738,463.8335,0.0583,0.8786,0.8054,12,0.3416666666666667,285.59024490176205,321.1207,606.7076,463.9142,0.0,0.7828,0.9551,12,0.3416666666666667,286.67383920167936,320.3723,607.0462,463.7093,0.0667,0.7043,0.7816,12,0.3416666666666667,286.34745780536,320.7182,607.0657,463.8919,0.0,0.9706,0.9977,12,0.3416666666666667,286.0813153272212,320.7939,606.8738,463.8338,0.0667,0.8953,0.8054,12,0.3416666666666667
286.2412671418274,320.4939,606.7352,463.6146,0.075,0.5285,0.7332,13,0.375,285.78859340225074,320.7268,606.507,463.6169,0.0083,0.764,0.8078,13,0.375,286.66053872238246,320.1502,606.8098,463.48,0.075,0.7099,0.7122,13,0.375,286.20211205024594,320.4917,606.6938,463.5927,0.0,0.8814,0.8764,13,0.375,286.16691905524726,320.574,606.7352,463.6546,0.05,0.8111,0.7332,13,0.375
286.2213648892734,320.5148,606.7362,463.6255,0.0667,0.5767,0.7533,14,0.4083333333333334,285.79311233501153,320.7235,606.508,463.6158,0.0083,0.7604,0.8081,14,0.4083333333333334,286.6647533348131,320.1467,606.8106,463.4787,0.075,0.7113,0.6937,14,0.4083333333333334,286.2063847308442,320.4883,606.6947,463.5915,0.0,0.8907,0.9009,14,0.4083333333333334,286.17093085849615,320.5707,606.7362,463.6534,0.05,0.8641,0.7533,14,0.4083333333333334
286.23398764167564,320.5017,606.7357,463.6187,0.0667,0.5761,0.7428,15,0.4416666666666667,285.80520596289716,320.711,606.5075,463.6093,0.0083,0.778,0.8082,15,0.4416666666666667,286.5850613197363,320.2449,606.8299,463.5374,0.0917,0.6597,0.7152,15,0.4416666666666667,286.3766583551625,320.4798,606.856,463.6679,0.0,0.8461,0.8629,15,0.4416666666666667,286.1831807551349,320.5577,606.7357,463.6467,0.05,0.8576,0.7428,15,0.4416666666666667
286.40773500250543,320.5098,606.9175,463.7136,0.0833,0.8932,0.7909,16,0.48000000000000004,285.46111786953793,321.1326,606.5914,463.862,0.0,1.0568,0.8619,16,0.48000000000000004,287.0617214315621,320.114,607.1708,463.6424,0.0833,0.8724,0.7296,16,0.48000000000000004,286.1616068138313,320.7692,606.9177,463.8435,0.0,1.2267,0.86,16,0.48000000000000004,286.4119366189747,320.506,606.9175,463.7118,0.1,0.9159,0.7909,16,0.48000000000000004
286.374515000955,320.5103,606.8848,463.6976,0.0833,0.9009,0.8145,17,0.5116666666666667,285.251593781794,321.345,606.5874,463.9662,0.0,1.4231,0.8436,17,0.5116666666666667,287.0505920932252,320.1186,607.1639,463.6413,0.1,0.8255,0.6732,17,0.5116666666666667,285.9465034397918,320.9894,606.9095,463.9494,0.0,1.3603,0.8528,17,0.5116666666666667,286.3972745285601,320.4888,606.8848,463.6868,0.1,0.756,0.8145,17,0.5116666666666667
286.3451396010414,320.5073,606.8525,463.6799,0.0667,0.8769,0.7802,18,0.5416666666666667,285.4576120098883,321.1307,606.5858,463.8583,0.0,1.0347,0.8457,18,0.5416666666666667,286.9564463175358,320.1133,607.0654,463.5893,0.0667,0.8238,0.7953,18,0.5416666666666667,285.94929520180597,320.9839,606.9074,463.9456,0.0,1.3539,0.8563,18,0.5416666666666667,286.36438355631606,320.4892,606.8525,463.6708,0.0917,0.7425,0.7802,18,0.5416666666666667
286.346292107875,320.5074,606.8537,463.6805,0.0667,0.868,0.7939,19,0.5750000000000001,285.45817757947214,321.1309,606.5864,463.8586,0.0,1.0317,0.8507,19,0.5750000000000001,286.9502361486781,320.1198,607.0658,463.5928,0.0667,0.8143,0.782,19,0.5750000000000001,285.9429463362773,320.991,606.9069,463.9489,0.0,1.3504,0.8561,19,0.5750000000000001,286.3656545271052,320.4889,606.8537,463.6713,0.0917,0.756,0.7939,19,0.5750000000000001
286.3451205377609,320.5109,606.856,463.6835,0.0667,0.8672,0.805,20,0.6083333333333334,285.4569390005925,321.1338,606.5883,463.8611,0.0,1.0246,0.8496,20,0.6083333333333334,286.9479682541966,320.1252,607.0689,463.597,0.0667,0.8248,0.8115,20,0.6083333333333334,285.94004410606027,320.9963,606.9089,463.9526,0.0,1.3873,0.8576,20,0.6083333333333334,286.3649581042744,320.4923,606.856,463.6742,0.0917,0.8104,0.805,20,0.6083333333333334
286.3455728520114,320.5104,606.856,463.6832,0.0667,0.8697,0.8011,21,0.6416666666666667,285.45695555313364,321.1335,606.5879,463.8607,0.0,1.0212,0.8454,21,0.6416666666666667,286.94809314772465,320.1248,607.0686,463.5967,0.0667,0.8245,0.7957,21,0.6416666666666667,285.94023604592473,320.9958,606.9084,463.9521,0.0,1.3876,0.8572,21,0.6416666666666667,286.36462886605085,320.4924,606.856,463.6742,0.0917,0.8111,0.8011,21,0.6416666666666667
286.3480037084582,320.5076,606.8556,463.6816,0.0667,0.8342,0.8005,22,0.675,285.45928520534335,321.1308,606.5876,463.8592,0.0,1.0574,0.8456,22,0.675,286.9474137386128,320.123,607.0663,463.5946,0.0667,0.8243,0.7915,22,0.675,285.93928692110694,320.9942,606.906,463.9501,0.0,1.3894,0.8589,22,0.675,286.3667366333344,320.4899,606.8556,463.6728,0.0917,0.7948,0.8005,22,0.675
286.34793967979607,320.5077,606.8557,463.6817,0.0667,0.824,0.8017,23,0.7083333333333334,285.45922281783635,321.1309,606.5877,463.8593,0.0,1.0538,0.8497,23,0.7083333333333334,286.94785188805497,320.1232,607.0669,463.595,0.0667,0.8244,0.7942,23,0.7083333333333334,285.93989001807086,320.9943,606.9068,463.9506,0.0,1.3948,0.8582,23,0.7083333333333334,286.3666029142975,320.4903,606.8557,463.673,0.0917,0.7822,0.8017,23,0.7083333333333334
286.3471399120729,320.5083,606.8554,463.6818,0.0667,0.8237,0.8029,24,0.7416666666666667,285.4587861922048,321.1312,606.5877,463.8595,0.0,1.0508,0.8454,24,0.7416666666666667,286.94662499954165,320.1245,607.0671,463.5958,0.0667,0.8248,0.797,24,0.7416666666666667,285.93924137835154,320.995,606.9071,463.951,0.0,1.4008,0.8576,24,0.7416666666666667,286.3657438949646,320.491,606.8554,463.6732,0.0917,0.7824,0.8029,24,0.7416666666666667
286.3464764580627,320.5089,606.8554,463.6821,0.0667,0.8325,0.8037,25,0.775,285.45821290977403,321.1319,606.5878,463.8598,0.0,1.0516,0.8449,25,0.775,286.94617680149815,320.1244,607.0665,463.5955,0.0667,0.8268,0.7961,25,0.775,285.93881579770186,320.9949,606.9066,463.9508,0.0,1.4008,0.8579,25,0.775,286.3653737307286,320.4913,606.8554,463.6733,0.0917,0.7824,0.8037,25,0.775
286.1987859836974,320.4888,606.6874,463.5881,0.0833,0.8213,0.7707,26,0.8116666666666668,285.66240354043225,320.8821,606.5391,463.7106,0.0083,0.8644,0.9651,26,0.8116666666666668,286.75353181857434,320.1268,606.8803,463.5036,0.0917,0.8036,0.7847,26,0.8116666666666668,286.09346754608424,320.6498,606.7398,463.6948,0.0,0.992,0.9235,26,0.8116666666666668,286.18676487001983,320.5028,606.6874,463.5951,0.0833,0.8377,0.7707,26,0.8116666666666668
286.20205298649023,320.4863,606.6881,463.5872,0.0833,0.7789,0.7784,27,0.8450000000000001,285.6664937597194,320.8797,606.541,463.7104,0.0083,0.8862,0.9686,27,0.8450000000000001,286.74903164090256,320.132,606.8811,463.5065,0.0917,0.8061,0.7607,27,0.8450000000000001,286.0899199095317,320.6546,606.741,463.6978,0.0,0.9815,0.9254,27,0.8450000000000001,286.1900182465034,320.5001,606.6881,463.5941,0.0833,0.7732,0.7784,27,0.8450000000000001
286.2044168041979,320.4846,606.6891,463.5868,0.0917,0.7005,0.7881,28,0.8750000000000001,285.64662378148853,320.8997,606.5415,463.7206,0.0083,0.8944,0.9668,28,0.8750000000000001,286.70056260803267,320.1381,606.8386,463.4883,0.0917,0.8147,0.8472,28,0.8750000000000001,286.0388664853516,320.6598,606.6952,463.6775,0.0,0.984,0.9192,28,0.8750000000000001,286.1696151344951,320.5215,606.6891,463.6053,0.0833,0.7542,0.7881,28,0.8750000000000001
286.186095623617,320.5031,606.6892,463.5961,0.0833,0.8429,0.7658,29,0.9133333333333334,285.64510770629795,320.8947,606.5341,463.7144,0.0083,0.8863,0.9901,29,0.9133333333333334,286.6769576146129,320.2105,606.887,463.5488,0.0917,0.7143,0.7935,29,0.9133333333333334,286.48472114835647,320.4832,606.9679,463.7255,0.0,0.8752,0.8903,29,0.9133333333333334,286.17425000923066,320.5169,606.6892,463.6031,0.0833,0.7884,0.7658,29,0.9133333333333334
286.1853462960037,320.5022,606.6875,463.5948,0.0833,0.8666,0.763,30,0.9450000000000001,285.644703665009,320.8938,606.5328,463.7133,0.0083,0.8882,0.9893,30,0.9450000000000001,286.67547574251637,320.2107,606.8859,463.5483,0.0917,0.703,0.7899,30,0.9450000000000001,286.2584854836173,320.4827,606.7341,463.6084,0.0,0.8809,0.9442,30,0.9450000000000001,286.17369059644363,320.5158,606.6875,463.6017,0.0833,0.8062,0.763,30,0.9450000000000001
286.1825141938658,320.5013,606.6838,463.5926,0.0833,0.8809,0.7365,31,0.9750000000000001,285.6427839677576,320.893,606.5297,463.7114,0.0083,0.8989,0.9493,31,0.9750000000000001,286.66717934673477,320.2124,606.8792,463.5458,0.0917,0.7163,0.7668,31,0.9750000000000001,286.2526593514426,320.484,606.7289,463.6064,0.0,0.8818,0.9453,31,0.9750000000000001,286.1714976505357,320.5148,606.6838,463.5993,0.0833,0.8191,0.7365,31,0.9750000000000001
286.1820241126854,320.5023,606.6843,463.5933,0.0833,0.8331,0.7289,32,1.0166666666666668,285.64311285687404,320.8937,606.5309,463.7123,0.0083,0.8974,0.9467,32,1.0166666666666668,286.6682751160971,320.2127,606.8805,463.5466,0.0917,0.7064,0.7674,32,1.0166666666666668,286.2543608013334,320.4838,606.7305,463.6072,0.0,0.8921,0.9449,32,1.0166666666666668,286.1710009421395,320.5156,606.6843,463.6,0.0833,0.8073,0.7289,32,1.0166666666666668
286.18106469192605,320.5038,606.6849,463.5943,0.0833,0.8314,0.725,33,1.0450000000000002,285.64209776683424,320.8952,606.5314,463.7133,0.0083,0.8966,0.946,33,1.0450000000000002,286.6679293914449,320.2123,606.8798,463.546,0.0917,0.7124,0.7687,33,1.0450000000000002,286.25404452440637,320.4836,606.7301,463.6069,0.0,0.8952,0.9461,33,1.0450000000000002,286.1699424422791,320.5172,606.6849,463.601,0.0833,0.8081,0.725,33,1.0450000000000002
286.1809268713422,320.5032,606.6842,463.5937,0.0833,0.8234,0.7365,34,1.0750000000000002,285.64209025113365,320.8947,606.5309,463.7128,0.0083,0.8893,0.9494,34,1.0750000000000002,286.6675676228121,320.2121,606.8793,463.5457,0.0917,0.7109,0.7688,34,1.0750000000000002,286.2538934799047,320.4833,606.7297,463.6065,0.0,0.8932,0.9454,34,1.0750000000000002,286.16964406715334,320.5167,606.6842,463.6004,0.0833,0.8086,0.7365,34,1.0750000000000002
286.1785885240862,320.5063,606.6849,463.5956,0.0833,0.741,0.7277,35,1.1183333333333334,285.6400522283509,320.8974,606.5315,463.7145,0.0083,0.8755,0.9486,35,1.1183333333333334,286.66111630868255,320.2196,606.8799,463.5497,0.0917,0.7174,0.7686,35,1.1183333333333334,286.4744067499615,320.489,606.9634,463.7262,0.0,0.8234,0.8252,35,1.1183333333333334,286.16757642868424,320.5196,606.6849,463.6022,0.0833,0.7524,0.7277,35,1.1183333333333334
286.1726267514579,320.472,606.6447,463.5583,0.0917,0.9082,0.6911,36,1.1466666666666667,285.6473690653006,320.8226,606.4689,463.6457,0.0083,0.9836,0.8317,36,1.1466666666666667,286.9441681131901,320.0385,606.9827,463.5106,0.0667,0.7466,0.8351,36,1.1466666666666667,286.3260339305731,320.4102,606.7362,463.5732,0.0,1.0367,0.9105,36,1.1466666666666667,286.160335343007,320.487,606.6447,463.5658,0.0917,0.9931,0.6911,36,1.1466666666666667
286.1254157897804,320.4774,606.6029,463.5401,0.0833,0.8836,0.7055,37,1.1783333333333335,285.6421416826653,320.8278,606.4688,463.6483,0.0083,0.948,0.8359,37,1.1783333333333335,286.9417546808214,320.0408,606.9826,463.5117,0.0667,0.748,0.8466,37,1.1783333333333335,286.32373191784836,320.4124,606.7362,463.5743,0.0,1.0306,0.9077,37,1.1783333333333335,286.1131001353107,320.4924,606.6029,463.5477,0.0833,0.9853,0.7055,37,1.1783333333333335
286.1253692792061,320.4732,606.5986,463.5359,0.0833,0.8193,0.6973,38,1.22,285.6454309781297,320.8238,606.4682,463.646,0.0083,0.9401,0.8356,38,1.22,286.9327531400668,320.0467,606.9794,463.513,0.0667,0.742,0.8135,38,1.22,286.31764882769784,320.4183,606.736,463.5772,0.0,1.0202,0.9114,38,1.22,286.1129694346002,320.4883,606.5986,463.5435,0.0833,0.9385,0.6973,38,1.22
286.1312436136967,320.4672,606.5984,463.5328,0.0833,0.7953,0.694,39,1.245,285.6500568074962,320.8187,606.4676,463.6432,0.0083,0.9631,0.8165,39,1.245,286.93035124006167,320.0492,606.9796,463.5144,0.0667,0.7431,0.815,39,1.245,286.31572783396683,320.4204,606.7361,463.5783,0.0,1.0239,0.9017,39,1.245,286.1181426965841,320.4832,606.5984,463.5408,0.0833,0.9233,0.694,39,1.245
286.1421145702434,320.4552,606.5973,463.5263,0.0833,0.7022,0.6956,40,1.2750000000000001,285.64208339841264,320.8067,606.447,463.6269,0.0083,0.9638,0.8601,40,1.2750000000000001,286.93928250003916,320.0372,606.9765,463.5068,0.0667,0.7039,0.8258,40,1.2750000000000001,286.3220210414676,320.41,606.732,463.571,0.0,0.9732,0.8947,40,1.2750000000000001,286.1299593229419,320.471,606.5973,463.5341,0.0833,0.8427,0.6956,40,1.2750000000000001
286.1414992480036,320.4558,606.5973,463.5266,0.0833,0.6912,0.6869,41,1.32,285.64137464033945,320.8073,606.4469,463.6271,0.0083,0.9802,0.856,41,1.32,286.9383401731434,320.0381,606.9765,463.5073,0.0667,0.704,0.827,41,1.32,286.3211046772226,320.4109,606.732,463.5714,0.0,0.9734,0.896,41,1.32,286.1293290118168,320.4716,606.5973,463.5345,0.0833,0.8451,0.6869,41,1.32
286.1460033283415,320.4516,606.5976,463.5246,0.0833,0.722,0.6692,42,1.3450000000000002,285.6448322788878,320.8039,606.4468,463.6254,0.0083,0.9595,0.8675,42,1.3450000000000002,286.91817021166696,320.06,606.9782,463.5191,0.0583,0.7375,0.8144,42,1.3450000000000002,286.3232074480087,320.4096,606.7328,463.5712,0.0,0.9849,0.8934,42,1.3450000000000002,286.1339807631207,320.4674,606.5976,463.5325,0.0833,0.8856,0.6692,42,1.3450000000000002
286.17686408905195,320.4632,606.6401,463.5516,0.0917,0.7516,0.7101,43,1.375,285.6341920053702,320.8147,606.4475,463.6311,0.0083,0.9523,0.8755,43,1.375,286.91842073798585,320.0603,606.9787,463.5195,0.0583,0.7316,0.812,43,1.375,286.32341157557653,320.41,606.7334,463.5717,0.0,0.9861,0.886,43,1.375,286.1646501827894,320.4786,606.6401,463.5593,0.0917,0.9347,0.7101,43,1.375
286.1770212976852,320.4638,606.6408,463.5523,0.0917,0.7793,0.7101,44,1.4083333333333334,285.6343979135309,320.8152,606.4482,463.6317,0.0083,0.9364,0.8652,44,1.4083333333333334,286.9172897501411,320.0612,606.9785,463.5199,0.0583,0.7297,0.8119,44,1.4083333333333334,286.3220690991063,320.4111,606.7332,463.5722,0.0,0.9542,0.886,44,1.4083333333333334,286.1650784715011,320.4789,606.6408,463.5599,0.0917,0.9374,0.7101,44,1.4083333333333334
286.1357561829089,320.4636,606.5994,463.5315,0.0833,0.7577,0.6868,45,1.4416666666666667,285.6349193258241,320.8149,606.4484,463.6317,0.0083,0.9405,0.8672,45,1.4416666666666667,286.9180813110669,320.0609,606.979,463.5199,0.0583,0.7307,0.8115,45,1.4416666666666667,286.3230094502266,320.4106,606.7336,463.5721,0.0,0.975,0.886,45,1.4416666666666667,286.12382100143043,320.4787,606.5994,463.539,0.0833,0.9196,0.6868,45,1.4416666666666667
286.1075467783999,320.5202,606.6273,463.5738,0.0917,1.0252,0.7675,46,1.4800000000000002,285.58744538167844,321.1785,606.7384,463.9584,0.0,1.1864,0.9292,46,1.4800000000000002,286.7469315674789,320.0515,606.7985,463.425,0.075,0.7975,0.7466,46,1.4800000000000002,286.38180937817543,320.5139,606.8784,463.6962,0.0,1.1555,0.8675,46,1.4800000000000002,286.28583492074085,320.5205,606.8059,463.6632,0.0833,1.0513,0.8286,46,1.4800000000000002
286.11285506969455,320.5178,606.63,463.5739,0.0917,1.023,0.7676,47,1.5116666666666667,285.59185124759165,321.1759,606.7405,463.9582,0.0,1.1632,0.9267,47,1.5116666666666667,286.74914343322837,320.0533,606.8025,463.4279,0.075,0.7978,0.7461,47,1.5116666666666667,286.3840356012267,320.5157,606.8824,463.6991,0.0,1.1772,0.8673,47,1.5116666666666667,286.29163438298434,320.518,606.809,463.6635,0.0833,1.0462,0.8241,47,1.5116666666666667
286.1139096958128,320.5169,606.63,463.5735,0.0917,1.0214,0.7422,48,1.5450000000000002,285.59311660664036,321.1746,606.7404,463.9575,0.0,1.1886,0.927,48,1.5450000000000002,286.74798217848945,320.0544,606.8024,463.4284,0.075,0.8023,0.7484,48,1.5450000000000002,286.3831094299037,320.5164,606.8824,463.6994,0.0,1.1801,0.8677,48,1.5450000000000002,286.2929776039915,320.517,606.8093,463.6632,0.0833,1.0443,0.8244,48,1.5450000000000002
286.1276041130401,320.5037,606.6303,463.567,0.0917,0.9718,0.7282,49,1.5750000000000002,285.6051816351312,321.1617,606.7402,463.951,0.0,1.2802,0.9377,49,1.5750000000000002,286.72737272270274,320.0763,606.8036,463.44,0.0667,0.799,0.7635,49,1.5750000000000002,286.3775287826444,320.5245,606.8844,463.7045,0.0,1.1048,0.8746,49,1.5750000000000002,286.1279861969117,320.5034,606.6303,463.5669,0.1,0.9784,0.7282,49,1.5750000000000002
286.12195175539995,320.5081,606.6291,463.5686,0.0917,1.0003,0.756,50,1.6083333333333334,285.6104422572537,321.1582,606.7418,463.95,0.0,1.2872,0.9247,50,1.6083333333333334,286.73087352050277,320.0715,606.8024,463.4369,0.075,0.7783,0.7469,50,1.6083333333333334,286.16609573361137,320.7499,606.8822,463.8161,0.0,1.3666,0.8703,50,1.6083333333333334,286.33371413438124,320.5081,606.8408,463.6745,0.0917,1.0049,0.814,50,1.6083333333333334
286.12234998992733,320.5078,606.6294,463.5686,0.0917,0.9969,0.7696,51,1.6416666666666668,285.6099463802749,321.1584,606.7414,463.9499,0.0,1.2848,0.9252,51,1.6416666666666668,286.7321716386663,320.0705,606.8027,463.4366,0.075,0.7622,0.7447,51,1.6416666666666668,286.1670891379116,320.7494,606.8826,463.816,0.0,1.3029,0.8703,51,1.6416666666666668,286.3340267791576,320.5078,606.841,463.6744,0.0917,1.0131,0.816,51,1.6416666666666668
286.1220218633006,320.5093,606.6306,463.5699,0.0917,0.9846,0.7768,52,1.675,285.6090742830769,321.1598,606.7421,463.951,0.0,1.283,0.9263,52,1.675,286.73441815285423,320.0689,606.8033,463.4361,0.075,0.7493,0.7442,52,1.675,286.16899987192653,320.7481,606.883,463.8156,0.0,1.2944,0.8672,52,1.675,286.33318788504255,320.5094,606.8419,463.6756,0.0917,0.989,0.8111,52,1.675
286.11451148228014,320.5186,606.6327,463.5757,0.0917,1.0289,0.7654,53,1.7100000000000002,285.59339544777924,321.1771,606.7433,463.9602,0.0,1.1887,0.9212,53,1.7100000000000002,286.75050803150657,320.0546,606.8051,463.4298,0.075,0.7953,0.7519,53,1.7100000000000002,286.38532805663596,320.517,606.885,463.701,0.0,1.1773,0.8717,53,1.7100000000000002,286.11434028205565,320.5188,606.6327,463.5757,0.1,1.0559,0.7654,53,1.7100000000000002
286.23803988181265,320.51,606.7473,463.6286,0.0583,0.9843,0.9089,54,1.7416666666666667,285.60525342052426,321.1633,606.7415,463.9524,0.0,1.3076,0.9272,54,1.7416666666666667,286.75032076218724,320.0526,606.8029,463.4277,0.075,0.8292,0.7528,54,1.7416666666666667,286.3851173959239,320.5149,606.8828,463.6988,0.0,1.1787,0.8673,54,1.7416666666666667,286.3317946784429,320.5101,606.8412,463.6756,0.0917,0.987,0.8124,54,1.7416666666666667
286.12021521127673,320.5099,606.6293,463.5696,0.0917,1.006,0.7705,55,1.7750000000000001,285.60857573923124,321.1603,606.742,463.9512,0.0,1.2979,0.925,55,1.7750000000000001,286.73137437015566,320.0711,606.8025,463.4368,0.075,0.7842,0.7462,55,1.7750000000000001,286.16636858997316,320.7498,606.8823,463.8161,0.0,1.3022,0.8703,55,1.7750000000000001,286.3319133314012,320.5099,606.8411,463.6755,0.0917,1.0022,0.8141,55,1.7750000000000001
286.18731815291903,320.497,606.684,463.5905,0.075,0.9818,0.7059,56,1.8133333333333335,285.6394988342629,321.1361,606.7518,463.9439,0.0,1.4413,0.8787,56,1.8133333333333335,286.8644303537641,320.0913,606.9558,463.5236,0.05,0.8127,0.8677,56,1.8133333333333335,286.0530152488092,320.7699,606.8051,463.7875,0.0,1.3831,0.886,56,1.8133333333333335,286.1898238933742,320.4945,606.684,463.5893,0.0833,1.0119,0.7059,56,1.8133333333333335
286.18501850872235,320.4973,606.682,463.5897,0.075,0.9318,0.6912,57,1.8450000000000002,285.63689245409716,321.1367,606.7499,463.9433,0.0,1.4753,0.865,57,1.8450000000000002,286.8628660900662,320.0923,606.9552,463.5237,0.05,0.7825,0.8661,57,1.8450000000000002,286.05115588588404,320.7713,606.8045,463.7879,0.0,1.3668,0.8854,57,1.8450000000000002,286.18760244090197,320.4947,606.682,463.5884,0.0833,0.9928,0.6912,57,1.8450000000000002
286.1726810293609,320.5146,606.6867,463.6007,0.075,0.9475,0.7088,58,1.8750000000000002,285.60572964089556,321.1732,606.7549,463.9641,0.0,1.3809,0.8295,58,1.8750000000000002,286.7830900608553,320.06,606.843,463.4515,0.0917,0.8026,0.7387,58,1.8750000000000002,286.18384563022295,320.5339,606.7127,463.6233,0.0,1.1217,0.897,58,1.8750000000000002,286.17473219255123,320.5125,606.6867,463.5996,0.0833,0.9789,0.7088,58,1.8750000000000002
286.1734314915035,320.5132,606.6861,463.5996,0.075,0.9738,0.7013,59,1.9083333333333334,285.6044244386618,321.1732,606.7534,463.9633,0.0,1.3722,0.8323,59,1.9083333333333334,286.7819451869318,320.0607,606.8426,463.4516,0.0917,0.8,0.7235,59,1.9083333333333334,286.182758502837,320.5346,606.7123,463.6235,0.0,1.1212,0.8942,59,1.9083333333333334,286.1756931929584,320.5109,606.6861,463.5985,0.0833,0.9878,0.7013,59,1.9083333333333334
286.1726030229978,320.514,606.686,463.6,0.075,0.9679,0.7403,60,1.9416666666666669,285.60394995588257,321.1737,606.7534,463.9635,0.0,1.3272,0.8308,60,1.9416666666666669,286.78208537420244,320.0595,606.8416,463.4505,0.0917,0.8003,0.7313,60,1.9416666666666669,286.1832400560594,320.5332,606.7114,463.6223,0.0,1.121,0.8896,60,1.9416666666666669,286.174744577242,320.5119,606.686,463.5989,0.0833,0.976,0.7403,60,1.9416666666666669
286.17309813484474,320.5133,606.6859,463.5996,0.075,0.9726,0.7263,61,1.975,285.6045708062607,321.1729,606.7532,463.963,0.0,1.3394,0.833,61,1.975,286.7818255934967,320.0595,606.8414,463.4505,0.0917,0.801,0.7308,61,1.975,286.1833892019633,320.5332,606.7115,463.6224,0.0,1.1211,0.8952,61,1.975,286.17524729263425,320.5112,606.6859,463.5985,0.0833,0.9818,0.7263,61,1.975
286.17329915766925,320.5145,606.6873,463.6009,0.075,0.9703,0.7517,62,2.0116666666666667,285.81359080226093,320.9513,606.7547,463.853,0.0083,1.255,0.8328,62,2.0116666666666667,286.75645580034836,320.0852,606.8417,463.4635,0.0833,0.8609,0.7326,62,2.0116666666666667,286.18273571464624,320.5343,606.7119,463.6231,0.0,1.149,0.894,62,2.0116666666666667,286.17541940639614,320.5124,606.6873,463.5998,0.0833,0.9698,0.7517,62,2.0116666666666667
286.17377969425786,320.5143,606.6876,463.601,0.075,0.9653,0.7456,63,2.041666666666667,285.81463441770086,320.9511,606.7554,463.8533,0.0083,1.2386,0.8364,63,2.041666666666667,286.78101683963223,320.0615,606.8425,463.452,0.0917,0.8046,0.7351,63,2.041666666666667,286.1830413401433,320.5348,606.7128,463.6238,0.0,1.1478,0.8942,63,2.041666666666667,286.1758827753331,320.5122,606.6876,463.5999,0.0833,0.9706,0.7456,63,2.041666666666667
286.1739954514144,320.5145,606.6881,463.6013,0.075,0.9647,0.7508,64,2.075,285.81436497335824,320.9513,606.7555,463.8534,0.0083,1.2555,0.8413,64,2.075,286.78129294220685,320.0612,606.8425,463.4519,0.0917,0.8041,0.7341,64,2.075,286.1831149458782,320.5346,606.7126,463.6236,0.0,1.149,0.8897,64,2.075,286.17595656086417,320.5126,606.6881,463.6003,0.0833,0.9719,0.7508,64,2.075
286.174478049511,320.5145,606.6885,463.6015,0.075,0.962,0.7444,65,2.1100000000000003,285.81533998536787,320.9512,606.7563,463.8538,0.0083,1.2638,0.8418,65,2.1100000000000003,286.78110598132776,320.0616,606.8427,463.4521,0.0917,0.8046,0.7344,65,2.1100000000000003,286.1829823979409,320.5349,606.7128,463.6238,0.0,1.1479,0.89,65,2.1100000000000003,286.17665216870364,320.5123,606.6885,463.6004,0.0833,0.9722,0.7444,65,2.1100000000000003
286.2450371864943,320.4741,606.7192,463.5967,0.0667,0.9322,0.8477,66,2.146666666666667,285.9134814953518,320.8881,606.7929,463.8405,0.0,1.1566,0.8977,66,2.146666666666667,286.8490488876676,320.0531,606.9012,463.4772,0.075,0.8674,0.8263,66,2.146666666666667,286.2277013337891,320.5133,606.7332,463.6233,0.0,1.2117,1.012,66,2.146666666666667,286.2450848891058,320.4741,606.7192,463.5966,0.075,0.9239,0.8477,66,2.146666666666667
286.19384756910017,320.465,606.6572,463.5611,0.0833,0.9749,0.7771,67,2.1783333333333337,285.6772943665997,320.879,606.5551,463.7171,0.0,1.179,0.9674,67,2.1783333333333337,286.8444567177851,320.0447,606.8891,463.4669,0.0833,0.8342,0.8242,67,2.1783333333333337,286.2355629238307,320.5056,606.7336,463.6196,0.0,1.1915,1.004,67,2.1783333333333337,286.19397901365,320.4648,606.6572,463.561,0.0917,0.9424,0.7771,67,2.1783333333333337
286.2571866111272,320.4662,606.7233,463.5948,0.0667,0.9157,0.834,68,2.2083333333333335,285.67654808581904,320.8802,606.5555,463.7179,0.0,1.1822,0.9726,68,2.2083333333333335,286.8426649016607,320.0467,606.8894,463.468,0.0833,0.8338,0.8263,68,2.2083333333333335,286.2338224973365,320.5075,606.7337,463.6206,0.0,1.2156,1.0046,68,2.2083333333333335,286.2573745704423,320.466,606.7233,463.5947,0.075,0.9062,0.834,68,2.2083333333333335
286.19216495658907,320.4662,606.6568,463.5615,0.0833,0.9781,0.7697,69,2.245,285.675713103967,320.8802,606.5547,463.7175,0.0,1.186,0.972,69,2.245,286.8414204199489,320.0461,606.8876,463.4669,0.0833,0.8382,0.799,69,2.245,286.2327695444268,320.5071,606.7322,463.6196,0.0,1.2283,1.0061,69,2.245,286.19239693782,320.466,606.6568,463.5614,0.0917,0.9522,0.7697,69,2.245
286.19135872407185,320.4671,606.657,463.562,0.0833,0.9776,0.7831,70,2.2783333333333333,285.67511187177354,320.8812,606.5551,463.7181,0.0,1.1893,0.9674,70,2.2783333333333333,286.840538331916,320.0476,606.8881,463.4678,0.0833,0.841,0.799,70,2.2783333333333333,286.23231403336735,320.5084,606.7331,463.6207,0.0,1.2288,1.0097,70,2.2783333333333333,286.19159677859335,320.4669,606.657,463.5619,0.0917,0.932,0.7831,70,2.2783333333333333
286.2578625111839,320.4668,606.7246,463.5957,0.0667,0.9069,0.8003,71,2.3083333333333336,285.67751758836107,320.8808,606.5571,463.719,0.0,1.1692,0.9707,71,2.3083333333333336,286.84294016037643,320.045,606.888,463.4665,0.0833,0.8032,0.7994,71,2.3083333333333336,286.2345938655385,320.5061,606.733,463.6196,0.0,1.2251,1.0033,71,2.3083333333333336,286.25809503264725,320.4665,606.7246,463.5956,0.075,0.8958,0.8003,71,2.3083333333333336
286.2582138561552,320.4683,606.7266,463.5975,0.0667,0.9751,0.774,72,2.3466666666666667,285.67749877292664,320.8827,606.5588,463.7207,0.0,1.173,0.9684,72,2.3466666666666667,286.84002589157495,320.0481,606.8881,463.4681,0.0833,0.8379,0.7994,72,2.3466666666666667,286.2318397491344,320.5089,606.7331,463.621,0.0,1.2166,1.0038,72,2.3466666666666667,286.25801162311325,320.4686,606.7266,463.5976,0.075,0.9286,0.774,72,2.3466666666666667
286.2090464267343,320.469,606.6781,463.5735,0.075,0.9449,0.7729,73,2.3783333333333334,285.67774385115905,320.8833,606.5597,463.7215,0.0,1.1705,0.9676,73,2.3783333333333334,286.8401089834898,320.0492,606.8893,463.4692,0.0833,0.8328,0.7987,73,2.3783333333333334,286.2318880448119,320.51,606.7342,463.6221,0.0,1.2196,1.0035,73,2.3783333333333334,286.2086833685961,320.4694,606.6781,463.5737,0.0833,0.9129,0.7729,73,2.3783333333333334
286.2582844030867,320.4692,606.7275,463.5984,0.0667,0.9377,0.782,74,2.4083333333333337,285.67798589700084,320.8827,606.5597,463.7212,0.0,1.1444,0.9558,74,2.4083333333333337,286.8356498545336,320.0522,606.8878,463.47,0.0833,0.8053,0.7902,74,2.4083333333333337,286.228130693675,320.512,606.7328,463.6224,0.0,1.1743,0.9663,74,2.4083333333333337,286.2579215001673,320.4696,606.7275,463.5986,0.075,0.9039,0.782,74,2.4083333333333337
286.2721488490802,320.4562,606.7271,463.5916,0.075,0.7979,0.7819,75,2.45,285.6756580924636,320.8846,606.5592,463.7219,0.0,1.1586,0.9657,75,2.45,286.8346169069226,320.0532,606.8878,463.4705,0.0833,0.8067,0.79,75,2.45,286.2271367909558,320.513,606.7327,463.6229,0.0,1.177,0.9691,75,2.45,286.2555756239116,320.4715,606.7271,463.5993,0.075,0.8834,0.7819,75,2.45
286.2436214839313,320.4332,606.6766,463.5549,0.0833,0.8247,0.778,76,2.48,285.5766615712351,320.9356,606.5099,463.7227,0.0,1.2014,0.9005,76,2.48,286.77672457090387,320.0555,606.8323,463.4439,0.0833,0.9396,0.8035,76,2.48,286.3255894026082,320.5408,606.8507,463.6958,0.0,1.2453,0.8028,76,2.48,286.2471994178031,320.4296,606.6766,463.5531,0.0917,0.8443,0.778,76,2.48
286.22579744275083,320.4289,606.6547,463.5418,0.0833,0.8027,0.7972,77,2.5116666666666667,285.5597446410345,320.9314,606.4886,463.71,0.0,1.1946,0.9401,77,2.5116666666666667,286.7682117531312,320.0623,606.8306,463.4465,0.0833,0.9131,0.8016,77,2.5116666666666667,286.31744851925714,320.5474,606.849,463.6982,0.0,1.1636,0.7913,77,2.5116666666666667,286.2293128208398,320.4254,606.6547,463.54,0.0917,0.8267,0.7972,77,2.5116666666666667
286.246704500217,320.4313,606.6776,463.5544,0.0833,0.8559,0.7847,78,2.5516666666666667,285.8217230162681,320.9326,606.7469,463.8397,0.0,1.1966,0.8079,78,2.5516666666666667,286.77557700380765,320.0571,606.8327,463.4449,0.0833,0.9192,0.7951,78,2.5516666666666667,286.32352924141605,320.5422,606.8499,463.696,0.0,1.1618,0.8255,78,2.5516666666666667,286.249907157684,320.4281,606.6776,463.5528,0.0917,0.8539,0.7847,78,2.5516666666666667
286.22260822202804,320.4271,606.6497,463.5384,0.0833,0.7516,0.7745,79,2.5783333333333336,285.55797084249673,320.9272,606.4829,463.7051,0.0,1.1952,0.9225,79,2.5783333333333336,287.06683353802964,320.0694,607.131,463.6002,0.0833,0.9434,0.7898,79,2.5783333333333336,286.3079940504091,320.5541,606.8468,463.7004,0.0,1.2014,0.8117,79,2.5783333333333336,286.2263262447526,320.4234,606.6497,463.5365,0.0917,0.8175,0.7745,79,2.5783333333333336
286.2232267900787,320.4261,606.6493,463.5377,0.0833,0.7604,0.7739,80,2.6083333333333334,285.5586595407566,320.9265,606.4828,463.7046,0.0,1.2001,0.9218,80,2.6083333333333334,287.06683353802964,320.0694,607.131,463.6002,0.0833,0.9434,0.7898,80,2.6083333333333334,286.3079940504091,320.5541,606.8468,463.7004,0.0,1.2014,0.8117,80,2.6083333333333334,286.22692243575705,320.4224,606.6493,463.5359,0.0917,0.8167,0.7739,80,2.6083333333333334
286.24541167065973,320.4041,606.6495,463.5268,0.0917,0.7074,0.7751,81,2.6533333333333333,285.5589988825938,320.9261,606.483,463.7045,0.0,1.1932,0.9367,81,2.6533333333333333,287.0669690997328,320.0703,607.1321,463.6012,0.0833,0.9488,0.7989,81,2.6533333333333333,286.3080813457366,320.5547,606.8476,463.7012,0.0,1.2097,0.8127,81,2.6533333333333333,286.22784434975074,320.4217,606.6495,463.5356,0.0917,0.8138,0.7751,81,2.6533333333333333
286.2432111223,320.4303,606.6734,463.5519,0.0833,0.8608,0.7512,82,2.6783333333333337,285.5757742550037,320.9305,606.5041,463.7173,0.0,1.2024,0.9053,82,2.6783333333333337,286.7715462965264,320.0614,606.8329,463.4472,0.0917,0.8605,0.8054,82,2.6783333333333337,286.3054857923729,320.5563,606.8467,463.7015,0.0,1.1437,0.8078,82,2.6783333333333337,286.21706227523964,320.4565,606.6734,463.565,0.0833,0.8779,0.7512,82,2.6783333333333337
286.2226439381792,320.4273,606.6499,463.5386,0.0833,0.8457,0.773,83,2.7083333333333335,285.55745383073577,320.928,606.4833,463.7057,0.0,1.2174,0.9349,83,2.7083333333333335,286.7579202310494,320.0738,606.8317,463.4528,0.0833,0.9477,0.7889,83,2.7083333333333335,286.3047396888659,320.558,606.8477,463.7028,0.0,1.192,0.8129,83,2.7083333333333335,286.22620201093497,320.4237,606.6499,463.5368,0.0917,0.8518,0.773,83,2.7083333333333335
286.22527078111636,320.4246,606.6499,463.5373,0.0833,0.8156,0.7758,84,2.7533333333333334,285.56060802398514,320.925,606.4834,463.7042,0.0,1.2073,0.9382,84,2.7533333333333334,286.7614328822558,320.0702,606.8317,463.451,0.0833,0.9361,0.7893,84,2.7533333333333334,286.3080038049934,320.5547,606.8476,463.7012,0.0,1.2234,0.8129,84,2.7533333333333334,286.22898873651167,320.4209,606.6499,463.5354,0.0917,0.8436,0.7758,84,2.7533333333333334
286.22493959221873,320.4256,606.6505,463.5381,0.0833,0.8131,0.773,85,2.7783333333333333,285.5603809778306,320.9258,606.4839,463.7048,0.0,1.2091,0.93,85,2.7783333333333333,286.761005386645,320.0708,606.8318,463.4513,0.0833,0.9487,0.7893,85,2.7783333333333333,286.30590879516376,320.5551,606.8461,463.7006,0.0,1.2237,0.814,85,2.7783333333333333,286.2285470770392,320.422,606.6505,463.5362,0.0917,0.8395,0.773,85,2.7783333333333333
286.1481749262068,320.5156,606.6629,463.5893,0.0667,0.9123,0.7172,86,2.8150000000000004,285.76156815395717,320.7491,606.5107,463.6299,0.0,0.9823,0.9284,86,2.8150000000000004,286.9552182418288,320.1695,607.1231,463.6463,0.0833,0.8001,0.7717,86,2.8150000000000004,286.5197581705271,320.3537,606.8691,463.6114,0.0,0.9574,0.8238,86,2.8150000000000004,286.16519077881037,320.4994,606.6629,463.5812,0.0917,0.9007,0.7172,86,2.8150000000000004
286.14705679878034,320.5159,606.6617,463.5888,0.075,0.9063,0.7386,87,2.845,285.56895291755313,320.9564,606.5221,463.7392,0.0,1.2852,0.9272,87,2.845,287.0142292617326,320.1128,607.123,463.6179,0.075,0.8896,0.7903,87,2.845,286.3136685954969,320.5792,606.8803,463.7298,0.0,1.3034,0.8114,87,2.845,286.16382138361246,320.5,606.6617,463.5809,0.0917,0.9358,0.7386,87,2.845
286.1441698014654,320.5175,606.6604,463.589,0.0667,0.901,0.7223,88,2.8783333333333334,285.7707746129719,320.7508,606.5216,463.6362,0.0,1.0321,0.9227,88,2.8783333333333334,287.0132421635735,320.1121,607.1213,463.6167,0.075,0.8771,0.8041,88,2.8783333333333334,286.3130099010757,320.5783,606.8788,463.7286,0.0,1.307,0.8016,88,2.8783333333333334,286.1627229290834,320.5,606.6604,463.5802,0.0917,0.9418,0.7223,88,2.8783333333333334
286.14421879659966,320.5177,606.6606,463.5891,0.0667,0.9051,0.7207,89,2.9083333333333337,285.77147532545087,320.7508,606.5223,463.6365,0.0,1.0226,0.925,89,2.9083333333333337,287.0142428129122,320.1119,607.1222,463.6171,0.075,0.8779,0.8042,89,2.9083333333333337,286.31390271812177,320.5781,606.8796,463.7289,0.0,1.3076,0.8069,89,2.9083333333333337,286.16283935243825,320.5001,606.6606,463.5803,0.0917,0.9483,0.7207,89,2.9083333333333337
286.1452112892891,320.5172,606.661,463.5891,0.075,0.8998,0.7319,90,2.941666666666667,285.5684517268489,320.9573,606.5226,463.7399,0.0,1.2895,0.919,90,2.941666666666667,287.01333215025477,320.113,607.1223,463.6177,0.075,0.8774,0.8045,90,2.941666666666667,286.31284743599673,320.5794,606.8798,463.7296,0.0,1.3067,0.8024,90,2.941666666666667,286.16202606899697,320.5013,606.661,463.5811,0.0917,0.9432,0.7319,90,2.941666666666667
286.14628804113465,320.5167,606.6617,463.5892,0.075,0.8784,0.7264,91,2.975,285.5691117325283,320.9571,606.523,463.74,0.0,1.2743,0.9167,91,2.975,286.7601987131567,320.1132,606.8734,463.4933,0.075,0.8784,0.7334,91,2.975,286.313173237501,320.5797,606.8804,463.7301,0.0,1.3076,0.8027,91,2.975,286.1631027678852,320.5009,606.6617,463.5813,0.0917,0.9217,0.7264,91,2.975
286.1425034777183,320.5196,606.6607,463.5901,0.075,0.8576,0.7191,92,3.0116666666666667,285.5655263798869,320.9597,606.5222,463.7409,0.0,1.2377,0.9173,92,3.0116666666666667,287.0138304858945,320.1129,607.1227,463.6178,0.075,0.8788,0.8043,92,3.0116666666666667,286.31090328153385,320.5793,606.8778,463.7286,0.0,1.308,0.8036,92,3.0116666666666667,286.15915654965954,320.5039,606.6607,463.5823,0.0917,0.897,0.7191,92,3.0116666666666667
286.14202166647874,320.5198,606.6603,463.5901,0.075,0.86,0.7186,93,3.0450000000000004,285.5655312081266,320.9594,606.522,463.7407,0.0,1.238,0.9157,93,3.0450000000000004,287.01407724729887,320.1129,607.123,463.6179,0.075,0.8788,0.8038,93,3.0450000000000004,286.3112135626134,320.5792,606.878,463.7286,0.0,1.3081,0.8036,93,3.0450000000000004,286.15869251498134,320.5041,606.6603,463.5822,0.0917,0.9003,0.7186,93,3.0450000000000004
286.1429745586554,320.5197,606.6613,463.5905,0.0667,0.8939,0.7107,94,3.075,285.7708215089513,320.7527,606.5235,463.6381,0.0,1.0362,0.9182,94,3.075,287.0139306151864,320.1129,607.1228,463.6178,0.075,0.8788,0.8041,94,3.075,286.3114754512472,320.5793,606.8783,463.7288,0.0,1.3081,0.8034,94,3.075,286.1616895151446,320.502,606.6613,463.5817,0.0917,0.9256,0.7107,94,3.075
286.1610602911949,320.5199,606.6796,463.5998,0.0583,0.8931,0.7578,95,3.1083333333333334,285.76911855408736,320.7529,606.522,463.6375,0.0,1.0388,0.918,95,3.1083333333333334,287.01152005552467,320.1129,607.1202,463.6165,0.075,0.8788,0.8406,95,3.1083333333333334,286.3094467634723,320.579,606.8759,463.7274,0.0,1.3082,0.8213,95,3.1083333333333334,286.1795722916305,320.5022,606.6796,463.5909,0.0833,0.9249,0.7578,95,3.1083333333333334
286.3718131865935,320.4684,606.8393,463.6539,0.0833,0.9601,0.777,96,3.1483333333333334,285.8500398360716,320.9229,606.7645,463.8437,0.0,1.1691,0.9136,96,3.1483333333333334,287.0554753154604,320.0606,607.1117,463.5861,0.0833,0.9458,0.791,96,3.1483333333333334,286.32866897466363,320.5587,606.8712,463.715,0.0,1.2744,0.8636,96,3.1483333333333334,286.3741788250127,320.4663,606.8393,463.6528,0.0917,0.9064,0.777,96,3.1483333333333334
286.3749014564832,320.4674,606.8412,463.6543,0.0833,0.9453,0.7863,97,3.1783333333333337,285.8532909793147,320.9216,606.7666,463.8441,0.0,1.1732,0.9018,97,3.1783333333333337,287.0566824448394,320.0608,607.1132,463.587,0.0833,0.9457,0.7864,97,3.1783333333333337,286.33004847241017,320.5588,606.8729,463.7159,0.0,1.2743,0.8794,97,3.1783333333333337,286.3804873720848,320.4652,606.8444,463.6548,0.0833,0.8907,0.7595,97,3.1783333333333337
286.3723491962927,320.4686,606.8401,463.6543,0.0833,0.9278,0.7863,98,3.2083333333333335,285.8502992293488,320.9232,606.7649,463.8441,0.0,1.1797,0.8977,98,3.2083333333333335,287.0568445327205,320.0611,607.1137,463.5874,0.0833,0.9467,0.7779,98,3.2083333333333335,286.3293546489026,320.5592,606.8725,463.7159,0.0,1.2754,0.8834,98,3.2083333333333335,286.37793574783757,320.4664,606.8433,463.6549,0.0833,0.8767,0.759,98,3.2083333333333335
286.3711643274086,320.4647,606.8351,463.6499,0.0833,0.9275,0.786,99,3.2416666666666667,285.85149544179995,320.9199,606.7628,463.8414,0.0,1.1607,0.8982,99,3.2416666666666667,287.05509380109663,320.064,607.1148,463.5894,0.0833,0.9314,0.7692,99,3.2416666666666667,286.3262271284726,320.5618,606.8723,463.717,0.0,1.2804,0.8794,99,3.2416666666666667,286.1846070371954,320.4624,606.6459,463.5542,0.0917,0.887,0.7489,99,3.2416666666666667
286.38149925944106,320.4693,606.8499,463.6596,0.075,0.9114,0.7661,100,3.2750000000000004,285.8560135330913,320.9236,606.7712,463.8474,0.0,1.1772,0.8936,100,3.2750000000000004,287.0569526477716,320.062,607.1146,463.5883,0.0833,0.9571,0.7789,100,3.2750000000000004,286.32984280332954,320.5602,606.8741,463.7172,0.0,1.2813,0.8856,100,3.2750000000000004,286.3807843198452,320.467,606.8467,463.6569,0.0917,0.8915,0.7871,100,3.2750000000000004
286.3839700440674,320.4666,606.8495,463.6581,0.075,0.9364,0.7633,101,3.3083333333333336,285.85897284799825,320.9207,606.7714,463.8461,0.0,1.1727,0.8885,101,3.3083333333333336,287.05709358708344,320.0615,607.1143,463.5879,0.0833,0.9584,0.7869,101,3.3083333333333336,286.32998751703474,320.5599,606.8738,463.7169,0.0,1.2836,0.8823,101,3.3083333333333336,286.38314584662356,320.4643,606.8463,463.6553,0.0917,0.8807,0.7869,101,3.3083333333333336
286.38162709053825,320.4688,606.8494,463.6591,0.075,0.9621,0.7617,102,3.341666666666667,285.85700368814804,320.923,606.7715,463.8473,0.0,1.2158,0.8881,102,3.341666666666667,287.05739192770955,320.0613,607.1145,463.5879,0.0833,0.9585,0.7793,102,3.341666666666667,286.3303475996861,320.5598,606.874,463.7169,0.0,1.2836,0.8861,102,3.341666666666667,286.38073627276214,320.4666,606.8462,463.6564,0.0917,0.8937,0.7866,102,3.341666666666667
286.373643987135,320.4696,606.8423,463.6559,0.0833,0.9634,0.7863,103,3.375,285.8534063184855,320.9238,606.7688,463.8463,0.0,1.1809,0.8874,103,3.375,287.054845923084,320.0629,607.1135,463.5882,0.0833,0.9602,0.7858,103,3.375,286.328298555898,320.5612,606.8734,463.7173,0.0,1.2847,0.8794,103,3.375,286.3791161599985,320.4676,606.8454,463.6565,0.0833,0.9033,0.7618,103,3.375
286.1900808898538,320.4665,606.6554,463.561,0.0833,0.9617,0.7229,104,3.4083333333333337,285.859604123335,320.9206,606.7718,463.8462,0.0,1.192,0.8829,104,3.4083333333333337,287.0607915505086,320.0595,607.116,463.5877,0.0833,0.9635,0.773,104,3.4083333333333337,286.3326453916587,320.5581,606.8747,463.7164,0.0,1.2781,0.8814,104,3.4083333333333337,286.3857382422271,320.4644,606.8487,463.6566,0.0833,0.8941,0.7546,104,3.4083333333333337
286.1903294673696,320.4666,606.6559,463.5613,0.0833,0.951,0.718,105,3.441666666666667,285.8607827780704,320.9208,606.773,463.8469,0.0,1.1741,0.8877,105,3.441666666666667,287.0602407000365,320.0592,607.115,463.5871,0.0833,0.9773,0.7768,105,3.441666666666667,286.33260800592825,320.5575,606.8742,463.7158,0.0,1.2735,0.8877,105,3.441666666666667,286.38591287691213,320.4645,606.849,463.6567,0.0833,0.9064,0.755,105,3.441666666666667
286.2618665825565,320.4678,606.7269,463.5973,0.0333,0.853,0.8988,106,3.4800000000000004,285.7077586195994,320.9108,606.6163,463.7635,0.0,1.2098,0.9243,106,3.4800000000000004,286.82558354325033,320.151,606.9766,463.5638,0.0417,0.8114,0.8967,106,3.4800000000000004,286.4426312528604,320.5533,606.9766,463.765,0.0,1.1785,0.8967,106,3.4800000000000004,286.21131455543696,320.4663,606.6771,463.5717,0.075,0.8099,0.7783,106,3.4800000000000004
286.18965839291775,320.4702,606.6572,463.5637,0.075,0.7847,0.7166,107,3.5116666666666667,285.84917842945896,320.9124,606.7557,463.834,0.0,1.2196,0.8046,107,3.5116666666666667,286.86748741654577,320.1066,606.9741,463.5403,0.0333,0.7792,0.8935,107,3.5116666666666667,286.4480933912867,320.5466,606.9741,463.7603,0.0,1.2223,0.8935,107,3.5116666666666667,286.20738877375726,320.4687,606.6756,463.5721,0.075,0.7874,0.7797,107,3.5116666666666667
286.1934915285306,320.4754,606.6683,463.5719,0.075,0.783,0.7781,108,3.5450000000000004,285.53640749381685,320.9784,606.5082,463.7433,0.0,1.372,0.9214,108,3.5450000000000004,286.73018966114955,320.1404,606.8706,463.5055,0.0917,0.7419,0.7475,108,3.5450000000000004,286.3445508345409,320.5456,606.8737,463.7097,0.0,1.2165,0.9036,108,3.5450000000000004,286.13704727988386,320.5313,606.6683,463.5998,0.075,0.9888,0.7781,108,3.5450000000000004
286.1901587983491,320.4775,606.6672,463.5723,0.075,0.7971,0.7829,109,3.575,285.53424365774447,320.9799,606.5074,463.7437,0.0,1.3673,0.9237,109,3.575,286.7642578017452,320.1058,606.87,463.4879,0.0833,0.7477,0.7476,109,3.575,286.3437064021231,320.546,606.8733,463.7097,0.0,1.2198,0.9047,109,3.575,286.1341363876748,320.5331,606.6672,463.6001,0.075,0.9968,0.7829,109,3.575
286.19251727203584,320.4757,606.6679,463.5718,0.075,0.7933,0.7269,110,3.6083333333333334,285.5362304691812,320.9784,606.5079,463.7432,0.0,1.3551,0.9253,110,3.6083333333333334,286.72721106078063,320.1417,606.8689,463.5053,0.0917,0.7459,0.7827,110,3.6083333333333334,286.3422071971595,320.5467,606.8723,463.7095,0.0,1.2242,0.9115,110,3.6083333333333334,286.1365524329824,320.5314,606.6679,463.5996,0.075,0.9939,0.7269,110,3.6083333333333334
286.187795629869,320.4807,606.6681,463.5744,0.075,0.7908,0.7246,111,3.641666666666667,285.53160770865384,320.983,606.5079,463.7455,0.0,1.368,0.9273,111,3.641666666666667,286.7664773075644,320.1036,606.8701,463.4869,0.0833,0.7495,0.7889,111,3.641666666666667,286.34554918173717,320.5449,606.8734,463.7092,0.0,1.2362,0.9213,111,3.641666666666667,286.1318385231238,320.5363,606.6681,463.6022,0.075,0.9958,0.7246,111,3.641666666666667
286.188236971415,320.4805,606.6684,463.5744,0.075,0.7955,0.7627,112,3.6783333333333337,285.53270262570265,320.9826,606.5086,463.7456,0.0,1.3676,0.927,112,3.6783333333333337,286.768185618643,320.1019,606.8701,463.486,0.0833,0.7487,0.7868,112,3.6783333333333337,286.3472770252844,320.5434,606.8736,463.7085,0.0,1.238,0.9177,112,3.6783333333333337,286.1323880920012,320.536,606.6684,463.6022,0.075,0.9985,0.7627,112,3.6783333333333337
286.1332987562578,320.5349,606.6682,463.6016,0.0667,0.9485,0.7652,113,3.711666666666667,285.5317085846327,320.9835,606.5084,463.7459,0.0,1.3669,0.925,113,3.711666666666667,286.7272614284973,320.1427,606.8699,463.5063,0.0917,0.7454,0.7892,113,3.711666666666667,286.3422507770357,320.5477,606.8734,463.7105,0.0,1.2184,0.9171,113,3.711666666666667,286.131410267707,320.5368,606.6682,463.6025,0.075,0.9978,0.7652,113,3.711666666666667
286.18817674231576,320.4808,606.6686,463.5747,0.075,0.8646,0.7625,114,3.7416666666666667,285.5325797035173,320.983,606.5088,463.7459,0.0,1.3662,0.9339,114,3.7416666666666667,286.727843907678,320.1423,606.8701,463.5062,0.0917,0.746,0.7907,114,3.7416666666666667,286.3427716625305,320.5473,606.8736,463.7105,0.0,1.2206,0.911,114,3.7416666666666667,286.13248139828863,320.5361,606.6686,463.6023,0.075,0.9972,0.7625,114,3.7416666666666667
286.1894484930365,320.4795,606.6685,463.574,0.075,0.8577,0.7715,115,3.7800000000000002,285.534174994045,320.9815,606.5089,463.7452,0.0,1.3655,0.9276,115,3.7800000000000002,286.764422396751,320.1058,606.8702,463.488,0.0833,0.7386,0.7892,115,3.7800000000000002,286.3439118001411,320.5462,606.8735,463.7098,0.0,1.2202,0.9263,115,3.7800000000000002,286.1338055377215,320.5347,606.6685,463.6016,0.075,0.9986,0.7715,115,3.7800000000000002
286.3304197112631,320.4195,606.75,463.5848,0.075,0.745,0.7917,116,3.8133333333333335,285.4054638888957,321.0863,606.4917,463.789,0.0,1.1397,0.8578,116,3.8133333333333335,286.8091429807413,320.0191,606.8283,463.4237,0.1,0.7434,0.732,116,3.8133333333333335,286.1389714178683,320.7144,606.8459,463.7802,0.0,1.0332,0.7958,116,3.8133333333333335,286.31714419479556,320.4341,606.75,463.592,0.075,0.8606,0.7917,116,3.8133333333333335
286.3012050270188,320.4192,606.7204,463.5698,0.0667,0.7539,0.7651,117,3.845,285.4072613242477,321.0859,606.4932,463.7896,0.0,1.1361,0.8573,117,3.845,286.7977195290658,320.0315,606.8292,463.4304,0.0917,0.7869,0.7352,117,3.845,286.13931355391867,320.7149,606.8468,463.7809,0.0,1.0226,0.7957,117,3.845,286.30310248705047,320.4173,606.7204,463.5688,0.075,0.756,0.7651,117,3.845
286.3026314222857,320.4175,606.7202,463.5689,0.0667,0.7577,0.7955,118,3.8833333333333337,285.40852093240085,321.0845,606.4931,463.7888,0.0,1.1458,0.8366,118,3.8833333333333337,286.81054260162443,320.0193,606.8299,463.4246,0.1,0.7391,0.7342,118,3.8833333333333337,286.14016365354917,320.7146,606.8474,463.781,0.0,1.0103,0.7805,118,3.8833333333333337,286.3044847829825,320.4157,606.7202,463.5679,0.075,0.7662,0.7955,118,3.8833333333333337
286.30332422256265,320.4169,606.7202,463.5686,0.0667,0.7416,0.7969,119,3.911666666666667,285.4091868624473,321.0838,606.493,463.7884,0.0,1.1428,0.8408,119,3.911666666666667,286.81067120227954,320.0193,606.83,463.4247,0.1,0.7392,0.734,119,3.911666666666667,286.14029446096947,320.7146,606.8476,463.7811,0.0,1.0114,0.7808,119,3.911666666666667,286.30521353301174,320.415,606.7202,463.5676,0.075,0.7529,0.7969,119,3.911666666666667
286.3041431172478,320.4166,606.7207,463.5687,0.0667,0.7315,0.8065,120,3.941666666666667,285.4101345611655,321.0835,606.4937,463.7886,0.0,1.1458,0.8403,120,3.941666666666667,286.8110139864401,320.0189,606.8299,463.4244,0.1,0.7456,0.734,120,3.941666666666667,286.1403061469447,320.7147,606.8475,463.7811,0.0,1.0204,0.7815,120,3.941666666666667,286.305985368272,320.4148,606.7207,463.5677,0.075,0.7282,0.8065,120,3.941666666666667
286.3061096685338,320.4183,606.7244,463.5713,0.0667,0.7487,0.8092,121,3.9850000000000003,285.4119211463402,321.0848,606.4967,463.7908,0.0,1.1297,0.8496,121,3.9850000000000003,286.81337597658546,320.0176,606.8309,463.4242,0.1,0.7481,0.737,121,3.9850000000000003,286.14327876684865,320.7126,606.8486,463.7806,0.0,1.0422,0.7826,121,3.9850000000000003,286.3082160763179,320.4162,606.7244,463.5703,0.075,0.7245,0.8092,121,3.9850000000000003
286.30608427159234,320.4181,606.7242,463.5711,0.0667,0.7485,0.8099,122,4.011666666666667,285.4119331869367,321.0846,606.4965,463.7905,0.0,1.1452,0.849,122,4.011666666666667,286.8009675512861,320.0306,606.8315,463.4311,0.0917,0.8193,0.7364,122,4.011666666666667,286.1426064081676,320.7138,606.8492,463.7815,0.0,1.0421,0.7829,122,4.011666666666667,286.3081815406125,320.416,606.7242,463.5701,0.075,0.7249,0.8099,122,4.011666666666667
286.3051027009975,320.4191,606.7242,463.5717,0.0667,0.7486,0.8024,123,4.045,285.4108245561592,321.0857,606.4965,463.7911,0.0,1.1251,0.8482,123,4.045,286.80277480269865,320.0287,606.8315,463.4301,0.0917,0.8231,0.736,123,4.045,286.14439257788405,320.7123,606.8493,463.7808,0.0,1.049,0.7825,123,4.045,286.3071904793434,320.417,606.7242,463.5706,0.075,0.7206,0.8024,123,4.045
286.30330331391224,320.4198,606.7231,463.5714,0.0667,0.7556,0.8054,124,4.086666666666667,285.4082338116383,321.0861,606.4943,463.7902,0.0,1.1232,0.8517,124,4.086666666666667,286.8020000030381,320.0284,606.8304,463.4294,0.0917,0.7914,0.7298,124,4.086666666666667,286.14404448312075,320.7126,606.8488,463.7807,0.0,1.0533,0.785,124,4.086666666666667,286.30537325897336,320.4177,606.7231,463.5704,0.075,0.7659,0.8054,124,4.086666666666667
286.30094628482993,320.4222,606.7232,463.5727,0.0667,0.7265,0.8027,125,4.111666666666667,285.4056798653129,321.0887,606.4944,463.7916,0.0,1.1304,0.8539,125,4.111666666666667,286.79965539667694,320.0305,606.8301,463.4303,0.0917,0.7934,0.7311,125,4.111666666666667,286.1418692170786,320.7144,606.8486,463.7815,0.0,1.0731,0.7843,125,4.111666666666667,286.30292246396846,320.4203,606.7232,463.5717,0.075,0.7292,0.8027,125,4.111666666666667
286.19411337466613,320.452,606.6461,463.549,0.075,0.7935,0.8067,126,4.1466666666666665,285.5601500782068,320.9283,606.4841,463.7062,0.0,1.1204,0.8706,126,4.1466666666666665,286.99857433009834,320.0056,607.0042,463.5049,0.0833,0.7395,0.8103,126,4.1466666666666665,286.38070641678473,320.3147,606.6954,463.5051,0.0,0.9979,0.8671,126,4.1466666666666665,286.18386533271365,320.4632,606.6461,463.5547,0.075,0.8999,0.8067,126,4.1466666666666665
286.2081255541817,320.4372,606.6454,463.5413,0.0833,0.7047,0.7818,127,4.1866666666666665,285.55991178971664,320.9279,606.4835,463.7057,0.0,1.1281,0.8672,127,4.1866666666666665,286.99523354519556,320.0066,607.0018,463.5042,0.0833,0.7325,0.7905,127,4.1866666666666665,286.37821344081163,320.3149,606.6931,463.504,0.0,1.0023,0.8645,127,4.1866666666666665,286.19874783606286,320.4466,606.6454,463.546,0.0833,0.8707,0.7818,127,4.1866666666666665
286.1859328026061,320.4587,606.6447,463.5517,0.075,0.7782,0.7792,128,4.211666666666667,285.54915666926775,320.9357,606.4807,463.7082,0.0,1.1189,0.8708,128,4.211666666666667,286.9445796963628,320.0566,607.0011,463.5289,0.0667,0.8411,0.7942,128,4.211666666666667,286.3831208932884,320.5436,606.9156,463.7296,0.0,1.2125,0.8533,128,4.211666666666667,286.1895944984187,320.4551,606.6447,463.5499,0.0833,0.8153,0.7792,128,4.211666666666667
286.20649000855684,320.4386,606.6451,463.5418,0.0833,0.7086,0.7176,129,4.241666666666667,285.5586081904852,320.9292,606.4836,463.7064,0.0,1.1005,0.8631,129,4.241666666666667,286.99330800430874,320.006,606.9993,463.5026,0.0833,0.7436,0.7887,129,4.241666666666667,286.37496399625377,320.3153,606.6902,463.5028,0.0,1.0091,0.8535,129,4.241666666666667,286.19732008416156,320.4478,606.6451,463.5464,0.0833,0.8707,0.7176,129,4.241666666666667
286.2172741897732,320.428,606.6453,463.5367,0.0833,0.6953,0.7048,130,4.275,285.5598592170869,320.9282,606.4838,463.706,0.0,1.0978,0.863,130,4.275,286.9929358237477,320.0059,606.9989,463.5024,0.0833,0.741,0.7956,130,4.275,286.3747755756797,320.3151,606.6899,463.5025,0.0,1.0098,0.8539,130,4.275,286.1988809355732,320.4464,606.6453,463.5459,0.0833,0.8619,0.7048,130,4.275
286.21635759761796,320.4278,606.6442,463.536,0.0833,0.7048,0.7235,131,4.3100000000000005,285.55914583926176,320.9279,606.4827,463.7053,0.0,1.1037,0.8639,131,4.3100000000000005,286.99200817540225,320.0055,606.9975,463.5015,0.0833,0.7417,0.7958,131,4.3100000000000005,286.37385470864706,320.3148,606.6886,463.5017,0.0,1.0097,0.8466,131,4.3100000000000005,286.19798515419166,320.4462,606.6442,463.5452,0.0833,0.867,0.7235,131,4.3100000000000005
286.1913736545792,320.4527,606.644,463.5484,0.075,0.7899,0.7231,132,4.341666666666667,285.55746888086617,320.9294,606.4826,463.706,0.0,1.1295,0.8621,132,4.341666666666667,286.9911523948125,320.0067,606.9978,463.5023,0.0833,0.7411,0.7959,132,4.341666666666667,286.37360112619115,320.3153,606.6889,463.5021,0.0,1.0115,0.8473,132,4.341666666666667,286.1807484463553,320.4642,606.644,463.5541,0.075,0.912,0.7231,132,4.341666666666667
286.20779494630096,320.4372,606.645,463.5411,0.0833,0.718,0.7172,133,4.375,285.56044204759326,320.9275,606.4836,463.7056,0.0,1.1037,0.8543,133,4.375,286.99118400755094,320.0071,606.9983,463.5027,0.0833,0.7298,0.7979,133,4.375,286.37356555172505,320.3157,606.6893,463.5025,0.0,1.0053,0.842,133,4.375,286.19837995610044,320.4466,606.645,463.5458,0.0833,0.8803,0.7172,133,4.375
286.19287101940546,320.4521,606.645,463.5485,0.075,0.788,0.7237,134,4.408333333333333,285.5592080487565,320.9288,606.4837,463.7062,0.0,1.0969,0.8571,134,4.408333333333333,286.9923449066514,320.0063,606.9986,463.5025,0.0833,0.7395,0.7982,134,4.408333333333333,286.37422687768185,320.3154,606.6896,463.5025,0.0,1.0029,0.8416,134,4.408333333333333,286.18228317384046,320.4637,606.645,463.5543,0.075,0.9066,0.7237,134,4.408333333333333
286.20979205321163,320.4356,606.6454,463.5405,0.0833,0.7182,0.723,135,4.441666666666667,285.56187855195515,320.9264,606.484,463.7052,0.0,1.1024,0.8656,135,4.441666666666667,286.99275089235937,320.0058,606.9985,463.5021,0.0833,0.7392,0.7977,135,4.441666666666667,286.37464596621766,320.3149,606.6895,463.5022,0.0,1.0031,0.8418,135,4.441666666666667,286.20032541221246,320.445,606.6454,463.5452,0.0833,0.8803,0.723,135,4.441666666666667
286.18786174808685,320.4811,606.669,463.575,0.0833,0.9118,0.7001,136,4.48,285.8629804744576,320.9161,606.7692,463.8427,0.0,0.9733,0.9125,136,4.48,286.81633081262635,320.025,606.8413,463.4332,0.0917,0.7883,0.818,136,4.48,286.41663093958994,320.5227,606.9272,463.7249,0.0,1.3161,0.8758,136,4.48,286.21491385278915,320.4541,606.669,463.5615,0.0917,0.8278,0.7001,136,4.48
286.2268189988812,320.4416,606.6677,463.5546,0.0917,0.7531,0.7219,137,4.511666666666667,285.8574339804097,320.9192,606.7668,463.843,0.0,0.9833,0.877,137,4.511666666666667,287.003819697777,320.0278,607.0285,463.5281,0.0917,0.8044,0.8349,137,4.511666666666667,286.4099472043764,320.5267,606.9246,463.7256,0.0,1.2886,0.8748,137,4.511666666666667,286.20022473286343,320.4675,606.6677,463.5676,0.0833,0.9032,0.7219,137,4.511666666666667
286.2260675234875,320.4422,606.6676,463.5549,0.0917,0.7602,0.7219,138,4.545,285.85494433769185,320.92,606.7652,463.8426,0.0,0.974,0.8619,138,4.545,287.0037453450286,320.0277,607.0283,463.528,0.0917,0.8044,0.8411,138,4.545,286.40987249716716,320.5267,606.9245,463.7256,0.0,1.2887,0.8781,138,4.545,286.19937856692144,320.4682,606.6676,463.5679,0.0833,0.9033,0.7219,138,4.545
286.22749986547547,320.4414,606.6681,463.5547,0.0917,0.7625,0.7247,139,4.575,285.8568957030235,320.9187,606.7657,463.8422,0.0,0.9694,0.8713,139,4.575,287.03279098216024,320.0,607.0296,463.5148,0.0917,0.833,0.839,139,4.575,286.6351200842439,320.2951,606.9252,463.6101,0.0,1.1044,0.8779,139,4.575,286.20067318865034,320.4674,606.6681,463.5677,0.0833,0.8952,0.7247,139,4.575
286.2247486359523,320.4438,606.6677,463.5558,0.0917,0.7452,0.7061,140,4.608333333333333,285.85487423209975,320.9216,606.7663,463.8439,0.0,0.9552,0.8767,140,4.608333333333333,287.03118538307365,320.0013,607.0293,463.5153,0.0917,0.8325,0.8384,140,4.608333333333333,286.63456362243477,320.2959,606.9254,463.6107,0.0,1.1061,0.8773,140,4.608333333333333,286.2112012008192,320.4565,606.6677,463.5621,0.0917,0.83,0.7061,140,4.608333333333333
286.2297046434951,320.4399,606.6688,463.5544,0.0917,0.743,0.7175,141,4.641666666666667,285.8600870819222,320.9168,606.767,463.8419,0.0,1.001,0.8731,141,4.641666666666667,287.0127238077173,320.0198,607.0293,463.5245,0.0833,0.8124,0.8389,141,4.641666666666667,286.63543463891165,320.295,606.9254,463.6102,0.0,1.1244,0.8747,141,4.641666666666667,286.20308221877696,320.4658,606.6688,463.5673,0.0833,0.8874,0.7175,141,4.641666666666667
286.22846721354415,320.4417,606.6694,463.5556,0.0917,0.7485,0.7178,142,4.675000000000001,285.8592053515612,320.9183,606.7676,463.8429,0.0,1.0045,0.8779,142,4.675000000000001,286.84005517418154,320.0002,606.8403,463.4202,0.0917,0.8248,0.8435,142,4.675000000000001,286.6352583896827,320.2952,606.9255,463.6103,0.0,1.1244,0.8746,142,4.675000000000001,286.201894124153,320.4675,606.6694,463.5685,0.0833,0.8966,0.7178,142,4.675000000000001
286.22997893657123,320.4402,606.6694,463.5548,0.0917,0.7481,0.7179,143,4.708333333333334,285.8600352761222,320.9175,606.7676,463.8425,0.0,1.0073,0.8797,143,4.708333333333334,286.84069665003506,320.0001,606.8408,463.4204,0.0917,0.8242,0.8429,143,4.708333333333334,286.6358932627434,320.2951,606.9259,463.6105,0.0,1.1243,0.8723,143,4.708333333333334,286.2033975317445,320.466,606.6694,463.5677,0.0833,0.8902,0.7179,143,4.708333333333334
286.227230038108,320.4417,606.6682,463.5549,0.0917,0.747,0.7168,144,4.741666666666667,285.8573969648126,320.9191,606.7665,463.8428,0.0,1.0081,0.8738,144,4.741666666666667,287.0042282069393,320.028,607.029,463.5285,0.0917,0.8039,0.8476,144,4.741666666666667,286.4102641196996,320.5269,606.925,463.726,0.0,1.2877,0.8844,144,4.741666666666667,286.20067930872835,320.4675,606.6682,463.5678,0.0833,0.89,0.7168,144,4.741666666666667
286.22041640388005,320.4507,606.6704,463.5605,0.0917,0.7267,0.7267,145,4.775,285.8564676952685,320.9253,606.7719,463.8486,0.0,0.9945,0.8748,145,4.775,286.8205161537296,320.0243,606.8448,463.4346,0.0917,0.8009,0.8335,145,4.775,286.1854257126571,320.522,606.7004,463.6112,0.0,1.1398,0.9408,145,4.775,286.1806437191945,320.4898,606.6704,463.5801,0.0917,0.8949,0.7267,145,4.775
286.3048948101387,320.4434,606.7454,463.5944,0.0583,0.8797,0.8869,146,4.8133333333333335,285.5557170390189,321.1981,606.7483,463.9732,0.0,0.9132,0.9072,146,4.8133333333333335,286.950349154308,320.056,607.0041,463.53,0.075,0.7859,0.8171,146,4.8133333333333335,286.08285668432563,320.8384,606.9179,463.8781,0.0,1.0054,0.9487,146,4.8133333333333335,286.307966501729,320.4406,606.7454,463.593,0.0667,0.8326,0.8869,146,4.8133333333333335
286.30689932319353,320.4439,606.7477,463.5958,0.0583,0.8739,0.8809,147,4.845000000000001,285.5581884840767,321.1982,606.751,463.9746,0.0,0.8968,0.909,147,4.845000000000001,286.9511242325925,320.0565,607.0057,463.5311,0.075,0.7904,0.8178,147,4.845000000000001,286.08434390735226,320.8388,606.9198,463.8793,0.0,1.0016,0.9475,147,4.845000000000001,286.3101445447778,320.441,606.7477,463.5944,0.0667,0.8283,0.8809,147,4.845000000000001
286.30920887690854,320.4417,606.7477,463.5947,0.0583,0.8752,0.8834,148,4.875,285.5597851540118,321.1962,606.7505,463.9734,0.0,0.9109,0.9111,148,4.875,286.95316248464974,320.0544,607.0055,463.5299,0.075,0.8059,0.8179,148,4.875,286.0856850592397,320.8369,606.9191,463.878,0.0,1.0093,0.9475,148,4.875,286.31249146959556,320.4388,606.7477,463.5933,0.0667,0.8642,0.8834,148,4.875
286.3751480685427,320.442,606.8171,463.6295,0.075,0.873,0.8423,149,4.908333333333333,285.55626086811185,321.1968,606.7477,463.9722,0.0,0.9119,0.902,149,4.908333333333333,286.95497826297867,320.0534,607.0062,463.5298,0.075,0.7953,0.8295,149,4.908333333333333,286.08633414619305,320.8357,606.9187,463.8772,0.0,1.0258,0.9436,149,4.908333333333333,286.3370168939225,320.439,606.776,463.6075,0.075,0.8396,0.8236,149,4.908333333333333
286.30999080012975,320.4412,606.7477,463.5945,0.0583,0.8777,0.8719,150,4.941666666666667,285.5611957680543,321.1951,606.751,463.973,0.0,0.9256,0.9077,150,4.941666666666667,286.95439041860516,320.053,607.0053,463.5291,0.075,0.7919,0.8177,150,4.941666666666667,286.08729655460877,320.8356,606.9195,463.8775,0.0,1.0229,0.952,150,4.941666666666667,286.313402552787,320.4382,606.7477,463.593,0.0667,0.8959,0.8719,150,4.941666666666667
286.3127377748814,320.4439,606.7534,463.5986,0.0583,0.8828,0.8577,151,4.9750000000000005,285.5635663889574,321.1979,606.7559,463.9769,0.0,0.8906,0.9205,151,4.9750000000000005,286.9545816390098,320.0535,607.006,463.5298,0.075,0.7921,0.818,151,4.9750000000000005,286.0874480516741,320.8361,606.9201,463.8781,0.0,1.0229,0.9417,151,4.9750000000000005,286.3159473854144,320.441,606.7534,463.5972,0.0667,0.8513,0.8577,151,4.9750000000000005
286.3122074711437,320.4441,606.7531,463.5986,0.0583,0.8884,0.8562,152,5.011666666666667,285.563181878666,321.1982,606.7557,463.977,0.0,0.8929,0.9201,152,5.011666666666667,286.95384140332146,320.0539,607.0058,463.5299,0.075,0.7923,0.8182,152,5.011666666666667,286.0868035614004,320.8365,606.9199,463.8782,0.0,1.0223,0.9417,152,5.011666666666667,286.3153873291015,320.4413,606.7531,463.5972,0.0667,0.8771,0.8562,152,5.011666666666667
286.3101557783957,320.4458,606.7529,463.5994,0.0583,0.8652,0.8762,153,5.045,285.56136386544676,321.1999,606.7556,463.9777,0.0,0.8924,0.9172,153,5.045,286.95198915897856,320.0551,607.0051,463.5301,0.075,0.7899,0.8041,153,5.045,286.0850691613349,320.8376,606.9193,463.8785,0.0,1.0026,0.9415,153,5.045,286.3133149309213,320.4431,606.7529,463.598,0.0667,0.84,0.8762,153,5.045
286.3135652632998,320.4426,606.7531,463.5978,0.0583,0.877,0.8678,154,5.075,285.5636794483999,321.1969,606.7549,463.9759,0.0,0.8866,0.9168,154,5.075,286.9540751248858,320.0535,607.0056,463.5295,0.075,0.7992,0.8061,154,5.075,286.08594957042783,320.8361,606.9188,463.8775,0.0,1.0,0.9519,154,5.075,286.31709336785934,320.4395,606.7531,463.5963,0.0667,0.8744,0.8678,154,5.075
286.31414492387006,320.4416,606.7526,463.5971,0.0583,0.8669,0.87,155,5.111666666666667,285.56398803741445,321.1958,606.7543,463.9751,0.0,0.9113,0.9088,155,5.111666666666667,286.95145867048586,320.0549,607.0044,463.5296,0.075,0.7814,0.8055,155,5.111666666666667,286.0835323880374,320.8374,606.9177,463.8775,0.0,0.9957,0.9508,155,5.111666666666667,286.31775511281114,320.4385,606.7526,463.5955,0.0667,0.8484,0.87,155,5.111666666666667
286.1245230856555,320.4873,606.6103,463.5488,0.075,1.0016,0.8013,156,5.146666666666667,285.6372089051754,320.8488,606.4844,463.6666,0.0,0.8977,0.8996,156,5.146666666666667,286.9397754059362,320.0817,607.0202,463.551,0.075,0.9268,0.7477,156,5.146666666666667,286.20043796594496,320.4576,606.6581,463.5579,0.0,0.934,0.8822,156,5.146666666666667,286.22204737418497,320.4862,606.7065,463.5963,0.0583,1.0084,0.8101,156,5.146666666666667
286.11813847341824,320.495,606.6103,463.5527,0.075,1.0338,0.8048,157,5.178333333333334,285.8497867129533,320.8556,606.7053,463.7805,0.0,0.9103,0.861,157,5.178333333333334,286.940981490482,320.082,607.0219,463.5519,0.075,0.9258,0.7446,157,5.178333333333334,286.20112528976995,320.458,606.6591,463.5586,0.0,0.945,0.8908,157,5.178333333333334,286.1192045636266,320.4941,606.6103,463.5522,0.0917,1.0382,0.8048,157,5.178333333333334
286.22212761896094,320.4882,606.7076,463.5979,0.0417,1.0341,0.7877,158,5.213333333333334,285.86147761217,320.8496,606.7111,463.7804,0.0,0.9112,0.8645,158,5.213333333333334,286.93940475782415,320.0825,607.0207,463.5516,0.075,0.9193,0.7753,158,5.213333333333334,286.42856436161514,320.459,606.8852,463.6721,0.0,0.9525,0.875,158,5.213333333333334,286.22327598137383,320.4872,606.7076,463.5974,0.0583,1.0303,0.7877,158,5.213333333333334
286.1243449184004,320.49,606.6116,463.5508,0.075,1.0176,0.8186,159,5.245,285.85991017395577,320.8513,606.7112,463.7813,0.0,0.9043,0.8701,159,5.245,286.9387903357253,320.0835,607.0211,463.5523,0.075,0.9237,0.7753,159,5.245,286.42795373970756,320.4599,606.8856,463.6728,0.0,0.9537,0.8751,159,5.245,286.1255712366552,320.4889,606.6116,463.5503,0.0917,1.0217,0.8186,159,5.245
286.1177666335541,320.4893,606.6043,463.5468,0.075,1.0134,0.813,160,5.275,285.8533955516631,320.8506,606.704,463.7773,0.0,0.9044,0.8701,160,5.275,286.9403841784394,320.084,607.023,463.5535,0.075,0.9194,0.8064,160,5.275,286.42977086593714,320.4604,606.8878,463.6741,0.0,0.9531,0.8736,160,5.275,286.11899188347667,320.4882,606.6043,463.5463,0.0917,1.0241,0.813,160,5.275
286.1151078194197,320.4915,606.6037,463.5476,0.075,1.01,0.8197,161,5.316666666666667,285.85158892038476,320.8528,606.7044,463.7786,0.0,0.9125,0.8683,161,5.316666666666667,286.7056964063762,320.0867,606.7924,463.4395,0.075,0.9282,0.7324,161,5.316666666666667,286.42697165440717,320.463,606.8877,463.6753,0.0,0.9838,0.8736,161,5.316666666666667,286.11591460600664,320.4907,606.6037,463.5472,0.0917,1.0349,0.8197,161,5.316666666666667
286.1155198571837,320.491,606.6036,463.5473,0.075,1.0153,0.8156,162,5.345000000000001,285.85186148980665,320.8524,606.7042,463.7783,0.0,0.9315,0.8762,162,5.345000000000001,286.6736467079178,320.0862,606.7598,463.423,0.075,0.9221,0.7117,162,5.345000000000001,286.3945024195268,320.4625,606.8555,463.659,0.0,0.9554,0.8425,162,5.345000000000001,286.1159763395941,320.4906,606.6036,463.5471,0.0917,1.0359,0.8156,162,5.345000000000001
286.115089012545,320.4908,606.6032,463.547,0.075,1.0031,0.8141,163,5.375,285.8516528779916,320.8521,606.7037,463.7779,0.0,0.9278,0.8708,163,5.375,286.67364791470226,320.086,606.7597,463.4228,0.075,0.9241,0.7109,163,5.375,286.3944805516569,320.4623,606.8553,463.6588,0.0,0.9553,0.8446,163,5.375,286.11545396266354,320.4904,606.6032,463.5468,0.0917,1.0261,0.8141,163,5.375
286.1157602077488,320.4903,606.6033,463.5468,0.075,0.9993,0.8176,164,5.418333333333334,285.85229935232263,320.8516,606.7039,463.7777,0.0,0.9344,0.8708,164,5.418333333333334,286.6733147791286,320.0863,606.7596,463.423,0.075,0.922,0.7108,164,5.418333333333334,286.3941524322441,320.4626,606.8552,463.6589,0.0,0.9556,0.8445,164,5.418333333333334,286.11648883390194,320.4896,606.6033,463.5465,0.0917,1.0264,0.8176,164,5.418333333333334
286.1173906426109,320.4904,606.6051,463.5477,0.075,0.9996,0.8109,165,5.445,285.8540463925857,320.8517,606.7057,463.7787,0.0,0.9302,0.8669,165,5.445,286.70671746325365,320.086,606.7927,463.4394,0.075,0.9219,0.7189,165,5.445,286.4274960580019,320.4624,606.8876,463.675,0.0,0.9557,0.8645,165,5.445,286.11811852329157,320.4897,606.6051,463.5474,0.0917,1.0268,0.8109,165,5.445
286.2563433529215,320.4489,606.7017,463.5753,0.0417,0.8354,0.8098,166,5.4783333333333335,285.90637393504227,320.7988,606.7052,463.752,0.0,0.8311,0.9251,166,5.4783333333333335,286.8675975900032,320.0914,606.9587,463.525,0.075,0.8217,0.8726,166,5.4783333333333335,286.21840039552893,320.4295,606.6479,463.5387,0.0,0.8933,0.9685,166,5.4783333333333335,286.2992827401415,320.446,606.742,463.594,0.0583,0.769,0.8334,166,5.4783333333333335
286.2550345063979,320.4501,606.7018,463.576,0.0417,0.9277,0.8075,167,5.528333333333333,285.9052443656917,320.8,606.7052,463.7526,0.0,0.8267,0.9297,167,5.528333333333333,286.86643251178447,320.0934,606.9594,463.5264,0.075,0.8215,0.8721,167,5.528333333333333,286.21727276900555,320.4314,606.6487,463.54,0.0,0.8789,0.9751,167,5.528333333333333,286.29793966018576,320.4474,606.7421,463.5948,0.0583,0.9493,0.8267,167,5.528333333333333
286.2579539602957,320.4487,606.7032,463.576,0.0417,0.9264,0.8085,168,5.545,285.90734475912814,320.7987,606.7061,463.7524,0.0,0.8276,0.9363,168,5.545,286.8666400304329,320.093,606.9592,463.5261,0.075,0.8217,0.8714,168,5.545,286.2170305721489,320.4311,606.6481,463.5396,0.0,0.8778,0.9754,168,5.545,286.3009772680416,320.4459,606.7436,463.5947,0.0583,0.9389,0.8307,168,5.545
286.2530405408868,320.4489,606.6982,463.5735,0.0417,0.9383,0.7918,169,5.575,285.90149823258696,320.7997,606.7012,463.7504,0.0,0.8591,0.9391,169,5.575,286.8629316847031,320.093,606.9557,463.5244,0.075,0.8216,0.8452,169,5.575,286.21571831689397,320.4318,606.6475,463.5397,0.0,0.8734,0.9727,169,5.575,286.29598701952284,320.4459,606.7385,463.5922,0.0583,0.9709,0.8195,169,5.575
286.2572900724805,320.4489,606.7028,463.5759,0.0417,0.9279,0.805,170,5.62,285.90756277561593,320.799,606.7065,463.7527,0.0,0.8381,0.9312,170,5.62,286.86940435361566,320.09,606.9592,463.5246,0.075,0.8482,0.8588,170,5.62,286.22101493328285,320.4283,606.6494,463.5388,0.0,0.8493,0.9843,170,5.62,286.30041141771414,320.4462,606.7431,463.5946,0.0583,0.9516,0.8301,170,5.62
286.2581132493936,320.449,606.7037,463.5763,0.0417,0.917,0.7981,171,5.645000000000001,285.9082291093413,320.799,606.7072,463.7531,0.0,0.8354,0.9315,171,5.645000000000001,286.85463230117597,320.0883,606.9425,463.5154,0.0583,0.8483,0.8353,171,5.645000000000001,286.322814157784,320.4268,606.7496,463.5882,0.0,0.8662,0.9171,171,5.645000000000001,286.3012590943729,320.4462,606.744,463.5951,0.0583,0.9347,0.828,171,5.645000000000001
286.25770392534935,320.4493,606.7035,463.5764,0.0417,0.8985,0.8039,172,5.675000000000001,285.9069266841153,320.7993,606.7062,463.7527,0.0,0.8367,0.9319,172,5.675000000000001,286.8527141718125,320.0906,606.9428,463.5167,0.0583,0.8485,0.8373,172,5.675000000000001,286.3204495187185,320.4288,606.7493,463.589,0.0,0.8675,0.9168,172,5.675000000000001,286.30073720071687,320.4465,606.7439,463.5952,0.0583,0.8963,0.8284,172,5.675000000000001
286.25623066393,320.4498,606.7026,463.5762,0.0417,0.9015,0.7924,173,5.71,285.90540211427503,320.7996,606.705,463.7523,0.0,0.8275,0.9309,173,5.71,286.8497971863612,320.0924,606.9416,463.517,0.0583,0.8233,0.8374,173,5.71,286.3170601366171,320.4304,606.7474,463.5889,0.0,0.8798,0.9169,173,5.71,286.2992070694945,320.447,606.7429,463.5949,0.0583,0.8932,0.824,173,5.71
286.25494888930075,320.45,606.7005,463.5753,0.0417,0.9475,0.7852,174,5.741666666666667,285.9060463250366,320.7992,606.7053,463.7522,0.0,0.8844,0.9022,174,5.741666666666667,286.860495030894,320.0853,606.9454,463.5154,0.0583,0.8029,0.8344,174,5.741666666666667,286.3284735591808,320.4252,606.7537,463.5895,0.0,0.8894,0.9051,174,5.741666666666667,286.2975055891936,320.4469,606.7407,463.5938,0.0583,0.8859,0.816,174,5.741666666666667
286.2561609729622,320.4499,606.7017,463.5758,0.0417,0.9418,0.7858,175,5.776666666666667,285.9072100657032,320.7991,606.7063,463.7527,0.0,0.8846,0.9021,175,5.776666666666667,286.86054836260064,320.0853,606.9455,463.5154,0.0583,0.8029,0.8343,175,5.776666666666667,286.3285255665555,320.4252,606.7537,463.5895,0.0,0.8894,0.9051,175,5.776666666666667,286.2987780727034,320.4467,606.7419,463.5943,0.0583,0.8826,0.8163,175,5.776666666666667
286.2253658090901,320.4624,606.6858,463.5741,0.0667,0.9598,0.6766,176,5.825,285.9517992655859,320.8228,606.7746,463.7987,0.0,0.9296,0.8049,176,5.825,286.70489918710393,320.1471,606.852,463.4996,0.0833,0.7893,0.6915,176,5.825,286.48741968862805,320.4495,606.9351,463.6923,0.0,0.8796,0.8489,176,5.825,286.28486464504203,320.4466,606.731,463.5888,0.0917,0.9857,0.676,176,5.825
286.2397327378284,320.4636,606.7033,463.5835,0.0583,0.9709,0.6943,177,5.845000000000001,285.9513658054221,320.824,606.7754,463.7997,0.0,0.8957,0.8147,177,5.845000000000001,286.70746166385015,320.1455,606.8529,463.4992,0.0833,0.8135,0.7146,177,5.845000000000001,286.48987773395345,320.448,606.9361,463.692,0.0,0.8803,0.8486,177,5.845000000000001,286.28437264623346,320.4479,606.7318,463.5899,0.0917,0.9648,0.6749,177,5.845000000000001
286.23240215549174,320.4681,606.7005,463.5843,0.0583,0.9769,0.6905,178,5.875,285.94564472366574,320.8277,606.7734,463.8006,0.0,0.8827,0.811,178,5.875,286.70439097407973,320.1473,606.8517,463.4995,0.0833,0.7984,0.7025,178,5.875,286.4898451005726,320.4483,606.9361,463.6922,0.0,0.911,0.8391,178,5.875,286.2338920644215,320.4517,606.6838,463.5678,0.0833,0.9808,0.6754,178,5.875
286.2193311019435,320.4682,606.6854,463.5768,0.0667,0.9706,0.6681,179,5.908333333333334,285.945918143786,320.8286,606.7746,463.8016,0.0,0.929,0.8231,179,5.908333333333334,286.70435881108267,320.1474,606.8518,463.4996,0.0833,0.8091,0.7145,179,5.908333333333334,286.4868719369413,320.4501,606.9352,463.6926,0.0,0.9386,0.8476,179,5.908333333333334,286.27937720855994,320.452,606.7308,463.5914,0.0917,0.9943,0.6601,179,5.908333333333334
286.22221560695357,320.466,606.6862,463.5761,0.0667,0.973,0.6691,180,5.941666666666667,285.9486924561521,320.8266,606.7753,463.8009,0.0,0.909,0.8165,180,5.941666666666667,286.7049685592661,320.1468,606.8518,463.4993,0.0833,0.7966,0.7115,180,5.941666666666667,286.4865709096587,320.4495,606.9343,463.6919,0.0,0.9374,0.8488,180,5.941666666666667,286.2820975799641,320.4498,606.7313,463.5906,0.0917,0.9495,0.6605,180,5.941666666666667
286.22151923932927,320.4662,606.6856,463.5759,0.0667,0.9944,0.6698,181,5.9750000000000005,285.9481808550988,320.8267,606.7749,463.8008,0.0,0.9325,0.817,181,5.9750000000000005,286.7054161013716,320.146,606.8514,463.4987,0.0833,0.8009,0.7144,181,5.9750000000000005,286.48729349550695,320.4485,606.934,463.6912,0.0,0.9349,0.8483,181,5.9750000000000005,286.2813876614006,320.45,606.7307,463.5904,0.0917,0.957,0.6725,181,5.9750000000000005
286.23902992069304,320.4623,606.7013,463.5818,0.0583,0.996,0.6937,182,6.011666666666667,285.95117449209306,320.8227,606.7739,463.7983,0.0,0.9233,0.8222,182,6.011666666666667,286.7055735912636,320.1458,606.8514,463.4986,0.0833,0.7998,0.7108,182,6.011666666666667,286.48809153081214,320.4481,606.9345,463.6913,0.0,0.924,0.8504,182,6.011666666666667,286.28447081728723,320.4457,606.7295,463.5876,0.0917,0.9917,0.6581,182,6.011666666666667
286.22547665020164,320.4622,606.6856,463.5739,0.0667,1.0066,0.6779,183,6.041666666666667,285.95221951024604,320.8227,606.775,463.7989,0.0,0.9215,0.8195,183,6.041666666666667,286.70507182853845,320.1466,606.8517,463.4991,0.0833,0.8096,0.7076,183,6.041666666666667,286.486993399423,320.449,606.9343,463.6916,0.0,0.9267,0.8603,183,6.041666666666667,286.2419013994951,320.4458,606.6856,463.5657,0.0833,1.0106,0.6779,183,6.041666666666667
286.22383515277284,320.464,606.6857,463.5749,0.0667,0.988,0.6826,184,6.075,285.95026950006854,320.8247,606.7749,463.7998,0.0,0.9241,0.8162,184,6.075,286.7045347341887,320.1468,606.8514,463.4991,0.0833,0.8098,0.7065,184,6.075,286.4863243973697,320.4494,606.934,463.6917,0.0,0.9264,0.8612,184,6.075,286.2403368205372,320.4475,606.6857,463.5666,0.0833,1.0136,0.6826,184,6.075
286.22456205335084,320.4633,606.6858,463.5746,0.0667,0.99,0.678,185,6.11,285.95134402668884,320.8238,606.7752,463.7995,0.0,0.9225,0.8193,185,6.11,286.70522560292795,320.1463,606.8515,463.4989,0.0833,0.81,0.7069,185,6.11,286.48696961740745,320.4489,606.9341,463.6915,0.0,0.9267,0.8609,185,6.11,286.24097423103103,320.4469,606.6858,463.5664,0.0833,1.0109,0.678,185,6.11
286.19052403561943,320.4943,606.6849,463.5896,0.0667,0.8763,0.7495,186,6.148333333333333,285.80668949054314,320.9581,606.7601,463.8591,0.0,1.0086,0.8476,186,6.148333333333333,286.78062745844665,320.0538,606.8344,463.4441,0.075,0.865,0.735,186,6.148333333333333,286.3805442647627,320.5446,606.9226,463.7336,0.0,1.0274,0.8386,186,6.148333333333333,286.19326303715064,320.4916,606.6849,463.5882,0.075,0.9454,0.7495,186,6.148333333333333
286.1848062403567,320.4981,606.6829,463.5905,0.0667,0.9345,0.7246,187,6.178333333333334,285.80239285253583,320.9615,606.7592,463.8603,0.0,0.9514,0.8481,187,6.178333333333334,286.78124164684755,320.0518,606.833,463.4424,0.075,0.8557,0.7286,187,6.178333333333334,286.38263025665094,320.5427,606.9227,463.7327,0.0,1.0512,0.8485,187,6.178333333333334,286.1875816287193,320.4953,606.6829,463.5891,0.075,0.9509,0.7246,187,6.178333333333334
286.1862839890307,320.4969,606.6832,463.59,0.0667,0.9324,0.7271,188,6.208333333333334,285.80371365226836,320.9605,606.7595,463.86,0.0,0.9569,0.8526,188,6.208333333333334,286.7816307574009,320.0515,606.8331,463.4423,0.075,0.8557,0.729,188,6.208333333333334,286.3830070910991,320.5424,606.9228,463.7326,0.0,1.0511,0.8484,188,6.208333333333334,286.1889472988537,320.4942,606.6832,463.5887,0.075,0.9489,0.7271,188,6.208333333333334
286.18464876093077,320.4976,606.6822,463.5899,0.0667,0.9306,0.7344,189,6.241666666666667,285.8019433106174,320.9611,606.7584,463.8598,0.0,0.9576,0.8491,189,6.241666666666667,286.78245787293247,320.05,606.8325,463.4413,0.075,0.8548,0.7294,189,6.241666666666667,286.3837470673295,320.541,606.9222,463.7316,0.0,1.0452,0.8489,189,6.241666666666667,286.1873340731199,320.4949,606.6822,463.5886,0.075,0.9483,0.7344,189,6.241666666666667
286.18731975355337,320.494,606.6813,463.5876,0.0667,0.9431,0.7409,190,6.275,285.80429605974547,320.9578,606.7575,463.8577,0.0,0.9513,0.8526,190,6.275,286.78197448033507,320.0496,606.8316,463.4406,0.075,0.8456,0.7321,190,6.275,286.3832088820888,320.5407,606.9213,463.731,0.0,1.0689,0.8496,190,6.275,286.1900043302094,320.4913,606.6813,463.5863,0.075,0.954,0.7409,190,6.275
286.1858016369789,320.4948,606.6806,463.5877,0.0667,0.9231,0.7393,191,6.308333333333334,285.80290030164457,320.9587,606.7569,463.8578,0.0,0.9476,0.8505,191,6.308333333333334,286.7834428335376,320.048,606.8314,463.4397,0.075,0.8558,0.7435,191,6.308333333333334,286.3847219873055,320.5391,606.9212,463.7302,0.0,1.0672,0.8486,191,6.308333333333334,286.18849262205583,320.4921,606.6806,463.5864,0.075,0.9509,0.7393,191,6.308333333333334
286.1837922179758,320.496,606.6798,463.5879,0.0667,0.9285,0.7386,192,6.341666666666667,285.8010236922181,320.9599,606.7562,463.8581,0.0,0.9667,0.8511,192,6.341666666666667,286.7828517713285,320.0486,606.8314,463.44,0.075,0.8558,0.7379,192,6.341666666666667,286.3841804159905,320.5397,606.9212,463.7304,0.0,1.081,0.8484,192,6.341666666666667,286.18641266022496,320.4933,606.6798,463.5865,0.075,0.9434,0.7386,192,6.341666666666667
286.1866214273847,320.4953,606.6819,463.5886,0.0667,0.9356,0.7376,193,6.375,285.8035443415307,320.9593,606.7581,463.8587,0.0,0.9667,0.8524,193,6.375,286.7839615513739,320.0483,606.8322,463.4402,0.075,0.8556,0.7387,193,6.375,286.3852750583033,320.5394,606.922,463.7307,0.0,1.0804,0.8479,193,6.375,286.1892509207222,320.4927,606.6819,463.5873,0.075,0.947,0.7376,193,6.375
286.1862800284161,320.4948,606.6811,463.5879,0.0667,0.9294,0.7368,194,6.408333333333334,285.80360305594064,320.9587,606.7576,463.8581,0.0,0.9605,0.8526,194,6.408333333333334,286.78287654096357,320.0488,606.8317,463.4402,0.075,0.8551,0.7388,194,6.408333333333334,286.3842035317909,320.5399,606.9215,463.7307,0.0,1.0827,0.8483,194,6.408333333333334,286.1889176352428,320.4922,606.6811,463.5866,0.075,0.9492,0.7368,194,6.408333333333334
286.1839516217015,320.4969,606.6808,463.5889,0.0667,0.934,0.7372,195,6.443333333333333,285.8011602109886,320.9609,606.7572,463.8591,0.0,0.9695,0.8523,195,6.443333333333333,286.7828892101378,320.0487,606.8316,463.4402,0.075,0.8553,0.7388,195,6.443333333333333,286.38421340900413,320.5398,606.9214,463.7306,0.0,1.0826,0.8484,195,6.443333333333333,286.1864556777198,320.4944,606.6808,463.5876,0.075,0.9487,0.7372,195,6.443333333333333
286.1832104082996,320.4835,606.6667,463.5751,0.0917,0.8507,0.7191,196,6.481666666666667,285.5978764260388,321.1626,606.7555,463.9591,0.0,1.0766,0.8387,196,6.481666666666667,286.820521370719,320.0259,606.8465,463.4362,0.0917,0.8394,0.7385,196,6.481666666666667,286.22387472873004,320.7108,606.9282,463.8195,0.0,1.1504,0.8355,196,6.481666666666667,286.17264551088164,320.4943,606.6667,463.5805,0.0917,0.9488,0.7191,196,6.481666666666667
286.1832586269951,320.4843,606.6676,463.576,0.0917,0.8608,0.7136,197,6.511666666666667,285.59773260144004,321.1641,606.7566,463.9603,0.0,1.0902,0.8351,197,6.511666666666667,286.8223703185838,320.0273,606.8497,463.4385,0.0917,0.8449,0.7414,197,6.511666666666667,286.22577347052254,320.7122,606.9314,463.8218,0.0,1.152,0.8354,197,6.511666666666667,286.17238733521697,320.4952,606.6676,463.5814,0.0917,0.9453,0.7136,197,6.511666666666667
286.1854208753936,320.4844,606.6698,463.5771,0.0917,0.8421,0.7341,198,6.545000000000001,285.59954111877863,321.1634,606.7577,463.9606,0.0,1.0994,0.8235,198,6.545000000000001,286.82167977975246,320.0282,606.8499,463.439,0.0917,0.8401,0.7359,198,6.545000000000001,286.22462297623986,320.7129,606.9309,463.8219,0.0,1.1616,0.8398,198,6.545000000000001,286.1741700435116,320.4956,606.6698,463.5827,0.0917,0.9632,0.7341,198,6.545000000000001
286.2304927650906,320.4826,606.7131,463.5979,0.1,0.8641,0.7082,199,6.578333333333334,285.6008828898772,321.1621,606.758,463.9601,0.0,1.0832,0.8318,199,6.578333333333334,286.82476232114334,320.025,606.8497,463.4374,0.0917,0.8243,0.7327,199,6.578333333333334,286.2279677487372,320.7101,606.9314,463.8208,0.0,1.1545,0.8355,199,6.578333333333334,286.1754950627189,320.4937,606.669,463.5814,0.0917,0.9558,0.7162,199,6.578333333333334
286.1849010187274,320.4829,606.6678,463.5754,0.0917,0.8627,0.7156,200,6.608333333333333,285.5991802351497,321.1624,606.7567,463.9595,0.0,1.0829,0.8377,200,6.608333333333333,286.8243545439965,320.0252,606.8495,463.4374,0.0917,0.8242,0.7323,200,6.608333333333333,286.22758118098386,320.7103,606.9312,463.8208,0.0,1.1541,0.8354,200,6.608333333333333,286.173996279918,320.494,606.6678,463.5809,0.0917,0.9415,0.7156,200,6.608333333333333
286.2308680895195,320.482,606.7128,463.5974,0.1,0.8573,0.7077,201,6.646666666666667,285.6010035092444,321.1618,606.7576,463.9597,0.0,1.084,0.8281,201,6.646666666666667,286.8257218308901,320.0248,606.8505,463.4376,0.0917,0.8398,0.7364,201,6.646666666666667,286.2288952396327,320.71,606.9322,463.8211,0.0,1.1545,0.8354,201,6.646666666666667,286.17609131906755,320.4926,606.6687,463.5807,0.0917,0.9466,0.7191,201,6.646666666666667
286.23295280898935,320.4806,606.7136,463.5971,0.1,0.9069,0.7031,202,6.678333333333334,285.60281453916696,321.1606,606.7583,463.9594,0.0,1.0799,0.8358,202,6.678333333333334,286.8273279318138,320.0251,606.8525,463.4388,0.0917,0.8398,0.7431,202,6.678333333333334,286.2304919013388,320.7104,606.9342,463.8223,0.0,1.1551,0.8303,202,6.678333333333334,286.17811017228445,320.4913,606.6694,463.5804,0.0917,0.9433,0.7213,202,6.678333333333334
286.22867252853047,320.4831,606.7117,463.5974,0.1,0.8678,0.6803,203,6.708333333333334,285.60375411831285,321.1602,606.7578,463.959,0.0,1.067,0.8317,203,6.708333333333334,286.80986647235886,320.0431,606.853,463.448,0.0833,0.8665,0.7389,203,6.708333333333334,286.2074415864124,320.7391,606.9388,463.839,0.0,1.1834,0.8349,203,6.708333333333334,286.1742816450645,320.4931,606.6674,463.5802,0.0917,0.9483,0.7104,203,6.708333333333334
286.18942165058843,320.4796,606.669,463.5743,0.0917,0.8637,0.7092,204,6.75,285.60807164539295,321.1567,606.7589,463.9578,0.0,1.0705,0.8285,204,6.75,286.8099465416934,320.0441,606.854,463.4491,0.0833,0.8694,0.7353,204,6.75,286.20717990044034,320.74,606.9395,463.8398,0.0,1.1626,0.8388,204,6.75,286.17836429512204,320.4906,606.669,463.5798,0.0917,0.9452,0.7092,204,6.75
286.23523410505345,320.4775,606.7127,463.5951,0.1,0.8677,0.6741,205,6.778333333333334,285.609412020616,321.1546,606.7583,463.9565,0.0,1.0715,0.8333,205,6.778333333333334,286.8101146623367,320.0437,606.8538,463.4488,0.0833,0.8683,0.7288,205,6.778333333333334,286.2072980085451,320.7398,606.9393,463.8395,0.0,1.1423,0.8434,205,6.778333333333334,286.18028840133854,320.488,606.6683,463.5782,0.0917,0.9865,0.709,205,6.778333333333334
286.16066360701143,320.472,606.6307,463.5513,0.0833,1.0161,0.6574,206,6.811666666666668,285.7399439645782,321.0316,606.7716,463.9016,0.0,0.8074,0.8672,206,6.811666666666668,286.77093764615165,320.0373,606.8082,463.4227,0.0917,0.7834,0.6806,206,6.811666666666668,286.22814835126593,320.6309,606.8583,463.7446,0.0,0.7426,0.806,206,6.811666666666668,286.16351285995006,320.4695,606.6307,463.5501,0.0917,1.032,0.6574,206,6.811666666666668
286.1595108013802,320.475,606.6328,463.5539,0.0833,0.9838,0.6661,207,6.8533333333333335,285.7387569729324,321.0348,606.7736,463.9042,0.0,0.8145,0.8707,207,6.8533333333333335,286.7736787755398,320.0363,606.81,463.4232,0.0917,0.7775,0.6822,207,6.8533333333333335,286.2306056342854,320.6302,606.86,463.7451,0.0,0.7467,0.8236,207,6.8533333333333335,286.1622714962079,320.4726,606.6328,463.5527,0.0917,1.0148,0.6661,207,6.8533333333333335
286.12868911008957,320.5091,606.6342,463.5716,0.0917,0.9504,0.6653,208,6.878333333333334,285.74811681122344,321.0275,606.7756,463.9016,0.0,0.8224,0.8591,208,6.878333333333334,286.7753802825413,320.0335,606.8089,463.4212,0.0917,0.7973,0.6748,208,6.878333333333334,286.2331049915203,320.6277,606.8598,463.7438,0.0,0.7344,0.7988,208,6.878333333333334,286.17159528280627,320.4651,606.6342,463.5497,0.0917,1.0275,0.6653,208,6.878333333333334
286.1288519297409,320.508,606.6334,463.5707,0.0917,0.9364,0.6626,209,6.911666666666667,285.7483561861951,321.0266,606.7749,463.9008,0.0,0.8259,0.8667,209,6.911666666666667,286.7745779276669,320.0349,606.8095,463.4222,0.0917,0.7972,0.6747,209,6.911666666666667,286.23232045030693,320.629,606.8603,463.7447,0.0,0.7328,0.8106,209,6.911666666666667,286.1717954063552,320.464,606.6334,463.5487,0.0917,1.0154,0.6626,209,6.911666666666667
286.16769110779455,320.4662,606.6319,463.5491,0.0833,0.9756,0.6742,210,6.95,285.7470843141241,321.0263,606.7734,463.8999,0.0,0.8344,0.8642,210,6.95,286.7709643131492,320.0356,606.8065,463.4211,0.0917,0.7968,0.6942,210,6.95,286.2292733070884,320.6296,606.8579,463.7437,0.0,0.7323,0.8213,210,6.95,286.170627844952,320.4636,606.6319,463.5478,0.0917,0.9856,0.6742,210,6.95
286.1625300102402,320.4713,606.6317,463.5515,0.0833,0.9889,0.6659,211,6.9783333333333335,285.742306702221,321.0309,606.7732,463.902,0.0,0.8267,0.8567,211,6.9783333333333335,286.7671352481759,320.038,606.8052,463.4216,0.0917,0.7932,0.6839,211,6.9783333333333335,286.2259470588775,320.6317,606.8568,463.7442,0.0,0.7389,0.8051,211,6.9783333333333335,286.16525675985565,320.4689,606.6317,463.5503,0.0917,1.0101,0.6659,211,6.9783333333333335
286.125368873739,320.5096,606.6315,463.5706,0.0917,0.9446,0.6684,212,7.011666666666667,285.7448731060566,321.0281,606.773,463.9005,0.0,0.8218,0.8656,212,7.011666666666667,286.76877787241057,320.0365,606.8052,463.4208,0.0917,0.7971,0.6939,212,7.011666666666667,286.2272035241691,320.6303,606.8566,463.7435,0.0,0.7368,0.8216,212,7.011666666666667,286.1681446650101,320.4658,606.6315,463.5487,0.0917,0.9755,0.6684,212,7.011666666666667
286.12475705152235,320.5098,606.6311,463.5705,0.0917,0.9464,0.667,213,7.053333333333334,285.7438646579943,321.0283,606.7722,463.9003,0.0,0.8184,0.8471,213,7.053333333333334,286.7664845698131,320.0375,606.8039,463.4207,0.0917,0.7971,0.6924,213,7.053333333333334,286.22492959113373,320.6314,606.8553,463.7434,0.0,0.7357,0.821,213,7.053333333333334,286.16760443015437,320.4659,606.6311,463.5485,0.0917,0.9882,0.667,213,7.053333333333334
286.12569128347684,320.5095,606.6318,463.5707,0.0917,0.9419,0.6757,214,7.078333333333334,285.7449554704937,321.028,606.773,463.9005,0.0,0.8072,0.8574,214,7.078333333333334,286.768805096331,320.0373,606.8061,463.4217,0.0917,0.7966,0.6927,214,7.078333333333334,286.22714674434235,320.6311,606.8574,463.7443,0.0,0.7344,0.8213,214,7.078333333333334,286.16849618898675,320.4656,606.6318,463.5487,0.0917,0.9793,0.6757,214,7.078333333333334
286.1266469813523,320.5089,606.6321,463.5705,0.0917,0.9411,0.6682,215,7.108333333333333,285.74613986117186,321.0275,606.7736,463.9005,0.0,0.809,0.8494,215,7.108333333333333,286.76951877424517,320.0359,606.8054,463.4207,0.0917,0.7967,0.6919,215,7.108333333333333,286.2276462199478,320.6298,606.8566,463.7432,0.0,0.7348,0.8211,215,7.108333333333333,286.1693918583106,320.4651,606.6321,463.5486,0.0917,0.9946,0.6682,215,7.108333333333333
286.33019650766454,320.5138,606.844,463.6789,0.0917,0.8495,0.7615,216,7.156666666666667,285.5728915130994,321.1704,606.7199,463.9451,0.0,1.5914,0.9008,216,7.156666666666667,286.9591057048411,320.1154,607.0703,463.5928,0.0833,0.9344,0.7625,216,7.156666666666667,286.27148152748737,320.8169,607.0386,463.9277,0.0,1.4445,0.8795,216,7.156666666666667,286.2678118464652,320.5125,606.7802,463.6463,0.0833,0.8319,0.7983,216,7.156666666666667
286.33006088012655,320.5148,606.8449,463.6799,0.0917,0.8413,0.7622,217,7.178333333333334,285.57285756145865,321.1712,606.7207,463.9459,0.0,1.5867,0.9059,217,7.178333333333334,286.9590107675483,320.1157,607.0705,463.5931,0.0833,0.9343,0.7627,217,7.178333333333334,286.2713678267704,320.8172,607.0388,463.928,0.0,1.445,0.8797,217,7.178333333333334,286.33145588090974,320.5135,606.8449,463.6792,0.1,0.8198,0.7622,217,7.178333333333334
286.19844876742104,320.5151,606.7135,463.6143,0.0583,0.836,0.8382,218,7.208333333333334,285.5729415810591,321.1714,606.7211,463.9463,0.0,1.5777,0.9094,218,7.208333333333334,286.9589166818188,320.1171,607.0718,463.5944,0.0833,0.9343,0.7778,218,7.208333333333334,286.2712231788538,320.8184,607.0399,463.9292,0.0,1.4437,0.877,218,7.208333333333334,286.33173426822736,320.5137,606.8454,463.6795,0.1,0.8076,0.767,218,7.208333333333334
286.3314788028538,320.5158,606.8473,463.6815,0.0917,0.8283,0.7861,219,7.241666666666667,285.5737401040078,321.1737,606.7241,463.9489,0.0,1.509,0.906,219,7.241666666666667,286.9595493060544,320.1193,607.0747,463.597,0.0833,0.9391,0.7928,219,7.241666666666667,286.2716967682195,320.8208,607.043,463.9319,0.0,1.4164,0.8779,219,7.241666666666667,286.3326146176388,320.5147,606.8473,463.681,0.1,0.8154,0.7861,219,7.241666666666667
286.2987039473111,320.515,606.8137,463.6644,0.0833,0.8565,0.7622,220,7.275,285.5739432003751,321.1714,606.7222,463.9468,0.0,1.5702,0.9062,220,7.275,286.96141451219034,320.1149,607.0722,463.5935,0.0833,0.9403,0.7814,220,7.275,286.2736959230654,320.8165,607.0405,463.9285,0.0,1.4313,0.8656,220,7.275,286.33276817888,320.5138,606.8465,463.6801,0.1,0.8481,0.7738,220,7.275
286.29996979213746,320.5141,606.8141,463.6641,0.0833,0.8572,0.7625,221,7.308333333333334,285.5749635463733,321.1707,606.7225,463.9466,0.0,1.57,0.9059,221,7.308333333333334,286.9615875912307,320.1147,607.0722,463.5934,0.0833,0.9458,0.7814,221,7.308333333333334,286.27386852085266,320.8163,607.0405,463.9284,0.0,1.4311,0.8656,221,7.308333333333334,286.33408868945105,320.5128,606.8469,463.6798,0.1,0.8488,0.7749,221,7.308333333333334
286.29951177302183,320.5141,606.8136,463.6638,0.0833,0.8626,0.7714,222,7.341666666666667,285.5745302676744,321.1707,606.7221,463.9464,0.0,1.5701,0.9063,222,7.341666666666667,286.9956084440084,320.1144,607.1052,463.6098,0.0917,0.9464,0.709,222,7.341666666666667,286.272712283794,320.8159,607.039,463.9275,0.0,1.4317,0.8645,222,7.341666666666667,286.33360771021927,320.5128,606.8464,463.6796,0.1,0.8488,0.7735,222,7.341666666666667
286.29756892362184,320.516,606.8135,463.6647,0.0833,0.8631,0.7684,223,7.375000000000001,285.5728015555052,321.1722,606.722,463.9471,0.0,1.5911,0.9074,223,7.375000000000001,286.9937925709173,320.1162,607.1052,463.6107,0.0917,0.935,0.7376,223,7.375000000000001,286.2707778251904,320.8175,607.0388,463.9282,0.0,1.4339,0.8824,223,7.375000000000001,286.331651865802,320.5147,606.8463,463.6805,0.1,0.859,0.7701,223,7.375000000000001
286.3305138400798,320.5137,606.8442,463.6789,0.0917,0.8532,0.7606,224,7.408333333333334,285.5738961414655,321.1703,606.7209,463.9456,0.0,1.5727,0.9081,224,7.408333333333334,286.99330166463966,320.1152,607.1038,463.6095,0.0917,0.9639,0.73,224,7.408333333333334,286.2710365312032,320.8167,607.0382,463.9275,0.0,1.4323,0.8824,224,7.408333333333334,286.2007964067912,320.5123,606.7131,463.6127,0.0667,0.8539,0.8313,224,7.408333333333334
286.3286923757718,320.5146,606.8433,463.6789,0.0917,0.855,0.7594,225,7.441666666666667,285.5717103564758,321.1716,606.7199,463.9457,0.0,1.5734,0.9077,225,7.441666666666667,286.9899664357573,320.1171,607.1024,463.6098,0.0917,0.9655,0.7288,225,7.441666666666667,286.2680507677144,320.8185,607.0371,463.9278,0.0,1.4334,0.8818,225,7.441666666666667,286.1989815663502,320.5133,606.7123,463.6128,0.0667,0.8529,0.8331,225,7.441666666666667
286.1859972056619,320.461,606.647,463.554,0.0667,0.7591,0.8153,226,7.481666666666667,285.5161020138487,321.1372,606.6531,463.8952,0.0,1.1994,0.8682,226,7.481666666666667,286.86515095155164,320.0784,606.9435,463.5109,0.0667,0.7924,0.8181,226,7.481666666666667,286.125250109065,320.7721,606.892,463.8321,0.0,1.2016,0.8654,226,7.481666666666667,286.18129168603167,320.4657,606.647,463.5563,0.0833,0.7832,0.8153,226,7.481666666666667
286.1904542178046,320.4576,606.648,463.5528,0.0667,0.8097,0.8059,227,7.511666666666667,285.5206847394047,321.1339,606.6544,463.8941,0.0,1.2307,0.8689,227,7.511666666666667,286.86532287598766,320.0788,606.9441,463.5115,0.0667,0.8016,0.8184,227,7.511666666666667,286.1253949722194,320.7726,606.8926,463.8326,0.0,1.2024,0.8653,227,7.511666666666667,286.18582817836227,320.4622,606.648,463.5551,0.0833,0.7901,0.8059,227,7.511666666666667
286.19197198071026,320.456,606.648,463.552,0.0667,0.769,0.8796,228,7.545000000000001,285.52136891485776,321.1335,606.6543,463.8939,0.0,1.192,0.8629,228,7.545000000000001,286.8987083982228,320.0805,606.9792,463.5298,0.075,0.774,0.7921,228,7.545000000000001,286.1206618771203,320.7745,606.8897,463.8321,0.0,1.2179,0.8675,228,7.545000000000001,286.1870675426811,320.4609,606.648,463.5545,0.0833,0.8193,0.8796,228,7.545000000000001
286.19200834147495,320.4554,606.6475,463.5515,0.0667,0.7816,0.8779,229,7.578333333333334,285.5209707376856,321.1328,606.6534,463.8931,0.0,1.191,0.8665,229,7.578333333333334,286.89890721003786,320.0805,606.9794,463.5299,0.075,0.774,0.7929,229,7.578333333333334,286.120408648227,320.7745,606.8895,463.832,0.0,1.2179,0.8674,229,7.578333333333334,286.1870133105068,320.4604,606.6475,463.554,0.0833,0.819,0.8779,229,7.578333333333334
286.19060203334755,320.4566,606.6472,463.5519,0.0667,0.7644,0.8702,230,7.608333333333333,285.5196206256901,321.1341,606.6532,463.8937,0.0,1.2123,0.8628,230,7.608333333333333,286.8986383759362,320.0809,606.9795,463.5302,0.075,0.7825,0.7941,230,7.608333333333333,286.12016981000585,320.7749,606.8896,463.8323,0.0,1.2164,0.8677,230,7.608333333333333,286.1857656887249,320.4615,606.6472,463.5544,0.0833,0.8193,0.8702,230,7.608333333333333
286.1865330520965,320.4603,606.6469,463.5536,0.0667,0.7668,0.8775,231,7.6416666666666675,285.51693194460427,321.1362,606.6528,463.8945,0.0,1.2424,0.8647,231,7.6416666666666675,286.897532174916,320.0812,606.9787,463.53,0.075,0.7851,0.7952,231,7.6416666666666675,286.1199851166154,320.7742,606.8889,463.8316,0.0,1.2139,0.8707,231,7.6416666666666675,286.18133387722867,320.4655,606.6469,463.5562,0.0833,0.8062,0.8775,231,7.6416666666666675
286.18577287376826,320.4599,606.6457,463.5528,0.0667,0.7305,0.8816,232,7.675000000000001,285.5168822999153,321.1356,606.6524,463.894,0.0,1.2193,0.8618,232,7.675000000000001,286.86883335057865,320.0733,606.9421,463.5077,0.0667,0.8001,0.8143,232,7.675000000000001,286.1298414408045,320.766,606.8912,463.8286,0.0,1.1667,0.888,232,7.675000000000001,286.18099607488926,320.4647,606.6457,463.5552,0.0833,0.7839,0.8816,232,7.675000000000001
286.18434751669685,320.4616,606.6459,463.5537,0.0667,0.7149,0.8856,233,7.708333333333334,285.51543597078876,321.1374,606.6527,463.8951,0.0,1.2222,0.8602,233,7.708333333333334,286.8694438338066,320.0734,606.9428,463.5081,0.0667,0.8028,0.8148,233,7.708333333333334,286.13015997720936,320.7664,606.8919,463.8291,0.0,1.1854,0.8751,233,7.708333333333334,286.17940118232343,320.4665,606.6459,463.5562,0.0833,0.7737,0.8856,233,7.708333333333334
286.1875907247862,320.4582,606.6458,463.552,0.0667,0.7147,0.883,234,7.741666666666667,285.51797093876735,321.1344,606.6523,463.8934,0.0,1.2135,0.8604,234,7.741666666666667,286.86941174669766,320.0738,606.9432,463.5085,0.0667,0.7992,0.8148,234,7.741666666666667,286.12987701234306,320.7669,606.8921,463.8295,0.0,1.1925,0.8789,234,7.741666666666667,286.182874212898,320.4629,606.6458,463.5543,0.0833,0.7772,0.883,234,7.741666666666667
286.18813916432043,320.4582,606.6463,463.5523,0.0667,0.7147,0.8837,235,7.775,285.51864326723285,321.1345,606.653,463.8937,0.0,1.2126,0.8578,235,7.775,286.8695553537858,320.0738,606.9434,463.5086,0.0667,0.7992,0.8148,235,7.775,286.1300066236346,320.7669,606.8922,463.8296,0.0,1.1925,0.879,235,7.775,286.1834471255269,320.4629,606.6463,463.5546,0.0833,0.7797,0.8837,235,7.775
286.1433697425424,320.5226,606.6654,463.594,0.0667,0.9325,0.683,236,7.815,285.86371310735376,320.8814,606.7451,463.8132,0.0,0.9568,0.7951,236,7.815,286.83580320971834,320.003,606.8388,463.4209,0.0917,0.9053,0.7474,236,7.815,286.678562860218,320.4074,607.0787,463.743,0.0,0.9203,0.8776,236,7.815,286.11345826106196,320.5022,606.6157,463.5589,0.1,0.8705,0.6775,236,7.815
286.1418195783628,320.525,606.6665,463.5957,0.0667,0.9216,0.6867,237,7.845000000000001,285.86379986126195,320.8836,606.7474,463.8155,0.0,0.9414,0.8022,237,7.845000000000001,286.864114171005,319.9755,606.8396,463.4076,0.1,0.8907,0.7377,237,7.845000000000001,286.6716848222735,320.4132,607.0791,463.7462,0.0,0.9381,0.8825,237,7.845000000000001,286.16108943629786,320.5054,606.6665,463.5859,0.0917,0.8355,0.6867,237,7.845000000000001
286.1404346927927,320.5266,606.6667,463.5967,0.0667,0.9308,0.6804,238,7.878333333333334,285.862536103167,320.8851,606.7476,463.8164,0.0,0.9422,0.8029,238,7.878333333333334,286.8639156696669,319.9761,606.84,463.408,0.1,0.8899,0.7378,238,7.878333333333334,286.671535216285,320.4137,607.0795,463.7466,0.0,0.9389,0.8828,238,7.878333333333334,286.15997497390146,320.5068,606.6667,463.5867,0.0917,0.8353,0.6804,238,7.878333333333334
286.14018052445954,320.5278,606.6675,463.5976,0.0667,0.9286,0.71,239,7.911666666666667,285.86220810727946,320.8862,606.7484,463.8173,0.0,0.9705,0.7954,239,7.911666666666667,286.863313062218,319.9767,606.84,463.4083,0.1,0.8884,0.7375,239,7.911666666666667,286.67122414416576,320.4142,607.0799,463.747,0.0,0.9392,0.8848,239,7.911666666666667,286.1411400928728,320.5268,606.6675,463.5971,0.0833,1.0156,0.71,239,7.911666666666667
286.1371641739032,320.5283,606.6649,463.5966,0.0667,0.9342,0.7067,240,7.945,285.8590888834508,320.8868,606.7458,463.8163,0.0,0.9574,0.804,240,7.945,286.86154559175645,319.9772,606.8388,463.408,0.1,0.893,0.7376,240,7.945,286.6695064482984,320.4148,607.0788,463.7468,0.0,0.95,0.8733,240,7.945,286.1564499635248,320.5084,606.6649,463.5867,0.0917,0.8929,0.7067,240,7.945
286.1407246863673,320.5277,606.668,463.5978,0.0667,0.9278,0.7075,241,7.9783333333333335,285.86241789464185,320.8862,606.7486,463.8174,0.0,0.9414,0.7998,241,7.9783333333333335,286.8632797495437,319.9773,606.8405,463.4089,0.1,0.8924,0.7373,241,7.9783333333333335,286.6710325410586,320.4149,607.0804,463.7476,0.0,0.9494,0.8855,241,7.9783333333333335,286.1599389391324,320.508,606.668,463.588,0.0917,0.8991,0.7075,241,7.9783333333333335
286.1411015412428,320.528,606.6687,463.5983,0.0667,0.922,0.7019,242,8.011666666666667,285.86294131471794,320.8864,606.7493,463.8179,0.0,0.9478,0.8028,242,8.011666666666667,286.8742777021537,319.9771,606.8514,463.4143,0.0917,0.8925,0.7711,242,8.011666666666667,286.6713762370499,320.4147,607.0805,463.7476,0.0,0.9493,0.8856,242,8.011666666666667,286.16040339355607,320.5083,606.6687,463.5885,0.0917,0.8991,0.7019,242,8.011666666666667
286.1414327615163,320.527,606.668,463.5975,0.0667,0.9258,0.7074,243,8.041666666666668,285.86351571769654,320.8854,606.7489,463.8172,0.0,0.9368,0.7987,243,8.041666666666668,286.87471701494496,319.9762,606.851,463.4136,0.0917,0.8914,0.7703,243,8.041666666666668,286.67192711756445,320.4138,607.0802,463.747,0.0,0.9489,0.8856,243,8.041666666666668,286.1868905933477,320.4811,606.668,463.5745,0.1,0.8799,0.7074,243,8.041666666666668
286.1384933691776,320.5283,606.6664,463.5974,0.0667,0.9168,0.6913,244,8.08,285.86068466288054,320.8868,606.7475,463.8171,0.0,0.9749,0.8015,244,8.08,286.8738295613978,319.9762,606.85,463.4131,0.0917,0.89,0.7701,244,8.08,286.6710445060033,320.4138,607.0793,463.7465,0.0,0.9486,0.8847,244,8.08,286.1578846184637,320.5085,606.6664,463.5875,0.0917,0.8893,0.6913,244,8.08
286.1408100662902,320.5261,606.6665,463.5963,0.0667,0.919,0.687,245,8.111666666666666,285.8627725479846,320.8847,606.7475,463.8161,0.0,0.993,0.7994,245,8.111666666666666,286.8738161653295,319.976,606.8498,463.4129,0.0917,0.8911,0.772,245,8.111666666666666,286.67100412290495,320.4138,607.0791,463.7464,0.0,0.9475,0.8849,245,8.111666666666666,286.1418184803216,320.5251,606.6665,463.5958,0.0833,1.0032,0.687,245,8.111666666666666
286.2251963890526,320.5463,606.7669,463.6566,0.0583,0.8829,0.8443,246,8.145000000000001,285.6936101245369,321.072,606.7656,463.9188,0.0,0.7892,0.8844,246,8.145000000000001,286.9015348283044,320.0639,606.9655,463.5147,0.0583,0.774,0.8788,246,8.145000000000001,286.2930963304693,320.6621,606.9552,463.8086,0.0,0.8972,0.8755,246,8.145000000000001,286.31151434058097,320.5013,606.8128,463.6571,0.0917,0.7926,0.7562,246,8.145000000000001
286.2267295395034,320.5464,606.7686,463.6575,0.0583,0.9135,0.8096,247,8.183333333333334,285.6958303992243,321.0718,606.7676,463.9197,0.0,0.7939,0.8751,247,8.183333333333334,286.7849406413884,320.0654,606.8503,463.4579,0.0917,0.778,0.7427,247,8.183333333333334,286.2942628016135,320.6634,606.9577,463.8106,0.0,0.902,0.8749,247,8.183333333333334,286.3133622547223,320.5012,606.8146,463.6579,0.0917,0.8552,0.7558,247,8.183333333333334
286.2324603878061,320.5418,606.7698,463.6558,0.0583,0.8519,0.8088,248,8.211666666666668,285.69859195988107,321.0699,606.7684,463.9192,0.0,0.7864,0.875,248,8.211666666666668,286.78722958028465,320.0617,606.8489,463.4553,0.0917,0.7943,0.7635,248,8.211666666666668,286.29435422836565,320.6612,606.9556,463.8084,0.0,0.8609,0.8597,248,8.211666666666668,286.27704211123586,320.4972,606.7698,463.6335,0.0583,0.8,0.8088,248,8.211666666666668
286.22889198404465,320.5451,606.7695,463.6573,0.0583,0.8912,0.8336,249,8.241666666666667,285.697696319018,321.0709,606.7686,463.9198,0.0,0.8014,0.8605,249,8.241666666666667,286.80908920606936,320.0704,606.8795,463.4749,0.075,0.7495,0.7962,249,8.241666666666667,286.29589928582186,320.6606,606.9565,463.8085,0.0,0.9016,0.8689,249,8.241666666666667,286.2736568973757,320.5003,606.7695,463.6349,0.0583,0.8438,0.8336,249,8.241666666666667
286.22976858339814,320.5447,606.77,463.6573,0.0583,0.9074,0.8391,250,8.286666666666667,285.6984336952015,321.0706,606.7691,463.9198,0.0,0.8049,0.8669,250,8.286666666666667,286.8088794815877,320.0705,606.8794,463.475,0.075,0.7494,0.7961,250,8.286666666666667,286.29569924411396,320.6607,606.9564,463.8086,0.0,0.9016,0.8689,250,8.286666666666667,286.2744426055102,320.5,606.77,463.635,0.0583,0.8493,0.8391,250,8.286666666666667
286.2324555207085,320.5431,606.7712,463.6571,0.0583,0.8925,0.8422,251,8.311666666666667,285.7012178850168,321.0689,606.7702,463.9196,0.0,0.8061,0.8674,251,8.311666666666667,286.8966976972936,320.0703,606.967,463.5186,0.05,0.7484,0.8819,251,8.311666666666667,286.2963131353839,320.6605,606.9568,463.8086,0.0,0.9022,0.8843,251,8.311666666666667,286.27738582087875,320.4982,606.7712,463.6347,0.0583,0.8565,0.8422,251,8.311666666666667
286.18705070194596,320.585,606.7676,463.6763,0.0667,0.8939,0.825,252,8.345,285.6964053789344,321.0699,606.7663,463.9181,0.0,0.7715,0.8801,252,8.345,286.78699301187214,320.0626,606.8496,463.4561,0.0917,0.7762,0.7492,252,8.345,286.29588932285463,320.6609,606.9568,463.8088,0.0,0.8979,0.8837,252,8.345,286.2729107261795,320.4992,606.7676,463.6334,0.0583,0.8131,0.825,252,8.345
286.18905334238923,320.5847,606.7693,463.677,0.0667,0.904,0.8609,253,8.385,285.6987565067186,321.0699,606.7686,463.9193,0.0,0.7687,0.8775,253,8.385,286.89795493037946,320.0696,606.9676,463.5186,0.05,0.7419,0.8789,253,8.385,286.2974386715106,320.6601,606.9575,463.8088,0.0,0.8967,0.8758,253,8.385,286.27497047591055,320.4988,606.7693,463.6341,0.0583,0.803,0.8609,253,8.385
286.23063528593127,320.5426,606.7688,463.6557,0.0583,0.8848,0.8667,254,8.411666666666667,285.6988445829638,321.069,606.7679,463.9185,0.0,0.7615,0.8774,254,8.411666666666667,286.81092090498487,320.0695,606.8804,463.4749,0.075,0.7419,0.7935,254,8.411666666666667,286.29750165827386,320.6598,606.9573,463.8086,0.0,0.8972,0.8622,254,8.411666666666667,286.27511437663156,320.4981,606.7688,463.6334,0.0583,0.8116,0.8667,254,8.411666666666667
286.18855622760384,320.5846,606.7687,463.6767,0.0667,0.8991,0.8626,255,8.441666666666666,285.6979966770613,321.0701,606.7681,463.9191,0.0,0.7729,0.8739,255,8.441666666666666,286.81075832387546,320.0695,606.8802,463.4748,0.075,0.7419,0.7933,255,8.441666666666666,286.29752132759506,320.6598,606.9573,463.8086,0.0,0.8972,0.8622,255,8.441666666666666,286.2738152947817,320.4993,606.7687,463.634,0.0583,0.8138,0.8626,255,8.441666666666666
286.2732578775184,320.6,606.8719,463.7359,0.0833,0.8952,0.8151,256,8.495000000000001,285.918067860532,320.8548,606.7729,463.8139,0.0,0.7019,0.8832,256,8.495000000000001,286.7490546464471,320.1199,606.8689,463.4944,0.075,0.7607,0.8308,256,8.495000000000001,286.51204544496045,320.4346,606.9445,463.6896,0.0,0.8749,0.8587,256,8.495000000000001,286.35973606451114,320.5135,606.8719,463.6927,0.075,0.998,0.8151,256,8.495000000000001
286.2767833252436,320.595,606.8705,463.7327,0.0833,0.9024,0.846,257,8.511666666666667,285.9215182451242,320.8505,606.772,463.8113,0.0,0.717,0.8962,257,8.511666666666667,286.97409051908664,320.1224,607.0939,463.6082,0.0833,0.7565,0.7987,257,8.511666666666667,286.50629191128814,320.4382,606.9421,463.6901,0.0,0.823,0.8635,257,8.511666666666667,286.36336553808906,320.5084,606.8705,463.6894,0.075,1.0306,0.846,257,8.511666666666667
286.2771221885431,320.5946,606.8705,463.7326,0.0833,0.8968,0.8433,258,8.545,285.921671239538,320.8503,606.7719,463.8111,0.0,0.711,0.8952,258,8.545,286.97294618198055,320.1233,607.0937,463.6085,0.0833,0.7655,0.7987,258,8.545,286.5052304841713,320.439,606.9419,463.6904,0.0,0.8228,0.8636,258,8.545,286.36361620173386,320.5081,606.8705,463.6893,0.075,1.0306,0.8433,258,8.545
286.2751539454239,320.5933,606.8671,463.7302,0.0833,0.8964,0.8231,259,8.575000000000001,285.91764543737963,320.8492,606.7668,463.808,0.0,0.7075,0.8907,259,8.575000000000001,286.9730419973348,320.1238,607.0943,463.609,0.0833,0.7574,0.7987,259,8.575000000000001,286.2691256525573,320.4398,606.7089,463.5744,0.0,0.823,0.8773,259,8.575000000000001,286.3616718167016,320.5067,606.8671,463.6869,0.075,1.0301,0.8231,259,8.575000000000001
286.2730259740366,320.5943,606.8661,463.7302,0.0833,0.8835,0.8338,260,8.608333333333334,285.9155957294463,320.8506,606.7662,463.8084,0.0,0.728,0.9074,260,8.608333333333334,286.96958633190604,320.126,607.0935,463.6098,0.0833,0.7638,0.7985,260,8.608333333333334,286.2668002637352,320.442,606.7088,463.5754,0.0,0.8444,0.8808,260,8.608333333333334,286.35975371288123,320.5076,606.8661,463.6868,0.075,1.0296,0.8338,260,8.608333333333334
286.2876831166474,320.562,606.8491,463.7056,0.0667,0.9224,0.7999,261,8.641666666666667,285.84339720252217,320.9063,606.7497,463.828,0.0,0.8271,0.8683,261,8.641666666666667,286.9609505431222,320.1282,607.0871,463.6076,0.0833,0.7855,0.8037,261,8.641666666666667,286.4956960333178,320.4439,606.9374,463.6907,0.0,0.8156,0.8616,261,8.641666666666667,286.2841695017525,320.5651,606.8491,463.7071,0.075,0.9295,0.7999,261,8.641666666666667
286.2871388914384,320.5622,606.8488,463.7055,0.0667,0.9203,0.7988,262,8.675,285.84358162627433,320.9063,606.7499,463.8281,0.0,0.8253,0.8847,262,8.675,286.96111816499604,320.1283,607.0874,463.6079,0.0833,0.7743,0.8034,262,8.675,286.49638544031404,320.4438,606.9381,463.6909,0.0,0.8156,0.8616,262,8.675,286.28365208858156,320.5653,606.8488,463.707,0.075,0.9249,0.7988,262,8.675
286.2846337825804,320.5628,606.8469,463.7049,0.0667,0.9128,0.821,263,8.708333333333334,285.8412715033711,320.9069,606.7482,463.8275,0.0,0.8224,0.8699,263,8.708333333333334,286.9596077224719,320.1293,607.0869,463.6081,0.0833,0.771,0.8032,263,8.708333333333334,286.49507187888383,320.4447,606.9377,463.6912,0.0,0.8161,0.8625,263,8.708333333333334,286.2811278360461,320.5659,606.8469,463.7064,0.075,0.9194,0.821,263,8.708333333333334
286.33635400481086,320.5124,606.8469,463.6797,0.075,1.0312,0.821,264,8.741666666666667,285.8415206832155,320.9067,606.7482,463.8274,0.0,0.8273,0.8791,264,8.741666666666667,286.9604622101713,320.1284,607.0868,463.6076,0.0833,0.7739,0.8033,264,8.741666666666667,286.4958442836065,320.4439,606.9376,463.6907,0.0,0.8156,0.8668,264,8.741666666666667,286.2813995103519,320.5657,606.8469,463.7063,0.075,0.9286,0.821,264,8.741666666666667
286.28619638848465,320.5629,606.8486,463.7058,0.0667,0.9183,0.8099,265,8.775,285.84309041471215,320.9068,606.7499,463.8283,0.0,0.8222,0.8757,265,8.775,286.9576209277026,320.1306,607.0864,463.6085,0.0833,0.7742,0.8033,265,8.775,286.493414537451,320.4458,606.9372,463.6915,0.0,0.8166,0.8669,265,8.775,286.2826412848772,320.5661,606.8486,463.7073,0.075,0.9204,0.8099,265,8.775
286.15956819248333,320.5022,606.6618,463.582,0.0917,0.8373,0.6939,266,8.813333333333334,285.5729752518414,321.1787,606.7481,463.9634,0.0,1.0554,0.9073,266,8.813333333333334,286.7760430769828,320.0674,606.8434,463.4554,0.0917,0.8061,0.7293,266,8.813333333333334,285.94274098449955,320.7676,606.7051,463.7364,0.0,1.2235,0.9237,266,8.813333333333334,286.1802859466875,320.4996,606.6799,463.5898,0.0917,0.8535,0.7401,266,8.813333333333334
286.15998632539186,320.5023,606.6623,463.5823,0.0917,0.8293,0.6933,267,8.845,285.573608829034,321.1788,606.7489,463.9638,0.0,1.0435,0.8972,267,8.845,286.77804919415223,320.0672,606.8453,463.4562,0.0917,0.8043,0.7246,267,8.845,285.9446639139658,320.7675,606.7069,463.7372,0.0,1.2288,0.9267,267,8.845,286.1809066034359,320.4996,606.6805,463.59,0.0917,0.8516,0.7392,267,8.845
286.15898177393683,320.5039,606.6628,463.5834,0.0917,0.8354,0.693,268,8.875,285.57266100249785,321.1802,606.7493,463.9648,0.0,1.0535,0.8974,268,8.875,286.77793642227147,320.0679,606.8458,463.4569,0.0917,0.837,0.7244,268,8.875,285.94470701503155,320.768,606.7075,463.7377,0.0,1.2265,0.9275,268,8.875,286.1797387712756,320.5013,606.681,463.5912,0.0917,0.8485,0.7394,268,8.875
286.16215668390305,320.4991,606.6613,463.5802,0.0917,0.8516,0.6995,269,8.908333333333333,285.5743806942612,321.175,606.7462,463.9606,0.0,1.0351,0.9074,269,8.908333333333333,286.7891941436353,320.0686,606.8578,463.4632,0.0833,0.8542,0.7505,269,8.908333333333333,286.17435424485734,320.7683,606.9335,463.8509,0.0,1.2773,0.8656,269,8.908333333333333,286.1472796717113,320.5157,606.6613,463.5885,0.0917,1.0062,0.6995,269,8.908333333333333
286.16097248328083,320.4996,606.6605,463.5801,0.0917,0.8185,0.698,270,8.941666666666666,285.34235401865845,321.1761,606.5184,463.8473,0.0,1.0397,0.8896,270,8.941666666666666,286.79005552365345,320.0548,606.8449,463.4499,0.1,0.7652,0.7182,270,8.941666666666666,285.9450080905573,320.7668,606.7066,463.7367,0.0,1.2303,0.9413,270,8.941666666666666,286.16380514948025,320.4967,606.6605,463.5786,0.1,0.8616,0.698,270,8.941666666666666
286.1588069402287,320.5012,606.66,463.5806,0.0917,0.8567,0.698,271,8.975000000000001,285.3403337688525,321.1776,606.518,463.8478,0.0,1.0475,0.8883,271,8.975000000000001,286.7887236241694,320.0556,606.8444,463.45,0.1,0.7644,0.7163,271,8.975000000000001,285.94371563344464,320.7676,606.7061,463.7369,0.0,1.2298,0.9419,271,8.975000000000001,286.16157965812965,320.4985,606.66,463.5793,0.1,0.8803,0.698,271,8.975000000000001
286.1788490770133,320.5005,606.6793,463.5899,0.0833,0.809,0.7382,272,9.011666666666667,285.3424036351148,321.1765,606.5189,463.8477,0.0,1.0435,0.8839,272,9.011666666666667,286.7887732746776,320.056,606.8447,463.4504,0.1,0.7641,0.7148,272,9.011666666666667,285.94368537570404,320.7679,606.7064,463.7372,0.0,1.2295,0.9421,272,9.011666666666667,286.1816458480844,320.4977,606.6793,463.5885,0.0917,0.8627,0.7382,272,9.011666666666667
286.16229739033525,320.4995,606.6618,463.5807,0.0917,0.7995,0.6949,273,9.045,285.34345872290123,321.176,606.5195,463.8477,0.0,1.048,0.8839,273,9.045,286.7799819853464,320.0655,606.8455,463.4555,0.0917,0.8015,0.7217,273,9.045,285.9463758964172,320.7658,606.707,463.7364,0.0,1.232,0.9288,273,9.045,286.1650529207561,320.4968,606.6618,463.5793,0.1,0.8608,0.6949,273,9.045
286.1601257236724,320.5021,606.6622,463.5821,0.0917,0.8421,0.6886,274,9.075000000000001,285.3415882177574,321.1782,606.5197,463.849,0.0,1.0464,0.8754,274,9.075000000000001,286.9137692705415,320.0661,606.9799,463.523,0.0667,0.8021,0.8262,274,9.075000000000001,285.9464644843621,320.7664,606.7077,463.737,0.0,1.2312,0.9343,274,9.075000000000001,286.162878275078,320.4993,606.6622,463.5808,0.1,0.8528,0.6886,274,9.075000000000001
286.16335992241403,320.4991,606.6624,463.5807,0.0917,0.8403,0.6889,275,9.108333333333334,285.34462338703975,321.1756,606.5202,463.8479,0.0,1.0476,0.8748,275,9.108333333333334,286.9148889424059,320.065,606.9799,463.5225,0.0667,0.8354,0.8259,275,9.108333333333334,285.9476333998709,320.7655,606.7079,463.7367,0.0,1.2307,0.9338,275,9.108333333333334,286.1661548555748,320.4963,606.6624,463.5793,0.1,0.8797,0.6889,275,9.108333333333334
286.21843499038584,320.4669,606.6841,463.5755,0.0917,0.7228,0.7742,276,9.146666666666667,285.33523635193563,321.2128,606.5461,463.8794,0.0,1.1897,0.9481,276,9.146666666666667,287.05780896361307,320.0669,607.119,463.5929,0.0833,0.8005,0.8484,276,9.146666666666667,286.3199879516326,320.5424,606.8459,463.6942,0.0,1.2631,0.8348,276,9.146666666666667,286.22232114437713,320.463,606.6841,463.5736,0.1,0.7569,0.7742,276,9.146666666666667
286.26126457518444,320.4706,606.7301,463.6004,0.1,0.7008,0.7689,277,9.178333333333335,285.3340760730327,321.2162,606.5483,463.8823,0.0,1.1944,0.9413,277,9.178333333333335,287.0581133681916,320.0688,607.121,463.5949,0.0833,0.7925,0.8528,277,9.178333333333335,286.3198001667747,320.5444,606.8477,463.6961,0.0,1.2434,0.8343,277,9.178333333333335,286.2645934382391,320.4668,606.7301,463.5985,0.1083,0.7557,0.7689,277,9.178333333333335
286.2654824701515,320.4655,606.7293,463.5974,0.1,0.7373,0.7797,278,9.208333333333334,285.3361731003772,321.2111,606.5454,463.8783,0.0,1.2001,0.9442,278,9.208333333333334,287.0224410889954,320.1021,607.1207,463.6114,0.1,0.8235,0.855,278,9.208333333333334,286.0344983946356,320.8276,606.8463,463.837,0.0,1.3836,0.8509,278,9.208333333333334,286.26895478815595,320.4615,606.7293,463.5954,0.1083,0.7434,0.7797,278,9.208333333333334
286.2649176319853,320.4666,606.7299,463.5983,0.1,0.732,0.7728,279,9.241666666666667,285.3357155538076,321.2121,606.546,463.879,0.0,1.2137,0.9382,279,9.241666666666667,287.0220956968069,320.1023,607.1206,463.6114,0.1,0.8238,0.8436,279,9.241666666666667,286.034212952619,320.8278,606.8462,463.837,0.0,1.3834,0.8513,279,9.241666666666667,286.2684052445993,320.4627,606.7299,463.5963,0.1083,0.7267,0.7728,279,9.241666666666667
286.2667379982079,320.4653,606.7303,463.5978,0.1,0.7377,0.7773,280,9.275,285.337560520893,321.2109,606.5465,463.8787,0.0,1.2136,0.949,280,9.275,287.022557883926,320.1026,607.1212,463.6119,0.1,0.8205,0.8541,280,9.275,286.0347054025566,320.8281,606.847,463.8376,0.0,1.385,0.8589,280,9.275,286.27050810464993,320.461,606.7303,463.5956,0.1083,0.7401,0.7773,280,9.275
286.19260351842667,320.4644,606.657,463.5607,0.1,0.7273,0.7087,281,9.311666666666667,285.3376538518634,321.2102,606.546,463.8781,0.0,1.1853,0.9403,281,9.311666666666667,286.98936140968794,320.1357,607.1214,463.6285,0.1,0.8249,0.8489,281,9.311666666666667,286.3214089200951,320.5421,606.8471,463.6946,0.0,1.2668,0.854,281,9.311666666666667,286.19690015453807,320.4601,606.657,463.5585,0.1083,0.7371,0.7087,281,9.311666666666667
286.22434028439045,320.4635,606.6867,463.5751,0.0917,0.7273,0.7848,282,9.345,285.3387352665326,321.2093,606.5461,463.8777,0.0,1.2136,0.9365,282,9.345,286.73511780866795,320.1002,606.8354,463.4678,0.1,0.8109,0.8784,282,9.345,285.87792910311,320.8261,606.6957,463.7609,0.0,1.4171,0.9202,282,9.345,286.2284576826397,320.4593,606.6867,463.573,0.1,0.7385,0.7848,282,9.345
286.2248425461263,320.4626,606.6864,463.5745,0.0917,0.7232,0.7837,283,9.375,285.33906018388836,321.2085,606.5456,463.8771,0.0,1.2137,0.9336,283,9.375,286.7346618967779,320.1002,606.8348,463.4675,0.1,0.8123,0.8802,283,9.375,285.87747981546863,320.826,606.6951,463.7606,0.0,1.4165,0.9241,283,9.375,286.2288010225046,320.4586,606.6864,463.5725,0.1,0.7518,0.7837,283,9.375
286.2266421049163,320.4611,606.6867,463.5739,0.0917,0.7225,0.7836,284,9.411666666666667,285.34082517975094,321.207,606.546,463.8765,0.0,1.2134,0.9337,284,9.411666666666667,286.7704396331157,320.0643,606.8348,463.4496,0.0917,0.8142,0.8795,284,9.411666666666667,285.87774484781926,320.8257,606.6951,463.7604,0.0,1.4184,0.9239,284,9.411666666666667,286.23063464136214,320.4571,606.6867,463.5719,0.1,0.7452,0.7836,284,9.411666666666667
286.2236902726732,320.4634,606.6861,463.5747,0.0917,0.725,0.7845,285,9.445,285.33815796984834,321.2093,606.5455,463.8774,0.0,1.2056,0.9361,285,9.445,286.73441972501075,320.0996,606.834,463.4668,0.1,0.8229,0.8882,285,9.445,285.87745819617044,320.8252,606.6943,463.7598,0.0,1.4068,0.9248,285,9.445,286.2276387605955,320.4595,606.6861,463.5728,0.1,0.7509,0.7845,285,9.445
286.20511985286646,320.4538,606.6588,463.5563,0.075,0.852,0.8164,286,9.48,285.57145145003915,320.9298,606.4968,463.7133,0.0,1.2231,0.8774,286,9.48,286.7446694047645,320.0807,606.8254,463.453,0.075,0.8887,0.8496,286,9.48,286.11485309225327,320.5641,606.6729,463.6185,0.0,1.29,0.9153,286,9.48,286.2075227207454,320.4514,606.6588,463.5551,0.0833,0.8643,0.8164,286,9.48
286.2017752873462,320.4577,606.6593,463.5585,0.075,0.851,0.7788,287,9.528333333333334,285.5683569213278,320.9335,606.4975,463.7155,0.0,1.2102,0.8879,287,9.528333333333334,286.73120202408643,320.0847,606.8159,463.4503,0.0833,0.8899,0.7672,287,9.528333333333334,286.11356170311603,320.568,606.6756,463.6218,0.0,1.2708,0.9206,287,9.528333333333334,286.2041291421252,320.4554,606.6593,463.5573,0.0833,0.8629,0.7788,287,9.528333333333334
286.2005963213628,320.4579,606.6584,463.5581,0.075,0.8507,0.7909,288,9.545,285.56738312689254,320.9338,606.4968,463.7153,0.0,1.2353,0.888,288,9.545,286.74135473917073,320.0851,606.8265,463.4558,0.075,0.8889,0.8491,288,9.545,286.1116380081812,320.5683,606.674,463.6211,0.0,1.2734,0.9187,288,9.545,286.20293653960584,320.4556,606.6584,463.557,0.0833,0.8632,0.7909,288,9.545
286.204564905412,320.4549,606.6595,463.5572,0.075,0.8191,0.8068,289,9.575000000000001,285.57001204086583,320.9312,606.4968,463.714,0.0,1.229,0.8722,289,9.575000000000001,286.74161531546247,320.0873,606.8289,463.4581,0.075,0.846,0.8512,289,9.575000000000001,286.11126376676896,320.5703,606.6757,463.623,0.0,1.2977,0.9287,289,9.575000000000001,286.20694052915303,320.4526,606.6595,463.556,0.0833,0.8282,0.8068,289,9.575000000000001
286.1943556224701,320.4647,606.659,463.5618,0.075,0.8083,0.7374,290,9.616666666666667,285.557507652496,320.9406,606.4935,463.717,0.0,1.1622,0.8754,290,9.616666666666667,286.69053425311563,320.1256,606.8161,463.4709,0.0917,0.8518,0.7858,290,9.616666666666667,286.1037722794614,320.5728,606.6712,463.622,0.0,1.2821,0.9346,290,9.616666666666667,286.179457732479,320.4795,606.659,463.5692,0.075,0.8634,0.7374,290,9.616666666666667
286.1943064780179,320.4645,606.6588,463.5616,0.075,0.7746,0.738,291,9.645000000000001,285.5576857756256,320.9402,606.4932,463.7167,0.0,1.1686,0.8768,291,9.645000000000001,286.69021449457955,320.1259,606.8162,463.4711,0.0917,0.8412,0.785,291,9.645000000000001,286.10375453800475,320.5728,606.6712,463.622,0.0,1.2822,0.9322,291,9.645000000000001,286.1796706992011,320.4791,606.6588,463.5689,0.075,0.8438,0.738,291,9.645000000000001
286.1952656123476,320.4634,606.6586,463.561,0.075,0.7746,0.7377,292,9.675,285.558790540808,320.939,606.4932,463.7161,0.0,1.169,0.8753,292,9.675,286.69032965992966,320.1259,606.8163,463.4711,0.0917,0.8412,0.7847,292,9.675,286.10385752814045,320.5728,606.6713,463.6221,0.0,1.2822,0.9267,292,9.675,286.1805862586492,320.478,606.6586,463.5683,0.075,0.8451,0.7377,292,9.675
286.19497852387065,320.4634,606.6583,463.5608,0.075,0.7746,0.7382,293,9.72,285.5583794547365,320.939,606.4928,463.7159,0.0,1.1956,0.8764,293,9.72,286.6903829044064,320.1259,606.8163,463.4711,0.0917,0.8412,0.7845,293,9.72,286.10390396164325,320.5728,606.6713,463.6221,0.0,1.2822,0.9268,293,9.72,286.1799829235108,320.4783,606.6583,463.5683,0.075,0.8447,0.7382,293,9.72
286.1932677990353,320.4654,606.6587,463.5621,0.075,0.7747,0.738,294,9.745000000000001,285.5565094646156,320.9409,606.4929,463.7169,0.0,1.1657,0.8766,294,9.745000000000001,286.69012577995363,320.126,606.8161,463.4711,0.0917,0.8418,0.7825,294,9.745000000000001,286.10325897385474,320.5731,606.6709,463.622,0.0,1.2834,0.9282,294,9.745000000000001,286.1786424462078,320.48,606.6587,463.5693,0.075,0.8361,0.738,294,9.745000000000001
286.1934027509182,320.4647,606.658,463.5613,0.075,0.7747,0.7387,295,9.778333333333334,285.55655392977934,320.9403,606.4922,463.7162,0.0,1.1659,0.8745,295,9.778333333333334,286.6902906140495,320.1258,606.8161,463.471,0.0917,0.8419,0.7825,295,9.778333333333334,286.10339905929476,320.5729,606.6709,463.6219,0.0,1.2835,0.9282,295,9.778333333333334,286.17869088182385,320.4793,606.658,463.5686,0.075,0.8399,0.7387,295,9.778333333333334
286.42704075032526,320.466,606.893,463.6795,0.1,0.7378,0.7917,296,9.823333333333334,285.4812951872492,321.3017,606.7652,464.0334,0.0,1.4517,0.9444,296,9.823333333333334,287.0396459819897,320.0536,607.09,463.5718,0.1,0.9545,0.8856,296,9.823333333333334,285.78300867521625,320.9309,606.7055,463.8182,0.0,1.4734,0.9688,296,9.823333333333334,286.30463917214774,320.4646,606.7677,463.6162,0.075,0.8247,0.8711,296,9.823333333333334
286.39200170665555,320.4721,606.8626,463.6674,0.0917,0.7805,0.7935,297,9.845,285.4764458122976,321.3069,606.7656,464.0363,0.0,1.454,0.947,297,9.845,287.0360620752854,320.057,607.0898,463.5734,0.1,0.9653,0.8851,297,9.845,285.78013934715807,320.9333,606.7053,463.8193,0.0,1.4501,0.9684,297,9.845,286.2991714736122,320.4709,606.7684,463.6196,0.075,0.8363,0.8665,297,9.845
286.39057939759346,320.4751,606.8645,463.6698,0.0917,0.7024,0.7615,298,9.875,285.47569677499416,321.3098,606.7675,464.0387,0.0,1.3737,0.9372,298,9.875,287.0314308200326,320.0617,607.0899,463.5758,0.1,0.9381,0.8794,298,9.875,285.7769368118053,320.9375,606.7061,463.8218,0.0,1.4601,0.961,298,9.875,286.2967154881961,320.474,606.7693,463.6217,0.075,0.8203,0.838,298,9.875
286.3637321114521,320.4732,606.8358,463.6545,0.0833,0.7255,0.8087,299,9.92,285.4804279944884,321.3082,606.7705,464.0394,0.0,1.3281,0.9332,299,9.92,287.0329348308794,320.0611,607.0907,463.5759,0.1,0.9731,0.8816,299,9.92,285.77811368218227,320.9369,606.7068,463.8218,0.0,1.448,0.9617,299,9.92,286.3978081173887,320.4722,606.8687,463.6705,0.1,0.8123,0.7763,299,9.92
286.36335402846646,320.4727,606.8348,463.6538,0.0833,0.7295,0.8227,300,9.945,285.4800991533209,321.3076,606.7696,464.0386,0.0,1.3183,0.935,300,9.945,287.0324705386604,320.0603,607.0895,463.5749,0.1,0.9732,0.8827,300,9.945,285.77778530697583,320.9362,606.7057,463.821,0.0,1.4516,0.9606,300,9.945,286.3973803093588,320.4717,606.8677,463.6697,0.1,0.8067,0.7793,300,9.945
286.36279156030923,320.4739,606.8355,463.6547,0.0833,0.706,0.8083,301,9.975000000000001,285.4795524728736,321.3088,606.7702,464.0395,0.0,1.3214,0.9334,301,9.975000000000001,287.0320772623743,320.0604,607.0892,463.5748,0.1,0.975,0.8824,301,9.975000000000001,285.77715676049627,320.9363,606.7052,463.8207,0.0,1.4474,0.9614,301,9.975000000000001,286.3968316391574,320.4729,606.8684,463.6707,0.1,0.7905,0.7781,301,9.975000000000001
286.3642928923997,320.4727,606.8355,463.6541,0.0833,0.6576,0.8198,302,10.011666666666667,285.4795919693049,321.3072,606.7691,464.0381,0.0,1.4243,0.9402,302,10.011666666666667,287.03629230726915,320.059,607.092,463.5755,0.1,0.9478,0.8822,302,10.011666666666667,285.78037996328436,320.9355,606.7075,463.8215,0.0,1.4566,0.9613,302,10.011666666666667,286.36558693656593,320.4715,606.8355,463.6535,0.0917,0.7792,0.8198,302,10.011666666666667
286.39448453655484,320.4735,606.8667,463.6701,0.0917,0.7089,0.8054,303,10.041666666666668,285.4782524375364,321.3082,606.7687,464.0384,0.0,1.4235,0.9328,303,10.041666666666668,286.8030472018557,320.055,606.858,463.4565,0.1,0.9502,0.8596,303,10.041666666666668,285.78339597740523,320.9316,606.7068,463.8192,0.0,1.449,0.9462,303,10.041666666666668,286.3627540663278,320.4724,606.8337,463.6531,0.0917,0.7928,0.835,303,10.041666666666668
286.3968267992535,320.4721,606.8676,463.6699,0.0917,0.7224,0.8114,304,10.075000000000001,285.48045840163206,321.3069,606.7695,464.0382,0.0,1.4255,0.9321,304,10.075000000000001,286.8034263567947,320.0541,606.8575,463.4558,0.1,0.9502,0.8607,304,10.075000000000001,285.78369335947,320.9309,606.7063,463.8186,0.0,1.4512,0.9452,304,10.075000000000001,286.3981039036504,320.471,606.8676,463.6693,0.1,0.8082,0.8114,304,10.075000000000001
286.3941227116262,320.4731,606.8658,463.6695,0.0917,0.7138,0.8068,305,10.110000000000001,285.4779180942853,321.3076,606.7678,464.0377,0.0,1.4235,0.9298,305,10.110000000000001,286.80204509603425,320.0544,606.8565,463.4555,0.1,0.9502,0.8615,305,10.110000000000001,285.7824038597185,320.9311,606.7053,463.8182,0.0,1.4505,0.9437,305,10.110000000000001,286.39537045231,320.472,606.8658,463.6689,0.1,0.8017,0.8068,305,10.110000000000001
286.33128238498114,320.4698,606.7992,463.6345,0.0583,0.6822,0.8526,306,10.146666666666667,285.5238826288937,321.1284,606.6518,463.8901,0.0,1.1209,0.878,306,10.146666666666667,286.9692428934862,320.024,606.9913,463.5076,0.05,0.7881,0.8426,306,10.146666666666667,286.1343326198386,320.7027,606.833,463.7679,0.0,1.1623,0.8897,306,10.146666666666667,286.2269762436292,320.4694,606.6962,463.5828,0.1,0.6918,0.7313,306,10.146666666666667
286.2525345991765,320.4433,606.6958,463.5695,0.1,0.6981,0.7206,307,10.178333333333335,285.4222397228251,321.1286,606.5509,463.8398,0.0,1.1113,0.8546,307,10.178333333333335,286.8582596871588,320.0291,606.8874,463.4583,0.0833,0.8029,0.7314,307,10.178333333333335,286.02802535041417,320.7077,606.7316,463.7197,0.0,1.1738,0.9152,307,10.178333333333335,286.22613981784957,320.4697,606.6958,463.5827,0.1,0.6671,0.7206,307,10.178333333333335
286.2524244340482,320.4437,606.6961,463.5699,0.1,0.697,0.7204,308,10.208333333333334,285.42204794306633,321.1292,606.5512,463.8402,0.0,1.1113,0.8578,308,10.208333333333334,286.9627043246953,320.0286,606.9894,463.509,0.05,0.7961,0.8509,308,10.208333333333334,286.12852013828405,320.7073,606.8316,463.7694,0.0,1.1811,0.8909,308,10.208333333333334,286.25324349584616,320.4429,606.6961,463.5695,0.1083,0.7061,0.7204,308,10.208333333333334
286.25509235287905,320.4415,606.6965,463.569,0.1,0.7108,0.7207,309,10.241666666666667,285.4245209920211,321.127,606.5515,463.8393,0.0,1.1115,0.859,309,10.241666666666667,286.96398740084067,320.0276,606.9896,463.5086,0.05,0.7967,0.845,309,10.241666666666667,286.1297420111464,320.7062,606.8318,463.769,0.0,1.181,0.891,309,10.241666666666667,286.25598208244253,320.4406,606.6965,463.5686,0.1083,0.6877,0.7207,309,10.241666666666667
286.3591208338591,320.4415,606.7977,463.6196,0.0667,0.6959,0.8387,310,10.275,285.5237603928101,321.1274,606.6505,463.889,0.0,1.0915,0.8505,310,10.275,286.96545077860395,320.0264,606.9898,463.5081,0.05,0.8008,0.8451,310,10.275,286.13105071149306,320.7054,606.8321,463.7688,0.0,1.1828,0.8882,310,10.275,286.22768876919037,320.4677,606.6952,463.5815,0.1,0.6773,0.727,310,10.275
286.4048362316969,320.4423,606.8434,463.6428,0.075,0.6974,0.8129,311,10.308333333333334,285.5249233261912,321.1272,606.6516,463.8894,0.0,1.1014,0.8426,311,10.308333333333334,286.9615133993533,320.0296,606.9892,463.5094,0.05,0.7985,0.8453,311,10.308333333333334,286.1273561884439,320.7084,606.8314,463.7699,0.0,1.1812,0.8913,311,10.308333333333334,286.2281385358991,320.468,606.6962,463.5821,0.1,0.6726,0.7203,311,10.308333333333334
286.25445899630256,320.4425,606.6968,463.5696,0.1,0.6951,0.7229,312,10.341666666666667,285.42443225350894,321.1277,606.5521,463.8399,0.0,1.1126,0.858,312,10.341666666666667,286.9622332059675,320.0297,606.9898,463.5098,0.05,0.792,0.8455,312,10.341666666666667,286.12805059844175,320.7084,606.8321,463.7702,0.0,1.1812,0.8878,312,10.341666666666667,286.2282463827743,320.4687,606.6968,463.5827,0.1,0.672,0.7229,312,10.341666666666667
286.4041684441827,320.4423,606.8426,463.6425,0.075,0.699,0.8223,313,10.375,285.52400076034223,321.1276,606.651,463.8893,0.0,1.1126,0.8445,313,10.375,286.96157731101795,320.0297,606.9893,463.5095,0.05,0.792,0.8446,313,10.375,286.1274297892682,320.7084,606.8315,463.7699,0.0,1.1812,0.8917,313,10.375,286.2263498459501,320.4685,606.6947,463.5816,0.1,0.6709,0.7212,313,10.375
286.22519578447555,320.4695,606.6946,463.582,0.0917,0.6896,0.7208,314,10.408333333333333,285.4207244177985,321.1292,606.5499,463.8395,0.0,1.1037,0.8573,314,10.408333333333333,286.96220493733,320.0291,606.9894,463.5092,0.05,0.7926,0.8486,314,10.408333333333333,286.12798491487763,320.708,606.8316,463.7698,0.0,1.1819,0.8851,314,10.408333333333333,286.22542743819713,320.4692,606.6946,463.5819,0.1,0.672,0.7208,314,10.408333333333333
286.2252151334121,320.4693,606.6944,463.5819,0.0917,0.6844,0.7208,315,10.441666666666668,285.42042127529714,321.1291,606.5495,463.8393,0.0,1.1047,0.8582,315,10.441666666666668,286.9613535974346,320.0292,606.9886,463.5089,0.05,0.7926,0.8445,315,10.441666666666668,286.12716211289455,320.7081,606.8308,463.7695,0.0,1.1819,0.8852,315,10.441666666666668,286.2254420911686,320.4691,606.6944,463.5818,0.1,0.6723,0.7208,315,10.441666666666668
286.2858632556022,320.4797,606.765,463.6223,0.0667,0.7582,0.6613,316,10.481666666666667,285.78144196651397,320.9572,606.732,463.8446,0.0,1.08,0.796,316,10.481666666666667,286.6701298401432,320.0773,606.7474,463.4123,0.0833,0.8209,0.7201,316,10.481666666666667,286.0908459326279,320.5595,606.6453,463.6024,0.0,1.2753,0.9429,316,10.481666666666667,286.1371138064013,320.477,606.6141,463.5455,0.0917,0.728,0.6103,316,10.481666666666667
286.2869543417656,320.4789,606.7655,463.6222,0.0667,0.7637,0.6546,317,10.511666666666667,285.78258079793136,320.9563,606.7325,463.8444,0.0,1.0872,0.8007,317,10.511666666666667,286.6729085249027,320.077,606.7499,463.4135,0.0833,0.8221,0.7306,317,10.511666666666667,286.0931890457704,320.5593,606.6476,463.6034,0.0,1.2819,0.9456,317,10.511666666666667,286.1203845425292,320.4761,606.5965,463.5363,0.1,0.7417,0.643,317,10.511666666666667
286.28670282406995,320.4788,606.765,463.6219,0.0667,0.7988,0.6594,318,10.545,285.7823494493181,320.9557,606.7314,463.8435,0.0,1.0891,0.8052,318,10.545,286.67231000962346,320.0798,606.7521,463.4159,0.0833,0.828,0.724,318,10.545,286.09099341686675,320.5624,606.6484,463.6054,0.0,1.2408,0.9493,318,10.545,286.1189619396285,320.4762,606.5952,463.5357,0.1,0.8313,0.6367,318,10.545
286.1808964821097,320.481,606.6619,463.5714,0.0917,0.7765,0.5833,319,10.575000000000001,285.7849073352645,320.9569,606.7361,463.8465,0.0,1.094,0.797,319,10.575000000000001,286.7035778021875,320.0759,606.7794,463.4276,0.0833,0.8488,0.7196,319,10.575000000000001,286.12100292437094,320.5585,606.6741,463.6163,0.0,1.2659,0.9037,319,10.575000000000001,286.140527061237,320.4777,606.6182,463.548,0.0917,0.795,0.6429,319,10.575000000000001
286.1794059402469,320.4821,606.6616,463.5718,0.0917,0.768,0.5875,320,10.608333333333334,285.784363853466,320.9573,606.736,463.8467,0.0,1.0708,0.8035,320,10.608333333333334,286.704290937135,320.0751,606.7794,463.4272,0.0833,0.8325,0.7234,320,10.608333333333334,286.1217825109055,320.5579,606.6742,463.616,0.0,1.226,0.9045,320,10.608333333333334,286.1390177256925,320.4789,606.6179,463.5484,0.0917,0.7955,0.6467,320,10.608333333333334
286.1785602086286,320.4834,606.662,463.5727,0.0917,0.7738,0.5889,321,10.641666666666667,285.78344096164193,320.9585,606.7362,463.8474,0.0,1.0776,0.7999,321,10.641666666666667,286.70537620449375,320.0746,606.78,463.4273,0.0833,0.8336,0.723,321,10.641666666666667,286.1228207059456,320.5574,606.6748,463.6161,0.0,1.2254,0.9045,321,10.641666666666667,286.13808948150546,320.4803,606.6183,463.5493,0.0917,0.7985,0.6448,321,10.641666666666667
286.12929900637124,320.4702,606.5995,463.5349,0.1,0.666,0.6407,322,10.675,285.78208895966065,320.9595,606.7359,463.8477,0.0,1.0821,0.8009,322,10.675,286.7044619457419,320.0747,606.7792,463.4269,0.0833,0.8335,0.7231,322,10.675,286.1222628026555,320.5578,606.6746,463.6162,0.0,1.2259,0.9266,322,10.675,286.13722427349217,320.4808,606.6181,463.5494,0.0917,0.8024,0.6501,322,10.675
286.11571262768405,320.4835,606.5992,463.5414,0.0917,0.7724,0.6414,323,10.708333333333334,285.7823890660542,320.9592,606.7358,463.8475,0.0,1.0726,0.7995,323,10.708333333333334,286.7029589306069,320.0757,606.7787,463.4272,0.0833,0.8424,0.7232,323,10.708333333333334,286.12072427184717,320.5589,606.6741,463.6165,0.0,1.2505,0.9268,323,10.708333333333334,286.1374275920813,320.4803,606.6178,463.549,0.0917,0.7968,0.6488,323,10.708333333333334
286.11663037098754,320.4836,606.6002,463.5419,0.0917,0.766,0.6288,324,10.745000000000001,285.7829976496639,320.9592,606.7366,463.8479,0.0,1.0726,0.7941,324,10.745000000000001,286.7034334881324,320.0758,606.7792,463.4275,0.0833,0.8424,0.7234,324,10.745000000000001,286.1212152036984,320.5588,606.6746,463.6167,0.0,1.2505,0.9302,324,10.745000000000001,286.13825078335265,320.4805,606.6188,463.5497,0.0917,0.786,0.6526,324,10.745000000000001
286.1175058470041,320.4824,606.5999,463.5411,0.0917,0.7659,0.6442,325,10.778333333333334,285.78456114594,320.9574,606.7363,463.8468,0.0,1.0744,0.7997,325,10.778333333333334,286.70558718077984,320.0738,606.7794,463.4266,0.0833,0.8409,0.7233,325,10.778333333333334,286.12342654037394,320.5568,606.6748,463.6158,0.0,1.2479,0.9302,325,10.778333333333334,286.1391231433978,320.4793,606.6184,463.5488,0.0917,0.7815,0.651,325,10.778333333333334
286.18968429672265,320.4668,606.6564,463.5616,0.1,0.8849,0.7216,326,10.813333333333334,285.5851944483746,321.1629,606.7398,463.9513,0.0083,1.2123,0.8294,326,10.813333333333334,286.79199341072666,320.0504,606.8424,463.4464,0.0833,0.8283,0.751,326,10.813333333333334,286.19061439446307,320.7363,606.921,463.8287,0.0,1.1498,0.8394,326,10.813333333333334,286.191622339569,320.4648,606.6564,463.5606,0.1,0.8948,0.7216,326,10.813333333333334
286.1912579315673,320.4664,606.6577,463.5621,0.1,0.8806,0.7227,327,10.846666666666668,285.5864802431357,321.1626,606.7407,463.9516,0.0083,1.2287,0.8415,327,10.846666666666668,286.79307578600174,320.0507,606.8437,463.4472,0.0833,0.8288,0.7469,327,10.846666666666668,286.19168624991096,320.7364,606.9222,463.8293,0.0,1.1489,0.8394,327,10.846666666666668,286.19333683513685,320.4643,606.6577,463.561,0.1,0.8913,0.7227,327,10.846666666666668
286.1972027204772,320.4628,606.66,463.5614,0.1,0.8905,0.7237,328,10.878333333333334,285.59343084995993,321.1583,606.7435,463.9509,0.0083,1.2414,0.819,328,10.878333333333334,286.760832339359,320.0859,606.8467,463.4663,0.0917,0.8694,0.7533,328,10.878333333333334,286.1959541780335,320.735,606.9251,463.8301,0.0,1.1503,0.8572,328,10.878333333333334,286.19915369330624,320.4609,606.66,463.5604,0.1,0.9004,0.7237,328,10.878333333333334
286.1961897722717,320.4645,606.6607,463.5626,0.1,0.8889,0.7189,329,10.908333333333333,285.5923484447461,321.1599,606.7441,463.952,0.0083,1.2847,0.8208,329,10.908333333333333,286.75944768676595,320.0879,606.8473,463.4676,0.0917,0.8705,0.7578,329,10.908333333333333,286.1946403151236,320.737,606.9257,463.8314,0.0,1.1533,0.8567,329,10.908333333333333,286.1981404323408,320.4625,606.6607,463.5616,0.1,0.8989,0.7189,329,10.908333333333333
286.1978145064461,320.463,606.6609,463.562,0.1,0.8885,0.7151,330,10.948333333333334,285.5939386758098,321.1585,606.7442,463.9513,0.0083,1.2817,0.8238,330,10.948333333333334,286.7589564750192,320.0882,606.8472,463.4677,0.0917,0.8704,0.7516,330,10.948333333333334,286.19485806780835,320.7372,606.9261,463.8316,0.0,1.1532,0.8589,330,10.948333333333334,286.1997641011328,320.4611,606.6609,463.561,0.1,0.8984,0.7151,330,10.948333333333334
286.19846020464405,320.4623,606.6607,463.5615,0.1,0.867,0.7133,331,10.978333333333333,285.59404732232986,321.1583,606.7443,463.9513,0.0083,1.2596,0.8421,331,10.978333333333333,286.79553229062196,320.0516,606.8472,463.4494,0.0833,0.8427,0.7447,331,10.978333333333333,286.1945912120219,320.7373,606.9259,463.8316,0.0,1.1527,0.8593,331,10.978333333333333,286.200417070552,320.4603,606.6607,463.5605,0.1,0.8711,0.7133,331,10.978333333333333
286.19481037130834,320.4653,606.6601,463.5627,0.1,0.8889,0.713,332,11.011666666666667,285.5914233289882,321.1605,606.7437,463.9521,0.0083,1.2858,0.8317,332,11.011666666666667,286.7572451986987,320.0889,606.8462,463.4675,0.0917,0.8705,0.7537,332,11.011666666666667,286.19322397649773,320.7377,606.9249,463.8313,0.0,1.1536,0.8596,332,11.011666666666667,286.19675555616686,320.4633,606.6601,463.5617,0.1,0.8988,0.713,332,11.011666666666667
286.1965093114459,320.4636,606.6601,463.5619,0.1,0.9045,0.7131,333,11.05,285.59290963805216,321.1591,606.7437,463.9514,0.0083,1.2859,0.8271,333,11.05,286.7586296666566,320.0877,606.8463,463.467,0.0917,0.8705,0.7541,333,11.05,286.1944110651195,320.7367,606.9251,463.8309,0.0,1.1574,0.8597,333,11.05,286.19845087431327,320.4617,606.6601,463.5609,0.1,0.9105,0.7131,333,11.05
286.19597847981146,320.4646,606.6606,463.5626,0.1,0.8988,0.7131,334,11.078333333333335,285.59250867332105,321.1599,606.7442,463.9521,0.0083,1.2856,0.832,334,11.078333333333335,286.75861419548795,320.0878,606.8464,463.4671,0.0917,0.8707,0.7566,334,11.078333333333335,286.19429105805057,320.7369,606.9252,463.8311,0.0,1.1576,0.8597,334,11.078333333333335,286.1979226868656,320.4626,606.6606,463.5616,0.1,0.9024,0.7131,334,11.078333333333335
286.1962630126716,320.4637,606.66,463.5619,0.1,0.9141,0.7127,335,11.108333333333334,285.592552893292,321.1594,606.7437,463.9515,0.0083,1.2882,0.8224,335,11.108333333333334,286.7592693202211,320.0868,606.8461,463.4664,0.0917,0.871,0.7602,335,11.108333333333334,286.19423104966205,320.7363,606.9244,463.8304,0.0,1.1616,0.86,335,11.108333333333334,286.19820661778886,320.4618,606.66,463.5609,0.1,0.924,0.7127,335,11.108333333333334
286.22999962102233,320.508,606.7374,463.6227,0.0833,0.8131,0.7343,336,11.156666666666668,285.8112214370122,320.9974,606.7934,463.8954,0.0083,1.2184,0.8618,336,11.156666666666668,286.8102964635889,320.0804,606.8907,463.4856,0.0833,0.9531,0.7686,336,11.156666666666668,286.20191474500257,320.5496,606.7446,463.6471,0.0,1.2815,0.9167,336,11.156666666666668,286.22350632125074,320.5139,606.7374,463.6257,0.075,0.8416,0.7343,336,11.156666666666668
286.2290521960548,320.5087,606.737,463.6228,0.0833,0.8179,0.736,337,11.178333333333335,285.8098660695291,320.9986,606.7931,463.8958,0.0083,1.2543,0.8628,337,11.178333333333335,286.81040084849724,320.0805,606.8909,463.4857,0.0833,0.9536,0.7667,337,11.178333333333335,286.2020248961195,320.5496,606.7447,463.6472,0.0,1.2815,0.9167,337,11.178333333333335,286.22228004607496,320.5148,606.737,463.6259,0.075,0.8494,0.736,337,11.178333333333335
286.23301124796626,320.5045,606.7369,463.6207,0.0833,0.8193,0.7331,338,11.211666666666668,285.81385723481026,320.9943,606.7928,463.8936,0.0083,1.2236,0.8629,338,11.211666666666668,286.8131487763578,320.0783,606.8914,463.4848,0.0833,0.9542,0.7603,338,11.211666666666668,286.20453558707743,320.5475,606.7451,463.6463,0.0,1.2815,0.917,338,11.211666666666668,286.2260996182166,320.5108,606.7369,463.6239,0.075,0.8543,0.7331,338,11.211666666666668
286.22281652299876,320.5108,606.7329,463.6218,0.0833,0.8078,0.7669,339,11.251666666666667,285.80516647282235,321.0007,606.7904,463.8956,0.0083,1.2143,0.8637,339,11.251666666666667,286.81325631519917,320.0769,606.8901,463.4835,0.0833,0.939,0.7543,339,11.251666666666667,286.2054428523741,320.547,606.7455,463.6463,0.0,1.2915,0.9216,339,11.251666666666667,286.21631723932694,320.5166,606.7329,463.6248,0.075,0.8873,0.7669,339,11.251666666666667
286.22454197804484,320.5072,606.7302,463.6187,0.0833,0.8201,0.7501,340,11.278333333333334,285.80688099900476,320.9975,606.7885,463.893,0.0083,1.2332,0.8762,340,11.278333333333334,286.80996860813286,320.0773,606.8873,463.4823,0.0833,0.9931,0.7721,340,11.278333333333334,286.2019926718553,320.547,606.7419,463.6444,0.0,1.2922,0.9184,340,11.278333333333334,286.2167196779052,320.5136,606.7302,463.6219,0.075,0.8647,0.7501,340,11.278333333333334
286.22210724175204,320.5092,606.7297,463.6194,0.0833,0.8163,0.7637,341,11.308333333333334,285.8046827036261,320.9995,606.7882,463.8938,0.0083,1.2452,0.8761,341,11.308333333333334,286.8092402873453,320.078,606.8873,463.4826,0.0833,0.9977,0.772,341,11.308333333333334,286.20127930321985,320.5477,606.7419,463.6448,0.0,1.2926,0.9182,341,11.308333333333334,286.21459873086417,320.5153,606.7297,463.6225,0.075,0.8631,0.7637,341,11.308333333333334
286.2235873724775,320.5084,606.7305,463.6194,0.0833,0.822,0.7503,342,11.341666666666667,285.8059250790299,320.9987,606.7888,463.8937,0.0083,1.2146,0.8749,342,11.341666666666667,286.8104362499638,320.0774,606.8878,463.4826,0.0833,0.9479,0.7717,342,11.341666666666667,286.20253719721904,320.547,606.7424,463.6447,0.0,1.2931,0.9178,342,11.341666666666667,286.21557955358264,320.515,606.7305,463.6227,0.075,0.8674,0.7503,342,11.341666666666667
286.2258173234122,320.507,606.7314,463.6192,0.0833,0.8093,0.7525,343,11.375,285.8080089551115,320.997,606.7892,463.8931,0.0083,1.2524,0.8748,343,11.375,286.8113891607199,320.0769,606.8883,463.4826,0.0833,0.9506,0.7716,343,11.375,286.20388778403446,320.5463,606.7431,463.6447,0.0,1.2835,0.9135,343,11.375,286.2180494986369,320.5135,606.7314,463.6224,0.075,0.8486,0.7525,343,11.375
286.2248872155951,320.5081,606.7315,463.6198,0.0833,0.8126,0.7605,344,11.408333333333333,285.8073817288481,320.9982,606.7897,463.894,0.0083,1.2101,0.8757,344,11.408333333333333,286.8113145032505,320.076,606.8873,463.4817,0.0833,0.9595,0.7715,344,11.408333333333333,286.20397367799563,320.5458,606.7426,463.6442,0.0,1.289,0.9148,344,11.408333333333333,286.21730873372064,320.5143,606.7315,463.6229,0.075,0.8705,0.7605,344,11.408333333333333
286.2225999904159,320.5102,606.7313,463.6207,0.0833,0.8007,0.7644,345,11.441666666666668,285.80439363490217,321.001,606.7895,463.8953,0.0083,1.2005,0.8686,345,11.441666666666668,286.810181299334,320.077,606.8872,463.4821,0.0833,0.9535,0.7721,345,11.441666666666668,286.20285627569115,320.5468,606.7425,463.6446,0.0,1.2881,0.9149,345,11.441666666666668,286.2335825333211,320.4992,606.7313,463.6152,0.0833,0.7753,0.7644,345,11.441666666666668
286.1266661054792,320.5055,606.6322,463.5688,0.1083,0.7505,0.7591,346,11.48,285.1597171327905,321.3421,606.4888,463.9154,0.0083,1.2062,0.9418,346,11.48,286.7606500148006,320.0599,606.8206,463.4403,0.1,0.7799,0.7862,346,11.48,285.75067701074727,320.9347,606.6686,463.8017,0.0083,1.4495,0.8918,346,11.48,286.11708176114234,320.5166,606.6322,463.5744,0.0917,0.9902,0.7591,346,11.48
286.12651772845743,320.5057,606.6322,463.569,0.1083,0.757,0.7659,347,11.511666666666667,285.15967578792504,321.3424,606.4888,463.9156,0.0083,1.2136,0.935,347,11.511666666666667,286.7620030187437,320.0594,606.8214,463.4404,0.1,0.7786,0.7864,347,11.511666666666667,285.7517481162343,320.9342,606.6692,463.8017,0.0083,1.4479,0.8913,347,11.511666666666667,286.1168417121761,320.5168,606.6322,463.5745,0.0917,0.9941,0.7659,347,11.511666666666667
286.07542330375475,320.5032,606.5786,463.5409,0.1167,0.7382,0.7274,348,11.545,285.16212515056753,321.336,606.4851,463.9106,0.0083,1.253,0.9137,348,11.545,286.6603893893821,320.0782,606.7386,463.4084,0.1083,0.8031,0.7232,348,11.545,285.7061400126436,320.9477,606.6379,463.7928,0.0083,1.4362,0.8904,348,11.545,286.08526261584984,320.4934,606.5786,463.536,0.1083,0.7499,0.7274,348,11.545
286.1290522733644,320.5009,606.63,463.5654,0.1083,0.7383,0.7847,349,11.578333333333335,285.1649466670825,321.3338,606.4857,463.9098,0.0083,1.2549,0.9124,349,11.578333333333335,286.74664613024385,320.0765,606.8231,463.4498,0.1,0.8225,0.7772,349,11.578333333333335,285.74134538125713,320.9462,606.6709,463.8086,0.0083,1.4462,0.8982,349,11.578333333333335,286.138883587448,320.4911,606.63,463.5605,0.1,0.7406,0.7847,349,11.578333333333335
286.12598500165484,320.5034,606.6294,463.5664,0.1083,0.7417,0.7846,350,11.611666666666668,285.1616606440934,321.3363,606.485,463.9107,0.0083,1.2505,0.9209,350,11.611666666666668,286.74514434528146,320.0778,606.823,463.4504,0.1,0.824,0.7774,350,11.611666666666668,285.73969182413174,320.9476,606.6707,463.8091,0.0083,1.4495,0.8994,350,11.611666666666668,286.1358175720651,320.4936,606.6294,463.5615,0.1,0.7465,0.7846,350,11.611666666666668
286.07666188234066,320.5027,606.5793,463.541,0.1167,0.7372,0.7272,351,11.641666666666667,285.163122891804,321.3356,606.4857,463.9107,0.0083,1.2516,0.917,351,11.641666666666667,286.74578006849674,320.0772,606.8229,463.45,0.1,0.8235,0.7769,351,11.641666666666667,285.7403469282482,320.9469,606.6706,463.8088,0.0083,1.4482,0.9041,351,11.641666666666667,286.08648769602723,320.4928,606.5793,463.5361,0.1083,0.7601,0.7272,351,11.641666666666667
286.0769417214518,320.5028,606.5797,463.5412,0.1167,0.7333,0.728,352,11.675,285.1633921272987,321.3359,606.4862,463.911,0.0083,1.2484,0.9178,352,11.675,286.7454725821985,320.0775,606.823,463.4502,0.1,0.8235,0.7768,352,11.675,285.74006780671573,320.9473,606.6707,463.809,0.0083,1.4526,0.9038,352,11.675,286.0870412352167,320.4927,606.5797,463.5362,0.1083,0.7729,0.728,352,11.675
286.077949895701,320.5018,606.5797,463.5407,0.1167,0.7515,0.7263,353,11.708333333333334,285.16400416126527,321.335,606.486,463.9105,0.0083,1.2492,0.9067,353,11.708333333333334,286.7463060091569,320.0765,606.8228,463.4496,0.1,0.8226,0.7772,353,11.708333333333334,285.7407230014371,320.9464,606.6705,463.8085,0.0083,1.4532,0.9009,353,11.708333333333334,286.0880344528027,320.4917,606.5797,463.5357,0.1083,0.7745,0.7263,353,11.708333333333334
286.0776671444085,320.5023,606.58,463.5412,0.1167,0.7505,0.726,354,11.741666666666667,285.1637499178256,321.3355,606.4863,463.9109,0.0083,1.2497,0.9066,354,11.741666666666667,286.74647496999887,320.0765,606.8229,463.4497,0.1,0.8226,0.7773,354,11.741666666666667,285.74087667194294,320.9464,606.6707,463.8085,0.0083,1.4532,0.9002,354,11.741666666666667,286.08778004156704,320.4922,606.58,463.5361,0.1083,0.7742,0.726,354,11.741666666666667
286.07759050821574,320.5024,606.58,463.5412,0.1167,0.7507,0.726,355,11.775,285.16368024102314,321.3356,606.4863,463.9109,0.0083,1.2496,0.9066,355,11.775,286.74647496999887,320.0765,606.8229,463.4497,0.1,0.8226,0.7773,355,11.775,285.74087667194294,320.9464,606.6707,463.8085,0.0083,1.4532,0.9002,355,11.775,286.0877016354592,320.4923,606.58,463.5362,0.1083,0.7742,0.726,355,11.775
286.33713878774176,320.4362,606.7733,463.6048,0.1083,0.7814,0.7198,356,11.813333333333334,285.54825996170484,321.1397,606.6809,463.9103,0.0083,1.0989,0.8287,356,11.813333333333334,286.9980155023064,320.0088,607.0038,463.5063,0.0833,0.8057,0.83,356,11.813333333333334,285.9707139565766,320.7271,606.6913,463.7092,0.0,1.197,0.9666,356,11.813333333333334,286.3393403750458,320.4391,606.7766,463.6079,0.0917,0.8191,0.742,356,11.813333333333334
286.3373132884651,320.4342,606.7715,463.6028,0.1083,0.797,0.7189,357,11.845,285.5487791086275,321.1383,606.6798,463.9091,0.0083,1.1311,0.8322,357,11.845,287.0041385701476,320.0027,607.0038,463.5033,0.0833,0.7767,0.8274,357,11.845,285.97574796756044,320.7221,606.6914,463.7068,0.0,1.1652,0.9668,357,11.845,286.3400363445496,320.4366,606.7747,463.6056,0.0917,0.861,0.7555,357,11.845
286.8005657608644,320.4349,607.2341,463.8345,0.1,0.8065,0.7324,358,11.878333333333334,286.06863129309505,321.1394,607.1973,464.1683,0.0083,1.144,0.758,358,11.878333333333334,287.4360921136454,320.0065,607.4412,463.7238,0.05,0.7819,0.9162,358,11.878333333333334,286.7018284358733,320.7254,607.4122,464.0688,0.0,1.1598,0.9016,358,11.878333333333334,286.7648682687236,320.4372,607.2021,463.8197,0.0833,0.8443,0.7233,358,11.878333333333334
286.1615030011676,322.0553,608.2141,465.1347,0.0417,0.9787,0.8515,359,11.911666666666667,286.0186128861954,322.1783,608.1969,465.1876,0.0083,0.922,0.932,359,11.911666666666667,286.8272794661142,321.5782,608.4055,464.9919,0.05,0.778,0.7926,359,11.911666666666667,286.4468189268714,321.9082,608.355,465.1316,0.0083,0.9313,0.9066,359,11.911666666666667,286.3193981320615,322.056,608.3754,465.2157,0.05,1.0085,0.8359,359,11.911666666666667
285.9986851556498,321.7194,607.718,464.7187,0.0417,1.0338,0.8025,360,11.945,285.6368743455305,322.0232,607.6601,464.8416,0.0083,0.881,0.834,360,11.945,286.61243398623765,321.2582,607.8706,464.5644,0.0583,0.9328,0.7369,360,11.945,286.23703294901543,321.5961,607.8321,464.7141,0.0083,1.0588,0.8151,360,11.945,286.05938546058485,321.7194,607.7787,464.749,0.0667,1.0338,0.7753,360,11.945
285.9283564996724,321.0815,607.0098,464.0457,0.1,0.6543,0.6674,361,11.975000000000001,285.5899586089274,321.3745,606.9637,464.1691,0.0083,0.7965,0.8737,361,11.975000000000001,286.57837131661324,320.6041,607.1824,463.8932,0.0417,0.8492,0.8994,361,11.975000000000001,286.1852049344636,320.9357,607.1209,464.0283,0.0083,0.8843,0.941,361,11.975000000000001,285.99625007214183,321.0815,607.0777,464.0796,0.1167,0.6543,0.6939,361,11.975000000000001
286.1988837830377,320.6363,606.8346,463.7354,0.0917,0.8259,0.6679,362,12.011666666666667,285.5718704447594,321.1202,606.6921,463.9061,0.0,1.0686,0.7495,362,12.011666666666667,286.75178271370845,320.2359,606.9877,463.6118,0.0917,0.7171,0.7366,362,12.011666666666667,286.15339048084576,320.7148,606.8682,463.7915,0.0,1.1471,0.9062,362,12.011666666666667,286.1988837830377,320.6363,606.8346,463.7354,0.0917,0.8259,0.6679,362,12.011666666666667
286.3184507916207,320.5584,606.8769,463.7177,0.0583,0.7482,0.7381,363,12.041666666666668,285.62662846171446,321.0321,606.6587,463.8454,0.0,1.0322,0.7906,363,12.041666666666668,287.00139584465967,320.1529,607.1543,463.6536,0.0833,0.7234,0.81,363,12.041666666666668,286.20826110806973,320.622,606.8303,463.7262,0.0,1.0462,0.9283,363,12.041666666666668,286.3184507916207,320.5584,606.8769,463.7177,0.0583,0.7482,0.7381,363,12.041666666666668
286.2358914943044,320.591,606.8267,463.7089,0.0917,0.8929,0.7598,364,12.075000000000001,285.6375519054177,321.0094,606.6469,463.8282,0.0,0.9114,0.8111,364,12.075000000000001,287.04170875202715,320.098,607.1397,463.6189,0.0917,0.7064,0.8463,364,12.075000000000001,286.21631285811713,320.6013,606.8176,463.7094,0.0,1.1129,0.9364,364,12.075000000000001,286.2358914943044,320.591,606.8267,463.7089,0.0917,0.8929,0.7598,364,12.075000000000001
286.2306804008891,320.5916,606.8214,463.7065,0.0833,0.8261,0.7539,365,12.108333333333334,285.76098410234476,320.8789,606.637,463.758,0.0,0.7774,0.7957,365,12.108333333333334,286.84012592645263,320.0943,606.9344,463.5144,0.0917,0.701,0.7023,365,12.108333333333334,286.35087282219627,320.4567,606.8076,463.6321,0.0,0.8205,0.9352,365,12.108333333333334,286.2306804008891,320.5916,606.8214,463.7065,0.0833,0.8261,0.7539,365,12.108333333333334
286.34984516854644,320.4374,606.7853,463.6113,0.1,0.7638,0.7787,366,12.145000000000001,285.9166234581112,320.9258,606.8342,463.88,0.0,0.9652,0.8277,366,12.145000000000001,287.1016002796747,320.0435,607.1413,463.5924,0.0833,0.8662,0.6552,366,12.145000000000001,286.6491607620311,320.5256,607.143,463.8343,0.0,1.3036,0.8175,366,12.145000000000001,286.34984516854644,320.4374,606.7853,463.6113,0.1,0.7638,0.7787,366,12.145000000000001
286.3257203002805,320.4584,606.7841,463.6213,0.0917,0.8692,0.7514,367,12.178333333333335,285.92304863308414,320.918,606.8332,463.8756,0.0,0.968,0.8399,367,12.178333333333335,287.09847477221075,320.0459,607.1405,463.5932,0.075,0.853,0.6574,367,12.178333333333335,286.6514959968482,320.5224,607.1423,463.8323,0.0,1.3561,0.8178,367,12.178333333333335,286.3257203002805,320.4584,606.7841,463.6213,0.0917,0.8692,0.7514,367,12.178333333333335
286.3099593208706,320.4284,606.7377,463.583,0.0917,0.7688,0.7699,368,12.211666666666668,285.92304833410356,320.9164,606.8317,463.874,0.0,0.9744,0.8459,368,12.211666666666668,287.09984441646066,320.0446,607.1406,463.5926,0.075,0.884,0.6526,368,12.211666666666668,286.65292021561663,320.5209,607.1423,463.8316,0.0,1.3506,0.8179,368,12.211666666666668,286.3565074304481,320.4284,606.7827,463.6056,0.1,0.7688,0.7356,368,12.211666666666668
286.28311023859226,320.4566,606.7397,463.5981,0.0833,0.8797,0.7771,369,12.245000000000001,285.9247042704152,320.9165,606.8332,463.8749,0.0,0.9662,0.8343,369,12.245000000000001,287.09827171441094,320.0473,607.1417,463.5945,0.075,0.8788,0.6626,369,12.245000000000001,286.6494874985792,320.5238,607.1418,463.8328,0.0,1.3532,0.817,369,12.245000000000001,286.32842904848985,320.4566,606.785,463.6208,0.0917,0.8797,0.7505,369,12.245000000000001
286.31170931736756,320.4286,606.7397,463.5841,0.0917,0.7679,0.7768,370,12.280000000000001,285.9242161825031,320.917,606.8332,463.8751,0.0,0.9655,0.8341,370,12.280000000000001,287.0980811045422,320.0474,607.1417,463.5945,0.075,0.8784,0.6585,370,12.280000000000001,286.6493171556631,320.5239,607.1418,463.8329,0.0,1.3535,0.817,370,12.280000000000001,286.35851578843204,320.4286,606.785,463.6068,0.1,0.7679,0.7506,370,12.280000000000001
286.31073153743716,320.4299,606.7401,463.585,0.0917,0.7652,0.7763,371,12.311666666666667,285.92406267034454,320.9179,606.8339,463.8759,0.0,0.9665,0.8334,371,12.311666666666667,287.0973051900554,320.0482,607.1416,463.5949,0.075,0.8517,0.6623,371,12.311666666666667,286.64948855033816,320.5246,607.1426,463.8336,0.0,1.3538,0.8173,371,12.311666666666667,286.3575110448763,320.4299,606.7854,463.6076,0.1,0.7652,0.7512,371,12.311666666666667
286.3248133709503,320.461,606.7859,463.6234,0.0917,0.8818,0.7516,372,12.345,285.92207796843877,320.9205,606.8347,463.8776,0.0,0.9647,0.8333,372,12.345,287.0975821149136,320.0477,607.1415,463.5946,0.075,0.8526,0.6581,372,12.345,286.65017153701217,320.5241,607.1428,463.8335,0.0,1.3539,0.8173,372,12.345,286.3248133709503,320.461,606.7859,463.6234,0.0917,0.8818,0.7516,372,12.345
286.3550876515137,320.432,606.785,463.6085,0.1,0.757,0.7505,373,12.381666666666668,285.920877520712,320.9203,606.8331,463.8767,0.0,0.9592,0.8391,373,12.381666666666668,287.0950056771933,320.0493,607.1404,463.5948,0.075,0.8517,0.657,373,12.381666666666668,286.6476071804786,320.5255,607.1416,463.8336,0.0,1.3537,0.8186,373,12.381666666666668,286.3550876515137,320.432,606.785,463.6085,0.1,0.757,0.7505,373,12.381666666666668
286.35435953764664,320.4328,606.785,463.6089,0.1,0.7429,0.7554,374,12.411666666666667,285.9205056250204,320.9208,606.8333,463.8771,0.0,0.9547,0.8376,374,12.411666666666667,287.0950913408351,320.0499,607.1411,463.5955,0.075,0.8516,0.6579,374,12.411666666666667,286.64769333851325,320.5261,607.1423,463.8342,0.0,1.3355,0.8182,374,12.411666666666667,286.35435953764664,320.4328,606.785,463.6089,0.1,0.7429,0.7554,374,12.411666666666667
286.3068627477512,320.4337,606.7398,463.5868,0.0917,0.7424,0.7929,375,12.441666666666668,285.91994224268564,320.9218,606.8335,463.8776,0.0,0.953,0.8406,375,12.441666666666668,287.1006405141991,320.0439,607.1406,463.5922,0.075,0.8554,0.6576,375,12.441666666666668,286.65308133447525,320.5201,607.1419,463.831,0.0,1.3451,0.8184,375,12.441666666666668,286.35367151441267,320.4337,606.7851,463.6094,0.1,0.7424,0.7611,375,12.441666666666668
286.2162371232308,320.516,606.7298,463.6229,0.0833,0.7227,0.766,376,12.488333333333333,285.80225901486864,321.0129,606.8005,463.9067,0.0083,1.0498,0.8176,376,12.488333333333333,286.81443742344885,320.0772,606.8916,463.4844,0.0833,0.8463,0.7797,376,12.488333333333333,286.5705442850244,320.5766,607.1167,463.8466,0.0,1.1984,0.8449,376,12.488333333333333,286.16175343856037,320.5216,606.6834,463.6025,0.0833,0.8358,0.7233,376,12.488333333333333
286.131272128452,320.5218,606.653,463.5874,0.1,0.857,0.6633,377,12.511666666666667,285.56303382459754,321.0178,606.5726,463.7952,0.0083,1.1544,0.8879,377,12.511666666666667,286.81003424629625,320.0902,606.8992,463.4947,0.075,0.839,0.746,377,12.511666666666667,286.3177657899129,320.588,606.8893,463.7386,0.0,1.2431,0.8311,377,12.511666666666667,286.1274988346772,320.5277,606.653,463.5904,0.0917,0.899,0.6633,377,12.511666666666667
286.1195309231766,320.534,606.653,463.5935,0.0917,0.8657,0.6652,378,12.545,285.56525477288915,321.0152,606.5722,463.7937,0.0083,1.1642,0.8878,378,12.545,286.81024764578865,320.09,606.8992,463.4946,0.075,0.8422,0.7461,378,12.545,286.3180938511824,320.5878,606.8894,463.7386,0.0,1.2464,0.8295,378,12.545,286.130100008001,320.525,606.653,463.589,0.0917,0.8808,0.6652,378,12.545
286.13195813183154,320.5198,606.6517,463.5858,0.1,0.8666,0.657,379,12.586666666666668,285.563572423054,321.0157,606.571,463.7934,0.0083,1.1862,0.8885,379,12.586666666666668,286.8087294876145,320.0897,606.8974,463.4936,0.075,0.8395,0.7411,379,12.586666666666668,286.316592161558,320.5875,606.8876,463.7375,0.0,1.2462,0.8324,379,12.586666666666668,286.128339344377,320.5255,606.6517,463.5886,0.0917,0.8972,0.657,379,12.586666666666668
286.1294490524487,320.5211,606.6506,463.5859,0.1,0.8065,0.6599,380,12.611666666666668,285.56131183188756,321.0175,606.5704,463.7939,0.0083,1.1505,0.8839,380,12.611666666666668,286.8089760103828,320.0893,606.8972,463.4932,0.075,0.8445,0.7408,380,12.611666666666668,286.31686207296957,320.587,606.8874,463.7372,0.0,1.2498,0.8327,380,12.611666666666668,286.1250305607092,320.5275,606.6506,463.589,0.0917,0.8795,0.6599,380,12.611666666666668
286.13132420656586,320.52,606.6513,463.5857,0.1,0.8653,0.6554,381,12.645000000000001,285.5639640656469,321.016,606.5715,463.7938,0.0083,1.1564,0.8884,381,12.645000000000001,286.80889204099026,320.0893,606.8972,463.4933,0.075,0.8413,0.7411,381,12.645000000000001,286.3167839699236,320.587,606.8873,463.7372,0.0,1.2461,0.8325,381,12.645000000000001,286.12725962429823,320.5259,606.6513,463.5886,0.0917,0.8938,0.6554,381,12.645000000000001
286.1200545661968,320.5322,606.6518,463.592,0.0917,0.8085,0.6564,382,12.685,285.5667761454573,321.0136,606.572,463.7928,0.0083,1.1418,0.8881,382,12.685,286.809096943712,320.0895,606.8976,463.4935,0.075,0.8433,0.7419,382,12.685,286.31695936935256,320.5872,606.8877,463.7374,0.0,1.2463,0.846,382,12.685,286.1301893363758,320.5236,606.6518,463.5877,0.0917,0.8217,0.6564,382,12.685
286.11692963289335,320.5364,606.6531,463.5948,0.0917,0.8858,0.6567,383,12.711666666666668,285.56373735010624,321.0179,606.5732,463.7955,0.0083,1.1851,0.8884,383,12.711666666666668,286.808945457048,320.0903,606.8983,463.4943,0.075,0.8405,0.7423,383,12.711666666666668,286.31674582767647,320.588,606.8883,463.7381,0.0,1.2465,0.8458,383,12.711666666666668,286.12749606661464,320.5275,606.6531,463.5903,0.0917,0.8988,0.6567,383,12.711666666666668
286.1344409604827,320.5188,606.6532,463.586,0.1,0.7851,0.6556,384,12.741666666666667,285.56664820235727,321.015,606.5733,463.7942,0.0083,1.1662,0.8887,384,12.741666666666667,286.81071709387413,320.0885,606.8983,463.4934,0.075,0.842,0.7423,384,12.741666666666667,286.3184599676432,320.5863,606.8883,463.7373,0.0,1.2469,0.8458,384,12.741666666666667,286.131093845004,320.5242,606.6532,463.5887,0.0917,0.8809,0.6556,384,12.741666666666667
286.16084757848614,320.5219,606.6827,463.6023,0.0917,0.8801,0.7028,385,12.775,285.5645712576369,321.0179,606.5739,463.7959,0.0083,1.1555,0.8888,385,12.775,286.8095034539414,320.0902,606.8988,463.4945,0.075,0.8406,0.7436,385,12.775,286.31727870805184,320.5879,606.8888,463.7384,0.0,1.2465,0.8449,385,12.775,286.127216413929,320.5277,606.6532,463.5904,0.0917,0.893,0.6498,385,12.775
286.22748241237,320.462,606.6895,463.5757,0.0833,0.8808,0.7405,386,12.813333333333334,285.6502489950482,321.1265,606.7707,463.9486,0.0,1.0786,0.8633,386,12.813333333333334,286.81364502187705,320.0544,606.868,463.4612,0.0833,0.761,0.7418,386,12.813333333333334,286.2001545865893,320.7489,606.942,463.8454,0.0,1.1415,0.8794,386,12.813333333333334,286.21938519492505,320.4707,606.6895,463.5801,0.1,0.867,0.7405,386,12.813333333333334
286.2257388661332,320.4628,606.6885,463.5757,0.0833,0.8879,0.7333,387,12.845,285.649281594364,321.127,606.7702,463.9486,0.0,1.0595,0.8646,387,12.845,286.81391501387236,320.0545,606.8684,463.4615,0.0833,0.7645,0.7426,387,12.845,286.20041645661803,320.749,606.9424,463.8457,0.0,1.1414,0.885,387,12.845,286.21760166423934,320.4715,606.6885,463.58,0.1,0.8623,0.7333,387,12.845
286.2260238257537,320.4635,606.6895,463.5765,0.0833,0.8798,0.7446,388,12.875,285.6494830702701,321.1278,606.7712,463.9495,0.0,1.0754,0.8643,388,12.875,286.81411014134096,320.0547,606.8688,463.4618,0.0833,0.7611,0.7433,388,12.875,286.200683835194,320.7492,606.9428,463.846,0.0,1.1417,0.885,388,12.875,286.217896971251,320.4723,606.6895,463.5809,0.1,0.8628,0.7446,388,12.875
286.2263409720613,320.4627,606.6891,463.5759,0.0833,0.8798,0.7492,389,12.908333333333335,285.649504271517,321.1272,606.7708,463.949,0.0,1.0864,0.8558,389,12.908333333333335,286.8081851972887,320.0604,606.8686,463.4645,0.0833,0.7382,0.7405,389,12.908333333333335,286.1949125100542,320.7546,606.9422,463.8484,0.0,1.1189,0.8836,389,12.908333333333335,286.2182406711017,320.4716,606.6891,463.5803,0.1,0.8971,0.7492,389,12.908333333333335
286.2352203074585,320.4546,606.6887,463.5717,0.0917,0.7287,0.7361,390,12.941666666666668,285.6481410992358,321.1286,606.7707,463.9497,0.0,1.0352,0.8587,390,12.941666666666668,286.81329956484603,320.0547,606.868,463.4614,0.0833,0.7301,0.7399,390,12.941666666666668,286.19934907041045,320.7491,606.9411,463.8451,0.0,1.1678,0.8823,390,12.941666666666668,286.2151947703795,320.4741,606.6887,463.5814,0.1,0.8442,0.7361,390,12.941666666666668
286.2228907469032,320.4662,606.6891,463.5776,0.0833,0.8805,0.7372,391,12.975000000000001,285.6474892946981,321.1297,606.7711,463.9504,0.0,1.0153,0.8581,391,12.975000000000001,286.81259277416086,320.0554,606.868,463.4617,0.0833,0.7383,0.7399,391,12.975000000000001,286.1986856787447,320.7498,606.9411,463.8454,0.0,1.1702,0.8823,391,12.975000000000001,286.21446635774726,320.4752,606.6891,463.5821,0.1,0.8429,0.7372,391,12.975000000000001
286.2219795227437,320.4669,606.6888,463.5778,0.0833,0.8653,0.7369,392,13.011666666666667,285.64657418568845,321.1305,606.771,463.9507,0.0,1.036,0.858,392,13.011666666666667,286.811763636077,320.056,606.8678,463.4619,0.0833,0.732,0.7422,392,13.011666666666667,286.19794105817203,320.7503,606.9409,463.8456,0.0,1.17,0.8819,392,13.011666666666667,286.2138256129999,320.4755,606.6888,463.5822,0.1,0.8534,0.7369,392,13.011666666666667
286.22032024576436,320.4684,606.6887,463.5786,0.0833,0.867,0.735,393,13.045000000000002,285.6445051112179,321.1321,606.7706,463.9514,0.0,1.0545,0.8602,393,13.045000000000002,286.81135776494375,320.0565,606.8679,463.4622,0.0833,0.7333,0.7393,393,13.045000000000002,286.1976078277459,320.751,606.9411,463.846,0.0,1.1582,0.882,393,13.045000000000002,286.21200885561416,320.4774,606.6887,463.5831,0.1,0.8747,0.735,393,13.045000000000002
286.2213303504815,320.4689,606.6903,463.5796,0.0833,0.8781,0.7343,394,13.075000000000001,285.64601397729336,321.1328,606.7728,463.9528,0.0,1.0417,0.8651,394,13.075000000000001,287.050374145794,320.0544,607.104,463.5792,0.075,0.7375,0.8568,394,13.075000000000001,286.372586896814,320.7491,607.0979,463.9235,0.0,1.1463,0.9098,394,13.075000000000001,286.21298221810844,320.4781,606.6903,463.5842,0.1,0.8678,0.7343,394,13.075000000000001
286.2203852720331,320.4696,606.69,463.5798,0.0833,0.885,0.7353,395,13.108333333333334,285.64534013009467,321.1334,606.7727,463.953,0.0,1.0446,0.8647,395,13.108333333333334,287.0507392881359,320.0539,607.1038,463.5789,0.075,0.7523,0.8571,395,13.108333333333334,286.3729161567439,320.7487,607.0977,463.9232,0.0,1.1488,0.9102,395,13.108333333333334,286.21208406207336,320.4786,606.69,463.5843,0.1,0.8629,0.7353,395,13.108333333333334
286.4035736079378,320.4269,606.8305,463.6287,0.1,0.8278,0.8285,396,13.146666666666668,285.3289226826324,321.1956,606.5153,463.8555,0.0,1.5444,0.9535,396,13.146666666666668,286.925536276146,320.0378,606.9634,463.5006,0.075,0.8757,0.888,396,13.146666666666668,285.85947188018594,320.8434,606.693,463.7682,0.0,1.4192,0.9579,396,13.146666666666668,286.4035736079378,320.4269,606.8305,463.6287,0.1,0.8278,0.8285,396,13.146666666666668
286.4043050134385,320.4265,606.8308,463.6286,0.1,0.8281,0.8429,397,13.178333333333335,285.3293455241318,321.1951,606.5153,463.8552,0.0,1.544,0.9478,397,13.178333333333335,286.9256904606773,320.0384,606.9641,463.5013,0.075,0.8756,0.8845,397,13.178333333333335,285.85922746839015,320.844,606.6933,463.7686,0.0,1.4199,0.966,397,13.178333333333335,286.4043050134385,320.4265,606.8308,463.6286,0.1,0.8281,0.8429,397,13.178333333333335
286.3167671602416,320.4271,606.7428,463.585,0.0667,0.8312,0.8907,398,13.208333333333334,285.5480461850242,321.1959,606.7258,463.9609,0.0,1.5152,0.9468,398,13.208333333333334,287.0369988221011,320.0321,607.0659,463.549,0.1,0.8819,0.8145,398,13.208333333333334,286.0896718205485,320.8396,606.9078,463.8737,0.0,1.4406,0.8834,398,13.208333333333334,286.4014698975168,320.4271,606.8285,463.6278,0.1,0.8312,0.8353,398,13.208333333333334
286.3183528742339,320.427,606.7444,463.5857,0.0667,0.8314,0.8894,399,13.241666666666667,285.54952894205167,321.1959,606.7273,463.9616,0.0,1.5152,0.9534,399,13.241666666666667,287.0378680623476,320.0321,607.0668,463.5494,0.1,0.8819,0.8324,399,13.241666666666667,286.09039330222714,320.8396,606.9086,463.8741,0.0,1.4406,0.8895,399,13.241666666666667,286.40321318546904,320.427,606.8302,463.6286,0.1,0.8314,0.846,399,13.241666666666667
286.3169683581223,320.4278,606.7439,463.5859,0.0667,0.8429,0.8968,400,13.275,285.5480600584955,321.1968,606.7266,463.9617,0.0,1.5151,0.9533,400,13.275,287.0386336868162,320.0313,607.0667,463.549,0.1,0.8726,0.8329,400,13.275,286.09092977280767,320.839,606.9085,463.8737,0.0,1.4403,0.8893,400,13.275,286.4018821734144,320.4278,606.8297,463.6288,0.1,0.8429,0.8545,400,13.275
286.3149627627025,320.4297,606.7438,463.5867,0.0667,0.8406,0.8966,401,13.308333333333334,285.5454704100287,321.1987,606.7258,463.9622,0.0,1.5158,0.9517,401,13.308333333333334,287.0013193201911,320.0329,607.0321,463.5325,0.0917,0.8715,0.8316,401,13.308333333333334,286.08971584863093,320.8406,606.9088,463.8747,0.0,1.4405,0.8824,401,13.308333333333334,286.39978546225495,320.4297,606.8295,463.6296,0.1,0.8406,0.8449,401,13.308333333333334
286.3156620960251,320.4274,606.7421,463.5847,0.0667,0.8358,0.869,402,13.341666666666667,285.54651374550207,321.1962,606.7245,463.9604,0.0,1.5225,0.9558,402,13.341666666666667,286.96594464126895,320.0323,606.9967,463.5145,0.0833,0.8771,0.8352,402,13.341666666666667,286.0870553448699,320.8399,606.9055,463.8727,0.0,1.4402,0.8836,402,13.341666666666667,286.4006534250578,320.4274,606.828,463.6277,0.1,0.8358,0.8494,402,13.341666666666667
286.31290535267453,320.4294,606.7414,463.5854,0.0667,0.8352,0.8713,403,13.375,285.5444541675697,321.1982,606.7244,463.9613,0.0,1.5028,0.9532,403,13.375,286.9972352774022,320.0337,607.0288,463.5312,0.0917,0.8877,0.8407,403,13.375,286.0856621344516,320.8412,606.9054,463.8733,0.0,1.44,0.8836,403,13.375,286.3979320541746,320.4294,606.8274,463.6284,0.1,0.8352,0.8699,403,13.375
286.3140155767122,320.4295,606.7426,463.586,0.0667,0.8349,0.8666,404,13.408333333333335,285.54549957645395,321.1982,606.7254,463.9618,0.0,1.5027,0.9557,404,13.408333333333335,286.96645930680984,320.0337,606.9986,463.5161,0.0833,0.8877,0.8367,404,13.408333333333335,286.08762664585583,320.8412,606.9073,463.8743,0.0,1.44,0.8899,404,13.408333333333335,286.3674376890442,320.4295,606.797,463.6132,0.0917,0.8349,0.8204,404,13.408333333333335
286.3168338393275,320.4282,606.7441,463.5862,0.0667,0.8314,0.8691,405,13.441666666666668,285.54810255356324,321.1971,606.7269,463.962,0.0,1.4962,0.9576,405,13.441666666666668,287.0367423825033,320.0329,607.0665,463.5497,0.1,0.8881,0.8384,405,13.441666666666668,286.09014166270356,320.8404,606.9091,463.8748,0.0,1.4404,0.8893,405,13.441666666666668,286.40051122375655,320.4282,606.8287,463.6285,0.1,0.8314,0.8592,405,13.441666666666668
286.1285301559094,320.5536,606.6822,463.6179,0.0833,0.9105,0.7129,406,13.48,285.5695561937243,321.2201,606.7794,463.9998,0.0,1.2994,0.8062,406,13.48,286.9067055357881,320.0647,606.97,463.5174,0.05,0.8211,0.822,406,13.48,286.0580905272119,320.7621,606.8159,463.789,0.0,1.0184,0.8834,406,13.48,286.1368422673495,320.5453,606.6822,463.6137,0.1,0.9241,0.7129,406,13.48
286.1430689169854,320.5547,606.6971,463.6259,0.075,0.9304,0.7491,407,13.510000000000002,285.5683656058359,321.2215,606.7797,464.0006,0.0,1.3034,0.8031,407,13.510000000000002,286.8840303712127,320.0866,606.9693,463.528,0.0583,0.7917,0.8213,407,13.510000000000002,286.07074433069295,320.7506,606.8153,463.783,0.0,1.0738,0.8526,407,13.510000000000002,286.15139373991974,320.5464,606.6971,463.6217,0.0917,0.898,0.7491,407,13.510000000000002
286.18216798321913,320.5005,606.6827,463.5916,0.0917,0.8883,0.7159,408,13.543333333333335,285.5693459252048,321.2216,606.7808,464.0012,0.0,1.3208,0.8031,408,13.543333333333335,286.8840691614814,320.0867,606.9695,463.5281,0.0583,0.791,0.8227,408,13.543333333333335,286.0708069467802,320.7507,606.8155,463.7831,0.0,1.0799,0.8527,408,13.543333333333335,286.1525043813418,320.5464,606.6981,463.6222,0.0917,0.8834,0.7361,408,13.543333333333335
286.12721481527853,320.5548,606.682,463.6184,0.0833,0.9326,0.7216,409,13.575000000000001,285.5685477318291,321.2217,606.78,464.0009,0.0,1.3081,0.7994,409,13.575000000000001,286.88463237835674,320.0868,606.9701,463.5285,0.0583,0.7928,0.8225,409,13.575000000000001,286.07137325813505,320.7507,606.8161,463.7834,0.0,1.0793,0.8528,409,13.575000000000001,286.1516965798853,320.5465,606.6974,463.622,0.0917,0.8878,0.7361,409,13.575000000000001
286.1813051454892,320.5005,606.6818,463.5912,0.0917,0.8994,0.7152,410,13.610000000000001,285.56932312187394,321.221,606.7802,464.0006,0.0,1.3125,0.8044,410,13.610000000000001,286.8837249714088,320.0866,606.9691,463.5278,0.0583,0.7932,0.8215,410,13.610000000000001,286.07070054420984,320.7502,606.8149,463.7826,0.0,1.0782,0.8567,410,13.610000000000001,286.13544456118564,320.5464,606.6818,463.6141,0.1,0.8895,0.7152,410,13.610000000000001
286.1815842606642,320.5004,606.682,463.5912,0.0917,0.9015,0.7141,411,13.645000000000001,285.56953456120414,321.221,606.7803,464.0007,0.0,1.3013,0.7991,411,13.645000000000001,286.8831482119001,320.0874,606.9693,463.5283,0.0583,0.7923,0.821,411,13.645000000000001,286.07017548374654,320.7509,606.8151,463.783,0.0,1.0781,0.8573,411,13.645000000000001,286.15188509236657,320.5463,606.6974,463.6218,0.0917,0.8909,0.7207,411,13.645000000000001
286.18221079761724,320.5008,606.683,463.5919,0.0917,0.8864,0.7099,412,13.678333333333335,285.57017049962957,321.2213,606.7813,464.0013,0.0,1.3061,0.7997,412,13.678333333333335,286.8828748388779,320.0874,606.969,463.5282,0.0583,0.7923,0.8211,412,13.678333333333335,286.0699194659815,320.7509,606.8149,463.7829,0.0,1.0781,0.8569,412,13.678333333333335,286.13630344670275,320.5467,606.683,463.6148,0.1,0.8857,0.7099,412,13.678333333333335
286.1791020960459,320.5017,606.6808,463.5913,0.0917,0.8897,0.7135,413,13.713333333333335,285.5671411784344,321.2222,606.7791,464.0006,0.0,1.3019,0.7988,413,13.713333333333335,286.88324553526286,320.0874,606.9694,463.5284,0.0583,0.7923,0.8213,413,13.713333333333335,286.0702582147256,320.7509,606.8152,463.7831,0.0,1.0781,0.8574,413,13.713333333333335,286.13337755128936,320.5475,606.6808,463.6142,0.1,0.8913,0.7135,413,13.713333333333335
286.17989567416225,320.5011,606.6809,463.591,0.0917,0.8914,0.7143,414,13.743333333333334,285.567197074515,321.2217,606.7787,464.0002,0.0,1.3155,0.803,414,13.743333333333334,286.91968867420906,320.0504,606.9688,463.5096,0.05,0.8063,0.8214,414,13.743333333333334,286.069779355288,320.7509,606.8147,463.7828,0.0,1.0779,0.8572,414,13.743333333333334,286.1339943129313,320.547,606.6809,463.6139,0.1,0.8901,0.7143,414,13.743333333333334
286.1242299476794,320.5573,606.6815,463.6194,0.0833,0.9409,0.7156,415,13.776666666666667,285.5659263380703,321.2233,606.7791,464.0012,0.0,1.3244,0.8023,415,13.776666666666667,286.9202091443859,320.0501,606.9691,463.5096,0.05,0.8078,0.8215,415,13.776666666666667,286.0702633648433,320.7506,606.8149,463.7828,0.0,1.0778,0.8578,415,13.776666666666667,286.13271511565745,320.5488,606.6815,463.6151,0.1,0.8914,0.7156,415,13.776666666666667
286.2340846902092,320.4991,606.7332,463.6161,0.075,0.8103,0.8124,416,13.816666666666668,285.4934040145733,321.1806,606.6666,463.9236,0.0,1.1264,0.9038,416,13.816666666666668,286.930227203486,319.9832,606.9129,463.448,0.075,0.7517,0.8416,416,13.816666666666668,285.9693817512228,320.7233,606.6871,463.7052,0.0,1.0335,0.9759,416,13.816666666666668,286.22656085679904,320.5066,606.7332,463.6199,0.0833,0.898,0.8124,416,13.816666666666668
286.23739367168855,320.4967,606.7341,463.6154,0.075,0.8359,0.8152,417,13.845,285.4962046665538,321.1786,606.6673,463.923,0.0,1.1137,0.8969,417,13.845,286.97805166201573,319.9833,606.9578,463.4705,0.0833,0.7521,0.8297,417,13.845,285.9704376062225,320.7233,606.6882,463.7058,0.0,1.0434,0.9469,417,13.845,286.22997046652415,320.5041,606.7341,463.6191,0.0833,0.9066,0.8152,417,13.845
286.2167759675732,320.5172,606.734,463.6256,0.0667,0.9715,0.8037,418,13.875000000000002,285.4879408281006,321.1856,606.6661,463.9258,0.0,1.1474,0.936,418,13.875000000000002,286.9540639655768,320.0098,606.9603,463.485,0.075,0.7177,0.8307,418,13.875000000000002,285.9683018721739,320.7262,606.6888,463.7075,0.0,1.0713,0.9792,418,13.875000000000002,286.2225885737994,320.5114,606.734,463.6227,0.0833,0.9717,0.8037,418,13.875000000000002
286.22306328772385,320.5108,606.7338,463.6223,0.0667,0.8911,0.8238,419,13.918333333333335,285.495950514144,321.1787,606.6671,463.9229,0.0,1.1346,0.8979,419,13.918333333333335,286.9794725277959,319.9814,606.9573,463.4694,0.0833,0.7284,0.8303,419,13.918333333333335,285.9716604800134,320.7218,606.6877,463.7048,0.0,1.0272,0.9743,419,13.918333333333335,286.2292211996489,320.5046,606.7338,463.6192,0.0833,0.8942,0.8238,419,13.918333333333335
286.2374230545239,320.4962,606.7337,463.615,0.075,0.7937,0.8213,420,13.943333333333333,285.49652475659633,321.1778,606.6667,463.9222,0.0,1.1455,0.8978,420,13.943333333333333,286.9329606373712,319.9812,606.9138,463.4475,0.075,0.7274,0.8392,420,13.943333333333333,285.9719470179806,320.7215,606.6878,463.7047,0.0,1.0268,0.9675,420,13.943333333333333,286.2300445680173,320.5036,606.7337,463.6186,0.0833,0.8941,0.8213,420,13.943333333333333
286.2223426829827,320.5127,606.735,463.6239,0.0667,0.8865,0.8231,421,13.975000000000001,285.49482309150693,321.1806,606.6681,463.9244,0.0,1.1311,0.8978,421,13.975000000000001,286.93012618013387,319.9839,606.9136,463.4487,0.075,0.7353,0.8393,421,13.975000000000001,285.96928700475496,320.7239,606.6876,463.7058,0.0,1.0479,0.9746,421,13.975000000000001,286.2287351304719,320.5063,606.735,463.6207,0.0833,0.8871,0.8231,421,13.975000000000001
286.2213371198037,320.5133,606.7347,463.624,0.0667,0.8969,0.8172,422,14.020000000000001,285.49415013564965,321.181,606.6678,463.9244,0.0,1.121,0.8998,422,14.020000000000001,286.92867066340204,319.9848,606.9132,463.449,0.075,0.7499,0.8411,422,14.020000000000001,285.968118292907,320.7245,606.6872,463.7059,0.0,1.0815,0.9758,422,14.020000000000001,286.2275124483267,320.5072,606.7347,463.6209,0.0833,0.8983,0.8172,422,14.020000000000001
286.22275629359547,320.5114,606.7341,463.6227,0.0667,0.9048,0.8232,423,14.045000000000002,285.4962111286944,321.1784,606.6672,463.9228,0.0,1.1368,0.895,423,14.045000000000002,286.9278376854587,319.9856,606.913,463.4493,0.075,0.7584,0.8515,423,14.045000000000002,285.96853232441356,320.724,606.687,463.7055,0.0,1.053,0.9819,423,14.045000000000002,286.22921210769664,320.5049,606.7341,463.6195,0.0833,0.9054,0.8232,423,14.045000000000002
286.2228105485822,320.5113,606.7341,463.6227,0.0667,0.9046,0.8233,424,14.078333333333335,285.4963053793829,321.1782,606.6672,463.9227,0.0,1.1433,0.8944,424,14.078333333333335,286.9271226799194,319.9862,606.9129,463.4496,0.075,0.7584,0.8516,424,14.078333333333335,285.96788670696054,320.7246,606.687,463.7058,0.0,1.0526,0.9819,424,14.078333333333335,286.22916796347454,320.5049,606.7341,463.6195,0.0833,0.9052,0.8233,424,14.078333333333335
286.2227965908342,320.5115,606.7343,463.6229,0.0667,0.9047,0.8236,425,14.118333333333334,285.49628512246784,321.1784,606.6674,463.9229,0.0,1.143,0.8895,425,14.118333333333334,286.92724940462585,319.9862,606.913,463.4496,0.075,0.7584,0.8515,425,14.118333333333334,285.968007369573,320.7246,606.6871,463.7058,0.0,1.0526,0.9819,425,14.118333333333334,286.2291199018901,320.5052,606.7343,463.6198,0.0833,0.9053,0.8236,425,14.118333333333334
286.2128050707027,320.4724,606.6847,463.5785,0.075,0.8486,0.774,426,14.146666666666668,285.6090262256379,321.1074,606.6971,463.9023,0.0,1.3127,0.921,426,14.146666666666668,286.83282547554165,320.059,606.8918,463.4754,0.0583,0.8838,0.8741,426,14.146666666666668,286.1743355350078,320.7312,606.8816,463.8064,0.0,1.3653,0.9267,426,14.146666666666668,286.2285073696875,320.4579,606.6847,463.5713,0.0917,0.8654,0.774,426,14.146666666666668
286.21181417847157,320.4736,606.6844,463.579,0.075,0.9118,0.7738,427,14.178333333333335,285.60737070157,321.1089,606.697,463.9029,0.0,1.3013,0.9093,427,14.178333333333335,286.7991050525444,320.0934,606.8925,463.4929,0.0667,0.9212,0.8787,427,14.178333333333335,286.1771687688584,320.7285,606.8819,463.8052,0.0,1.3728,0.9076,427,14.178333333333335,286.22739073203655,320.4591,606.6844,463.5718,0.0917,0.9095,0.7738,427,14.178333333333335
286.2138535354865,320.4709,606.684,463.5775,0.075,0.9227,0.7784,428,14.208333333333334,285.60916460727185,321.1069,606.6966,463.9017,0.0,1.3034,0.9272,428,14.208333333333334,286.8049269534475,320.0886,606.8935,463.491,0.0667,0.9039,0.8782,428,14.208333333333334,286.1816576399618,320.7254,606.8829,463.8041,0.0,1.3935,0.936,428,14.208333333333334,286.22938879728656,320.4565,606.684,463.5703,0.0917,0.9204,0.7784,428,14.208333333333334
286.21228873858695,320.4756,606.6874,463.5815,0.075,0.8776,0.8516,429,14.241666666666667,285.6080812136255,321.1112,606.6998,463.9055,0.0,1.2868,0.9271,429,14.241666666666667,286.8037690045696,320.0911,606.8948,463.4929,0.0667,0.9167,0.8771,429,14.241666666666667,286.1807894835558,320.7273,606.884,463.8056,0.0,1.3954,0.9397,429,14.241666666666667,286.22753966989285,320.4615,606.6874,463.5744,0.0917,0.8939,0.8516,429,14.241666666666667
286.211146835068,320.477,606.6874,463.5822,0.075,0.88,0.8253,430,14.275,285.60701498060723,321.1119,606.6994,463.9056,0.0,1.2858,0.9394,430,14.275,286.80364759690417,320.0917,606.8954,463.4936,0.0667,0.9278,0.8956,430,14.275,286.18053983216157,320.728,606.8845,463.8062,0.0,1.3903,0.9328,430,14.275,286.22643865223745,320.4628,606.6874,463.5751,0.0917,0.8963,0.8253,430,14.275
286.213554268677,320.4748,606.6879,463.5814,0.075,0.8766,0.8287,431,14.308333333333334,285.60921993372546,321.1107,606.7003,463.9055,0.0,1.2827,0.9341,431,14.308333333333334,286.80138012986254,320.094,606.8954,463.4947,0.0667,0.9195,0.8956,431,14.308333333333334,286.1787608243013,320.7302,606.8848,463.8075,0.0,1.3902,0.9313,431,14.308333333333334,286.22875270348516,320.4607,606.6879,463.5743,0.0917,0.8929,0.8287,431,14.308333333333334
286.21018646000715,320.4758,606.6855,463.5806,0.075,0.8768,0.7739,432,14.341666666666667,285.605988464313,321.1116,606.698,463.9048,0.0,1.281,0.9369,432,14.341666666666667,286.8021857138132,320.0928,606.895,463.4939,0.0667,0.8842,0.896,432,14.341666666666667,286.1794976406577,320.7291,606.8845,463.8068,0.0,1.3806,0.9267,432,14.341666666666667,286.2253495972427,320.4617,606.6855,463.5736,0.0917,0.893,0.7739,432,14.341666666666667
286.21406718124484,320.4729,606.6862,463.5796,0.075,0.8849,0.8067,433,14.375000000000002,285.6095339641943,321.1085,606.6987,463.9036,0.0,1.3441,0.9308,433,14.375000000000002,286.8024770080059,320.0933,606.8958,463.4946,0.0667,0.8842,0.8967,433,14.375000000000002,286.17964929039954,320.7296,606.8852,463.8074,0.0,1.381,0.9278,433,14.375000000000002,286.22948808607066,320.4586,606.6862,463.5724,0.0917,0.9014,0.8067,433,14.375000000000002
286.21412082281734,320.4725,606.6858,463.5791,0.075,0.8928,0.8022,434,14.408333333333335,285.60951382917915,321.1081,606.6983,463.9032,0.0,1.3428,0.9368,434,14.408333333333335,286.80253128112315,320.093,606.8955,463.4942,0.0667,0.8845,0.8971,434,14.408333333333335,286.17947028440756,320.7296,606.885,463.8073,0.0,1.3812,0.9277,434,14.408333333333335,286.2296786543567,320.4581,606.6858,463.5719,0.0917,0.9094,0.8022,434,14.408333333333335
286.38538598480295,320.4708,606.8562,463.6635,0.0917,0.8288,0.7848,435,14.443333333333335,285.6346196673495,321.1073,606.7174,463.9123,0.0,1.2749,0.8872,435,14.443333333333335,286.8406914461919,320.057,606.8976,463.4773,0.0583,0.9338,0.8798,435,14.443333333333335,286.18111706748243,320.7309,606.8876,463.8092,0.0,1.407,0.9161,435,14.443333333333335,286.26782232640335,320.4558,606.7221,463.589,0.075,0.8461,0.8641,435,14.443333333333335
286.1043376502381,320.5051,606.6095,463.5573,0.0917,0.9789,0.6531,436,14.48,285.58354147918305,321.1683,606.7454,463.9569,0.0,1.2011,0.8745,436,14.48,286.7929271319178,320.0487,606.8416,463.4451,0.0833,0.8293,0.7991,436,14.48,286.1763118515039,320.7432,606.9136,463.8284,0.0,1.0516,0.8712,436,14.48,286.10809260852227,320.5014,606.6095,463.5554,0.1,0.9827,0.6531,436,14.48
286.107416854772,320.5048,606.6122,463.5585,0.0917,0.9915,0.6646,437,14.511666666666667,285.58668805353346,321.168,606.7484,463.9582,0.0,1.1904,0.8768,437,14.511666666666667,286.7957126118814,320.0478,606.8435,463.4457,0.0833,0.8256,0.7997,437,14.511666666666667,286.1792179600928,320.7424,606.9158,463.8291,0.0,1.0507,0.8671,437,14.511666666666667,286.1111969038345,320.501,606.6122,463.5566,0.1,0.9859,0.6646,437,14.511666666666667
286.1084602918687,320.5033,606.6118,463.5575,0.0917,0.9805,0.6598,438,14.543333333333335,285.58753975064343,321.1663,606.7477,463.957,0.0,1.1962,0.8823,438,14.543333333333335,286.737113686269,320.0504,606.7875,463.4189,0.0917,0.8277,0.6989,438,14.543333333333335,286.17653764974284,320.7448,606.9155,463.8302,0.0,1.0531,0.8709,438,14.543333333333335,286.111665626096,320.5001,606.6118,463.5559,0.1,0.9766,0.6598,438,14.543333333333335
286.10967914042124,320.5009,606.6106,463.5558,0.0917,0.9743,0.6479,439,14.575000000000001,285.5880744591348,321.1654,606.7471,463.9563,0.0,1.1568,0.8874,439,14.575000000000001,286.76102519491144,320.0257,606.7867,463.4062,0.1,0.801,0.7298,439,14.575000000000001,286.17538361909385,320.7466,606.9159,463.8313,0.0,1.0472,0.8765,439,14.575000000000001,286.112509170621,320.4981,606.6106,463.5544,0.1,0.989,0.6479,439,14.575000000000001
286.1100472051339,320.5023,606.6123,463.5573,0.0917,0.9951,0.6622,440,14.608333333333334,285.5882604634204,321.1659,606.7479,463.9569,0.0,1.1926,0.8774,440,14.608333333333334,286.73693422878824,320.0508,606.7877,463.4192,0.0917,0.8256,0.6889,440,14.608333333333334,286.17601165906837,320.7455,606.9157,463.8306,0.0,1.0436,0.8724,440,14.608333333333334,286.11278835068214,320.4995,606.6123,463.5559,0.1,0.9724,0.6622,440,14.608333333333334
286.10762882608606,320.5048,606.6124,463.5586,0.0917,0.9919,0.6572,441,14.641666666666667,285.5859945045005,321.1681,606.7479,463.958,0.0,1.2007,0.8796,441,14.641666666666667,286.73547766544783,320.0523,606.7877,463.42,0.1,0.92,0.6889,441,14.641666666666667,286.1767176032382,320.7448,606.9157,463.8303,0.0,1.0411,0.8724,441,14.641666666666667,286.110750785249,320.5017,606.6124,463.557,0.1,0.9744,0.6572,441,14.641666666666667
286.1088556340907,320.5032,606.6121,463.5577,0.0917,0.9767,0.659,442,14.675,285.5876315850286,321.1665,606.748,463.9572,0.0,1.1867,0.8833,442,14.675,286.7366283165345,320.0515,606.7881,463.4198,0.0917,0.8251,0.7047,442,14.675,286.1757848641689,320.7462,606.9161,463.8312,0.0,1.044,0.871,442,14.675,286.1120143988803,320.5001,606.6121,463.5561,0.1,0.9586,0.659,442,14.675
286.10733222601834,320.5043,606.6116,463.558,0.0917,0.9914,0.6544,443,14.711666666666668,285.5866451788336,321.1672,606.7476,463.9574,0.0,1.1838,0.8743,443,14.711666666666668,286.7377266324803,320.0503,606.788,463.4192,0.1,0.9239,0.7078,443,14.711666666666668,286.1791282721433,320.7427,606.9161,463.8294,0.0,1.0474,0.867,443,14.711666666666668,286.11037074186413,320.5013,606.6116,463.5564,0.1,0.9861,0.6544,443,14.711666666666668
286.10551078217054,320.5046,606.6101,463.5573,0.0917,0.9611,0.6632,444,14.743333333333334,285.5843370685618,321.1678,606.7459,463.9568,0.0,1.181,0.8711,444,14.743333333333334,286.73658010788347,320.0509,606.7875,463.4192,0.0917,0.8335,0.7141,444,14.743333333333334,286.17573216969885,320.7455,606.9155,463.8305,0.0,1.0438,0.8675,444,14.743333333333334,286.1089831429645,320.5011,606.6101,463.5556,0.1,0.9665,0.6632,444,14.743333333333334
286.1055699885028,320.5047,606.6103,463.5575,0.0917,0.9633,0.6632,445,14.776666666666667,285.5845396358073,321.1679,606.7462,463.957,0.0,1.182,0.8716,445,14.776666666666667,286.7350065456944,320.0519,606.7869,463.4194,0.1,0.9276,0.714,445,14.776666666666667,286.1761567105903,320.7444,606.9149,463.8296,0.0,1.0422,0.8625,445,14.776666666666667,286.10900880748784,320.5013,606.6103,463.5558,0.1,0.9817,0.6632,445,14.776666666666667
286.28106199888725,320.4807,606.7618,463.6212,0.0667,0.9536,0.7778,446,14.813333333333334,285.6490439557208,321.1295,606.7724,463.9509,0.0,1.1414,0.8445,446,14.813333333333334,286.76555316597234,320.0603,606.8258,463.443,0.0833,0.9144,0.7573,446,14.813333333333334,286.339163936161,320.74,607.0586,463.8993,0.0,1.1976,0.8852,446,14.813333333333334,286.28173821927976,320.48,606.7618,463.6209,0.075,0.9784,0.7778,446,14.813333333333334
286.2789628509753,320.4805,606.7595,463.62,0.0667,0.9569,0.7811,447,14.843333333333334,285.64700577770486,321.1294,606.7702,463.9498,0.0,1.1227,0.8429,447,14.843333333333334,286.76304183296025,320.063,606.826,463.4445,0.0833,0.8866,0.7727,447,14.843333333333334,286.33684190730276,320.7427,607.0589,463.9008,0.0,1.2027,0.8889,447,14.843333333333334,286.27967310836425,320.4798,606.7595,463.6196,0.075,0.9747,0.7811,447,14.843333333333334
286.16371976556616,320.4802,606.6437,463.5619,0.0833,0.9527,0.7329,448,14.875000000000002,285.65017973146354,321.1285,606.7727,463.9506,0.0,1.0459,0.8552,448,14.875000000000002,286.92915823009025,320.0369,606.9637,463.5003,0.05,0.825,0.8504,448,14.875000000000002,286.2061807206893,320.7422,606.935,463.8386,0.0,1.2245,0.9116,448,14.875000000000002,286.28201672730506,320.4795,606.7615,463.6205,0.075,0.9572,0.7859,448,14.875000000000002
286.1662709065032,320.4792,606.6451,463.5621,0.0833,0.9515,0.734,449,14.908333333333335,285.6523972860278,321.1275,606.7739,463.9507,0.0,1.0385,0.8556,449,14.908333333333335,286.92914794604286,320.0371,606.9639,463.5005,0.05,0.8172,0.8504,449,14.908333333333335,286.20614165435506,320.7426,606.9352,463.8389,0.0,1.2273,0.9116,449,14.908333333333335,286.28440404191645,320.4784,606.7628,463.6206,0.075,0.9759,0.7873,449,14.908333333333335
286.3132581096012,320.4781,606.7913,463.6347,0.0583,0.952,0.8386,450,14.941666666666668,285.47918688530996,321.1271,606.6063,463.8667,0.0,1.038,0.8513,450,14.941666666666668,286.9318502068903,320.0343,606.9638,463.4991,0.05,0.8298,0.8444,450,14.941666666666668,286.2077957044303,320.7407,606.9351,463.8379,0.0,1.223,0.9114,450,14.941666666666668,286.28865876852933,320.4771,606.7658,463.6215,0.075,0.9731,0.7842,450,14.941666666666668
286.31244766865484,320.4771,606.7896,463.6334,0.0583,0.952,0.8097,451,14.975000000000001,285.47864022310114,321.1258,606.6045,463.8652,0.0,1.0673,0.8487,451,14.975000000000001,286.9218721062542,320.0443,606.9638,463.504,0.0417,0.8421,0.8491,451,14.975000000000001,286.2230908160356,320.7271,606.9351,463.8311,0.0,1.2398,0.9181,451,14.975000000000001,286.2880668622008,320.4762,606.7643,463.6203,0.075,0.9731,0.7835,451,14.975000000000001
286.3104454739463,320.4779,606.7883,463.6331,0.0583,0.9597,0.8074,452,15.010000000000002,285.4767727430282,321.1266,606.6034,463.865,0.0,1.0581,0.8418,452,15.010000000000002,286.9313232221921,320.0342,606.9633,463.4988,0.05,0.8292,0.8433,452,15.010000000000002,286.2072300784668,320.7407,606.9345,463.8376,0.0,1.2231,0.9117,452,15.010000000000002,286.28601321709857,320.4768,606.7628,463.6198,0.075,0.9895,0.7818,452,15.010000000000002
286.3104379380602,320.4772,606.7877,463.6324,0.0583,0.9602,0.808,453,15.043333333333335,285.47682151806123,321.126,606.6028,463.8644,0.0,1.0611,0.8417,453,15.043333333333335,286.9319012852993,320.0332,606.9628,463.498,0.05,0.8278,0.8442,453,15.043333333333335,286.20776297954967,320.7398,606.9341,463.8369,0.0,1.2223,0.9112,453,15.043333333333335,286.28596901586417,320.4761,606.7621,463.6191,0.075,0.99,0.7823,453,15.043333333333335
286.3138559568257,320.4762,606.79,463.6331,0.0583,0.9535,0.7948,454,15.076666666666668,285.4798793710819,321.1252,606.605,463.8651,0.0,1.0614,0.8559,454,15.076666666666668,286.93311035475904,320.0332,606.9641,463.4987,0.05,0.8279,0.8452,454,15.076666666666668,286.20916119438436,320.7396,606.9353,463.8375,0.0,1.2221,0.9104,454,15.076666666666668,286.2894304349301,320.4751,606.7645,463.6198,0.075,0.99,0.7817,454,15.076666666666668
286.3088917024694,320.4769,606.7858,463.6314,0.0583,0.9535,0.8001,455,15.108333333333334,285.4755335583328,321.1254,606.601,463.8632,0.0,1.062,0.8532,455,15.108333333333334,286.93301626841617,320.0333,606.9641,463.4987,0.05,0.8279,0.8462,455,15.108333333333334,286.20965529296836,320.739,606.9353,463.8372,0.0,1.2217,0.9102,455,15.108333333333334,286.28428078153206,320.4759,606.7602,463.618,0.075,0.9944,0.7854,455,15.108333333333334
286.16730640892183,320.4761,606.643,463.5596,0.075,0.8679,0.7754,456,15.15,285.3607842670524,321.1249,606.4847,463.8048,0.0,1.1034,0.9186,456,15.15,286.7522275363906,320.0257,606.7779,463.4018,0.0833,0.8441,0.8046,456,15.15,285.9236889445939,320.7106,606.628,463.6693,0.0,1.2728,0.946,456,15.15,286.1825159237085,320.4609,606.643,463.552,0.0917,0.7863,0.7754,456,15.15
286.17288904338864,320.4694,606.6418,463.5556,0.075,0.8848,0.7759,457,15.176666666666668,285.36630172955665,321.1183,606.4837,463.801,0.0,1.033,0.9204,457,15.176666666666668,286.7560725612801,320.0222,606.7783,463.4003,0.0833,0.826,0.8111,457,15.176666666666668,285.92713895603106,320.7074,606.6283,463.6678,0.0,1.2718,0.947,457,15.176666666666668,286.18792753536815,320.4542,606.6418,463.548,0.0917,0.7846,0.7759,457,15.176666666666668
286.17523453460126,320.469,606.6439,463.5565,0.075,0.8773,0.7707,458,15.21,285.3682544703779,321.1179,606.4854,463.8017,0.0,1.0128,0.9216,458,15.21,286.7564021111752,320.0226,606.779,463.4008,0.0833,0.8263,0.8062,458,15.21,285.9274501027796,320.7077,606.6289,463.6683,0.0,1.2648,0.9468,458,15.21,286.1905222048156,320.4535,606.6439,463.5487,0.0917,0.7837,0.7707,458,15.21
286.23862147990565,320.4663,606.7049,463.5856,0.075,0.8399,0.7591,459,15.248333333333337,285.3776959577685,321.1151,606.4919,463.8035,0.0,1.0686,0.9227,459,15.248333333333337,286.7039321899224,320.0218,606.7258,463.3738,0.0917,0.8434,0.7359,459,15.248333333333337,285.93397415232596,320.7066,606.6341,463.6704,0.0,1.2443,0.9372,459,15.248333333333337,286.25354010659754,320.4514,606.7049,463.5781,0.0917,0.7623,0.7591,459,15.248333333333337
286.1768496052699,320.4659,606.6425,463.5542,0.075,0.8345,0.768,460,15.276666666666667,285.3694854725704,321.1145,606.4834,463.7989,0.0,1.0189,0.9151,460,15.276666666666667,286.7589322950768,320.0205,606.7795,463.4,0.0833,0.8354,0.7868,460,15.276666666666667,285.9297895649547,320.7058,606.6293,463.6676,0.0,1.2459,0.9397,460,15.276666666666667,286.19206867350056,320.4505,606.6425,463.5465,0.0917,0.783,0.768,460,15.276666666666667
286.17621357373594,320.4677,606.6437,463.5557,0.075,0.83,0.7675,461,15.308333333333334,285.3688485599416,321.1163,606.4845,463.8004,0.0,1.0284,0.8994,461,15.308333333333334,286.7595816931907,320.0214,606.7809,463.4011,0.0833,0.8226,0.7918,461,15.308333333333334,285.9303410718145,320.7066,606.6307,463.6686,0.0,1.2518,0.9229,461,15.308333333333334,286.19157154046366,320.4522,606.6437,463.548,0.0917,0.7994,0.7675,461,15.308333333333334
286.18052175196465,320.4652,606.6455,463.5553,0.075,0.8275,0.7669,462,15.351666666666668,285.3731560047233,321.1141,606.4866,463.8004,0.0,1.0372,0.8956,462,15.351666666666668,286.76262465459894,320.0199,606.7825,463.4012,0.0833,0.826,0.7873,462,15.351666666666668,285.93281670414245,320.7055,606.6321,463.6688,0.0,1.2743,0.923,462,15.351666666666668,286.19590043328503,320.4496,606.6455,463.5475,0.0917,0.7914,0.7669,462,15.351666666666668
286.1737785517497,320.47,606.6435,463.5567,0.075,0.8723,0.7682,463,15.376666666666667,285.36689027418015,321.1191,606.4849,463.802,0.0,1.0099,0.9107,463,15.376666666666667,286.7610390424533,320.0206,606.7816,463.4011,0.0833,0.8225,0.7919,463,15.376666666666667,285.9314017648062,320.7061,606.6313,463.6687,0.0,1.2729,0.9229,463,15.376666666666667,286.1888960475634,320.4548,606.6435,463.5492,0.0917,0.7756,0.7682,463,15.376666666666667
286.2471156802534,320.4587,606.7058,463.5822,0.075,0.8744,0.7673,464,15.408333333333335,285.38621523814663,321.1065,606.4922,463.7993,0.0,1.0509,0.8972,464,15.408333333333335,286.7273671834042,319.9988,606.7262,463.3625,0.1,0.79,0.7924,464,15.408333333333335,285.94125765129047,320.6979,606.6329,463.6654,0.0,1.216,0.9098,464,15.408333333333335,286.2607703640975,320.4451,606.7058,463.5755,0.0917,0.8451,0.7673,464,15.408333333333335
286.2472393588355,320.4588,606.706,463.5824,0.075,0.8752,0.7664,465,15.453333333333335,285.3871713080863,321.1055,606.4923,463.7989,0.0,1.0409,0.8974,465,15.453333333333335,286.727560447508,319.9987,606.7263,463.3625,0.1,0.7824,0.7924,465,15.453333333333335,285.9423811454124,320.6969,606.633,463.6649,0.0,1.2162,0.91,465,15.453333333333335,286.2610577611054,320.4452,606.706,463.5756,0.0917,0.8366,0.7664,465,15.453333333333335
286.19866714089153,320.4691,606.6677,463.5684,0.0833,0.9262,0.8649,466,15.481666666666667,285.5257866766446,320.95,606.4731,463.7116,0.0,1.1858,0.9591,466,15.481666666666667,287.01125145669937,320.0105,607.0218,463.5161,0.0833,0.9073,0.8387,466,15.481666666666667,286.1431446535714,320.5062,606.6424,463.5743,0.0,1.4234,0.9319,466,15.481666666666667,286.20179523811925,320.4659,606.6677,463.5668,0.0917,0.9333,0.8649,466,15.481666666666667
286.201610088454,320.4656,606.6672,463.5664,0.0833,0.9083,0.8612,467,15.510000000000002,285.52814892415006,320.9466,606.4721,463.7093,0.0,1.1797,0.9523,467,15.510000000000002,286.86210279091324,320.0116,606.8737,463.4426,0.05,0.9087,0.8784,467,15.510000000000002,286.142164092616,320.507,606.6423,463.5747,0.0,1.4215,0.9319,467,15.510000000000002,286.2045574654751,320.4626,606.6672,463.5649,0.0917,0.9329,0.8612,467,15.510000000000002
286.2316960180819,320.4647,606.6964,463.5806,0.0667,0.9216,0.8091,468,15.551666666666668,285.5316401804425,320.9454,606.4743,463.7099,0.0,1.1142,0.9639,468,15.551666666666668,286.9101960080127,320.0112,606.9214,463.4663,0.0583,0.9452,0.8686,468,15.551666666666668,286.1450182103061,320.5066,606.6448,463.5757,0.0,1.3827,0.9342,468,15.551666666666668,286.2347081374578,320.4617,606.6964,463.5791,0.075,0.9157,0.8091,468,15.551666666666668
286.19891790777643,320.4674,606.6663,463.5668,0.0833,0.9165,0.8652,469,15.576666666666668,285.5256745627143,320.9479,606.4709,463.7094,0.0,1.1788,0.9596,469,15.576666666666668,287.0116780953547,320.0114,607.0231,463.5172,0.0833,0.9082,0.8276,469,15.576666666666668,286.1438086500691,320.5066,606.6435,463.575,0.0,1.4226,0.9367,469,15.576666666666668,286.20187665936714,320.4644,606.6663,463.5654,0.0917,0.9296,0.8652,469,15.576666666666668
286.2145262002159,320.4681,606.6826,463.5754,0.075,0.909,0.8558,470,15.608333333333334,285.5244106295929,320.9485,606.4702,463.7094,0.0,1.1833,0.9615,470,15.608333333333334,287.0101164061617,320.0122,607.0223,463.5172,0.0833,0.9047,0.8218,470,15.608333333333334,286.14231664074543,320.5074,606.6429,463.5751,0.0,1.4234,0.942,470,15.608333333333334,286.2173418224588,320.4653,606.6826,463.574,0.0833,0.895,0.8558,470,15.608333333333334
286.2176781311615,320.4651,606.6827,463.5739,0.075,0.9106,0.8503,471,15.641666666666667,285.52722891072443,320.9458,606.4703,463.708,0.0,1.178,0.9604,471,15.641666666666667,287.01124137718705,320.0114,607.0226,463.517,0.0833,0.9051,0.8225,471,15.641666666666667,286.1433554854738,320.5066,606.6431,463.5749,0.0,1.4233,0.9415,471,15.641666666666667,286.2205811180979,320.4622,606.6827,463.5725,0.0833,0.9226,0.8503,471,15.641666666666667
286.19697532041755,320.4682,606.6652,463.5667,0.0833,0.9124,0.8581,472,15.675,285.52388455991604,320.9487,606.4699,463.7093,0.0,1.1966,0.9548,472,15.675,286.85841555352647,320.0143,606.8728,463.4435,0.05,0.9133,0.8791,472,15.675,286.1385777151329,320.5095,606.6413,463.5754,0.0,1.4221,0.9421,472,15.675,286.199815742096,320.4654,606.6652,463.5653,0.0917,0.8977,0.8581,472,15.675
286.2173964186638,320.4663,606.6837,463.575,0.075,0.9103,0.8509,473,15.708333333333334,285.5269938070684,320.9467,606.4712,463.7089,0.0,1.1986,0.9551,473,15.708333333333334,287.01030597805226,320.0119,607.0222,463.5171,0.0833,0.9111,0.823,473,15.708333333333334,286.1427432216142,320.507,606.6429,463.575,0.0,1.4337,0.9407,473,15.708333333333334,286.22037347144084,320.4634,606.6837,463.5735,0.0833,0.916,0.8509,473,15.708333333333334
286.22375772224865,320.4682,606.6919,463.58,0.0667,0.9097,0.8167,474,15.741666666666667,285.5257051638142,320.9485,606.4716,463.7101,0.0,1.2018,0.9618,474,15.741666666666667,287.0103009112274,320.012,607.0223,463.5171,0.0833,0.9104,0.8213,474,15.741666666666667,286.14275254888844,320.507,606.643,463.575,0.0,1.4338,0.9412,474,15.741666666666667,286.22681704498075,320.4651,606.6919,463.5785,0.075,0.9335,0.8167,474,15.741666666666667
286.22474807079595,320.4677,606.6925,463.5801,0.0667,0.9091,0.8162,475,15.775,285.5266217346755,320.9481,606.4721,463.7101,0.0,1.2008,0.9616,475,15.775,287.01032852962965,320.012,607.0223,463.5172,0.0833,0.9106,0.8222,475,15.775,286.14275778804006,320.5071,606.6431,463.5751,0.0,1.4338,0.941,475,15.775,286.22783884444675,320.4646,606.6925,463.5786,0.075,0.9097,0.8162,475,15.775
286.1116160743251,320.4499,606.5615,463.5057,0.1,0.9223,0.6717,476,15.813333333333334,285.56537892880056,321.1445,606.7007,463.9226,0.0083,1.146,0.9051,476,15.813333333333334,286.79243969566164,320.0056,606.798,463.4018,0.0833,0.8787,0.7222,476,15.813333333333334,286.17455742968036,320.7099,606.8776,463.7938,0.0,1.1454,0.8289,476,15.813333333333334,286.1223616818703,320.4399,606.5615,463.5007,0.1,0.9642,0.6717,476,15.813333333333334
286.1267597014115,320.4317,606.5585,463.4951,0.1083,0.9034,0.7303,477,15.843333333333334,285.5652648175386,321.1401,606.6965,463.9183,0.0083,1.1661,0.9011,477,15.843333333333334,286.78770398800833,320.009,606.7967,463.4028,0.0917,0.7999,0.7495,477,15.843333333333334,286.14896683477116,320.7383,606.876,463.8071,0.0083,1.3252,0.83,477,15.843333333333334,286.19301472343426,320.4379,606.6309,463.5344,0.0833,0.9959,0.7896,477,15.843333333333334
286.11201406215866,320.4479,606.5599,463.5039,0.1,1.0085,0.7483,478,15.876666666666667,285.5657322339521,321.141,606.698,463.9195,0.0083,1.1653,0.9217,478,15.876666666666667,286.787997067124,320.0103,606.7983,463.4043,0.0917,0.8002,0.7488,478,15.876666666666667,286.1492705461536,320.7395,606.8775,463.8085,0.0083,1.3255,0.8299,478,15.876666666666667,286.17675909392256,320.4388,606.6148,463.5268,0.0917,0.983,0.7724,478,15.876666666666667
286.12767019995863,320.4318,606.5595,463.4956,0.1083,0.9053,0.7313,479,15.91,285.5663140717211,321.14,606.6975,463.9188,0.0083,1.1659,0.9093,479,15.91,286.7874457125889,320.0104,606.7979,463.4041,0.0917,0.7991,0.749,479,15.91,286.14874635251647,320.7396,606.8771,463.8084,0.0083,1.3246,0.83,479,15.91,286.19410981571286,320.4378,606.6319,463.5348,0.0833,0.9858,0.802,479,15.91
286.1130743500301,320.4469,606.56,463.5034,0.1,0.997,0.7332,480,15.943333333333335,285.56670652857747,321.1403,606.698,463.9192,0.0083,1.1462,0.9088,480,15.943333333333335,286.78824339058144,320.0102,606.7984,463.4043,0.0917,0.7996,0.7489,480,15.943333333333335,286.1494627475515,320.7395,606.8777,463.8086,0.0083,1.341,0.83,480,15.943333333333335,286.19545235736894,320.437,606.6324,463.5347,0.0833,0.9903,0.8072,480,15.943333333333335
286.1851333785269,320.4303,606.6154,463.5228,0.1,0.8811,0.7715,481,15.975000000000001,285.5686755888014,321.1385,606.6985,463.9185,0.0083,1.1542,0.9127,481,15.975000000000001,286.78705127352333,320.0113,606.7984,463.4048,0.0917,0.7811,0.7486,481,15.975000000000001,286.1483319997566,320.7404,606.8776,463.809,0.0083,1.3554,0.8298,481,15.975000000000001,286.1970727784093,320.4361,606.6331,463.5346,0.0833,0.972,0.8156,481,15.975000000000001
286.18090449003125,320.4336,606.6145,463.524,0.1,0.8845,0.7438,482,16.01,285.56465342832615,321.1418,606.6976,463.9197,0.0083,1.154,0.9197,482,16.01,286.7861033108455,320.0113,606.7974,463.4043,0.0917,0.7779,0.7247,482,16.01,286.14742935426375,320.7404,606.8766,463.8085,0.0083,1.357,0.8007,482,16.01,286.192647292914,320.4394,606.632,463.5357,0.0833,0.9194,0.8006,482,16.01
286.1839008498526,320.4312,606.6151,463.5231,0.1,0.8859,0.7384,483,16.041666666666668,285.5673621817562,321.1393,606.698,463.9187,0.0083,1.155,0.9103,483,16.041666666666668,286.78667523317966,320.0109,606.7976,463.4043,0.0917,0.7769,0.7244,483,16.041666666666668,286.1479575896082,320.7401,606.8768,463.8084,0.0083,1.3564,0.8007,483,16.041666666666668,286.1957147271812,320.437,606.6327,463.5348,0.0833,0.9708,0.7998,483,16.041666666666668
286.1812466921105,320.4341,606.6153,463.5247,0.1,0.8786,0.7417,484,16.076666666666668,285.56496021272045,321.1422,606.6983,463.9202,0.0083,1.1551,0.917,484,16.076666666666668,286.7862612686738,320.0114,606.7977,463.4045,0.0917,0.8145,0.7244,484,16.076666666666668,286.147591558017,320.7406,606.8769,463.8087,0.0083,1.3574,0.8003,484,16.076666666666668,286.1928886156808,320.4401,606.633,463.5365,0.0833,0.9427,0.7988,484,16.076666666666668
286.1802422393785,320.4344,606.6146,463.5245,0.1,0.8751,0.7302,485,16.11,285.5640403830492,321.1426,606.6977,463.9201,0.0083,1.1555,0.917,485,16.11,286.7853427504739,320.0121,606.7974,463.4047,0.0917,0.8422,0.7245,485,16.11,286.14671107123525,320.7412,606.8766,463.8089,0.0083,1.3421,0.8,485,16.11,286.192137196791,320.4401,606.6323,463.5362,0.0833,0.9484,0.788,485,16.11
286.17983629163626,320.4586,606.6384,463.5485,0.1,0.8844,0.7654,486,16.14666666666667,285.4053646679207,321.3391,606.7192,464.0291,0.0083,1.4462,0.7911,486,16.14666666666667,286.7733370970293,320.0465,606.8199,463.4332,0.0833,0.9862,0.7852,486,16.14666666666667,285.96898836758555,320.928,606.8781,463.903,0.0,1.5359,0.9207,486,16.14666666666667,286.1892165134724,320.4492,606.6384,463.5438,0.1,0.7809,0.7654,486,16.14666666666667
286.1816892670256,320.4579,606.6395,463.5487,0.1,0.8825,0.7655,487,16.17666666666667,285.40714974143754,321.3386,606.7205,464.0295,0.0083,1.4461,0.8053,487,16.17666666666667,286.7718940646306,320.0484,606.8203,463.4343,0.0833,0.9788,0.7851,487,16.17666666666667,285.96771871412534,320.9297,606.8785,463.9041,0.0,1.5356,0.9106,487,16.17666666666667,286.19098605498425,320.4486,606.6395,463.5441,0.1,0.7826,0.7655,487,16.17666666666667
286.17112829908694,320.4664,606.6375,463.5519,0.1,0.9075,0.7521,488,16.21,285.39715651718166,321.3473,606.7185,464.0329,0.0083,1.3486,0.7829,488,16.21,286.77036352672843,320.0501,606.8204,463.4353,0.0833,0.9969,0.7843,488,16.21,285.96739398530457,320.9305,606.879,463.9048,0.0,1.5528,0.9253,488,16.21,286.1806209704071,320.4569,606.6375,463.5472,0.1,0.8339,0.7521,488,16.21
286.1791581862951,320.4582,606.6374,463.5478,0.1,0.9009,0.7624,489,16.243333333333336,285.4030235106669,321.3385,606.7168,464.0277,0.0083,1.4717,0.7826,489,16.243333333333336,286.903170879924,320.0508,606.9527,463.5017,0.0833,0.9845,0.8418,489,16.243333333333336,285.96304566178645,320.9319,606.8764,463.9042,0.0,1.5463,0.892,489,16.243333333333336,286.20061195535243,320.4498,606.6504,463.5501,0.0917,0.777,0.806,489,16.243333333333336
286.17889515013957,320.4582,606.6371,463.5476,0.1,0.901,0.7654,490,16.276666666666667,285.4027833853863,321.3385,606.7166,464.0275,0.0083,1.4402,0.7875,490,16.276666666666667,286.90294913173386,320.0506,606.9524,463.5015,0.0833,1.0139,0.8414,490,16.276666666666667,285.9628631154427,320.9319,606.8761,463.904,0.0,1.5467,0.8914,490,16.276666666666667,286.20048727135395,320.4497,606.6501,463.5499,0.0917,0.7904,0.8049,490,16.276666666666667
286.17885351970887,320.4587,606.6375,463.5481,0.1,0.9019,0.7681,491,16.308333333333334,285.4029316361645,321.3386,606.717,464.0278,0.0083,1.4714,0.8089,491,16.308333333333334,286.9031575252607,320.0514,606.9534,463.5024,0.0833,0.9818,0.8515,491,16.308333333333334,285.9630221142404,320.9326,606.877,463.9048,0.0,1.5179,0.8921,491,16.308333333333334,286.1870505463985,320.4505,606.6375,463.544,0.1,0.7819,0.7681,491,16.308333333333334
286.17631096559387,320.4614,606.6377,463.5496,0.1,0.9103,0.7668,492,16.34166666666667,285.4005057921554,321.3417,606.7173,464.0295,0.0083,1.4581,0.8094,492,16.34166666666667,286.76819399791464,320.0512,606.8194,463.4353,0.0833,0.9953,0.7848,492,16.34166666666667,285.96286996753776,320.9324,606.8766,463.9045,0.0,1.5359,0.8986,492,16.34166666666667,286.1854628760543,320.4522,606.6377,463.545,0.1,0.7834,0.7668,492,16.34166666666667
286.171296293337,320.4684,606.6397,463.554,0.1,0.8946,0.8132,493,16.375,285.39682471630624,321.3457,606.7183,464.032,0.0083,1.423,0.8388,493,16.375,286.74898827379417,320.0715,606.8205,463.446,0.0917,1.0135,0.8215,493,16.375,285.91026378578425,320.9896,606.8762,463.9329,0.0083,1.5357,0.8986,493,16.375,286.1800464931829,320.4596,606.6397,463.5496,0.1,0.8748,0.8132,493,16.375
286.17249863878715,320.4669,606.6394,463.5531,0.1,0.8865,0.8105,494,16.408333333333335,285.39835500840616,321.3448,606.7186,464.0317,0.0083,1.4527,0.8365,494,16.408333333333335,286.7484865838665,320.0714,606.8199,463.4456,0.0917,1.001,0.8073,494,16.408333333333335,285.91079646537423,320.9893,606.8764,463.9329,0.0083,1.5409,0.8978,494,16.408333333333335,286.18102117555634,320.4584,606.6394,463.5489,0.1,0.8623,0.8105,494,16.408333333333335
286.17163382302056,320.4671,606.6388,463.553,0.1,0.886,0.8111,495,16.441666666666666,285.3976285576622,321.3451,606.7181,464.0316,0.0083,1.4538,0.837,495,16.441666666666666,286.74906885914015,320.0705,606.8196,463.4451,0.0917,0.9972,0.8225,495,16.441666666666666,285.9112494000682,320.9887,606.8761,463.9324,0.0083,1.5604,0.8896,495,16.441666666666666,286.180151676226,320.4586,606.6388,463.5487,0.1,0.8816,0.8111,495,16.441666666666666
286.1263459718546,320.4895,606.6148,463.5521,0.075,0.8638,0.796,496,16.48,285.66558500526236,321.0219,606.6875,463.8547,0.0,0.7914,0.8105,496,16.48,286.76020683055833,320.0139,606.7741,463.394,0.075,0.8778,0.8246,496,16.48,286.25023441573654,320.6087,606.8573,463.733,0.0,0.8274,0.9096,496,16.48,286.1712778560818,320.4446,606.6148,463.5297,0.075,0.9467,0.796,496,16.48
286.124922681935,320.4895,606.6133,463.5514,0.075,0.8926,0.7968,497,16.51,285.6642163283558,321.022,606.6862,463.8541,0.0,0.7941,0.8075,497,16.51,286.76802969490336,320.0043,606.7723,463.3883,0.0833,0.8237,0.8238,497,16.51,286.2486570663128,320.6089,606.8557,463.7323,0.0,0.8225,0.9141,497,16.51,286.16980095648955,320.4446,606.6133,463.529,0.075,0.936,0.7968,497,16.51
286.119850080049,320.4957,606.6144,463.555,0.075,0.9147,0.8221,498,16.543333333333333,285.65950782503205,321.0285,606.688,463.8582,0.0,0.8046,0.8091,498,16.543333333333333,286.7595386348486,320.0127,606.7722,463.3925,0.075,0.8749,0.8348,498,16.543333333333333,286.2501417704394,320.6088,606.8569,463.7329,0.0,0.8096,0.9059,498,16.543333333333333,286.1653443974245,320.4502,606.6144,463.5323,0.075,0.9526,0.8221,498,16.543333333333333
286.1201397642378,320.4952,606.6141,463.5547,0.075,0.9146,0.8068,499,16.580000000000005,285.6594840982654,321.0283,606.6877,463.858,0.0,0.8047,0.8097,499,16.580000000000005,286.7580149474404,320.0137,606.7717,463.3927,0.075,0.8981,0.8347,499,16.580000000000005,286.24872156321726,320.6097,606.8565,463.7331,0.0,0.8239,0.9091,499,16.580000000000005,286.16563686462587,320.4497,606.6141,463.5319,0.075,0.9562,0.8068,499,16.580000000000005
286.10340592144786,320.4957,606.5956,463.5456,0.0833,0.9161,0.7592,500,16.61,285.65962676593125,321.0284,606.6881,463.8583,0.0,0.8047,0.8165,500,16.61,286.75762611181585,320.0134,606.7711,463.3923,0.075,0.8976,0.8372,500,16.61,286.2483789025979,320.6095,606.8559,463.7327,0.0,0.8241,0.9094,500,16.61,286.1653278403958,320.4503,606.6144,463.5324,0.075,0.9582,0.814,500,16.61
286.1188707714721,320.4953,606.6128,463.554,0.075,0.9189,0.8167,501,16.64166666666667,285.6588636554013,321.0278,606.6867,463.8573,0.0,0.8049,0.8173,501,16.64166666666667,286.7577188962425,320.0141,606.7719,463.393,0.075,0.858,0.8373,501,16.64166666666667,286.24866034764295,320.6098,606.8565,463.7331,0.0,0.8138,0.9163,501,16.64166666666667,286.16418268469147,320.45,606.6128,463.5314,0.075,0.986,0.8167,501,16.64166666666667
286.1398336617762,320.4937,606.6313,463.5625,0.075,0.9139,0.7781,502,16.68166666666667,285.6775141571684,321.0267,606.7043,463.8655,0.0,0.7943,0.852,502,16.68166666666667,286.811079956187,320.0152,606.8263,463.4207,0.075,0.9117,0.8071,502,16.68166666666667,286.45386664154955,320.6111,607.0609,463.836,0.0,0.8256,0.8121,502,16.68166666666667,286.2302667460816,320.4485,606.6754,463.562,0.075,0.9814,0.756,502,16.68166666666667
286.13650150331375,320.4974,606.6317,463.5645,0.075,0.9251,0.7815,503,16.71,285.67538557665375,321.03,606.7053,463.8676,0.0,0.7964,0.8459,503,16.71,286.8354840088785,319.9921,606.8276,463.4099,0.0917,0.8016,0.8075,503,16.71,286.44087046564937,320.6241,607.0626,463.8434,0.0,0.8566,0.8116,503,16.71,286.22766578086356,320.4521,606.6761,463.5641,0.075,0.9469,0.763,503,16.71
286.13805439710666,320.4964,606.6323,463.5644,0.075,0.9273,0.7872,504,16.743333333333336,285.6765573005881,321.029,606.7055,463.8673,0.0,0.7956,0.8362,504,16.743333333333336,286.83701866346496,319.9907,606.8277,463.4092,0.0917,0.8007,0.8074,504,16.743333333333336,286.4421001487211,320.6227,607.0625,463.8426,0.0,0.8563,0.8116,504,16.743333333333336,286.2290821509748,320.4511,606.6764,463.5637,0.075,0.9478,0.7646,504,16.743333333333336
286.1335945583718,320.4949,606.6263,463.5606,0.075,0.9529,0.787,505,16.785,285.6717722695659,321.0276,606.6994,463.8635,0.0,0.7871,0.836,505,16.785,286.7846216564262,320.0023,606.787,463.3946,0.0833,0.8259,0.82,505,16.785,286.40062996965594,320.6223,607.0216,463.8219,0.0,0.8048,0.8662,505,16.785,286.1612514567404,320.4496,606.6073,463.5284,0.0833,0.9437,0.7684,505,16.785
286.2650602817133,320.4701,606.7352,463.6027,0.05,0.9292,0.875,506,16.813333333333336,285.90383748841145,320.8332,606.737,463.7851,0.0,0.8685,0.9318,506,16.813333333333336,286.8396880264928,320.1141,606.9538,463.5339,0.0583,0.8911,0.8574,506,16.813333333333336,286.4517732976375,320.4561,606.9064,463.6812,0.0,0.7585,0.9558,506,16.813333333333336,286.2516859676763,320.4866,606.7352,463.6109,0.05,0.9692,0.875,506,16.813333333333336
286.26481810969386,320.4702,606.735,463.6026,0.05,0.925,0.885,507,16.843333333333334,285.9037885733079,320.8332,606.737,463.7851,0.0,0.869,0.9376,507,16.843333333333334,286.83968337175634,320.1145,606.9542,463.5343,0.0583,0.8867,0.8605,507,16.843333333333334,286.45173574521795,320.4565,606.9068,463.6816,0.0,0.7591,0.9565,507,16.843333333333334,286.25149846157353,320.4867,606.735,463.6108,0.05,0.9856,0.885,507,16.843333333333334
286.2631725346972,320.4728,606.736,463.6044,0.05,0.9287,0.8918,508,16.888333333333335,285.90221911159927,320.8357,606.7379,463.7868,0.0,0.8636,0.9386,508,16.888333333333335,286.84994975332836,320.1044,606.9543,463.5293,0.05,0.8922,0.8601,508,16.888333333333335,286.45027521792565,320.458,606.9069,463.6825,0.0,0.7583,0.9564,508,16.888333333333335,286.2498079346635,320.4893,606.736,463.6126,0.05,0.9841,0.8918,508,16.888333333333335
286.3012388390986,320.4712,606.7724,463.6218,0.0583,0.9161,0.8861,509,16.91,285.90008611400583,320.8345,606.7346,463.7845,0.0,0.8499,0.9308,509,16.91,286.8419745537207,320.113,606.9549,463.534,0.0583,0.9244,0.8564,509,16.91,286.4534445298717,320.4548,606.9071,463.6809,0.0,0.8105,0.9368,509,16.91,286.248964171349,320.4876,606.7335,463.6105,0.05,1.0049,0.9077,509,16.91
286.26433240835485,320.4714,606.7357,463.6036,0.05,0.9131,0.9092,510,16.943333333333335,285.9031859297742,320.8346,606.7378,463.7862,0.0,0.8589,0.935,510,16.943333333333335,286.8404088794826,320.1147,606.9551,463.5349,0.0583,0.906,0.8616,510,16.943333333333335,286.4524137869313,320.4567,606.9078,463.6822,0.0,0.7554,0.9444,510,16.943333333333335,286.2507297048943,320.4882,606.7357,463.612,0.05,0.975,0.9092,510,16.943333333333335
286.26359525241975,320.4724,606.736,463.6042,0.05,0.9117,0.9145,511,16.985,285.9025356761971,320.8355,606.738,463.7868,0.0,0.8583,0.9342,511,16.985,286.84837938950363,320.1069,606.9553,463.5311,0.05,0.9243,0.8617,511,16.985,286.4486747117542,320.4607,606.908,463.6843,0.0,0.7502,0.9459,511,16.985,286.24993782165336,320.4891,606.736,463.6125,0.05,0.9814,0.9145,511,16.985
286.2652294159457,320.4713,606.7365,463.6039,0.05,0.9116,0.9095,512,17.01,285.9040418027814,320.8344,606.7384,463.7864,0.0,0.8582,0.935,512,17.01,286.84855198844616,320.1072,606.9557,463.5315,0.05,0.9269,0.8616,512,17.01,286.4487522199198,320.4609,606.9083,463.6846,0.0,0.7505,0.9461,512,17.01,286.25158415775707,320.4881,606.7365,463.6123,0.05,0.9713,0.9095,512,17.01
286.26456539462856,320.4714,606.736,463.6037,0.05,0.9131,0.9038,513,17.041666666666668,285.9033403126456,320.8344,606.7378,463.7861,0.0,0.8796,0.9515,513,17.041666666666668,286.84687396290315,320.1082,606.955,463.5316,0.05,0.9311,0.8612,513,17.041666666666668,286.4472524252837,320.4617,606.9077,463.6847,0.0,0.7507,0.9478,513,17.041666666666668,286.2512649839683,320.4879,606.736,463.6119,0.05,0.9761,0.9038,513,17.041666666666668
286.2628254004137,320.4729,606.7358,463.6043,0.05,0.9079,0.8818,514,17.075000000000003,285.9013034542279,320.8364,606.7377,463.787,0.0,0.8883,0.9315,514,17.075000000000003,286.7986051200563,320.1129,606.9115,463.5122,0.0417,0.9267,0.8827,514,17.075000000000003,286.4423020312703,320.4664,606.9074,463.6869,0.0,0.7415,0.9539,514,17.075000000000003,286.26837318966943,320.4674,606.7358,463.6016,0.0583,0.8483,0.8818,514,17.075000000000003
286.2990499609904,320.4742,606.7733,463.6237,0.0583,0.9081,0.8532,515,17.108333333333334,285.8987152089861,320.8376,606.7364,463.787,0.0,0.8489,0.9296,515,17.108333333333334,286.84141119878905,320.1128,606.9543,463.5335,0.05,0.923,0.8561,515,17.108333333333334,286.4418790475929,320.4665,606.9069,463.6867,0.0,0.7463,0.9557,515,17.108333333333334,286.2660857101575,320.4684,606.7345,463.6015,0.0583,0.8536,0.8732,515,17.108333333333334
286.2061685612266,320.4747,606.6809,463.5778,0.075,0.8979,0.7327,516,17.14666666666667,285.6376819512307,321.1183,606.7508,463.9345,0.0,1.1018,0.812,516,17.14666666666667,286.76965189518825,320.0585,606.8281,463.4433,0.0833,0.835,0.736,516,17.14666666666667,286.17732970751547,320.7369,606.9056,463.8213,0.0,1.2116,0.8229,516,17.14666666666667,286.2023503861773,320.4631,606.6644,463.5638,0.1,0.855,0.7321,516,17.14666666666667
286.1917251759543,320.4735,606.6652,463.5694,0.0833,0.8909,0.732,517,17.17666666666667,285.638492433946,321.1176,606.7509,463.9342,0.0,1.0854,0.8111,517,17.17666666666667,286.72689169459204,320.1013,606.8282,463.4648,0.0917,0.858,0.7365,517,17.17666666666667,286.17505197606295,320.7394,606.9057,463.8226,0.0,1.1894,0.8333,517,17.17666666666667,286.2045349471464,320.4614,606.6652,463.5633,0.1,0.8386,0.732,517,17.17666666666667
286.1421561303215,320.5377,606.679,463.6084,0.075,0.9172,0.7463,518,17.21,285.5745787091305,321.1821,606.748,463.9651,0.0,1.1854,0.8119,518,17.21,286.72868209814044,320.0989,606.8276,463.4632,0.0917,0.7695,0.7267,518,17.21,286.1782164906375,320.7356,606.9052,463.8204,0.0,1.226,0.8305,518,17.21,286.1297627232773,320.5325,606.6623,463.5974,0.1,0.9288,0.7255,518,17.21
286.1424070847506,320.5376,606.679,463.6083,0.075,0.9145,0.7366,519,17.243333333333336,285.57483793926116,321.1819,606.7481,463.965,0.0,1.1855,0.8114,519,17.243333333333336,286.7285348726575,320.0989,606.8274,463.4631,0.0917,0.7695,0.7265,519,17.243333333333336,286.17807224005935,320.7356,606.9051,463.8203,0.0,1.226,0.8235,519,17.243333333333336,286.1300834134819,320.5323,606.6624,463.5974,0.1,0.9243,0.7254,519,17.243333333333336
286.1431845631656,320.5373,606.6795,463.6084,0.075,0.9185,0.7523,520,17.276666666666667,285.57550939106835,321.1816,606.7484,463.965,0.0,1.187,0.8096,520,17.276666666666667,286.7717908418374,320.0565,606.8283,463.4424,0.0833,0.7881,0.7349,520,17.276666666666667,286.1799203363541,320.7345,606.9058,463.8202,0.0,1.2248,0.8242,520,17.276666666666667,286.1312740469077,320.5318,606.6631,463.5974,0.1,0.9228,0.7333,520,17.276666666666667
286.1417504349324,320.5384,606.6792,463.6088,0.075,0.9298,0.7391,521,17.310000000000002,285.5743497900064,321.1825,606.7482,463.9654,0.0,1.1952,0.8021,521,17.310000000000002,286.77058745750526,320.0577,606.8283,463.443,0.0833,0.7882,0.7324,521,17.310000000000002,286.17889214221134,320.7356,606.9059,463.8207,0.0,1.2249,0.8245,521,17.310000000000002,286.1300249899887,320.5325,606.6626,463.5975,0.1,0.9374,0.7246,521,17.310000000000002
286.18871619233687,320.4715,606.6597,463.5656,0.0833,0.9316,0.7311,522,17.343333333333334,285.63710414212477,321.1156,606.7479,463.9317,0.0,1.0588,0.8046,522,17.343333333333334,286.74086345858836,320.0843,606.8252,463.4547,0.0917,0.7502,0.7251,522,17.343333333333334,286.1908840897168,320.7251,606.9063,463.8157,0.0,1.213,0.8208,522,17.343333333333334,286.20105407393805,320.4599,606.6597,463.5598,0.1,0.8608,0.7311,522,17.343333333333334
286.1907051717041,320.4699,606.66,463.5649,0.0833,0.9415,0.7302,523,17.375,285.6392254341149,321.114,606.7484,463.9312,0.0,1.0709,0.7976,523,17.375,286.7355198228973,320.0912,606.8267,463.4589,0.0917,0.7709,0.7275,523,17.375,286.1873790249574,320.7296,606.9085,463.819,0.0,1.1762,0.8211,523,17.375,286.20297955207064,320.4583,606.66,463.5591,0.1,0.8707,0.7302,523,17.375
286.1928352731525,320.469,606.6612,463.5651,0.0833,0.96,0.7289,524,17.408333333333335,285.64099505923923,321.1132,606.7493,463.9312,0.0,1.0638,0.8069,524,17.408333333333335,286.73632233408904,320.0906,606.8269,463.4588,0.0917,0.7696,0.7258,524,17.408333333333335,286.1880477297145,320.7291,606.9087,463.8189,0.0,1.1686,0.8207,524,17.408333333333335,286.2050971713238,320.4574,606.6612,463.5593,0.1,0.8964,0.7289,524,17.408333333333335
286.1906131884027,320.4728,606.6627,463.5678,0.0833,0.9099,0.7311,525,17.441666666666666,285.6390172760638,321.1166,606.7508,463.9337,0.0,1.0613,0.8157,525,17.441666666666666,286.7783434313268,320.0493,606.8276,463.4385,0.0833,0.8104,0.7406,525,17.441666666666666,286.1896976764697,320.7282,606.9093,463.8188,0.0,1.1466,0.8199,525,17.441666666666666,286.2029532462346,320.4612,606.6627,463.5619,0.1,0.8344,0.7311,525,17.441666666666666
286.4121211977664,320.4416,606.8508,463.6462,0.1,0.8049,0.7575,526,17.48,285.6524042818438,321.1021,606.7489,463.9255,0.0,0.9703,0.9413,526,17.48,286.8875128528622,320.031,606.9185,463.4748,0.0667,0.7748,0.8873,526,17.48,286.180987507292,320.7329,606.9058,463.8194,0.0,1.116,0.966,526,17.48,286.3033319983987,320.4509,606.7528,463.6019,0.075,0.9768,0.8565,526,17.48
286.3677220668097,320.4528,606.8205,463.6366,0.0833,0.9186,0.7766,527,17.51,285.66030759301236,321.0968,606.7514,463.9241,0.0,0.9562,0.9323,527,17.51,286.9741875642402,320.0544,607.0271,463.5408,0.0917,0.7561,0.7803,527,17.51,286.18742326548056,320.73,606.9095,463.8198,0.0,1.1322,0.9942,527,17.51,286.31253763876254,320.4446,606.7559,463.6003,0.075,0.9821,0.8728,527,17.51
286.36506938935554,320.4547,606.8198,463.6373,0.0833,0.9247,0.7866,528,17.543333333333333,285.656901726377,321.0985,606.7498,463.9241,0.0,0.9624,0.9334,528,17.543333333333333,286.99988151476396,320.03,607.0284,463.5292,0.1,0.8117,0.795,528,17.543333333333333,286.18658514811284,320.7319,606.9106,463.8213,0.0,1.1589,0.9931,528,17.543333333333333,286.30982840342733,320.4464,606.755,463.6007,0.075,0.9811,0.8844,528,17.543333333333333
286.3650490318589,320.4556,606.8206,463.6381,0.0833,0.9187,0.7859,529,17.576666666666668,285.6580246780614,321.0992,606.7516,463.9254,0.0,0.9556,0.9282,529,17.576666666666668,286.998731954928,320.0315,607.0288,463.5301,0.1,0.814,0.7907,529,17.576666666666668,286.18545078132877,320.7332,606.9108,463.822,0.0,1.16,0.9929,529,17.576666666666668,286.3100904544333,320.4473,606.7561,463.6017,0.075,0.9819,0.8723,529,17.576666666666668
286.364504922166,320.4551,606.8196,463.6373,0.0833,0.9247,0.783,530,17.61,285.65667838095465,321.0987,606.7497,463.9242,0.0,0.9673,0.9335,530,17.61,286.997948504901,320.031,607.0275,463.5292,0.1,0.8107,0.7881,530,17.61,286.1846694574132,320.7325,606.9095,463.821,0.0,1.156,0.9863,530,17.61,286.30947206607095,320.4468,606.755,463.6009,0.075,0.9709,0.885,530,17.61
286.3678793477301,320.4552,606.8231,463.6391,0.0833,0.9186,0.7834,531,17.643333333333334,285.6605581939566,321.0989,606.7538,463.9263,0.0,0.9722,0.934,531,17.643333333333334,286.9986294392079,320.0312,607.0284,463.5298,0.1,0.8129,0.8031,531,17.643333333333334,286.1854777688186,320.7327,606.9105,463.8216,0.0,1.1554,1.0005,531,17.643333333333334,286.3125469145634,320.4471,606.7584,463.6027,0.075,0.9706,0.8896,531,17.643333333333334
286.4008761313852,320.455,606.8558,463.6554,0.0917,0.9497,0.7752,532,17.67666666666667,285.659736407801,321.0987,606.7528,463.9258,0.0,0.9707,0.9382,532,17.67666666666667,286.97256854990326,320.0571,607.0282,463.5427,0.0917,0.7237,0.798,532,17.67666666666667,286.1858689430902,320.7322,606.9103,463.8213,0.0,1.1529,0.9955,532,17.67666666666667,286.31367419219043,320.446,606.7584,463.6022,0.075,0.9699,0.9105,532,17.67666666666667
286.39923267983454,320.4562,606.8554,463.6558,0.0917,0.9475,0.7859,533,17.708333333333336,285.659115415947,321.0999,606.7534,463.9267,0.0,0.9707,0.9313,533,17.708333333333336,286.9720172503047,320.0585,607.0291,463.5438,0.0917,0.7231,0.8,533,17.708333333333336,286.18529425684585,320.7336,606.9111,463.8224,0.0,1.1568,1.0003,533,17.708333333333336,286.3120277896668,320.4472,606.758,463.6026,0.075,0.9687,0.8769,533,17.708333333333336
286.3653430235988,320.4547,606.82,463.6374,0.0833,0.9481,0.784,534,17.741666666666667,285.65699460693054,321.0987,606.7501,463.9244,0.0,0.9702,0.9332,534,17.741666666666667,286.9984701632769,320.0313,607.0283,463.5298,0.1,0.8105,0.7916,534,17.741666666666667,286.18530691409075,320.7331,606.9106,463.8218,0.0,1.1584,0.9943,534,17.741666666666667,286.310921802591,320.4458,606.7555,463.6006,0.075,0.9686,0.8873,534,17.741666666666667
286.36325052583294,320.4577,606.8209,463.6393,0.0833,0.9478,0.7834,535,17.775000000000002,285.6548515363147,321.1015,606.7507,463.9261,0.0,0.9664,0.9318,535,17.775000000000002,286.9974865213667,320.0324,607.0284,463.5304,0.1,0.8124,0.7914,535,17.775000000000002,286.18437366840124,320.7341,606.9107,463.8224,0.0,1.1595,0.9941,535,17.775000000000002,286.30851768941545,320.4488,606.7562,463.6025,0.075,0.9682,0.8778,535,17.775000000000002
286.1855656072409,320.4585,606.6439,463.5512,0.0833,0.9723,0.7664,536,17.810000000000002,285.66672422943265,321.1008,606.7617,463.9312,0.0,1.0348,0.8686,536,17.810000000000002,287.04174356871175,320.0607,607.0982,463.5795,0.0917,0.895,0.7805,536,17.810000000000002,286.220386350941,320.7363,606.9487,463.8425,0.0,1.1181,0.8929,536,17.810000000000002,286.18840879557763,320.4556,606.6439,463.5498,0.0917,0.974,0.7664,536,17.810000000000002
286.18526501364795,320.4594,606.6445,463.5519,0.0833,1.0053,0.769,537,17.843333333333334,285.66635470317215,321.1018,606.7623,463.932,0.0,1.0567,0.877,537,17.843333333333334,287.04112170603344,320.0622,607.0991,463.5806,0.0917,0.8936,0.7805,537,17.843333333333334,286.21939656339595,320.7378,606.9491,463.8435,0.0,1.085,0.8928,537,17.843333333333334,286.2416308759827,320.4565,606.6981,463.5773,0.0833,0.9924,0.8017,537,17.843333333333334
286.1851484087728,320.4603,606.6451,463.5527,0.0833,0.9867,0.8134,538,17.87666666666667,285.66577133808653,321.1018,606.762,463.9319,0.0,1.0381,0.8639,538,17.87666666666667,286.7633013043986,320.0622,606.8255,463.4439,0.0917,0.8965,0.7578,538,17.87666666666667,286.2194235386062,320.7373,606.9489,463.8431,0.0,1.0519,0.8881,538,17.87666666666667,286.2416298016309,320.4573,606.699,463.5781,0.0833,0.9883,0.8273,538,17.87666666666667
286.1865817213211,320.4611,606.6473,463.5542,0.0833,1.0174,0.8169,539,17.91166666666667,285.6668962315929,321.1035,606.7648,463.9342,0.0,1.0564,0.8716,539,17.91166666666667,286.81565960280915,320.0646,606.8802,463.4724,0.0833,0.9073,0.8002,539,17.91166666666667,286.21765173718177,320.7402,606.9498,463.845,0.0,1.0704,0.8886,539,17.91166666666667,286.242874029955,320.4583,606.7012,463.5797,0.0833,0.9831,0.8179,539,17.91166666666667
286.1865812850798,320.4615,606.6477,463.5546,0.0833,1.0245,0.8153,540,17.943333333333335,285.6666856701122,321.104,606.7651,463.9346,0.0,1.0437,0.8798,540,17.943333333333335,286.81515328887576,320.0649,606.88,463.4724,0.0833,0.9071,0.7998,540,17.943333333333335,286.21719960434837,320.7404,606.9497,463.8451,0.0,1.0606,0.8888,540,17.943333333333335,286.2428235166143,320.4588,606.7016,463.5802,0.0833,0.9923,0.8204,540,17.943333333333335
286.1846298958006,320.4624,606.6467,463.5545,0.0833,1.0168,0.8086,541,17.976666666666667,285.66513988426595,321.1048,606.7644,463.9346,0.0,1.0569,0.871,541,17.976666666666667,286.8149508754491,320.0654,606.8804,463.4729,0.0833,0.9069,0.7994,541,17.976666666666667,286.217027494048,320.741,606.95,463.8455,0.0,1.0723,0.8891,541,17.976666666666667,286.2407862166418,320.4598,606.7006,463.5802,0.0833,0.9804,0.819,541,17.976666666666667
286.18615599210347,320.4607,606.6464,463.5536,0.0833,1.0166,0.8102,542,18.026666666666667,285.666778163068,321.103,606.7642,463.9336,0.0,1.0283,0.8725,542,18.026666666666667,286.76028251063633,320.0663,606.8266,463.4464,0.0917,0.9046,0.7651,542,18.026666666666667,286.2165356805541,320.7418,606.9503,463.846,0.0,1.0484,0.8878,542,18.026666666666667,286.2424508599577,320.4579,606.7004,463.5792,0.0833,0.9841,0.8181,542,18.026666666666667
286.1854627199376,320.4638,606.6488,463.5563,0.0833,1.0258,0.7876,543,18.043333333333333,285.66575468421183,321.1062,606.7664,463.9363,0.0,1.0702,0.8638,543,18.043333333333333,286.75933151932577,320.0672,606.8265,463.4469,0.0917,0.9046,0.7545,543,18.043333333333333,286.2155095049589,320.7428,606.9502,463.8465,0.0,1.0684,0.886,543,18.043333333333333,286.241612048249,320.4611,606.7027,463.5819,0.0833,0.9904,0.8235,543,18.043333333333333
286.18593431693455,320.4628,606.6483,463.5555,0.0833,1.0316,0.7863,544,18.075000000000003,285.66658492636304,321.1049,606.7659,463.9354,0.0,1.0533,0.8793,544,18.075000000000003,286.7595898847038,320.067,606.8266,463.4468,0.0917,0.9046,0.7545,544,18.075000000000003,286.21610820392084,320.7422,606.9502,463.8462,0.0,1.0663,0.8859,544,18.075000000000003,286.2420623723367,320.4601,606.7022,463.5812,0.0833,0.9875,0.8245,544,18.075000000000003
286.18423116408144,320.4639,606.6476,463.5557,0.0833,1.0289,0.7835,545,18.116666666666667,285.6648020440442,321.106,606.7652,463.9356,0.0,1.0875,0.8772,545,18.116666666666667,286.7586488546699,320.0682,606.8268,463.4475,0.0917,0.9068,0.7549,545,18.116666666666667,286.2152425738686,320.7432,606.9504,463.8468,0.0,1.0678,0.8858,545,18.116666666666667,286.2404105735892,320.4611,606.7016,463.5814,0.0833,0.9876,0.8228,545,18.116666666666667
286.20168605270726,320.5474,606.7491,463.6483,0.05,0.9789,0.8785,546,18.145,285.5314865247303,320.9884,606.5123,463.7504,0.0,1.4879,0.9234,546,18.145,286.9689067044187,320.0751,607.0402,463.5576,0.0833,0.9248,0.7843,546,18.145,286.13007123828754,320.5445,606.6668,463.6056,0.0,1.1995,0.89,546,18.145,286.2015361889639,320.5476,606.7491,463.6483,0.0583,1.0215,0.8785,546,18.145
286.14623703408824,320.5534,606.6997,463.6266,0.075,0.9863,0.8097,547,18.17666666666667,285.74411844910765,320.9939,606.7268,463.8604,0.0,1.4947,0.8505,547,18.17666666666667,286.95309469729636,320.0907,607.0399,463.5653,0.0833,0.9305,0.7858,547,18.17666666666667,286.3537708901194,320.5587,606.8964,463.7275,0.0,1.2126,0.9845,547,18.17666666666667,286.14602220107315,320.5537,606.6997,463.6267,0.0833,1.0169,0.8097,547,18.17666666666667
286.1510236295353,320.5486,606.6996,463.6241,0.075,0.993,0.8112,548,18.218333333333334,285.7487681695775,320.989,606.7267,463.8579,0.0,1.3588,0.8507,548,18.218333333333334,286.95862962614643,320.0844,607.0391,463.5617,0.0833,0.9205,0.7852,548,18.218333333333334,286.35937774837123,320.5519,606.8957,463.7238,0.0,1.1588,0.9846,548,18.218333333333334,286.15084695039036,320.5487,606.6996,463.6242,0.0833,1.0178,0.8112,548,18.218333333333334
286.2003000122901,320.5478,606.7481,463.6479,0.05,0.974,0.8978,549,18.243333333333336,285.7678886751953,320.9883,606.7427,463.8655,0.0,1.352,0.9229,549,18.243333333333336,286.9592490580116,320.0842,607.0396,463.5619,0.0833,0.9203,0.7856,549,18.243333333333336,286.359995675581,320.5517,606.8962,463.7239,0.0,1.159,0.9804,549,18.243333333333336,286.20012391258274,320.548,606.7481,463.648,0.0583,1.0075,0.8978,549,18.243333333333336
286.20109573941033,320.5477,606.7488,463.6482,0.05,0.972,0.8818,550,18.276666666666667,285.76861590148314,320.9882,606.7433,463.8658,0.0,1.3505,0.9212,550,18.276666666666667,286.96079950454225,320.084,607.0409,463.5624,0.0833,0.9217,0.7886,550,18.276666666666667,286.36133326188155,320.5516,606.8973,463.7244,0.0,1.1657,0.9813,550,18.276666666666667,286.20093614931426,320.5478,606.7488,463.6483,0.0583,1.0076,0.8818,550,18.276666666666667
286.2013227231197,320.4995,606.7008,463.6001,0.075,0.925,0.7917,551,18.32166666666667,285.8018342334269,320.9391,606.7332,463.8361,0.0,1.2877,0.8556,551,18.32166666666667,286.99579388976724,320.0878,607.0788,463.5833,0.0833,0.9358,0.8409,551,18.32166666666667,286.3905149055604,320.5555,606.9299,463.7427,0.0,1.1046,0.8752,551,18.32166666666667,286.20357715829823,320.4975,606.7008,463.5991,0.0833,0.9536,0.7917,551,18.32166666666667
286.2038076160486,320.4961,606.6999,463.598,0.075,0.9278,0.8043,552,18.343333333333334,285.8017191266798,320.9369,606.7307,463.8338,0.0,1.2871,0.8565,552,18.343333333333334,286.9952557419025,320.0877,607.0781,463.5829,0.0833,0.9339,0.803,552,18.343333333333334,286.3890734110212,320.5564,606.9293,463.7428,0.0,1.1068,0.8758,552,18.343333333333334,286.206261462361,320.4938,606.6999,463.5969,0.0833,0.9542,0.8043,552,18.343333333333334
286.203079116856,320.4971,606.7002,463.5987,0.075,0.9271,0.8014,553,18.37666666666667,285.8010643667245,320.9378,606.7309,463.8344,0.0,1.2704,0.8525,553,18.37666666666667,286.9949315991115,320.0877,607.0778,463.5828,0.0833,0.934,0.8038,553,18.37666666666667,286.388795110646,320.5564,606.929,463.7427,0.0,1.1067,0.8759,553,18.37666666666667,286.20552141905046,320.4948,606.7002,463.5975,0.0833,0.954,0.8014,553,18.37666666666667
286.20385203422643,320.4963,606.7002,463.5982,0.075,0.9223,0.8016,554,18.42,285.8017722605029,320.9371,606.7309,463.834,0.0,1.2762,0.8527,554,18.42,286.9952918410527,320.0873,607.0778,463.5826,0.0833,0.9332,0.8038,554,18.42,286.3893358255829,320.5559,606.929,463.7425,0.0,1.1067,0.8759,554,18.42,286.2062814085013,320.494,606.7002,463.5971,0.0833,0.9575,0.8016,554,18.42
286.2500681563138,320.4977,606.7477,463.6227,0.05,0.9271,0.9201,555,18.443333333333335,285.8193339012891,320.9383,606.7474,463.8428,0.0,1.2758,0.9037,555,18.443333333333335,286.9947695666293,320.0874,607.0774,463.5824,0.0833,0.9335,0.8077,555,18.443333333333335,286.388677437568,320.5562,606.9287,463.7425,0.0,1.1069,0.8804,555,18.443333333333335,286.31148796112336,320.4954,606.8067,463.651,0.075,0.9539,0.8769,555,18.443333333333335
286.16956534715166,320.4401,606.6096,463.5249,0.0833,1.0032,0.818,556,18.48166666666667,285.62600650408734,321.111,606.7312,463.9211,0.0,1.18,0.8699,556,18.48166666666667,286.7848254841284,319.9943,606.7791,463.3867,0.1,0.8634,0.8435,556,18.48166666666667,286.19010128835083,320.7285,606.9079,463.8182,0.0,1.1657,0.8477,556,18.48166666666667,286.17223700056434,320.4378,606.6096,463.5237,0.0917,0.9963,0.818,556,18.48166666666667
286.16916155247384,320.4405,606.6096,463.525,0.0833,1.0034,0.8171,557,18.51,285.625732827172,321.1112,606.7312,463.9212,0.0,1.1896,0.8724,557,18.51,286.7847730174791,319.9945,606.7792,463.3869,0.1,0.8635,0.842,557,18.51,286.18999314509955,320.7287,606.908,463.8183,0.0,1.1674,0.8422,557,18.51,286.17194517895393,320.4381,606.6096,463.5238,0.0917,0.988,0.8171,557,18.51
286.16937833674695,320.4406,606.61,463.5253,0.0833,1.0186,0.8233,558,18.543333333333333,285.62600520914987,321.1114,606.7315,463.9214,0.0,1.1952,0.8824,558,18.543333333333333,286.7849249179561,319.9945,606.7794,463.3869,0.1,0.8773,0.8613,558,18.543333333333333,286.1899699066568,320.7289,606.9081,463.8185,0.0,1.1667,0.8372,558,18.543333333333333,286.17201737201344,320.4383,606.61,463.5241,0.0917,0.9974,0.8233,558,18.543333333333333
286.1674751515074,320.4448,606.6122,463.5285,0.0833,1.0467,0.8049,559,18.576666666666668,285.623957676645,321.1143,606.7325,463.9234,0.0,1.2232,0.8605,559,18.576666666666668,286.788826584797,319.9931,606.782,463.3875,0.1,0.8796,0.8254,559,18.576666666666668,286.19211904493613,320.728,606.9091,463.8185,0.0,1.1774,0.8434,559,18.576666666666668,286.16990403957493,320.4427,606.6122,463.5274,0.0917,1.0296,0.8049,559,18.576666666666668
286.16607586658654,320.4441,606.61,463.5271,0.0833,1.0134,0.8163,560,18.61,285.622356263365,321.1146,606.7312,463.9229,0.0,1.1826,0.8854,560,18.61,287.06954720050135,319.9951,607.0607,463.5279,0.1,0.8769,0.7764,560,18.61,286.18865964557125,320.7298,606.9077,463.8188,0.0,1.1563,0.8376,560,18.61,286.3283237178856,320.442,606.7698,463.6059,0.075,0.9977,0.841,560,18.61
286.1645908210188,320.445,606.6095,463.5273,0.0833,1.0176,0.8176,561,18.643333333333334,285.6212059089288,321.1156,606.7309,463.9233,0.0,1.1883,0.881,561,18.643333333333334,286.7830374371026,319.996,606.7791,463.3875,0.1,0.8785,0.8604,561,18.643333333333334,286.1876379215455,320.7306,606.9074,463.819,0.0,1.1545,0.8342,561,18.643333333333334,286.32704233919526,320.4428,606.7694,463.6061,0.075,0.994,0.8367,561,18.643333333333334
286.16631151124056,320.4437,606.6099,463.5268,0.0833,1.0099,0.8162,562,18.67666666666667,285.62281753377556,321.1144,606.7313,463.9229,0.0,1.1993,0.8737,562,18.67666666666667,287.06967566777917,319.9952,607.0609,463.528,0.1,0.8753,0.7768,562,18.67666666666667,286.1889460401791,320.7298,606.9079,463.8189,0.0,1.1593,0.8342,562,18.67666666666667,286.1687600066019,320.4416,606.6099,463.5257,0.0917,1.0012,0.8162,562,18.67666666666667
286.17088404533274,320.4394,606.6103,463.5248,0.0833,1.0057,0.8152,563,18.71166666666667,285.62707574652217,321.1105,606.7316,463.9211,0.0,1.2212,0.8844,563,18.71166666666667,286.7862078976342,319.9936,606.7798,463.3867,0.1,0.8636,0.8618,563,18.71166666666667,286.1908660690097,320.7279,606.908,463.818,0.0,1.1571,0.8339,563,18.71166666666667,286.1736221293194,320.437,606.6103,463.5236,0.0917,0.9986,0.8152,563,18.71166666666667
286.16983569370416,320.4426,606.6121,463.5274,0.0833,1.0174,0.8158,564,18.743333333333336,285.62654703264343,321.1127,606.7335,463.9231,0.0,1.1879,0.8778,564,18.743333333333336,286.7850201166642,319.9957,606.7807,463.3882,0.1,0.8646,0.8621,564,18.743333333333336,286.1896297189006,320.7301,606.909,463.8195,0.0,1.1537,0.8374,564,18.743333333333336,286.17227569195154,320.4403,606.6121,463.5262,0.0917,1.0029,0.8158,564,18.743333333333336
286.17075784785317,320.4409,606.6112,463.5261,0.0833,1.0048,0.8138,565,18.775000000000002,285.627230158309,321.111,606.7325,463.9218,0.0,1.2013,0.8766,565,18.775000000000002,286.78691957973797,319.9939,606.7808,463.3874,0.1,0.8654,0.8639,565,18.775000000000002,286.1911828196952,320.7283,606.9089,463.8186,0.0,1.1376,0.8377,565,18.775000000000002,286.33258234274837,320.4386,606.7704,463.6045,0.075,1.0174,0.8317,565,18.775000000000002
286.1647604434188,320.4627,606.6274,463.5451,0.1,0.7661,0.7252,566,18.813333333333336,285.79136163516364,320.9895,606.7664,463.8779,0.0,1.1128,0.8628,566,18.813333333333336,286.709408230325,320.0751,606.7845,463.4298,0.0833,0.8704,0.8272,566,18.813333333333336,286.3784701146085,320.5509,606.9174,463.7342,0.0,1.3306,0.8609,566,18.813333333333336,286.21277916279274,320.5295,606.7423,463.6359,0.0833,0.8884,0.7225,566,18.813333333333336
286.18294242766365,320.4435,606.6265,463.535,0.1,0.7285,0.728,567,18.843333333333334,285.8470459717278,320.9282,606.7655,463.8468,0.0,1.0997,0.8662,567,18.843333333333334,286.7098711949036,320.0744,606.7842,463.4293,0.0833,0.8681,0.8262,567,18.843333333333334,286.3787964281404,320.5501,606.917,463.7335,0.0,1.2899,0.8629,567,18.843333333333334,286.29587106900425,320.4458,606.7416,463.5937,0.0917,0.6949,0.7353,567,18.843333333333334
286.16144518338285,320.4654,606.6268,463.5461,0.1,0.7515,0.7091,568,18.875,285.78822199568936,320.9928,606.7664,463.8796,0.0,1.1823,0.8566,568,18.875,286.7025107945235,320.081,606.7835,463.4322,0.0833,0.8837,0.8205,568,18.875,286.3712805562935,320.5571,606.9165,463.7368,0.0,1.3861,0.8757,568,18.875,286.227729432004,320.5133,606.7411,463.6272,0.0917,0.8384,0.7104,568,18.875
286.1630831531884,320.4638,606.6269,463.5454,0.1,0.7679,0.7104,569,18.91,285.7890211925786,320.9918,606.7665,463.8791,0.0,1.169,0.8528,569,18.91,286.701598634657,320.0819,606.7835,463.4327,0.0833,0.8531,0.8205,569,18.91,286.37040502222175,320.558,606.9165,463.7373,0.0,1.3862,0.8758,569,18.91,286.2286489789942,320.5125,606.7411,463.6268,0.0917,0.855,0.7077,569,18.91
286.16846558105766,320.4582,606.6267,463.5424,0.1,0.7389,0.712,570,18.943333333333335,285.7944346693162,320.9862,606.7661,463.8762,0.0,1.1787,0.8564,570,18.943333333333335,286.7011735024738,320.0796,606.7808,463.4302,0.0833,0.861,0.8289,570,18.943333333333335,286.3704185342148,320.5557,606.9141,463.7349,0.0,1.3898,0.9033,570,18.943333333333335,286.2341916410633,320.5067,606.7409,463.6238,0.0917,0.8645,0.7076,570,18.943333333333335
286.18060737794895,320.4607,606.6413,463.551,0.0917,0.7522,0.7433,571,18.976666666666667,285.7921898514884,320.9884,606.7663,463.8774,0.0,1.1584,0.8676,571,18.976666666666667,286.6963969865658,320.0844,606.7808,463.4326,0.0833,0.8718,0.8342,571,18.976666666666667,286.3665358312719,320.5592,606.9145,463.7368,0.0,1.3723,0.9032,571,18.976666666666667,286.2312795331218,320.5095,606.7408,463.6252,0.0917,0.8434,0.7254,571,18.976666666666667
286.18223574787805,320.4589,606.6411,463.55,0.0917,0.7387,0.7437,572,19.01,285.7935618186507,320.9868,606.7658,463.8763,0.0,1.1645,0.8613,572,19.01,286.6984643964157,320.0824,606.7809,463.4316,0.0833,0.8545,0.834,572,19.01,286.368261336636,320.5575,606.9143,463.7359,0.0,1.387,0.9033,572,19.01,286.23286334216436,320.5075,606.7404,463.6239,0.0917,0.8305,0.734,572,19.01
286.1819788885771,320.4585,606.6405,463.5495,0.0917,0.7589,0.7419,573,19.043333333333333,285.7931964151833,320.9864,606.7651,463.8758,0.0,1.1791,0.8678,573,19.043333333333333,286.69739957574416,320.0831,606.7805,463.4318,0.0833,0.8533,0.8267,573,19.043333333333333,286.36723505634757,320.5582,606.9139,463.7361,0.0,1.387,0.9033,573,19.043333333333333,286.2326765959774,320.5069,606.7396,463.6232,0.0917,0.8488,0.6937,573,19.043333333333333
286.16743125685326,320.4588,606.6262,463.5425,0.1,0.7365,0.7133,574,19.076666666666668,285.79386380628415,320.9866,606.766,463.8763,0.0,1.1842,0.8577,574,19.076666666666668,286.69780582782835,320.0829,606.7807,463.4318,0.0833,0.8532,0.8216,574,19.076666666666668,286.36762675274326,320.558,606.9141,463.736,0.0,1.387,0.9033,574,19.076666666666668,286.2333549799556,320.5072,606.7406,463.6239,0.0917,0.8512,0.6862,574,19.076666666666668
286.16596769106377,320.4594,606.6254,463.5424,0.1,0.7566,0.7117,575,19.110000000000003,285.79195316448784,320.9872,606.7647,463.8759,0.0,1.178,0.8514,575,19.110000000000003,286.69785989588274,320.0828,606.7807,463.4317,0.0833,0.8527,0.8213,575,19.110000000000003,286.3676249273701,320.5579,606.914,463.7359,0.0,1.3871,0.9033,575,19.110000000000003,286.2317006739618,320.5078,606.7395,463.6237,0.0917,0.8536,0.6996,575,19.110000000000003
286.33857398120676,320.456,606.7922,463.6241,0.0583,0.9431,0.8173,576,19.14666666666667,285.6833102364252,320.9201,606.5988,463.7595,0.0,1.1198,0.8457,576,19.14666666666667,286.90604521479867,320.0402,606.9463,463.4932,0.0417,0.8772,0.8152,576,19.14666666666667,286.2846062797606,320.5129,606.7879,463.6504,0.0,1.1143,0.9019,576,19.14666666666667,286.2833813707117,320.4484,606.7317,463.59,0.0667,0.9569,0.8449,576,19.14666666666667
286.3376409177954,320.4563,606.7915,463.6239,0.0583,0.941,0.8294,577,19.17666666666667,285.68273924637936,320.9201,606.5983,463.7592,0.0,1.113,0.847,577,19.17666666666667,286.8979441995004,320.0477,606.9457,463.4967,0.0417,0.995,0.8146,577,19.17666666666667,286.2798551800655,320.5172,606.7873,463.6522,0.0,1.2098,0.8957,577,19.17666666666667,286.2825173636014,320.4489,606.7314,463.5902,0.0667,0.9468,0.8353,577,19.17666666666667
286.3376027504885,320.4566,606.7918,463.6242,0.0583,0.9434,0.8183,578,19.208333333333336,285.6827849816681,320.9202,606.5986,463.7594,0.0,1.1094,0.8593,578,19.208333333333336,286.89619947576165,320.0493,606.9455,463.4974,0.0417,0.9972,0.8147,578,19.208333333333336,286.27817301876985,320.5187,606.7872,463.6529,0.0,1.2075,0.8982,578,19.208333333333336,286.28237442109304,320.4492,606.7316,463.5904,0.0667,0.9461,0.8377,578,19.208333333333336
286.3397890962724,320.4582,606.7955,463.6268,0.0583,0.953,0.8042,579,19.243333333333336,285.68386582558395,320.9217,606.6011,463.7614,0.0,1.1096,0.865,579,19.243333333333336,286.89815209059043,320.0514,606.9495,463.5005,0.0417,0.9967,0.831,579,19.243333333333336,286.28044898350197,320.5203,606.7911,463.6557,0.0,1.1971,0.879,579,19.243333333333336,286.28451348984686,320.4508,606.7353,463.593,0.0667,0.9536,0.8454,579,19.243333333333336
286.3193973819822,320.4617,606.7811,463.6214,0.0583,0.9654,0.8544,580,19.276666666666667,285.6665245485149,320.9249,606.5868,463.7559,0.0,1.075,0.8952,580,19.276666666666667,286.9019182075763,320.0462,606.948,463.4971,0.05,0.9473,0.8366,580,19.276666666666667,286.27557507903646,320.5246,606.7908,463.6577,0.0,1.2333,0.8664,580,19.276666666666667,286.26248301614834,320.4535,606.716,463.5847,0.1,0.937,0.7245,580,19.276666666666667
286.3331262050564,320.4479,606.781,463.6145,0.0667,0.8786,0.8691,581,19.310000000000002,285.66468488107364,320.9268,606.5867,463.7568,0.0,1.1017,0.8822,581,19.310000000000002,286.88951196922164,320.0581,606.9474,463.5027,0.0417,0.9936,0.8373,581,19.310000000000002,286.2733235497459,320.5263,606.7903,463.6583,0.0,1.24,0.8662,581,19.310000000000002,286.26133311665524,320.455,606.7164,463.5857,0.1,0.9417,0.724,581,19.310000000000002
286.31864691616715,320.4624,606.781,463.6217,0.0583,0.9696,0.8692,582,19.345000000000002,285.66556567025066,320.9258,606.5867,463.7563,0.0,1.088,0.8825,582,19.345000000000002,286.88959732065007,320.0583,606.9477,463.503,0.0417,0.9963,0.8354,582,19.345000000000002,286.2733731669742,320.5264,606.7905,463.6584,0.0,1.2408,0.8669,582,19.345000000000002,286.26220654150586,320.4542,606.7164,463.5853,0.1,0.9595,0.724,582,19.345000000000002
286.31918029794156,320.465,606.7841,463.6245,0.0583,0.9652,0.8655,583,19.37666666666667,285.66602475387344,320.9283,606.5897,463.759,0.0,1.0887,0.883,583,19.37666666666667,286.89258665169655,320.0586,606.951,463.5048,0.0417,0.9968,0.837,583,19.37666666666667,286.2763679394684,320.5267,606.7938,463.6602,0.0,1.2407,0.8648,583,19.37666666666667,286.262412053117,320.4568,606.7192,463.588,0.1,0.9481,0.723,583,19.37666666666667
286.3191842722066,320.4645,606.7836,463.6241,0.0583,0.9636,0.8656,584,19.41,285.66622933400816,320.9278,606.5894,463.7586,0.0,1.0879,0.8824,584,19.41,286.8901792124025,320.0609,606.9509,463.5059,0.0417,0.9924,0.837,584,19.41,286.27413527396413,320.5291,606.7938,463.6614,0.0,1.2396,0.8646,584,19.41,286.2623942055438,320.4564,606.7187,463.5876,0.1,0.9491,0.7239,584,19.41
286.3168317623123,320.4671,606.7839,463.6255,0.0583,0.9643,0.8636,585,19.44666666666667,285.6640006038631,320.9303,606.5896,463.7599,0.0,1.0917,0.8835,585,19.44666666666667,286.8883107490946,320.0628,606.9509,463.5069,0.0417,0.9724,0.837,585,19.44666666666667,286.2723579964307,320.531,606.7938,463.6624,0.0,1.2384,0.8646,585,19.44666666666667,286.2600274073392,320.459,606.7191,463.5891,0.1,0.9425,0.7228,585,19.44666666666667
286.3415992475102,320.4449,606.7841,463.6145,0.0583,0.961,0.841,586,19.48,285.68430771647655,320.9103,606.5913,463.7508,0.0,1.1572,0.9592,586,19.48,286.94156595138486,320.0396,606.9781,463.5089,0.0583,0.9391,0.8915,586,19.48,286.25122315966854,320.5329,606.7745,463.6537,0.0,1.2419,0.9259,586,19.48,286.3058445742902,320.4589,606.7627,463.6108,0.0667,1.0888,0.8752,586,19.48
286.3395670888085,320.4489,606.7859,463.6174,0.0583,0.9525,0.8552,587,19.51,285.682081773958,320.9144,606.593,463.7537,0.0,1.0967,0.9585,587,19.51,286.9430533199564,320.0391,606.9789,463.509,0.0583,0.9346,0.8888,587,19.51,286.2523805047392,320.5327,606.7754,463.654,0.0,1.2601,0.9246,587,19.51,286.3029816046014,320.4628,606.7639,463.6134,0.0667,1.0869,0.8706,587,19.51
286.33215312248694,320.4518,606.7816,463.6167,0.0583,0.9036,0.8701,588,19.560000000000002,285.6755582218815,320.917,606.5893,463.7531,0.0,1.0458,0.9635,588,19.560000000000002,286.92146612287695,320.0579,606.9762,463.5171,0.05,0.9963,0.9255,588,19.560000000000002,286.24626212011054,320.5362,606.7728,463.6545,0.0,1.2668,0.9261,588,19.560000000000002,286.2979081908868,320.4653,606.7612,463.6133,0.0667,1.0551,0.8712,588,19.560000000000002
286.3449375258962,320.4432,606.7859,463.6145,0.0583,0.9034,0.8646,589,19.576666666666668,285.687620584511,320.9088,606.5932,463.751,0.0,1.1267,0.96,589,19.576666666666668,286.9292912012292,320.0524,606.9785,463.5154,0.05,0.9955,0.9009,589,19.576666666666668,286.25375195583416,320.5312,606.7752,463.6532,0.0,1.2819,0.9202,589,19.576666666666668,286.3085461218636,320.4576,606.7641,463.6109,0.0667,1.0677,0.872,589,19.576666666666668
286.3460062855508,320.4425,606.7863,463.6144,0.0583,0.9024,0.8624,590,19.608333333333334,285.68870011467294,320.9081,606.5936,463.7509,0.0,1.1416,0.9607,590,19.608333333333334,286.92946212768186,320.0517,606.9779,463.5148,0.05,0.9947,0.9111,590,19.608333333333334,286.25402182363075,320.5304,606.7747,463.6526,0.0,1.2828,0.9196,590,19.608333333333334,286.3278484912673,320.4367,606.7645,463.6006,0.075,0.9163,0.8786,590,19.608333333333334
286.34574332896614,320.4428,606.7864,463.6146,0.0583,0.9096,0.8562,591,19.651666666666667,285.688746198518,320.9082,606.5938,463.751,0.0,1.129,0.9522,591,19.651666666666667,286.9309117449968,320.0515,606.9791,463.5153,0.05,0.9745,0.9249,591,19.651666666666667,286.25538467831484,320.5303,606.7759,463.6531,0.0,1.2846,0.9197,591,19.651666666666667,286.32754006094456,320.4373,606.7648,463.601,0.075,0.9242,0.874,591,19.651666666666667
286.3476407341593,320.4405,606.7858,463.6131,0.0583,0.9141,0.8604,592,19.67666666666667,285.69050189231314,320.906,606.5932,463.7496,0.0,1.1317,0.9598,592,19.67666666666667,286.92958231735213,320.0525,606.9789,463.5157,0.05,0.9507,0.9251,592,19.67666666666667,286.2541040705778,320.5313,606.7757,463.6535,0.0,1.2976,0.9174,592,19.67666666666667,286.31206519334944,320.4547,606.7648,463.6098,0.0667,1.0691,0.8775,592,19.67666666666667
286.34645864617926,320.4403,606.7842,463.6122,0.0583,0.9237,0.8407,593,19.71,285.6887608128074,320.9069,606.5921,463.7495,0.0,1.1382,0.9576,593,19.71,286.9270133996023,320.0522,606.9759,463.5141,0.05,0.978,0.9601,593,19.71,286.25150964527927,320.532,606.7736,463.6528,0.0,1.2927,0.9171,593,19.71,286.31056598181664,320.4543,606.763,463.6087,0.0667,1.0696,0.8622,593,19.71
286.34585284286266,320.4403,606.7837,463.612,0.0583,0.9083,0.8513,594,19.75166666666667,285.6884312165231,320.9067,606.5917,463.7492,0.0,1.1358,0.9543,594,19.75166666666667,286.9259666068134,320.0533,606.976,463.5146,0.05,1.0106,0.9601,594,19.75166666666667,286.2508198115744,320.5327,606.7736,463.6532,0.0,1.3,0.917,594,19.75166666666667,286.32819219402165,320.4344,606.7626,463.5985,0.075,0.9201,0.8572,594,19.75166666666667
286.3470040979213,320.4404,606.785,463.6127,0.0583,0.9145,0.8386,595,19.776666666666667,285.6894795021234,320.9068,606.5928,463.7498,0.0,1.1434,0.9545,595,19.776666666666667,286.9267244757556,320.0533,606.9767,463.515,0.05,1.0106,0.962,595,19.776666666666667,286.25149513029834,320.5327,606.7744,463.6535,0.0,1.3,0.9181,595,19.776666666666667,286.3291086567533,320.4348,606.7639,463.5993,0.075,0.9203,0.857,595,19.776666666666667
286.2948068104215,320.4396,606.7329,463.5863,0.0583,0.9238,0.8767,596,19.813333333333336,285.44098050744833,321.1494,606.584,463.8667,0.0,1.2008,0.8799,596,19.813333333333336,286.9344430883524,319.9991,606.9313,463.4652,0.0583,0.7269,0.7909,596,19.813333333333336,286.0732761497901,320.7073,606.7751,463.7412,0.0,1.1078,0.8617,596,19.813333333333336,286.3123877292305,320.4976,606.8085,463.6531,0.1,0.9119,0.7371,596,19.813333333333336
286.28944038414954,320.4457,606.7334,463.5895,0.0583,0.9142,0.8819,597,19.853333333333335,285.43649896641637,321.1541,606.5843,463.8692,0.0,1.197,0.8748,597,19.853333333333335,286.9096657818336,320.0234,606.9309,463.4772,0.05,0.8659,0.8239,597,19.853333333333335,286.07310603431347,320.7068,606.7743,463.7406,0.0,1.1064,0.8727,597,19.853333333333335,286.3065480872676,320.5036,606.8086,463.6561,0.1,0.925,0.7169,597,19.853333333333335
286.2895749151114,320.4458,606.7339,463.5898,0.0583,0.9026,0.8811,598,19.87666666666667,285.4368676211826,321.1541,606.5848,463.8694,0.0,1.1927,0.8743,598,19.87666666666667,286.91025185542355,320.0236,606.9317,463.4777,0.05,0.8658,0.8233,598,19.87666666666667,286.07369486210496,320.707,606.7751,463.7411,0.0,1.1064,0.8732,598,19.87666666666667,286.306908064828,320.5038,606.8092,463.6565,0.1,0.9329,0.7408,598,19.87666666666667
286.2887056793519,320.4469,606.734,463.5904,0.0583,0.903,0.8813,599,19.91,285.4359830859562,321.1551,606.5849,463.87,0.0,1.1953,0.8745,599,19.91,286.90974456902165,320.0239,606.9316,463.4777,0.05,0.8662,0.8195,599,19.91,286.0732089377232,320.7073,606.7749,463.7411,0.0,1.1059,0.8687,599,19.91,286.30592866721213,320.5049,606.8093,463.6571,0.1,0.9263,0.7405,599,19.91
286.2910390755726,320.444,606.7335,463.5888,0.0583,0.917,0.9046,600,19.943333333333335,285.43825737298675,321.1525,606.5845,463.8685,0.0,1.1928,0.8866,600,19.943333333333335,286.9312595873274,320.0017,606.9308,463.4663,0.0583,0.7783,0.8181,600,19.943333333333335,286.07216481010016,320.7076,606.7743,463.741,0.0,1.1075,0.8671,600,19.943333333333335,286.30850598396495,320.5018,606.8087,463.6553,0.1,0.9301,0.7499,600,19.943333333333335
286.28825346982353,320.447,606.7337,463.5904,0.0583,0.9179,0.9037,601,19.976666666666667,285.4356302529909,321.1553,606.5847,463.87,0.0,1.2241,0.8735,601,19.976666666666667,286.93042839037184,320.0028,606.931,463.4669,0.0583,0.791,0.8182,601,19.976666666666667,286.0703810188745,320.7094,606.7745,463.742,0.0,1.1007,0.8671,601,19.976666666666667,286.30562039229477,320.5049,606.8089,463.6569,0.1,0.9275,0.7413,601,19.976666666666667
286.2906699108977,320.4441,606.7333,463.5887,0.0583,0.9043,0.9054,602,20.01,285.4381324549049,321.1525,606.5844,463.8685,0.0,1.2446,0.8826,602,20.01,286.92978264791077,320.0025,606.93,463.4663,0.0583,0.79,0.8388,602,20.01,286.0697902848075,320.7092,606.7737,463.7414,0.0,1.1013,0.8755,602,20.01,286.3080353855085,320.5021,606.8084,463.6553,0.1,0.932,0.746,602,20.01
286.2901299896905,320.4455,606.734,463.5898,0.0583,0.9064,0.9051,603,20.043333333333333,285.4375724005315,321.1539,606.585,463.8695,0.0,1.2718,0.8697,603,20.043333333333333,286.93068083500845,320.0021,606.9305,463.4663,0.0583,0.8,0.8388,603,20.043333333333333,286.07062536915384,320.7088,606.7741,463.7415,0.0,1.1026,0.8655,603,20.043333333333333,286.30763132067835,320.5032,606.8092,463.6562,0.1,0.9363,0.7422,603,20.043333333333333
286.2922820501599,320.4437,606.7345,463.5891,0.0583,0.9181,0.9054,604,20.076666666666668,285.4395578247444,321.1523,606.5855,463.8689,0.0,1.2463,0.8708,604,20.076666666666668,286.9320640603725,320.0012,606.931,463.4661,0.0583,0.7744,0.8381,604,20.076666666666668,286.0718468908483,320.7082,606.7746,463.7414,0.0,1.1044,0.8791,604,20.076666666666668,286.3099004906718,320.5015,606.8097,463.6556,0.1,0.9283,0.7425,604,20.076666666666668
286.2912296148274,320.4458,606.7353,463.5905,0.0583,0.9151,0.9044,605,20.110000000000003,285.43851614780317,321.1542,606.5863,463.8702,0.0,1.2596,0.8714,605,20.110000000000003,286.93255156059627,320.0011,606.9314,463.4663,0.0583,0.7745,0.8386,605,20.110000000000003,286.0723077957975,320.7081,606.775,463.7416,0.0,1.1043,0.88,605,20.110000000000003,286.30866371125853,320.5035,606.8106,463.657,0.1,0.93,0.7455,605,20.110000000000003
286.0993233735826,320.4466,606.5459,463.4962,0.0833,0.783,0.6844,606,20.148333333333333,285.72567779971456,320.9172,606.6352,463.7762,0.0,1.2131,0.7812,606,20.148333333333333,286.7107305888402,320.0298,606.7405,463.3851,0.0917,0.896,0.7363,606,20.148333333333333,286.2941152434236,320.535,606.823,463.679,0.0,1.3152,0.7946,606,20.148333333333333,286.09364416554746,320.4522,606.5459,463.4991,0.0917,0.8176,0.6844,606,20.148333333333333
286.10306947190344,320.4409,606.5439,463.4924,0.0833,0.7827,0.6859,607,20.17666666666667,285.7295643406387,320.9114,606.6334,463.7724,0.0,1.2088,0.7828,607,20.17666666666667,286.7136466345769,320.0279,606.7415,463.3847,0.0917,0.9091,0.7359,607,20.17666666666667,286.29678584180476,320.5332,606.8239,463.6786,0.0,1.3207,0.8006,607,20.17666666666667,286.114161586357,320.4298,606.5439,463.4869,0.1,0.7722,0.6859,607,20.17666666666667
286.1081992480154,320.4375,606.5457,463.4916,0.0833,0.8271,0.6775,608,20.208333333333336,285.735399468046,320.9074,606.6354,463.7714,0.0,1.2149,0.7824,608,20.208333333333336,286.7318474358377,320.0115,606.7434,463.3775,0.0917,0.8735,0.7213,608,20.208333333333336,286.3106435422435,320.524,606.8264,463.6752,0.0,1.3596,0.8065,608,20.208333333333336,286.11478463262875,320.4309,606.5457,463.4883,0.1083,0.8307,0.6775,608,20.208333333333336
286.10685852804386,320.4338,606.5406,463.4872,0.0833,0.8566,0.7078,609,20.241666666666667,285.7344670682322,320.9038,606.6308,463.7673,0.0,1.1947,0.7885,609,20.241666666666667,286.71929910734605,320.0177,606.737,463.3773,0.0917,0.8972,0.7453,609,20.241666666666667,286.3014348119491,320.5239,606.8198,463.6718,0.0,1.3065,0.7954,609,20.241666666666667,286.0949735982518,320.4457,606.5406,463.4932,0.1,0.8775,0.7078,609,20.241666666666667
286.1065403062595,320.4339,606.5405,463.4872,0.0833,0.8514,0.715,610,20.275000000000002,285.7340892217244,320.9039,606.6306,463.7672,0.0,1.2219,0.7903,610,20.275000000000002,286.7170062310557,320.0196,606.7367,463.3782,0.0917,0.8932,0.7456,610,20.275000000000002,286.29918927278345,320.5257,606.8193,463.6725,0.0,1.2921,0.7953,610,20.275000000000002,286.0957811029202,320.4447,606.5405,463.4926,0.1,0.8741,0.715,610,20.275000000000002
286.1080371557518,320.4343,606.5423,463.4883,0.0833,0.8515,0.7147,611,20.310000000000002,285.7353545524241,320.9041,606.6321,463.7681,0.0,1.2042,0.7893,611,20.310000000000002,286.7178337690202,320.0197,606.7375,463.3786,0.0917,0.8929,0.7457,611,20.310000000000002,286.2998990168059,320.5258,606.8201,463.6729,0.0,1.2922,0.7961,611,20.310000000000002,286.09717477096785,320.4451,606.5423,463.4937,0.1,0.8707,0.7147,611,20.310000000000002
286.1092576464299,320.4333,606.5426,463.488,0.0833,0.8512,0.7097,612,20.343333333333334,285.73658063670763,320.9032,606.6324,463.7678,0.0,1.2063,0.7941,612,20.343333333333334,286.7179770394316,320.0196,606.7375,463.3786,0.0917,0.8929,0.7457,612,20.343333333333334,286.30004463845046,320.5257,606.8201,463.6729,0.0,1.2921,0.7988,612,20.343333333333334,286.09844262571136,320.4442,606.5426,463.4934,0.1,0.8706,0.7097,612,20.343333333333334
286.10583703568795,320.4355,606.5413,463.4884,0.0833,0.9071,0.7164,613,20.37666666666667,285.7332498333352,320.9055,606.6312,463.7683,0.0,1.2086,0.7936,613,20.37666666666667,286.7165174816395,320.0198,606.7364,463.3781,0.0917,0.8935,0.7457,613,20.37666666666667,286.298607964422,320.5259,606.8189,463.6724,0.0,1.2922,0.7996,613,20.37666666666667,286.09482789857253,320.4465,606.5413,463.4939,0.1,0.9428,0.7164,613,20.37666666666667
286.10928548804316,320.4339,606.5432,463.4885,0.0833,0.8903,0.7328,614,20.41,285.7367076024599,320.9039,606.633,463.7685,0.0,1.2112,0.8033,614,20.41,286.71944542581434,320.0194,606.7389,463.3792,0.0917,0.8933,0.7462,614,20.41,286.30154215312314,320.5255,606.8214,463.6735,0.0,1.292,0.7991,614,20.41,286.1153196996762,320.4278,606.5432,463.4855,0.1083,0.8575,0.7328,614,20.41
286.1073047041697,320.4362,606.5435,463.4898,0.0833,0.8985,0.729,615,20.443333333333335,285.73497578586193,320.9059,606.6334,463.7697,0.0,1.21,0.8077,615,20.443333333333335,286.71916790858916,320.0195,606.7387,463.3791,0.0917,0.8973,0.746,615,20.443333333333335,286.30142198159524,320.5254,606.8213,463.6733,0.0,1.3392,0.7982,615,20.443333333333335,286.09632655063945,320.4472,606.5435,463.4953,0.1,0.9431,0.729,615,20.443333333333335
286.16769089305353,320.4607,606.6284,463.5446,0.1083,0.795,0.7639,616,20.488333333333333,285.4946374089045,321.1919,606.6711,463.9315,0.0083,1.1891,0.8786,616,20.488333333333333,286.8841176672388,319.9956,606.8779,463.4368,0.0833,0.79,0.7811,616,20.488333333333333,286.1871366326394,320.6754,606.8544,463.7649,0.0,1.3137,0.8667,616,20.488333333333333,286.18640322823944,320.442,606.6284,463.5352,0.1083,0.8724,0.7639,616,20.488333333333333
286.1820198976742,320.4462,606.6282,463.5372,0.1,0.8107,0.7619,617,20.51,285.52927898651035,321.1493,606.6708,463.9101,0.0,1.2296,0.884,617,20.51,286.88165887724404,319.9969,606.8767,463.4368,0.0833,0.7848,0.782,617,20.51,286.18499980496495,320.6766,606.8533,463.7649,0.0,1.3403,0.8668,617,20.51,286.1839207616667,320.4443,606.6282,463.5363,0.1083,0.8253,0.7619,617,20.51
286.19056278848547,320.4394,606.6299,463.5346,0.1,0.8365,0.7656,618,20.543333333333333,285.53842909588786,321.1426,606.673,463.9078,0.0,1.2239,0.8729,618,20.543333333333333,287.0258693535553,319.9943,607.0202,463.5073,0.0833,0.7578,0.7691,618,20.543333333333333,286.18973124994784,320.6736,606.855,463.7643,0.0,1.3407,0.8535,618,20.543333333333333,286.1325555405987,320.4974,606.6299,463.5636,0.1,0.8126,0.7656,618,20.543333333333333
286.19345338183655,320.4364,606.6298,463.5331,0.1,0.8346,0.7624,619,20.575000000000003,285.54101297010544,321.1397,606.6728,463.9062,0.0,1.2296,0.8695,619,20.575000000000003,287.0266788710237,319.993,607.0196,463.5063,0.0833,0.7813,0.7553,619,20.575000000000003,286.1905379727626,320.6723,606.8545,463.7634,0.0,1.3796,0.855,619,20.575000000000003,286.1953941557531,320.4345,606.6298,463.5322,0.1083,0.8385,0.7624,619,20.575000000000003
286.19374233095755,320.4362,606.6299,463.5331,0.1,0.7594,0.7506,620,20.608333333333334,285.54096224128597,321.1398,606.6728,463.9063,0.0,1.2295,0.869,620,20.608333333333334,287.02680926961557,319.9936,607.0204,463.507,0.0833,0.7781,0.7536,620,20.608333333333334,286.1903676115803,320.6734,606.8554,463.7644,0.0,1.3814,0.8529,620,20.608333333333334,286.19572807325244,320.4342,606.6299,463.5321,0.1083,0.7671,0.7506,620,20.608333333333334
286.1899439174307,320.4392,606.629,463.5341,0.1,0.7614,0.7576,621,20.64166666666667,285.5369967891884,321.1428,606.672,463.9074,0.0,1.2276,0.8624,621,20.64166666666667,286.88530318992764,319.9942,606.8777,463.4359,0.0833,0.7856,0.7719,621,20.64166666666667,286.1882547863089,320.6744,606.8543,463.7644,0.0,1.3741,0.8671,621,20.64166666666667,286.1920125837578,320.4371,606.629,463.5331,0.1083,0.7355,0.7576,621,20.64166666666667
286.19455198510946,320.4352,606.6296,463.5324,0.1,0.7713,0.7438,622,20.67666666666667,285.54117465149125,321.1394,606.6727,463.9061,0.0,1.2238,0.8859,622,20.67666666666667,286.8880291639987,319.9934,606.8796,463.4365,0.0833,0.785,0.7702,622,20.67666666666667,286.19076961642764,320.6736,606.856,463.7648,0.0,1.3757,0.8474,622,20.67666666666667,286.1965741513628,320.4332,606.6296,463.5314,0.1083,0.7543,0.7438,622,20.67666666666667
286.19175099704535,320.4363,606.6278,463.532,0.1,0.7879,0.7489,623,20.71,285.53846928600944,321.1403,606.6709,463.9056,0.0,1.2309,0.8863,623,20.71,286.88710737189035,319.9929,606.8782,463.4355,0.0833,0.7852,0.7779,623,20.71,286.1894709785033,320.6731,606.8543,463.7637,0.0,1.3755,0.8554,623,20.71,286.13362673585596,320.4941,606.6278,463.5609,0.1,0.7811,0.7489,623,20.71
286.19099199904133,320.4372,606.628,463.5326,0.1,0.8225,0.7412,624,20.743333333333336,285.53808223585867,321.141,606.671,463.906,0.0,1.219,0.8809,624,20.743333333333336,286.8873878110595,319.993,606.8786,463.4358,0.0833,0.7851,0.7693,624,20.743333333333336,286.1899716001076,320.6729,606.8546,463.7637,0.0,1.375,0.8495,624,20.743333333333336,286.1929437492579,320.4352,606.628,463.5316,0.1083,0.848,0.7412,624,20.743333333333336
286.18933996127646,320.4374,606.6266,463.532,0.1,0.8228,0.7503,625,20.778333333333336,285.53696315243087,321.1405,606.6696,463.9051,0.0,1.2194,0.8686,625,20.778333333333336,286.8868890608387,319.9928,606.8779,463.4353,0.0833,0.7852,0.7726,625,20.778333333333336,286.1899076258999,320.6721,606.8538,463.763,0.0,1.373,0.8516,625,20.778333333333336,286.1913201938675,320.4354,606.6266,463.531,0.1083,0.8481,0.7503,625,20.778333333333336
286.15854254474766,320.4664,606.6249,463.5457,0.0833,1.0471,0.6983,626,20.813333333333336,285.6620851084759,321.1131,606.7486,463.9309,0.0,1.3366,0.8303,626,20.813333333333336,286.709732670837,320.0506,606.7603,463.4054,0.1,0.8574,0.8238,626,20.813333333333336,286.16497562312657,320.7541,606.8899,463.822,0.0,1.2581,0.8852,626,20.813333333333336,286.174772915634,320.4502,606.6249,463.5376,0.1,1.0858,0.6983,626,20.813333333333336
286.157663393787,320.4661,606.6237,463.5449,0.0833,1.0763,0.6977,627,20.843333333333334,285.6612524958533,321.113,606.7475,463.9303,0.0,1.3549,0.8292,627,20.843333333333334,286.7033985789725,320.0557,606.7591,463.4074,0.1,0.8562,0.8218,627,20.843333333333334,286.15905612388644,320.7591,606.8887,463.8239,0.0,1.3206,0.8838,627,20.843333333333334,286.17488976875575,320.4488,606.6237,463.5363,0.1,1.0825,0.6977,627,20.843333333333334
286.1607940687891,320.4636,606.6244,463.544,0.0833,1.0707,0.6983,628,20.880000000000003,285.66416614726614,321.1111,606.7482,463.9296,0.0,1.3504,0.8303,628,20.880000000000003,286.7077039827416,320.0521,606.7598,463.406,0.1,0.8561,0.8257,628,20.880000000000003,286.16272517848336,320.7562,606.8894,463.8228,0.0,1.3122,0.8845,628,20.880000000000003,286.1779221970166,320.4465,606.6244,463.5354,0.1,1.092,0.6983,628,20.880000000000003
286.1551809688532,320.4673,606.6225,463.5449,0.0833,1.0463,0.7206,629,20.91,285.65808763985,321.1146,606.745,463.9298,0.0,1.4068,0.8434,629,20.91,286.7100295649499,320.0502,606.7603,463.4052,0.1,0.8299,0.873,629,20.91,286.164100130602,320.7536,606.888,463.8208,0.0,1.2778,0.9077,629,20.91,286.1719707640611,320.4506,606.6225,463.5365,0.1,1.0888,0.7206,629,20.91
286.16119822052985,320.4633,606.6245,463.5439,0.0833,1.0817,0.6828,630,20.943333333333335,285.6644770825966,321.1107,606.748,463.9294,0.0,1.3503,0.8158,630,20.943333333333335,286.708389692694,320.0523,606.7607,463.4065,0.1,0.856,0.7864,630,20.943333333333335,286.16377595675476,320.7561,606.89,463.823,0.0,1.3136,0.8724,630,20.943333333333335,286.17844448358744,320.446,606.6245,463.5353,0.1,1.1055,0.6828,630,20.943333333333335
286.16230242340873,320.4623,606.6246,463.5435,0.0833,1.0677,0.6819,631,20.983333333333334,285.66544579664566,321.1099,606.7481,463.929,0.0,1.3504,0.815,631,20.983333333333334,286.71106986813436,320.0497,606.7608,463.4053,0.1,0.8554,0.7864,631,20.983333333333334,286.165834847228,320.7543,606.8901,463.8222,0.0,1.3203,0.8724,631,20.983333333333334,286.1795483551923,320.4451,606.6246,463.5348,0.1,1.0903,0.6819,631,20.983333333333334
286.16296036471635,320.4621,606.6251,463.5436,0.0833,1.0767,0.6941,632,21.01,285.6661006264055,321.1098,606.7486,463.9292,0.0,1.3507,0.8267,632,21.01,286.7102328811069,320.0507,606.7609,463.4058,0.1,0.8555,0.7871,632,21.01,286.1652485197495,320.7548,606.8901,463.8224,0.0,1.3189,0.8722,632,21.01,286.18011850414666,320.445,606.6251,463.535,0.1,1.0923,0.6941,632,21.01
286.1554090551233,320.4668,606.6222,463.5445,0.0833,1.0784,0.6913,633,21.043333333333333,285.65917061083087,321.1137,606.7459,463.9298,0.0,1.3492,0.8238,633,21.043333333333333,286.70407604186113,320.0555,606.7596,463.4075,0.1,0.8079,0.8269,633,21.043333333333333,286.15959118456044,320.7591,606.8887,463.8239,0.0,1.3199,0.881,633,21.043333333333333,286.1726827620971,320.4496,606.6222,463.5359,0.1,1.0782,0.6913,633,21.043333333333333
286.15765325603195,320.4672,606.6248,463.546,0.0833,1.0636,0.6896,634,21.08666666666667,285.66144553670983,321.1141,606.7484,463.9312,0.0,1.3131,0.8129,634,21.08666666666667,286.7083167931538,320.0533,606.7617,463.4075,0.1,0.8068,0.7936,634,21.08666666666667,286.16376970468394,320.757,606.8907,463.8238,0.0,1.3187,0.8587,634,21.08666666666667,286.1751447027641,320.4497,606.6248,463.5372,0.1,1.0649,0.6896,634,21.08666666666667
286.1575959018448,320.4671,606.6247,463.5459,0.0833,1.0488,0.6875,635,21.110000000000003,285.6612058124788,321.114,606.7482,463.9311,0.0,1.3149,0.8041,635,21.110000000000003,286.7078596714506,320.0536,606.7614,463.4075,0.1,0.8052,0.788,635,21.110000000000003,286.16340259421924,320.757,606.8906,463.8238,0.0,1.3068,0.8592,635,21.110000000000003,286.175005224295,320.4497,606.6247,463.5372,0.1,1.0525,0.6875,635,21.110000000000003
286.2217634536783,320.4756,606.6974,463.5865,0.075,1.0322,0.7484,636,21.14666666666667,285.60429847916924,321.1221,606.7222,463.9221,0.0,1.112,0.8058,636,21.14666666666667,286.76015510546694,320.0354,606.7955,463.4154,0.1,0.8815,0.7749,636,21.14666666666667,286.3725462749897,320.7325,607.0766,463.9046,0.0,1.1365,0.8751,636,21.14666666666667,286.23561833292507,320.4624,606.6974,463.5799,0.0917,1.0863,0.7484,636,21.14666666666667
286.2239578310175,320.4735,606.6975,463.5855,0.075,1.0445,0.7482,637,21.185000000000002,285.6061343821265,321.1201,606.7222,463.9211,0.0,1.0849,0.7994,637,21.185000000000002,287.1156338166639,320.0378,607.1443,463.5911,0.1,0.9468,0.7127,637,21.185000000000002,286.3708126889446,320.7349,607.0774,463.9061,0.0,1.1279,0.8773,637,21.185000000000002,286.238906455466,320.4594,606.6975,463.5784,0.0917,1.0467,0.7482,637,21.185000000000002
286.13226952034154,320.4702,606.6025,463.5363,0.0917,1.013,0.7065,638,21.21,285.635734289099,321.1182,606.747,463.9326,0.0,1.0921,0.8354,638,21.21,286.96194941183103,320.0484,607.0045,463.5265,0.0583,0.9284,0.8126,638,21.21,286.37980007518445,320.7294,607.0809,463.9052,0.0,1.1177,0.8772,638,21.21,286.1461429150851,320.4571,606.6025,463.5298,0.1083,1.0822,0.7065,638,21.21
286.1320695955279,320.4694,606.6014,463.5354,0.0917,1.0152,0.7222,639,21.243333333333336,285.63509559205386,321.1178,606.746,463.9319,0.0,1.0883,0.8261,639,21.243333333333336,286.96111679255233,320.049,607.0042,463.5266,0.0583,0.9323,0.8126,639,21.243333333333336,286.3785954736461,320.7303,607.0807,463.9055,0.0,1.1344,0.8772,639,21.243333333333336,286.1459061069586,320.4562,606.6014,463.5288,0.1083,1.0829,0.7222,639,21.243333333333336
286.1305112001493,320.4699,606.6004,463.5352,0.0917,1.0049,0.7199,640,21.28666666666667,285.6336066402537,321.1184,606.745,463.9317,0.0,1.0877,0.8269,640,21.28666666666667,286.9605688526027,320.0492,607.0039,463.5265,0.0583,0.9327,0.8123,640,21.28666666666667,286.37807786678087,320.7305,607.0804,463.9054,0.0,1.1176,0.8775,640,21.28666666666667,286.1443302196917,320.4567,606.6004,463.5286,0.1083,1.085,0.7199,640,21.28666666666667
286.13161324442206,320.4679,606.5995,463.5337,0.0917,1.0147,0.7204,641,21.310000000000002,285.6346476901293,321.1164,606.7441,463.9303,0.0,1.0838,0.8261,641,21.310000000000002,286.74891204690806,320.0486,606.7975,463.423,0.0917,0.9321,0.7641,641,21.310000000000002,286.3776829320558,320.73,607.0793,463.9047,0.0,1.1343,0.8777,641,21.310000000000002,286.14554113291956,320.4546,606.5995,463.5271,0.1083,1.081,0.7204,641,21.310000000000002
286.1297500667947,320.4705,606.6002,463.5354,0.0917,0.999,0.7079,642,21.343333333333334,285.6335086558294,321.1183,606.7447,463.9315,0.0,1.0858,0.83,642,21.343333333333334,287.10112624085946,320.0492,607.144,463.5966,0.0917,0.9285,0.7064,642,21.343333333333334,286.3774449144905,320.7297,607.0788,463.9042,0.0,1.1177,0.8761,642,21.343333333333334,286.14340996782414,320.4574,606.6002,463.5288,0.1083,1.085,0.7079,642,21.343333333333334
286.1292033330038,320.4708,606.6,463.5354,0.0917,1.004,0.7197,643,21.37666666666667,285.6322055942005,321.1192,606.7444,463.9318,0.0,1.0852,0.83,643,21.37666666666667,287.1010425458355,320.0489,607.1437,463.5963,0.0917,0.9285,0.7054,643,21.37666666666667,286.37659982164735,320.7303,607.0784,463.9044,0.0,1.1173,0.8719,643,21.37666666666667,286.1429014989375,320.4577,606.6,463.5289,0.1083,1.0852,0.7197,643,21.37666666666667
286.12854523820636,320.4717,606.6002,463.536,0.0917,1.016,0.7226,644,21.41,285.63163485636653,321.12,606.7446,463.9323,0.0,1.1029,0.8301,644,21.41,287.10108493943005,320.0492,607.1439,463.5966,0.0917,0.9285,0.7059,644,21.41,286.37659954851506,320.7305,607.0787,463.9046,0.0,1.1173,0.8721,644,21.41,286.1421997567519,320.4587,606.6002,463.5295,0.1083,1.0743,0.7226,644,21.41
286.1286666045436,320.4716,606.6003,463.536,0.0917,1.0144,0.7214,645,21.443333333333335,285.63167384935196,321.12,606.7446,463.9323,0.0,1.1027,0.8302,645,21.443333333333335,287.10117125393833,320.0491,607.1439,463.5965,0.0917,0.9285,0.7059,645,21.443333333333335,286.3766809566143,320.7304,607.0787,463.9046,0.0,1.1201,0.8721,645,21.443333333333335,286.14226977672854,320.4587,606.6003,463.5295,0.1083,1.0741,0.7214,645,21.443333333333335
286.27054724646064,320.453,606.7223,463.5876,0.0417,0.9453,0.8447,646,21.493333333333336,285.920422641207,320.7971,606.7175,463.7573,0.0,0.8611,0.8681,646,21.493333333333336,286.7913782157128,319.9817,606.7731,463.3774,0.0917,0.7848,0.7079,646,21.493333333333336,286.51987672276505,320.3841,606.9007,463.6424,0.0,0.9341,0.8326,646,21.493333333333336,286.2737678698073,320.4502,606.7223,463.5862,0.05,0.9728,0.8447,646,21.493333333333336
286.2747014205107,320.448,606.7212,463.5846,0.0417,0.914,0.8344,647,21.51,285.92348797312275,320.7929,606.7163,463.7546,0.0,0.8148,0.8759,647,21.51,286.7890634272794,319.9823,606.7714,463.3768,0.0917,0.7918,0.6918,647,21.51,286.51647937047926,320.3854,606.8987,463.642,0.0,0.9679,0.8486,647,21.51,286.27811669203277,320.445,606.7212,463.5831,0.05,0.9818,0.8344,647,21.51
286.2744585336044,320.4479,606.7209,463.5844,0.0417,0.9115,0.8343,648,21.543333333333333,285.9233194267336,320.7928,606.7161,463.7545,0.0,0.8224,0.8834,648,21.543333333333333,286.78894299728626,319.9823,606.7712,463.3768,0.0917,0.7838,0.6921,648,21.543333333333333,286.5163609718629,320.3855,606.8985,463.642,0.0,0.9667,0.8412,648,21.543333333333333,286.2778234837634,320.4449,606.7209,463.5829,0.05,0.9452,0.8343,648,21.543333333333333
286.27671587134944,320.4464,606.7214,463.5839,0.0417,0.9045,0.8375,649,21.576666666666668,285.9253888035435,320.7912,606.7166,463.7539,0.0,0.8374,0.8822,649,21.576666666666668,286.788711071149,319.9821,606.7708,463.3764,0.0917,0.781,0.6919,649,21.576666666666668,286.51629085106947,320.3852,606.8982,463.6417,0.0,0.9659,0.8233,649,21.576666666666668,286.2802859004248,320.4433,606.7214,463.5824,0.05,0.9819,0.8375,649,21.576666666666668
286.27153348270053,320.4523,606.7222,463.5872,0.0417,0.9502,0.8538,650,21.608333333333334,285.9206896361636,320.7967,606.7174,463.7571,0.0,0.8148,0.8801,650,21.608333333333334,286.791416463169,319.9802,606.7716,463.3759,0.0917,0.7798,0.6925,650,21.608333333333334,286.518878340316,320.3837,606.8991,463.6414,0.0,0.9629,0.8207,650,21.608333333333334,286.27507495436873,320.4491,606.7222,463.5857,0.05,0.9197,0.8538,650,21.608333333333334
286.2730535234541,320.4496,606.721,463.5853,0.0417,0.9185,0.8394,651,21.64166666666667,285.9222895195754,320.794,606.7163,463.7551,0.0,0.8247,0.8774,651,21.64166666666667,286.78947789520885,319.9821,606.7715,463.3768,0.0917,0.7796,0.6915,651,21.64166666666667,286.51701298670525,320.3853,606.8988,463.642,0.0,0.961,0.8384,651,21.64166666666667,286.2766158229308,320.4465,606.721,463.5837,0.05,0.9079,0.8394,651,21.64166666666667
286.27529417396755,320.4479,606.7216,463.5848,0.0417,0.9057,0.8361,652,21.675,285.92438204588075,320.7925,606.7168,463.7547,0.0,0.8285,0.8821,652,21.675,286.7896443042716,319.9821,606.7717,463.3769,0.0917,0.7795,0.6911,652,21.675,286.517173881898,320.3853,606.899,463.6422,0.0,0.9609,0.8465,652,21.675,286.2788618548489,320.4448,606.7216,463.5832,0.05,0.9582,0.8361,652,21.675
286.2741016848654,320.45,606.7224,463.5862,0.0417,0.9014,0.8361,653,21.71,285.923421562631,320.7943,606.7177,463.756,0.0,0.8259,0.8785,653,21.71,286.79167418533774,319.9806,606.7723,463.3765,0.0917,0.7786,0.691,653,21.71,286.5190649024587,320.384,606.8996,463.6418,0.0,0.9605,0.8489,653,21.71,286.277528321346,320.447,606.7224,463.5847,0.05,0.9208,0.8361,653,21.71
286.275454073575,320.4479,606.7218,463.5849,0.0417,0.8927,0.8356,654,21.743333333333336,285.92450429256473,320.7925,606.717,463.7548,0.0,0.8251,0.8863,654,21.743333333333336,286.7920534859503,319.9809,606.773,463.377,0.0917,0.7878,0.6911,654,21.743333333333336,286.51910864784907,320.3846,606.9001,463.6423,0.0,0.9584,0.8564,654,21.743333333333336,286.27899015577805,320.4448,606.7218,463.5833,0.05,0.8801,0.8356,654,21.743333333333336
286.2753216298445,320.4473,606.721,463.5842,0.0417,0.8965,0.8406,655,21.776666666666667,285.92429810950006,320.792,606.7162,463.7541,0.0,0.8227,0.8769,655,21.776666666666667,286.7911024121769,319.9802,606.7713,463.3758,0.0917,0.7881,0.7279,655,21.776666666666667,286.51850498579006,320.3839,606.8988,463.6413,0.0,0.9585,0.8575,655,21.776666666666667,286.2788528579392,320.4442,606.721,463.5826,0.05,0.8976,0.8406,655,21.776666666666667
286.1365866017062,320.4554,606.592,463.5237,0.0667,0.8325,0.7711,656,21.813333333333336,285.7539752150807,320.9266,606.6704,463.7985,0.0,1.219,0.8661,656,21.813333333333336,286.7848498892515,320.0827,606.8675,463.4751,0.075,1.0745,0.6732,656,21.813333333333336,286.3045976820272,320.5625,606.8529,463.7077,0.0,1.2885,0.8953,656,21.813333333333336,286.13926265012117,320.4527,606.592,463.5223,0.075,0.8525,0.7711,656,21.813333333333336
286.1371204013638,320.4562,606.5933,463.5247,0.0667,0.8272,0.7781,657,21.843333333333334,285.7544276472813,320.9273,606.6717,463.7995,0.0,1.225,0.8645,657,21.843333333333334,286.78633625113,320.0837,606.87,463.4768,0.075,1.0751,0.705,657,21.843333333333334,286.30600906454424,320.5635,606.8553,463.7094,0.0,1.289,0.8742,657,21.843333333333334,286.1396966873548,320.4536,606.5933,463.5234,0.075,0.866,0.7781,657,21.843333333333334
286.6303166775442,320.457,607.0873,463.7721,0.1,0.8324,0.6309,658,21.87666666666667,286.109198502566,320.9261,607.0266,463.9763,0.0,1.1947,0.8678,658,21.87666666666667,287.3117761437362,320.0789,607.3906,463.7348,0.0833,1.0584,0.7708,658,21.87666666666667,286.70522353549813,320.5573,607.2503,463.9038,0.0,1.2771,0.7382,658,21.87666666666667,286.63293153104075,320.4544,607.0873,463.7708,0.1083,0.835,0.6309,658,21.87666666666667
286.02982082017945,322.1404,608.1626,465.1515,0.0667,0.9701,0.7805,659,21.91,285.7714796674837,322.3791,608.1506,465.2648,0.0083,0.809,0.941,659,21.91,286.6597138477624,321.6995,608.3569,465.0282,0.05,0.7994,0.8848,659,21.91,286.3274422368133,321.9826,608.3096,465.1461,0.0083,0.8504,0.9723,659,21.91,286.02982082017945,322.1404,608.1626,465.1515,0.0667,0.9701,0.7805,659,21.91
285.95678107886556,321.7368,607.6928,464.7148,0.05,0.9849,0.6752,660,21.943333333333335,285.60538449413826,322.0606,607.666,464.8633,0.0083,0.9667,0.8171,660,21.943333333333335,286.6140076108969,321.2816,607.8956,464.5886,0.0583,0.7142,0.7888,660,21.943333333333335,286.3486646946957,321.6419,607.9861,464.814,0.0083,0.8567,0.8446,660,21.943333333333335,286.0083886883714,321.7343,607.7427,464.7385,0.0667,1.0727,0.6779,660,21.943333333333335
286.01041121386106,320.9985,607.0089,464.0037,0.1,0.6305,0.7419,661,21.976666666666667,285.69044018386353,321.4637,607.1473,464.3055,0.0,1.1198,0.8614,661,21.976666666666667,286.5521480806474,320.6592,607.2113,463.9353,0.0917,0.7291,0.8531,661,21.976666666666667,286.41186958703065,321.0707,607.4557,464.2632,0.0,1.2472,0.9725,661,21.976666666666667,286.0399061679984,320.9972,607.0371,464.0171,0.125,0.6447,0.6973,661,21.976666666666667
286.0593249949872,320.7588,606.8182,463.7885,0.1083,0.6018,0.6851,662,22.01,285.84986778041394,321.1239,606.9738,464.0489,0.0,0.8083,0.8538,662,22.01,286.6904680992023,320.341,607.0312,463.6861,0.075,0.8084,0.7934,662,22.01,286.4242531670272,320.7077,607.1294,463.9186,0.0,0.8662,0.9382,662,22.01,286.0593249949872,320.7588,606.8182,463.7885,0.1083,0.6018,0.6851,662,22.01
286.08643315027007,320.7476,606.8341,463.7909,0.0917,0.8398,0.7628,663,22.043333333333333,285.969054459311,321.0064,606.9754,463.9909,0.0,0.8739,0.8903,663,22.043333333333333,287.0216900760907,320.2203,607.2352,463.7277,0.0833,0.81,0.8375,663,22.043333333333333,286.6741679868341,320.6007,607.2673,463.934,0.0,0.7644,0.9255,663,22.043333333333333,286.1370232648387,320.7476,606.8847,463.8162,0.0833,0.8398,0.8028,663,22.043333333333333
286.23154464195574,320.5876,606.8192,463.7034,0.075,0.7538,0.7223,664,22.076666666666668,286.0016103685132,320.9613,606.9629,463.9621,0.0,0.8646,0.8434,664,22.076666666666668,286.86275131963043,320.1504,607.013,463.5817,0.0917,0.713,0.7727,664,22.076666666666668,286.6856146548955,320.5729,607.2518,463.9123,0.0,0.8467,0.9001,664,22.076666666666668,286.23154464195574,320.5876,606.8192,463.7034,0.075,0.7538,0.7223,664,22.076666666666668
286.24820864880405,320.5457,606.7917,463.6687,0.1,0.6923,0.6419,665,22.110000000000003,286.01029943474936,320.927,606.9373,463.9321,0.0,0.7912,0.8039,665,22.110000000000003,286.79200210815634,320.1893,606.9803,463.5848,0.0833,0.8321,0.7504,665,22.110000000000003,286.5479813981586,320.5406,607.0865,463.8136,0.0,0.8009,0.8156,665,22.110000000000003,286.24820864880405,320.5457,606.7917,463.6687,0.1,0.6923,0.6419,665,22.110000000000003
286.29394764143177,320.4708,606.7632,463.617,0.0417,0.9562,0.8461,666,22.14666666666667,285.9613120043434,320.8163,606.7776,463.7969,0.0,0.8345,0.8222,666,22.14666666666667,286.93603355198036,320.0569,606.993,463.525,0.0833,0.6699,0.706,666,22.14666666666667,286.48821622405666,320.4354,606.9225,463.679,0.0,0.714,0.8473,666,22.14666666666667,286.29394764143177,320.4708,606.7632,463.617,0.0417,0.9562,0.8461,666,22.14666666666667
286.3037499681292,320.467,606.7688,463.6179,0.0417,0.9206,0.8638,667,22.17666666666667,285.96935549081604,320.8127,606.782,463.7974,0.0,0.913,0.8468,667,22.17666666666667,286.9746070171626,320.0639,607.0353,463.5496,0.0583,0.7496,0.7714,667,22.17666666666667,286.6450755019724,320.4345,607.0758,463.7551,0.0,0.7348,0.7927,667,22.17666666666667,286.3037499681292,320.467,606.7688,463.6179,0.0417,0.9206,0.8638,667,22.17666666666667
286.30745228689136,320.4627,606.7681,463.6154,0.0417,0.9297,0.8341,668,22.213333333333335,285.97204447255734,320.8085,606.7806,463.7946,0.0,0.9183,0.8263,668,22.213333333333335,286.97374194541146,320.0632,607.0337,463.5484,0.0583,0.7497,0.7708,668,22.213333333333335,286.64420355950574,320.4338,607.0743,463.754,0.0,0.7357,0.7889,668,22.213333333333335,286.30745228689136,320.4627,606.7681,463.6154,0.0417,0.9297,0.8341,668,22.213333333333335
286.30695555033634,320.4632,606.7681,463.6156,0.0417,0.9299,0.8336,669,22.243333333333336,285.97098924423324,320.809,606.78,463.7945,0.0,0.9185,0.8264,669,22.243333333333336,286.9734688872272,320.0631,607.0333,463.5482,0.0583,0.7496,0.7701,669,22.243333333333336,286.6421310175979,320.4337,607.0721,463.7529,0.0,0.7362,0.7792,669,22.243333333333336,286.30695555033634,320.4632,606.7681,463.6156,0.0417,0.9299,0.8336,669,22.243333333333336
286.3082986768462,320.463,606.7694,463.6162,0.0417,0.9296,0.8325,670,22.276666666666667,285.9723321511722,320.8089,606.7813,463.7951,0.0,0.9184,0.8245,670,22.276666666666667,286.97378484258263,320.0636,607.0341,463.5488,0.0583,0.7494,0.7699,670,22.276666666666667,286.64245160286396,320.4342,607.0729,463.7536,0.0,0.7373,0.7837,670,22.276666666666667,286.3082986768462,320.463,606.7694,463.6162,0.0417,0.9296,0.8325,670,22.276666666666667
286.3047507608005,320.4656,606.7684,463.617,0.0417,0.9295,0.8344,671,22.315,285.9687627505083,320.8114,606.7802,463.7958,0.0,0.9164,0.824,671,22.315,286.97325048408266,320.0635,607.0335,463.5485,0.0583,0.7496,0.7703,671,22.315,286.64175259299293,320.4342,607.0723,463.7533,0.0,0.7271,0.7885,671,22.315,286.3047507608005,320.4656,606.7684,463.617,0.0417,0.9295,0.8344,671,22.315
286.3036840435396,320.4664,606.7683,463.6173,0.0417,0.9292,0.8276,672,22.343333333333334,285.96775739339944,320.8122,606.78,463.7961,0.0,0.9185,0.823,672,22.343333333333334,286.97346648141655,320.0633,607.0335,463.5484,0.0583,0.7497,0.7667,672,22.343333333333334,286.6418377318406,320.4341,607.0723,463.7532,0.0,0.7324,0.7837,672,22.343333333333334,286.3036840435396,320.4664,606.7683,463.6173,0.0417,0.9292,0.8276,672,22.343333333333334
286.30538309651075,320.4649,606.7683,463.6166,0.0417,0.9173,0.8284,673,22.375,285.9694347092959,320.8106,606.7801,463.7954,0.0,0.9166,0.8199,673,22.375,287.08218352190704,320.0642,607.1405,463.6024,0.0833,0.7494,0.7146,673,22.375,286.6433396330301,320.4351,607.0746,463.7549,0.0,0.7435,0.782,673,22.375,286.30538309651075,320.4649,606.7683,463.6166,0.0417,0.9173,0.8284,673,22.375
286.305019753683,320.465,606.7681,463.6165,0.0417,0.9297,0.8251,674,22.416666666666668,285.96839774361234,320.8107,606.7791,463.7949,0.0,0.9163,0.823,674,22.416666666666668,286.97329418237945,320.0642,607.0343,463.5493,0.0583,0.7494,0.7658,674,22.416666666666668,286.6417395565153,320.4351,607.0732,463.7541,0.0,0.7435,0.7834,674,22.416666666666668,286.305019753683,320.465,606.7681,463.6165,0.0417,0.9297,0.8251,674,22.416666666666668
286.30591144274103,320.4637,606.7677,463.6157,0.0417,0.9223,0.8263,675,22.443333333333335,285.96925956582487,320.8095,606.7788,463.7942,0.0,0.9164,0.8224,675,22.443333333333335,286.9731135134196,320.0642,607.0341,463.5492,0.0583,0.7494,0.7657,675,22.443333333333335,286.6415740289343,320.4351,607.073,463.754,0.0,0.7435,0.7841,675,22.443333333333335,286.30591144274103,320.4637,606.7677,463.6157,0.0417,0.9223,0.8263,675,22.443333333333335
286.3931467078381,320.4536,606.8449,463.6492,0.1,0.9024,0.7998,676,22.478333333333335,285.4948097760765,321.0378,606.5177,463.7777,0.0,1.2586,0.8476,676,22.478333333333335,286.9833599719237,320.0676,607.0509,463.5593,0.0833,0.8331,0.7407,676,22.478333333333335,286.0423127366878,320.6772,606.7005,463.6888,0.0,1.2927,0.8681,676,22.478333333333335,286.3931467078381,320.4536,606.8449,463.6492,0.1,0.9024,0.7998,676,22.478333333333335
286.3956825363209,320.4514,606.8453,463.6483,0.1,0.898,0.7993,677,22.526666666666667,285.4970313597544,321.0362,606.5182,463.7772,0.0,1.2373,0.8505,677,22.526666666666667,286.948991524941,320.066,607.015,463.5405,0.075,0.8299,0.7768,677,22.526666666666667,286.04424273457096,320.6757,606.7009,463.6883,0.0,1.2871,0.8665,677,22.526666666666667,286.3956825363209,320.4514,606.8453,463.6483,0.1,0.898,0.7993,677,22.526666666666667
286.39559169831847,320.4519,606.8456,463.6487,0.1,0.8932,0.7995,678,22.543333333333337,285.49673266738466,321.0365,606.5182,463.7774,0.0,1.2389,0.8452,678,22.543333333333337,286.9151328292839,320.0666,606.9817,463.5242,0.0667,0.83,0.783,678,22.543333333333337,286.04403005316584,320.6763,606.7013,463.6888,0.0,1.2911,0.8694,678,22.543333333333337,286.39559169831847,320.4519,606.8456,463.6487,0.1,0.8932,0.7995,678,22.543333333333337
286.36924077773267,320.4462,606.8145,463.6304,0.0917,0.863,0.8205,679,22.576666666666668,285.50450509060215,321.0306,606.5202,463.7754,0.0,1.2556,0.8364,679,22.576666666666668,286.9165448730093,320.0656,606.9821,463.5239,0.0667,0.8561,0.7963,679,22.576666666666668,286.0473269023873,320.6743,606.7029,463.6886,0.0,1.2826,0.8672,679,22.576666666666668,286.36924077773267,320.4462,606.8145,463.6304,0.0917,0.863,0.8205,679,22.576666666666668
286.39464079646217,320.4522,606.845,463.6486,0.1,0.8742,0.8055,680,22.618333333333336,285.49802218557,321.0373,606.5201,463.7787,0.0,1.2263,0.8431,680,22.618333333333336,286.9500661932112,320.0653,607.0153,463.5403,0.075,0.8579,0.7773,680,22.618333333333336,286.0466382916229,320.6754,606.7027,463.689,0.0,1.2808,0.9019,680,22.618333333333336,286.39464079646217,320.4522,606.845,463.6486,0.1,0.8742,0.8055,680,22.618333333333336
286.3953418820921,320.4515,606.845,463.6482,0.1,0.8783,0.8069,681,22.643333333333334,285.49869829501495,321.0366,606.52,463.7783,0.0,1.2312,0.8396,681,22.643333333333334,286.9500661932112,320.0653,607.0153,463.5403,0.075,0.8579,0.7773,681,22.643333333333334,286.0466382916229,320.6754,606.7027,463.689,0.0,1.2808,0.9019,681,22.643333333333334,286.3953418820921,320.4515,606.845,463.6482,0.1,0.8783,0.8069,681,22.643333333333334
286.396692034955,320.4501,606.845,463.6476,0.1,0.8439,0.8055,682,22.67666666666667,285.49958569111743,321.0354,606.5198,463.7776,0.0,1.2327,0.8428,682,22.67666666666667,286.950588660045,320.0652,607.0158,463.5405,0.075,0.8578,0.7771,682,22.67666666666667,286.0464667907572,320.6754,606.7026,463.689,0.0,1.2765,0.9015,682,22.67666666666667,286.396692034955,320.4501,606.845,463.6476,0.1,0.8439,0.8055,682,22.67666666666667
286.398443868908,320.449,606.8457,463.6474,0.1,0.8605,0.8059,683,22.720000000000002,285.4999745299175,321.0341,606.5191,463.7766,0.0,1.234,0.8341,683,22.720000000000002,286.9878151862674,320.0647,607.0525,463.5586,0.0833,0.8462,0.7599,683,22.720000000000002,286.0463308901103,320.6748,606.7021,463.6885,0.0,1.2766,0.9058,683,22.720000000000002,286.398443868908,320.449,606.8457,463.6474,0.1,0.8605,0.8059,683,22.720000000000002
286.4007488764694,320.4477,606.8466,463.6472,0.1,0.8947,0.8061,684,22.743333333333336,285.5033240456544,321.0329,606.5211,463.777,0.0,1.2438,0.8418,684,22.743333333333336,286.9877156989081,320.0641,607.0518,463.5579,0.0833,0.8302,0.7661,684,22.743333333333336,286.0475046217872,320.6743,606.7027,463.6885,0.0,1.2794,0.9009,684,22.743333333333336,286.4007488764694,320.4477,606.8466,463.6472,0.1,0.8947,0.8061,684,22.743333333333336
286.3987346287404,320.4492,606.8462,463.6477,0.1,0.8865,0.8061,685,22.776666666666667,285.501400518963,321.0343,606.5207,463.7775,0.0,1.2271,0.8277,685,22.776666666666667,286.98757421527694,320.0633,607.0509,463.5571,0.0833,0.8297,0.7654,685,22.776666666666667,286.0474006087562,320.6736,606.7019,463.6878,0.0,1.2793,0.8752,685,22.776666666666667,286.3987346287404,320.4492,606.8462,463.6477,0.1,0.8865,0.8061,685,22.776666666666667
286.1867818695403,320.4712,606.6558,463.5635,0.0417,1.0153,0.7433,686,22.823333333333334,285.61281639187126,320.8158,606.4259,463.6209,0.0,0.857,0.8277,686,22.823333333333334,286.97203948306117,320.0632,607.0352,463.5492,0.075,0.8583,0.7006,686,22.823333333333334,286.25792203088406,320.4265,606.6844,463.5554,0.0,0.8982,0.8889,686,22.823333333333334,286.19583423286815,320.4633,606.6558,463.5595,0.05,0.9864,0.7433,686,22.823333333333334
286.18778587684926,320.4712,606.6568,463.564,0.0417,1.0081,0.7517,687,22.843333333333334,285.61348978278625,320.8157,606.4265,463.6211,0.0,0.863,0.83,687,22.843333333333334,286.9741448987487,320.0591,607.0332,463.5462,0.075,0.8483,0.7019,687,22.843333333333334,286.2610311510568,320.4228,606.6838,463.5533,0.0,0.8754,0.8879,687,22.843333333333334,286.19677787134924,320.4633,606.6568,463.5601,0.05,1.0014,0.7517,687,22.843333333333334
286.27431456235877,320.4693,606.7419,463.6056,0.075,1.0106,0.7432,688,22.87666666666667,285.84666097944034,320.8135,606.6602,463.7368,0.0,0.8537,0.7829,688,22.87666666666667,286.90147137530187,320.0606,606.9602,463.5104,0.0583,0.8447,0.7533,688,22.87666666666667,286.49403034205636,320.4238,606.9163,463.67,0.0,0.8977,0.8381,688,22.87666666666667,286.1996524410141,320.4613,606.6576,463.5595,0.05,0.9114,0.7262,688,22.87666666666667
286.27399844490014,320.4699,606.7422,463.6061,0.075,1.0084,0.7438,689,22.91,285.8463436210828,320.8141,606.6604,463.7372,0.0,0.8614,0.7892,689,22.91,286.90061781025474,320.0615,606.9602,463.5108,0.0583,0.8469,0.7529,689,22.91,286.49316802723627,320.4246,606.9162,463.6704,0.0,0.898,0.8412,689,22.91,286.1994218558275,320.4619,606.6578,463.5599,0.05,0.923,0.7191,689,22.91
286.19403089293587,320.4659,606.6577,463.5618,0.0417,0.9948,0.7166,690,22.943333333333335,285.8497915866973,320.8103,606.6601,463.7352,0.0,0.8494,0.7741,690,22.943333333333335,286.90030538094084,320.0617,606.9601,463.5109,0.0583,0.8785,0.7525,690,22.943333333333335,286.4928153217336,320.4248,606.9162,463.6705,0.0,0.8976,0.8436,690,22.943333333333335,286.2031280788644,320.4579,606.6577,463.5578,0.05,0.9193,0.7166,690,22.943333333333335
286.27552524933355,320.4671,606.7409,463.604,0.075,0.9933,0.7496,691,22.976666666666667,285.848440620223,320.8117,606.6601,463.7359,0.0,0.8629,0.7793,691,22.976666666666667,286.9678318339885,320.0651,607.0329,463.549,0.075,0.9459,0.7238,691,22.976666666666667,286.2551509234683,320.4281,606.6832,463.5557,0.0,0.8956,0.8779,691,22.976666666666667,286.20111136974515,320.459,606.6568,463.5579,0.05,0.9295,0.7315,691,22.976666666666667
286.27663904017504,320.4673,606.7423,463.6048,0.075,0.9919,0.7419,692,23.01,285.8486796507227,320.8118,606.6604,463.7361,0.0,0.8559,0.7776,692,23.01,287.001186573716,320.032,607.0332,463.5326,0.0833,0.8064,0.7235,692,23.01,286.25670478073846,320.427,606.6837,463.5554,0.0,0.8955,0.8783,692,23.01,286.20185719102574,320.4594,606.6581,463.5587,0.05,0.9205,0.7171,692,23.01
286.2771267367612,320.4672,606.7427,463.605,0.075,0.9946,0.7421,693,23.043333333333337,285.84922372841595,320.8116,606.6608,463.7362,0.0,0.8629,0.7773,693,23.043333333333337,286.89846251725254,320.0639,606.9605,463.5122,0.0583,0.8854,0.7608,693,23.043333333333337,286.4909818136291,320.4268,606.9165,463.6717,0.0,0.8952,0.8447,693,23.043333333333337,286.20257509469957,320.4592,606.6585,463.5588,0.05,0.9268,0.7088,693,23.043333333333337
286.19418085776863,320.4667,606.6588,463.5628,0.0417,0.9925,0.717,694,23.076666666666668,285.8501196162341,320.8111,606.6613,463.7362,0.0,0.8563,0.7773,694,23.076666666666668,286.8986046515447,320.0637,606.9604,463.5121,0.0583,0.8797,0.7607,694,23.076666666666668,286.49112393081344,320.4267,606.9165,463.6716,0.0,0.8954,0.843,694,23.076666666666668,286.20322949471574,320.4588,606.6588,463.5588,0.05,0.9207,0.717,694,23.076666666666668
286.2773914553288,320.4669,606.7426,463.6047,0.075,0.9945,0.7417,695,23.110000000000003,285.84998104008537,320.8112,606.6612,463.7362,0.0,0.8573,0.7865,695,23.110000000000003,286.9309366709516,320.0314,606.9604,463.4959,0.0667,0.8003,0.761,695,23.110000000000003,286.49084875046657,320.4268,606.9165,463.6716,0.0,0.8941,0.841,695,23.110000000000003,286.2027422218222,320.4589,606.6583,463.5586,0.05,0.9278,0.7245,695,23.110000000000003
286.3066883777748,320.4613,606.7638,463.6125,0.05,0.9087,0.9149,696,23.14666666666667,285.6923689555236,320.9275,606.6129,463.7702,0.0,1.2012,0.8603,696,23.14666666666667,286.90717358942914,320.0314,606.9359,463.4837,0.0417,0.8322,0.8024,696,23.14666666666667,286.2781690375941,320.512,606.778,463.645,0.0,1.248,0.9808,696,23.14666666666667,286.1640744873456,320.4581,606.6209,463.5395,0.0917,0.8623,0.7855,696,23.14666666666667
286.3107636376295,320.4584,606.7648,463.6116,0.05,0.9161,0.9447,697,23.17666666666667,285.6963754387484,320.9246,606.6139,463.7692,0.0,1.198,0.8609,697,23.17666666666667,286.9058948630126,320.0334,606.9366,463.485,0.0417,0.8268,0.8023,697,23.17666666666667,286.27715994792743,320.5138,606.7787,463.6463,0.0,1.25,0.9808,697,23.17666666666667,286.149910985575,320.4715,606.6211,463.5463,0.0833,0.938,0.7962,697,23.17666666666667
286.31062143622256,320.4592,606.7655,463.6124,0.05,0.895,0.9453,698,23.21,285.69608266945113,320.9256,606.6146,463.7701,0.0,1.1979,0.8823,698,23.21,286.906723678812,320.0334,606.9374,463.4854,0.0417,0.8264,0.8071,698,23.21,286.27795774410185,320.5138,606.7795,463.6467,0.0,1.2591,1.0014,698,23.21,286.1670092975221,320.456,606.6218,463.5389,0.0917,0.8559,0.7966,698,23.21
286.3075100117724,320.462,606.7651,463.6136,0.05,0.8962,0.9453,699,23.243333333333336,285.69308195850937,320.9282,606.6142,463.7712,0.0,1.1839,0.8765,699,23.243333333333336,286.9064170032286,320.0336,606.9373,463.4854,0.0417,0.8272,0.8014,699,23.243333333333336,286.27768386305814,320.5139,606.7794,463.6467,0.0,1.2498,1.0014,699,23.243333333333336,286.1637313233431,320.4589,606.6213,463.5401,0.0917,0.858,0.796,699,23.243333333333336
286.30945387683454,320.4604,606.7655,463.613,0.05,0.8733,0.9447,700,23.276666666666667,285.69505787259243,320.9267,606.6146,463.7706,0.0,1.1825,0.8733,700,23.276666666666667,286.9061466107931,320.0338,606.9373,463.4856,0.0417,0.8272,0.8008,700,23.276666666666667,286.2774224445074,320.5142,606.7794,463.6468,0.0,1.2499,0.996,700,23.276666666666667,286.22256089700886,320.4573,606.6759,463.5666,0.0833,0.831,0.7689,700,23.276666666666667
286.31127939552994,320.4584,606.7653,463.6118,0.05,0.8967,0.9437,701,23.310000000000002,285.69665437113224,320.9248,606.6144,463.7696,0.0,1.1922,0.8735,701,23.310000000000002,286.90640229987514,320.0334,606.9371,463.4852,0.0417,0.8272,0.7955,701,23.310000000000002,286.2774920920318,320.5139,606.7792,463.6465,0.0,1.2505,0.9959,701,23.310000000000002,286.16752129142,320.4552,606.6214,463.5383,0.0917,0.8415,0.796,701,23.310000000000002
286.31000749142726,320.4595,606.7653,463.6124,0.05,0.8731,0.9437,702,23.343333333333334,285.69526896620937,320.9261,606.6144,463.7703,0.0,1.1908,0.8735,702,23.343333333333334,286.90617713669747,320.0337,606.9372,463.4855,0.0417,0.8277,0.8012,702,23.343333333333334,286.27712135126114,320.5144,606.7793,463.6469,0.0,1.2596,0.996,702,23.343333333333334,286.1663302533133,320.4564,606.6214,463.5389,0.0917,0.8256,0.796,702,23.343333333333334
286.30992935841704,320.46,606.7657,463.6128,0.05,0.8762,0.9441,703,23.37666666666667,285.69551100567185,320.9263,606.6148,463.7705,0.0,1.1909,0.8712,703,23.37666666666667,286.9069182323749,320.0334,606.9376,463.4855,0.0417,0.8277,0.814,703,23.37666666666667,286.27800853659096,320.5139,606.7797,463.6468,0.0,1.2501,0.996,703,23.37666666666667,286.2229940547059,320.4569,606.676,463.5664,0.0833,0.8256,0.7696,703,23.37666666666667
286.30791993980023,320.4621,606.7657,463.6139,0.05,0.8758,0.9426,704,23.41,285.6936136770371,320.9281,606.6147,463.7714,0.0,1.1939,0.8734,704,23.41,286.90658572576234,320.0339,606.9378,463.4858,0.0417,0.8283,0.8198,704,23.41,286.2778683579769,320.5142,606.7799,463.647,0.0,1.2495,0.996,704,23.41,286.22103053166177,320.4589,606.676,463.5675,0.0833,0.8271,0.7716,704,23.41
286.28522842409177,320.4812,606.7656,463.6234,0.0417,1.0166,0.942,705,23.443333333333335,285.6901756527583,320.9316,606.6146,463.7731,0.0,1.2007,0.8707,705,23.443333333333335,286.90719633541335,320.0331,606.9376,463.4853,0.0417,0.8301,0.814,705,23.443333333333335,286.2784534562941,320.5134,606.7797,463.6466,0.0,1.249,0.996,705,23.443333333333335,286.1978717591628,320.4787,606.6761,463.5774,0.075,0.9205,0.7725,705,23.443333333333335
286.37743641709363,320.4818,606.8593,463.6705,0.05,0.9215,0.8671,706,23.478333333333335,285.82472456166363,320.8268,606.6515,463.7391,0.0,0.9026,0.903,706,23.478333333333335,286.9069728883218,320.1062,607.0111,463.5586,0.0583,0.9111,0.8312,706,23.478333333333335,286.3733420147397,320.4264,606.7997,463.6131,0.0,0.8994,0.8708,706,23.478333333333335,286.16677425880073,320.4768,606.6434,463.5601,0.075,0.9331,0.7555,706,23.478333333333335
286.3776345629867,320.4841,606.8617,463.6729,0.05,0.9243,0.8665,707,23.51,285.8248927809546,320.829,606.6539,463.7415,0.0,0.9078,0.905,707,23.51,286.90899822171286,320.1061,607.0126,463.5593,0.0583,0.9133,0.8256,707,23.51,286.3747959140692,320.4264,606.8012,463.6138,0.0,0.8795,0.8782,707,23.51,286.165263792557,320.4796,606.6448,463.5622,0.075,0.9239,0.7888,707,23.51
286.37663279791616,320.4804,606.8571,463.6687,0.05,0.9824,0.8474,708,23.543333333333337,285.82306086836616,320.8256,606.6487,463.7372,0.0,0.9136,0.9071,708,23.543333333333337,286.9381165333564,320.0772,607.0112,463.5442,0.05,0.8994,0.8315,708,23.543333333333337,286.36507525182844,320.4343,606.7993,463.6168,0.0,0.8959,0.8863,708,23.543333333333337,286.16524478312147,320.4759,606.641,463.5585,0.075,0.9478,0.8169,708,23.543333333333337
286.3808800056157,320.4801,606.861,463.6705,0.05,0.9633,0.8875,709,23.576666666666668,285.82780700163585,320.8252,606.6531,463.7391,0.0,0.8902,0.9226,709,23.576666666666668,286.94184281345986,320.0759,607.014,463.5449,0.05,0.9362,0.8204,709,23.576666666666668,286.3692032631383,320.433,606.8022,463.6176,0.0,0.8736,0.8909,709,23.576666666666668,286.16955108670953,320.4755,606.6449,463.5602,0.075,0.9541,0.7839,709,23.576666666666668
286.3814200602442,320.48,606.8615,463.6707,0.05,0.9649,0.8865,710,23.610000000000003,285.82835842940574,320.8252,606.6535,463.7393,0.0,0.8925,0.9185,710,23.610000000000003,286.9464423519247,320.0714,607.0142,463.5428,0.05,0.935,0.8299,710,23.610000000000003,286.37390903493326,320.4285,606.8025,463.6155,0.0,0.876,0.8908,710,23.610000000000003,286.17021237808655,320.4754,606.6454,463.5604,0.075,0.9507,0.7832,710,23.610000000000003
286.3814450017123,320.4789,606.8603,463.6696,0.05,0.9628,0.8908,711,23.64666666666667,285.8283325009785,320.8241,606.6524,463.7382,0.0,0.8922,0.9157,711,23.64666666666667,286.94783333094654,320.0701,607.0142,463.5421,0.05,0.9347,0.8297,711,23.64666666666667,286.37507810583134,320.4273,606.8024,463.6149,0.0,0.8757,0.8906,711,23.64666666666667,286.17011200218275,320.4742,606.6442,463.5592,0.075,0.9558,0.7862,711,23.64666666666667
286.38416660674653,320.4757,606.8598,463.6678,0.05,0.9295,0.8653,712,23.67666666666667,285.83094501876326,320.821,606.652,463.7365,0.0,0.8884,0.9225,712,23.67666666666667,286.94796104011425,320.069,607.0129,463.5409,0.05,0.946,0.8253,712,23.67666666666667,286.3746716881715,320.4265,606.8011,463.6138,0.0,0.8792,0.8853,712,23.67666666666667,286.17347113500625,320.4707,606.6439,463.5573,0.075,0.9435,0.7673,712,23.67666666666667
286.3839262918691,320.4795,606.8634,463.6715,0.05,0.9328,0.8735,713,23.71,285.8305755438149,320.8248,606.6554,463.7401,0.0,0.8536,0.9284,713,23.71,286.9503911316676,320.0693,607.0159,463.5426,0.05,0.9512,0.8249,713,23.71,286.3773405644413,320.4267,606.804,463.6153,0.0,0.8582,0.9002,713,23.71,286.1717925908913,320.4748,606.6463,463.5606,0.075,0.922,0.7716,713,23.71
286.3826896940311,320.4793,606.8619,463.6706,0.05,0.9328,0.8814,714,23.748333333333335,285.8295333695668,320.8245,606.654,463.7392,0.0,0.873,0.9249,714,23.748333333333335,286.9499042708635,320.0693,607.0155,463.5424,0.05,0.9495,0.8219,714,23.748333333333335,286.3769044340245,320.4267,606.8036,463.6151,0.0,0.8582,0.9007,714,23.748333333333335,286.17199185112946,320.4743,606.646,463.5601,0.075,0.924,0.7672,714,23.748333333333335
286.38266842493647,320.48,606.8627,463.6714,0.05,0.9278,0.8795,715,23.776666666666667,285.82948609252776,320.8252,606.6547,463.7399,0.0,0.8662,0.9284,715,23.776666666666667,286.95017118615317,320.0688,607.0153,463.542,0.05,0.9508,0.8225,715,23.776666666666667,286.37715553922965,320.4262,606.8034,463.6148,0.0,0.8579,0.9009,715,23.776666666666667,286.1707441744573,320.4753,606.6457,463.5605,0.075,0.9144,0.7732,715,23.776666666666667
286.32354138755437,320.4415,606.7643,463.6029,0.0583,0.7161,0.846,716,23.811666666666667,285.8100289477675,320.9132,606.7127,463.813,0.0,1.3,0.8895,716,23.811666666666667,286.91281509613555,320.0533,606.9639,463.5086,0.0667,0.973,0.8154,716,23.811666666666667,286.328521785809,320.5545,606.8697,463.7121,0.0,1.3155,0.8483,716,23.811666666666667,286.3790414668633,320.3852,606.7643,463.5748,0.1,0.8878,0.846,716,23.811666666666667
286.4241130892429,320.4392,606.8634,463.6513,0.0833,0.7583,0.8043,717,23.85,285.8108511937411,320.9127,606.7125,463.8126,0.0,1.2672,0.9044,717,23.85,286.9168353150743,320.0478,606.9625,463.5051,0.0667,0.9737,0.784,717,23.85,286.331494729977,320.5496,606.8679,463.7088,0.0,1.2749,0.8496,717,23.85,286.3813674942216,320.3832,606.7645,463.5739,0.1,0.8907,0.8631,717,23.85
286.42322176942537,320.439,606.8622,463.6506,0.0833,0.7378,0.8044,718,23.87666666666667,285.81028401257186,320.9123,606.7116,463.8119,0.0,1.313,0.902,718,23.87666666666667,286.91613450541445,320.0478,606.9618,463.5048,0.0667,0.9783,0.785,718,23.87666666666667,286.33086214066213,320.5497,606.8673,463.7085,0.0,1.2749,0.8489,718,23.87666666666667,286.3805152524594,320.383,606.7635,463.5733,0.1,0.8826,0.8631,718,23.87666666666667
286.3208548758955,320.441,606.7618,463.6014,0.0583,0.771,0.8579,719,23.91,285.806647857934,320.9145,606.71,463.8123,0.0,1.272,0.8979,719,23.91,286.9139981939704,320.0483,606.9602,463.5043,0.0667,0.9777,0.7874,719,23.91,286.32888530656,320.5502,606.8658,463.708,0.0,1.2746,0.8482,719,23.91,286.476239114616,320.3853,606.8602,463.6228,0.125,0.8815,0.8043,719,23.91
286.3227751510818,320.4388,606.7613,463.6001,0.0583,0.7672,0.8591,720,23.953333333333333,285.80856905800965,320.9118,606.7095,463.8107,0.0,1.2929,0.9047,720,23.953333333333333,286.913093376877,320.0485,606.9595,463.504,0.0667,0.9762,0.8035,720,23.953333333333333,286.3281200334326,320.5504,606.8652,463.7078,0.0,1.2883,0.8441,720,23.953333333333333,286.47807382969114,320.3831,606.8598,463.6215,0.125,0.8802,0.7959,720,23.953333333333333
286.32371634516426,320.4379,606.7614,463.5996,0.0583,0.7593,0.8592,721,23.976666666666667,285.8094213548055,320.9111,606.7096,463.8104,0.0,1.2989,0.8949,721,23.976666666666667,286.91440029340765,320.0467,606.9589,463.5028,0.0667,0.9771,0.7884,721,23.976666666666667,286.3292900185336,320.5486,606.8646,463.7066,0.0,1.2939,0.8339,721,23.976666666666667,286.3792639131609,320.3821,606.7614,463.5717,0.1,0.8529,0.8592,721,23.976666666666667
286.4212650828398,320.4385,606.8597,463.6491,0.0833,0.7656,0.7958,722,24.01,285.8089863894237,320.9114,606.7096,463.8105,0.0,1.2909,0.8957,722,24.01,286.9147195131457,320.0465,606.9591,463.5028,0.0667,0.978,0.789,722,24.01,286.3295892125219,320.5484,606.8648,463.7066,0.0,1.2937,0.8335,722,24.01,286.3786932631705,320.3827,606.7614,463.572,0.1,0.8533,0.8633,722,24.01
286.42339659948334,320.4371,606.8605,463.6488,0.0833,0.7532,0.7887,723,24.05166666666667,285.81055887641645,320.9105,606.7101,463.8103,0.0,1.3023,0.8972,723,24.05166666666667,286.914868498395,320.0468,606.9596,463.5032,0.0667,0.9776,0.7882,723,24.05166666666667,286.3297183411771,320.5487,606.8652,463.707,0.0,1.2932,0.8486,723,24.05166666666667,286.3803515313962,320.3816,606.7619,463.5717,0.1,0.849,0.8617,723,24.05166666666667
286.42188073383,320.4391,606.8609,463.65,0.0833,0.7732,0.787,724,24.076666666666668,285.8091639680638,320.9122,606.7105,463.8113,0.0,1.2797,0.8978,724,24.076666666666668,286.9145894918486,320.0472,606.9597,463.5034,0.0667,0.9768,0.7881,724,24.076666666666668,286.32943234958486,320.5491,606.8653,463.7072,0.0,1.2923,0.8489,724,24.076666666666668,286.3791003454136,320.3832,606.7623,463.5728,0.1,0.8814,0.8647,724,24.076666666666668
286.3143504769043,320.4536,606.7675,463.6106,0.0583,0.9152,0.8525,725,24.110000000000003,285.79940555445864,320.9255,606.7144,463.8199,0.0,1.2359,0.9704,725,24.110000000000003,286.9119406278089,320.0578,606.9674,463.5126,0.0667,0.9846,0.7681,725,24.110000000000003,286.32565274835093,320.5595,606.8718,463.7156,0.0,1.263,0.818,725,24.110000000000003,286.37134265411544,320.3962,606.7675,463.5818,0.1,0.8294,0.8525,725,24.110000000000003
286.2821682794578,320.4599,606.7421,463.601,0.0667,0.8746,0.7899,726,24.16,285.8061112360205,320.9521,606.7394,463.8457,0.0083,1.2276,0.8531,726,24.16,286.9651686571117,320.0835,607.0444,463.564,0.0833,0.9533,0.8218,726,24.16,286.366045390096,320.5504,606.9016,463.726,0.0,1.206,0.9082,726,24.16,286.2604801588092,320.4816,606.7421,463.6119,0.075,1.0136,0.7899,726,24.16
286.2846043689961,320.457,606.7416,463.5993,0.0667,0.8747,0.7896,727,24.17666666666667,285.8617449761995,320.9491,606.79,463.8695,0.0083,1.228,0.8543,727,24.17666666666667,286.9647732014789,320.0831,607.0436,463.5634,0.0833,0.9523,0.8219,727,24.17666666666667,286.36574229604764,320.5501,606.9009,463.7255,0.0,1.2063,0.9147,727,24.17666666666667,286.2626509315613,320.4789,606.7416,463.6102,0.075,1.0005,0.7896,727,24.17666666666667
286.298206771885,320.4433,606.7415,463.5924,0.075,0.8168,0.7799,728,24.21,285.8575266128048,320.9534,606.7899,463.8716,0.0083,1.2107,0.8449,728,24.21,286.86082083563366,320.0831,606.9421,463.5126,0.0583,0.9516,0.9568,728,24.21,286.36593888282806,320.5501,606.901,463.7256,0.0,1.2083,0.9086,728,24.21,286.2584320612823,320.4831,606.7415,463.6123,0.075,0.9981,0.7799,728,24.21
286.30412781095174,320.4395,606.7436,463.5915,0.075,0.8167,0.8006,729,24.243333333333336,285.8619795559189,320.9499,606.7912,463.8705,0.0083,1.1755,0.8582,729,24.243333333333336,286.8691793657215,320.0781,606.9452,463.5116,0.0583,0.9324,0.9152,729,24.243333333333336,286.37468856087014,320.5463,606.9054,463.7258,0.0,1.2848,0.9189,729,24.243333333333336,286.2936673158343,320.481,606.7731,463.627,0.0833,0.9948,0.8346,729,24.243333333333336
286.27584607568235,320.4634,606.7392,463.6013,0.0667,0.9202,0.7846,730,24.276666666666667,285.8535921241022,320.9551,606.7878,463.8714,0.0083,1.2053,0.8545,730,24.276666666666667,286.9603279902825,320.0839,607.0399,463.5619,0.0833,0.9556,0.8425,730,24.276666666666667,286.3614510017812,320.5508,606.8973,463.724,0.0,1.2114,0.9282,730,24.276666666666667,286.25433398864493,320.4849,606.7392,463.6121,0.075,1.0283,0.7846,730,24.276666666666667
286.2768084203291,320.4617,606.7385,463.6001,0.0667,0.9291,0.7853,731,24.310000000000002,285.8549032433107,320.9528,606.7871,463.87,0.0083,1.1967,0.8492,731,24.310000000000002,286.85600172289924,320.0838,606.9379,463.5109,0.0583,0.9563,0.9243,731,24.310000000000002,286.36144612072684,320.5507,606.8971,463.7239,0.0,1.2123,0.9283,731,24.310000000000002,286.25495911913526,320.4835,606.7385,463.611,0.075,1.0353,0.7853,731,24.310000000000002
286.2780311346054,320.4616,606.7396,463.6006,0.0667,0.8901,0.7823,732,24.343333333333334,285.8558343807466,320.9532,606.7881,463.8707,0.0083,1.1979,0.8479,732,24.343333333333334,286.9585541947827,320.0848,607.039,463.5619,0.0833,0.9543,0.8426,732,24.343333333333334,286.35992460935097,320.5516,606.8966,463.7241,0.0,1.1836,0.9288,732,24.343333333333334,286.2879747737435,320.4831,606.7692,463.6261,0.0833,1.0136,0.8045,732,24.343333333333334
286.29781758473086,320.4411,606.7389,463.59,0.075,0.8088,0.7907,733,24.37666666666667,285.85748256262684,320.951,606.7874,463.8692,0.0083,1.1989,0.85,733,24.37666666666667,286.9575394366085,320.0845,607.0377,463.5611,0.0833,0.9524,0.8282,733,24.37666666666667,286.35900532962876,320.5514,606.8954,463.7234,0.0,1.208,0.929,733,24.37666666666667,286.25806503595743,320.4808,606.7389,463.6099,0.075,1.0074,0.7907,733,24.37666666666667
286.2965496610928,320.4402,606.7367,463.5885,0.075,0.828,0.8074,734,24.41,285.85574901702535,320.9499,606.7845,463.8672,0.0083,1.1986,0.8274,734,24.41,286.9565758360971,320.0844,607.0365,463.5604,0.0833,0.9569,0.8323,734,24.41,286.3583127847125,320.5508,606.8943,463.7225,0.0,1.2016,0.9228,734,24.41,286.25736593525374,320.4794,606.7367,463.608,0.075,1.0038,0.8074,734,24.41
286.29566538128864,320.4397,606.7354,463.5875,0.075,0.8386,0.8083,735,24.443333333333335,285.8550657740027,320.9493,606.7832,463.8663,0.0083,1.1855,0.8081,735,24.443333333333335,286.9531487030423,320.086,607.0346,463.5603,0.0833,0.9593,0.8329,735,24.443333333333335,286.35529831192554,320.5521,606.8926,463.7224,0.0,1.2343,0.9184,735,24.443333333333335,286.2558689709032,320.4795,606.7354,463.6074,0.075,1.0051,0.8083,735,24.443333333333335
286.1582082058707,320.4461,606.6043,463.5252,0.0833,1.0535,0.6534,736,24.48,285.3584765574718,321.0974,606.4559,463.7767,0.0,1.1716,0.8856,736,24.48,286.76045394508844,320.0277,606.7881,463.4079,0.0833,0.9221,0.7375,736,24.48,285.926867451803,320.7117,606.6341,463.6729,0.0,1.1549,0.934,736,24.48,286.1599193559978,320.4443,606.6043,463.5243,0.0917,1.0612,0.6534,736,24.48
286.15790082856927,320.4473,606.6052,463.5262,0.0833,1.0575,0.6497,737,24.51,285.3580709353927,321.0985,606.4566,463.7775,0.0,1.171,0.8895,737,24.51,286.7581168929751,320.03,606.7881,463.409,0.0833,0.918,0.7381,737,24.51,285.92456353426775,320.7142,606.634,463.6741,0.0,1.1587,0.9304,737,24.51,286.15954261132794,320.4456,606.6052,463.5254,0.0917,1.074,0.6497,737,24.51
286.1228347379746,320.4427,606.5656,463.5041,0.1,0.9092,0.7087,738,24.543333333333337,285.3444369790591,321.1082,606.4525,463.7803,0.0,1.1374,0.8698,738,24.543333333333337,286.7473635126412,320.0344,606.7818,463.4081,0.0833,0.9391,0.693,738,24.543333333333337,285.91561542253476,320.7182,606.6293,463.6737,0.0,1.104,0.954,738,24.543333333333337,286.1105401670415,320.455,606.5656,463.5103,0.1,1.0815,0.7087,738,24.543333333333337
286.15656046103254,320.4425,606.599,463.5208,0.0917,0.9065,0.6243,739,24.576666666666668,285.3435995959842,321.1086,606.4522,463.7804,0.0,1.1437,0.872,739,24.576666666666668,286.7491363752216,320.0328,606.782,463.4074,0.0833,0.9362,0.6932,739,24.576666666666668,285.91731195051864,320.7166,606.6295,463.673,0.0,1.0977,0.9542,739,24.576666666666668,286.14338300192264,320.4557,606.599,463.5274,0.0917,1.0862,0.6243,739,24.576666666666668
286.1611573441229,320.4379,606.5991,463.5185,0.0917,0.9076,0.6173,740,24.610000000000003,285.3488015701288,321.1036,606.4524,463.778,0.0,1.1465,0.867,740,24.610000000000003,286.7508059835769,320.0312,606.782,463.4066,0.0833,0.9265,0.6929,740,24.610000000000003,285.9186257389058,320.7153,606.6294,463.6723,0.0,1.1066,0.956,740,24.610000000000003,286.14861464586704,320.4505,606.5991,463.5248,0.0917,1.0896,0.6173,740,24.610000000000003
286.16376705140357,320.4358,606.5996,463.5177,0.0917,0.9103,0.6257,741,24.643333333333334,285.3512809341869,321.1015,606.4527,463.7771,0.0,1.1475,0.8706,741,24.643333333333334,286.75115002099415,320.0315,606.7826,463.407,0.0833,0.9045,0.6936,741,24.643333333333334,285.9189149545326,320.7156,606.6299,463.6728,0.0,1.1488,0.9437,741,24.643333333333334,286.1513332900858,320.4482,606.5996,463.5239,0.0917,1.086,0.6257,741,24.643333333333334
286.16292017998813,320.4367,606.5996,463.5182,0.0917,0.9127,0.6173,742,24.67666666666667,285.34946015946633,321.1033,606.4528,463.778,0.0,1.1482,0.8728,742,24.67666666666667,286.7499908153318,320.0316,606.7816,463.4066,0.0833,0.9062,0.6921,742,24.67666666666667,285.917851100038,320.7158,606.629,463.6724,0.0,1.1388,0.9541,742,24.67666666666667,286.1493605185749,320.4503,606.5996,463.5249,0.0917,1.0905,0.6173,742,24.67666666666667
286.15918165879714,320.4408,606.6,463.5204,0.0917,0.9132,0.6256,743,24.71,285.34591072355954,321.1071,606.453,463.7801,0.0,1.1465,0.8819,743,24.71,286.74855726791554,320.0333,606.7818,463.4075,0.0833,0.9143,0.6917,743,24.71,285.9165531526303,320.7175,606.6293,463.6734,0.0,1.135,0.9526,743,24.71,286.14564337993045,320.4544,606.6,463.5272,0.0917,1.0822,0.6256,743,24.71
286.16224486223854,320.438,606.6003,463.5192,0.0917,0.9122,0.6169,744,24.743333333333336,285.3486448057482,321.1046,606.4532,463.7789,0.0,1.1428,0.8722,744,24.743333333333336,286.7499851030685,320.032,606.782,463.407,0.0833,0.9116,0.6926,744,24.743333333333336,285.91780545853914,320.7161,606.6293,463.6727,0.0,1.1369,0.9461,744,24.743333333333336,286.1487754582911,320.4515,606.6003,463.5259,0.0917,1.0896,0.6169,744,24.743333333333336
286.1600682325303,320.4402,606.6002,463.5202,0.0917,0.9202,0.6287,745,24.776666666666667,285.3470844756739,321.1065,606.4536,463.78,0.0,1.1492,0.8702,745,24.776666666666667,286.74906784577894,320.0327,606.7818,463.4073,0.0833,0.9126,0.6926,745,24.776666666666667,285.9173631861416,320.7167,606.6295,463.6731,0.0,1.1334,0.9552,745,24.776666666666667,286.14660164819674,320.4536,606.6002,463.5269,0.0917,1.0871,0.6287,745,24.776666666666667
286.15459117852146,320.4673,606.6219,463.5446,0.0917,0.8783,0.7423,746,24.810000000000002,285.4195453248145,321.1133,606.5319,463.8226,0.0,1.1268,0.8913,746,24.810000000000002,286.78982158080646,320.0177,606.8076,463.4127,0.1083,0.7232,0.7709,746,24.810000000000002,285.9716670927216,320.7407,606.7059,463.7233,0.0,1.0299,0.9198,746,24.810000000000002,286.1561386951164,320.4658,606.6219,463.5439,0.1,0.908,0.7423,746,24.810000000000002
286.15325825551145,320.4688,606.622,463.5454,0.0917,0.8847,0.7456,747,24.843333333333334,285.4182909240533,321.1146,606.5319,463.8233,0.0,1.1176,0.8963,747,24.843333333333334,286.7899307644034,320.0179,606.8078,463.4128,0.1083,0.723,0.7699,747,24.843333333333334,285.97171501383457,320.7408,606.7061,463.7234,0.0,1.0179,0.9199,747,24.843333333333334,286.1548876322617,320.4671,606.622,463.5446,0.1,0.9103,0.7456,747,24.843333333333334
286.1524517594597,320.4686,606.6211,463.5449,0.0917,0.8841,0.7421,748,24.87666666666667,285.41757063733485,321.1144,606.5311,463.8228,0.0,1.1152,0.8946,748,24.87666666666667,286.7783543309234,320.029,606.8074,463.4182,0.1083,0.7348,0.7687,748,24.87666666666667,285.96369709156266,320.7471,606.7057,463.7264,0.0,1.0173,0.9173,748,24.87666666666667,286.1541330223651,320.467,606.6211,463.544,0.1,0.8983,0.7421,748,24.87666666666667
286.3850585227358,320.4756,606.8586,463.6671,0.075,0.8888,0.8175,749,24.91,285.5275591117311,321.1205,606.644,463.8822,0.0,1.1594,0.9253,749,24.91,287.01044819076867,320.0296,607.033,463.5313,0.0833,0.742,0.7908,749,24.91,286.0760966695842,320.7484,606.8183,463.7834,0.0,1.0557,0.9292,749,24.91,286.14768804627806,320.4743,606.622,463.5482,0.1,0.8849,0.7243,749,24.91
286.15744427427256,320.467,606.6245,463.5457,0.0917,0.8901,0.7431,750,24.943333333333335,285.4217858066394,321.1131,606.5338,463.8235,0.0,1.134,0.8987,750,24.943333333333335,286.77874495351875,320.0298,606.8085,463.4192,0.1083,0.741,0.773,750,24.943333333333335,285.96391700003437,320.7476,606.7064,463.727,0.0,1.0369,0.9172,750,24.943333333333335,286.15890003085525,320.4656,606.6245,463.545,0.1,0.8995,0.7431,750,24.943333333333335
286.15714841035754,320.4663,606.6235,463.5449,0.0917,0.8841,0.7385,751,24.976666666666667,285.4215891228149,321.1123,606.5329,463.8226,0.0,1.1419,0.8971,751,24.976666666666667,286.778922364467,320.0298,606.8087,463.4193,0.1083,0.741,0.7736,751,24.976666666666667,285.96408990592676,320.7477,606.7066,463.7271,0.0,1.0371,0.9171,751,24.976666666666667,286.1584071114648,320.465,606.6235,463.5442,0.1,0.8962,0.7385,751,24.976666666666667
286.1568872597762,320.4663,606.6232,463.5448,0.0917,0.874,0.7369,752,25.01,285.4215050642166,321.1122,606.5328,463.8225,0.0,1.1354,0.8989,752,25.01,286.78001603003304,320.0288,606.8088,463.4188,0.1083,0.7329,0.7714,752,25.01,285.96507764727437,320.7467,606.7066,463.7267,0.0,1.0331,0.9177,752,25.01,286.1582746230721,320.4649,606.6232,463.5441,0.1,0.8957,0.7369,752,25.01
286.15207755226254,320.4699,606.622,463.546,0.0917,0.8924,0.7368,753,25.043333333333337,285.4170016979507,321.1156,606.5317,463.8237,0.0,1.1146,0.8983,753,25.043333333333337,286.78924192299314,320.0186,606.8078,463.4132,0.1083,0.7407,0.7799,753,25.043333333333337,285.97094947654176,320.7413,606.7058,463.7236,0.0,1.0832,0.9207,753,25.043333333333337,286.1537003456977,320.4683,606.622,463.5452,0.1,0.9268,0.7368,753,25.043333333333337
286.15560103907785,320.4684,606.624,463.5462,0.0917,0.8791,0.759,754,25.078333333333337,285.71250888284965,321.1166,606.8181,463.9674,0.0,0.9968,0.8625,754,25.078333333333337,286.78165989692627,320.0266,606.8082,463.4174,0.1083,0.7179,0.8068,754,25.078333333333337,285.9662508132863,320.7441,606.706,463.725,0.0,0.9847,0.9547,754,25.078333333333337,286.15689097833314,320.4671,606.624,463.5456,0.1,0.8982,0.759,754,25.078333333333337
286.16428965780824,320.4591,606.6234,463.5412,0.1,0.7814,0.7595,755,25.110000000000003,285.7117356305368,321.1167,606.8174,463.9671,0.0,1.0002,0.8624,755,25.110000000000003,286.7784544721269,320.0292,606.8077,463.4184,0.1083,0.6835,0.8072,755,25.110000000000003,285.9637405168878,320.7462,606.7054,463.7258,0.0,0.9146,0.9551,755,25.110000000000003,286.1551303541885,320.4682,606.6234,463.5458,0.1,0.9149,0.7595,755,25.110000000000003
286.3617524182912,320.436,606.7977,463.6169,0.05,0.9556,0.852,756,25.14666666666667,285.6015173794925,321.0028,606.6044,463.8036,0.0,0.8167,0.8741,756,25.14666666666667,286.9422555444496,320.0111,606.9502,463.4806,0.0583,0.7393,0.8587,756,25.14666666666667,286.17455312741265,320.6206,606.7951,463.7079,0.0,0.9398,0.8889,756,25.14666666666667,286.1582355753667,320.4362,606.5927,463.5145,0.0917,0.9613,0.6609,756,25.14666666666667
286.3612786462543,320.4372,606.7985,463.6178,0.05,0.9909,0.8365,757,25.18166666666667,285.6011776743918,321.004,606.6052,463.8046,0.0,0.8191,0.8787,757,25.18166666666667,286.9434673454698,320.0109,606.9514,463.4812,0.0583,0.7376,0.8677,757,25.18166666666667,286.17580037488256,320.6204,606.7962,463.7083,0.0,0.9402,0.8944,757,25.18166666666667,286.1579931149495,320.4374,606.5936,463.5155,0.0917,0.9674,0.6447,757,25.18166666666667
286.3256468632337,320.4762,606.8019,463.639,0.0583,0.9808,0.858,758,25.21,285.6071292996595,321.0027,606.6098,463.8062,0.0,0.7947,0.8779,758,25.21,286.91993160111247,320.0364,606.9537,463.4951,0.0417,0.8368,0.8791,758,25.21,286.17558438068056,320.6235,606.7991,463.7113,0.0,0.9432,0.8979,758,25.21,286.16246763599327,320.4363,606.5971,463.5167,0.0917,0.9741,0.6833,758,25.21
286.15773651174754,320.4365,606.5925,463.5145,0.0833,1.0013,0.6524,759,25.243333333333336,285.760395820393,321.0033,606.7637,463.8835,0.0,0.8299,0.8248,759,25.243333333333336,286.94056494266897,320.0134,606.951,463.4822,0.0583,0.728,0.8862,759,25.243333333333336,286.1734461235649,320.6224,606.7958,463.7091,0.0,0.9448,0.914,759,25.243333333333336,286.1574834822585,320.4368,606.5925,463.5147,0.0917,0.9696,0.6524,759,25.243333333333336
286.1552419177118,320.4386,606.592,463.5153,0.0833,0.9868,0.646,760,25.283333333333335,285.7579689900393,321.0053,606.7633,463.8843,0.0,0.8286,0.8219,760,25.283333333333335,286.92661474507815,320.0269,606.9505,463.4887,0.05,0.7681,0.8857,760,25.283333333333335,286.17230893164617,320.6231,606.7954,463.7092,0.0,0.9338,0.9138,760,25.283333333333335,286.1549345339307,320.4389,606.592,463.5154,0.0917,0.9705,0.646,760,25.283333333333335
286.3581033523858,320.4404,606.7985,463.6194,0.05,0.9852,0.852,761,25.310000000000002,285.59766192896416,321.0069,606.6045,463.8057,0.0,0.7949,0.8826,761,25.310000000000002,286.9182001117914,320.0352,606.9508,463.493,0.0417,0.8209,0.8819,761,25.310000000000002,286.17317043466386,320.6225,606.7956,463.709,0.0,0.9467,0.9136,761,25.310000000000002,286.1542450127123,320.4406,606.5931,463.5168,0.0917,0.9693,0.6466,761,25.310000000000002
286.35685790338874,320.441,606.7978,463.6194,0.05,0.967,0.8517,762,25.343333333333334,285.5969274617112,321.0075,606.6044,463.806,0.0,0.7938,0.8803,762,25.343333333333334,286.9404041808715,320.0135,606.951,463.4823,0.0583,0.7392,0.8815,762,25.343333333333334,286.1729262756475,320.6229,606.7958,463.7093,0.0,0.9375,0.9065,762,25.343333333333334,286.15340434226295,320.4412,606.5929,463.517,0.0917,0.9589,0.6484,762,25.343333333333334
286.113337564101,320.4816,606.5932,463.5374,0.0917,0.9957,0.6505,763,25.386666666666667,285.7558820240431,321.0078,606.7637,463.8858,0.0,0.7941,0.8275,763,25.386666666666667,286.9427827485873,320.0124,606.9522,463.4823,0.0583,0.7305,0.8877,763,25.386666666666667,286.1752417531036,320.6218,606.797,463.7094,0.0,0.955,0.9164,763,25.386666666666667,286.1533817925117,320.4416,606.5932,463.5174,0.0917,0.967,0.6505,763,25.386666666666667
286.1116063212422,320.4831,606.5929,463.538,0.0917,0.9999,0.6502,764,25.41,285.7541371763073,321.0092,606.7634,463.8863,0.0,0.7849,0.8325,764,25.41,286.9421095704598,320.0133,606.9524,463.4829,0.0583,0.7295,0.888,764,25.41,286.1749447597537,320.6223,606.7973,463.7098,0.0,0.9571,0.9164,764,25.41,286.15151893437655,320.4431,606.5929,463.518,0.0917,0.9707,0.6502,764,25.41
286.1129338657574,320.4818,606.593,463.5374,0.0917,1.0035,0.6509,765,25.443333333333335,285.7553534210241,321.0081,606.7634,463.8857,0.0,0.782,0.8325,765,25.443333333333335,286.9410773002114,320.0143,606.9524,463.4834,0.0583,0.7276,0.888,765,25.443333333333335,286.1739897043806,320.6233,606.7973,463.7103,0.0,0.9581,0.9164,765,25.443333333333335,286.1528667209592,320.4418,606.593,463.5174,0.0917,0.95,0.6509,765,25.443333333333335
286.22264047388455,320.4847,606.7065,463.5956,0.05,0.8819,0.9112,766,25.488333333333333,285.7968886235009,320.9239,606.7123,463.8181,0.0,1.1936,0.9138,766,25.488333333333333,286.950107993459,319.985,606.9351,463.46,0.075,0.8002,0.8472,766,25.488333333333333,286.4116624297501,320.489,606.8909,463.6899,0.0,1.2956,0.8418,766,25.488333333333333,286.2178324710385,320.4887,606.7065,463.5976,0.0667,1.0088,0.9112,766,25.488333333333333
286.23302567463827,320.4761,606.7092,463.5926,0.0667,0.7463,0.9108,767,25.51,285.7680363444232,320.9617,606.7152,463.8385,0.0083,1.1474,0.9347,767,25.51,286.96824238612,320.0084,606.9742,463.4913,0.075,0.879,0.8124,767,25.51,286.4137795927001,320.4905,606.8944,463.6925,0.0,1.3177,0.8584,767,25.51,286.23893397256387,320.4702,606.7092,463.5897,0.075,0.7494,0.9108,767,25.51
286.2304960072763,320.4781,606.7086,463.5933,0.0667,0.7856,0.9098,768,25.543333333333337,285.765446783597,320.9635,606.7146,463.839,0.0083,1.1327,0.9258,768,25.543333333333337,286.9462752673955,319.9916,606.9379,463.4648,0.075,0.7887,0.8554,768,25.543333333333337,286.4076094570979,320.4958,606.8938,463.6948,0.0,1.2971,0.8444,768,25.543333333333337,286.23649762703866,320.4721,606.7086,463.5903,0.075,0.7459,0.9098,768,25.543333333333337
286.2341293754753,320.4746,606.7087,463.5916,0.0667,0.7468,0.9087,769,25.576666666666668,285.768832355442,320.9606,606.7147,463.8377,0.0083,1.1582,0.9295,769,25.576666666666668,286.94238797318735,319.9958,606.9381,463.467,0.075,0.7871,0.8562,769,25.576666666666668,286.4041749891285,320.4992,606.894,463.6966,0.0,1.2887,0.8454,769,25.576666666666668,286.24001579145283,320.4687,606.7087,463.5887,0.075,0.7498,0.9087,769,25.576666666666668
286.231496554792,320.4793,606.7108,463.595,0.0667,0.73,0.9088,770,25.610000000000003,285.7669623906497,320.9656,606.7175,463.8415,0.0083,1.1057,0.9259,770,25.610000000000003,286.9428370607999,319.9968,606.9396,463.4682,0.075,0.7878,0.8487,770,25.610000000000003,286.4045049300522,320.5002,606.8954,463.6978,0.0,1.2895,0.8463,770,25.610000000000003,286.23697705831273,320.4738,606.7108,463.5923,0.075,0.7758,0.9088,770,25.610000000000003
286.2359583611601,320.4748,606.7107,463.5927,0.0667,0.7355,0.9065,771,25.643333333333334,285.77038281990326,320.9613,606.7166,463.8389,0.0083,1.1717,0.9262,771,25.643333333333334,286.9445624272207,319.9953,606.9398,463.4675,0.075,0.7895,0.8477,771,25.643333333333334,286.40620877879473,320.4988,606.8956,463.6972,0.0,1.2881,0.8465,771,25.643333333333334,286.24157662596235,320.4691,606.7107,463.5899,0.075,0.7678,0.9065,771,25.643333333333334
286.2356835622057,320.4745,606.7102,463.5923,0.0667,0.7726,0.9041,772,25.67666666666667,285.76984259335256,320.9613,606.7161,463.8387,0.0083,1.1406,0.9264,772,25.67666666666667,286.94402025387916,319.9951,606.9391,463.4671,0.075,0.7911,0.8408,772,25.67666666666667,286.4057040673185,320.4987,606.895,463.6968,0.0,1.2886,0.8406,772,25.67666666666667,286.2413093229069,320.4689,606.7102,463.5895,0.075,0.7682,0.9041,772,25.67666666666667
286.237506355361,320.4727,606.7102,463.5914,0.0667,0.7524,0.9043,773,25.71,285.77176487375743,320.9592,606.7161,463.8376,0.0083,1.1353,0.9208,773,25.71,286.94463288385447,319.9946,606.9393,463.467,0.075,0.7909,0.84,773,25.71,286.4062912981152,320.4982,606.8951,463.6967,0.0,1.2877,0.8394,773,25.71,286.24300356968047,320.4672,606.7102,463.5887,0.075,0.7647,0.9043,773,25.71
286.2375779978838,320.4737,606.7113,463.5925,0.0667,0.7786,0.9077,774,25.743333333333336,285.77160108292696,320.9604,606.7171,463.8388,0.0083,1.1328,0.9221,774,25.743333333333336,286.94410892510643,319.9957,606.9398,463.4678,0.075,0.7914,0.8391,774,25.743333333333336,286.40584219247773,320.4991,606.8956,463.6974,0.0,1.2857,0.8591,774,25.743333333333336,286.24302055453563,320.4682,606.7113,463.5898,0.075,0.7715,0.9077,774,25.743333333333336
286.23711713616376,320.4737,606.7108,463.5922,0.0667,0.7428,0.9079,775,25.776666666666667,285.77114733871895,320.9604,606.7167,463.8385,0.0083,1.1671,0.9221,775,25.776666666666667,286.9441366274692,319.996,606.9401,463.468,0.075,0.7911,0.8424,775,25.776666666666667,286.4058683712684,320.4993,606.8959,463.6976,0.0,1.2856,0.8625,775,25.776666666666667,286.24263983354155,320.4681,606.7108,463.5895,0.075,0.7629,0.9079,775,25.776666666666667
286.1996549766001,320.5307,606.7297,463.6302,0.0667,1.0277,0.7977,776,25.813333333333336,285.4247526745296,321.1889,606.6072,463.8981,0.0,1.0944,0.8299,776,25.813333333333336,286.83652645177045,320.042,606.8785,463.4603,0.0583,0.9376,0.8021,776,25.813333333333336,286.0651263200813,320.7321,606.7911,463.7616,0.0,1.1871,0.8555,776,25.813333333333336,286.11955928293196,320.5508,606.6704,463.6106,0.0833,1.0041,0.8058,776,25.813333333333336
286.200523004082,320.5287,606.7286,463.6287,0.0667,1.0214,0.7994,777,25.843333333333334,285.4255882914071,321.1869,606.6061,463.8965,0.0,1.0935,0.8346,777,25.843333333333334,286.8364981195208,320.042,606.8785,463.4602,0.0583,0.9349,0.8017,777,25.843333333333334,286.0650975571956,320.7321,606.7911,463.7616,0.0,1.1727,0.8558,777,25.843333333333334,286.12033582885044,320.5488,606.6691,463.6089,0.0833,1.0138,0.805,777,25.843333333333334
286.2236979495466,320.4641,606.6878,463.576,0.0583,0.9349,0.8011,778,25.87666666666667,285.4885665865619,321.1205,606.6076,463.8641,0.0,1.0286,0.825,778,25.87666666666667,286.8371747525571,320.0423,606.8794,463.4608,0.0583,0.8941,0.8128,778,25.87666666666667,286.06579549449407,320.7326,606.7923,463.7624,0.0,1.1899,0.8672,778,25.87666666666667,286.1955243256787,320.4747,606.6703,463.5725,0.0833,0.9944,0.7961,778,25.87666666666667
286.20501018830464,320.464,606.669,463.5665,0.0667,0.9348,0.8038,779,25.91,285.6354720538421,321.1203,606.7485,463.9344,0.0,1.0287,0.8495,779,25.91,286.83496612565057,320.044,606.879,463.4615,0.0583,0.9306,0.8145,779,25.91,286.0636017029881,320.7341,606.7915,463.7628,0.0,1.1939,0.857,779,25.91,286.1930737263176,320.476,606.669,463.5725,0.0833,0.9864,0.8038,779,25.91
286.2055880992473,320.4634,606.669,463.5662,0.0667,0.9342,0.8034,780,25.943333333333335,285.6359523096867,321.1199,606.7485,463.9342,0.0,1.0003,0.8511,780,25.943333333333335,286.83620864750515,320.0428,606.879,463.4609,0.0583,0.9346,0.8145,780,25.943333333333335,286.064754687862,320.733,606.7915,463.7622,0.0,1.193,0.857,780,25.943333333333335,286.1935329144857,320.4755,606.669,463.5722,0.0833,0.9846,0.8034,780,25.943333333333335
286.2039741686853,320.466,606.6699,463.5679,0.0667,0.9185,0.8043,781,25.976666666666667,285.63447159227553,321.1221,606.7495,463.9358,0.0,1.0545,0.8511,781,25.976666666666667,286.83680362970244,320.043,606.8798,463.4614,0.0583,0.9321,0.812,781,25.976666666666667,286.06536040725337,320.7331,606.7923,463.7627,0.0,1.1939,0.8811,781,25.976666666666667,286.1924224289689,320.4775,606.6699,463.5737,0.0833,0.987,0.8043,781,25.976666666666667
286.196852375979,320.5324,606.7287,463.6305,0.0667,1.0312,0.8005,782,26.01,285.4220920537085,321.1902,606.6061,463.8981,0.0,1.102,0.8226,782,26.01,286.8343419295877,320.045,606.8793,463.4621,0.0583,0.9338,0.8133,782,26.01,286.06309826488905,320.7349,606.792,463.7634,0.0,1.1922,0.8721,782,26.01,286.1169504585854,320.5523,606.6692,463.6107,0.0833,1.0193,0.8064,782,26.01
286.13715924985723,320.5313,606.6684,463.5999,0.0667,1.0049,0.8108,783,26.043333333333337,285.5696817033496,321.1899,606.7474,463.9687,0.0,1.095,0.8769,783,26.043333333333337,286.8031479198007,320.0469,606.85,463.4484,0.05,0.8584,0.8154,783,26.043333333333337,286.05881968112334,320.737,606.7896,463.7633,0.0,1.2137,0.9031,783,26.043333333333337,286.1173420366488,320.5511,606.6684,463.6098,0.0833,1.012,0.8108,783,26.043333333333337
286.13963445660477,320.5283,606.668,463.5982,0.0667,1.0112,0.8156,784,26.076666666666668,285.57360542249137,321.1861,606.7475,463.9668,0.0,1.0938,0.8749,784,26.076666666666668,286.8046000066905,320.0465,606.8511,463.4488,0.05,0.8649,0.8153,784,26.076666666666668,286.06123627687305,320.736,606.791,463.7635,0.0,1.2117,0.9031,784,26.076666666666668,286.11983327436735,320.5481,606.668,463.6081,0.0833,1.0299,0.8156,784,26.076666666666668
286.1398454130831,320.5278,606.6676,463.5977,0.0667,1.0148,0.8161,785,26.110000000000003,285.5738473159963,321.1855,606.7472,463.9663,0.0,1.0938,0.8756,785,26.110000000000003,286.8059137776133,320.0451,606.8511,463.4481,0.05,0.8666,0.8126,785,26.110000000000003,286.06250815576,320.7347,606.7909,463.7628,0.0,1.211,0.903,785,26.110000000000003,286.12001491013416,320.5476,606.6676,463.6076,0.0833,1.0249,0.8161,785,26.110000000000003
286.10491114065235,320.4835,606.5884,463.5359,0.0917,0.914,0.6605,786,26.14666666666667,285.55759438119907,320.943,606.4941,463.7185,0.0,1.2455,0.8992,786,26.14666666666667,286.7905977662097,320.0104,606.801,463.4057,0.05,0.892,0.7834,786,26.14666666666667,286.3185932452982,320.4828,606.785,463.6339,0.0083,1.0804,0.8199,786,26.14666666666667,286.1035358185676,320.4849,606.5884,463.5366,0.1,0.9252,0.6605,786,26.14666666666667
286.12236926545427,320.4674,606.5897,463.5285,0.1,0.9189,0.6452,787,26.17666666666667,285.3672610042529,321.1311,606.4966,463.8139,0.0,1.1521,0.8728,787,26.17666666666667,286.8114205215753,319.9924,606.8039,463.3982,0.0583,0.8428,0.7779,787,26.17666666666667,286.12472632560423,320.6754,606.789,463.7322,0.0083,1.1724,0.8316,787,26.17666666666667,286.12091285832776,320.4688,606.5897,463.5293,0.1083,0.9232,0.6452,787,26.17666666666667
286.12185889585373,320.4697,606.5915,463.5306,0.1,0.9425,0.6534,788,26.21,285.36462901987215,321.134,606.4969,463.8154,0.0,1.1731,0.8546,788,26.21,286.8130738054597,319.9923,606.8054,463.3989,0.0583,0.8525,0.7922,788,26.21,286.1232092138561,320.6761,606.7882,463.7321,0.0083,1.1469,0.843,788,26.21,286.12075803739276,320.4708,606.5915,463.5312,0.1083,0.9364,0.6534,788,26.21
286.12151511235936,320.4693,606.5908,463.53,0.1,0.9456,0.6532,789,26.243333333333336,285.36443697658865,321.1339,606.4964,463.8151,0.0,1.2148,0.855,789,26.243333333333336,286.80517223816014,320.0,606.8052,463.4026,0.0583,0.8639,0.7929,789,26.243333333333336,286.11599012217175,320.6827,606.788,463.7354,0.0083,1.258,0.8417,789,26.243333333333336,286.12034758012203,320.4704,606.5908,463.5306,0.1083,0.9436,0.6532,789,26.243333333333336
286.12567798882776,320.468,606.5936,463.5308,0.1,0.9533,0.6357,790,26.276666666666667,285.3680740298216,321.1328,606.499,463.8159,0.0,1.2168,0.8546,790,26.276666666666667,286.8053210043828,320.0002,606.8055,463.4029,0.0583,0.8631,0.7932,790,26.276666666666667,286.1161368492483,320.6829,606.7883,463.7356,0.0083,1.2592,0.8378,790,26.276666666666667,286.1245352039529,320.4691,606.5936,463.5314,0.1083,0.9469,0.6357,790,26.276666666666667
286.12478476170145,320.4683,606.5931,463.5307,0.1,0.9415,0.6369,791,26.310000000000002,285.3674414612884,321.133,606.4986,463.8158,0.0,1.2226,0.854,791,26.310000000000002,286.8057533232113,319.9997,606.8055,463.4026,0.0583,0.8622,0.7932,791,26.310000000000002,286.11653426511305,320.6824,606.7883,463.7354,0.0083,1.2896,0.8377,791,26.310000000000002,286.122944689119,320.4702,606.5931,463.5317,0.1083,0.9448,0.6369,791,26.310000000000002
286.12456186419274,320.4695,606.594,463.5318,0.1,0.9511,0.6344,792,26.343333333333334,285.36719663539634,321.1341,606.4995,463.8168,0.0,1.2242,0.854,792,26.343333333333334,286.80519605505356,320.0013,606.8065,463.4039,0.0583,0.86,0.7911,792,26.343333333333334,286.11601285593474,320.6839,606.7892,463.7366,0.0083,1.2446,0.8382,792,26.343333333333334,286.12269932788274,320.4713,606.594,463.5327,0.1083,0.9471,0.6344,792,26.343333333333334
286.1248267662501,320.4695,606.5943,463.5319,0.1,0.9498,0.6366,793,26.37666666666667,285.3676541913636,321.134,606.4998,463.8169,0.0,1.2214,0.854,793,26.37666666666667,286.80469651340263,320.002,606.8067,463.4044,0.0583,0.8729,0.7906,793,26.37666666666667,286.1155683010496,320.6846,606.7895,463.737,0.0083,1.2438,0.8384,793,26.37666666666667,286.12320205103435,320.4711,606.5943,463.5327,0.1083,0.9454,0.6366,793,26.37666666666667
286.1233487690074,320.4708,606.5942,463.5325,0.1,0.9527,0.6447,794,26.41,285.36621592955066,321.1353,606.4996,463.8175,0.0,1.2232,0.8546,794,26.41,286.8059354061153,320.0006,606.8066,463.4036,0.0583,0.8727,0.7908,794,26.41,286.1167157730094,320.6833,606.7893,463.7363,0.0083,1.2442,0.8383,794,26.41,286.1216659623229,320.4725,606.5942,463.5333,0.1083,0.9464,0.6447,794,26.41
286.12268175539384,320.4696,606.5922,463.5309,0.1,0.9479,0.6528,795,26.443333333333335,285.3654860414716,321.1341,606.4977,463.8159,0.0,1.2214,0.8551,795,26.443333333333335,286.8060452452019,320.0004,606.8064,463.4034,0.0583,0.8727,0.7919,795,26.443333333333335,286.11682075596855,320.683,606.7892,463.7361,0.0083,1.2443,0.8427,795,26.443333333333335,286.12105541181825,320.4712,606.5922,463.5317,0.1083,0.9419,0.6528,795,26.443333333333335
286.2745978506983,320.4638,606.7384,463.6011,0.075,0.558,0.821,796,26.48166666666667,285.55404147239517,321.1439,606.6943,463.9191,0.0,1.0323,0.7922,796,26.48166666666667,286.81543096862185,320.035,606.8505,463.4427,0.05,0.9663,0.8723,796,26.48166666666667,286.1604822787916,320.7324,606.8853,463.8088,0.0,1.2058,0.9769,796,26.48166666666667,286.2454332068482,320.4791,606.7238,463.6015,0.0917,0.8393,0.7901,796,26.48166666666667
286.283655360702,320.4564,606.74,463.5982,0.075,0.5803,0.7885,797,26.526666666666667,285.56267391614136,321.1366,606.6957,463.9162,0.0,0.9639,0.7919,797,26.526666666666667,286.8621751313841,320.0326,606.8948,463.4637,0.0583,0.9283,0.824,797,26.526666666666667,286.1638420740612,320.73,606.8865,463.8083,0.0,1.2078,0.9756,797,26.526666666666667,286.22753560797764,320.4715,606.699,463.5853,0.0667,0.8605,0.7958,797,26.526666666666667
286.2819911235814,320.4587,606.7407,463.5997,0.075,0.5565,0.7859,798,26.543333333333337,285.5609191206993,321.139,606.6963,463.9176,0.0,0.9608,0.7832,798,26.543333333333337,286.9043826568653,320.0338,606.9382,463.486,0.0667,0.9227,0.8539,798,26.543333333333337,286.16156977755423,320.7311,606.8853,463.8082,0.0,1.2089,0.9764,798,26.543333333333337,286.2258211444092,320.4739,606.6997,463.5868,0.0667,0.8345,0.7882,798,26.543333333333337
286.28881447172074,320.4555,606.7443,463.5999,0.075,0.5426,0.7704,799,26.576666666666668,285.5678789112846,321.1342,606.6983,463.9163,0.0,0.9738,0.8885,799,26.576666666666668,286.8617603797593,320.0318,606.8935,463.4627,0.0583,0.8943,0.8185,799,26.576666666666668,286.1630902413371,320.7284,606.8842,463.8063,0.0,1.1846,0.991,799,26.576666666666668,286.2735728779809,320.4707,606.7443,463.6075,0.075,0.8075,0.7704,799,26.576666666666668
286.2806009977326,320.4564,606.737,463.5967,0.075,0.536,0.8226,800,26.615000000000002,285.56088332590923,321.1365,606.6936,463.9151,0.0,0.9497,0.7857,800,26.615000000000002,286.90440813089174,320.0321,606.9365,463.4843,0.0667,0.9283,0.8544,800,26.615000000000002,286.16221665622027,320.7296,606.8844,463.807,0.0,1.1919,0.9866,800,26.615000000000002,286.22519900019313,320.4709,606.6961,463.5835,0.0667,0.8109,0.8028,800,26.615000000000002
286.28473826757676,320.4538,606.7385,463.5962,0.075,0.5483,0.7873,801,26.643333333333334,285.56494678171373,321.1339,606.695,463.9144,0.0,0.946,0.7897,801,26.643333333333334,286.90427659473403,320.0322,606.9365,463.4843,0.0667,0.9282,0.8541,801,26.643333333333334,286.1620925211543,320.7296,606.8843,463.807,0.0,1.192,0.9867,801,26.643333333333334,286.22950665450554,320.4681,606.6976,463.5828,0.0667,0.8131,0.8018,801,26.643333333333334
286.284393962722,320.4538,606.7382,463.596,0.075,0.5141,0.7892,802,26.67666666666667,285.564580032517,321.134,606.6946,463.9143,0.0,0.9483,0.7924,802,26.67666666666667,286.86009054061475,320.0319,606.892,463.4619,0.0583,0.9301,0.804,802,26.67666666666667,286.1624596540754,320.7293,606.8843,463.8068,0.0,1.196,0.9873,802,26.67666666666667,286.22894925750484,320.4683,606.6973,463.5828,0.0667,0.8066,0.7901,802,26.67666666666667
286.2853974802066,320.4539,606.7393,463.5966,0.075,0.5598,0.7885,803,26.718333333333334,285.56434022259947,321.1344,606.6951,463.9148,0.0,0.9679,0.7853,803,26.718333333333334,286.8612439520672,320.032,606.8933,463.4627,0.0583,0.9284,0.8226,803,26.718333333333334,286.16311357065695,320.7295,606.8851,463.8073,0.0,1.2088,0.9865,803,26.718333333333334,286.2292273746548,320.4691,606.6983,463.5837,0.0667,0.8514,0.7895,803,26.718333333333334
286.2869217807206,320.4522,606.7392,463.5957,0.075,0.5585,0.7873,804,26.743333333333336,285.5651027900996,321.1334,606.6948,463.9141,0.0,0.9248,0.7883,804,26.743333333333336,286.86180459521904,320.0315,606.8933,463.4624,0.0583,0.902,0.8044,804,26.743333333333336,286.16292725134906,320.7297,606.8851,463.8074,0.0,1.1983,0.9845,804,26.743333333333336,286.2306736499917,320.4675,606.6982,463.5828,0.0667,0.8551,0.805,804,26.743333333333336
286.2859963742608,320.4534,606.7394,463.5964,0.075,0.5531,0.7814,805,26.776666666666667,285.5637408556955,321.135,606.6951,463.915,0.0,0.9486,0.7883,805,26.776666666666667,286.86230843312063,320.0308,606.8931,463.462,0.0583,0.9023,0.8048,805,26.776666666666667,286.1630941181123,320.7294,606.885,463.8072,0.0,1.1822,0.9836,805,26.776666666666667,286.22973116092817,320.4687,606.6985,463.5836,0.0667,0.8406,0.7866,805,26.776666666666667
286.3818708552301,320.44,606.8188,463.6294,0.0583,0.8812,0.7519,806,26.823333333333334,285.7123623617895,320.9181,606.6234,463.7707,0.0,1.2801,0.7898,806,26.823333333333334,286.9479752420062,320.0251,606.9694,463.4972,0.0417,0.8989,0.8514,806,26.823333333333334,286.3056652039861,320.5176,606.8111,463.6644,0.0,1.1756,0.9239,806,26.823333333333334,286.17539881473454,320.4372,606.6122,463.5247,0.0917,0.8782,0.735,806,26.823333333333334
286.3804599885494,320.4412,606.8185,463.6298,0.0583,0.8834,0.7374,807,26.843333333333334,285.7101823006849,320.9191,606.6224,463.7708,0.0,1.2692,0.7946,807,26.843333333333334,286.9897742892615,320.0273,607.0126,463.5199,0.05,0.8752,0.8043,807,26.843333333333334,286.3022556772927,320.5198,606.81,463.6649,0.0,1.1854,0.9321,807,26.843333333333334,286.17338276361863,320.4383,606.6112,463.5247,0.0917,0.8557,0.7315,807,26.843333333333334
286.38101936393514,320.441,606.8188,463.6299,0.0583,0.8636,0.8242,808,26.87666666666667,285.71094200499357,320.9191,606.623,463.7711,0.0,1.334,0.7769,808,26.87666666666667,286.9597900382426,320.0132,606.9694,463.4913,0.05,0.8691,0.821,808,26.87666666666667,286.30089274474324,320.5199,606.809,463.6645,0.0,1.1962,0.9253,808,26.87666666666667,286.1747166293302,320.4379,606.6121,463.525,0.0917,0.8369,0.7415,808,26.87666666666667
286.38083490959946,320.4413,606.819,463.6302,0.0583,0.8757,0.8242,809,26.918333333333337,285.71077735443225,320.9195,606.6232,463.7713,0.0,1.3251,0.7768,809,26.918333333333337,286.96025666552873,320.0124,606.9691,463.4908,0.05,0.8693,0.82,809,26.918333333333337,286.30130125656683,320.5193,606.8087,463.664,0.0,1.1966,0.9254,809,26.918333333333337,286.17462650237076,320.4384,606.6125,463.5254,0.0917,0.8653,0.7433,809,26.918333333333337
286.381994986924,320.4405,606.8194,463.63,0.0583,0.8498,0.8248,810,26.943333333333335,285.71200166290316,320.9189,606.6238,463.7713,0.0,1.3301,0.7765,810,26.943333333333335,286.96053101612165,320.0132,606.9702,463.4917,0.05,0.8685,0.8213,810,26.943333333333335,286.30228154927346,320.52,606.8104,463.6652,0.0,1.1918,0.9456,810,26.943333333333335,286.1758227238198,320.4374,606.6127,463.525,0.0917,0.8339,0.7435,810,26.943333333333335
286.38422852934985,320.4386,606.8198,463.6292,0.0583,0.8972,0.8234,811,26.97666666666667,285.7145988858248,320.9168,606.6244,463.7706,0.0,1.3402,0.7757,811,26.97666666666667,286.96350772235087,320.0102,606.9702,463.4902,0.05,0.8708,0.8212,811,26.97666666666667,286.30471869153257,320.518,606.811,463.6645,0.0,1.1882,0.944,811,26.97666666666667,286.17818943070483,320.4354,606.613,463.5242,0.0917,0.8649,0.743,811,26.97666666666667
286.17422555455187,320.4394,606.6126,463.526,0.0833,0.9243,0.7195,812,27.01,285.6049100810577,320.9171,606.5175,463.7173,0.0,1.3481,0.8597,812,27.01,286.9458929039454,320.0271,606.9693,463.4982,0.0417,0.9209,0.8092,812,27.01,286.30156637228225,320.5199,606.8095,463.6647,0.0,1.2009,0.9608,812,27.01,286.1601674768709,320.4525,606.6126,463.5326,0.0833,1.0595,0.7195,812,27.01
286.1779907946268,320.4353,606.6122,463.5238,0.0833,0.9051,0.7031,813,27.043333333333337,285.6089856705224,320.9133,606.5176,463.7154,0.0,1.3511,0.858,813,27.043333333333337,286.7633386511143,320.0258,606.7891,463.4075,0.0833,0.9195,0.7097,813,27.043333333333337,286.191252109685,320.5182,606.7006,463.6094,0.0,1.2285,0.9593,813,27.043333333333337,286.16391382273866,320.4483,606.6122,463.5303,0.0833,1.0556,0.7031,813,27.043333333333337
286.17735960923756,320.4359,606.6123,463.5241,0.0833,0.915,0.7015,814,27.076666666666668,285.6089260706875,320.913,606.5174,463.7152,0.0,1.3482,0.8498,814,27.076666666666668,286.76368760162285,320.0256,606.7893,463.4075,0.0833,0.9194,0.7089,814,27.076666666666668,286.19212876092575,320.5175,606.7008,463.6091,0.0,1.2277,0.9566,814,27.076666666666668,286.163275136467,320.449,606.6123,463.5306,0.0833,1.0504,0.7015,814,27.076666666666668
286.17820029689716,320.435,606.6122,463.5236,0.0833,0.916,0.7015,815,27.110000000000003,285.6096557953181,320.9124,606.5173,463.7148,0.0,1.3693,0.8498,815,27.110000000000003,286.76499281679503,320.0241,606.7891,463.4066,0.0833,0.896,0.7094,815,27.110000000000003,286.19319933971326,320.5162,606.7006,463.6084,0.0,1.2313,0.956,815,27.110000000000003,286.1642458487138,320.4479,606.6122,463.53,0.0833,1.0524,0.7015,815,27.110000000000003
286.17423882773,320.4317,606.6059,463.5188,0.0833,0.8997,0.7715,816,27.14666666666667,285.9279081516571,320.8281,606.7553,463.7917,0.0083,0.8465,0.91,816,27.14666666666667,286.72769943789535,320.0354,606.7631,463.3993,0.075,0.8004,0.7244,816,27.14666666666667,286.53963205894604,320.3674,606.9032,463.6353,0.0083,0.8632,0.8422,816,27.14666666666667,286.16755866680785,320.4389,606.6059,463.5224,0.075,0.9918,0.7715,816,27.14666666666667
286.17619198708405,320.4295,606.6057,463.5176,0.0833,0.8708,0.7959,817,27.17666666666667,285.9305548245768,320.826,606.7559,463.791,0.0083,0.8327,0.9096,817,27.17666666666667,286.73117092568407,320.0327,606.7638,463.3982,0.075,0.907,0.7602,817,27.17666666666667,286.5434839077358,320.3649,606.9046,463.6348,0.0083,0.8442,0.8682,817,27.17666666666667,286.1700714709999,320.4362,606.6057,463.521,0.075,0.963,0.7959,817,27.17666666666667
286.1770039291156,320.4291,606.6061,463.5176,0.0833,0.8679,0.7912,818,27.21,285.93136414928085,320.8256,606.7564,463.791,0.0083,0.8531,0.9064,818,27.21,286.73180101425686,320.0322,606.764,463.3981,0.075,0.907,0.7648,818,27.21,286.54408703748413,320.3645,606.9047,463.6346,0.0083,0.844,0.8685,818,27.21,286.1708688189236,320.4358,606.6061,463.521,0.075,0.9508,0.7912,818,27.21
286.17855330929757,320.4275,606.6061,463.5168,0.0833,0.871,0.7906,819,27.243333333333336,285.93261307440616,320.8243,606.7565,463.7904,0.0083,0.8542,0.9023,819,27.243333333333336,286.73264997020146,320.0318,606.7644,463.3981,0.075,0.8843,0.755,819,27.243333333333336,286.54486465704065,320.3641,606.9051,463.6346,0.0083,0.8438,0.8684,819,27.243333333333336,286.1717282850572,320.4349,606.6061,463.5205,0.075,0.96,0.7906,819,27.243333333333336
286.1785213687263,320.4274,606.606,463.5167,0.0833,0.8982,0.7882,820,27.276666666666667,285.93152135556375,320.8239,606.755,463.7894,0.0083,0.8659,0.9032,820,27.276666666666667,286.73378875055266,320.0305,606.7642,463.3974,0.075,0.8925,0.7367,820,27.276666666666667,286.54506358225876,320.3628,606.904,463.6334,0.0083,0.8454,0.8393,820,27.276666666666667,286.1716273554092,320.4349,606.606,463.5204,0.075,0.9749,0.7882,820,27.276666666666667
286.1751534972169,320.4304,606.6056,463.518,0.0833,0.9032,0.7877,821,27.310000000000002,285.9298648429592,320.8268,606.756,463.7914,0.0083,0.8601,0.9022,821,27.310000000000002,286.73242653289856,320.0314,606.7638,463.3976,0.075,0.8915,0.7473,821,27.310000000000002,286.54471953073534,320.3637,606.9046,463.6342,0.0083,0.8515,0.8678,821,27.310000000000002,286.16896370123044,320.4371,606.6056,463.5213,0.075,0.9661,0.7877,821,27.310000000000002
286.1775230393728,320.4289,606.6064,463.5176,0.0833,0.8988,0.7873,822,27.343333333333334,285.9317282387379,320.8254,606.7567,463.7911,0.0083,0.8886,0.9017,822,27.343333333333334,286.73368700700473,320.0303,606.764,463.3972,0.075,0.8914,0.7522,822,27.343333333333334,286.5460625543848,320.3625,606.9047,463.6336,0.0083,0.8523,0.8676,822,27.343333333333334,286.1709736538779,320.4359,606.6064,463.5211,0.075,0.9728,0.7873,822,27.343333333333334
286.17691990943104,320.4297,606.6066,463.5181,0.0833,0.897,0.7902,823,27.37666666666667,285.99434749891225,320.7627,606.757,463.7599,0.0083,0.9065,0.9018,823,27.37666666666667,286.7349565247157,320.0297,606.7647,463.3972,0.075,0.8572,0.7629,823,27.37666666666667,286.5471213067715,320.3621,606.9053,463.6337,0.0083,0.8515,0.8688,823,27.37666666666667,286.1706714785648,320.4364,606.6066,463.5215,0.075,0.9497,0.7902,823,27.37666666666667
286.1770687335817,320.4291,606.6062,463.5177,0.0833,0.9145,0.7912,824,27.41,285.931574760557,320.8255,606.7566,463.7911,0.0083,0.8798,0.9076,824,27.41,286.73193079331423,320.0322,606.7642,463.3982,0.075,0.8725,0.7641,824,27.41,286.54437182897254,320.3644,606.9049,463.6346,0.0083,0.8576,0.8688,824,27.41,286.17078197712783,320.4359,606.6062,463.5211,0.075,0.971,0.7912,824,27.41
286.1792943344675,320.4283,606.6076,463.518,0.0833,0.9043,0.7933,825,27.443333333333335,285.99657588643186,320.7613,606.7579,463.7596,0.0083,0.9047,0.9077,825,27.443333333333335,286.93628615424655,320.0319,606.9682,463.5001,0.0583,0.8716,0.7564,825,27.443333333333335,286.57599778649126,320.3641,606.9355,463.6498,0.0083,0.8562,0.8826,825,27.443333333333335,286.17292864317903,320.4351,606.6076,463.5214,0.075,0.9644,0.7933,825,27.443333333333335
286.1516524909066,320.4077,606.5594,463.4836,0.0917,1.0021,0.7033,826,27.48166666666667,285.6573862144679,321.0601,606.7104,463.8852,0.0,1.0741,0.9097,826,27.48166666666667,286.84939304198315,320.028,606.8758,463.4519,0.05,0.918,0.8573,826,27.48166666666667,286.014353436211,320.71,606.7183,463.7142,0.0,1.1244,1.0383,826,27.48166666666667,286.1524256258877,320.4071,606.5594,463.4832,0.1,1.0065,0.7033,826,27.48166666666667
286.16231348492136,320.3955,606.5578,463.4766,0.1,0.8029,0.6922,827,27.51,285.6534784846383,321.0623,606.7089,463.8856,0.0,1.061,0.9032,827,27.51,286.84636108117115,320.0296,606.8745,463.4521,0.05,0.9212,0.8523,827,27.51,286.0115511634923,320.7114,606.717,463.7142,0.0,1.1193,1.0347,827,27.51,286.1481193959819,320.4098,606.5578,463.4838,0.1,0.9712,0.6922,827,27.51
286.1675286260719,320.3898,606.5574,463.4736,0.1,0.7502,0.6966,828,27.543333333333337,285.66044890840936,321.0567,606.7103,463.8835,0.0,1.0721,0.8854,828,27.543333333333337,286.8445666020773,320.0299,606.8731,463.4515,0.05,0.9093,0.8627,828,27.543333333333337,286.0101993247747,320.7114,606.7156,463.7135,0.0,1.1228,1.0312,828,27.543333333333337,286.1536666708705,320.4039,606.5574,463.4807,0.1,0.9459,0.6966,828,27.543333333333337
286.1508028018184,320.4074,606.558,463.4827,0.0917,0.9924,0.6985,829,27.576666666666668,285.6569821951704,321.0595,606.7095,463.8845,0.0,1.0861,0.9055,829,27.576666666666668,286.84407148594534,320.0314,606.874,463.4527,0.05,0.9192,0.8524,829,27.576666666666668,286.00928667648725,320.7131,606.7165,463.7148,0.0,1.1087,1.0353,829,27.576666666666668,286.1516112739424,320.4067,606.558,463.4824,0.1,0.9956,0.6985,829,27.576666666666668
286.1508907979273,320.4072,606.5581,463.4826,0.0917,1.0019,0.6903,830,27.610000000000003,285.6571836566271,321.0595,606.7097,463.8846,0.0,1.0869,0.9031,830,27.610000000000003,286.8443283716574,320.031,606.8739,463.4525,0.05,0.9183,0.8521,830,27.610000000000003,286.00951795879854,320.7128,606.7164,463.7146,0.0,1.1093,1.0353,830,27.610000000000003,286.1514767269096,320.4067,606.5581,463.4824,0.1,0.9943,0.6903,830,27.610000000000003
286.14915344052537,320.4088,606.5578,463.4833,0.0917,1.0116,0.7082,831,27.643333333333334,285.6550810771313,321.0608,606.709,463.8849,0.0,1.0939,0.9021,831,27.643333333333334,286.84383157092566,320.0316,606.8741,463.4528,0.05,0.9188,0.8519,831,27.643333333333334,286.009077489845,320.7133,606.7165,463.7149,0.0,1.1094,1.0349,831,27.643333333333334,286.1498907900601,320.4082,606.5578,463.483,0.1,1.0132,0.7082,831,27.643333333333334
286.1488007872466,320.4093,606.5581,463.4837,0.0917,1.0158,0.7102,832,27.67666666666667,285.6553165744639,321.0611,606.7095,463.8853,0.0,1.0852,0.8971,832,27.67666666666667,286.8443794951468,320.0318,606.8747,463.4533,0.05,0.9141,0.8513,832,27.67666666666667,286.00977899501055,320.7131,606.7171,463.7151,0.0,1.1184,1.0382,832,27.67666666666667,286.1493512087744,320.4088,606.5581,463.4835,0.1,1.024,0.7102,832,27.67666666666667
286.15308863300345,320.4058,606.5588,463.4823,0.0917,1.0224,0.721,833,27.71,285.6588702407155,321.0582,606.7101,463.8842,0.0,1.0884,0.9046,833,27.71,286.8462016232681,320.0297,606.8745,463.4521,0.05,0.9104,0.8516,833,27.71,286.01144187811116,320.7115,606.717,463.7142,0.0,1.1302,1.0327,833,27.71,286.15383011511324,320.405,606.5588,463.4819,0.1,1.0432,0.721,833,27.71
286.1496528572799,320.409,606.5587,463.4839,0.0917,1.0019,0.7165,834,27.743333333333336,285.6558159819885,321.0611,606.71,463.8856,0.0,1.0859,0.901,834,27.743333333333336,286.84611972492627,320.0295,606.8742,463.4519,0.05,0.9101,0.8519,834,27.743333333333336,286.0113439590492,320.7113,606.7167,463.714,0.0,1.1305,1.024,834,27.743333333333336,286.1502175277486,320.4085,606.5587,463.4836,0.1,1.0014,0.7165,834,27.743333333333336
286.1499505175159,320.4086,606.5585,463.4835,0.0917,1.0103,0.7166,835,27.776666666666667,285.65608419876116,321.0607,606.7098,463.8853,0.0,1.0862,0.9032,835,27.776666666666667,286.8442298788571,320.0314,606.8742,463.4528,0.05,0.9067,0.8519,835,27.776666666666667,286.0095578600542,320.7132,606.7167,463.7149,0.0,1.1255,1.024,835,27.776666666666667,286.15051491398276,320.408,606.5585,463.4832,0.1,1.0192,0.7166,835,27.776666666666667
286.07504992282134,320.4573,606.5323,463.4948,0.0833,0.9339,0.6101,836,27.813333333333336,285.79779338220953,320.9202,606.7053,463.8127,0.0,1.0852,0.724,836,27.813333333333336,286.8952094197353,320.0167,606.9092,463.4629,0.0667,0.9145,0.724,836,27.813333333333336,286.26366783796277,320.5202,606.7709,463.6455,0.0,1.3159,0.8829,836,27.813333333333336,286.063933244885,320.4684,606.5323,463.5003,0.1083,1.0067,0.6101,836,27.813333333333336
286.0691673239561,320.4599,606.529,463.4945,0.0833,0.9051,0.6251,837,27.845000000000002,285.79089718102864,320.9231,606.7012,463.8121,0.0,1.0135,0.7455,837,27.845000000000002,286.8837289808497,320.0204,606.9015,463.4609,0.0667,0.8976,0.7341,837,27.845000000000002,286.2509820200852,320.5238,606.7622,463.643,0.0,1.2679,0.8838,837,27.845000000000002,286.0576995284242,320.4713,606.529,463.5002,0.1083,0.9685,0.6251,837,27.845000000000002
286.07024768346866,320.4591,606.5293,463.4942,0.0833,0.9262,0.6179,838,27.87666666666667,285.7918343768885,320.9223,606.7013,463.8118,0.0,1.0127,0.7458,838,27.87666666666667,286.8698030411634,320.0344,606.9015,463.468,0.0583,0.9118,0.7342,838,27.87666666666667,286.25158986497956,320.5233,606.7623,463.6428,0.0,1.2685,0.8837,838,27.87666666666667,286.0585207622562,320.4708,606.5293,463.5,0.1083,0.9792,0.6179,838,27.87666666666667
286.0701158809991,320.4597,606.5298,463.4948,0.0833,0.9314,0.6248,839,27.91,285.7920215007278,320.9227,606.7017,463.8122,0.0,1.0136,0.7424,839,27.91,286.87005525458926,320.0347,606.9021,463.4684,0.0583,0.9113,0.7327,839,27.91,286.2516470201941,320.5233,606.7624,463.6429,0.0,1.2683,0.893,839,27.91,286.0587772028366,320.4711,606.5298,463.5005,0.1083,0.974,0.6248,839,27.91
286.0696068774804,320.4612,606.5308,463.496,0.0833,0.9294,0.621,840,27.94666666666667,285.7920065629615,320.9234,606.7028,463.8131,0.0,1.0306,0.7504,840,27.94666666666667,286.8720900548899,320.0346,606.9041,463.4694,0.0583,0.9131,0.7286,840,27.94666666666667,286.2538038977631,320.5228,606.7641,463.6434,0.0,1.2679,0.8956,840,27.94666666666667,286.05888438159207,320.4719,606.5308,463.5014,0.1083,1.0053,0.621,840,27.94666666666667
286.0906877789122,320.4605,606.5512,463.5058,0.0833,0.9495,0.6294,841,27.97666666666667,285.81206685895745,320.9231,606.7206,463.8219,0.0,1.1447,0.7718,841,27.97666666666667,286.8824342870953,320.0274,606.9072,463.4673,0.0583,0.949,0.7418,841,27.97666666666667,286.2671491486473,320.5158,606.7702,463.643,0.0,1.2635,0.8538,841,27.97666666666667,286.07825013391994,320.4729,606.5512,463.512,0.1083,1.067,0.6294,841,27.97666666666667
286.08850355174314,320.4618,606.5503,463.5061,0.0833,0.9483,0.6317,842,28.01,285.80974916505846,320.9244,606.7196,463.822,0.0,1.1498,0.7714,842,28.01,286.88124838183626,320.0279,606.9066,463.4672,0.0583,0.9469,0.7414,842,28.01,286.26621937963625,320.5164,606.7698,463.6431,0.0,1.2915,0.8577,842,28.01,286.0758716222662,320.4745,606.5503,463.5124,0.1083,1.0673,0.6317,842,28.01
286.0894061690183,320.4613,606.5507,463.506,0.0833,0.9695,0.6335,843,28.048333333333336,285.8107232738963,320.9238,606.72,463.8219,0.0,1.1497,0.7771,843,28.048333333333336,286.8816410884739,320.0278,606.9068,463.4673,0.0583,0.9466,0.742,843,28.048333333333336,286.2666378338113,320.5163,606.7701,463.6432,0.0,1.296,0.8581,843,28.048333333333336,286.0762430095187,320.4744,606.5507,463.5126,0.1083,1.0531,0.6335,843,28.048333333333336
286.0899863340112,320.4609,606.5509,463.5059,0.0833,0.9686,0.6335,844,28.076666666666668,285.81131183681407,320.9235,606.7202,463.8218,0.0,1.1497,0.7733,844,28.076666666666668,286.88218294412627,320.0276,606.9072,463.4674,0.0583,0.9475,0.7417,844,28.076666666666668,286.2669635426935,320.5161,606.7702,463.6432,0.0,1.2961,0.8584,844,28.076666666666668,286.0768178310009,320.4741,606.5509,463.5125,0.1083,1.053,0.6335,844,28.076666666666668
286.08993759701366,320.4608,606.5507,463.5057,0.0833,0.9449,0.6353,845,28.110000000000003,285.8112365277203,320.9235,606.72,463.8218,0.0,1.1442,0.7771,845,28.110000000000003,286.88218613477704,320.0281,606.9077,463.4679,0.0583,0.9489,0.7423,845,28.110000000000003,286.2669393055543,320.5166,606.7707,463.6436,0.0,1.2983,0.8594,845,28.110000000000003,286.07732057530734,320.4734,606.5507,463.5121,0.1083,1.0527,0.6353,845,28.110000000000003
286.35819084485297,320.3656,606.72,463.5428,0.0667,0.7408,0.8295,846,28.153333333333336,285.58864797990975,320.9796,606.5683,463.774,0.0,0.8075,0.8461,846,28.153333333333336,286.93093794863137,319.9799,606.9082,463.4441,0.05,0.7668,0.8889,846,28.153333333333336,286.1797531442089,320.5695,606.7493,463.6594,0.0,0.821,0.8891,846,28.153333333333336,286.28198142615383,320.4176,606.6995,463.5585,0.0583,1.0081,0.7914,846,28.153333333333336
286.3569110039509,320.3657,606.7188,463.5422,0.0667,0.7411,0.8238,847,28.17666666666667,285.58700707317917,320.9802,606.5672,463.7737,0.0,0.8088,0.8551,847,28.17666666666667,286.9306090885008,319.9791,606.9073,463.4432,0.05,0.7751,0.8954,847,28.17666666666667,286.1794055161747,320.5688,606.7482,463.6585,0.0,0.8248,0.8852,847,28.17666666666667,286.28054248727324,320.4182,606.6985,463.5583,0.0583,1.022,0.822,847,28.17666666666667
286.35638286199685,320.3664,606.7191,463.5428,0.0667,0.7359,0.8297,848,28.21,285.5869356641982,320.9805,606.5674,463.7739,0.0,0.8036,0.8555,848,28.21,286.9298062133289,319.9799,606.9073,463.4436,0.05,0.7643,0.8954,848,28.21,286.1787187375531,320.5695,606.7482,463.6588,0.0,0.8279,0.8852,848,28.21,286.28030238831843,320.4185,606.6987,463.5586,0.0583,1.0151,0.8213,848,28.21
286.35348202532305,320.3702,606.72,463.5451,0.0667,0.7646,0.8322,849,28.255000000000003,285.58366186947046,320.9843,606.568,463.7762,0.0,0.8273,0.8245,849,28.255000000000003,286.9111245912993,320.0006,606.9093,463.455,0.0417,0.8332,0.8943,849,28.255000000000003,286.1748863607203,320.5756,606.7505,463.663,0.0,0.8585,0.8907,849,28.255000000000003,286.27681853554185,320.4222,606.6988,463.5605,0.0583,1.0083,0.8238,849,28.255000000000003
286.3534336779226,320.368,606.7178,463.5429,0.0667,0.7349,0.8229,850,28.276666666666667,285.5842833420562,320.9818,606.5661,463.7739,0.0,0.7997,0.8514,850,28.276666666666667,286.91549285202973,319.9936,606.9067,463.4502,0.0417,0.883,0.8983,850,28.276666666666667,286.1785671204408,320.569,606.7476,463.6583,0.0,0.874,0.8855,850,28.276666666666667,286.2775955321456,320.42,606.6975,463.5588,0.0583,1.0211,0.8175,850,28.276666666666667
286.35237068966285,320.3691,606.7176,463.5434,0.0667,0.7291,0.8235,851,28.310000000000002,285.58341120789544,320.9826,606.566,463.7743,0.0,0.7977,0.8535,851,28.310000000000002,286.91483677662774,319.9941,606.9065,463.4503,0.0417,0.8836,0.8981,851,28.310000000000002,286.17792232701805,320.5695,606.7474,463.6584,0.0,0.8739,0.8853,851,28.310000000000002,286.27612203698664,320.421,606.6971,463.559,0.0583,1.0194,0.8224,851,28.310000000000002
286.34784116391984,320.3739,606.718,463.546,0.0667,0.7211,0.8211,852,28.35166666666667,285.5787622646094,320.9876,606.5664,463.777,0.0,0.7456,0.851,852,28.35166666666667,286.91713356883406,319.9922,606.907,463.4496,0.0417,0.8841,0.8985,852,28.35166666666667,286.18010001132495,320.5677,606.7478,463.6577,0.0,0.8619,0.8857,852,28.35166666666667,286.27127595773726,320.4266,606.6978,463.5622,0.0583,1.0004,0.8238,852,28.35166666666667
286.31133220675406,320.4106,606.7181,463.5644,0.075,0.6684,0.8238,853,28.37666666666667,285.58089267247794,320.9857,606.5665,463.7761,0.0,0.7609,0.8516,853,28.37666666666667,286.9152027097206,319.9943,606.9071,463.4507,0.0417,0.8821,0.8935,853,28.37666666666667,286.1784169010922,320.5696,606.748,463.6588,0.0,0.8641,0.8851,853,28.37666666666667,286.27357271528774,320.4243,606.6979,463.5611,0.0583,0.9879,0.8205,853,28.37666666666667
286.3488570073732,320.3711,606.7162,463.5437,0.0667,0.7371,0.8209,854,28.41,285.5794929800304,320.985,606.5644,463.7747,0.0,0.7988,0.8569,854,28.41,286.9128947088451,319.9957,606.9062,463.4509,0.0417,0.8711,0.8938,854,28.41,286.17632096004826,320.5709,606.7472,463.6591,0.0,0.8602,0.8853,854,28.41,286.2724851877797,320.4236,606.696,463.5598,0.0583,1.0262,0.8245,854,28.41
286.32687087585487,320.3927,606.7158,463.5542,0.0583,0.7087,0.8232,855,28.443333333333335,285.5761934529228,320.9878,606.564,463.7759,0.0,0.7938,0.8539,855,28.443333333333335,286.91233255948606,319.996,606.9059,463.4509,0.0417,0.8709,0.8934,855,28.443333333333335,286.17581058146266,320.5712,606.747,463.6591,0.0,0.8628,0.885,855,28.443333333333335,286.2687889819895,320.4268,606.6956,463.5612,0.0583,0.9829,0.8258,855,28.443333333333335
286.32437873283953,320.4014,606.722,463.5617,0.0583,0.7437,0.8219,856,28.48,285.7378744452715,320.8404,606.5701,463.7052,0.0083,1.0937,0.9014,856,28.48,286.92418897422135,319.96,606.8829,463.4215,0.0583,0.6964,0.9404,856,28.48,286.30265436175017,320.4313,606.7251,463.5782,0.0,1.0746,0.9029,856,28.48,286.18179330578073,320.3907,606.572,463.4814,0.0917,0.7737,0.7391,856,28.48
286.32284034066845,320.4035,606.7225,463.563,0.0583,0.7204,0.8346,857,28.51,285.73671151472075,320.8423,606.5708,463.7066,0.0083,1.1043,0.8921,857,28.51,286.9228111963564,319.9622,606.8836,463.4229,0.0583,0.6812,0.9312,857,28.51,286.30170384800175,320.4331,606.7261,463.5796,0.0,1.0877,0.8955,857,28.51,286.1818617279797,320.3928,606.5742,463.4835,0.0917,0.7532,0.7417,857,28.51
286.3029226986946,320.42,606.722,463.571,0.05,0.9259,0.8357,858,28.543333333333337,285.73566581123737,320.8444,606.5715,463.7079,0.0083,1.0767,0.8877,858,28.543333333333337,286.8777759010004,320.0053,606.8818,463.4436,0.0667,0.7495,0.9313,858,28.543333333333337,286.29595282054674,320.437,606.725,463.581,0.0,1.0666,0.8984,858,28.543333333333337,286.1641407031081,320.4099,606.574,463.492,0.0833,0.9259,0.7445,858,28.543333333333337
286.3025324029386,320.4208,606.7225,463.5716,0.05,0.8959,0.8415,859,28.576666666666668,285.73556685237804,320.845,606.5721,463.7085,0.0083,1.1053,0.8739,859,28.576666666666668,286.8764805691826,320.0064,606.8815,463.4439,0.0667,0.7509,0.9299,859,28.576666666666668,286.2948190540227,320.4378,606.7248,463.5813,0.0,1.063,0.8969,859,28.576666666666668,286.1640309630802,320.4104,606.5744,463.4924,0.0833,0.951,0.7497,859,28.576666666666668
286.30564346013256,320.4183,606.7232,463.5708,0.05,0.9144,0.8379,860,28.610000000000003,285.7384099415135,320.8427,606.5727,463.7077,0.0083,1.0481,0.8717,860,28.610000000000003,286.8779392259273,320.0053,606.8819,463.4436,0.0667,0.7486,0.9313,860,28.610000000000003,286.29610679215637,320.437,606.7251,463.581,0.0,1.058,0.8967,860,28.610000000000003,286.1830138793364,320.3927,606.5753,463.484,0.0917,0.7653,0.7472,860,28.610000000000003
286.3124043742335,320.4114,606.7234,463.5674,0.05,0.8629,0.8332,861,28.643333333333334,285.7451725832712,320.8357,606.5728,463.7042,0.0083,1.0699,0.8667,861,28.643333333333334,286.8795938779616,320.0043,606.8827,463.4435,0.0667,0.7451,0.893,861,28.643333333333334,286.2973845797055,320.4364,606.7258,463.5811,0.0,1.0446,0.8548,861,28.643333333333334,286.1898913400149,320.3861,606.5757,463.4809,0.0917,0.6413,0.7437,861,28.643333333333334
286.308037774221,320.4168,606.7241,463.5705,0.05,0.8921,0.8374,862,28.67666666666667,285.7408011169522,320.8412,606.5736,463.7074,0.0083,1.07,0.8639,862,28.67666666666667,286.88111587441983,320.0034,606.8833,463.4433,0.0667,0.7356,0.8931,862,28.67666666666667,286.2980674359492,320.4365,606.7263,463.5814,0.0,1.0328,0.8618,862,28.67666666666667,286.18558942263496,320.3912,606.5764,463.4838,0.0917,0.7537,0.7478,862,28.67666666666667
286.32633428822226,320.4021,606.7246,463.5633,0.0583,0.7148,0.8362,863,28.71,285.74136921372167,320.8412,606.5741,463.7076,0.0083,1.092,0.8742,863,28.71,286.88067603852505,320.0037,606.8831,463.4434,0.0667,0.7358,0.8927,863,28.71,286.2992847456541,320.4354,606.7262,463.5808,0.0,1.0642,0.8647,863,28.71,286.186180195924,320.3909,606.5767,463.4838,0.0917,0.7658,0.7426,863,28.71
286.3082656477045,320.4165,606.724,463.5703,0.05,0.8863,0.8353,864,28.743333333333336,285.74074044321225,320.8411,606.5734,463.7073,0.0083,1.073,0.874,864,28.743333333333336,286.88235339998926,320.0021,606.8833,463.4427,0.0667,0.7336,0.8932,864,28.743333333333336,286.3007319742628,320.4341,606.7263,463.5802,0.0,1.0678,0.8645,864,28.743333333333336,286.18547748652793,320.3911,606.5763,463.4837,0.0917,0.7654,0.7472,864,28.743333333333336
286.36711399129877,320.4045,606.7677,463.5861,0.0667,0.7244,0.7908,865,28.776666666666667,285.7394493625941,320.8437,606.5746,463.7091,0.0083,1.0959,0.8721,865,28.776666666666667,286.9089095939823,320.0066,606.9133,463.46,0.0667,0.7498,0.8798,865,28.776666666666667,286.3286561553814,320.4368,606.7573,463.597,0.0,1.0651,0.8991,865,28.776666666666667,286.1844888645649,320.3936,606.5777,463.4856,0.0917,0.7628,0.7511,865,28.776666666666667
286.14792520303854,320.414,606.5619,463.4879,0.0833,0.9744,0.6904,866,28.813333333333336,285.81438479450446,320.8921,606.6943,463.7932,0.0,1.2381,0.8151,866,28.813333333333336,286.8163293387421,319.9385,606.7548,463.3466,0.0917,0.7703,0.7514,866,28.813333333333336,286.1291184993771,320.4752,606.5977,463.5364,0.0,1.1216,0.8825,866,28.813333333333336,286.15380136301695,320.4245,606.5783,463.5014,0.075,1.1038,0.7319,866,28.813333333333336
286.14889354878943,320.4136,606.5625,463.488,0.0833,0.9749,0.6872,867,28.843333333333334,285.8152978951244,320.8917,606.6948,463.7933,0.0,1.2313,0.8155,867,28.843333333333334,286.81719801388607,319.9384,606.7556,463.347,0.0917,0.7696,0.7518,867,28.843333333333334,286.1300274488442,320.4751,606.5984,463.5367,0.0,1.1211,0.8907,867,28.843333333333334,286.15477104071374,320.4241,606.5789,463.5015,0.075,1.0987,0.7324,867,28.843333333333334
286.14680436158653,320.414,606.5608,463.4874,0.0833,0.9489,0.6942,868,28.87666666666667,285.81320189186243,320.8922,606.6933,463.7927,0.0,1.2314,0.8119,868,28.87666666666667,286.8150394465175,319.9388,606.7538,463.3463,0.0917,0.7635,0.7515,868,28.87666666666667,286.1281816141808,320.4753,606.5969,463.5361,0.0,1.1186,0.8801,868,28.87666666666667,286.15264560537656,320.4247,606.5773,463.501,0.075,1.109,0.7278,868,28.87666666666667
286.07280884214913,320.4887,606.5616,463.5251,0.075,1.0853,0.7056,869,28.91,285.7579026299353,320.9532,606.6944,463.8238,0.0,1.3125,0.7994,869,28.91,286.8248389242955,319.9301,606.7549,463.3425,0.0917,0.8046,0.7381,869,28.91,286.1405259269578,320.4646,606.5985,463.5316,0.0,1.1275,0.9061,869,28.91,286.0907548897218,320.4878,606.5786,463.5332,0.075,1.092,0.7335,869,28.91
286.02915940662217,320.5317,606.5609,463.5463,0.075,1.0597,0.6399,870,28.943333333333335,285.71212723086285,320.9969,606.6917,463.8443,0.0,1.3022,0.8091,870,28.943333333333335,286.80188476177455,319.9522,606.7541,463.3532,0.0833,0.8182,0.7766,870,28.943333333333335,286.13048696847886,320.4706,606.5946,463.5326,0.0,1.0796,0.897,870,28.943333333333335,286.01195649252196,320.5489,606.5609,463.5549,0.0917,1.0219,0.6399,870,28.943333333333335
286.0563141868107,320.5048,606.5611,463.533,0.075,1.1153,0.6366,871,28.97666666666667,285.739345519252,320.9692,606.6919,463.8305,0.0,1.3875,0.8068,871,28.97666666666667,286.8177197661181,319.9369,606.7546,463.3457,0.0917,0.8432,0.7759,871,28.97666666666667,286.13150435845705,320.4703,606.5952,463.5328,0.0,1.1011,0.8976,871,28.97666666666667,286.039604022404,320.5215,606.5611,463.5413,0.0917,1.073,0.6366,871,28.97666666666667
286.05672362935815,320.5041,606.5608,463.5324,0.075,1.1313,0.6439,872,29.01,285.7397402805481,320.9685,606.6916,463.8301,0.0,1.38,0.7977,872,29.01,286.81716369422486,319.9372,606.7543,463.3458,0.0917,0.8436,0.7719,872,29.01,286.131136083764,320.4706,606.5952,463.5329,0.0,1.093,0.8977,872,29.01,286.040023504523,320.5208,606.5608,463.5408,0.0917,1.0656,0.6439,872,29.01
286.0554931532463,320.5055,606.5609,463.5332,0.075,1.1257,0.6409,873,29.043333333333337,285.73844983894196,320.9699,606.6917,463.8308,0.0,1.3711,0.8004,873,29.043333333333337,286.81836850325675,319.9358,606.7541,463.345,0.0917,0.843,0.7764,873,29.043333333333337,286.1323346688589,320.4692,606.595,463.5321,0.0,1.0995,0.8977,873,29.043333333333337,286.0387695966622,320.5222,606.5609,463.5416,0.0917,1.0595,0.6409,873,29.043333333333337
286.0286393090556,320.5324,606.561,463.5467,0.075,1.0432,0.6403,874,29.076666666666668,285.71208458115655,320.9966,606.6914,463.844,0.0,1.2949,0.8008,874,29.076666666666668,286.8194261584058,319.935,606.7545,463.3447,0.0917,0.8412,0.7765,874,29.076666666666668,286.13310927729225,320.4685,606.595,463.5318,0.0,1.0987,0.8969,874,29.076666666666668,286.0102108660046,320.5508,606.561,463.5559,0.0917,1.01,0.6403,874,29.076666666666668
286.0289490994135,320.5326,606.5616,463.5471,0.075,1.0568,0.6399,875,29.110000000000003,285.71236087249883,320.9968,606.6919,463.8443,0.0,1.2875,0.801,875,29.110000000000003,286.8192618831306,319.935,606.7542,463.3446,0.0917,0.8414,0.7759,875,29.110000000000003,286.1329679813979,320.4684,606.5948,463.5316,0.0,1.0987,0.8973,875,29.110000000000003,286.0105968962428,320.551,606.5616,463.5563,0.0917,1.0142,0.6399,875,29.110000000000003
286.18322408263896,320.4801,606.6633,463.5717,0.0583,1.0368,0.823,876,29.148333333333333,285.8441022252816,320.9306,606.7615,463.846,0.0,1.4487,0.8784,876,29.148333333333333,286.67372725693747,320.0921,606.7658,463.4289,0.1,0.7529,0.7687,876,29.148333333333333,286.4505643528571,320.5052,606.937,463.7211,0.0,1.2007,0.8248,876,29.148333333333333,286.2001569648624,320.4641,606.6633,463.5637,0.075,1.0493,0.823,876,29.148333333333333
286.1837381749168,320.4802,606.664,463.5721,0.0583,1.03,0.8157,877,29.17666666666667,285.8446328672012,320.931,606.7623,463.8467,0.0,1.4224,0.8738,877,29.17666666666667,286.67268994025926,320.093,606.7657,463.4293,0.1,0.7434,0.7698,877,29.17666666666667,286.44966366193194,320.506,606.9369,463.7215,0.0,1.1957,0.8248,877,29.17666666666667,286.20117310205086,320.4636,606.664,463.5638,0.075,1.0461,0.8157,877,29.17666666666667
286.1777501620222,320.4825,606.6602,463.5713,0.0583,1.0609,0.829,878,29.21,285.84533872435776,320.9326,606.7646,463.8486,0.0,1.4475,0.8742,878,29.21,286.7711294421798,319.9941,606.7653,463.3797,0.1,0.7016,0.7625,878,29.21,286.4536313976571,320.5023,606.9376,463.7199,0.0,1.1867,0.823,878,29.21,286.19479584436795,320.4665,606.6602,463.5633,0.075,1.0562,0.829,878,29.21
286.184941676318,320.4761,606.6611,463.5686,0.0583,1.0661,0.8142,879,29.243333333333336,285.84657564836175,320.9269,606.7601,463.8435,0.0,1.4488,0.879,879,29.243333333333336,286.741281854368,320.0259,606.7672,463.3965,0.0833,0.8323,0.7698,879,29.243333333333336,286.4517984057766,320.5052,606.9383,463.7218,0.0,1.2009,0.8337,879,29.243333333333336,286.2014003842196,320.4604,606.6611,463.5607,0.075,1.0597,0.8142,879,29.243333333333336
286.18637800111986,320.4767,606.663,463.5698,0.0583,1.0396,0.816,880,29.278333333333336,285.84789197482974,320.9274,606.7619,463.8446,0.0,1.4088,0.875,880,29.278333333333336,286.6750549887996,320.0921,606.7672,463.4297,0.1,0.7474,0.7661,880,29.278333333333336,286.45186996266847,320.5052,606.9383,463.7217,0.0,1.2042,0.8282,880,29.278333333333336,286.203448785688,320.4604,606.663,463.5617,0.075,1.0602,0.816,880,29.278333333333336
286.18132465697033,320.48,606.6613,463.5706,0.0583,1.035,0.8181,881,29.310000000000002,285.8428169690276,320.9306,606.7603,463.8454,0.0,1.4117,0.8773,881,29.310000000000002,286.70782428196156,320.0595,606.7674,463.4135,0.0917,0.7957,0.7672,881,29.310000000000002,286.45055259176047,320.5066,606.9385,463.7225,0.0,1.1962,0.8346,881,29.310000000000002,286.19843656746184,320.4639,606.6613,463.5626,0.075,1.044,0.8181,881,29.310000000000002
286.18343896948784,320.4796,606.663,463.5713,0.0583,1.0339,0.8198,882,29.343333333333334,285.8454498498439,320.9303,606.7623,463.8463,0.0,1.4179,0.8748,882,29.343333333333334,286.6750288677516,320.0909,606.7659,463.4284,0.1,0.7481,0.7608,882,29.343333333333334,286.45181716432484,320.5041,606.9372,463.7206,0.0,1.198,0.8259,882,29.343333333333334,286.201181784524,320.4628,606.663,463.5629,0.075,1.0417,0.8198,882,29.343333333333334
286.1713741530509,320.4836,606.6549,463.5692,0.0667,1.0673,0.8217,883,29.380000000000003,285.77955305495436,320.9916,606.7531,463.8724,0.0,1.5141,0.8708,883,29.380000000000003,286.8960241864404,320.0579,606.9511,463.5045,0.0667,0.7944,0.8257,883,29.380000000000003,286.4489203987208,320.5052,606.9356,463.7204,0.0,1.1884,0.834,883,29.380000000000003,286.1277136379041,320.5272,606.6549,463.5911,0.075,1.0699,0.8217,883,29.380000000000003
286.2500380349951,320.4825,606.7325,463.6075,0.0583,1.0656,0.861,884,29.41,285.78512598929024,320.9907,606.7578,463.8742,0.0,1.5292,0.8687,884,29.41,286.79334262078777,320.0909,606.8843,463.4876,0.0833,0.7279,0.7774,884,29.41,286.4503436664142,320.5043,606.936,463.7202,0.0,1.1976,0.834,884,29.41,286.13208583564733,320.5268,606.6589,463.5929,0.075,1.0426,0.825,884,29.41
286.24998659392423,320.4824,606.7324,463.6074,0.0583,1.0682,0.8605,885,29.443333333333335,285.78530229663295,320.9905,606.7576,463.8741,0.0,1.5163,0.8671,885,29.443333333333335,286.82704077228186,320.0572,606.8842,463.4707,0.075,0.7942,0.7774,885,29.443333333333335,286.45002321694227,320.5045,606.936,463.7203,0.0,1.1934,0.8342,885,29.443333333333335,286.1325106595124,320.5263,606.6588,463.5926,0.075,1.0828,0.8255,885,29.443333333333335
286.24812021684556,320.4701,606.7167,463.5934,0.0583,0.8389,0.8564,886,29.485000000000003,285.6961382503998,320.9355,606.6265,463.781,0.0,1.2545,0.9072,886,29.485000000000003,286.9020269249918,320.0545,606.9543,463.5044,0.0583,0.8963,0.8008,886,29.485000000000003,286.2828276822357,320.5219,606.7933,463.6576,0.0,1.3336,0.8702,886,29.485000000000003,286.29802133295306,320.4674,606.7654,463.6164,0.0667,0.8585,0.8633,886,29.485000000000003
286.2475909225366,320.4721,606.7179,463.595,0.0583,0.8523,0.847,887,29.51,285.6978625044528,320.9358,606.6282,463.782,0.0,1.2885,0.9118,887,29.51,286.8883364138502,320.0688,606.9548,463.5118,0.05,0.8992,0.7941,887,29.51,286.2931785544157,320.5132,606.7949,463.654,0.0,1.2842,0.8556,887,29.51,286.3931058565809,320.4697,606.8603,463.665,0.1,0.8823,0.7174,887,29.51
286.3123054396371,320.4729,606.7821,463.6275,0.05,0.8486,0.8335,888,29.543333333333337,285.69643872205893,320.9369,606.6279,463.7824,0.0,1.2889,0.9145,888,29.543333333333337,286.88697992894186,320.0693,606.9541,463.5117,0.05,0.901,0.794,888,29.543333333333337,286.2920250854528,320.5134,606.794,463.6537,0.0,1.2767,0.8545,888,29.543333333333337,286.3920897796969,320.4706,606.8599,463.6652,0.1,0.8824,0.7173,888,29.543333333333337
286.2464711667951,320.4738,606.7185,463.5962,0.0583,0.85,0.8491,889,29.585,285.69667858154145,320.9378,606.6288,463.7833,0.0,1.2881,0.9158,889,29.585,286.88922791502057,320.068,606.9549,463.5115,0.05,0.9011,0.7941,889,29.585,286.2937849582394,320.5126,606.7949,463.6538,0.0,1.2845,0.8563,889,29.585,286.39211761664876,320.4715,606.8609,463.6662,0.1,0.8788,0.7535,889,29.585
286.31076746671886,320.4749,606.7829,463.6289,0.05,0.8444,0.8365,890,29.610000000000003,285.695331897581,320.9385,606.6285,463.7835,0.0,1.264,0.9163,890,29.610000000000003,286.8872920344648,320.0703,606.9553,463.5128,0.05,0.8922,0.7971,890,29.610000000000003,286.2919013393364,320.5149,606.7953,463.6551,0.0,1.2788,0.8561,890,29.610000000000003,286.3908152817126,320.4726,606.8609,463.6667,0.1,0.8698,0.7623,890,29.610000000000003
286.310243951849,320.476,606.7834,463.6297,0.05,0.8561,0.8367,891,29.643333333333334,285.6947418366038,320.9397,606.629,463.7844,0.0,1.2635,0.9169,891,29.643333333333334,286.88793378769395,320.0702,606.9558,463.513,0.05,0.8974,0.7941,891,29.643333333333334,286.2925749281518,320.5147,606.7958,463.6553,0.0,1.2836,0.856,891,29.643333333333334,286.39000655692143,320.4738,606.8611,463.6674,0.1,0.8502,0.755,891,29.643333333333334
286.3113412129873,320.4755,606.784,463.6297,0.05,0.8538,0.8366,892,29.686666666666667,285.69661779701687,320.9386,606.6296,463.7841,0.0,1.266,0.9166,892,29.686666666666667,286.88889335554205,320.0696,606.9562,463.5129,0.05,0.8907,0.7941,892,29.686666666666667,286.29369313460006,320.514,606.7962,463.6551,0.0,1.2712,0.8558,892,29.686666666666667,286.3911814188433,320.4732,606.8618,463.6675,0.1,0.8532,0.7346,892,29.686666666666667
286.262975363578,320.458,606.7192,463.5886,0.0583,0.8339,0.8504,893,29.71,285.71245843816826,320.9236,606.6293,463.7765,0.0,1.2457,0.9171,893,29.71,286.88848145300176,320.0699,606.9561,463.513,0.05,0.8963,0.7941,893,29.71,286.29323433743076,320.5143,606.7961,463.6552,0.0,1.2705,0.8559,893,29.71,286.4089183265826,320.4558,606.8616,463.6587,0.1,0.8219,0.735,893,29.71
286.26458745398196,320.4564,606.7192,463.5878,0.0583,0.8294,0.8499,894,29.743333333333336,285.71392266586565,320.9224,606.6294,463.7759,0.0,1.2459,0.9134,894,29.743333333333336,286.9227164933692,320.0356,606.956,463.4958,0.0417,0.8665,0.7941,894,29.743333333333336,286.2916388736397,320.5158,606.796,463.6559,0.0,1.276,0.8559,894,29.743333333333336,286.410544888643,320.4542,606.8616,463.6579,0.1,0.8053,0.7358,894,29.743333333333336
286.3325817171154,320.4558,606.784,463.6199,0.05,0.8263,0.8324,895,29.785,285.71398706839705,320.9223,606.6296,463.776,0.0,1.2421,0.914,895,29.785,286.9240324985988,320.0348,606.9566,463.4957,0.0417,0.8671,0.7941,895,29.785,286.29290778423376,320.515,606.7965,463.6558,0.0,1.2768,0.8556,895,29.785,286.41144088463636,320.4536,606.8618,463.6577,0.1,0.7915,0.7358,895,29.785
286.4786234968071,320.4112,606.8871,463.6491,0.0667,0.9083,0.7646,896,29.813333333333336,285.7768553057971,320.8792,606.649,463.7641,0.0,1.3171,0.9102,896,29.813333333333336,287.1416210335059,320.0022,607.1354,463.5688,0.0833,0.854,0.6907,896,29.813333333333336,286.3651341371325,320.4701,606.8232,463.6466,0.0,1.3042,0.9279,896,29.813333333333336,286.3994067780243,320.4086,606.808,463.6083,0.0833,0.9137,0.7986,896,29.813333333333336
286.4797428376427,320.4101,606.8871,463.6486,0.0667,0.9018,0.7633,897,29.843333333333334,285.777980249744,320.8782,606.6491,463.7637,0.0,1.3054,0.9135,897,29.843333333333334,287.14168173229416,320.0011,607.1344,463.5678,0.0833,0.8305,0.6917,897,29.843333333333334,286.3652245146827,320.4693,606.8224,463.6458,0.0,1.292,0.9279,897,29.843333333333334,286.3998870974897,320.4075,606.8074,463.6074,0.0833,0.9133,0.7996,897,29.843333333333334
286.4622772731327,320.4227,606.8809,463.6518,0.075,0.8709,0.7082,898,29.87666666666667,285.76460120186493,320.8914,606.6485,463.77,0.0,1.3024,0.9133,898,29.87666666666667,287.1406481773811,320.0022,607.1345,463.5683,0.0833,0.8635,0.6905,898,29.87666666666667,286.3628286034135,320.4709,606.8215,463.6462,0.0,1.3453,0.9276,898,29.87666666666667,286.38867107032047,320.4204,606.809,463.6147,0.0833,0.9005,0.7599,898,29.87666666666667
286.39861539278434,320.4101,606.8087,463.6094,0.075,0.8302,0.8051,899,29.910000000000004,285.93863954041103,320.8777,606.8027,463.8402,0.0,1.2483,0.8068,899,29.910000000000004,287.14299720072927,320.0044,607.139,463.5717,0.0833,0.9365,0.7023,899,29.910000000000004,286.3683672707309,320.4697,606.8258,463.6477,0.0,1.2193,0.9191,899,29.910000000000004,286.39754763820207,320.4072,606.8034,463.6053,0.0917,0.8316,0.7578,899,29.910000000000004
286.3968523239863,320.4112,606.8081,463.6097,0.075,0.8281,0.8061,900,29.943333333333335,285.9370579641185,320.8788,606.8022,463.8405,0.0,1.2475,0.8107,900,29.943333333333335,287.14251826068056,320.0043,607.1384,463.5714,0.0833,0.9366,0.7029,900,29.943333333333335,286.36795771770574,320.4696,606.8253,463.6474,0.0,1.2193,0.9191,900,29.943333333333335,286.395624674433,320.4085,606.8028,463.6056,0.0917,0.8292,0.7583,900,29.943333333333335
286.39687851880194,320.4108,606.8077,463.6093,0.075,0.8237,0.8039,901,29.97666666666667,285.9368958310407,320.8787,606.8019,463.8403,0.0,1.2405,0.8017,901,29.97666666666667,287.1427001739028,320.0041,607.1383,463.5712,0.0833,0.935,0.703,901,29.97666666666667,286.3681100880128,320.4694,606.8252,463.6473,0.0,1.2209,0.9191,901,29.97666666666667,286.395652661746,320.4081,606.8025,463.6053,0.0917,0.8193,0.7654,901,29.97666666666667
286.3982518649883,320.4097,606.808,463.6089,0.075,0.8183,0.8078,902,30.01,285.93831187827504,320.8776,606.8022,463.8399,0.0,1.2852,0.8063,902,30.01,287.14243757388977,320.0043,607.1383,463.5713,0.0833,0.9366,0.703,902,30.01,286.367882318572,320.4696,606.8252,463.6474,0.0,1.2193,0.9191,902,30.01,286.3970103456254,320.407,606.8027,463.6049,0.0917,0.82,0.7593,902,30.01
286.39779817686383,320.41,606.8078,463.6089,0.075,0.8182,0.8054,903,30.043333333333337,285.937466135578,320.8782,606.8021,463.8401,0.0,1.2772,0.8011,903,30.043333333333337,287.1434087902735,320.0034,607.1383,463.5708,0.0833,0.9333,0.703,903,30.043333333333337,286.3687653967537,320.4688,606.8252,463.647,0.0,1.2228,0.9191,903,30.043333333333337,286.39655529261915,320.4073,606.8026,463.6049,0.0917,0.8187,0.7671,903,30.043333333333337
286.3986080057374,320.4096,606.8082,463.6089,0.075,0.826,0.8052,904,30.076666666666668,285.93835206057133,320.8778,606.8024,463.8401,0.0,1.2771,0.8059,904,30.076666666666668,287.1432471630661,320.0039,607.1386,463.5713,0.0833,0.9366,0.7022,904,30.076666666666668,286.36864335023733,320.4691,606.8255,463.6473,0.0,1.2194,0.9191,904,30.076666666666668,286.3973748995398,320.4069,606.803,463.6049,0.0917,0.8253,0.761,904,30.076666666666668
286.39873008496545,320.4096,606.8083,463.609,0.075,0.822,0.8051,905,30.110000000000003,285.9382904420643,320.8779,606.8025,463.8402,0.0,1.2776,0.7975,905,30.110000000000003,287.14348420181113,320.0036,607.1386,463.5711,0.0833,0.935,0.7022,905,30.110000000000003,286.3688448451942,320.469,606.8255,463.6472,0.0,1.221,0.9191,905,30.110000000000003,286.39752599893444,320.4069,606.8032,463.605,0.0917,0.8203,0.7613,905,30.110000000000003
286.17270040589415,320.4333,606.606,463.5197,0.0833,0.9644,0.803,906,30.14666666666667,285.9344659056925,320.902,606.8165,463.8593,0.0083,1.2402,0.8335,906,30.14666666666667,286.7641408256369,320.0197,606.7839,463.4018,0.0917,0.9714,0.7509,906,30.14666666666667,286.31016101883995,320.5158,606.8109,463.6633,0.0083,1.2123,0.8791,906,30.14666666666667,286.2046472790132,320.4021,606.606,463.5041,0.0917,0.8453,0.803,906,30.14666666666667
286.1750000447171,320.4337,606.6087,463.5212,0.0833,1.0067,0.8014,907,30.17666666666667,285.9363800871617,320.9021,606.8186,463.8604,0.0083,1.2377,0.8533,907,30.17666666666667,287.06891206118746,320.0222,607.0866,463.5544,0.0833,0.9697,0.7725,907,30.17666666666667,286.3109545092518,320.5183,606.8142,463.6662,0.0083,1.2078,0.893,907,30.17666666666667,286.20702634365244,320.4024,606.6087,463.5055,0.0917,0.8514,0.8014,907,30.17666666666667
286.1754515486426,320.4312,606.6067,463.5189,0.0833,1.0039,0.7815,908,30.21,285.9361442708691,320.8989,606.8156,463.8572,0.0083,1.2522,0.8194,908,30.21,286.7636202690334,320.0228,606.7865,463.4047,0.0917,0.9511,0.7717,908,30.21,286.3089951421972,320.5186,606.8126,463.6656,0.0083,1.1909,0.8751,908,30.21,286.2072831458603,320.3997,606.6067,463.5032,0.0917,0.8488,0.7815,908,30.21
286.1755405240669,320.4302,606.6057,463.5179,0.0833,1.0131,0.7818,909,30.243333333333336,285.93672576441594,320.8977,606.815,463.8563,0.0083,1.2666,0.8184,909,30.243333333333336,286.7639916186731,320.0222,606.7862,463.4042,0.0917,0.9414,0.7716,909,30.243333333333336,286.30952082446885,320.5178,606.8124,463.6651,0.0083,1.2181,0.8629,909,30.243333333333336,286.2073731973248,320.3986,606.6057,463.5021,0.0917,0.8165,0.7818,909,30.243333333333336
286.1740292665461,320.4309,606.6049,463.5179,0.0833,1.0073,0.7792,910,30.276666666666667,285.93507113730266,320.8987,606.8143,463.8565,0.0083,1.2676,0.8249,910,30.276666666666667,286.76474237760755,320.0216,606.7863,463.4039,0.0917,0.9424,0.7729,910,30.276666666666667,286.30982907902285,320.5176,606.8124,463.665,0.0083,1.217,0.8596,910,30.276666666666667,286.2060277318916,320.3992,606.6049,463.502,0.0917,0.8294,0.7792,910,30.276666666666667
286.1771547555502,320.4296,606.6067,463.5182,0.0833,0.974,0.7785,911,30.310000000000002,285.9387800597603,320.8969,606.8163,463.8566,0.0083,1.2775,0.8494,911,30.310000000000002,286.76849573734694,320.0196,606.7881,463.4038,0.0917,0.9569,0.7697,911,30.310000000000002,286.31368759240684,320.5154,606.8142,463.6648,0.0083,1.2187,0.8581,911,30.310000000000002,286.20889841378454,320.398,606.6067,463.5024,0.0917,0.8304,0.7785,911,30.310000000000002
286.17891922089666,320.429,606.6079,463.5184,0.0833,0.9761,0.7804,912,30.343333333333334,285.9402453890076,320.8964,606.8172,463.8568,0.0083,1.2674,0.8319,912,30.343333333333334,286.7684071687806,320.0199,606.7883,463.4041,0.0917,0.9433,0.7688,912,30.343333333333334,286.31391937101665,320.5157,606.8146,463.6652,0.0083,1.2173,0.8604,912,30.343333333333334,286.2109175358652,320.3972,606.6079,463.5025,0.0917,0.8532,0.7804,912,30.343333333333334
286.1789967945978,320.4263,606.6053,463.5158,0.0833,0.9766,0.7909,913,30.37666666666667,285.9402589187855,320.8938,606.8146,463.8542,0.0083,1.2784,0.8189,913,30.37666666666667,286.7676593938995,320.0195,606.7871,463.4033,0.0917,0.9439,0.7718,913,30.37666666666667,286.31303329270634,320.5151,606.8132,463.6642,0.0083,1.2177,0.8631,913,30.37666666666667,286.21086265181634,320.3947,606.6053,463.5,0.0917,0.8468,0.7909,913,30.37666666666667
286.17866643585745,320.4277,606.6063,463.517,0.0833,0.9771,0.802,914,30.410000000000004,285.93991333718986,320.8952,606.8156,463.8554,0.0083,1.2676,0.8192,914,30.410000000000004,286.7682755202103,320.0195,606.7878,463.4037,0.0917,0.9438,0.8126,914,30.410000000000004,286.3134999582089,320.5153,606.8139,463.6646,0.0083,1.2176,0.8629,914,30.410000000000004,286.2106713224813,320.3959,606.6063,463.5011,0.0917,0.8493,0.802,914,30.410000000000004
286.18035156585233,320.4263,606.6067,463.5165,0.0833,0.9928,0.8023,915,30.443333333333335,285.9413012655417,320.8942,606.8159,463.855,0.0083,1.2813,0.8198,915,30.443333333333335,286.7682379292362,320.0202,606.7884,463.4043,0.0917,0.9422,0.8134,915,30.443333333333335,286.3134960248358,320.5158,606.8144,463.6651,0.0083,1.2181,0.8627,915,30.443333333333335,286.2122200224424,320.3948,606.6067,463.5008,0.0917,0.8604,0.8023,915,30.443333333333335
286.3473297919992,320.4618,606.8083,463.635,0.05,1.0111,0.7512,916,30.478333333333335,285.70670205959516,320.9119,606.6112,463.7615,0.0,1.268,0.8489,916,30.478333333333335,286.95293870455873,319.9825,606.9321,463.4573,0.0583,0.8646,0.8123,916,30.478333333333335,286.29460446204484,320.4908,606.775,463.6329,0.0,1.3381,0.9868,916,30.478333333333335,286.1406780916415,320.4605,606.6012,463.5309,0.0917,1.0656,0.6232,916,30.478333333333335
286.3513479654282,320.4609,606.8111,463.636,0.05,1.0569,0.7333,917,30.51,285.710264164829,320.9112,606.6139,463.7626,0.0,1.2702,0.8793,917,30.51,286.9546282506905,319.9836,606.9349,463.4592,0.0583,0.8635,0.8049,917,30.51,286.2962859482881,320.4918,606.7778,463.6348,0.0,1.3389,0.9744,917,30.51,286.1445994975885,320.4597,606.6043,463.532,0.0917,1.0757,0.6214,917,30.51
286.34895414930236,320.4627,606.8107,463.6367,0.05,1.0329,0.7426,918,30.543333333333337,285.7081591267561,320.9128,606.6135,463.7632,0.0,1.2699,0.874,918,30.543333333333337,286.954250376897,319.9838,606.9348,463.4593,0.0583,0.8653,0.805,918,30.543333333333337,286.295954686745,320.492,606.7776,463.6348,0.0,1.3381,0.9742,918,30.543333333333337,286.1423989633552,320.4615,606.6039,463.5327,0.0917,1.0776,0.6231,918,30.543333333333337
286.3182287263574,320.4494,606.764,463.6067,0.05,0.8487,0.8006,919,30.576666666666668,285.7074687164384,320.9117,606.6123,463.762,0.0,1.223,0.8813,919,30.576666666666668,286.95450381036125,319.9835,606.9348,463.4591,0.0583,0.8621,0.8219,919,30.576666666666668,286.2972804380252,320.4902,606.7774,463.6338,0.0,1.28,0.9463,919,30.576666666666668,286.1406175901495,320.4613,606.602,463.5317,0.0917,1.0448,0.6412,919,30.576666666666668
286.34307006652637,320.4703,606.8123,463.6413,0.05,1.0351,0.747,920,30.610000000000003,285.7024395135146,320.9201,606.6151,463.7676,0.0,1.18,0.8734,920,30.610000000000003,286.9548567401368,319.984,606.9356,463.4598,0.0583,0.8141,0.8189,920,30.610000000000003,286.2965736347759,320.4921,606.7784,463.6352,0.0,1.3442,0.9869,920,30.610000000000003,286.1363829517977,320.4692,606.6055,463.5374,0.0917,1.0783,0.6211,920,30.610000000000003
286.3408169036411,320.4703,606.8099,463.6401,0.05,1.0476,0.7299,921,30.643333333333334,285.7001208916763,320.9202,606.6127,463.7664,0.0,1.1875,0.8817,921,30.643333333333334,286.95262120975156,319.9836,606.9329,463.4582,0.0583,0.8143,0.7951,921,30.643333333333334,286.2943620577463,320.4917,606.7758,463.6337,0.0,1.3443,0.9847,921,30.643333333333334,286.13382891000253,320.4691,606.6029,463.536,0.0917,1.0748,0.5645,921,30.643333333333334
286.3447072736073,320.4668,606.8104,463.6386,0.05,1.0357,0.7298,922,30.67666666666667,285.70408958923093,320.9166,606.6132,463.7649,0.0,1.1873,0.8859,922,30.67666666666667,286.9530099821282,319.9836,606.9333,463.4584,0.0583,0.8162,0.7937,922,30.67666666666667,286.29479856511216,320.4916,606.7762,463.6339,0.0,1.3439,0.9754,922,30.67666666666667,286.1380135105287,320.4655,606.6036,463.5346,0.0917,1.0786,0.5592,922,30.67666666666667
286.34697747005924,320.4634,606.8092,463.6363,0.05,1.0307,0.7325,923,30.71166666666667,285.7063291060777,320.9134,606.6121,463.7628,0.0,1.2885,0.8759,923,30.71166666666667,286.9511551511414,319.985,606.9328,463.4589,0.0583,0.8754,0.794,923,30.71166666666667,286.2932097722477,320.4927,606.7757,463.6342,0.0,1.3434,0.9727,923,30.71166666666667,286.1404313769957,320.462,606.6024,463.5322,0.0917,1.0686,0.5627,923,30.71166666666667
286.33760660709714,320.4722,606.8084,463.6403,0.05,1.0341,0.7327,924,30.743333333333336,285.69699478298287,320.9223,606.6115,463.7669,0.0,1.2159,0.878,924,30.743333333333336,286.94965571109714,319.9855,606.9319,463.4587,0.0583,0.8324,0.7923,924,30.743333333333336,286.29220722048024,320.4933,606.7754,463.6343,0.0,1.3425,0.9856,924,30.743333333333336,286.1313458188881,320.4709,606.6023,463.5366,0.0917,1.0534,0.5658,924,30.743333333333336
286.33630004044744,320.4737,606.8085,463.6411,0.05,1.0406,0.7291,925,30.776666666666667,285.69565597185954,320.9238,606.6117,463.7678,0.0,1.2176,0.8752,925,30.776666666666667,286.9488819649729,319.9867,606.9323,463.4595,0.0583,0.8308,0.7921,925,30.776666666666667,286.291457250051,320.4945,606.7757,463.6351,0.0,1.3428,0.9858,925,30.776666666666667,286.12957562510553,320.4727,606.6023,463.5375,0.0917,1.0497,0.5662,925,30.776666666666667
286.13604216935556,320.428,606.5623,463.4951,0.0833,0.9804,0.6937,926,30.815,285.8345671232835,320.8791,606.703,463.791,0.0,1.0805,0.7294,926,30.815,286.81698962473644,320.0185,606.8355,463.427,0.0333,0.9511,0.7725,926,30.815,286.2195710753416,320.4994,606.7094,463.6044,0.0,1.1485,0.808,926,30.815,286.14022968948444,320.4243,606.5623,463.4933,0.0917,0.9978,0.6937,926,30.815
286.1407310359104,320.4233,606.5622,463.4927,0.0833,0.963,0.6924,927,30.843333333333334,285.8397333392929,320.8744,606.7035,463.789,0.0,1.0752,0.7404,927,30.843333333333334,286.8204275087014,320.0163,606.8368,463.4265,0.0333,0.9861,0.7728,927,30.843333333333334,286.22277362948194,320.4972,606.7104,463.6038,0.0,1.1486,0.8292,927,30.843333333333334,286.14494162027916,320.4196,606.5622,463.4909,0.0917,0.9631,0.6924,927,30.843333333333334
286.2969389157215,320.4314,606.7283,463.5799,0.05,0.9603,0.7307,928,30.87666666666667,285.6642709506401,320.8816,606.5417,463.7117,0.0,1.0147,0.8257,928,30.87666666666667,286.8172907438791,320.0166,606.8339,463.4252,0.0333,0.9607,0.7572,928,30.87666666666667,286.2220359544194,320.4954,606.7084,463.6019,0.0,1.1562,0.8287,928,30.87666666666667,286.1353837480415,320.4279,606.561,463.4945,0.0917,0.9523,0.7002,928,30.87666666666667
286.2991072773975,320.4288,606.7279,463.5784,0.05,0.9565,0.7307,929,30.916666666666668,285.6658119873342,320.8795,606.5411,463.7103,0.0,1.0175,0.8273,929,30.916666666666668,286.81794651187624,320.0162,606.8342,463.4252,0.0333,0.9769,0.7571,929,30.916666666666668,286.22234424147945,320.4951,606.7085,463.6018,0.0,1.1566,0.8297,929,30.916666666666668,286.1373419811779,320.4254,606.5606,463.493,0.0917,0.9517,0.6986,929,30.916666666666668
286.2972965684542,320.4309,606.7282,463.5796,0.05,0.9569,0.729,930,30.943333333333335,285.66391913826203,320.8818,606.5415,463.7117,0.0,1.0029,0.8274,930,30.943333333333335,286.81680419997133,320.0176,606.8344,463.426,0.0333,0.977,0.7572,930,30.943333333333335,286.22125824220035,320.4965,606.7087,463.6026,0.0,1.1342,0.8294,930,30.943333333333335,286.1354823961331,320.4274,606.5609,463.4942,0.0917,0.9477,0.6985,930,30.943333333333335
286.25822068484763,320.4301,606.6883,463.5592,0.0417,0.9567,0.8039,931,30.97666666666667,285.6649453830843,320.881,606.5416,463.7113,0.0,1.0135,0.8282,931,30.97666666666667,286.81735651201325,320.0172,606.8346,463.4259,0.0333,0.977,0.7572,931,30.97666666666667,286.2217896661814,320.4961,606.7088,463.6025,0.0,1.1512,0.8294,931,30.97666666666667,286.13655302158185,320.4265,606.5611,463.4938,0.0917,0.9464,0.6942,931,30.97666666666667
286.26089796695084,320.428,606.6889,463.5585,0.0417,0.9703,0.8036,932,31.026666666666667,285.667804692646,320.8788,606.5423,463.7105,0.0,1.0196,0.8273,932,31.026666666666667,286.8170560797885,320.0179,606.8349,463.4264,0.0333,0.9762,0.7572,932,31.026666666666667,286.2216150168615,320.4965,606.7092,463.6028,0.0,1.1549,0.829,932,31.026666666666667,286.13879872122175,320.4245,606.5612,463.4928,0.0917,0.9603,0.6898,932,31.026666666666667
286.2615008774845,320.4275,606.689,463.5582,0.0417,0.9698,0.8035,933,31.043333333333337,285.66834250769136,320.8783,606.5424,463.7103,0.0,1.0197,0.8272,933,31.043333333333337,286.8171021889617,320.0178,606.8349,463.4263,0.0333,0.9762,0.7572,933,31.043333333333337,286.2216504177284,320.4964,606.7092,463.6028,0.0,1.1549,0.8289,933,31.043333333333337,286.1393597787801,320.424,606.5613,463.4926,0.0917,0.9572,0.6899,933,31.043333333333337
286.2605249413808,320.4279,606.6884,463.5581,0.0417,0.934,0.8033,934,31.076666666666668,285.6674028739196,320.8788,606.5418,463.7103,0.0,1.0202,0.8211,934,31.076666666666668,286.8171922024799,320.018,606.8352,463.4266,0.0333,0.9761,0.7572,934,31.076666666666668,286.2217435114369,320.4966,606.7095,463.603,0.0,1.155,0.8286,934,31.076666666666668,286.1385386068446,320.4244,606.5609,463.4926,0.0917,0.9521,0.685,934,31.076666666666668
286.2594126122528,320.429,606.6884,463.5587,0.0417,0.9202,0.8033,935,31.12,285.66617004476655,320.88,606.5418,463.7109,0.0,1.0209,0.821,935,31.12,286.8163418670201,320.0188,606.8352,463.427,0.0333,0.9647,0.7572,935,31.12,286.2209228849986,320.4974,606.7095,463.6034,0.0,1.1589,0.8286,935,31.12,286.1374232985437,320.4254,606.5609,463.4932,0.0917,0.928,0.6851,935,31.12
286.2983000684753,320.4215,606.7192,463.5704,0.0667,0.7098,0.8027,936,31.14666666666667,285.79702573846396,320.7482,606.545,463.6466,0.0,0.9944,0.889,936,31.14666666666667,286.9093050881185,320.0162,606.9252,463.4707,0.0667,0.7502,0.8262,936,31.14666666666667,286.4424239129406,320.3029,606.737,463.5199,0.0,1.012,1.0514,936,31.14666666666667,286.3462715334479,320.4183,606.7646,463.5915,0.075,0.7423,0.8295,936,31.14666666666667
286.29325548719623,320.4287,606.7217,463.5752,0.0667,0.7474,0.8073,937,31.17666666666667,285.7933042236693,320.7547,606.5477,463.6512,0.0,0.9824,0.8811,937,31.17666666666667,286.90912687543744,320.021,606.9301,463.4755,0.0667,0.758,0.83,937,31.17666666666667,286.4441850892259,320.3057,606.7417,463.5237,0.0,1.0098,1.03,937,31.17666666666667,286.31092972641443,320.4557,606.7666,463.6111,0.075,0.7771,0.8602,937,31.17666666666667
286.2946686442919,320.4271,606.7215,463.5743,0.0667,0.7624,0.8057,938,31.220000000000002,285.79369554784614,320.7543,606.5476,463.6509,0.0,0.9812,0.8868,938,31.220000000000002,286.90904411049337,320.0209,606.9299,463.4754,0.0667,0.7579,0.83,938,31.220000000000002,286.4441211176962,320.3056,606.7415,463.5236,0.0,1.0097,1.0293,938,31.220000000000002,286.2941679301067,320.4724,606.7664,463.6194,0.0667,0.8682,0.8606,938,31.220000000000002
286.2869842579214,320.4346,606.7214,463.578,0.0667,0.7168,0.7979,939,31.243333333333336,285.7867807263199,320.7608,606.5476,463.6542,0.0,0.9794,0.8808,939,31.243333333333336,286.9043987636742,320.0256,606.93,463.4778,0.0667,0.7346,0.8305,939,31.243333333333336,286.4399651173851,320.3097,606.7417,463.5257,0.0,1.0071,1.0185,939,31.243333333333336,286.3040830187767,320.4625,606.7666,463.6145,0.075,0.8252,0.8496,939,31.243333333333336
286.2886825194669,320.4331,606.7215,463.5773,0.0667,0.6821,0.7993,940,31.276666666666667,285.7882323323171,320.7593,606.5475,463.6534,0.0,0.9833,0.8882,940,31.276666666666667,286.90684530819414,320.0225,606.9294,463.476,0.0667,0.7375,0.8241,940,31.276666666666667,286.4421578084936,320.3068,606.741,463.5239,0.0,1.0021,1.0159,940,31.276666666666667,286.306068846834,320.4609,606.7669,463.6139,0.075,0.7882,0.85,940,31.276666666666667
286.2879411307959,320.4336,606.7212,463.5774,0.0667,0.7349,0.8069,941,31.310000000000002,285.78754448073465,320.7599,606.5474,463.6536,0.0,0.9936,0.8816,941,31.310000000000002,286.90825002216275,320.0219,606.9301,463.476,0.0667,0.7484,0.8248,941,31.310000000000002,286.4436247308671,320.3061,606.7418,463.5239,0.0,1.0069,1.0225,941,31.310000000000002,286.33361090664334,320.4334,606.767,463.6002,0.0833,0.7674,0.844,941,31.310000000000002
286.28621825273285,320.4365,606.7223,463.5794,0.0667,0.7333,0.796,942,31.343333333333334,285.8003179343459,320.7627,606.563,463.6628,0.0,0.9924,0.8767,942,31.343333333333334,286.90871853430997,320.0234,606.932,463.4777,0.0667,0.7485,0.811,942,31.343333333333334,286.45954678673775,320.3076,606.7592,463.5334,0.0,1.0073,1.0332,942,31.343333333333334,286.2383424588121,320.4644,606.7027,463.5836,0.0833,0.8123,0.7796,942,31.343333333333334
286.2842747212367,320.4366,606.7206,463.5786,0.0667,0.7342,0.8005,943,31.37666666666667,285.7983377844617,320.7628,606.5611,463.6619,0.0,0.9926,0.88,943,31.37666666666667,286.9069057233244,320.024,606.9308,463.4774,0.0667,0.7484,0.8147,943,31.37666666666667,286.4575387149428,320.3082,606.7578,463.533,0.0,1.0075,1.0343,943,31.37666666666667,286.26454185192677,320.4364,606.7009,463.5687,0.0917,0.7609,0.7718,943,31.37666666666667
286.2875064431392,320.4343,606.7215,463.5779,0.0667,0.7242,0.8099,944,31.410000000000004,285.80132170935997,320.7606,606.5619,463.6613,0.0,0.9763,0.8881,944,31.410000000000004,286.9065242177551,320.0253,606.9317,463.4785,0.0667,0.7487,0.816,944,31.410000000000004,286.4571609061218,320.3093,606.7585,463.5339,0.0,1.0075,1.0347,944,31.410000000000004,286.26794504608586,320.4339,606.7019,463.5679,0.0917,0.7614,0.78,944,31.410000000000004
286.2866908284099,320.4351,606.7215,463.5783,0.0667,0.7447,0.8131,945,31.443333333333335,285.79197743704503,320.7614,606.5534,463.6574,0.0,1.0139,0.89,945,31.443333333333335,286.9049467046075,320.0267,606.9316,463.4792,0.0667,0.748,0.8161,945,31.443333333333335,286.4460023196386,320.3107,606.7488,463.5298,0.0,0.9994,1.0389,945,31.443333333333335,286.33659868646265,320.4347,606.7713,463.603,0.0833,0.7724,0.862,945,31.443333333333335
286.2146160365954,320.4706,606.6818,463.5762,0.075,0.9473,0.8451,946,31.478333333333335,285.6162240961537,321.1512,606.7574,463.9543,0.0,1.109,0.8414,946,31.478333333333335,286.8976269930497,319.9826,606.8782,463.4304,0.0833,0.9513,0.8137,946,31.478333333333335,286.29975751527235,320.6848,606.9705,463.8277,0.0,1.1312,0.882,946,31.478333333333335,286.12437105517995,320.4881,606.6122,463.5502,0.0917,0.9896,0.807,946,31.478333333333335
286.151348021294,320.4743,606.6251,463.5497,0.0833,0.9389,0.8108,947,31.51,285.61268436576677,321.155,606.7577,463.9564,0.0,1.0235,0.8307,947,31.51,286.8949463731799,319.9849,606.8779,463.4314,0.0833,0.9525,0.8093,947,31.51,286.2971857995423,320.687,606.9702,463.8286,0.0,1.1275,0.8508,947,31.51,286.12074310339585,320.4923,606.6127,463.5525,0.0917,1.0135,0.7962,947,31.51
286.1503833439375,320.4738,606.6237,463.5488,0.0833,0.9398,0.8062,948,31.543333333333337,285.61092220380726,321.1551,606.7561,463.9556,0.0,1.0208,0.845,948,31.543333333333337,286.83765500621735,319.9854,606.823,463.4042,0.0917,0.948,0.7674,948,31.543333333333337,286.29343547942074,320.6877,606.9674,463.8276,0.0,1.1023,0.8561,948,31.543333333333337,286.14087500238077,320.4733,606.6114,463.5424,0.1,0.9008,0.8126,948,31.543333333333337
286.2047774649002,320.48,606.6813,463.5807,0.075,0.9353,0.8328,949,31.576666666666668,285.60577898822555,321.161,606.7566,463.9588,0.0,1.0957,0.8314,949,31.576666666666668,286.89073496424396,319.9878,606.8765,463.4321,0.0833,0.9925,0.8199,949,31.576666666666668,286.2925593533196,320.6897,606.9687,463.8292,0.0,1.1075,0.8713,949,31.576666666666668,286.1352147945995,320.4797,606.612,463.5458,0.1,0.9457,0.8011,949,31.576666666666668
286.206137615299,320.4786,606.6813,463.58,0.075,0.9579,0.833,950,31.610000000000003,285.60302396824676,321.1598,606.7527,463.9563,0.0,1.0965,0.8297,950,31.610000000000003,287.0016483115302,319.9869,606.9845,463.4857,0.05,0.9908,0.8706,950,31.610000000000003,286.1504990027729,320.6889,606.8313,463.7601,0.0,1.1095,0.9218,950,31.610000000000003,286.1365574072436,320.4783,606.6119,463.5451,0.1,0.9685,0.7951,950,31.610000000000003
286.2095725944343,320.4752,606.6813,463.5783,0.075,0.9525,0.8357,951,31.643333333333334,285.6065442573449,321.1563,606.7528,463.9545,0.0,1.0821,0.8326,951,31.643333333333334,287.00274595445075,319.9857,606.9844,463.4851,0.05,0.9929,0.8685,951,31.643333333333334,286.1518791683127,320.6874,606.8312,463.7593,0.0,1.1105,0.9197,951,31.643333333333334,286.14006953177227,320.4749,606.6119,463.5434,0.1,0.9329,0.7952,951,31.643333333333334
286.14592934276084,320.4788,606.6241,463.5515,0.0833,0.9332,0.811,952,31.67666666666667,285.60395108095173,321.1593,606.7533,463.9563,0.0,1.0611,0.83,952,31.67666666666667,287.0038447707133,319.9839,606.9837,463.4838,0.05,0.9699,0.8656,952,31.67666666666667,286.1531569795193,320.6855,606.8304,463.758,0.0,1.1163,0.9087,952,31.67666666666667,286.13612218915694,320.4786,606.6117,463.5452,0.1,0.9362,0.7969,952,31.67666666666667
286.1483125735935,320.4767,606.6243,463.5505,0.0833,0.9092,0.8111,953,31.71,285.6030224409411,321.1584,606.7513,463.9549,0.0,1.0651,0.831,953,31.71,287.00532513025905,319.9825,606.9838,463.4832,0.05,0.962,0.8703,953,31.71,286.15385199669043,320.6849,606.8305,463.7577,0.0,1.0844,0.9102,953,31.71,286.1385324828317,320.4764,606.6119,463.5442,0.1,0.9351,0.7921,953,31.71
286.1454113559645,320.4783,606.623,463.5507,0.0833,0.9117,0.8108,954,31.743333333333336,285.60152409074817,321.1596,606.751,463.9553,0.0,1.0591,0.8304,954,31.743333333333336,287.0042950787588,319.9828,606.983,463.4829,0.05,0.9469,0.8664,954,31.743333333333336,286.15281416760047,320.6851,606.8296,463.7574,0.0,1.0772,0.9104,954,31.743333333333336,286.13570155841444,320.4779,606.6106,463.5443,0.1,0.9247,0.7961,954,31.743333333333336
286.1454136780991,320.4778,606.6227,463.5503,0.0833,0.9592,0.8107,955,31.776666666666667,285.60049764006646,321.1593,606.7498,463.9545,0.0,1.0707,0.8382,955,31.776666666666667,287.0041014850807,319.9831,606.9831,463.4831,0.05,0.9468,0.8706,955,31.776666666666667,286.15264088351057,320.6854,606.8298,463.7576,0.0,1.0771,0.9106,955,31.776666666666667,286.13570674908834,320.4775,606.6102,463.5439,0.1,0.9245,0.793,955,31.776666666666667
286.14658827156563,320.4962,606.6395,463.5678,0.0833,0.7474,0.8208,956,31.813333333333336,285.8418455737395,320.9515,606.7761,463.8638,0.0,1.0633,0.9004,956,31.813333333333336,286.76985138854195,320.1153,606.8821,463.4987,0.1,0.84,0.7776,956,31.813333333333336,286.5277233272985,320.5104,607.016,463.7632,0.0,1.1475,0.8684,956,31.813333333333336,286.1395396123935,320.5032,606.6395,463.5714,0.1,0.774,0.8208,956,31.813333333333336
286.15249045711835,320.4967,606.6462,463.5715,0.0833,0.7037,0.8245,957,31.843333333333334,285.8487011111546,320.9506,606.7824,463.8665,0.0,1.0075,0.9079,957,31.843333333333334,287.09935866376907,320.0285,607.1205,463.5745,0.0917,0.7692,0.6854,957,31.843333333333334,286.2853261617396,320.5066,606.7791,463.6428,0.0,1.0719,0.878,957,31.843333333333334,286.12976364904273,320.5194,606.6462,463.5828,0.0917,0.8137,0.8245,957,31.843333333333334
286.57991160422705,320.4723,607.0494,463.7608,0.0833,0.6335,0.8006,958,31.87666666666667,286.1877526977795,320.9487,607.1235,464.0361,0.0,1.0058,0.9629,958,31.87666666666667,287.2736509182231,320.0296,607.3026,463.6661,0.075,0.7709,0.822,958,31.87666666666667,286.87604854566416,320.5068,607.3686,463.9377,0.0,1.0691,0.985,958,31.87666666666667,286.53364899938595,320.5033,607.036,463.7697,0.1,0.7314,0.7586,958,31.87666666666667
286.01532130158694,322.0963,608.1117,465.104,0.0833,0.5978,0.8761,959,31.910000000000004,285.68579374680985,322.3784,608.0642,465.2213,0.0083,0.7276,0.8988,959,31.910000000000004,286.7297834903685,321.5936,608.3234,464.9585,0.0583,0.8382,0.8965,959,31.910000000000004,286.53111269962204,321.9049,608.4335,465.1692,0.0083,0.8334,0.9114,959,31.910000000000004,285.9770374562137,322.1125,608.0895,465.101,0.0833,0.9243,0.7465,959,31.910000000000004
285.9422373893294,321.725,607.6646,464.6948,0.075,0.4986,0.7725,960,31.943333333333335,285.4606132830935,322.1707,607.6219,464.8963,0.0083,0.9324,0.8918,960,31.943333333333335,286.58691408693664,321.2854,607.8723,464.5788,0.075,0.7792,0.7715,960,31.943333333333335,286.2970404736507,321.7212,607.9961,464.8586,0.0083,1.131,0.8228,960,31.943333333333335,285.9667008479846,321.7217,607.6781,464.6999,0.1167,0.5047,0.66,960,31.943333333333335
285.879766999322,321.0811,606.9609,464.021,0.1167,0.5144,0.7253,961,31.97666666666667,285.7044531562308,321.3997,607.1041,464.2519,0.0,0.7982,0.8653,961,31.97666666666667,286.45964468989246,320.642,607.1017,463.8719,0.0833,0.6977,0.7858,961,31.97666666666667,286.4866985356315,320.9319,607.4138,464.1729,0.0,0.815,0.8929,961,31.97666666666667,285.9391564422977,321.0218,606.9609,463.9913,0.1,0.6156,0.7253,961,31.97666666666667
286.00052994152725,320.7929,606.7911,463.792,0.1167,0.5027,0.6979,962,32.010000000000005,285.82752150110207,321.1428,606.9676,464.0552,0.0,0.6986,0.8961,962,32.010000000000005,286.85015942671544,320.26,607.105,463.6825,0.0667,0.8474,0.7989,962,32.010000000000005,286.2318892826961,320.6846,606.9161,463.8004,0.0,0.8091,0.865,962,32.010000000000005,286.00052994152725,320.7929,606.7911,463.792,0.1167,0.5027,0.6979,962,32.010000000000005
286.10790131594723,320.6863,606.792,463.7392,0.125,0.3897,0.7024,963,32.04333333333334,285.90714713506804,321.0071,606.9125,463.9598,0.0,0.6994,0.859,963,32.04333333333334,286.96956574194604,320.1911,607.1572,463.6741,0.05,0.7576,0.7944,963,32.04333333333334,286.33290063544604,320.5903,606.9226,463.7564,0.0,0.9167,0.8477,963,32.04333333333334,286.1848466884243,320.6094,606.792,463.7007,0.1083,0.4738,0.7024,963,32.04333333333334
286.2605669779356,320.5241,606.7806,463.6524,0.0917,0.6674,0.7264,964,32.07666666666667,285.96044971850205,320.9358,606.895,463.9154,0.0,0.8617,0.8946,964,32.07666666666667,286.944324260196,320.1997,607.1429,463.6713,0.05,0.894,0.8638,964,32.07666666666667,286.54802601669576,320.5305,607.0732,463.8019,0.0,0.9495,0.8516,964,32.07666666666667,286.2873351412561,320.4973,606.7806,463.639,0.1,0.6776,0.7264,964,32.07666666666667
286.2742326835573,320.5055,606.7753,463.6404,0.1083,0.5987,0.7603,965,32.11,285.96476953698686,320.9104,606.8744,463.8924,0.0,0.7615,0.8581,965,32.11,287.007599630657,320.0976,607.1028,463.6002,0.075,0.6758,0.7852,965,32.11,286.52674353692544,320.509,607.0322,463.7706,0.0,0.898,0.8632,965,32.11,286.2742326835573,320.5055,606.7753,463.6404,0.1083,0.5987,0.7603,965,32.11
286.3580271227795,320.4815,606.8396,463.6606,0.0667,0.9099,0.8072,966,32.14833333333333,285.9247866987163,320.8785,606.801,463.8397,0.0,0.9557,0.8618,966,32.14833333333333,287.0508773880043,319.98,607.029,463.5045,0.0917,0.6632,0.8114,966,32.14833333333333,286.56873032416695,320.3827,606.9454,463.664,0.0,0.7895,0.8167,966,32.14833333333333,286.1684401005965,320.4776,606.6455,463.5616,0.075,0.896,0.7813,966,32.14833333333333
286.1644061897721,320.4837,606.6481,463.5659,0.0667,0.9229,0.7757,967,32.17666666666667,285.8681435082733,320.8805,606.7465,463.8135,0.0,0.9662,0.8986,967,32.17666666666667,287.044677327041,319.9832,607.026,463.5046,0.0917,0.6426,0.8102,967,32.17666666666667,286.56367113936744,320.3857,606.9434,463.6645,0.0,0.7877,0.8549,967,32.17666666666667,286.1685381507391,320.4795,606.6481,463.5638,0.075,0.9083,0.7757,967,32.17666666666667
286.16171226339213,320.4854,606.6471,463.5663,0.0667,0.892,0.8008,968,32.21,285.8656744741492,320.8824,606.7456,463.814,0.0,0.9544,0.8981,968,32.21,287.04700297573527,319.981,607.0263,463.5037,0.0917,0.6432,0.8109,968,32.21,286.5659004951624,320.3837,606.9437,463.6637,0.0,0.7891,0.8504,968,32.21,286.11338036842665,320.5362,606.6471,463.5917,0.0667,0.9004,0.8008,968,32.21
286.3007109401651,320.4821,606.7828,463.6325,0.05,0.8971,0.8918,969,32.24666666666667,285.93124116491293,320.8785,606.807,463.8427,0.0,0.968,0.8784,969,32.24666666666667,287.0875608659909,320.0086,607.0953,463.552,0.0833,0.7395,0.9216,969,32.24666666666667,286.6179631779589,320.3924,607.003,463.6977,0.0,0.8693,0.8817,969,32.24666666666667,286.30429680161586,320.4785,606.7828,463.6307,0.0583,0.8965,0.8918,969,32.24666666666667
286.35578121168567,320.4831,606.8389,463.661,0.0667,0.9339,0.8126,970,32.27666666666667,285.92334374968493,320.8804,606.801,463.8407,0.0,0.959,0.8639,970,32.27666666666667,286.9486450623199,320.0779,607.0265,463.5522,0.0917,0.6941,0.8132,970,32.27666666666667,286.56407444784634,320.3854,606.9435,463.6644,0.0,0.7874,0.8496,970,32.27666666666667,286.1665324790767,320.4791,606.6453,463.5622,0.075,0.8937,0.7518,970,32.27666666666667
286.1661037196928,320.482,606.6481,463.5651,0.0667,0.9363,0.7674,971,32.31,285.86986833934645,320.8794,606.7466,463.813,0.0,0.9536,0.8949,971,32.31,287.04149918483836,319.9852,607.0265,463.5058,0.0917,0.6871,0.813,971,32.31,286.5577376660593,320.3917,606.9435,463.6676,0.0,0.8078,0.8496,971,32.31,286.17009166278297,320.478,606.6481,463.5631,0.075,0.9007,0.7674,971,32.31
286.16563813980395,320.4825,606.6482,463.5654,0.0667,0.9389,0.7706,972,32.35,285.8643224956587,320.8796,606.7414,463.8105,0.0,0.9632,0.8998,972,32.35,286.95139007996715,320.0752,607.0266,463.5509,0.0917,0.6966,0.8133,972,32.35,286.56135902494066,320.3832,606.9389,463.6611,0.0,0.7781,0.8659,972,32.35,286.1817536609409,320.4787,606.6605,463.5696,0.0667,0.9021,0.8049,972,32.35
286.16433321454895,320.4841,606.6484,463.5662,0.0667,0.9048,0.7846,973,32.37666666666667,285.86257699017517,320.8816,606.7415,463.8115,0.0,0.9522,0.8997,973,32.37666666666667,287.0463121132099,319.9818,607.0265,463.5041,0.0917,0.644,0.8111,973,32.37666666666667,286.56001788978585,320.3844,606.9388,463.6616,0.0,0.7779,0.867,973,32.37666666666667,286.1682803693992,320.4801,606.6484,463.5643,0.075,0.9114,0.7846,973,32.37666666666667
286.1653307456304,320.4842,606.6495,463.5669,0.0667,0.8873,0.7637,974,32.410000000000004,285.86402382777254,320.8813,606.7428,463.812,0.0,0.9307,0.9059,974,32.410000000000004,287.04465415061117,319.9834,607.0264,463.5049,0.0917,0.626,0.8102,974,32.410000000000004,286.5582075352887,320.386,606.9385,463.6623,0.0,0.7805,0.8747,974,32.410000000000004,286.16936761262474,320.4802,606.6495,463.5649,0.075,0.9221,0.7637,974,32.410000000000004
286.1201688227844,320.4851,606.6053,463.5452,0.0667,0.8798,0.7479,975,32.45166666666667,285.8795508193057,320.8825,606.7594,463.821,0.0,0.9644,0.8494,975,32.45166666666667,286.82170725280594,319.9848,606.8045,463.3947,0.0833,0.6254,0.8297,975,32.45166666666667,286.5678350670786,320.3873,606.946,463.6667,0.0,0.7807,0.8969,975,32.45166666666667,286.1241761153034,320.4811,606.6053,463.5432,0.075,0.909,0.7479,975,32.45166666666667
286.1353691936001,320.4992,606.6345,463.5669,0.0583,0.9307,0.7651,976,32.48166666666667,285.62604148597563,320.9598,606.5729,463.7664,0.0,1.1673,0.684,976,32.48166666666667,286.7901566029967,320.0241,606.8143,463.4192,0.05,0.8502,0.7672,976,32.48166666666667,286.0917752084399,320.527,606.6081,463.5676,0.0,1.0436,0.8471,976,32.48166666666667,286.1353691936001,320.4992,606.6345,463.5669,0.0583,0.9307,0.7651,976,32.48166666666667
286.1465503911418,320.4879,606.6345,463.5612,0.0667,0.9006,0.7576,977,32.510000000000005,285.6242905340555,320.9621,606.5734,463.7677,0.0,1.1679,0.6808,977,32.510000000000005,286.78668400308607,320.0258,606.8125,463.4192,0.05,0.8193,0.7478,977,32.510000000000005,286.0888111299756,320.5288,606.6069,463.5679,0.0,1.056,0.8436,977,32.510000000000005,286.1465503911418,320.4879,606.6345,463.5612,0.0667,0.9006,0.7576,977,32.510000000000005
286.1759613929795,320.4578,606.6337,463.5457,0.075,0.833,0.7506,978,32.56,285.62660644862444,320.9602,606.5734,463.7668,0.0,1.1595,0.6706,978,32.56,286.7877428737768,320.0263,606.814,463.4201,0.05,0.8106,0.7484,978,32.56,286.0882511237635,320.5302,606.6078,463.569,0.0,1.0632,0.8256,978,32.56,286.1759613929795,320.4578,606.6337,463.5457,0.075,0.833,0.7506,978,32.56
286.18675910012075,320.4496,606.6364,463.543,0.075,0.7914,0.7252,979,32.57666666666667,285.6369489458466,320.9523,606.5758,463.764,0.0,1.1023,0.6572,979,32.57666666666667,286.7902941983794,320.0234,606.8137,463.4185,0.05,0.8258,0.7492,979,32.57666666666667,286.0907612933611,320.5273,606.6075,463.5674,0.0,1.0642,0.825,979,32.57666666666667,286.18675910012075,320.4496,606.6364,463.543,0.075,0.7914,0.7252,979,32.57666666666667
286.18970987547095,320.4467,606.6364,463.5415,0.075,0.7944,0.7273,980,32.61,285.63988673371284,320.9494,606.5758,463.7626,0.0,1.1007,0.6564,980,32.61,286.7923178896891,320.0213,606.8136,463.4175,0.05,0.8686,0.7497,980,32.61,286.09283941854255,320.5253,606.6074,463.5664,0.0,1.0653,0.8242,980,32.61,286.18970987547095,320.4467,606.6364,463.5415,0.075,0.7944,0.7273,980,32.61
286.13014800556334,320.4753,606.6051,463.5402,0.0917,0.8807,0.6415,981,32.653333333333336,285.68390711431476,320.951,606.6233,463.7872,0.0,1.0928,0.7687,981,32.653333333333336,286.8588203069569,320.0211,606.8799,463.4505,0.0583,0.8676,0.8107,981,32.653333333333336,286.21296926607147,320.525,606.7272,463.6261,0.0,1.0658,0.8435,981,32.653333333333336,286.2446395353579,320.4753,606.7199,463.5976,0.075,0.8807,0.8307,981,32.653333333333336
286.15685382889023,320.4472,606.6037,463.5255,0.1,0.8098,0.6573,982,32.67666666666667,285.68401820221516,320.9493,606.6219,463.7856,0.0,1.1117,0.768,982,32.67666666666667,286.8605990320889,320.0229,606.8835,463.4532,0.0583,0.8593,0.8238,982,32.67666666666667,286.21445554222896,320.5268,606.7304,463.6286,0.0,1.0681,0.8504,982,32.67666666666667,286.2381818647943,320.4472,606.6854,463.5663,0.075,0.8098,0.8332,982,32.67666666666667
286.1579433591014,320.4463,606.6038,463.5251,0.1,0.8169,0.645,983,32.71,285.6857228647618,320.9479,606.6223,463.7851,0.0,1.1092,0.817,983,32.71,286.86116928449843,320.0216,606.8828,463.4522,0.0583,0.8549,0.829,983,32.71,286.21499406647223,320.5255,606.7298,463.6277,0.0,1.0738,0.857,983,32.71,286.23917542797983,320.4463,606.6855,463.5659,0.075,0.8169,0.8444,983,32.71
286.12713730005623,320.4723,606.5989,463.5356,0.0917,0.8658,0.636,984,32.74333333333333,285.68153023318814,320.9479,606.6178,463.7829,0.0,1.1042,0.8239,984,32.74333333333333,286.8524767077366,320.0219,606.8744,463.4482,0.0583,0.8598,0.8105,984,32.74333333333333,286.2066684723303,320.5261,606.722,463.6241,0.0,1.0725,0.8571,984,32.74333333333333,286.2412995452829,320.4723,606.7136,463.593,0.075,0.8658,0.8584,984,32.74333333333333
286.1017491379723,320.4887,606.5897,463.5392,0.0833,0.9292,0.6562,985,32.77666666666667,285.6695868306133,320.9513,606.609,463.7802,0.0,1.1111,0.8077,985,32.77666666666667,286.84644190735696,320.0224,606.8688,463.4456,0.0583,0.8605,0.7951,985,32.77666666666667,286.2009065391293,320.5267,606.7168,463.6217,0.0,1.0628,0.8571,985,32.77666666666667,286.21543019390253,320.4887,606.7041,463.5964,0.0667,0.9292,0.8389,985,32.77666666666667
286.2239021109164,320.4996,606.7212,463.6104,0.05,0.8223,0.8012,986,32.81333333333333,285.50040795192945,321.0646,606.5645,463.8145,0.0,0.8589,0.8781,986,32.81333333333333,286.834179785934,320.0261,606.8603,463.4432,0.0667,0.7079,0.8087,986,32.81333333333333,286.2991173698646,320.6106,606.9082,463.7594,0.0083,0.6705,0.8374,986,32.81333333333333,286.224457906975,320.5072,606.7306,463.6189,0.075,0.9607,0.8521,986,32.81333333333333
286.18831362328115,320.5127,606.7004,463.6065,0.0583,0.9687,0.8356,987,32.843333333333334,285.6612368202981,321.0636,606.7248,463.8942,0.0,0.8692,0.8996,987,32.843333333333334,286.80349730502223,320.027,606.8305,463.4287,0.075,0.7074,0.6594,987,32.843333333333334,286.300009590042,320.6114,606.9098,463.7606,0.0083,0.6757,0.854,987,32.843333333333334,286.19489435011644,320.5069,606.7004,463.6037,0.0667,0.9537,0.8356,987,32.843333333333334
286.1982755581357,320.5107,606.7087,463.6097,0.0583,0.9885,0.8145,988,32.87666666666667,285.6605556618582,321.0618,606.7224,463.8921,0.0,0.8663,0.9009,988,32.87666666666667,286.785590244539,320.0047,606.7903,463.3975,0.075,0.6977,0.856,988,32.87666666666667,286.45905493793657,320.6117,607.0648,463.8382,0.0083,0.6771,0.8887,988,32.87666666666667,286.2049890753521,320.5047,606.7087,463.6067,0.0667,0.9416,0.8145,988,32.87666666666667
286.1991964013489,320.5093,606.7082,463.6087,0.0583,0.984,0.8147,989,32.91000000000001,285.6590305486707,321.0605,606.7195,463.89,0.0,0.8597,0.8992,989,32.91000000000001,286.78619804266566,320.003,606.7892,463.3961,0.075,0.6996,0.8536,989,32.91000000000001,286.4566748599739,320.61,607.0608,463.8354,0.0083,0.6761,0.8887,989,32.91000000000001,286.2058860370813,320.5033,606.7082,463.6057,0.0667,0.9413,0.8147,989,32.91000000000001
286.2100384216936,320.4983,606.7084,463.6034,0.0667,0.8108,0.815,990,32.943333333333335,285.6564116460138,321.0629,606.7193,463.8911,0.0,0.8392,0.9002,990,32.943333333333335,286.78653196572884,320.0029,606.7895,463.3962,0.075,0.701,0.8532,990,32.943333333333335,286.4569861882428,320.61,607.0611,463.8355,0.0083,0.6757,0.8887,990,32.943333333333335,286.2034530602844,320.5059,606.7084,463.6071,0.0667,0.9368,0.815,990,32.943333333333335
286.2113453844172,320.497,606.7083,463.6027,0.0667,0.804,0.8145,991,32.97666666666667,285.65763206128474,321.0616,606.7192,463.8904,0.0,0.841,0.8983,991,32.97666666666667,286.7863921110046,320.0031,606.7895,463.3963,0.075,0.7014,0.8533,991,32.97666666666667,286.4567471669392,320.6101,607.061,463.8355,0.0083,0.6756,0.8887,991,32.97666666666667,286.2049153328675,320.5044,606.7083,463.6064,0.0667,0.9427,0.8145,991,32.97666666666667
286.20580124500196,320.4986,606.7044,463.6015,0.0667,0.802,0.807,992,33.010000000000005,285.6523958501637,321.0631,606.7155,463.8893,0.0,0.8329,0.8292,992,33.010000000000005,286.812790863992,320.0052,606.8179,463.4116,0.0667,0.6917,0.8508,992,33.010000000000005,286.4530210864798,320.612,607.0589,463.8355,0.0083,0.676,0.8898,992,33.010000000000005,286.1986852450892,320.506,606.7044,463.6052,0.0667,0.9425,0.807,992,33.010000000000005
286.20630951007274,320.4983,606.7046,463.6014,0.0667,0.8024,0.8074,993,33.04333333333334,285.6513441466299,321.0628,606.7141,463.8885,0.0,0.8417,0.8307,993,33.04333333333334,286.81178870177325,320.0062,606.8179,463.4121,0.0667,0.6927,0.8508,993,33.04333333333334,286.4473461690679,320.613,607.0544,463.8337,0.0083,0.6762,0.8891,993,33.04333333333334,286.1991672423603,320.5057,606.7046,463.6052,0.0667,0.9413,0.8074,993,33.04333333333334
286.2060705088187,320.498,606.7041,463.601,0.0667,0.8023,0.8073,994,33.07666666666667,285.6510855430338,321.0625,606.7136,463.888,0.0,0.8331,0.8242,994,33.07666666666667,286.78152329633366,320.0062,606.7877,463.3969,0.075,0.6927,0.8494,994,33.07666666666667,286.44729446891677,320.613,607.0544,463.8337,0.0083,0.6762,0.889,994,33.07666666666667,286.19895785178085,320.5054,606.7041,463.6047,0.0667,0.942,0.8073,994,33.07666666666667
286.2050543794096,320.4985,606.7036,463.6011,0.0667,0.8007,0.8097,995,33.11166666666667,285.650225448288,321.063,606.7132,463.8881,0.0,0.8413,0.8242,995,33.11166666666667,286.78262294036176,320.0051,606.7878,463.3964,0.075,0.6894,0.8492,995,33.11166666666667,286.4483135480965,320.6121,607.0545,463.8333,0.0083,0.6853,0.889,995,33.11166666666667,286.1978578012928,320.5059,606.7036,463.6048,0.0667,0.9434,0.8097,995,33.11166666666667
286.2157387110816,320.3789,606.592,463.4855,0.0917,0.6853,0.8007,996,33.14833333333333,285.9161827549532,320.8373,606.7387,463.788,0.0,1.0744,0.8937,996,33.14833333333333,286.9500235023187,319.8748,606.8248,463.3498,0.0667,0.7484,0.8072,996,33.14833333333333,286.7647024319113,320.3428,607.0697,463.7063,0.0083,1.2127,0.8883,996,33.14833333333333,286.20495512545176,320.3998,606.6045,463.5021,0.0833,0.8018,0.7232,996,33.14833333333333
286.10592221186073,320.4853,606.5912,463.5383,0.075,0.905,0.7948,997,33.17666666666667,285.8203508231775,320.9298,606.7372,463.8335,0.0,1.0633,0.8906,997,33.17666666666667,286.8319027775829,319.9927,606.8246,463.4087,0.0583,0.7591,0.7962,997,33.17666666666667,286.64480302482184,320.4599,607.0695,463.7647,0.0083,1.2473,0.8964,997,33.17666666666667,286.12140290017413,320.4823,606.6037,463.543,0.075,0.9208,0.7636,997,33.17666666666667
286.0968756559971,320.4934,606.5879,463.5406,0.0917,0.899,0.7888,998,33.21,285.8280554104275,320.9172,606.7322,463.8247,0.0,1.0953,0.8808,998,33.21,286.84303988608144,319.979,606.822,463.4005,0.0583,0.9266,0.8135,998,33.21,286.6555400985215,320.4464,607.0672,463.7568,0.0083,1.2361,0.8772,998,33.21,286.13112019650555,320.469,606.6001,463.5345,0.075,0.9439,0.7213,998,33.21
286.13178624831926,320.4605,606.5898,463.5252,0.0833,0.8277,0.7881,999,33.24333333333333,285.8339823437218,320.918,606.739,463.8285,0.0,1.0981,0.8476,999,33.24333333333333,286.84371146054343,319.9787,606.8224,463.4005,0.0583,0.8101,0.8036,999,33.24333333333333,286.6560167519353,320.4458,607.0672,463.7565,0.0083,1.3172,0.8699,999,33.24333333333333,286.14608360745,320.4563,606.6024,463.5293,0.0833,0.8584,0.7521,999,33.24333333333333
286.1332462704377,320.4573,606.5905,463.5239,0.0833,0.8789,0.7911,1000,33.27666666666667,285.6435502919908,321.107,606.7415,463.9243,0.0,1.0153,0.859,1000,33.27666666666667,286.8652794586727,319.9564,606.8216,463.389,0.0667,0.8012,0.8038,1000,33.27666666666667,286.46372552431393,320.6357,607.0696,463.8526,0.0083,1.192,0.896,1000,33.27666666666667,286.14850534094546,320.4544,606.6028,463.5286,0.0833,0.9157,0.745,1000,33.27666666666667
286.1363234568072,320.4546,606.591,463.5228,0.0833,0.8938,0.7871,1001,33.31,285.64429600554564,321.1047,606.74,463.9223,0.0,1.0117,0.8531,1001,33.31,286.86545011104295,319.9565,606.8219,463.3892,0.0667,0.8072,0.8024,1001,33.31,286.4607910780619,320.6356,607.0669,463.8513,0.0083,1.2053,0.8866,1001,33.31,286.151494990522,320.4518,606.6031,463.5274,0.0833,0.9519,0.7509,1001,33.31
286.1346705740186,320.4556,606.5903,463.5229,0.0833,0.8571,0.787,1002,33.343333333333334,285.6415705472191,321.1055,606.738,463.9217,0.0,1.0086,0.8604,1002,33.343333333333334,286.8665371043732,319.9562,606.8227,463.3895,0.0667,0.8053,0.7907,1002,33.343333333333334,286.4610731168359,320.635,607.0668,463.8509,0.0083,1.2178,0.8828,1002,33.343333333333334,286.15002658074394,320.4525,606.6024,463.5274,0.0833,0.8704,0.7358,1002,33.343333333333334
286.1322796218799,320.4578,606.5901,463.524,0.0833,0.8352,0.7839,1003,33.37666666666667,285.6391448682673,321.1077,606.738,463.9229,0.0,1.0099,0.8742,1003,33.37666666666667,286.8777483460848,319.948,606.8258,463.3869,0.0583,0.7222,0.7858,1003,33.37666666666667,286.4591278378298,320.6399,607.0702,463.8551,0.0083,1.2509,0.8995,1003,33.37666666666667,286.14787226779174,320.4548,606.6024,463.5286,0.0833,0.8565,0.7549,1003,33.37666666666667
286.1234369554,320.466,606.5894,463.5277,0.0833,0.8192,0.7956,1004,33.41000000000001,285.63083094377697,321.1146,606.7366,463.9256,0.0,1.0184,0.8693,1004,33.41000000000001,286.8645653008821,319.9601,606.8247,463.3924,0.0583,0.739,0.7858,1004,33.41000000000001,286.44644083447156,320.6504,607.0686,463.8595,0.0083,1.2202,0.9233,1004,33.41000000000001,286.1393321512624,320.4626,606.6016,463.5321,0.0833,0.8577,0.7641,1004,33.41000000000001
286.12344726789627,320.4655,606.589,463.5272,0.0833,0.8319,0.7903,1005,33.443333333333335,285.63086690163107,321.1142,606.7363,463.9253,0.0,1.0223,0.8775,1005,33.443333333333335,286.86499776409,319.9598,606.8248,463.3923,0.0583,0.7392,0.7862,1005,33.443333333333335,286.4468279153375,320.65,607.0687,463.8594,0.0083,1.2206,0.9202,1005,33.443333333333335,286.1392880477051,320.4622,606.6012,463.5317,0.0833,0.8729,0.7716,1005,33.443333333333335
286.36888307025254,320.4404,606.8051,463.6227,0.0583,0.8649,0.8373,1006,33.480000000000004,285.72280188894854,320.8983,606.6133,463.7558,0.0,1.0842,0.877,1006,33.480000000000004,287.0096564845155,319.9889,606.9951,463.492,0.05,0.7901,0.8738,1006,33.480000000000004,286.351548544196,320.4582,606.7982,463.6282,0.0,1.1628,0.8672,1006,33.480000000000004,286.1575762972987,320.4404,606.5979,463.5192,0.0917,0.8649,0.7786,1006,33.480000000000004
286.37227031130874,320.4468,606.8148,463.6308,0.0583,0.846,0.8601,1007,33.510000000000005,285.72752059797995,320.9046,606.6238,463.7642,0.0,1.1106,0.8859,1007,33.510000000000005,287.00747011021474,319.994,606.998,463.496,0.05,0.8105,0.7763,1007,33.510000000000005,286.3499894905231,320.4636,606.8018,463.6327,0.0,1.1221,0.8894,1007,33.510000000000005,286.2412894209832,320.4468,606.6881,463.5675,0.0667,0.846,0.7812,1007,33.510000000000005
286.3862356380281,320.445,606.8268,463.6359,0.0667,0.8384,0.8039,1008,33.54333333333334,285.7279107012257,320.9031,606.6225,463.7628,0.0,1.115,0.8817,1008,33.54333333333334,287.00713073690633,319.9935,606.9971,463.4953,0.05,0.8101,0.7792,1008,33.54333333333334,286.34965328186195,320.4631,606.801,463.632,0.0,1.1223,0.8906,1008,33.54333333333334,286.24173220674845,320.445,606.6868,463.5659,0.0667,0.8384,0.7811,1008,33.54333333333334
286.3698979854416,320.4469,606.8124,463.6297,0.0583,0.8413,0.8535,1009,33.57833333333333,285.7249530323053,320.9051,606.6216,463.7633,0.0,1.1072,0.8871,1009,33.57833333333333,287.0083003728474,319.993,606.9978,463.4954,0.05,0.8099,0.7787,1009,33.57833333333333,286.35067704151453,320.4627,606.8016,463.6321,0.0,1.1225,0.8964,1009,33.57833333333333,286.2393354007959,320.4469,606.6862,463.5666,0.0667,0.8413,0.7807,1009,33.57833333333333
286.368198737587,320.4493,606.813,463.6311,0.0583,0.8384,0.859,1010,33.61,285.723337550078,320.9074,606.6222,463.7648,0.0,1.1078,0.884,1010,33.61,287.0091073488636,319.9917,606.9974,463.4945,0.05,0.8079,0.7764,1010,33.61,286.35145934728234,320.4616,606.8012,463.6314,0.0,1.1182,0.8964,1010,33.61,286.2375450960393,320.4493,606.6869,463.5681,0.0667,0.8384,0.7845,1010,33.61
286.37042281557297,320.4475,606.8134,463.6304,0.0583,0.8653,0.8627,1011,33.64333333333334,285.72555391115344,320.9056,606.6226,463.7641,0.0,1.1016,0.882,1011,33.64333333333334,287.01036765982036,319.9909,606.9978,463.4944,0.05,0.8109,0.7782,1011,33.64333333333334,286.35265786250034,320.4608,606.8016,463.6312,0.0,1.1235,0.8963,1011,33.64333333333334,286.2398915155125,320.4475,606.6874,463.5674,0.0667,0.8653,0.7919,1011,33.64333333333334
286.37427412386745,320.4435,606.8133,463.6284,0.0583,0.8592,0.8717,1012,33.68,285.7292342565024,320.9018,606.6225,463.7621,0.0,1.1018,0.8832,1012,33.68,287.01041061699544,319.9905,606.9975,463.494,0.05,0.8082,0.7776,1012,33.68,286.35269391873567,320.4604,606.8013,463.6309,0.0,1.1238,0.8953,1012,33.68,286.24370447197396,320.4435,606.6872,463.5654,0.0667,0.8592,0.7842,1012,33.68
286.3737896276763,320.4439,606.8132,463.6285,0.0583,0.8591,0.8642,1013,33.71,285.7288668129516,320.902,606.6224,463.7622,0.0,1.101,0.8857,1013,33.71,287.0106025215763,319.9908,606.9979,463.4944,0.05,0.8084,0.7769,1013,33.71,286.3528854838621,320.4607,606.8017,463.6312,0.0,1.1237,0.8964,1013,33.71,286.15847844799913,320.4439,606.6023,463.5231,0.0917,0.8591,0.7593,1013,33.71
286.15816330704325,320.4449,606.603,463.5239,0.0917,0.8382,0.7577,1014,33.74333333333333,285.8731057785752,320.9028,606.7619,463.8324,0.0,1.1009,0.8251,1014,33.74333333333333,286.7985885436898,319.9913,606.7899,463.3906,0.0833,0.8085,0.7818,1014,33.74333333333333,286.49638942079207,320.4611,606.9401,463.7006,0.0,1.1235,0.7896,1014,33.74333333333333,286.2429236844662,320.4449,606.6878,463.5663,0.0667,0.8382,0.7819,1014,33.74333333333333
286.15101160550455,320.4519,606.6029,463.5274,0.0917,0.8554,0.6938,1015,33.78333333333334,285.86540224072724,320.9118,606.7624,463.8371,0.0,1.1317,0.8389,1015,33.78333333333334,286.80270936042086,319.9867,606.7894,463.3881,0.0917,0.8101,0.7641,1015,33.78333333333334,286.4934161236681,320.4652,606.9413,463.7032,0.0,1.1384,0.7834,1015,33.78333333333334,286.15101160550455,320.4519,606.6029,463.5274,0.0917,0.8554,0.6938,1015,33.78333333333334
286.20720426160824,320.4858,606.6906,463.5882,0.0667,0.8522,0.8547,1016,33.81333333333333,285.8132757102732,320.9544,606.7555,463.855,0.0,1.2763,0.8984,1016,33.81333333333333,286.9037360179415,320.0957,606.9948,463.5452,0.075,0.8648,0.8661,1016,33.81333333333333,286.33211656654527,320.5374,606.8538,463.6956,0.0,1.2722,0.9533,1016,33.81333333333333,286.15125615508003,320.4729,606.6222,463.5476,0.1,0.8324,0.8336,1016,33.81333333333333
286.2088090841133,320.4838,606.6902,463.587,0.0667,0.8781,0.8621,1017,33.843333333333334,285.8148439283004,320.9525,606.7554,463.8539,0.0,1.2863,0.8984,1017,33.843333333333334,286.9039574989197,320.095,606.9943,463.5447,0.075,0.865,0.8672,1017,33.843333333333334,286.3323458449087,320.5368,606.8534,463.6951,0.0,1.2721,0.9537,1017,33.843333333333334,286.1531251675168,320.4706,606.6217,463.5462,0.1,0.8409,0.8368,1017,33.843333333333334
286.20782718937926,320.4857,606.6911,463.5884,0.0667,0.8507,0.8616,1018,33.88666666666667,285.81351647475606,320.9541,606.7556,463.8548,0.0,1.2801,0.8912,1018,33.88666666666667,286.9391787445986,320.0598,606.9943,463.527,0.0667,0.8542,0.8414,1018,33.88666666666667,286.32849998691233,320.5397,606.8527,463.6962,0.0,1.2687,0.966,1018,33.88666666666667,286.15208734495104,320.4726,606.6226,463.5476,0.1,0.8329,0.8299,1018,33.88666666666667
286.2307920852836,320.4637,606.692,463.5778,0.075,0.8402,0.8615,1019,33.91000000000001,285.6272472748906,321.1373,606.7561,463.9467,0.0,1.2151,0.8896,1019,33.91000000000001,286.972847252057,320.0268,606.9949,463.5108,0.075,0.8287,0.8334,1019,33.91000000000001,286.1457404186338,320.7176,606.8524,463.785,0.0,1.2334,0.969,1019,33.91000000000001,286.1747567225421,320.4508,606.6235,463.5371,0.1083,0.7799,0.8197,1019,33.91000000000001
286.22437504549623,320.4679,606.6899,463.5789,0.075,0.8712,0.8517,1020,33.943333333333335,285.6208058237153,321.1415,606.7539,463.9477,0.0,1.2044,0.8862,1020,33.943333333333335,286.9750004689529,320.0245,606.9948,463.5096,0.075,0.8857,0.8532,1020,33.943333333333335,286.1463567644538,320.7157,606.8515,463.7836,0.0,1.2332,0.9785,1020,33.943333333333335,286.16890429503496,320.4545,606.6214,463.538,0.1083,0.7691,0.8372,1020,33.943333333333335
286.22432416873187,320.4675,606.6894,463.5784,0.075,0.878,0.8198,1021,33.985,285.62074860269684,321.141,606.7534,463.9472,0.0,1.2055,0.8866,1021,33.985,286.97546288814306,320.0239,606.9947,463.5093,0.075,0.8842,0.8534,1021,33.985,286.1467901358036,320.7152,606.8515,463.7833,0.0,1.2285,0.9784,1021,33.985,286.1685892445879,320.4543,606.6208,463.5375,0.1083,0.758,0.828,1021,33.985
286.2261950674323,320.4661,606.6898,463.5779,0.075,0.8614,0.8195,1022,34.010000000000005,285.62305830584023,321.1397,606.7543,463.947,0.0,1.2046,0.8863,1022,34.010000000000005,286.9759860138888,320.0236,606.9949,463.5093,0.075,0.8835,0.8531,1022,34.010000000000005,286.14770679573473,320.7149,606.852,463.7835,0.0,1.2235,0.9762,1022,34.010000000000005,286.1707038167855,320.4526,606.6213,463.5369,0.1083,0.7609,0.829,1022,34.010000000000005
286.1281378384068,320.4654,606.5936,463.5295,0.0833,0.8657,0.7655,1023,34.04333333333334,285.44726557293325,321.1391,606.5776,463.8584,0.0,1.2063,0.81,1023,34.04333333333334,286.81014123127153,320.0239,606.8305,463.4272,0.0833,0.8883,0.7778,1023,34.04333333333334,286.0593604444606,320.7153,606.7618,463.7386,0.0,1.2218,0.9827,1023,34.04333333333334,286.14145087464306,320.4521,606.5936,463.5228,0.1,0.7641,0.7655,1023,34.04333333333334
286.1680164064651,320.4659,606.6339,463.5499,0.0833,0.8304,0.847,1024,34.086666666666666,285.4890770408313,321.1392,606.62,463.8796,0.0,1.199,0.9041,1024,34.086666666666666,286.80630471151414,320.0595,606.8624,463.461,0.075,0.8543,0.8889,1024,34.086666666666666,285.9632327445231,320.7109,606.6674,463.6892,0.0,1.2457,0.9824,1024,34.086666666666666,286.11464005878497,320.4528,606.5645,463.5086,0.1167,0.6942,0.7289,1024,34.086666666666666
286.1766082659445,320.4658,606.6424,463.5541,0.0833,0.8482,0.8978,1025,34.11,285.4963478823846,321.1393,606.6276,463.8834,0.0,1.1906,0.9291,1025,34.11,286.8135321007469,320.0599,606.8702,463.465,0.075,0.8562,0.8946,1025,34.11,285.97008825213913,320.7111,606.6748,463.6929,0.0,1.2378,1.0305,1025,34.11,286.18992946540936,320.4525,606.6424,463.5475,0.1,0.7437,0.8978,1025,34.11
286.1449138486315,320.4169,606.5618,463.4893,0.1,0.6743,0.6583,1026,34.14666666666667,285.71721698809574,320.8839,606.5936,463.7388,0.0,1.1481,0.8546,1026,34.14666666666667,287.0063242860421,320.0041,607.0002,463.5022,0.0833,0.7569,0.8892,1026,34.14666666666667,286.297758503485,320.4868,606.7717,463.6292,0.0,1.2262,0.8948,1026,34.14666666666667,286.1343521398076,320.4274,606.5618,463.4946,0.1,0.7154,0.6583,1026,34.14666666666667
286.3301938089355,320.434,606.7626,463.5983,0.05,0.7297,0.8425,1027,34.17666666666667,285.71292483681464,320.8874,606.5928,463.7401,0.0,1.1421,0.8604,1027,34.17666666666667,287.00629968730937,320.0037,607.0,463.5018,0.0833,0.7779,0.8899,1027,34.17666666666667,286.2977937719517,320.4865,606.7714,463.629,0.0,1.2197,0.8997,1027,34.17666666666667,286.1301989081652,320.4308,606.561,463.4959,0.1,0.7385,0.6826,1027,34.17666666666667
286.1234011552024,320.4429,606.5663,463.5046,0.1,0.7824,0.6713,1028,34.21,285.6858041607811,320.9253,606.5972,463.7613,0.0083,1.1302,0.8481,1028,34.21,287.0031915465721,320.0096,607.0026,463.5061,0.0833,0.7547,0.8746,1028,34.21,286.29362505459335,320.4912,606.7725,463.6319,0.0,1.1891,0.9342,1028,34.21,286.12131804764914,320.4452,606.5663,463.5058,0.0917,0.8506,0.6713,1028,34.21
286.1242516779298,320.4419,606.5662,463.504,0.1,0.801,0.6587,1029,34.24333333333333,285.6866511844979,320.9244,606.5972,463.7608,0.0083,1.1589,0.8487,1029,34.24333333333333,287.00372638627096,320.0094,607.003,463.5062,0.0833,0.7564,0.8753,1029,34.24333333333333,286.2940932993488,320.4911,606.7729,463.632,0.0,1.191,0.9689,1029,34.24333333333333,286.1221461319284,320.4443,606.5662,463.5052,0.0917,0.8513,0.6587,1029,34.24333333333333
286.12406182513746,320.4435,606.5676,463.5055,0.1,0.7957,0.6635,1030,34.27666666666667,285.6865419276194,320.9259,606.5986,463.7623,0.0083,1.0916,0.8734,1030,34.27666666666667,287.0061302008704,320.0092,607.0052,463.5072,0.0833,0.7683,0.898,1030,34.27666666666667,286.2963928620286,320.4909,606.775,463.6329,0.0,1.2054,0.9664,1030,34.27666666666667,286.12159366682374,320.4462,606.5676,463.5069,0.0917,0.8556,0.6635,1030,34.27666666666667
286.1314026767552,320.4359,606.5673,463.5016,0.0917,0.7354,0.6619,1031,34.31,285.71615433942986,320.8895,606.598,463.7438,0.0,1.1183,0.8743,1031,34.31,287.00635989428326,320.0087,607.0049,463.5068,0.0833,0.7564,0.8986,1031,34.31,286.29617484327093,320.4908,606.7747,463.6327,0.0,1.1951,0.9576,1031,34.31,286.12152692621396,320.446,606.5673,463.5067,0.0917,0.8484,0.6619,1031,34.31
286.12700582642935,320.4413,606.5683,463.5048,0.1,0.7789,0.679,1032,34.343333333333334,285.688927653425,320.9238,606.5989,463.7613,0.0083,1.1293,0.8648,1032,34.343333333333334,287.00627720178426,320.0095,607.0057,463.5076,0.0833,0.7495,0.8832,1032,34.343333333333334,286.29661187556417,320.4913,606.7756,463.6334,0.0,1.1847,0.9548,1032,34.343333333333334,286.12471509063084,320.4437,606.5683,463.506,0.0917,0.8481,0.679,1032,34.343333333333334
286.1284666655436,320.4398,606.5682,463.504,0.1,0.7765,0.6736,1033,34.37666666666667,285.6919239968235,320.9222,606.6004,463.7613,0.0083,1.1247,0.8739,1033,34.37666666666667,287.0060738930543,320.0086,607.0046,463.5066,0.0833,0.7498,0.8873,1033,34.37666666666667,286.29639693114456,320.4904,606.7745,463.6324,0.0,1.1689,0.9658,1033,34.37666666666667,286.1256755185449,320.4429,606.5682,463.5055,0.0917,0.8587,0.6736,1033,34.37666666666667
286.1323936663397,320.4341,606.5665,463.5003,0.0917,0.7236,0.677,1034,34.41000000000001,285.7173739860666,320.8876,606.5974,463.7425,0.0,1.0813,0.8645,1034,34.41000000000001,287.00549601570316,320.0088,607.0042,463.5065,0.0833,0.7497,0.8831,1034,34.41000000000001,286.2958254130525,320.4905,606.7741,463.6323,0.0,1.1689,0.9663,1034,34.41000000000001,286.1217117949425,320.445,606.5665,463.5058,0.0917,0.8494,0.677,1034,34.41000000000001
286.135283081175,320.4323,606.5675,463.4999,0.0917,0.7329,0.677,1035,34.443333333333335,285.7213308315619,320.8858,606.5996,463.7427,0.0,1.1254,0.8712,1035,34.443333333333335,287.003767803389,320.0104,607.0041,463.5072,0.0833,0.733,0.888,1035,34.443333333333335,286.29421891150844,320.492,606.774,463.633,0.0,1.1685,0.9671,1035,34.443333333333335,286.12498051247195,320.4429,606.5675,463.5052,0.0917,0.8574,0.677,1035,34.443333333333335
286.2368496029333,320.4306,606.6674,463.549,0.075,0.8756,0.8537,1036,34.480000000000004,285.6581306632108,321.0985,606.749,463.9238,0.0,1.1779,0.828,1036,34.480000000000004,286.992478172677,319.9686,606.9566,463.4626,0.0583,0.7943,0.8225,1036,34.480000000000004,286.11220009566784,320.6808,606.7887,463.7347,0.0,1.1488,0.9545,1036,34.480000000000004,286.38834771176573,320.4434,606.8318,463.6376,0.1,0.9946,0.7444,1036,34.480000000000004
286.4002606757448,320.4332,606.8303,463.6317,0.1,0.8639,0.7416,1037,34.510000000000005,285.65359719758567,321.101,606.7468,463.9239,0.0,1.1802,0.8251,1037,34.510000000000005,287.0483703473428,319.9728,607.0137,463.4932,0.075,0.7575,0.8485,1037,34.510000000000005,286.1084191220908,320.6845,606.7886,463.7365,0.0,1.1458,0.9373,1037,34.510000000000005,286.38433642652865,320.4459,606.8303,463.6381,0.1,0.9757,0.7416,1037,34.510000000000005
286.36630145221136,320.4351,606.7986,463.6168,0.0917,0.8506,0.7521,1038,34.54333333333334,285.6538118469508,321.1029,606.749,463.926,0.0,1.1936,0.826,1038,34.54333333333334,286.98960267195406,319.972,606.957,463.4645,0.0583,0.8005,0.8219,1038,34.54333333333334,286.1096272711848,320.684,606.7892,463.7366,0.0,1.1795,0.9363,1038,34.54333333333334,286.35065907229034,320.4479,606.7986,463.6233,0.0917,0.9828,0.7521,1038,34.54333333333334
286.4086178161196,320.4266,606.8325,463.6295,0.1,0.8352,0.7806,1039,34.57666666666667,285.6620821448299,321.0958,606.7501,463.923,0.0,1.1563,0.8244,1039,34.57666666666667,286.9876532253263,319.9736,606.9568,463.4652,0.0583,0.688,0.8295,1039,34.57666666666667,286.1117130964805,320.6862,606.7932,463.7397,0.0,1.1704,0.9334,1039,34.57666666666667,286.36821076055696,320.4395,606.8078,463.6236,0.0833,0.9691,0.7828,1039,34.57666666666667
286.36985169635443,320.4335,606.8005,463.617,0.0917,0.8849,0.7461,1040,34.61,285.65723278354926,321.101,606.7505,463.9257,0.0,1.2032,0.8306,1040,34.61,286.98985904756574,319.9711,606.9564,463.4637,0.0583,0.7582,0.8246,1040,34.61,286.11016152128616,320.6827,606.7886,463.7357,0.0,1.1844,0.9454,1040,34.61,286.3538910367662,320.4467,606.8005,463.6236,0.0917,0.9759,0.7461,1040,34.61
286.36929725864127,320.4332,606.7998,463.6165,0.0917,0.8829,0.751,1041,34.64333333333334,285.65658126994686,321.1007,606.7496,463.9251,0.0,1.2026,0.8255,1041,34.64333333333334,286.98944007812827,319.9713,606.9563,463.4638,0.0583,0.7605,0.8247,1041,34.64333333333334,286.1098064552905,320.6829,606.7885,463.7357,0.0,1.1837,0.946,1041,34.64333333333334,286.3533634882748,320.4464,606.7998,463.6231,0.0917,0.994,0.751,1041,34.64333333333334
286.3419496233593,320.4307,606.7696,463.6002,0.0583,0.8717,0.9041,1042,34.67666666666667,285.51402722145644,321.0986,606.6106,463.8546,0.0,1.199,0.9039,1042,34.67666666666667,286.99044408783413,319.9713,606.9573,463.4643,0.0583,0.7264,0.821,1042,34.67666666666667,286.1107668984406,320.6829,606.7895,463.7362,0.0,1.1622,0.9418,1042,34.67666666666667,286.3341331674143,320.4437,606.7776,463.6107,0.075,0.9775,0.8054,1042,34.67666666666667
286.3713310280202,320.4315,606.8001,463.6158,0.0917,0.8754,0.7418,1043,34.71,285.65067715434816,321.0995,606.7427,463.9211,0.0,1.2042,0.8386,1043,34.71,286.990651301836,319.9716,606.9578,463.4647,0.0583,0.7571,0.821,1043,34.71,286.1107944205677,320.6833,606.79,463.7367,0.0,1.1603,0.9386,1043,34.71,286.36469602804584,320.4445,606.8092,463.6268,0.0833,0.9952,0.784,1043,34.71
286.4140112701632,320.4327,606.8435,463.6381,0.1,0.8774,0.7399,1044,34.74333333333333,285.65853739963137,321.1006,606.7518,463.9262,0.0,1.1941,0.8289,1044,34.74333333333333,286.9249519398486,319.9745,606.8976,463.436,0.0667,0.7779,0.8018,1044,34.74333333333333,286.1057068047745,320.6856,606.7875,463.7365,0.0,1.173,0.9108,1044,34.74333333333333,286.36476925779886,320.4456,606.8104,463.628,0.0917,0.9925,0.7565,1044,34.74333333333333
286.24532708018984,320.4336,606.6789,463.5563,0.075,0.8775,0.8484,1045,34.77666666666667,285.6583900365836,321.1014,606.7524,463.9269,0.0,1.1824,0.8316,1045,34.77666666666667,286.9250631191902,319.9744,606.8977,463.4361,0.0667,0.7778,0.8064,1045,34.77666666666667,286.105814702904,320.6856,606.7876,463.7366,0.0,1.1729,0.9108,1045,34.77666666666667,286.3646225316856,320.4465,606.8111,463.6288,0.0917,0.994,0.758,1045,34.77666666666667
286.35839112796646,320.4293,606.7803,463.6048,0.0667,0.7081,0.8453,1046,34.81333333333333,285.7039439283374,320.9123,606.61,463.7611,0.0,1.1887,0.8554,1046,34.81333333333333,286.93642800251246,320.0287,606.9609,463.4948,0.0417,0.9137,0.9032,1046,34.81333333333333,286.3113230874499,320.4979,606.7989,463.6484,0.0,1.0467,0.9607,1046,34.81333333333333,286.3290344587656,320.4728,606.8018,463.6373,0.0833,0.9034,0.7824,1046,34.81333333333333
286.32830311873647,320.456,606.7809,463.6184,0.0583,0.7806,0.8479,1047,34.843333333333334,285.7038002248081,320.9131,606.6105,463.7618,0.0,1.2033,0.8611,1047,34.843333333333334,286.935935783416,320.0305,606.9623,463.4964,0.0417,0.915,0.9039,1047,34.843333333333334,286.31090968668866,320.4995,606.8002,463.6499,0.0,1.0346,0.9682,1047,34.843333333333334,286.3289655851162,320.4735,606.8024,463.6379,0.0833,0.9386,0.7811,1047,34.843333333333334
286.3294766192538,320.4566,606.7824,463.6195,0.0583,0.7631,0.8647,1048,34.87666666666667,285.7039627200071,320.9139,606.6114,463.7627,0.0,1.1701,0.849,1048,34.87666666666667,286.9411567479919,320.0271,606.964,463.4956,0.0417,0.9491,0.9039,1048,34.87666666666667,286.31451657452396,320.497,606.8007,463.6489,0.0,1.0577,0.9625,1048,34.87666666666667,286.13049633281275,320.4749,606.605,463.54,0.0917,0.9349,0.7976,1048,34.87666666666667
286.33050873757503,320.4535,606.7807,463.6171,0.0583,0.7814,0.8532,1049,34.91000000000001,285.70611499725607,320.9106,606.6102,463.7604,0.0,1.1672,0.8571,1049,34.91000000000001,286.9348377184891,320.0317,606.9623,463.497,0.0417,0.9311,0.8658,1049,34.91000000000001,286.30987009208604,320.5007,606.8002,463.6504,0.0,1.04,0.9634,1049,34.91000000000001,286.3304868088286,320.4711,606.8016,463.6364,0.0833,0.9772,0.7849,1049,34.91000000000001
286.32981689113456,320.4543,606.7807,463.6175,0.0583,0.7677,0.8512,1050,34.943333333333335,285.7053723504187,320.9114,606.6101,463.7607,0.0,1.1939,0.8546,1050,34.943333333333335,286.93447222497144,320.0318,606.962,463.4969,0.0417,0.9307,0.8679,1050,34.943333333333335,286.30951628362584,320.5008,606.8,463.6504,0.0,1.0398,0.9759,1050,34.943333333333335,286.32995065427343,320.4716,606.8015,463.6366,0.0833,0.9586,0.7869,1050,34.943333333333335
286.32940490292674,320.4553,606.7812,463.6183,0.0583,0.7787,0.8504,1051,34.97666666666667,285.70469530742633,320.9125,606.6107,463.7616,0.0,1.1964,0.8513,1051,34.97666666666667,286.9337723867312,320.0321,606.9617,463.4969,0.0417,0.9287,0.872,1051,34.97666666666667,286.3088162411449,320.5011,606.7996,463.6504,0.0,1.0397,0.9768,1051,34.97666666666667,286.12991541851636,320.4728,606.6026,463.5377,0.0917,0.9621,0.8021,1051,34.97666666666667
286.32546282061946,320.4581,606.7801,463.6191,0.0583,0.781,0.8497,1052,35.02666666666667,285.700985923433,320.9151,606.6096,463.7623,0.0,1.1985,0.8592,1052,35.02666666666667,286.9352293200217,320.0312,606.9621,463.4967,0.0417,0.9127,0.9021,1052,35.02666666666667,286.31012937522684,320.5003,606.8001,463.6502,0.0,1.0372,0.9719,1052,35.02666666666667,286.3260842773881,320.4755,606.8014,463.6384,0.0833,0.9514,0.7893,1052,35.02666666666667
286.32644789049016,320.4575,606.7804,463.619,0.0583,0.8017,0.8531,1053,35.04333333333334,285.70205154569015,320.9146,606.61,463.7623,0.0,1.2063,0.8519,1053,35.04333333333334,286.93349176467876,320.033,606.9622,463.4976,0.0417,0.9181,0.8966,1053,35.04333333333334,286.3083400404885,320.5023,606.8002,463.6512,0.0,1.028,0.9726,1053,35.04333333333334,286.3266905466736,320.475,606.8014,463.6382,0.0833,0.9547,0.7854,1053,35.04333333333334
286.3250647021821,320.459,606.7806,463.6198,0.0583,0.8,0.8653,1054,35.07666666666667,285.7006750601281,320.9161,606.6102,463.7631,0.0,1.2089,0.8551,1054,35.07666666666667,286.9313146060899,320.0351,606.9622,463.4987,0.0417,0.9224,0.8937,1054,35.07666666666667,286.3061384305051,320.5043,606.8002,463.6522,0.0,1.0313,0.9714,1054,35.07666666666667,286.32505798235,320.4767,606.8016,463.6392,0.0833,0.9708,0.7885,1054,35.07666666666667
286.327071042773,320.4574,606.781,463.6192,0.0583,0.8094,0.8533,1055,35.115,285.70257588815707,320.9146,606.6106,463.7626,0.0,1.2091,0.8553,1055,35.115,286.93173501613785,320.0351,606.9626,463.4988,0.0417,0.9225,0.8924,1055,35.115,286.30655980398404,320.5042,606.8005,463.6524,0.0,1.0272,0.9714,1055,35.115,286.32712268703744,320.4751,606.8021,463.6386,0.0833,0.9707,0.7879,1055,35.115
286.30498430060845,320.4295,606.7325,463.581,0.0583,0.8894,0.7622,1056,35.14666666666667,285.86016197865206,320.8952,606.7386,463.8169,0.0,1.1609,0.857,1056,35.14666666666667,286.9650765645494,320.0062,606.9684,463.4873,0.0583,0.8831,0.8185,1056,35.14666666666667,286.4628628549982,320.482,606.9241,463.703,0.0,1.1132,0.8436,1056,35.14666666666667,286.29047876662935,320.4427,606.7325,463.5876,0.0583,0.9939,0.7622,1056,35.14666666666667
286.29334466260804,320.4422,606.7348,463.5885,0.05,1.0796,0.7635,1057,35.17666666666667,285.8653292524841,320.8919,606.7406,463.8163,0.0,1.1825,0.8659,1057,35.17666666666667,286.9259444161099,320.045,606.9681,463.5066,0.0667,0.8738,0.8244,1057,35.17666666666667,286.4578433354742,320.4859,606.9231,463.7045,0.0,1.1244,0.851,1057,35.17666666666667,286.2955164633793,320.4398,606.7348,463.5873,0.0583,1.0212,0.7635,1057,35.17666666666667
286.29326999189516,320.4418,606.7342,463.588,0.05,1.0543,0.766,1058,35.218333333333334,285.8648485375595,320.8915,606.7397,463.8156,0.0,1.2045,0.8762,1058,35.218333333333334,286.92623125180955,320.045,606.9684,463.5067,0.0667,0.874,0.8244,1058,35.218333333333334,286.4581066836818,320.4859,606.9234,463.7047,0.0,1.1244,0.8509,1058,35.218333333333334,286.295414707133,320.4393,606.7342,463.5867,0.0583,1.0004,0.766,1058,35.218333333333334
286.29222858150445,320.4429,606.7343,463.5886,0.05,1.0824,0.7641,1059,35.24333333333333,285.8641169318696,320.8923,606.7399,463.8161,0.0,1.1871,0.8679,1059,35.24333333333333,286.9215678215385,320.0497,606.9684,463.509,0.0667,0.874,0.8245,1059,35.24333333333333,286.45379031885597,320.49,606.9234,463.7067,0.0,1.1246,0.8509,1059,35.24333333333333,286.2943760966738,320.4404,606.7343,463.5874,0.0583,1.0018,0.7641,1059,35.24333333333333
286.290751783553,320.445,606.735,463.59,0.05,1.0519,0.7439,1060,35.27666666666667,285.86191446128987,320.8946,606.74,463.8173,0.0,1.1959,0.8645,1060,35.27666666666667,286.920060437049,320.0499,606.967,463.5084,0.0667,0.8598,0.8157,1060,35.27666666666667,286.4520907596157,320.4901,606.9218,463.7059,0.0,1.1182,0.853,1060,35.27666666666667,286.2928972276728,320.4426,606.735,463.5888,0.0583,0.9849,0.7439,1060,35.27666666666667
286.2916761198419,320.4447,606.7357,463.5902,0.05,1.0752,0.7429,1061,35.32,285.86337578568987,320.8941,606.7411,463.8176,0.0,1.1728,0.8731,1061,35.32,286.9203337581167,320.0505,606.9679,463.5092,0.0667,0.8603,0.815,1061,35.32,286.4526468204705,320.4907,606.9229,463.7068,0.0,1.1248,0.8538,1061,35.32,286.29386249931724,320.4422,606.7357,463.5889,0.0583,1.0259,0.7429,1061,35.32
286.29126089387125,320.4434,606.7341,463.5888,0.05,1.0915,0.7379,1062,35.343333333333334,285.86316431696923,320.8927,606.7396,463.8161,0.0,1.1518,0.8748,1062,35.343333333333334,286.9196064723643,320.0499,606.9666,463.5083,0.0667,0.8782,0.8245,1062,35.343333333333334,286.45198892234237,320.4901,606.9218,463.7059,0.0,1.1249,0.8623,1062,35.343333333333334,286.29348037669297,320.4409,606.7341,463.5875,0.0583,1.0248,0.7379,1062,35.343333333333334
286.3080342286281,320.4288,606.735,463.5819,0.0583,0.9199,0.7377,1063,35.37666666666667,285.8629813732225,320.8938,606.7404,463.8171,0.0,1.178,0.8734,1063,35.37666666666667,286.9185423188435,320.051,606.9667,463.5088,0.0667,0.8583,0.8245,1063,35.37666666666667,286.4509865769188,320.4912,606.9218,463.7065,0.0,1.1169,0.8623,1063,35.37666666666667,286.2932954523575,320.442,606.735,463.5885,0.0583,1.018,0.7377,1063,35.37666666666667
286.28796660434506,320.4468,606.734,463.5904,0.05,1.0409,0.7366,1064,35.41833333333334,285.8599056938004,320.8961,606.7396,463.8178,0.0,1.2059,0.8713,1064,35.41833333333334,286.91929142381446,320.0505,606.9669,463.5087,0.0667,0.8578,0.8245,1064,35.41833333333334,286.4516683957769,320.4908,606.922,463.7064,0.0,1.1231,0.8617,1064,35.41833333333334,286.2900951735159,320.4444,606.734,463.5892,0.0583,1.0198,0.7366,1064,35.41833333333334
286.2906681970018,320.4458,606.7357,463.5907,0.05,1.04,0.7368,1065,35.443333333333335,285.8628932448047,320.895,606.7415,463.8183,0.0,1.194,0.8702,1065,35.443333333333335,286.9201188418931,320.0497,606.967,463.5083,0.0667,0.858,0.8245,1065,35.443333333333335,286.45244554174565,320.49,606.9221,463.706,0.0,1.1231,0.8617,1065,35.443333333333335,286.292807774772,320.4433,606.7357,463.5895,0.0583,1.0208,0.7368,1065,35.443333333333335
286.2529567093845,320.4014,606.6544,463.5279,0.075,0.7514,0.7845,1066,35.47833333333334,285.5470678293585,321.0746,606.6135,463.8441,0.0,1.038,0.7569,1066,35.47833333333334,286.89802751609193,319.9442,606.8409,463.3925,0.075,0.7068,0.834,1066,35.47833333333334,285.9301271588586,320.6764,606.6003,463.6384,0.0,1.1096,0.884,1066,35.47833333333334,286.2700918306232,320.4139,606.684,463.549,0.0833,0.8119,0.7842,1066,35.47833333333334
286.2546691089848,320.4046,606.6593,463.5319,0.075,0.7513,0.7491,1067,35.52666666666667,285.5486137011145,321.0778,606.6181,463.848,0.0,1.0104,0.7577,1067,35.52666666666667,286.9304136552904,319.9432,606.8714,463.4073,0.075,0.676,0.8093,1067,35.52666666666667,285.9611583814608,320.6758,606.6306,463.6532,0.0,1.1014,0.8717,1067,35.52666666666667,286.2720024360288,320.4168,606.6888,463.5528,0.0833,0.8186,0.7665,1067,35.52666666666667
286.2488138170453,320.4082,606.657,463.5326,0.075,0.7723,0.7268,1068,35.54333333333334,285.5425952086207,321.0816,606.6157,463.8487,0.0,1.0718,0.7681,1068,35.54333333333334,286.92323483881023,319.9485,606.8696,463.4091,0.075,0.7261,0.8063,1068,35.54333333333334,285.9544122493272,320.68,606.6281,463.654,0.0,1.1165,0.8797,1068,35.54333333333334,286.26614449486897,320.4205,606.6866,463.5535,0.0833,0.8327,0.7504,1068,35.54333333333334
286.2513494438881,320.4057,606.657,463.5314,0.075,0.7495,0.7313,1069,35.57666666666667,285.5407993671338,321.0787,606.6115,463.8451,0.0,0.9964,0.7484,1069,35.57666666666667,287.0046818949516,319.9425,606.9442,463.4434,0.1083,0.6924,0.7526,1069,35.57666666666667,286.1095921604733,320.6757,606.7759,463.7258,0.0,1.0923,0.8368,1069,35.57666666666667,286.26890329474486,320.4179,606.6868,463.5523,0.0833,0.8146,0.7581,1069,35.57666666666667
286.24830827045355,320.4091,606.6574,463.5332,0.075,0.7525,0.739,1070,35.61,285.53805472879145,321.0814,606.6117,463.8465,0.0,1.0243,0.7484,1070,35.61,286.9994469435252,319.9473,606.9436,463.4454,0.1083,0.6923,0.7523,1070,35.61,286.10544271589305,320.6791,606.7754,463.7273,0.0,1.1006,0.836,1070,35.61,286.26617350137053,320.421,606.6871,463.5541,0.0833,0.8256,0.7601,1070,35.61
286.3566381227073,320.4081,606.7615,463.5848,0.0833,0.755,0.7981,1071,35.64333333333334,285.61503940487444,321.0803,606.6872,463.8837,0.0,0.9936,0.8151,1071,35.64333333333334,286.9840111698833,319.9502,606.9324,463.4413,0.075,0.6993,0.876,1071,35.64333333333334,286.01302166569405,320.6807,606.688,463.6843,0.0,1.082,0.8635,1071,35.64333333333334,286.22907204193484,320.4198,606.6478,463.5338,0.1,0.8065,0.6409,1071,35.64333333333334
286.31416372413105,320.4092,606.7191,463.5641,0.0667,0.7317,0.7952,1072,35.67666666666667,285.4077442690153,321.0812,606.4871,463.7841,0.0,1.05,0.8454,1072,35.67666666666667,286.9409204436773,319.9523,606.8912,463.4217,0.075,0.713,0.8596,1072,35.67666666666667,285.97166719037324,320.6827,606.6486,463.6656,0.0,1.0942,0.8912,1072,35.67666666666667,286.21097996290433,320.4214,606.6305,463.526,0.0917,0.7938,0.627,1072,35.67666666666667
286.243490332428,320.3671,606.6085,463.4878,0.1,0.7386,0.6582,1073,35.71,285.6205772517051,321.0858,606.6971,463.8914,0.0,1.1337,0.7817,1073,35.71,286.81449102481605,319.9891,606.8036,463.3964,0.1083,0.644,0.6583,1073,35.71,286.2255278173434,320.684,606.8983,463.7912,0.0,1.137,0.8261,1073,35.71,286.2260081978125,320.3846,606.6085,463.4965,0.1,0.6704,0.6582,1073,35.71
286.2429914957049,320.3674,606.6085,463.488,0.1,0.7227,0.6672,1074,35.74333333333333,285.6196596439593,321.0859,606.6965,463.8912,0.0,1.0929,0.7798,1074,35.74333333333333,286.8115178672424,319.9906,606.8021,463.3964,0.1083,0.6412,0.6641,1074,35.74333333333333,286.2222788382984,320.6856,606.8967,463.7912,0.0,1.1351,0.8261,1074,35.74333333333333,286.2255924839066,320.3848,606.6085,463.4967,0.1,0.6936,0.6672,1074,35.74333333333333
286.2071171918658,320.3897,606.5953,463.4925,0.0917,0.6699,0.7279,1075,35.77666666666667,285.60334475390107,321.0885,606.6832,463.8858,0.0,1.0804,0.7458,1075,35.77666666666667,286.81027023690416,319.9919,606.8018,463.3968,0.1,0.6574,0.6746,1075,35.77666666666667,286.20589434917053,320.6866,606.8819,463.7842,0.0,1.1233,0.8404,1075,35.77666666666667,286.18275894677936,320.4141,606.5953,463.5047,0.0917,0.7764,0.7279,1075,35.77666666666667
286.13850210222506,320.4567,606.5952,463.5259,0.1,0.6776,0.6776,1076,35.81166666666667,285.8432316883993,320.9254,606.756,463.8407,0.0,1.1427,0.8265,1076,35.81166666666667,286.74840863897566,320.0309,606.7793,463.4051,0.0917,0.8074,0.7646,1076,35.81166666666667,286.43916189401136,320.511,606.9333,463.7222,0.0,1.2418,0.8307,1076,35.81166666666667,286.12857256398627,320.4843,606.6125,463.5484,0.0833,0.9129,0.6733,1076,35.81166666666667
286.1388149580726,320.4568,606.5956,463.5262,0.1,0.6946,0.6758,1077,35.843333333333334,285.84347719644194,320.9255,606.7564,463.8409,0.0,1.1368,0.8275,1077,35.843333333333334,286.75801907201173,320.0208,606.7788,463.3998,0.1,0.84,0.7656,1077,35.843333333333334,286.4372803550338,320.5125,606.933,463.7227,0.0,1.2423,0.831,1077,35.843333333333334,286.1287531305312,320.4845,606.6128,463.5487,0.0833,0.9176,0.6739,1077,35.843333333333334
286.15293570681894,320.4452,606.5981,463.5216,0.1,0.6818,0.6576,1078,35.87666666666667,285.85507619783573,320.9154,606.758,463.8367,0.0,1.1078,0.8515,1078,35.87666666666667,286.85821827893034,320.0234,606.8815,463.4524,0.0583,0.7818,0.8117,1078,35.87666666666667,286.2916513991289,320.5044,606.785,463.6447,0.0,1.244,0.8675,1078,35.87666666666667,286.1246234889437,320.4735,606.5981,463.5358,0.0917,0.9498,0.6576,1078,35.87666666666667
286.1532886852426,320.4455,606.5988,463.5221,0.1,0.6914,0.6575,1079,35.90833333333334,285.85554811686666,320.9156,606.7587,463.8371,0.0,1.1104,0.8548,1079,35.90833333333334,286.85827556548463,320.0235,606.8816,463.4525,0.0583,0.7823,0.8115,1079,35.90833333333334,286.2917047697234,320.5045,606.7851,463.6448,0.0,1.2441,0.8677,1079,35.90833333333334,286.1249779316737,320.4738,606.5988,463.5363,0.0917,0.9497,0.6575,1079,35.90833333333334
286.2555201272921,320.4456,606.6995,463.5725,0.0667,0.6781,0.8468,1080,35.943333333333335,285.7020746244354,320.9156,606.6112,463.7634,0.0,1.1234,0.8945,1080,35.943333333333335,286.8575347249405,320.0241,606.8814,463.4527,0.0583,0.7762,0.8084,1080,35.943333333333335,286.29086236668104,320.5052,606.7849,463.6451,0.0,1.2446,0.8669,1080,35.943333333333335,286.125200445449,320.4737,606.5989,463.5363,0.0917,0.9502,0.6584,1080,35.943333333333335
286.1531130555828,320.4444,606.5975,463.5209,0.1,0.6999,0.6557,1081,35.97666666666667,285.85464728032036,320.9145,606.7567,463.8356,0.0,1.1389,0.8535,1081,35.97666666666667,286.7559821491611,320.0242,606.7802,463.4022,0.0917,0.7762,0.751,1081,35.97666666666667,286.4432894515073,320.5054,606.9321,463.7187,0.0,1.2546,0.8524,1081,35.97666666666667,286.1247691603245,320.4727,606.5975,463.5351,0.0917,0.9566,0.6557,1081,35.97666666666667
286.15271010145943,320.4457,606.5984,463.522,0.1,0.7008,0.6624,1082,36.010000000000005,285.8553244320105,320.916,606.7587,463.8374,0.0,1.116,0.8509,1082,36.010000000000005,286.85772735715364,320.0238,606.8814,463.4526,0.0583,0.7795,0.8082,1082,36.010000000000005,286.2910326167335,320.505,606.7849,463.645,0.0,1.2448,0.8683,1082,36.010000000000005,286.1247415850487,320.4736,606.5984,463.536,0.0917,0.9505,0.6624,1082,36.010000000000005
286.1532639339666,320.4451,606.5984,463.5217,0.1,0.6905,0.6633,1083,36.04333333333334,285.85529921533555,320.9156,606.7584,463.837,0.0,1.1118,0.8539,1083,36.04333333333334,286.8576603064579,320.024,606.8815,463.4527,0.0583,0.7797,0.8118,1083,36.04333333333334,286.29106195702127,320.505,606.785,463.645,0.0,1.2449,0.8684,1083,36.04333333333334,286.1251495475773,320.4732,606.5984,463.5358,0.0917,0.9505,0.6633,1083,36.04333333333334
286.1536116409352,320.4449,606.5985,463.5217,0.1,0.691,0.6616,1084,36.07666666666667,285.8560575216187,320.9153,606.7587,463.837,0.0,1.1128,0.8486,1084,36.07666666666667,286.85805719368324,320.0235,606.8814,463.4524,0.0583,0.7791,0.8119,1084,36.07666666666667,286.2914362763356,320.5046,606.7849,463.6447,0.0,1.2446,0.8682,1084,36.07666666666667,286.1254713632542,320.473,606.5985,463.5357,0.0917,0.9498,0.6616,1084,36.07666666666667
286.1542142344672,320.4436,606.5978,463.5207,0.1,0.6895,0.6571,1085,36.11,285.85625714147443,320.9141,606.7576,463.8359,0.0,1.1143,0.8496,1085,36.11,286.85811812726183,320.0231,606.881,463.4521,0.0583,0.7785,0.8121,1085,36.11,286.2915589382016,320.5041,606.7846,463.6443,0.0,1.2437,0.8684,1085,36.11,286.1262824989664,320.4715,606.5978,463.5346,0.0917,0.9496,0.6571,1085,36.11
286.2399857624076,320.414,606.654,463.534,0.075,0.8484,0.8438,1086,36.14666666666667,285.7604098658785,321.0,606.7289,463.8645,0.0,1.2367,0.8774,1086,36.14666666666667,286.9278161764417,319.9531,606.8795,463.4163,0.0833,0.6796,0.8649,1086,36.14666666666667,286.1772717628112,320.6181,606.7731,463.6956,0.0,1.3887,0.8963,1086,36.14666666666667,286.3887828955575,320.432,606.8208,463.6264,0.1,1.0003,0.7756,1086,36.14666666666667
286.4090085292403,320.4153,606.8212,463.6183,0.1,0.858,0.7769,1087,36.17666666666667,285.76024875311816,321.0013,606.7299,463.8656,0.0,1.2192,0.8734,1087,36.17666666666667,286.92890677837755,319.9524,606.88,463.4162,0.0833,0.6797,0.8636,1087,36.17666666666667,286.17822450359586,320.6175,606.7734,463.6955,0.0,1.3895,0.8938,1087,36.17666666666667,286.38834495631374,320.4329,606.8212,463.627,0.1,0.9865,0.7769,1087,36.17666666666667
286.23916122123967,320.4147,606.6538,463.5342,0.075,0.853,0.8409,1088,36.21,285.76018104605316,321.0005,606.7293,463.8649,0.0,1.2287,0.8726,1088,36.21,286.9290505832362,319.9519,606.8796,463.4157,0.0833,0.6799,0.8648,1088,36.21,286.17839266500187,320.6171,606.7731,463.6951,0.0,1.3906,0.8926,1088,36.21,286.2214406468598,320.4328,606.6538,463.5433,0.075,1.0026,0.8409,1088,36.21
286.40657662429027,320.4173,606.8207,463.619,0.1,0.8434,0.7759,1089,36.24333333333333,285.7592879101691,321.0032,606.7306,463.8669,0.0,1.2064,0.8565,1089,36.24333333333333,286.8463674879501,320.0341,606.8792,463.4566,0.0583,0.8659,0.8548,1089,36.24333333333333,286.1586480064623,320.636,606.7741,463.705,0.0,1.4063,0.8888,1089,36.24333333333333,286.40657662429027,320.4173,606.8207,463.619,0.1,0.8434,0.7759,1089,36.24333333333333
286.24189117161313,320.4132,606.6551,463.5341,0.075,0.8522,0.8454,1090,36.27666666666667,285.7629038138241,320.9997,606.7304,463.8651,0.0,1.215,0.8686,1090,36.27666666666667,286.84932217247285,320.0317,606.8796,463.4557,0.0583,0.8707,0.8856,1090,36.27666666666667,286.1599563620943,320.6339,606.7732,463.7035,0.0,1.4189,0.893,1090,36.27666666666667,286.22440512529965,320.4308,606.6551,463.5429,0.075,0.9797,0.8454,1090,36.27666666666667
286.23971784608995,320.4156,606.6553,463.5355,0.075,0.8577,0.8456,1091,36.31,285.76100390927127,321.0016,606.7307,463.8661,0.0,1.2145,0.8691,1091,36.31,286.8488384688478,320.0323,606.8798,463.4561,0.0583,0.8697,0.8859,1091,36.31,286.15946335302874,320.6345,606.7733,463.7039,0.0,1.4194,0.8929,1091,36.31,286.2218799036605,320.4335,606.6553,463.5444,0.075,0.9846,0.8456,1091,36.31
286.2400652005508,320.4144,606.6545,463.5344,0.075,0.8467,0.8463,1092,36.343333333333334,285.76140621802904,321.0005,606.7299,463.8652,0.0,1.2168,0.8683,1092,36.343333333333334,286.84875955466134,320.0323,606.8796,463.456,0.0583,0.8694,0.8856,1092,36.343333333333334,286.1593790938091,320.6345,606.7732,463.7038,0.0,1.4193,0.893,1092,36.343333333333334,286.22212380208845,320.4324,606.6545,463.5434,0.075,0.9849,0.8463,1092,36.343333333333334
286.23884631188736,320.4145,606.6533,463.5339,0.075,0.8527,0.8358,1093,36.375,285.7603005590031,321.0004,606.7289,463.8646,0.0,1.2235,0.8721,1093,36.375,286.848893768161,320.0321,606.8796,463.4558,0.0583,0.8735,0.863,1093,36.375,286.1594688361864,320.6342,606.773,463.7036,0.0,1.4184,0.8733,1093,36.375,286.38801101124943,320.4324,606.8204,463.6264,0.1,0.9949,0.7827,1093,36.375
286.24577186113515,320.413,606.6588,463.5359,0.075,0.8732,0.8677,1094,36.41000000000001,285.76878239372354,320.9992,606.736,463.8676,0.0,1.225,0.84,1094,36.41000000000001,286.86039481893465,320.0329,606.8917,463.4623,0.0583,0.8595,0.8566,1094,36.41000000000001,286.1706871916353,320.6349,606.7849,463.7099,0.0,1.4117,0.8692,1094,36.41000000000001,286.2278918245497,320.431,606.6588,463.5449,0.075,0.9958,0.8677,1094,36.41000000000001
286.2457682445807,320.4134,606.6592,463.5363,0.075,0.8583,0.8739,1095,36.44666666666667,285.76349053049614,320.9999,606.731,463.8654,0.0,1.2207,0.8738,1095,36.44666666666667,286.8527417957699,320.0322,606.8834,463.4578,0.0583,0.8586,0.8462,1095,36.44666666666667,286.16283945847965,320.6345,606.7764,463.7055,0.0,1.414,0.8837,1095,36.44666666666667,286.22823367946273,320.4309,606.6592,463.545,0.075,0.9905,0.8739,1095,36.44666666666667
286.18854032784225,320.429,606.6175,463.5233,0.1,0.9046,0.7068,1096,36.47833333333334,285.5670154404876,321.1221,606.6802,463.9012,0.0083,1.1827,0.8771,1096,36.47833333333334,287.0217085174916,319.9509,606.9676,463.4592,0.0917,0.7939,0.7899,1096,36.47833333333334,286.1586682920862,320.7022,606.848,463.7751,0.0,1.0944,0.9085,1096,36.47833333333334,286.20774174750727,320.4123,606.6175,463.5149,0.1083,0.8616,0.7068,1096,36.47833333333334
286.1864485367363,320.4305,606.617,463.5238,0.1,0.8587,0.7166,1097,36.510000000000005,285.5644479604241,321.1233,606.679,463.9012,0.0083,1.1974,0.8809,1097,36.510000000000005,287.0206913596644,319.9522,606.9679,463.46,0.0917,0.7973,0.7883,1097,36.510000000000005,286.1584504610297,320.7031,606.8487,463.7759,0.0,1.0855,0.9093,1097,36.510000000000005,286.18779457413063,320.4292,606.617,463.5231,0.1,0.8608,0.7166,1097,36.510000000000005
286.20789250043157,320.4104,606.6156,463.513,0.1083,0.8746,0.7221,1098,36.56,285.56775305626513,321.1183,606.6775,463.8979,0.0083,1.221,0.8532,1098,36.56,287.0036750626182,319.9696,606.9683,463.469,0.0833,0.7965,0.7793,1098,36.56,286.15980090215464,320.7001,606.8475,463.7738,0.0,1.1102,0.9288,1098,36.56,286.1915163620046,320.4241,606.6156,463.5199,0.1,0.94,0.7221,1098,36.56
286.1907805830483,320.426,606.6167,463.5214,0.1,0.9343,0.7182,1099,36.57666666666667,285.567911394011,321.1192,606.6785,463.8989,0.0083,1.2116,0.8517,1099,36.57666666666667,287.0239216737615,319.9499,606.9689,463.4594,0.0917,0.8128,0.7802,1099,36.57666666666667,286.16046237599767,320.6999,606.848,463.7739,0.0,1.11,0.9291,1099,36.57666666666667,286.1918681660644,320.4249,606.6167,463.5208,0.1,0.9309,0.7182,1099,36.57666666666667
286.20898709011465,320.4095,606.6158,463.5127,0.1083,0.8704,0.7174,1100,36.608333333333334,285.56900140979724,321.1174,606.6778,463.8976,0.0083,1.2115,0.8595,1100,36.608333333333334,287.0254542544189,319.9482,606.9687,463.4584,0.0917,0.8041,0.7801,1100,36.608333333333334,286.1608485996195,320.6995,606.8477,463.7736,0.0,1.1369,0.9298,1100,36.608333333333334,286.1928547666338,320.423,606.6158,463.5194,0.1,0.9238,0.7174,1100,36.608333333333334
286.18972984560975,320.4266,606.6164,463.5215,0.1,0.9451,0.7207,1101,36.650000000000006,285.56774003049526,321.12,606.6791,463.8996,0.0083,1.217,0.8551,1101,36.650000000000006,287.02344290723227,319.9503,606.9688,463.4595,0.0917,0.8063,0.7872,1101,36.650000000000006,286.1590030350424,320.7015,606.848,463.7748,0.0,1.1154,0.9224,1101,36.650000000000006,286.1907172977331,320.4257,606.6164,463.521,0.1,0.9598,0.7207,1101,36.650000000000006
286.1861239939659,320.4356,606.6217,463.5286,0.1,0.9247,0.7367,1102,36.67666666666667,285.5639289613665,321.1294,606.6838,463.9066,0.0083,1.2205,0.8639,1102,36.67666666666667,287.0306048198053,319.9419,606.9675,463.4547,0.0917,0.8211,0.7959,1102,36.67666666666667,286.16483786075156,320.6957,606.8481,463.7719,0.0,1.0724,0.9063,1102,36.67666666666667,286.18734749068483,320.4343,606.6217,463.528,0.1,0.9396,0.7367,1102,36.67666666666667
286.20289555281903,320.4226,606.6224,463.5225,0.1083,0.8842,0.7377,1103,36.71,285.5635273744515,321.1296,606.6838,463.9067,0.0083,1.1997,0.8526,1103,36.71,287.0282919783793,319.9451,606.9685,463.4568,0.0917,0.8173,0.7886,1103,36.71,286.16356906325666,320.6981,606.8493,463.7737,0.0,1.076,0.9058,1103,36.71,286.18773698246343,320.4346,606.6224,463.5285,0.1,0.9455,0.7377,1103,36.71
286.18385542937915,320.4368,606.6206,463.5287,0.1,0.9016,0.737,1104,36.75333333333334,285.561530232482,321.13,606.6822,463.9061,0.0083,1.1932,0.8632,1104,36.75333333333334,287.027894955099,319.9449,606.9679,463.4564,0.0917,0.8175,0.7858,1104,36.75333333333334,286.16328828040895,320.6979,606.8488,463.7733,0.0,1.0757,0.9065,1104,36.75333333333334,286.18557818206835,320.4351,606.6206,463.5279,0.1,0.9111,0.737,1104,36.75333333333334
286.18486200561824,320.4367,606.6215,463.5291,0.1,0.9118,0.7379,1105,36.77666666666667,285.56276886639876,321.1297,606.6832,463.9064,0.0083,1.2081,0.864,1105,36.77666666666667,287.0276246694154,319.9452,606.968,463.4566,0.0917,0.8172,0.7859,1105,36.77666666666667,286.1629532200184,320.6982,606.8488,463.7735,0.0,1.0762,0.9063,1105,36.77666666666667,286.18676708693806,320.4348,606.6215,463.5282,0.1,0.9139,0.7379,1105,36.77666666666667
286.11665636134524,320.4415,606.5582,463.4999,0.0917,0.9442,0.7028,1106,36.81333333333333,285.61459633073315,321.1091,606.7171,463.9131,0.0,1.0587,0.7712,1106,36.81333333333333,286.91585257941904,320.0288,606.9417,463.4852,0.0667,0.922,0.803,1106,36.81333333333333,286.18777843695307,320.7276,606.9036,463.8156,0.0,0.968,0.8209,1106,36.81333333333333,286.11693585708076,320.4412,606.5582,463.4997,0.1083,0.9682,0.7028,1106,36.81333333333333
286.1408532423391,320.4441,606.585,463.5145,0.0917,0.9477,0.6898,1107,36.85166666666667,285.63583342053187,321.1105,606.7375,463.924,0.0,1.0633,0.8138,1107,36.85166666666667,286.91763409111473,320.029,606.9436,463.4863,0.0667,0.912,0.8346,1107,36.85166666666667,286.1902112072861,320.7274,606.9059,463.8166,0.0,0.961,0.8361,1107,36.85166666666667,286.32448087096645,320.4432,606.7664,463.6048,0.0833,0.9946,0.7813,1107,36.85166666666667
286.14115646495964,320.4439,606.585,463.5144,0.0917,0.9551,0.6978,1108,36.875,285.6368524134881,321.1108,606.7387,463.9248,0.0,1.0364,0.8176,1108,36.875,286.9174109127672,320.0278,606.9422,463.485,0.0667,0.9114,0.8346,1108,36.875,286.1897602586291,320.7264,606.9045,463.8154,0.0,0.9617,0.8347,1108,36.875,286.32537928256454,320.4426,606.7667,463.6046,0.0833,1.0012,0.7915,1108,36.875
286.1441390243317,320.4433,606.5875,463.5154,0.0917,0.9581,0.6848,1109,36.90833333333334,285.63896174136767,321.1102,606.7403,463.9253,0.0,1.0618,0.8185,1109,36.90833333333334,286.9183212965636,320.0281,606.9435,463.4858,0.0667,0.9175,0.8341,1109,36.90833333333334,286.1901886998477,320.7268,606.9054,463.8161,0.0,0.9639,0.8367,1109,36.90833333333334,286.32805258574496,320.4423,606.769,463.6057,0.0833,1.0058,0.8009,1109,36.90833333333334
286.1197499270161,320.4429,606.5627,463.5028,0.0917,0.9582,0.6974,1110,36.95333333333333,285.6180074363162,321.1096,606.7214,463.9155,0.0,1.0403,0.7764,1110,36.95333333333333,286.9181303725911,320.0276,606.9428,463.4852,0.0667,0.9175,0.8311,1110,36.95333333333333,286.18954917288886,320.726,606.9041,463.8151,0.0,0.974,0.8355,1110,36.95333333333333,286.12080093336124,320.4419,606.5627,463.5023,0.1083,0.9834,0.6974,1110,36.95333333333333
286.1430922708784,320.4429,606.586,463.5144,0.0917,0.9654,0.6832,1111,36.975,285.6380627130576,321.1097,606.7391,463.9244,0.0,1.0386,0.8206,1111,36.975,286.91484239297097,320.0308,606.9427,463.4868,0.0667,0.9175,0.8336,1111,36.975,286.186955611789,320.7292,606.9046,463.8169,0.0,0.9649,0.8355,1111,36.975,286.32663362661987,320.4422,606.7677,463.6049,0.0833,0.9782,0.79,1111,36.975
286.1426383810608,320.4434,606.5861,463.5147,0.0917,0.9654,0.703,1112,37.010000000000005,285.6375702168714,321.11,606.7389,463.9245,0.0,1.0375,0.8137,1112,37.010000000000005,286.9151481503508,320.0305,606.9427,463.4866,0.0667,0.9123,0.8352,1112,37.010000000000005,286.18685863008574,320.7289,606.9042,463.8166,0.0,0.9647,0.835,1112,37.010000000000005,286.32631556034045,320.4424,606.7676,463.605,0.0833,0.9771,0.7921,1112,37.010000000000005
286.14346191636537,320.4428,606.5863,463.5146,0.0917,0.9655,0.7044,1113,37.04166666666667,285.6385473121986,321.1094,606.7394,463.9244,0.0,1.0653,0.8136,1113,37.04166666666667,286.91595415464604,320.0298,606.9428,463.4863,0.0667,0.9119,0.8356,1113,37.04166666666667,286.18817725958354,320.728,606.9047,463.8164,0.0,0.9811,0.8402,1113,37.04166666666667,286.3270841481594,320.4419,606.7679,463.6049,0.0833,0.9825,0.7908,1113,37.04166666666667
286.14222160552265,320.4439,606.5862,463.515,0.0917,0.9643,0.7048,1114,37.075,285.63754427290394,321.1105,606.7394,463.9249,0.0,1.0536,0.8142,1114,37.075,286.91809410291825,320.0277,606.9428,463.4852,0.0667,0.8821,0.8357,1114,37.075,286.1904212865976,320.7262,606.9051,463.8156,0.0,0.9842,0.8402,1114,37.075,286.3259615079363,320.4429,606.7678,463.6053,0.0833,0.9859,0.7977,1114,37.075
286.14292965329867,320.444,606.587,463.5155,0.0917,0.9564,0.7019,1115,37.11,285.6388241864196,321.1104,606.7406,463.9255,0.0,1.0652,0.8137,1115,37.11,286.91818827344514,320.0275,606.9427,463.4851,0.0667,0.8825,0.8357,1115,37.11,286.19063905457745,320.7259,606.905,463.8155,0.0,0.984,0.8402,1115,37.11,286.32659099218665,320.4429,606.7685,463.6057,0.0833,1.0002,0.7982,1115,37.11
286.34472248055494,320.4337,606.7737,463.6037,0.075,0.9222,0.8133,1116,37.14666666666667,285.7860334313884,320.898,606.6713,463.7846,0.0,1.1567,0.8771,1116,37.14666666666667,286.7571406826329,320.0185,606.7757,463.3971,0.0917,0.7789,0.7551,1116,37.14666666666667,286.3302987871464,320.5038,606.8186,463.6612,0.0,1.103,0.8999,1116,37.14666666666667,286.1803971133138,320.4316,606.6102,463.5209,0.1,0.9112,0.7895,1116,37.14666666666667
286.34334495218445,320.4352,606.7741,463.6047,0.075,0.9049,0.8065,1117,37.175000000000004,285.78501893123286,320.899,606.6715,463.7853,0.0,1.1829,0.8772,1117,37.175000000000004,286.75464023693974,320.0213,606.7759,463.3986,0.0917,0.7925,0.7532,1117,37.175000000000004,286.327969096184,320.5063,606.8189,463.6626,0.0,1.0872,0.8882,1117,37.175000000000004,286.1792003225605,320.4331,606.6105,463.5218,0.1,0.8733,0.7935,1117,37.175000000000004
286.3375788905812,320.4414,606.7742,463.6078,0.075,0.9045,0.8295,1118,37.21,285.78137362378044,320.9047,606.6734,463.789,0.0,1.1599,0.8781,1118,37.21,286.9836783092056,320.0247,607.0041,463.5144,0.0917,0.7858,0.7473,1118,37.21,286.3327465936871,320.5089,606.8258,463.6674,0.0,1.086,0.8743,1118,37.21,286.1729648738168,320.4396,606.6108,463.5252,0.1,0.9131,0.8077,1118,37.21
286.3409639959823,320.4375,606.7738,463.6057,0.075,0.9229,0.8203,1119,37.24333333333333,285.7819477095003,320.9013,606.6707,463.786,0.0,1.1534,0.8703,1119,37.24333333333333,286.75401826765477,320.0217,606.7757,463.3987,0.0917,0.7957,0.7608,1119,37.24333333333333,286.32716917867185,320.5066,606.8185,463.6625,0.0,1.1006,0.9077,1119,37.24333333333333,286.17637915774816,320.4354,606.6101,463.5228,0.1,0.9087,0.7984,1119,37.24333333333333
286.3412861555402,320.4371,606.7737,463.6054,0.075,0.928,0.8204,1120,37.27666666666667,285.7822243896696,320.9009,606.6706,463.7858,0.0,1.1507,0.8704,1120,37.27666666666667,286.98639996414613,320.0214,607.0035,463.5125,0.0917,0.7962,0.7298,1120,37.27666666666667,286.32746287103953,320.5063,606.8185,463.6624,0.0,1.1008,0.9074,1120,37.27666666666667,286.1763739044249,320.435,606.6096,463.5223,0.1,0.9226,0.8015,1120,37.27666666666667
286.3424643140572,320.4363,606.7742,463.6053,0.075,0.9345,0.8254,1121,37.31,285.78364560573937,320.9001,606.6713,463.7857,0.0,1.1495,0.8718,1121,37.31,286.7548736059149,320.0209,606.7758,463.3984,0.0917,0.7955,0.7524,1121,37.31,286.3279740127731,320.5059,606.8186,463.6622,0.0,1.0994,0.9073,1121,37.31,286.1777970314259,320.4345,606.6105,463.5225,0.1,0.9344,0.8029,1121,37.31
286.3415035965511,320.4359,606.7727,463.6043,0.075,0.932,0.8266,1122,37.34166666666667,285.78346172308176,320.8999,606.6707,463.7853,0.0,1.1446,0.8726,1122,37.34166666666667,286.7527618909278,320.022,606.7748,463.3984,0.0917,0.7916,0.7581,1122,37.34166666666667,286.32617218652945,320.507,606.8178,463.6624,0.0,1.103,0.8937,1122,37.34166666666667,286.1772618575148,320.4338,606.6093,463.5216,0.1,0.9307,0.7926,1122,37.34166666666667
286.34061651566054,320.4374,606.7733,463.6054,0.075,0.9328,0.8218,1123,37.375,285.7826767343517,320.9012,606.6712,463.7862,0.0,1.1461,0.8767,1123,37.375,286.9826221542231,320.0238,607.002,463.5129,0.0917,0.8076,0.7249,1123,37.375,286.3238655793639,320.5087,606.8171,463.6629,0.0,1.1144,0.8916,1123,37.375,286.17585353456235,320.4355,606.6095,463.5225,0.1,0.9356,0.8051,1123,37.375
286.3407815221394,320.437,606.7729,463.605,0.075,0.9352,0.8189,1124,37.41000000000001,285.78259748893896,320.901,606.6708,463.7859,0.0,1.1509,0.8787,1124,37.41000000000001,286.9820409891616,320.0244,607.0021,463.5132,0.0917,0.7977,0.7253,1124,37.41000000000001,286.32329040644424,320.5093,606.8172,463.6632,0.0,1.1137,0.8915,1124,37.41000000000001,286.17607741907,320.435,606.6092,463.5221,0.1,0.9305,0.8008,1124,37.41000000000001
286.3404507857486,320.4376,606.7733,463.6054,0.075,0.9344,0.8302,1125,37.443333333333335,285.7822786228918,320.9015,606.6711,463.7863,0.0,1.1477,0.8735,1125,37.443333333333335,286.9821058314489,320.0244,607.0022,463.5133,0.0917,0.7977,0.725,1125,37.443333333333335,286.3233448340055,320.5093,606.8172,463.6633,0.0,1.1137,0.8915,1125,37.443333333333335,286.15938432078275,320.4512,606.6094,463.5303,0.0917,1.0016,0.7989,1125,37.443333333333335
286.2698589821595,320.3897,606.658,463.5239,0.0667,0.7502,0.8194,1126,37.480000000000004,285.7375006018659,320.8377,606.5703,463.704,0.0,1.1641,0.802,1126,37.480000000000004,286.8927802059686,319.9685,606.8597,463.4141,0.0583,0.7358,0.7989,1126,37.480000000000004,286.33480419319267,320.435,606.7591,463.597,0.0,1.1521,0.8624,1126,37.480000000000004,286.31697999029984,320.4161,606.7331,463.5746,0.075,1.0114,0.7643,1126,37.480000000000004
286.17154644217254,320.3909,606.5619,463.4764,0.0917,0.774,0.7399,1127,37.510000000000005,285.87987297062836,320.8387,606.7077,463.7732,0.0,1.1684,0.851,1127,37.510000000000005,286.89132857096155,319.9717,606.8613,463.4165,0.0583,0.7132,0.7809,1127,37.510000000000005,286.3338996759622,320.4381,606.7613,463.5997,0.0,1.1717,0.8761,1127,37.510000000000005,286.14465572529593,320.4172,606.5619,463.4895,0.0833,0.9694,0.7399,1127,37.510000000000005
286.1724154808431,320.3892,606.561,463.4751,0.0917,0.7643,0.7399,1128,37.54166666666667,285.8805996216938,320.8373,606.707,463.7721,0.0,1.1581,0.8492,1128,37.54166666666667,286.8915274805301,319.9713,606.8611,463.4162,0.0583,0.7122,0.7814,1128,37.54166666666667,286.33410073689856,320.4377,606.7611,463.5994,0.0,1.1711,0.876,1128,37.54166666666667,286.14542627308583,320.4155,606.561,463.4882,0.0833,0.9764,0.7399,1128,37.54166666666667
286.1723398148196,320.3889,606.5606,463.4748,0.0917,0.777,0.736,1129,37.575,285.88107750209804,320.8367,606.707,463.7719,0.0,1.167,0.85,1129,37.575,286.8923787144573,319.9703,606.861,463.4156,0.0583,0.7081,0.7804,1129,37.575,286.3353320079241,320.4362,606.7609,463.5986,0.0,1.1687,0.8757,1129,37.575,286.14538576219445,320.4152,606.5606,463.4879,0.0833,0.978,0.736,1129,37.575
286.1720781415029,320.3901,606.5615,463.4758,0.0917,0.7816,0.7505,1130,37.608333333333334,285.88094916498744,320.838,606.7079,463.7729,0.0,1.1275,0.8499,1130,37.608333333333334,286.89164561343694,319.9715,606.8615,463.4165,0.0583,0.706,0.7814,1130,37.608333333333334,286.3348410469179,320.4376,606.7615,463.5995,0.0,1.1423,0.8757,1130,37.608333333333334,286.1451306031524,320.4164,606.5615,463.489,0.0833,0.9834,0.7505,1130,37.608333333333334
286.18629597771434,320.3871,606.5734,463.4802,0.0833,0.7959,0.7975,1131,37.641666666666666,285.88432816268823,320.8377,606.7106,463.7742,0.0,1.1589,0.8408,1131,37.641666666666666,286.9593099180725,319.9771,606.9317,463.4544,0.05,0.6767,0.7702,1131,37.641666666666666,286.33689310948444,320.4451,606.7707,463.6079,0.0,1.0937,0.8688,1131,37.641666666666666,286.16110417725884,320.4127,606.5734,463.4931,0.075,0.9222,0.7975,1131,37.641666666666666
286.1850820771931,320.3874,606.5725,463.48,0.0833,0.7944,0.7886,1132,37.675000000000004,285.88356252037954,320.8376,606.7098,463.7737,0.0,1.1502,0.85,1132,37.675000000000004,286.9588581997259,319.9767,606.931,463.4539,0.05,0.6761,0.7727,1132,37.675000000000004,286.336631441495,320.4445,606.77,463.6072,0.0,1.1062,0.8687,1132,37.675000000000004,286.15999599432496,320.413,606.5725,463.4928,0.075,0.9189,0.7886,1132,37.675000000000004
286.18647841665506,320.3882,606.5747,463.4815,0.0833,0.7853,0.7996,1133,37.708333333333336,285.8849612419135,320.8382,606.7119,463.775,0.0,1.1536,0.8461,1133,37.708333333333336,286.9592448040971,319.977,606.9316,463.4543,0.05,0.6757,0.7722,1133,37.708333333333336,286.33722611745407,320.4446,606.7706,463.6076,0.0,1.1063,0.8709,1133,37.708333333333336,286.16140350594446,320.4137,606.5747,463.4942,0.075,0.9191,0.7996,1133,37.708333333333336
286.1863169843183,320.3871,606.5734,463.4802,0.0833,0.7931,0.7982,1134,37.74166666666667,285.88487532701873,320.8372,606.7107,463.7739,0.0,1.1515,0.8463,1134,37.74166666666667,286.9592857069984,319.9768,606.9314,463.4541,0.05,0.6761,0.7724,1134,37.74166666666667,286.33744965939366,320.4442,606.7704,463.6073,0.0,1.1063,0.8711,1134,37.74166666666667,286.1611132875962,320.4127,606.5734,463.493,0.075,0.9165,0.7982,1134,37.74166666666667
286.18685001766494,320.3871,606.5739,463.4805,0.0833,0.7915,0.8009,1135,37.77666666666667,285.88573813636106,320.8368,606.7111,463.774,0.0,1.1522,0.8463,1135,37.77666666666667,286.9596735941212,319.9761,606.9312,463.4537,0.05,0.6769,0.7722,1135,37.77666666666667,286.33830680172804,320.443,606.7702,463.6066,0.0,1.1063,0.8716,1135,37.77666666666667,286.1615795316671,320.4127,606.5739,463.4933,0.075,0.9222,0.8009,1135,37.77666666666667
286.1485522911779,320.4183,606.5668,463.4925,0.075,0.8141,0.667,1136,37.815000000000005,285.77750495169676,320.8856,606.6536,463.7696,0.0,1.1616,0.9128,1136,37.815000000000005,286.7127728475348,320.0464,606.7591,463.4028,0.0833,0.7313,0.8367,1136,37.815000000000005,286.2608819567289,320.4964,606.7435,463.6199,0.0,1.168,0.9796,1136,37.815000000000005,286.15026974358784,320.4165,606.5668,463.4917,0.0833,0.8042,0.667,1136,37.815000000000005
286.1490003506525,320.4174,606.5664,463.4919,0.075,0.8029,0.6411,1137,37.843333333333334,285.7759956912746,320.8847,606.6513,463.768,0.0,1.1707,0.8995,1137,37.843333333333334,286.71310375389555,320.0464,606.7595,463.4029,0.0833,0.7309,0.8218,1137,37.843333333333334,286.26118183486994,320.4963,606.7438,463.62,0.0,1.1661,0.9803,1137,37.843333333333334,286.15071108005463,320.4157,606.5664,463.491,0.0833,0.802,0.6411,1137,37.843333333333334
286.14981339581146,320.4181,606.5679,463.493,0.075,0.8196,0.646,1138,37.88,285.7789955975205,320.8854,606.6549,463.7702,0.0,1.164,0.8848,1138,37.88,286.7135357517183,320.0463,606.7598,463.403,0.0833,0.7483,0.8206,1138,37.88,286.2613912813382,320.4964,606.7441,463.6202,0.0,1.1712,0.9786,1138,37.88,286.1518939062764,320.416,606.5679,463.4919,0.0833,0.8099,0.646,1138,37.88
286.14905682764663,320.4208,606.5699,463.4953,0.075,0.84,0.6391,1139,37.91000000000001,285.77783623715334,320.8886,606.657,463.7728,0.0,1.2034,0.8787,1139,37.91000000000001,286.7158897139663,320.0459,606.7618,463.4038,0.0833,0.7409,0.8149,1139,37.91000000000001,286.2658153353178,320.4963,606.7482,463.6222,0.0,1.1745,0.9966,1139,37.91000000000001,286.1480585245068,320.4333,606.5814,463.5073,0.0667,0.8585,0.7935,1139,37.91000000000001
286.1636316659983,320.4043,606.568,463.4861,0.0833,0.76,0.6626,1140,37.94166666666667,285.77970327349,320.8866,606.6568,463.7717,0.0,1.164,0.8888,1140,37.94166666666667,286.7124528103975,320.0467,606.7592,463.4029,0.0833,0.704,0.8299,1140,37.94166666666667,286.26042306540717,320.4965,606.7433,463.6199,0.0,1.1433,0.9697,1140,37.94166666666667,286.1503572707439,320.4176,606.568,463.4928,0.0833,0.836,0.6626,1140,37.94166666666667
286.1578552609408,320.4096,606.5675,463.4886,0.0833,0.7456,0.6608,1141,37.98166666666667,285.77420053483905,320.8912,606.6562,463.7737,0.0,1.1523,0.8851,1141,37.98166666666667,286.6734478874058,320.085,606.7584,463.4217,0.0917,0.683,0.8291,1141,37.98166666666667,286.25606610244046,320.5001,606.7425,463.6213,0.0,1.1464,0.9706,1141,37.98166666666667,286.13013628080694,320.4374,606.5675,463.5024,0.075,0.9002,0.6608,1141,37.98166666666667
286.1592655571468,320.4077,606.567,463.4874,0.0833,0.7546,0.6556,1142,38.010000000000005,285.7756463214391,320.8894,606.6558,463.7726,0.0,1.1388,0.8839,1142,38.010000000000005,286.67188577619334,320.0864,606.7582,463.4223,0.0917,0.6825,0.8241,1142,38.010000000000005,286.2547116897347,320.5013,606.7424,463.6218,0.0,1.1458,0.9707,1142,38.010000000000005,286.1315496173371,320.4354,606.567,463.5012,0.075,0.9,0.6556,1142,38.010000000000005
286.1418457854321,320.4236,606.5655,463.4946,0.075,0.8573,0.6471,1143,38.04166666666667,285.77314432532796,320.8903,606.6543,463.7723,0.0,1.1475,0.8966,1143,38.04166666666667,286.70686623165614,320.0507,606.7576,463.4042,0.0833,0.6809,0.8199,1143,38.04166666666667,286.2556433107116,320.5001,606.742,463.621,0.0,1.177,0.9703,1143,38.04166666666667,286.1400324983085,320.4369,606.577,463.5069,0.0667,0.9248,0.8169,1143,38.04166666666667
286.1635745408697,320.4043,606.5678,463.4861,0.0833,0.7673,0.6513,1144,38.085,285.7774398036868,320.8865,606.6547,463.7706,0.0,1.1181,0.8958,1144,38.085,286.709325304283,320.0498,606.7591,463.4044,0.0833,0.6666,0.8198,1144,38.085,286.2573688880626,320.4995,606.7431,463.6213,0.0,1.1505,0.9702,1144,38.085,286.1615347704634,320.4178,606.5793,463.4986,0.075,0.8369,0.8121,1144,38.085
286.1569969033518,320.4108,606.5678,463.4893,0.0833,0.7427,0.6552,1145,38.11,285.7707685114458,320.893,606.6547,463.7739,0.0,1.1268,0.8959,1145,38.11,286.66910740055107,320.0895,606.7586,463.424,0.0917,0.6243,0.8231,1145,38.11,286.2515187349386,320.5049,606.7427,463.6238,0.0,1.2114,0.97,1145,38.11,286.14052873548167,320.4388,606.5793,463.5091,0.0667,0.9101,0.8125,1145,38.11
286.18886519109185,320.4484,606.6353,463.5418,0.075,1.0262,0.6972,1146,38.14833333333333,285.90410657503844,320.902,606.7852,463.8436,0.0,1.1515,0.8195,1146,38.14833333333333,286.78873976608406,320.0355,606.8215,463.4285,0.0833,0.9068,0.6608,1146,38.14833333333333,286.4777561176136,320.5168,606.9713,463.7441,0.0,1.1541,0.8499,1146,38.14833333333333,286.1912807276435,320.4456,606.6353,463.5405,0.0833,1.0388,0.6972,1146,38.14833333333333
286.18834198670856,320.449,606.6355,463.5423,0.075,0.9924,0.6969,1147,38.18666666666667,285.904183633756,320.9021,606.7855,463.8438,0.0,1.131,0.8206,1147,38.18666666666667,286.78431925703126,320.0384,606.8201,463.4293,0.0833,0.8871,0.6642,1147,38.18666666666667,286.47473745539094,320.5184,606.9702,463.7443,0.0,1.1401,0.848,1147,38.18666666666667,286.1907554624486,320.4463,606.6355,463.5409,0.0833,1.0242,0.6969,1147,38.18666666666667
286.19184747984457,320.4507,606.6406,463.5457,0.075,0.9817,0.7124,1148,38.21,285.90588782969274,320.9043,606.7895,463.8469,0.0,1.1331,0.8342,1148,38.21,286.7862714555023,320.0398,606.8236,463.4317,0.0833,0.8937,0.7707,1148,38.21,286.4722472125545,320.5207,606.9704,463.7455,0.0,1.1055,0.8557,1148,38.21,286.1939185405546,320.4484,606.6406,463.5445,0.0833,0.9988,0.7124,1148,38.21
286.1910680905162,320.451,606.64,463.5455,0.075,0.9896,0.7121,1149,38.24166666666667,285.9047730743291,320.9046,606.7887,463.8467,0.0,1.1296,0.8368,1149,38.24166666666667,286.78538183502883,320.0399,606.8229,463.4314,0.0833,0.893,0.7253,1149,38.24166666666667,286.4713131870524,320.5209,606.9696,463.7452,0.0,1.1053,0.8408,1149,38.24166666666667,286.193120446295,320.4486,606.64,463.5443,0.0833,0.9976,0.7121,1149,38.24166666666667
286.19038608925905,320.4519,606.6402,463.5461,0.075,0.9881,0.7121,1150,38.28666666666667,285.90464047450257,320.9055,606.7894,463.8475,0.0,1.1294,0.8374,1150,38.28666666666667,286.78526061302654,320.0402,606.8231,463.4316,0.0833,0.8903,0.7253,1150,38.28666666666667,286.4719293610496,320.5212,606.9704,463.7458,0.0,1.1528,0.8412,1150,38.28666666666667,286.192396098361,320.4496,606.6402,463.5449,0.0833,0.9968,0.7121,1150,38.28666666666667
286.19019732630966,320.4516,606.6399,463.5458,0.075,1.0013,0.7124,1151,38.30833333333334,285.90462810774727,320.9051,606.7891,463.8471,0.0,1.1186,0.8347,1151,38.30833333333334,286.7865134799989,320.0392,606.8233,463.4313,0.0833,0.8923,0.7406,1151,38.30833333333334,286.47368085078404,320.5203,606.9712,463.7458,0.0,1.1515,0.8417,1151,38.30833333333334,286.19225287904885,320.4493,606.6399,463.5446,0.0833,1.0135,0.7124,1151,38.30833333333334
286.1907497611121,320.4515,606.6402,463.5459,0.075,0.9964,0.7126,1152,38.343333333333334,285.9052199685844,320.9052,606.7896,463.8474,0.0,1.1284,0.8395,1152,38.343333333333334,286.78469675369877,320.0409,606.8231,463.432,0.0833,0.8897,0.725,1152,38.343333333333334,286.4714711382933,320.5219,606.9706,463.7463,0.0,1.1526,0.8413,1152,38.343333333333334,286.1928070718364,320.4492,606.6402,463.5447,0.0833,1.0102,0.7126,1152,38.343333333333334
286.1909657906241,320.4514,606.6403,463.5459,0.075,0.9788,0.7102,1153,38.388333333333335,285.9052790863527,320.9051,606.7898,463.8474,0.0,1.135,0.84,1153,38.388333333333335,286.7833269833449,320.0409,606.822,463.4314,0.0833,0.8908,0.7291,1153,38.388333333333335,286.4702413719265,320.522,606.9696,463.7458,0.0,1.1527,0.8406,1153,38.388333333333335,286.1928832647356,320.4492,606.6403,463.5448,0.0833,1.0005,0.7102,1153,38.388333333333335
286.1906517138416,320.4514,606.6401,463.5458,0.075,0.9981,0.7103,1154,38.40833333333334,285.9047053314167,320.9052,606.7894,463.8473,0.0,1.1297,0.8339,1154,38.40833333333334,286.7830638137175,320.0411,606.8218,463.4315,0.0833,0.891,0.7283,1154,38.40833333333334,286.4696210259355,320.5221,606.9691,463.7456,0.0,1.1529,0.8407,1154,38.40833333333334,286.1925595973212,320.4492,606.6401,463.5447,0.0833,1.0111,0.7103,1154,38.40833333333334
286.18864866641013,320.4529,606.6397,463.5463,0.075,0.9883,0.7101,1155,38.44166666666667,285.90296738692456,320.9063,606.7889,463.8476,0.0,1.146,0.8286,1155,38.44166666666667,286.7825694887497,320.0409,606.8212,463.4311,0.0833,0.8904,0.7458,1155,38.44166666666667,286.4687132856145,320.5219,606.968,463.745,0.0,1.1527,0.8406,1155,38.44166666666667,286.19061903504723,320.4507,606.6397,463.5452,0.0833,1.0088,0.7101,1155,38.44166666666667
286.19524992508576,320.4723,606.6675,463.5699,0.0583,0.8944,0.7522,1156,38.49166666666667,285.8428205448578,320.9205,606.7502,463.8353,0.0,1.3824,0.8652,1156,38.49166666666667,286.78959662862417,320.1268,606.9156,463.5212,0.0667,0.8524,0.7638,1156,38.49166666666667,286.3391863178192,320.5605,606.8857,463.7231,0.0,1.1705,0.9371,1156,38.49166666666667,286.1975441285777,320.4703,606.6675,463.5689,0.0667,0.8984,0.7522,1156,38.49166666666667
286.3609709139371,320.4714,606.8324,463.6519,0.0833,0.8879,0.7378,1157,38.525000000000006,285.84480159974675,320.9194,606.7512,463.8353,0.0,1.3846,0.8686,1157,38.525000000000006,286.8267516582829,320.0899,606.9159,463.5029,0.0583,0.9387,0.7636,1157,38.525000000000006,286.33775071232617,320.562,606.886,463.724,0.0,1.1529,0.937,1157,38.525000000000006,286.1995185564431,320.4695,606.6685,463.569,0.0667,0.9046,0.7474,1157,38.525000000000006
286.35763228422854,320.4734,606.831,463.6522,0.0833,0.8846,0.7491,1158,38.54166666666667,285.84169211447954,320.9212,606.7499,463.8355,0.0,1.3856,0.8658,1158,38.54166666666667,286.8268602845505,320.0894,606.9154,463.5024,0.0583,0.9421,0.7573,1158,38.54166666666667,286.33789173796356,320.5613,606.8856,463.7235,0.0,1.1491,0.9372,1158,38.54166666666667,286.19648801785024,320.4713,606.6673,463.5693,0.0667,0.9078,0.7525,1158,38.54166666666667
286.2113697453775,320.4728,606.6838,463.5783,0.05,0.8737,0.8128,1159,38.575,285.7822921530819,320.9203,606.6918,463.806,0.0,1.2953,0.8511,1159,38.575,286.8870065954242,320.1292,607.0129,463.571,0.0917,0.8128,0.7114,1159,38.575,286.33253664569514,320.563,606.8822,463.7226,0.0,1.1841,0.9338,1159,38.575,286.2135394798249,320.4709,606.6838,463.5774,0.0583,0.914,0.8128,1159,38.575
286.2927124666887,320.4807,606.7734,463.6271,0.0833,0.8927,0.8017,1160,38.61,285.78105321269175,320.9282,606.6984,463.8133,0.0,1.3425,0.8814,1160,38.61,286.82956407582355,320.089,606.9175,463.5033,0.0583,0.8772,0.783,1160,38.61,286.3379511133172,320.5598,606.8851,463.7224,0.0,1.1452,0.9222,1160,38.61,286.2127530131497,320.4784,606.6904,463.5844,0.0583,0.9007,0.7955,1160,38.61
286.29483389829863,320.4797,606.7745,463.6271,0.0833,0.9004,0.8005,1161,38.641666666666666,285.7831526031061,320.9271,606.6995,463.8133,0.0,1.3491,0.8893,1161,38.641666666666666,286.82983072147897,320.0888,606.9177,463.5032,0.0583,0.8778,0.7834,1161,38.641666666666666,286.33847774930325,320.5596,606.8855,463.7225,0.0,1.1451,0.9214,1161,38.641666666666666,286.2146262913585,320.4773,606.6912,463.5842,0.0583,0.9073,0.8224,1161,38.641666666666666
286.29372801577904,320.4814,606.7752,463.6283,0.0833,0.9023,0.7898,1162,38.675000000000004,285.78204107043064,320.9285,606.6999,463.8142,0.0,1.3425,0.8856,1162,38.675000000000004,286.8256919257038,320.0929,606.9176,463.5052,0.0583,0.8714,0.7817,1162,38.675000000000004,286.3345247272032,320.5634,606.8854,463.7244,0.0,1.2293,0.9214,1162,38.675000000000004,286.21343887954686,320.479,606.6916,463.5853,0.0583,0.9091,0.8343,1162,38.675000000000004
286.2943254459027,320.4799,606.7742,463.627,0.0833,0.8928,0.7892,1163,38.708333333333336,285.78260110229866,320.9271,606.6991,463.8131,0.0,1.3383,0.8821,1163,38.708333333333336,286.82512740300933,320.0928,606.917,463.5049,0.0583,0.8722,0.7824,1163,38.708333333333336,286.3340070306531,320.5633,606.8848,463.724,0.0,1.2293,0.9205,1163,38.708333333333336,286.2140027801513,320.4775,606.6907,463.5841,0.0583,0.8971,0.8198,1163,38.708333333333336
286.29374326335915,320.4804,606.7741,463.6273,0.0833,0.8863,0.8038,1164,38.74166666666667,285.78210798643215,320.9277,606.699,463.8133,0.0,1.3383,0.8827,1164,38.74166666666667,286.82598581948355,320.0928,606.9178,463.5053,0.0583,0.8776,0.7767,1164,38.74166666666667,286.3348342629015,320.5634,606.8857,463.7245,0.0,1.2234,0.9213,1164,38.74166666666667,286.2134519922229,320.478,606.6907,463.5844,0.0583,0.8912,0.7894,1164,38.74166666666667
286.2938168693571,320.4802,606.774,463.6271,0.0833,0.881,0.7951,1165,38.775000000000006,285.7822595346765,320.9274,606.6989,463.8131,0.0,1.3381,0.8827,1165,38.775000000000006,286.82655237915185,320.0923,606.9179,463.5051,0.0583,0.8772,0.7763,1165,38.775000000000006,286.3353774160339,320.5629,606.8857,463.7243,0.0,1.2237,0.9213,1165,38.775000000000006,286.21338802210687,320.478,606.6906,463.5843,0.0583,0.8918,0.7895,1165,38.775000000000006
286.20551228657143,320.4121,606.6161,463.5141,0.1,0.6881,0.7689,1166,38.815000000000005,285.93449187966996,320.8184,606.7526,463.7855,0.0083,0.738,0.8292,1166,38.815000000000005,286.93800051056877,320.0212,606.9548,463.488,0.0333,0.9367,0.8468,1166,38.815000000000005,286.4152198487552,320.377,606.7917,463.5844,0.0,0.8676,0.9536,1166,38.815000000000005,286.151091413573,320.465,606.6161,463.5405,0.0833,0.9736,0.7689,1166,38.815000000000005
286.2048162052467,320.4125,606.6159,463.5142,0.1,0.7011,0.7662,1167,38.84166666666667,285.9335152799921,320.8191,606.7523,463.7857,0.0083,0.7461,0.8259,1167,38.84166666666667,286.9389687858606,320.0207,606.9554,463.488,0.0333,0.9268,0.8468,1167,38.84166666666667,286.41613813903086,320.3766,606.7923,463.5844,0.0,0.8677,0.9575,1167,38.84166666666667,286.1503736816396,320.4655,606.6159,463.5407,0.0833,0.972,0.7662,1167,38.84166666666667
286.1841543832263,320.4326,606.6154,463.524,0.0917,0.872,0.7674,1168,38.875,285.9332937979035,320.8196,606.7528,463.7862,0.0083,0.7045,0.8427,1168,38.875,286.9005517328709,320.0566,606.953,463.5048,0.0417,0.8305,0.8461,1168,38.875,286.4134119984108,320.3779,606.7909,463.5844,0.0,0.829,0.96,1168,38.875,286.15635181141397,320.4591,606.6154,463.5373,0.075,0.9178,0.7674,1168,38.875
286.1501176809171,320.465,606.6151,463.5401,0.0667,0.8985,0.7692,1169,38.91000000000001,285.9463888298636,320.8073,606.7536,463.7805,0.0,0.76,0.8259,1169,38.91000000000001,286.9385780294023,320.02,606.9543,463.4871,0.0333,0.9373,0.849,1169,38.91000000000001,286.41508368123857,320.3764,606.7911,463.5837,0.0,0.8882,0.9664,1169,38.91000000000001,286.1655123346513,320.4511,606.6151,463.5331,0.0917,0.8366,0.7692,1169,38.91000000000001
286.1495857636181,320.4664,606.616,463.5412,0.0667,0.8886,0.7675,1170,38.94166666666667,285.945655517139,320.8086,606.7542,463.7814,0.0,0.76,0.8287,1170,38.94166666666667,286.9379046500918,320.0206,606.9542,463.4874,0.0333,0.9345,0.8458,1170,38.94166666666667,286.41446894570555,320.377,606.791,463.584,0.0,0.8881,0.9639,1170,38.94166666666667,286.1647778994934,320.4527,606.616,463.5343,0.0917,0.8349,0.7675,1170,38.94166666666667
286.1532001727628,320.464,606.6172,463.5406,0.0667,0.8951,0.769,1171,38.975,285.9488611379586,320.8064,606.7553,463.7808,0.0,0.7536,0.8291,1171,38.975,286.9396762191908,320.0193,606.9547,463.487,0.0333,0.9275,0.8462,1171,38.975,286.415952951793,320.3758,606.7914,463.5836,0.0,0.8886,0.9629,1171,38.975,286.1513033411438,320.4659,606.6172,463.5415,0.0833,0.9609,0.769,1171,38.975
286.1871713110579,320.4322,606.618,463.5251,0.0917,0.8756,0.7821,1172,39.010000000000005,285.9360399155047,320.8193,606.755,463.7871,0.0083,0.7368,0.8251,1172,39.010000000000005,286.94031422564535,320.0211,606.9572,463.4892,0.0333,0.9192,0.8819,1172,39.010000000000005,286.4174932107044,320.377,606.7941,463.5856,0.0,0.8865,0.9999,1172,39.010000000000005,286.1523768232079,320.4656,606.618,463.5418,0.0833,0.9748,0.7821,1172,39.010000000000005
286.3554749445093,320.4628,606.8182,463.6405,0.0417,0.8765,0.7935,1173,39.04166666666667,285.8119501874685,320.8053,606.6172,463.7113,0.0,0.7603,0.7661,1173,39.04166666666667,286.9414227305724,320.0192,606.9563,463.4878,0.0333,0.9233,0.8761,1173,39.04166666666667,286.4178587288385,320.3758,606.7932,463.5845,0.0,0.8458,0.9988,1173,39.04166666666667,286.15130092846107,320.4647,606.616,463.5403,0.0833,0.9132,0.7762,1173,39.04166666666667
286.3550300682605,320.4629,606.8179,463.6404,0.0417,0.8749,0.7969,1174,39.075,285.81158944326467,320.8052,606.6168,463.711,0.0,0.7635,0.7661,1174,39.075,286.93985084993665,320.0204,606.9559,463.4882,0.0333,0.9239,0.8754,1174,39.075,286.4161639550621,320.377,606.7926,463.5848,0.0,0.8725,0.9992,1174,39.075,286.1507811063258,320.4647,606.6155,463.5401,0.0833,0.9064,0.7761,1174,39.075
286.3545057158949,320.4634,606.8179,463.6407,0.0417,0.8818,0.7939,1175,39.108333333333334,285.81089897193294,320.8059,606.6168,463.7114,0.0,0.7465,0.7661,1175,39.108333333333334,286.9397224911884,320.0205,606.9559,463.4882,0.0333,0.924,0.8754,1175,39.108333333333334,286.4160445621312,320.3771,606.7926,463.5849,0.0,0.866,0.9992,1175,39.108333333333334,286.15052000055084,320.4651,606.6157,463.5404,0.0833,0.9031,0.7759,1175,39.108333333333334
286.2799894653846,320.4348,606.7129,463.5738,0.05,0.9364,0.8399,1176,39.14666666666667,285.8530751437627,320.8725,606.7167,463.7946,0.0,1.2204,0.871,1176,39.14666666666667,286.9520001523682,319.9898,606.9389,463.4644,0.05,0.8476,0.9663,1176,39.14666666666667,286.3124981718077,320.4701,606.7733,463.6217,0.0,1.223,0.8758,1176,39.14666666666667,286.2786148894762,320.436,606.7129,463.5744,0.0583,1.0009,0.8399,1176,39.14666666666667
286.2786483953465,320.4342,606.7112,463.5727,0.05,0.8895,0.8252,1177,39.175000000000004,285.85125454481727,320.8729,606.7151,463.794,0.0,1.213,0.8685,1177,39.175000000000004,286.9703193932382,319.9684,606.9359,463.4522,0.0583,0.827,0.9634,1177,39.175000000000004,286.3102582359562,320.4698,606.7708,463.6203,0.0,1.1583,0.8637,1177,39.175000000000004,286.3715131529457,320.4354,606.8069,463.6212,0.0917,0.9561,0.7282,1177,39.175000000000004
286.28044811004725,320.4331,606.7119,463.5725,0.05,0.9135,0.8286,1178,39.21,285.85291533166446,320.8721,606.7158,463.7939,0.0,1.1964,0.864,1178,39.21,286.95222710083937,319.9873,606.9368,463.4621,0.05,0.8652,0.9243,1178,39.21,286.31227402572426,320.4686,606.7715,463.6201,0.0,1.163,0.8623,1178,39.21,286.37341435543317,320.4343,606.8077,463.621,0.0917,0.9645,0.7295,1178,39.21
286.2820251564041,320.4334,606.7137,463.5736,0.05,0.8943,0.8281,1179,39.24166666666667,285.85443495011464,320.8722,606.7175,463.7948,0.0,1.2123,0.8642,1179,39.24166666666667,286.9741818583592,319.9666,606.9379,463.4522,0.0583,0.8325,0.9211,1179,39.24166666666667,286.31393210796205,320.4681,606.7727,463.6204,0.0,1.1632,0.862,1179,39.24166666666667,286.28066507403355,320.4346,606.7137,463.5742,0.0583,0.9562,0.8281,1179,39.24166666666667
286.31864298863724,320.3955,606.7141,463.5548,0.0667,0.7836,0.8337,1180,39.275000000000006,285.8514212022735,320.8753,606.7179,463.7966,0.0,1.2112,0.86,1180,39.275000000000006,286.9740434902991,319.967,606.9383,463.4527,0.0583,0.7797,0.9267,1180,39.275000000000006,286.31400604105625,320.4686,606.7731,463.6208,0.0,1.1642,0.8619,1180,39.275000000000006,286.2775324454526,320.4382,606.7141,463.5762,0.0583,0.9862,0.8337,1180,39.275000000000006
286.2796618260582,320.4362,606.7142,463.5752,0.05,0.8813,0.8321,1181,39.31333333333333,285.85262978123825,320.8748,606.7184,463.7966,0.0,1.2166,0.8584,1181,39.31333333333333,286.9750359440453,319.9668,606.9391,463.4529,0.0583,0.7776,0.9252,1181,39.31333333333333,286.31487841478435,320.4684,606.7738,463.6211,0.0,1.164,0.8501,1181,39.31333333333333,286.27820003313593,320.4375,606.7142,463.5758,0.0583,0.9552,0.8321,1181,39.31333333333333
286.27831809731015,320.4359,606.7126,463.5743,0.05,0.8862,0.8275,1182,39.34166666666667,285.85137954825564,320.8747,606.7169,463.7958,0.0,1.2356,0.8635,1182,39.34166666666667,286.9719070531505,319.9684,606.9375,463.453,0.0583,0.7799,0.9256,1182,39.34166666666667,286.3118326654655,320.4699,606.7722,463.6211,0.0,1.1643,0.8519,1182,39.34166666666667,286.3708742404829,320.4373,606.8082,463.6227,0.0917,0.9554,0.7294,1182,39.34166666666667
286.27885615090247,320.4345,606.7119,463.5732,0.05,0.8874,0.8295,1183,39.375,285.85184408043364,320.8737,606.7162,463.7949,0.0,1.2365,0.8734,1183,39.375,286.9516255393148,319.9886,606.9375,463.4631,0.05,0.847,0.9247,1183,39.375,286.31200481408587,320.4697,606.7722,463.621,0.0,1.1649,0.8515,1183,39.375,286.37190066813343,320.4359,606.8078,463.6218,0.0917,0.9519,0.7299,1183,39.375
286.2779845403767,320.4354,606.7121,463.5738,0.05,0.9222,0.8309,1184,39.415,285.85093397937214,320.8748,606.7164,463.7956,0.0,1.229,0.8571,1184,39.415,286.9496771295135,319.99,606.937,463.4635,0.05,0.8482,0.9298,1184,39.415,286.3101023334371,320.4711,606.7717,463.6214,0.0,1.1654,0.8516,1184,39.415,286.2765159207638,320.4367,606.7121,463.5744,0.0583,0.9811,0.8309,1184,39.415
286.31756720779487,320.3942,606.7117,463.5529,0.0667,0.7869,0.8324,1185,39.44166666666667,285.8513865422832,320.8739,606.716,463.795,0.0,1.2323,0.871,1185,39.44166666666667,286.94991852063566,319.9899,606.9371,463.4635,0.05,0.8486,0.9302,1185,39.44166666666667,286.3103314208862,320.4711,606.7718,463.6214,0.0,1.1655,0.8517,1185,39.44166666666667,286.37132562433396,320.4361,606.8074,463.6218,0.0917,0.9807,0.732,1185,39.44166666666667
286.3857093922248,320.4702,606.8559,463.663,0.0833,1.024,0.8033,1186,39.480000000000004,285.82257984864054,320.9186,606.7297,463.8242,0.0,1.219,0.8758,1186,39.480000000000004,287.05514832952895,319.9695,607.0247,463.4971,0.0917,0.8673,0.7718,1186,39.480000000000004,286.4405277147178,320.4863,606.9151,463.7007,0.0,1.2909,0.8569,1186,39.480000000000004,286.388248039802,320.4676,606.8559,463.6618,0.0917,1.0263,0.8033,1186,39.480000000000004
286.38589309358116,320.4697,606.8556,463.6627,0.0833,1.0276,0.8033,1187,39.525000000000006,285.8227739523545,320.9183,606.7296,463.824,0.0,1.2245,0.8757,1187,39.525000000000006,287.05442644624463,319.9707,607.0252,463.498,0.0917,0.8661,0.7723,1187,39.525000000000006,286.44012160063664,320.4873,606.9156,463.7014,0.0,1.2884,0.8587,1187,39.525000000000006,286.258673505841,320.4672,606.7255,463.5964,0.0583,1.0283,0.8175,1187,39.525000000000006
286.25598924712426,320.4689,606.7243,463.5966,0.05,0.9945,0.8194,1188,39.54166666666667,285.8232799906005,320.9166,606.7288,463.8227,0.0,1.2106,0.9246,1188,39.54166666666667,287.05700262187804,319.9677,607.0247,463.4962,0.0917,0.86,0.7359,1188,39.54166666666667,286.44014498571323,320.4869,606.9152,463.701,0.0,1.2681,0.8477,1188,39.54166666666667,286.2587579657121,320.4665,606.7243,463.5954,0.0583,1.0183,0.8194,1188,39.54166666666667
286.2511430329323,320.4781,606.7292,463.6037,0.05,1.0337,0.825,1189,39.575,285.81770482878323,320.9267,606.7328,463.8298,0.0,1.1912,0.8569,1189,39.575,286.9342690587242,319.9803,606.9145,463.4474,0.0667,0.8754,0.7658,1189,39.575,286.42609066404145,320.4986,606.9131,463.7059,0.0,1.2706,0.8326,1189,39.575,286.2875678378684,320.4756,606.7631,463.6193,0.0667,1.0552,0.8264,1189,39.575
286.2481999425132,320.4804,606.7286,463.6045,0.05,1.0437,0.8242,1190,39.62166666666667,285.8149400628906,320.9289,606.7322,463.8305,0.0,1.1966,0.8571,1190,39.62166666666667,286.9327623427021,319.9811,606.9139,463.4475,0.0667,0.8756,0.7388,1190,39.62166666666667,286.42480015196134,320.4992,606.9125,463.7059,0.0,1.2722,0.8362,1190,39.62166666666667,286.28427349674126,320.4782,606.7624,463.6203,0.0667,1.0448,0.8265,1190,39.62166666666667
286.24621748101123,320.4826,606.7288,463.6057,0.05,1.0413,0.8214,1191,39.641666666666666,285.81309390854983,320.9309,606.7324,463.8316,0.0,1.2035,0.8603,1191,39.641666666666666,286.9320061653759,319.9818,606.9138,463.4478,0.0667,0.875,0.7389,1191,39.641666666666666,286.42408484273756,320.4999,606.9124,463.7062,0.0,1.2724,0.8362,1191,39.641666666666666,286.28228533130334,320.4805,606.7626,463.6215,0.0667,1.0539,0.8294,1191,39.641666666666666
286.2467951910682,320.4818,606.7286,463.6052,0.05,1.0416,0.8209,1192,39.675000000000004,285.81365144458596,320.9302,606.7322,463.8312,0.0,1.2024,0.8603,1192,39.675000000000004,286.9325875512712,319.9812,606.9138,463.4475,0.0667,0.8749,0.7389,1192,39.675000000000004,286.42463573372186,320.4994,606.9124,463.7059,0.0,1.2726,0.8362,1192,39.675000000000004,286.28286504567984,320.4797,606.7624,463.621,0.0667,1.0527,0.8265,1192,39.675000000000004
286.2471951053638,320.4816,606.7287,463.6052,0.05,1.0528,0.8144,1193,39.720000000000006,285.81403018828786,320.93,606.7324,463.8312,0.0,1.2,0.8604,1193,39.720000000000006,286.932532368202,319.9814,606.9139,463.4477,0.0667,0.8749,0.7388,1193,39.720000000000006,286.4245861917748,320.4995,606.9125,463.706,0.0,1.2727,0.8409,1193,39.720000000000006,286.3138227949846,320.4794,606.7933,463.6363,0.075,1.0528,0.8025,1193,39.720000000000006
286.25028952499935,320.4788,606.7291,463.6039,0.05,1.049,0.8144,1194,39.74166666666667,285.81694242045154,320.9274,606.7327,463.8301,0.0,1.1948,0.8604,1194,39.74166666666667,286.93247937385877,319.9814,606.9139,463.4477,0.0667,0.8749,0.7388,1194,39.74166666666667,286.4245349303691,320.4996,606.9125,463.7061,0.0,1.2726,0.8409,1194,39.74166666666667,286.31704576349017,320.4765,606.7936,463.6351,0.075,1.0499,0.8027,1194,39.74166666666667
286.2479433067583,320.4807,606.7287,463.6047,0.05,1.0495,0.8147,1195,39.775000000000006,285.8147420121038,320.9291,606.7323,463.8307,0.0,1.2012,0.8602,1195,39.775000000000006,286.93210124245513,319.9817,606.9138,463.4478,0.0667,0.875,0.7389,1195,39.775000000000006,286.4241719263166,320.4999,606.9124,463.7061,0.0,1.2724,0.841,1195,39.775000000000006,286.2840589660726,320.4786,606.7624,463.6205,0.0667,1.0518,0.8267,1195,39.775000000000006
286.2544003980223,320.4028,606.6572,463.53,0.075,0.7346,0.8564,1196,39.82666666666667,285.8669275749137,320.894,606.7462,463.8201,0.0,1.1368,0.837,1196,39.82666666666667,286.7462339862639,320.0229,606.7691,463.396,0.0833,0.997,0.7818,1196,39.82666666666667,286.44347169769327,320.5117,606.9355,463.7236,0.0,1.1727,0.8377,1196,39.82666666666667,286.2284909932991,320.4287,606.6572,463.5429,0.0667,0.9354,0.8564,1196,39.82666666666667
286.25152563365435,320.4046,606.6562,463.5304,0.075,0.7226,0.862,1197,39.84166666666667,285.86383460111006,320.8962,606.7453,463.8207,0.0,1.147,0.8339,1197,39.84166666666667,286.7452504576778,320.0243,606.7696,463.3969,0.0833,0.9543,0.7949,1197,39.84166666666667,286.44248724186104,320.513,606.9359,463.7245,0.0,1.1726,0.8339,1197,39.84166666666667,286.2253142002195,320.4308,606.6562,463.5435,0.0667,0.9342,0.862,1197,39.84166666666667
286.2566926626101,320.4011,606.6578,463.5294,0.075,0.7127,0.8646,1198,39.875,285.8683838187061,320.8928,606.7464,463.8196,0.0,1.1313,0.8186,1198,39.875,287.0196670021254,320.0186,607.0372,463.5279,0.075,0.9639,0.7666,1198,39.875,286.4485037932269,320.5074,606.9364,463.7219,0.0,1.1828,0.8442,1198,39.875,286.2308341489663,320.4269,606.6578,463.5423,0.0667,0.9402,0.8646,1198,39.875
286.37922384741205,320.405,606.7779,463.5915,0.1,0.6978,0.7222,1199,39.90833333333334,285.8639626362643,320.8968,606.7459,463.8213,0.0,1.1191,0.8174,1199,39.90833333333334,286.7500353471225,320.0199,606.77,463.3949,0.0833,0.9695,0.8102,1199,39.90833333333334,286.446927644983,320.5087,606.9361,463.7224,0.0,1.1764,0.8442,1199,39.90833333333334,286.2262500476421,320.431,606.6573,463.5442,0.0667,0.9219,0.8666,1199,39.90833333333334
286.3780862947808,320.4068,606.7785,463.5927,0.1,0.7177,0.7214,1200,39.94166666666667,285.8629575957043,320.8984,606.7465,463.8224,0.0,1.1348,0.8201,1200,39.94166666666667,286.7534577338892,320.0161,606.7696,463.3928,0.0833,0.9704,0.7979,1200,39.94166666666667,286.4503968682718,320.5046,606.9357,463.7201,0.0,1.2231,0.8472,1200,39.94166666666667,286.22490485634177,320.4331,606.658,463.5455,0.0667,0.9354,0.8599,1200,39.94166666666667
286.2503641711296,320.4065,606.6568,463.5317,0.075,0.7191,0.8596,1201,39.975,285.8621756598656,320.8983,606.7456,463.822,0.0,1.1451,0.8178,1201,39.975,286.7510931304723,320.0188,606.7699,463.3944,0.0833,0.9723,0.8058,1201,39.975,286.4479788362129,320.5073,606.936,463.7217,0.0,1.2228,0.8441,1201,39.975,286.2239605720989,320.4329,606.6568,463.5449,0.0667,0.9333,0.8596,1201,39.975
286.25261133967456,320.4049,606.6575,463.5312,0.075,0.718,0.8598,1202,40.00833333333333,285.86449866688406,320.8963,606.7461,463.8212,0.0,1.1334,0.8353,1202,40.00833333333333,286.7545389475465,320.0165,606.771,463.3937,0.0833,0.9763,0.8094,1202,40.00833333333333,286.4513957580143,320.5048,606.937,463.7209,0.0,1.2338,0.8468,1202,40.00833333333333,286.2387483355481,320.4187,606.6575,463.5381,0.075,0.8327,0.8598,1202,40.00833333333333
286.2501736787542,320.4067,606.6569,463.5318,0.075,0.6939,0.8598,1203,40.04166666666667,285.86231723206873,320.8979,606.7455,463.8217,0.0,1.1282,0.8312,1203,40.04166666666667,286.75343765400964,320.0174,606.7708,463.3941,0.0833,0.9785,0.7978,1203,40.04166666666667,286.4503814551204,320.5057,606.9369,463.7213,0.0,1.2331,0.8464,1203,40.04166666666667,286.22404177249183,320.4328,606.6569,463.5448,0.0667,0.9327,0.8598,1203,40.04166666666667
286.25226783169126,320.4048,606.657,463.5309,0.075,0.7134,0.8598,1204,40.075,285.8641604555882,320.8962,606.7457,463.8209,0.0,1.1296,0.8336,1204,40.075,286.7534764638549,320.0171,606.7705,463.3938,0.0833,0.981,0.7983,1204,40.075,286.4504927182816,320.5052,606.9366,463.7209,0.0,1.2323,0.847,1204,40.075,286.2259097753473,320.4311,606.657,463.5441,0.0667,0.9282,0.8598,1204,40.075
286.2500736899609,320.4068,606.6569,463.5319,0.075,0.6983,0.8626,1205,40.11,285.86233339648913,320.898,606.7457,463.8218,0.0,1.1237,0.8161,1205,40.11,286.7531720536356,320.0167,606.7698,463.3932,0.0833,0.9781,0.8087,1205,40.11,286.4502797894396,320.5049,606.936,463.7204,0.0,1.2331,0.8443,1205,40.11,286.2238886206769,320.433,606.6569,463.545,0.0667,0.9191,0.8626,1205,40.11
286.4171079877477,320.4354,606.8514,463.6434,0.0917,0.8563,0.779,1206,40.14666666666667,285.7676635274286,320.9164,606.6684,463.7924,0.0083,1.1771,0.819,1206,40.14666666666667,286.8713655229524,320.0238,606.8937,463.4587,0.0833,0.7824,0.8293,1206,40.14666666666667,286.3460239116122,320.5167,606.8477,463.6822,0.0,1.1511,0.8534,1206,40.14666666666667,286.3784815955497,320.4383,606.8159,463.6271,0.0917,0.874,0.781,1206,40.14666666666667
286.4148421201457,320.438,606.8516,463.6448,0.0917,0.8547,0.7765,1207,40.175000000000004,285.76518799369893,320.919,606.6684,463.7937,0.0083,1.1829,0.8075,1207,40.175000000000004,286.8695551415849,320.0257,606.8937,463.4597,0.0833,0.7818,0.8329,1207,40.175000000000004,286.34429735848823,320.5185,606.8477,463.6831,0.0,1.151,0.8534,1207,40.175000000000004,286.37603941673734,320.441,606.8161,463.6285,0.0917,0.8725,0.7771,1207,40.175000000000004
286.224794749636,320.4378,606.6626,463.5502,0.075,0.8471,0.7746,1208,40.208333333333336,285.76504918465196,320.9186,606.668,463.7933,0.0083,1.1776,0.8082,1208,40.208333333333336,286.8703114543142,320.0254,606.8942,463.4598,0.0833,0.7799,0.8322,1208,40.208333333333336,286.3449512719541,320.5183,606.8482,463.6833,0.0,1.1357,0.8534,1208,40.208333333333336,286.3758363102753,320.4406,606.8155,463.628,0.0917,0.8727,0.7786,1208,40.208333333333336
286.2353018681071,320.4279,606.6632,463.5456,0.075,0.8082,0.8008,1209,40.24166666666667,285.7855853873466,320.8962,606.6687,463.7825,0.0,1.1043,0.8239,1209,40.24166666666667,286.8755876531971,320.021,606.8952,463.4581,0.0833,0.7656,0.8235,1209,40.24166666666667,286.35093577086684,320.5147,606.8504,463.6826,0.0,1.1504,0.8616,1209,40.24166666666667,286.22642710039736,320.4368,606.6632,463.55,0.0833,0.8422,0.8008,1209,40.24166666666667
286.220086698454,320.4423,606.6624,463.5524,0.0667,0.8648,0.7768,1210,40.275000000000006,285.78384629119876,320.8972,606.6676,463.7824,0.0,1.0885,0.8086,1210,40.275000000000006,286.8708437058459,320.0238,606.893,463.4584,0.0833,0.7872,0.8254,1210,40.275000000000006,286.34572259385436,320.5165,606.8471,463.6818,0.0,1.1645,0.8535,1210,40.275000000000006,286.37776984482116,320.4384,606.8151,463.6268,0.0917,0.8863,0.7758,1210,40.275000000000006
286.23288339992337,320.4297,606.6626,463.5461,0.075,0.8219,0.7767,1211,40.30833333333334,285.7833340832946,320.898,606.6677,463.7828,0.0,1.0854,0.8085,1211,40.30833333333334,286.86982295743553,320.0249,606.8931,463.459,0.0833,0.7864,0.8253,1211,40.30833333333334,286.3447294547354,320.5175,606.8472,463.6823,0.0,1.1516,0.8535,1211,40.30833333333334,286.37728759424334,320.4391,606.8153,463.6272,0.0917,0.8735,0.7736,1211,40.30833333333334
286.22666547596026,320.4354,606.6621,463.5487,0.075,0.8618,0.7761,1212,40.34166666666667,285.76685556538325,320.9166,606.6674,463.792,0.0083,1.1812,0.8084,1212,40.34166666666667,286.8732899918051,320.0219,606.8936,463.4577,0.0833,0.783,0.8242,1212,40.34166666666667,286.34788305581236,320.5149,606.8476,463.6812,0.0,1.1682,0.8535,1212,40.34166666666667,286.3776782138615,320.4383,606.8149,463.6266,0.0917,0.8739,0.7757,1212,40.34166666666667
286.4155296498205,320.4372,606.8514,463.6443,0.0917,0.8289,0.7996,1213,40.375,285.765848245232,320.9183,606.6682,463.7933,0.0083,1.1901,0.8075,1213,40.375,286.87297189361107,320.0226,606.8941,463.4584,0.0833,0.7932,0.8314,1213,40.375,286.3475169339588,320.5158,606.8481,463.6819,0.0,1.1401,0.8534,1213,40.375,286.3766128555124,320.4403,606.8159,463.6281,0.0917,0.8674,0.7731,1213,40.375
286.2276539416635,320.4339,606.6616,463.5477,0.075,0.8641,0.7739,1214,40.40833333333334,285.767330360193,320.9154,606.6668,463.7911,0.0083,1.1489,0.8081,1214,40.40833333333334,286.8715667577072,320.022,606.892,463.457,0.0833,0.7994,0.8366,1214,40.40833333333334,286.34650049159944,320.5153,606.8466,463.681,0.0,1.1534,0.8536,1214,40.40833333333334,286.3786239261019,320.437,606.8146,463.6258,0.0917,0.8738,0.7799,1214,40.40833333333334
286.2266846873093,320.4348,606.6615,463.5482,0.075,0.8636,0.7791,1215,40.44166666666667,285.76635342562713,320.9164,606.6668,463.7916,0.0083,1.1548,0.8085,1215,40.44166666666667,286.8698572836461,320.0236,606.8919,463.4578,0.0833,0.7876,0.8368,1215,40.44166666666667,286.345336441246,320.5165,606.8468,463.6816,0.0,1.1522,0.8536,1215,40.44166666666667,286.37766929809266,320.4379,606.8146,463.6262,0.0917,0.876,0.7746,1215,40.44166666666667
286.1333413409573,320.4205,606.5529,463.4867,0.0667,0.9749,0.7538,1216,40.480000000000004,285.9169279252866,320.7725,606.6894,463.731,0.0,0.915,0.861,1216,40.480000000000004,286.9427463489377,319.9968,606.9395,463.4682,0.075,0.8648,0.7678,1216,40.480000000000004,286.4677338365582,320.3753,606.841,463.6082,0.0,0.8716,0.8551,1216,40.480000000000004,286.13378048981167,320.4201,606.5529,463.4865,0.075,1.0552,0.7538,1216,40.480000000000004
286.11431603288474,320.4196,606.5327,463.4761,0.075,0.9776,0.7309,1217,40.510000000000005,285.91726658062385,320.7715,606.6888,463.7301,0.0,0.9201,0.8622,1217,40.510000000000005,286.9450923132016,319.9955,606.9406,463.4681,0.075,0.8871,0.7711,1217,40.510000000000005,286.47015997382755,320.3739,606.8422,463.6081,0.0,0.8773,0.8563,1217,40.510000000000005,286.1340308587858,320.4191,606.5519,463.4855,0.075,1.05,0.7514,1217,40.510000000000005
286.13891516414657,320.4189,606.5568,463.4878,0.0667,0.9835,0.7081,1218,40.54166666666667,285.91933874274434,320.7705,606.6898,463.7302,0.0,0.9231,0.8698,1218,40.54166666666667,286.95220537244165,319.9947,606.9469,463.4708,0.075,0.8711,0.7754,1218,40.54166666666667,286.4656790828882,320.3735,606.8381,463.6058,0.0,0.8452,0.8783,1218,40.54166666666667,286.1393084081485,320.4185,606.5568,463.4877,0.075,1.0629,0.7081,1218,40.54166666666667
286.1403305712937,320.4174,606.5565,463.487,0.0667,0.9794,0.7081,1219,40.575,285.92068703752244,320.7693,606.69,463.7296,0.0,0.9192,0.8711,1219,40.575,286.951277831389,319.9948,606.9461,463.4705,0.075,0.8705,0.7752,1219,40.575,286.4650333808165,320.3735,606.8374,463.6054,0.0,0.846,0.8782,1219,40.575,286.14068167957555,320.417,606.5565,463.4868,0.075,1.0557,0.7081,1219,40.575
286.1419538831161,320.4153,606.5562,463.4857,0.0667,0.976,0.7091,1220,40.608333333333334,285.9223097987167,320.7673,606.6896,463.7285,0.0,0.9194,0.8714,1220,40.608333333333334,286.95048319885893,319.9954,606.9459,463.4707,0.075,0.8702,0.7749,1220,40.608333333333334,286.46428961639464,320.374,606.8372,463.6056,0.0,0.8458,0.8782,1220,40.608333333333334,286.142393280257,320.4149,606.5562,463.4856,0.075,1.0521,0.7091,1220,40.608333333333334
286.140621341106,320.4169,606.5564,463.4866,0.0667,0.9759,0.7022,1221,40.645,285.92096321156345,320.7689,606.6898,463.7293,0.0,0.9184,0.8713,1221,40.645,286.95083415285274,319.9952,606.9461,463.4707,0.075,0.8705,0.775,1221,40.645,286.46459930514845,320.3739,606.8373,463.6056,0.0,0.8456,0.8781,1221,40.645,286.14105445133964,320.4165,606.5564,463.4865,0.075,1.052,0.7022,1221,40.645
286.1409557188133,320.417,606.557,463.487,0.0667,0.9824,0.7096,1222,40.675000000000004,285.9213377930124,320.769,606.6903,463.7297,0.0,0.9158,0.8683,1222,40.675000000000004,286.9509165289072,319.9956,606.9465,463.4711,0.075,0.8705,0.7757,1222,40.675000000000004,286.46469613285433,320.3742,606.8378,463.606,0.0,0.8463,0.8787,1222,40.675000000000004,286.14144890202806,320.4166,606.557,463.4868,0.075,1.0496,0.7096,1222,40.675000000000004
286.1417940292041,320.4168,606.5575,463.4871,0.0667,0.987,0.7174,1223,40.71,285.9220782519611,320.7688,606.6909,463.7298,0.0,0.9204,0.8705,1223,40.71,286.9512417758857,319.9952,606.9465,463.4708,0.075,0.8709,0.7752,1223,40.71,286.4649808517222,320.3738,606.8377,463.6058,0.0,0.8463,0.8782,1223,40.71,286.1421636266249,320.4165,606.5575,463.487,0.075,1.0514,0.7174,1223,40.71
286.1421973413302,320.4168,606.5578,463.4873,0.0667,0.9871,0.7159,1224,40.74666666666667,285.92241494385394,320.7687,606.6912,463.73,0.0,0.9208,0.871,1224,40.74666666666667,286.95100608340294,319.9955,606.9465,463.471,0.075,0.8704,0.7754,1224,40.74666666666667,286.4647544417236,320.3741,606.8378,463.6059,0.0,0.8465,0.8782,1224,40.74666666666667,286.1425699396638,320.4165,606.5578,463.4871,0.075,1.0515,0.7159,1224,40.74666666666667
286.14100402399777,320.417,606.5569,463.4869,0.0667,0.9966,0.7163,1225,40.775000000000006,285.92129473557316,320.769,606.6902,463.7296,0.0,0.9204,0.8713,1225,40.775000000000006,286.9153264450214,319.9955,606.9109,463.4532,0.0667,0.8704,0.778,1225,40.775000000000006,286.46342850512764,320.3741,606.8364,463.6053,0.0,0.8465,0.8784,1225,40.775000000000006,286.1413390002273,320.4167,606.5569,463.4868,0.075,1.0495,0.7163,1225,40.775000000000006
286.1459219357613,320.4676,606.6118,463.5397,0.0833,0.8484,0.8069,1226,40.815000000000005,285.83690936620894,320.9238,606.7479,463.8359,0.0,1.1968,0.8306,1226,40.815000000000005,287.0135992126351,320.0541,607.0621,463.5581,0.0833,0.9659,0.7405,1226,40.815000000000005,286.4188934700743,320.5213,606.9245,463.7229,0.0,1.4054,0.8297,1226,40.815000000000005,286.1283982070735,320.4672,606.5956,463.5314,0.1,0.8524,0.8232,1226,40.815000000000005
286.27561649666836,320.4718,606.7475,463.6097,0.0583,0.8486,0.7988,1227,40.848333333333336,285.83291152480774,320.9274,606.7477,463.8375,0.0,1.1749,0.832,1227,40.848333333333336,287.0139854046706,320.0537,607.0621,463.5579,0.0833,0.9677,0.7679,1227,40.848333333333336,286.4173590054164,320.5204,606.9226,463.7215,0.0,1.411,0.8351,1227,40.848333333333336,286.336958224722,320.4716,606.8074,463.6395,0.0833,0.8567,0.7418,1227,40.848333333333336
286.2768743944358,320.4705,606.7474,463.6089,0.0583,0.8517,0.7998,1228,40.875,285.83325051783805,320.9268,606.7475,463.8372,0.0,1.2037,0.834,1228,40.875,287.01208074203146,320.0553,607.0619,463.5586,0.0833,0.98,0.7649,1228,40.875,286.41498728290094,320.5222,606.9222,463.7222,0.0,1.4045,0.8351,1228,40.875,286.33813824360794,320.4703,606.8073,463.6388,0.0833,0.8568,0.7402,1228,40.875
286.2764901569809,320.4707,606.7472,463.609,0.0583,0.8425,0.7999,1229,40.91000000000001,285.8335698599783,320.9266,606.7474,463.837,0.0,1.2001,0.832,1229,40.91000000000001,287.01371275334975,320.054,607.0622,463.5581,0.0833,0.9687,0.7646,1229,40.91000000000001,286.41706708766515,320.5207,606.9226,463.7217,0.0,1.4108,0.8352,1229,40.91000000000001,286.33772660146747,320.4705,606.8071,463.6388,0.0833,0.8518,0.7319,1229,40.91000000000001
286.2716910185385,320.4729,606.7446,463.6088,0.0583,0.8527,0.8082,1230,40.95166666666667,285.8283664968493,320.9292,606.7448,463.837,0.0,1.2013,0.8367,1230,40.95166666666667,287.00883482780836,320.0568,607.0601,463.5585,0.0833,0.974,0.7561,1230,40.95166666666667,286.4113060699303,320.5238,606.9199,463.7219,0.0,1.4073,0.8278,1230,40.95166666666667,286.13848693395107,320.4727,606.6095,463.5411,0.0917,0.875,0.8129,1230,40.95166666666667
286.2755636147033,320.4699,606.7455,463.6077,0.0583,0.8532,0.8005,1231,40.975,285.83292618362,320.9253,606.7458,463.8356,0.0,1.2192,0.8343,1231,40.975,287.013372321691,320.0539,607.0618,463.5578,0.0833,0.9487,0.7618,1231,40.975,286.41625361324895,320.5206,606.9217,463.7211,0.0,1.4071,0.8494,1231,40.975,286.33698734875804,320.4696,606.8055,463.6375,0.0833,0.8575,0.7286,1231,40.975
286.2742402083555,320.4714,606.7456,463.6085,0.0583,0.8522,0.8,1232,41.00833333333333,285.83110024914254,320.9272,606.7458,463.8365,0.0,1.2125,0.8342,1232,41.00833333333333,287.01207929151406,320.0559,607.0625,463.5592,0.0833,0.9617,0.7622,1232,41.00833333333333,286.41440647695526,320.5228,606.9222,463.7225,0.0,1.4019,0.8502,1232,41.00833333333333,286.33565941621157,320.4711,606.8057,463.6384,0.0833,0.8587,0.7319,1232,41.00833333333333
286.2760882691199,320.4702,606.7463,463.6083,0.0583,0.8557,0.8008,1233,41.053333333333335,285.83364696968624,320.9257,606.7467,463.8362,0.0,1.2157,0.8348,1233,41.053333333333335,287.0140752781944,320.054,607.0626,463.5583,0.0833,0.9665,0.761,1233,41.053333333333335,286.41704684628655,320.5205,606.9224,463.7214,0.0,1.4089,0.8494,1233,41.053333333333335,286.3374971500414,320.47,606.8064,463.6382,0.0833,0.8563,0.7321,1233,41.053333333333335
286.2782137864692,320.468,606.7462,463.6071,0.0583,0.8507,0.8013,1234,41.075,285.83460626485515,320.9244,606.7464,463.8354,0.0,1.2128,0.8344,1234,41.075,287.0111209716496,320.0564,607.062,463.5592,0.0833,0.9727,0.76,1234,41.075,286.41364062351363,320.5232,606.9218,463.7225,0.0,1.4046,0.8484,1234,41.075,286.3395913390832,320.4678,606.8063,463.637,0.0833,0.8513,0.7416,1234,41.075
286.27506248066516,320.4699,606.7449,463.6074,0.0583,0.8563,0.7966,1235,41.11,285.8322589989631,320.9255,606.7452,463.8354,0.0,1.1799,0.8272,1235,41.11,287.0119621664495,320.055,607.0614,463.5582,0.0833,0.9687,0.7609,1235,41.11,286.41507962993103,320.5216,606.9215,463.7216,0.0,1.4113,0.8332,1235,41.11,286.3363308313874,320.4696,606.8049,463.6373,0.0833,0.8617,0.7218,1235,41.11
286.1184778473956,320.4535,606.5719,463.5127,0.1,0.8351,0.7097,1236,41.16000000000001,285.82526951470487,320.9295,606.7415,463.8355,0.0083,1.3294,0.8722,1236,41.16000000000001,286.70154392436524,320.0585,606.7601,463.4093,0.0833,0.9273,0.6857,1236,41.16000000000001,286.41663729084905,320.5249,606.924,463.7245,0.0,1.2151,0.7789,1236,41.16000000000001,286.1212995313964,320.4506,606.5719,463.5113,0.1,0.8385,0.7097,1236,41.16000000000001
286.1173081834088,320.4555,606.5728,463.5142,0.1,0.813,0.7093,1237,41.19166666666667,285.8242348699957,320.9313,606.7425,463.8369,0.0083,1.2976,0.8588,1237,41.19166666666667,287.01887908360675,320.0548,607.0667,463.5608,0.0833,0.9278,0.71,1237,41.19166666666667,286.4220146265764,320.5214,606.9259,463.7237,0.0,1.2437,0.7825,1237,41.19166666666667,286.12011376280753,320.4527,606.5728,463.5128,0.1,0.8212,0.7093,1237,41.19166666666667
286.1191757970879,320.4531,606.5723,463.5127,0.1,0.8347,0.7147,1238,41.208333333333336,285.82604909714644,320.9292,606.7421,463.8357,0.0083,1.1649,0.8639,1238,41.208333333333336,286.7055524346333,320.0566,606.7621,463.4093,0.0833,0.9163,0.6558,1238,41.208333333333336,286.4200115399974,320.5238,606.9263,463.725,0.0,1.2152,0.7635,1238,41.208333333333336,286.12175832948424,320.4506,606.5723,463.5114,0.1,0.8421,0.7147,1238,41.208333333333336
286.1218164370865,320.4507,606.5724,463.5116,0.1,0.8112,0.7117,1239,41.24166666666667,285.82942756510494,320.9259,606.7423,463.8341,0.0083,1.2766,0.8712,1239,41.24166666666667,286.70617580245494,320.0569,606.7631,463.41,0.0833,0.9176,0.6793,1239,41.24166666666667,286.421267646332,320.5232,606.927,463.7251,0.0,1.2539,0.7909,1239,41.24166666666667,286.12426624715954,320.4482,606.5724,463.5103,0.1,0.8124,0.7117,1239,41.24166666666667
286.1334928231728,320.4386,606.572,463.5053,0.1083,0.7311,0.7046,1240,41.275000000000006,285.8281501924058,320.9269,606.7419,463.8344,0.0083,1.2805,0.8718,1240,41.275000000000006,286.705304559336,320.0579,606.7632,463.4105,0.0833,0.9217,0.6798,1240,41.275000000000006,286.4204373112073,320.5243,606.9271,463.7257,0.0,1.255,0.791,1240,41.275000000000006,286.12330774145596,320.4487,606.572,463.5104,0.1,0.8117,0.7046,1240,41.275000000000006
286.1224165314381,320.4511,606.5735,463.5123,0.1,0.8047,0.7548,1241,41.30833333333334,285.8299527715882,320.9266,606.7434,463.835,0.0083,1.2856,0.8734,1241,41.30833333333334,286.9445306853797,320.0573,606.9966,463.527,0.0667,0.9201,0.6831,1241,41.30833333333334,286.4209717040516,320.5237,606.9271,463.7254,0.0,1.2531,0.7798,1241,41.30833333333334,286.1246804757672,320.4489,606.5735,463.5112,0.1,0.8129,0.7548,1241,41.30833333333334
286.11804731522864,320.4566,606.5746,463.5156,0.1083,0.7886,0.7498,1242,41.34166666666667,285.61766809184303,321.1352,606.7443,463.9397,0.0083,1.2248,0.8709,1242,41.34166666666667,286.97828185906656,320.0577,607.0302,463.544,0.0833,0.9364,0.7274,1242,41.34166666666667,286.2063981004094,320.7326,606.927,463.8298,0.0,1.1906,0.7731,1242,41.34166666666667,286.1206636043289,320.454,606.5746,463.5143,0.1083,0.7935,0.7498,1242,41.34166666666667
286.28797940338757,320.2859,606.5738,463.4299,0.1,0.9137,0.7502,1243,41.375,286.0827457745029,320.6724,606.7419,463.7072,0.0083,1.3175,0.8506,1243,41.375,287.23905748834045,319.7627,606.9965,463.3796,0.0667,0.952,0.6846,1243,41.375,286.7318092938146,320.2094,606.9238,463.5666,0.0,1.3901,0.7777,1243,41.375,286.3482687771483,320.2256,606.5738,463.3997,0.1,0.7723,0.7502,1243,41.375
285.86399948662597,320.7108,606.5748,463.6428,0.1083,0.7743,0.7461,1244,41.40833333333334,285.56603102508166,321.1885,606.7428,463.9656,0.0083,1.0229,0.8506,1244,41.40833333333334,286.70605114899195,320.2956,606.9964,463.646,0.075,0.7001,0.684,1244,41.40833333333334,286.1880279727319,320.7498,606.9237,463.8368,0.0,1.3163,0.7782,1244,41.40833333333334,285.8519437643812,320.7229,606.5748,463.6488,0.1,0.8528,0.7461,1244,41.40833333333334
286.132124995945,320.4432,606.5753,463.5092,0.1,0.7744,0.7515,1245,41.44166666666667,285.68193638589565,321.0697,606.7432,463.9065,0.0,0.8243,0.8499,1245,41.44166666666667,286.99917074979356,320.0023,606.9963,463.4993,0.0833,0.8288,0.6839,1245,41.44166666666667,286.27125161632364,320.66,606.9236,463.7918,0.0,0.9648,0.7782,1245,41.44166666666667,286.1240952685628,320.4513,606.5753,463.5133,0.1,0.8731,0.7515,1245,41.44166666666667
286.1999767353956,320.5082,606.7082,463.6082,0.0667,0.9127,0.8078,1246,41.48166666666667,285.84148062468006,320.952,606.7783,463.8651,0.0,1.0002,0.8589,1246,41.48166666666667,286.92558990562554,320.0835,607.007,463.5452,0.075,0.7857,0.8326,1246,41.48166666666667,286.37998429587606,320.5735,606.9334,463.7534,0.0,1.1364,0.8493,1246,41.48166666666667,286.2023179414242,320.5059,606.7082,463.607,0.075,0.9775,0.8078,1246,41.48166666666667
286.1294712628486,320.5109,606.6402,463.5755,0.0667,0.93,0.8317,1247,41.510000000000005,285.82528202152923,320.9572,606.7707,463.864,0.0,0.9668,0.9253,1247,41.510000000000005,286.7341940585864,320.0535,606.7877,463.4206,0.1,0.7718,0.7686,1247,41.510000000000005,286.3829994463937,320.5701,606.9359,463.753,0.0,1.1009,0.9072,1247,41.510000000000005,286.11981961018125,320.5087,606.6285,463.5686,0.0833,0.9685,0.8012,1247,41.510000000000005
286.13465549695314,320.5098,606.6442,463.577,0.0667,0.917,0.8169,1248,41.54333333333334,285.82999277741374,320.9567,606.7748,463.8658,0.0,0.9555,0.9292,1248,41.54333333333334,286.81626673826065,320.0538,606.87,463.4619,0.075,0.783,0.7649,1248,41.54333333333334,286.385219561487,320.5702,606.9384,463.7543,0.0,1.0968,0.8924,1248,41.54333333333334,286.1248947699392,320.5077,606.6326,463.5701,0.0833,0.9692,0.7761,1248,41.54333333333334
286.1452173923037,320.4993,606.644,463.5717,0.0667,0.933,0.8359,1249,41.575,285.82796929613437,320.946,606.7629,463.8544,0.0,0.917,0.922,1249,41.575,286.8881275093356,320.0423,606.9304,463.4864,0.0667,0.768,0.7878,1249,41.575,286.38222189082046,320.5593,606.9249,463.7421,0.0,1.1126,0.9106,1249,41.575,286.13588367551404,320.497,606.6329,463.565,0.0833,0.9739,0.7929,1249,41.575
286.150643529043,320.4925,606.6427,463.5676,0.0667,0.9695,0.8382,1250,41.608333333333334,285.83304841974734,320.9398,606.7616,463.8507,0.0,0.8588,0.9235,1250,41.608333333333334,286.8913140711029,320.0393,606.9306,463.4849,0.0667,0.7224,0.7881,1250,41.608333333333334,286.38488720778696,320.5568,606.925,463.7409,0.0,1.1155,0.9128,1250,41.608333333333334,286.141232652168,320.4902,606.6314,463.5608,0.0833,0.9945,0.7855,1250,41.608333333333334
286.1528471401606,320.4912,606.6435,463.5674,0.0667,0.9866,0.8242,1251,41.64166666666667,285.834439766521,320.9389,606.762,463.8504,0.0,0.8562,0.9219,1251,41.64166666666667,286.8901494297862,320.0398,606.93,463.4849,0.0667,0.7347,0.7927,1251,41.64166666666667,286.3837932593044,320.5573,606.9245,463.7409,0.0,1.1166,0.9156,1251,41.64166666666667,286.1434948094758,320.4889,606.6324,463.5607,0.0833,0.9999,0.7873,1251,41.64166666666667
286.15355099918656,320.4885,606.6416,463.565,0.0667,0.9928,0.8324,1252,41.675000000000004,285.8355699678338,320.9357,606.7601,463.8479,0.0,0.8648,0.9232,1252,41.675000000000004,286.8939289217826,320.0357,606.9296,463.4826,0.0667,0.7453,0.7929,1252,41.675000000000004,286.38729493979986,320.5531,606.9239,463.7385,0.0,1.1125,0.9111,1252,41.675000000000004,286.1442995494066,320.486,606.6303,463.5582,0.0833,1.0061,0.7832,1252,41.675000000000004
286.1540094251511,320.4882,606.6418,463.565,0.0667,0.9883,0.8328,1253,41.708333333333336,285.83602677078704,320.9354,606.7603,463.8479,0.0,0.8649,0.9233,1253,41.708333333333336,286.8961849041466,320.0333,606.9295,463.4814,0.0667,0.7452,0.7934,1253,41.708333333333336,286.38950816259955,320.5507,606.9238,463.7373,0.0,1.1137,0.9026,1253,41.708333333333336,286.1447509297323,320.4858,606.6305,463.5581,0.0833,1.0032,0.7832,1253,41.708333333333336
286.15811837787396,320.4847,606.6423,463.5635,0.0667,0.9891,0.8335,1254,41.74166666666667,285.8393115684789,320.933,606.7609,463.8469,0.0,0.9863,0.9218,1254,41.74166666666667,286.8976225006096,320.0327,606.9303,463.4815,0.0667,0.7486,0.7923,1254,41.74166666666667,286.3914670426768,320.5495,606.9246,463.737,0.0,1.1249,0.9029,1254,41.74166666666667,286.1488513442261,320.4822,606.6311,463.5566,0.0833,0.9959,0.7831,1254,41.74166666666667
286.16212719032205,320.4839,606.6455,463.5647,0.0667,0.9869,0.8335,1255,41.775000000000006,285.84307111014493,320.9323,606.764,463.8482,0.0,0.9843,0.9252,1255,41.775000000000006,286.8982217842468,320.0325,606.9307,463.4816,0.0667,0.7452,0.7909,1255,41.775000000000006,286.3920358271183,320.5493,606.925,463.7371,0.0,1.125,0.901,1255,41.775000000000006,286.15289241808716,320.4815,606.6344,463.5579,0.0833,0.9972,0.7902,1255,41.775000000000006
286.0236397703668,320.452,606.4745,463.4633,0.0917,0.7898,0.6861,1256,41.815000000000005,285.76624207491267,320.904,606.6553,463.7797,0.0,1.1323,0.72,1256,41.815000000000005,286.85941370986063,319.9856,606.8414,463.4135,0.075,0.8038,0.7728,1256,41.815000000000005,286.23452318597754,320.4909,606.7106,463.6007,0.0,1.0773,0.8612,1256,41.815000000000005,286.02675186697286,320.4489,606.4745,463.4617,0.1,0.8083,0.6861,1256,41.815000000000005
286.2004774432627,320.4513,606.6518,463.5516,0.075,0.7988,0.7896,1257,41.84166666666667,285.89566301408377,320.9032,606.7876,463.8454,0.0,1.1322,0.8455,1257,41.84166666666667,287.06814345324347,319.9853,607.0505,463.5179,0.0667,0.8052,0.832,1257,41.84166666666667,286.37053333480173,320.4906,606.8494,463.67,0.0,1.0774,0.9102,1257,41.84166666666667,286.203626609436,320.4482,606.6518,463.55,0.0833,0.8104,0.7896,1257,41.84166666666667
286.5274996382742,320.4517,606.9771,463.7144,0.0583,0.7932,0.7767,1258,41.87666666666667,285.9752410432437,320.9036,606.8674,463.8855,0.0083,1.1253,0.7346,1258,41.87666666666667,287.24951859747785,319.9852,607.234,463.6096,0.0583,0.8045,0.7614,1258,41.87666666666667,286.62347225638007,320.4905,607.0987,463.7946,0.0083,1.0773,0.8043,1258,41.87666666666667,286.5762262185277,320.4486,607.0213,463.735,0.0917,0.8143,0.7601,1258,41.87666666666667
286.1985945682703,321.8195,608.0161,464.9178,0.0917,0.78,0.6912,1259,41.90833333333334,285.5983214735452,322.3255,607.9238,465.1246,0.0083,0.5905,0.8014,1259,41.90833333333334,286.8103730193456,321.379,608.1893,464.7842,0.075,0.7391,0.761,1259,41.90833333333334,286.3102337667217,321.935,608.2448,465.0899,0.0083,0.7851,0.7618,1259,41.90833333333334,286.288759177677,321.7287,608.0161,464.8724,0.0917,0.7768,0.6912,1259,41.90833333333334
285.9254528845243,321.719,607.6422,464.6806,0.075,0.7243,0.6419,1260,41.94166666666667,285.2841705461927,322.264,607.5482,464.9061,0.0083,0.6526,0.7793,1260,41.94166666666667,286.52107886774706,321.3049,607.826,464.5655,0.075,0.8165,0.7356,1260,41.94166666666667,285.8532836378354,321.8678,607.721,464.7944,0.0083,0.7865,0.8087,1260,41.94166666666667,286.00739475980583,321.7128,607.7149,464.7138,0.0833,0.7025,0.6617,1260,41.94166666666667
285.9808861459907,320.9292,606.9085,463.9188,0.125,0.5863,0.6826,1261,41.975,285.50060337972775,321.471,606.9716,464.2213,0.0,0.7284,0.9097,1261,41.975,286.63181601066566,320.4209,607.0527,463.7368,0.0917,0.6597,0.7385,1261,41.975,286.16653782783203,321.0239,607.1892,464.1065,0.0,0.701,0.8549,1261,41.975,286.073794760578,320.8363,606.9085,463.8724,0.1167,0.5555,0.6826,1261,41.975
286.1732799938882,320.7719,606.9407,463.8563,0.1,0.5838,0.8126,1262,42.00833333333333,285.5263025029444,321.5001,607.0177,464.2589,0.0,0.8803,0.9282,1262,42.00833333333333,286.87311230081775,320.3642,607.233,463.7986,0.0583,0.724,0.8814,1262,42.00833333333333,285.9772446990243,321.0623,607.0352,464.0487,0.0,1.061,0.9441,1262,42.00833333333333,286.18155128163403,320.7636,606.9407,463.8521,0.1083,0.5485,0.8126,1262,42.00833333333333
286.4566544145673,320.4065,606.8631,463.6348,0.075,0.888,0.829,1263,42.04166666666667,285.7411903581193,321.0237,606.7548,463.8893,0.0,0.846,0.918,1263,42.04166666666667,286.95760754357786,319.9842,606.9364,463.4603,0.0833,0.8904,0.7937,1263,42.04166666666667,286.1145341812463,320.6471,606.7573,463.7022,0.0,0.9987,0.9129,1263,42.04166666666667,286.288150042913,320.4009,606.689,463.545,0.0917,0.9016,0.8196,1263,42.04166666666667
286.29500865214357,320.3978,606.6907,463.5442,0.0917,0.8548,0.8966,1264,42.07666666666667,285.7315120493848,321.0258,606.7476,463.8867,0.0,0.9569,0.9576,1264,42.07666666666667,287.019561933692,319.988,606.9997,463.4938,0.0833,0.9087,0.8888,1264,42.07666666666667,286.1035688502796,320.6501,606.7501,463.7001,0.0,1.0535,0.962,1264,42.07666666666667,286.30270501217115,320.3901,606.6907,463.5404,0.1,0.8155,0.8966,1264,42.07666666666667
286.43572686668574,320.4028,606.8348,463.6188,0.0667,0.8635,0.921,1265,42.108333333333334,285.54796108684275,321.0693,606.6125,463.8409,0.0,0.8867,0.9399,1265,42.108333333333334,287.00055939542733,319.985,606.9797,463.4824,0.0667,0.9335,0.8581,1265,42.108333333333334,286.07122271859174,320.6834,606.7495,463.7165,0.0,1.1772,0.9621,1265,42.108333333333334,286.29789226947787,320.3951,606.6909,463.543,0.1,0.8232,0.9183,1265,42.108333333333334
286.20963811572346,320.4598,606.6673,463.5636,0.0917,0.9967,0.7296,1266,42.14833333333333,285.71199093423195,321.1143,606.8105,463.9624,0.0,0.98,0.8804,1266,42.14833333333333,287.0353769188738,320.0093,607.0361,463.5227,0.075,0.8561,0.8942,1266,42.14833333333333,286.15939228941926,320.6961,606.8442,463.7702,0.0,1.0543,0.8748,1266,42.14833333333333,286.20963811572346,320.4598,606.6673,463.5636,0.0917,0.9967,0.7296,1266,42.14833333333333
286.2421638592876,320.4745,606.7167,463.5956,0.0667,1.0312,0.7587,1267,42.18,285.6925413820497,321.114,606.791,463.9525,0.0,0.9853,0.8687,1267,42.18,287.0095285269609,320.0119,607.0127,463.5123,0.075,0.8567,0.7927,1267,42.18,286.13460564329625,320.6984,606.8215,463.7599,0.0,1.0512,0.8826,1267,42.18,286.2421638592876,320.4745,606.7167,463.5956,0.0667,1.0312,0.7587,1267,42.18
286.20572938729583,320.447,606.651,463.549,0.0917,0.9404,0.6985,1268,42.21,285.70735109595125,321.1026,606.7947,463.9487,0.0,0.9485,0.8868,1268,42.21,287.01228754598344,320.0114,607.0148,463.5131,0.075,0.8562,0.8374,1268,42.21,286.1367636119912,320.6983,606.8235,463.7609,0.0,1.0448,0.8742,1268,42.21,286.27516583266515,320.447,606.7204,463.5837,0.075,0.9404,0.7819,1268,42.21
286.06007216069656,320.4463,606.5046,463.4754,0.0917,0.9473,0.6779,1269,42.24166666666667,285.50784265829174,321.1019,606.596,463.849,0.0,0.9432,0.7936,1269,42.24166666666667,286.77317261697215,320.0111,606.7824,463.3967,0.075,0.8622,0.7337,1269,42.24166666666667,286.06069308726865,320.6979,606.7442,463.721,0.0,1.043,0.9217,1269,42.24166666666667,286.06007216069656,320.4463,606.5046,463.4754,0.0917,0.9473,0.6779,1269,42.24166666666667
286.42393146756,320.4454,606.8677,463.6566,0.0917,0.9473,0.8206,1270,42.28333333333334,285.8042921980052,321.101,606.8938,463.9974,0.0,0.9371,0.9225,1270,42.28333333333334,286.9908257287967,320.011,606.9998,463.5054,0.1,0.8618,0.7611,1270,42.28333333333334,286.3825773152711,320.6977,607.0686,463.8831,0.0,1.049,0.8841,1270,42.28333333333334,286.42393146756,320.4454,606.8677,463.6566,0.0917,0.9473,0.8206,1270,42.28333333333334
286.26184897769724,320.4488,606.7088,463.5788,0.075,0.9778,0.746,1271,42.31333333333333,285.6908048894853,321.1044,606.7797,463.942,0.0,0.9313,0.8195,1271,42.31333333333333,286.9137102333459,320.0115,606.9223,463.4669,0.075,0.8543,0.7254,1271,42.31333333333333,286.411750057983,320.6982,607.0718,463.885,0.0,1.0273,0.8776,1271,42.31333333333333,286.26184897769724,320.4488,606.7088,463.5788,0.075,0.9778,0.746,1271,42.31333333333333
286.31497850811024,320.4467,606.7598,463.6033,0.0667,0.9476,0.74,1272,42.34166666666667,285.6803517263704,321.1027,606.7671,463.9349,0.0,0.9304,0.8542,1272,42.34166666666667,287.0386170636215,320.0106,607.0391,463.5248,0.1,0.8536,0.8686,1272,42.34166666666667,286.1110676217237,320.6975,606.7968,463.7471,0.0,1.0253,0.939,1272,42.34166666666667,286.1769262614609,320.4467,606.6218,463.5343,0.1,0.9476,0.6794,1272,42.34166666666667
286.29551371144487,320.4648,606.7604,463.6126,0.0583,1.008,0.7551,1273,42.385000000000005,285.67397707229304,321.1059,606.7641,463.935,0.0,0.959,0.8344,1273,42.385000000000005,287.0084432261564,320.0108,607.0091,463.51,0.0917,0.8532,0.8896,1273,42.385000000000005,286.10822138146546,320.698,606.7945,463.7463,0.0,1.0481,0.9433,1273,42.385000000000005,286.15693457496684,320.4648,606.6218,463.5433,0.0917,1.008,0.6787,1273,42.385000000000005
286.25499064483074,320.4475,606.7001,463.5738,0.075,0.8888,0.7368,1274,42.40833333333334,285.67787722800665,321.1038,606.7656,463.9347,0.0,0.9715,0.8453,1274,42.40833333333334,287.0128634152669,320.0092,607.0118,463.5105,0.0917,0.877,0.8802,1274,42.40833333333334,286.112349755218,320.6969,606.7974,463.7472,0.0,1.0175,0.9483,1274,42.40833333333334,286.3166669216454,320.4475,606.7617,463.6046,0.0667,0.8888,0.753,1274,42.40833333333334
286.3001403455895,320.4628,606.7629,463.6129,0.0583,0.9473,0.7424,1275,42.44166666666667,285.6791088663282,321.1041,606.7671,463.9356,0.0,0.9619,0.8418,1275,42.44166666666667,287.0115753230013,320.0106,607.0118,463.5112,0.0917,0.8812,0.8788,1275,42.44166666666667,286.1115941566811,320.6979,606.7978,463.7479,0.0,1.0308,0.9515,1275,42.44166666666667,286.16209352270334,320.4628,606.6249,463.5438,0.0917,0.9473,0.6713,1275,42.44166666666667
286.26924527996573,320.4579,606.7271,463.5925,0.0583,0.8842,0.8472,1276,42.49,285.6743944827407,320.8989,606.5669,463.7329,0.0,1.123,0.8643,1276,42.49,286.85557331067844,320.0328,606.8881,463.4604,0.0583,0.8399,0.814,1276,42.49,286.228254499781,320.4971,606.7176,463.6074,0.0,1.3262,0.8815,1276,42.49,286.1810333954937,320.4585,606.6395,463.549,0.0917,0.9014,0.702,1276,42.49
286.26381560932555,320.4613,606.7251,463.5932,0.0583,0.8743,0.8491,1277,42.50833333333333,285.6697064361871,320.9018,606.5653,463.7336,0.0,1.1185,0.8744,1277,42.50833333333333,286.85338331688763,320.0338,606.8869,463.4604,0.0583,0.8357,0.8141,1277,42.50833333333333,286.22760009022613,320.4979,606.7179,463.6079,0.0,1.3194,0.8825,1277,42.50833333333333,286.17620900214666,320.4622,606.6384,463.5503,0.0917,0.8971,0.7085,1277,42.50833333333333
286.2648495999349,320.4602,606.7251,463.5926,0.0583,0.8689,0.8498,1278,42.54166666666667,285.67082265979354,320.9007,606.5653,463.733,0.0,1.1188,0.877,1278,42.54166666666667,286.85421728519316,320.033,606.8869,463.4599,0.0583,0.8464,0.8144,1278,42.54166666666667,286.2285567357213,320.4969,606.7179,463.6074,0.0,1.3215,0.8856,1278,42.54166666666667,286.1775657035471,320.461,606.6386,463.5498,0.0917,0.8984,0.7086,1278,42.54166666666667
286.2674257395895,320.4586,606.726,463.5923,0.0583,0.8756,0.8491,1279,42.586666666666666,285.6734724822344,320.899,606.5662,463.7326,0.0,1.1196,0.8769,1279,42.586666666666666,286.85369071940283,320.0329,606.8862,463.4595,0.0583,0.8465,0.8142,1279,42.586666666666666,286.2280560782358,320.4968,606.7173,463.6071,0.0,1.3214,0.8871,1279,42.586666666666666,286.17990206405517,320.4592,606.6391,463.5491,0.0917,0.8988,0.7137,1279,42.586666666666666
286.26791815769,320.459,606.7269,463.593,0.0583,0.8751,0.8459,1280,42.608333333333334,285.67370092987517,320.8996,606.5669,463.7333,0.0,1.1143,0.8784,1280,42.608333333333334,286.8538501197571,320.0329,606.8864,463.4597,0.0583,0.8463,0.8143,1280,42.608333333333334,286.22806407500116,320.4968,606.7173,463.6071,0.0,1.3213,0.8881,1280,42.608333333333334,286.17996927781996,320.4596,606.6395,463.5496,0.0917,0.8985,0.7088,1280,42.608333333333334
286.26706585105205,320.458,606.7251,463.5915,0.0583,0.8753,0.8458,1281,42.64166666666667,285.67291802967264,320.8987,606.5652,463.7319,0.0,1.1201,0.8805,1281,42.64166666666667,286.8525230491433,320.0332,606.8854,463.4593,0.0583,0.8462,0.8142,1281,42.64166666666667,286.2268060636044,320.4972,606.7164,463.6068,0.0,1.3218,0.8863,1281,42.64166666666667,286.179583504041,320.4585,606.6381,463.5483,0.0917,0.8973,0.6985,1281,42.64166666666667
286.10710953243745,320.4578,606.5649,463.5114,0.0833,0.8746,0.7294,1282,42.675000000000004,285.7534695280342,320.8982,606.6385,463.7683,0.0,1.0903,0.8709,1282,42.675000000000004,286.77283558850706,320.0333,606.8061,463.4197,0.0667,0.847,0.7751,1282,42.675000000000004,286.30135266748204,320.4973,606.7847,463.641,0.0,1.322,0.8388,1282,42.675000000000004,286.1065844510309,320.4583,606.5649,463.5116,0.0917,0.9005,0.7294,1282,42.675000000000004
286.17277398453,320.4575,606.6303,463.5439,0.075,0.8729,0.7087,1283,42.708333333333336,285.8024096763612,320.8982,606.6889,463.7935,0.0,1.0907,0.8113,1283,42.708333333333336,286.95869605485575,320.0332,606.9919,463.5125,0.075,0.8471,0.8247,1283,42.708333333333336,286.35017379236047,320.4972,606.8351,463.6661,0.0,1.3219,0.8099,1283,42.708333333333336,286.17226129756244,320.4581,606.6303,463.5442,0.0833,0.8978,0.7087,1283,42.708333333333336
286.1794543124217,320.4594,606.6388,463.5491,0.075,0.8745,0.7438,1284,42.74166666666667,285.8115444766985,320.8999,606.6997,463.7998,0.0,1.1014,0.8491,1284,42.74166666666667,286.80325493253395,320.0359,606.8392,463.4375,0.05,0.8451,0.8089,1284,42.74166666666667,286.19568843633874,320.4998,606.6878,463.5938,0.0,1.3249,0.8943,1284,42.74166666666667,286.17897599655737,320.4599,606.6388,463.5493,0.0833,0.8975,0.7438,1284,42.74166666666667
286.1801536261611,320.4588,606.639,463.5489,0.075,0.8677,0.7541,1285,42.775000000000006,285.81881218369153,320.8992,606.7061,463.8027,0.0,1.1011,0.8421,1285,42.775000000000006,286.80480152304665,320.0351,606.8399,463.4375,0.05,0.8458,0.8114,1285,42.775000000000006,286.19730507027754,320.499,606.6887,463.5938,0.0,1.3245,0.8958,1285,42.775000000000006,286.1796967228753,320.4593,606.639,463.5491,0.0833,0.8974,0.7541,1285,42.775000000000006
286.1524486958367,320.5281,606.6806,463.6043,0.075,0.9029,0.6887,1286,42.81333333333333,285.8543387750438,320.8904,606.7447,463.8176,0.0,0.7623,0.7831,1286,42.81333333333333,286.8985886780622,320.0624,606.961,463.5117,0.0833,0.7407,0.6982,1286,42.81333333333333,286.447697948193,320.493,606.9407,463.7169,0.0,0.9684,0.8457,1286,42.81333333333333,286.15898609028335,320.5216,606.6806,463.6011,0.0833,0.8771,0.6887,1286,42.81333333333333
286.3349841158017,320.4245,606.7567,463.5906,0.0917,0.6007,0.7935,1287,42.84166666666667,285.92714155453723,320.7527,606.6799,463.7163,0.0,0.7352,0.9047,1287,42.84166666666667,286.8633448321591,319.9565,606.8185,463.3875,0.075,0.9921,0.7083,1287,42.84166666666667,286.55739157970356,320.3173,606.8739,463.5956,0.0,0.932,0.8809,1287,42.84166666666667,286.16781094672024,320.4386,606.6064,463.5225,0.0917,0.7833,0.7009,1287,42.84166666666667
286.1045902467053,320.5614,606.666,463.6137,0.075,0.9082,0.7527,1288,42.875,285.8307617641676,320.9012,606.732,463.8166,0.0,0.7925,0.7652,1288,42.875,286.8394295306783,320.1017,606.9411,463.5214,0.075,0.7134,0.7256,1288,42.875,286.4254719817866,320.495,606.9205,463.7077,0.0,0.8977,0.8474,1288,42.875,286.2601461393351,320.5547,606.8149,463.6848,0.0583,0.8569,0.7541,1288,42.875
286.097153808043,320.5233,606.6204,463.5719,0.075,0.9068,0.6457,1289,42.91000000000001,285.82839435811667,320.8493,606.6777,463.7635,0.0,0.8243,0.824,1289,42.91000000000001,286.7900345891666,320.0368,606.8247,463.4308,0.0917,0.6848,0.7575,1289,42.91000000000001,286.42048738469964,320.4473,606.8678,463.6575,0.0,0.8677,0.8623,1289,42.91000000000001,286.10735676673835,320.4996,606.6069,463.5532,0.0833,0.768,0.6389,1289,42.91000000000001
286.12589258822885,320.5033,606.6292,463.5663,0.0583,0.8775,0.8051,1290,42.94166666666667,285.8321461393839,320.8464,606.6786,463.7625,0.0,0.8139,0.8283,1290,42.94166666666667,286.99451819304284,320.0324,607.0234,463.5279,0.0917,0.6879,0.7773,1290,42.94166666666667,286.4254833027781,320.4431,606.8686,463.6559,0.0,0.8676,0.8706,1290,42.94166666666667,286.11089437464284,320.4968,606.6077,463.5523,0.0833,0.7628,0.6438,1290,42.94166666666667
285.9979032678849,320.5721,606.5699,463.571,0.0667,0.7619,0.7189,1291,42.975,285.86282903869164,320.8341,606.6969,463.7655,0.0,0.7585,0.731,1291,42.975,286.7225995693964,320.0722,606.7948,463.4335,0.075,0.9086,0.6953,1291,42.975,286.4539252794001,320.429,606.8829,463.656,0.0,0.814,0.9108,1291,42.975,286.11288617473815,320.4836,606.5965,463.54,0.0833,0.7964,0.6335,1291,42.975
286.14124457606147,320.4614,606.6023,463.5319,0.0833,0.7469,0.6644,1292,43.025000000000006,285.87249435364305,320.8291,606.7016,463.7653,0.0,0.7364,0.8167,1292,43.025000000000006,286.73745363930675,320.0623,606.7998,463.4311,0.075,0.9136,0.7159,1292,43.025000000000006,286.46702825642046,320.4198,606.8868,463.6533,0.0,0.836,0.8786,1292,43.025000000000006,286.08192335932137,320.5204,606.6023,463.5614,0.0917,0.7495,0.6644,1292,43.025000000000006
286.1470630951899,320.4276,606.5746,463.5011,0.075,0.6436,0.7573,1293,43.04166666666667,285.8714267576422,320.8302,606.7016,463.7659,0.0,0.7694,0.8084,1293,43.04166666666667,286.63014613064837,320.1708,606.801,463.4859,0.1,0.7998,0.7202,1293,43.04166666666667,286.4678010432019,320.4205,606.8883,463.6544,0.0,0.8478,0.8812,1293,43.04166666666667,286.0638179420847,320.5385,606.6023,463.5704,0.1,0.7501,0.6619,1293,43.04166666666667
286.11569725025925,320.4867,606.6024,463.5445,0.075,0.8632,0.6387,1294,43.075,285.87017399101705,320.8312,606.7013,463.7663,0.0,0.7681,0.7845,1294,43.075,286.8281255614001,320.0624,606.8905,463.4764,0.05,0.9235,0.7143,1294,43.075,286.329592993427,320.4201,606.7496,463.5848,0.0,0.8484,0.9478,1294,43.075,286.0808242220569,320.5216,606.6024,463.562,0.0917,0.7589,0.6387,1294,43.075
286.08337773541723,320.4862,606.5696,463.5279,0.0583,0.8633,0.6842,1295,43.108333333333334,285.8723878924276,320.8307,606.7031,463.7669,0.0,0.7684,0.7913,1295,43.108333333333334,286.8301888718475,320.0624,606.8925,463.4774,0.05,0.9235,0.7197,1295,43.108333333333334,286.33153852159444,320.4201,606.7516,463.5858,0.0,0.8484,0.948,1295,43.108333333333334,286.0652966641591,320.539,606.6043,463.5716,0.1,0.753,0.6358,1295,43.108333333333334
286.31876805257673,320.4308,606.7467,463.5887,0.0833,0.8468,0.7519,1296,43.14666666666667,285.80899163882384,320.9346,606.7261,463.8303,0.0083,1.16,0.8356,1296,43.14666666666667,286.86551444089616,320.0485,606.914,463.4812,0.0583,0.8343,0.7271,1296,43.14666666666667,286.4170503381354,320.5091,606.9067,463.7079,0.0,1.2161,0.8396,1296,43.14666666666667,286.32112523005594,320.4284,606.7467,463.5876,0.0833,0.8553,0.7519,1296,43.14666666666667
286.2669317846187,320.4504,606.7156,463.583,0.0667,0.9799,0.7685,1297,43.175000000000004,285.8071322790349,320.9369,606.7262,463.8316,0.0083,1.1269,0.8353,1297,43.175000000000004,286.89252053673533,320.0214,606.9139,463.4677,0.05,0.7712,0.7219,1297,43.175000000000004,286.4160113599281,320.5132,606.9093,463.7112,0.0,1.156,0.8366,1297,43.175000000000004,286.318310407358,320.4309,606.7465,463.5887,0.0833,0.8769,0.7563,1297,43.175000000000004
286.2984369060347,320.4497,606.7457,463.5977,0.075,0.9794,0.7569,1298,43.208333333333336,285.8071512916449,320.9361,606.7256,463.8308,0.0083,1.1221,0.841,1298,43.208333333333336,286.8915650575015,320.022,606.9135,463.4677,0.05,0.7616,0.7359,1298,43.208333333333336,286.4151216412956,320.5137,606.9089,463.7113,0.0,1.1565,0.8413,1298,43.208333333333336,286.3181959217717,320.4303,606.7457,463.588,0.0833,0.8313,0.7569,1298,43.208333333333336
286.26689035771557,320.4503,606.7153,463.5828,0.0667,0.9798,0.762,1299,43.24166666666667,285.8070617837659,320.9368,606.726,463.8314,0.0083,1.1291,0.8405,1299,43.24166666666667,286.893850431008,320.0208,606.9146,463.4677,0.05,0.7748,0.7293,1299,43.24166666666667,286.41728572629046,320.5127,606.9099,463.7113,0.0,1.1884,0.842,1299,43.24166666666667,286.31813858532973,320.4308,606.7461,463.5884,0.0833,0.8836,0.7574,1299,43.24166666666667
286.3166030397141,320.4342,606.748,463.5911,0.0833,0.854,0.7697,1300,43.27666666666667,285.80772096144165,320.9378,606.7279,463.8329,0.0083,1.1534,0.8398,1300,43.27666666666667,286.89272641684283,320.0221,606.9148,463.4685,0.05,0.7703,0.7288,1300,43.27666666666667,286.4167151472178,320.5138,606.9105,463.7122,0.0,1.193,0.8446,1300,43.27666666666667,286.3186884373948,320.4321,606.748,463.5901,0.0833,0.8553,0.7697,1300,43.27666666666667
286.2999328445586,320.4496,606.7472,463.5984,0.075,0.9793,0.7567,1301,43.31,285.8086454406623,320.9359,606.7269,463.8314,0.0083,1.1289,0.839,1301,43.31,286.89395153998464,320.0206,606.9146,463.4676,0.05,0.7599,0.7296,1301,43.31,286.417468243081,320.5125,606.9099,463.7112,0.0,1.1892,0.8416,1301,43.31,286.3196841822004,320.4303,606.7472,463.5888,0.0833,0.7917,0.7567,1301,43.31
286.299933986653,320.4486,606.7461,463.5973,0.075,0.9798,0.7578,1302,43.343333333333334,285.8086667845565,320.935,606.726,463.8305,0.0083,1.1209,0.8404,1302,43.343333333333334,286.89299215565416,320.0211,606.9141,463.4676,0.05,0.762,0.7349,1302,43.343333333333334,286.41650275090853,320.5129,606.9094,463.7111,0.0,1.1569,0.8412,1302,43.343333333333334,286.31961686654813,320.4293,606.7461,463.5877,0.0833,0.7952,0.7578,1302,43.343333333333334
286.2991509204272,320.4498,606.7466,463.5982,0.075,0.9966,0.7574,1303,43.37666666666667,285.80800204822515,320.9361,606.7264,463.8313,0.0083,1.1164,0.8399,1303,43.37666666666667,286.89339815645303,320.0205,606.9139,463.4672,0.05,0.758,0.7348,1303,43.37666666666667,286.41685610514037,320.5124,606.9092,463.7108,0.0,1.1554,0.8422,1303,43.37666666666667,286.31881092704293,320.4306,606.7466,463.5886,0.0833,0.8004,0.7574,1303,43.37666666666667
286.2693309201025,320.4502,606.7178,463.584,0.0667,0.9965,0.763,1304,43.41000000000001,285.8090247697497,320.9364,606.728,463.8322,0.0083,1.12,0.8356,1304,43.41000000000001,286.8938528494383,320.0213,606.9152,463.4682,0.05,0.7565,0.7355,1304,43.41000000000001,286.41721673068685,320.5132,606.9105,463.7118,0.0,1.1545,0.8418,1304,43.41000000000001,286.3200897984043,320.4312,606.7486,463.5899,0.0833,0.8013,0.7713,1304,43.41000000000001
286.3059856267905,320.4465,606.7506,463.5986,0.075,0.9563,0.7945,1305,43.44166666666667,285.81360812454443,320.933,606.7295,463.8312,0.0083,1.1112,0.8613,1305,43.44166666666667,286.8987723264423,320.0191,606.9179,463.4685,0.05,0.7955,0.7245,1305,43.44166666666667,286.42136867911256,320.5116,606.9129,463.7122,0.0,1.1331,0.8408,1305,43.44166666666667,286.35820286687465,320.4279,606.7825,463.6052,0.0917,0.748,0.7675,1305,43.44166666666667
286.39852507542355,320.3536,606.7521,463.5529,0.1,0.7234,0.8248,1306,43.47833333333334,285.91281550067134,320.7525,606.6654,463.709,0.0083,0.8867,0.7771,1306,43.47833333333334,287.0297131841179,319.9242,606.954,463.4391,0.0917,0.7499,0.7968,1306,43.47833333333334,286.52685216450914,320.3276,606.8498,463.5887,0.0,0.8351,0.8048,1306,43.47833333333334,286.24734977482683,320.4137,606.6594,463.5366,0.05,0.9524,0.8808,1306,43.47833333333334
286.39734319873185,320.3545,606.7519,463.5532,0.1,0.7234,0.8262,1307,43.525000000000006,285.912133643464,320.7533,606.6654,463.7093,0.0083,0.8859,0.7707,1307,43.525000000000006,287.0299506279439,319.9238,606.9537,463.4387,0.0917,0.7316,0.7968,1307,43.525000000000006,286.5272972829224,320.3271,606.8498,463.5884,0.0,0.8351,0.805,1307,43.525000000000006,286.24656929871503,320.4142,606.6591,463.5366,0.05,0.9676,0.8802,1307,43.525000000000006
286.3994825655144,320.3535,606.753,463.5532,0.1,0.7225,0.8202,1308,43.54166666666667,285.9135567980409,320.7523,606.6659,463.7091,0.0083,0.8957,0.7738,1308,43.54166666666667,287.029396331978,319.9238,606.9532,463.4385,0.0917,0.7208,0.797,1308,43.54166666666667,286.5267950535583,320.3272,606.8494,463.5883,0.0,0.836,0.8043,1308,43.54166666666667,286.2482582230644,320.4134,606.66,463.5367,0.05,0.9522,0.8845,1308,43.54166666666667
286.39610383160925,320.3539,606.7501,463.552,0.1,0.7021,0.833,1309,43.575,285.91083220811544,320.7537,606.6645,463.7091,0.0083,0.9047,0.7789,1309,43.575,286.9958583060792,319.9568,606.9526,463.4547,0.075,0.7418,0.7938,1309,43.575,286.5252722117795,320.3283,606.8489,463.5886,0.0,0.8636,0.8054,1309,43.575,286.24504377794415,320.415,606.6582,463.5366,0.05,0.9821,0.9249,1309,43.575
286.36976267276066,320.3826,606.7523,463.5674,0.0917,0.8039,0.8133,1310,43.61333333333334,285.9147825798749,320.7513,606.666,463.7087,0.0083,0.8978,0.7639,1310,43.61333333333334,287.0299137157116,319.9243,606.9542,463.4393,0.0917,0.7426,0.7902,1310,43.61333333333334,286.52721262945664,320.3281,606.8507,463.5894,0.0,0.8654,0.8013,1310,43.61333333333334,286.2485653673823,320.4128,606.6598,463.5363,0.05,0.9562,0.8812,1310,43.61333333333334
286.3664275485049,320.3852,606.7517,463.5684,0.0917,0.8135,0.8087,1311,43.64166666666667,285.9111562516125,320.7542,606.6654,463.7098,0.0083,0.8944,0.7683,1311,43.64166666666667,286.9614246845707,319.9928,606.9542,463.4735,0.0833,0.716,0.7894,1311,43.64166666666667,286.5266623580169,320.3286,606.8507,463.5897,0.0,0.8639,0.8013,1311,43.64166666666667,286.24473414717016,320.416,606.6592,463.5376,0.05,0.9704,0.8847,1311,43.64166666666667
286.36723838573516,320.3862,606.7534,463.5698,0.0917,0.8146,0.8045,1312,43.675000000000004,285.91237959211537,320.7547,606.6671,463.7109,0.0083,0.8951,0.768,1312,43.675000000000004,286.99749953325124,319.9573,606.9548,463.4561,0.075,0.7313,0.7972,1312,43.675000000000004,286.5271594361052,320.3286,606.8512,463.5899,0.0,0.8643,0.8008,1312,43.675000000000004,286.2458438018258,320.4164,606.6608,463.5386,0.05,1.0029,0.8891,1312,43.675000000000004
286.2331671998737,320.5198,606.753,463.6364,0.1083,0.8296,0.8109,1313,43.71666666666667,285.661762398531,321.0071,606.6661,463.8366,0.0083,0.8438,0.7741,1313,43.71666666666667,286.89481495345433,320.0633,606.9552,463.5092,0.1,0.637,0.7975,1313,43.71666666666667,286.3413942702068,320.5137,606.8506,463.6822,0.0,0.8186,0.8024,1313,43.71666666666667,286.08637755886843,320.5762,606.6602,463.6182,0.0583,0.9858,0.889,1313,43.71666666666667
286.4935024408649,320.2587,606.7513,463.505,0.1,0.9293,0.7599,1314,43.74333333333335,286.06073453253595,320.6122,606.6676,463.6399,0.0083,0.8242,0.7707,1314,43.74333333333335,287.16013915114587,319.7968,606.957,463.3769,0.075,0.7858,0.7936,1314,43.74333333333335,286.7500826034609,320.104,606.8513,463.4776,0.0,0.8127,0.7892,1314,43.74333333333335,286.4674397623263,320.1947,606.6622,463.4284,0.0667,0.7391,0.8899,1314,43.74333333333335
286.0607628355697,320.69,606.7508,463.7204,0.0917,0.8885,0.7344,1315,43.775000000000006,285.64341829205995,321.0252,606.6672,463.8462,0.0,0.748,0.7701,1315,43.775000000000006,286.8045384948148,320.1468,606.9511,463.549,0.0917,0.7946,0.7398,1315,43.775000000000006,286.32368933721546,320.5273,606.851,463.6892,0.0,0.8448,0.7895,1315,43.775000000000006,285.9663527386747,320.6954,606.6618,463.6786,0.05,0.9218,0.8733,1315,43.775000000000006
286.3798266801108,320.281,606.6587,463.4699,0.0917,0.7146,0.7542,1316,43.82,285.7494684268171,320.9186,606.6614,463.79,0.0,0.8785,0.7828,1316,43.82,286.92798776531407,319.9049,606.8329,463.3689,0.075,0.7796,0.7548,1316,43.82,286.4101680550626,320.577,606.9665,463.7718,0.0083,1.1267,0.8088,1316,43.82,286.3798266801108,320.281,606.6587,463.4699,0.0917,0.7146,0.7542,1316,43.82
286.1554829157696,320.5023,606.6578,463.5801,0.0833,0.8424,0.7471,1317,43.84166666666667,285.49326937734077,321.176,606.6624,463.9192,0.0,0.9793,0.7819,1317,43.84166666666667,286.8095757552892,320.0956,606.9052,463.5004,0.0667,0.8567,0.7849,1317,43.84166666666667,286.06759621490767,320.7622,606.8232,463.7927,0.0,1.0296,0.775,1317,43.84166666666667,286.1571216758929,320.5007,606.6578,463.5792,0.0917,0.8546,0.7471,1317,43.84166666666667
286.2248726655921,320.4175,606.638,463.5278,0.1,0.5924,0.7456,1318,43.875,285.5340108807792,321.1195,606.6457,463.8826,0.0,0.8997,0.7925,1318,43.875,286.8652900754565,320.0232,606.8885,463.4559,0.075,0.8465,0.8188,1318,43.875,286.1153472729022,320.7069,606.8157,463.7613,0.0,0.976,0.7651,1318,43.875,286.19324234390297,320.4452,606.638,463.5416,0.1,0.7842,0.7456,1318,43.875
286.5239935160673,320.4459,606.9699,463.7079,0.0833,0.6671,0.8331,1319,43.92166666666667,285.7771295067379,321.1365,606.9064,464.0214,0.0,0.9467,0.8751,1319,43.92166666666667,287.06678571039674,320.0565,607.1233,463.5899,0.075,0.9087,0.7845,1319,43.92166666666667,286.37449184877914,320.7265,607.0945,463.9105,0.0,1.0117,0.9239,1319,43.92166666666667,286.54693260715095,320.4229,606.9699,463.6964,0.1083,0.6834,0.8331,1319,43.92166666666667
286.12697660871845,320.4431,606.5699,463.5065,0.075,0.6598,0.7218,1320,43.94166666666667,285.381390097043,321.1341,606.5067,463.8204,0.0,0.915,0.7754,1320,43.94166666666667,286.70481857414796,320.0524,606.7572,463.4048,0.0667,0.9138,0.8557,1320,43.94166666666667,285.9728520024259,320.7226,606.6862,463.7044,0.0,1.0169,0.8476,1320,43.94166666666667,286.1494092065807,320.4206,606.5699,463.4953,0.1,0.6829,0.7218,1320,43.94166666666667
286.21573816123134,320.4424,606.6582,463.5503,0.075,0.6671,0.7869,1321,43.975,285.5136778745711,321.0814,606.5904,463.8359,0.0,0.9246,0.8482,1321,43.975,286.8811985137246,320.0493,606.9305,463.4899,0.0833,0.8902,0.8149,1321,43.975,286.0862961840527,320.7048,606.7846,463.7447,0.0,0.9709,0.923,1321,43.975,286.2385777229192,320.4196,606.6582,463.5389,0.1,0.6622,0.7869,1321,43.975
286.2132143444702,320.4424,606.6557,463.549,0.075,0.7347,0.78,1322,44.02,285.511213276944,321.0814,606.5882,463.8348,0.0,0.9296,0.8414,1322,44.02,286.91573739078086,320.0469,606.9626,463.5048,0.0917,0.8895,0.7796,1322,44.02,286.08794462264365,320.7028,606.7841,463.7435,0.0,0.9901,0.9064,1322,44.02,286.2357470159086,320.4199,606.6557,463.5378,0.1,0.7339,0.78,1322,44.02
286.2117613974028,320.4425,606.6543,463.5484,0.075,0.7331,0.7729,1323,44.04166666666667,285.51008325036616,321.0814,606.587,463.8342,0.0,0.9186,0.8487,1323,44.04166666666667,286.9152527521885,320.0462,606.9614,463.5038,0.0917,0.8889,0.7785,1323,44.04166666666667,286.08770420143264,320.7021,606.7831,463.7426,0.0,0.9975,0.9047,1323,44.04166666666667,286.2342316229478,320.42,606.6543,463.5372,0.1,0.7302,0.7729,1323,44.04166666666667
286.2169040607905,320.4375,606.6544,463.5459,0.075,0.7285,0.7728,1324,44.07666666666667,285.5142118252247,321.0768,606.5866,463.8317,0.0,0.948,0.8482,1324,44.07666666666667,286.92091412042487,320.0413,606.9622,463.5018,0.0917,0.883,0.776,1324,44.07666666666667,286.0928487467571,320.6976,606.7837,463.7407,0.0,1.0032,0.9049,1324,44.07666666666667,286.21574241113564,320.4386,606.6544,463.5465,0.0917,0.8636,0.7728,1324,44.07666666666667
286.21474195004953,320.4386,606.6533,463.5459,0.075,0.7225,0.7741,1325,44.11,285.51259922458735,321.0776,606.5858,463.8317,0.0,0.9417,0.8484,1325,44.11,286.887187837423,320.0411,606.9283,463.4847,0.0833,0.9005,0.81,1325,44.11,286.09264387388043,320.6966,606.783,463.7398,0.0,0.9918,0.9259,1325,44.11,286.21724894025044,320.436,606.6533,463.5447,0.0833,0.7939,0.7741,1325,44.11
286.1109553023335,320.4346,606.5456,463.4901,0.075,0.9199,0.6512,1326,44.14666666666667,285.8675183441816,320.8381,606.6966,463.7674,0.0,1.1624,0.8429,1326,44.14666666666667,286.6828639662115,320.0311,606.714,463.3726,0.0833,0.933,0.8329,1326,44.14666666666667,286.42263292158384,320.4605,606.869,463.6647,0.0,1.1197,0.8373,1326,44.14666666666667,286.1127813257983,320.4328,606.5456,463.4892,0.0833,0.9319,0.6512,1326,44.14666666666667
286.1072792419513,320.438,606.5452,463.4916,0.075,0.9156,0.6487,1327,44.175000000000004,285.8640217472656,320.8414,606.6965,463.769,0.0,1.1591,0.8425,1327,44.175000000000004,286.680908482319,320.0333,606.7142,463.3738,0.0833,0.9312,0.8308,1327,44.175000000000004,286.42069515221925,320.4628,606.8692,463.666,0.0,1.112,0.8388,1327,44.175000000000004,286.10920868218886,320.436,606.5452,463.4906,0.0833,0.9281,0.6487,1327,44.175000000000004
286.10788877971635,320.4359,606.5438,463.4898,0.075,0.8985,0.6471,1328,44.208333333333336,285.864634520785,320.8393,606.695,463.7671,0.0,1.1657,0.8353,1328,44.208333333333336,286.67981283378856,320.0337,606.7135,463.3736,0.0833,0.935,0.8311,1328,44.208333333333336,286.41975750736935,320.4628,606.8685,463.6657,0.0,1.1265,0.8373,1328,44.208333333333336,286.10987962012734,320.4339,606.5438,463.4888,0.0833,0.9262,0.6471,1328,44.208333333333336
286.11382310487363,320.4303,606.5441,463.4872,0.075,0.909,0.6444,1329,44.24166666666667,285.86965355674874,320.8335,606.6941,463.7638,0.0,1.1834,0.8254,1329,44.24166666666667,286.6804211349008,320.033,606.7134,463.3732,0.0833,0.9043,0.8236,1329,44.24166666666667,286.4195599212165,320.4612,606.8673,463.6642,0.0,1.098,0.8309,1329,44.24166666666667,286.11594854867326,320.4281,606.5441,463.4861,0.0833,0.9273,0.6444,1329,44.24166666666667
286.106406732511,320.4366,606.543,463.4898,0.075,0.9361,0.6478,1330,44.275000000000006,285.8632540835414,320.8401,606.6944,463.7673,0.0,1.1702,0.8394,1330,44.275000000000006,286.6741386708467,320.0396,606.7137,463.3766,0.0833,0.9503,0.8244,1330,44.275000000000006,286.41487378057934,320.4671,606.8687,463.6679,0.0,1.1985,0.8509,1330,44.275000000000006,286.10832616499044,320.4347,606.543,463.4888,0.0833,0.9437,0.6478,1330,44.275000000000006
286.10611415947926,320.4361,606.5422,463.4892,0.075,0.9461,0.6487,1331,44.31,285.86282979198825,320.8396,606.6936,463.7666,0.0,1.1697,0.8385,1331,44.31,286.67405947184255,320.0387,606.7128,463.3758,0.0833,0.9502,0.8233,1331,44.31,286.41487759447057,320.4663,606.868,463.6672,0.0,1.2027,0.855,1331,44.31,286.1080867832333,320.4342,606.5422,463.4882,0.0833,0.9538,0.6487,1331,44.31
286.1041169075867,320.4372,606.5414,463.4893,0.075,0.9391,0.6432,1332,44.34166666666667,285.8611299888293,320.8404,606.6929,463.7667,0.0,1.1749,0.8389,1332,44.34166666666667,286.6749619342586,320.0378,606.7127,463.3753,0.0833,0.9385,0.822,1332,44.34166666666667,286.41557548866933,320.4658,606.868,463.6669,0.0,1.1824,0.8549,1332,44.34166666666667,286.10603651126723,320.4353,606.5414,463.4883,0.0833,0.9569,0.6432,1332,44.34166666666667
286.1063220868147,320.4356,606.5419,463.4888,0.075,0.9256,0.6418,1333,44.375,285.86330576391117,320.8388,606.6934,463.7661,0.0,1.1772,0.8384,1333,44.375,286.6799711241099,320.0327,606.7126,463.3726,0.0833,0.8613,0.8308,1333,44.375,286.4199185350237,320.462,606.8678,463.6649,0.0,1.116,0.8567,1333,44.375,286.108254515232,320.4337,606.5419,463.4878,0.0833,0.9431,0.6418,1333,44.375
286.1030587063108,320.4368,606.5398,463.4883,0.075,0.9935,0.6402,1334,44.40833333333334,285.8609899568488,320.8398,606.6917,463.7658,0.0,1.1659,0.7994,1334,44.40833333333334,286.67104711146897,320.04,606.7111,463.3756,0.0833,0.8597,0.8049,1334,44.40833333333334,286.41226876666076,320.4685,606.8671,463.6678,0.0,1.1817,0.8619,1334,44.40833333333334,286.1045009860104,320.4353,606.5398,463.4876,0.0833,0.9869,0.6402,1334,44.40833333333334
286.10433515024755,320.436,606.5403,463.4881,0.075,0.9784,0.6443,1335,44.44166666666667,285.8620204289524,320.8391,606.6921,463.7656,0.0,1.1639,0.7969,1335,44.44166666666667,286.670751022309,320.0403,606.7111,463.3757,0.0833,0.8601,0.8049,1335,44.44166666666667,286.4119841098406,320.4688,606.8671,463.6679,0.0,1.1819,0.8619,1335,44.44166666666667,286.1057934750713,320.4345,606.5403,463.4874,0.0833,0.9756,0.6443,1335,44.44166666666667
286.1409500674856,320.43,606.5707,463.5003,0.0917,0.7587,0.7725,1336,44.480000000000004,285.84453502893837,320.8865,606.7208,463.8036,0.0,1.2337,0.9191,1336,44.480000000000004,286.70538306390785,320.033,606.7383,463.3857,0.0833,0.9176,0.8105,1336,44.480000000000004,286.43517142814585,320.475,606.8937,463.6844,0.0,1.3294,0.8845,1336,44.480000000000004,286.1158093083658,320.4552,606.5707,463.5129,0.0917,0.825,0.7725,1336,44.480000000000004
286.10990483217915,320.4594,606.5692,463.5143,0.0833,0.8366,0.7744,1337,44.510000000000005,285.8417906593111,320.8878,606.7195,463.8037,0.0,1.2241,0.9249,1337,44.510000000000005,286.70318607926856,320.0341,606.7373,463.3857,0.0833,0.9189,0.8128,1337,44.510000000000005,286.43324373742064,320.476,606.8929,463.6845,0.0,1.3302,0.8801,1337,44.510000000000005,286.11336311296367,320.4559,606.5692,463.5126,0.0917,0.8262,0.7744,1337,44.510000000000005
286.1400979247537,320.4286,606.5687,463.4987,0.0917,0.7214,0.7903,1338,44.54166666666667,285.8454067806801,320.8846,606.7199,463.8023,0.0,1.2702,0.9189,1338,44.54166666666667,286.96645699803923,320.0343,607.0005,463.5174,0.075,0.9232,0.7847,1338,44.54166666666667,286.4356835178668,320.4758,606.8952,463.6855,0.0,1.2689,0.8822,1338,44.54166666666667,286.1161558453455,320.4526,606.5687,463.5107,0.0917,0.8432,0.7903,1338,44.54166666666667
286.139623792914,320.4307,606.5702,463.5004,0.0917,0.764,0.7797,1339,44.575,285.84343000733867,320.8869,606.7202,463.8036,0.0,1.2374,0.9245,1339,44.575,286.7034596521313,320.0357,606.7391,463.3874,0.0833,0.9207,0.8107,1339,44.575,286.4334633852566,320.4775,606.8947,463.6861,0.0,1.3304,0.8831,1339,44.575,286.11511347718323,320.4552,606.5702,463.5127,0.0917,0.8249,0.7797,1339,44.575
286.11068200680006,320.4589,606.5695,463.5142,0.0833,0.838,0.7801,1340,44.608333333333334,285.84240181853033,320.8874,606.7197,463.8035,0.0,1.2526,0.9255,1340,44.608333333333334,286.7027956865497,320.0354,606.7382,463.3868,0.0833,0.9202,0.8102,1340,44.608333333333334,286.4328497403554,320.4773,606.8938,463.6855,0.0,1.3304,0.8528,1340,44.608333333333334,286.1139115436763,320.4557,606.5695,463.5126,0.0917,0.8269,0.7801,1340,44.608333333333334
286.140709090154,320.4286,606.5692,463.4989,0.0917,0.7637,0.7792,1341,44.64166666666667,285.8440592957233,320.8855,606.7194,463.8024,0.0,1.2423,0.9252,1341,44.64166666666667,286.7023864335142,320.0357,606.7381,463.3869,0.0833,0.9186,0.8093,1341,44.64166666666667,286.4324238024742,320.4776,606.8937,463.6857,0.0,1.3299,0.8527,1341,44.64166666666667,286.1159112582725,320.4534,606.5692,463.5113,0.0917,0.9004,0.7792,1341,44.64166666666667
286.13895482046917,320.4302,606.569,463.4996,0.0917,0.7598,0.7749,1342,44.675000000000004,285.8425042354452,320.8868,606.7193,463.8031,0.0,1.2534,0.9209,1342,44.675000000000004,286.7020706541109,320.0349,606.737,463.386,0.0833,0.9225,0.8136,1342,44.675000000000004,286.43219089178626,320.4768,606.8927,463.6847,0.0,1.3301,0.8592,1342,44.675000000000004,286.1138962820127,320.4552,606.569,463.5121,0.0917,0.8386,0.7749,1342,44.675000000000004
286.1409420457823,320.4285,606.5694,463.499,0.0917,0.749,0.7766,1343,44.71,285.8443440600047,320.8853,606.7195,463.8024,0.0,1.2423,0.9265,1343,44.71,286.7026618424235,320.0359,606.7386,463.3872,0.0833,0.925,0.8186,1343,44.71,286.43265054750935,320.4777,606.8941,463.6859,0.0,1.328,0.8585,1343,44.71,286.11596038533,320.4535,606.5694,463.5114,0.0917,0.8957,0.7766,1343,44.71
286.112805227612,320.4566,606.5693,463.513,0.0833,0.8249,0.7759,1344,44.74166666666667,285.84420149778407,320.8854,606.7196,463.8025,0.0,1.2257,0.9217,1344,44.74166666666667,286.7027988897495,320.0351,606.7379,463.3865,0.0833,0.947,0.8184,1344,44.74166666666667,286.4328333362812,320.4769,606.8935,463.6852,0.0,1.3284,0.858,1344,44.74166666666667,286.1156492323528,320.4538,606.5693,463.5116,0.0917,0.8422,0.7759,1344,44.74166666666667
286.11336780421846,320.4552,606.5685,463.5118,0.0833,0.8502,0.7764,1345,44.775000000000006,285.844743290814,320.8842,606.7188,463.8015,0.0,1.2369,0.9223,1345,44.775000000000006,286.7022432044762,320.0349,606.7371,463.386,0.0833,0.9463,0.82,1345,44.775000000000006,286.4323663553033,320.4767,606.8929,463.6848,0.0,1.3282,0.8587,1345,44.775000000000006,286.116214834286,320.4523,606.5685,463.5104,0.0917,0.8928,0.7764,1345,44.775000000000006
286.23252824607357,320.4433,606.6758,463.5596,0.0667,0.9742,0.831,1346,44.81333333333334,285.8259762106245,320.8639,606.6778,463.7709,0.0,1.2788,0.8585,1346,44.81333333333334,286.91465097825017,319.9826,606.8947,463.4386,0.075,0.8467,0.813,1346,44.81333333333334,286.2726724279048,320.4612,606.7246,463.5929,0.0,1.2049,0.9145,1346,44.81333333333334,286.2345964975018,320.4412,606.6758,463.5585,0.075,0.992,0.831,1346,44.81333333333334
286.22360763385984,320.4484,606.672,463.5602,0.0667,0.9832,0.8243,1347,44.843333333333334,285.8186890581786,320.8684,606.6751,463.7718,0.0,1.292,0.8473,1347,44.843333333333334,286.9151852342166,319.9837,606.8961,463.4399,0.075,0.7814,0.8116,1347,44.843333333333334,286.2749356891525,320.4625,606.7279,463.5952,0.0,1.167,0.8984,1347,44.843333333333334,286.22573411363646,320.4465,606.672,463.5593,0.075,0.9978,0.8243,1347,44.843333333333334
286.2239154563688,320.448,606.6719,463.5599,0.0667,0.9862,0.8173,1348,44.875,285.8189893847051,320.8681,606.675,463.7716,0.0,1.2648,0.8475,1348,44.875,286.915883700358,319.9829,606.8962,463.4395,0.075,0.7813,0.8061,1348,44.875,286.27558991734895,320.4618,606.7279,463.5949,0.0,1.181,0.9184,1348,44.875,286.22600882372,320.4461,606.6719,463.559,0.075,0.9992,0.8173,1348,44.875
286.2253479948663,320.449,606.6744,463.5617,0.0667,0.974,0.8183,1349,44.90833333333334,285.8206182627649,320.8693,606.6778,463.7736,0.0,1.2724,0.8359,1349,44.90833333333334,286.9142887908273,319.9857,606.8974,463.4415,0.075,0.7676,0.7995,1349,44.90833333333334,286.27448836903847,320.4639,606.7291,463.5965,0.0,1.1895,0.9018,1349,44.90833333333334,286.22741093447905,320.447,606.6744,463.5607,0.075,0.9931,0.8183,1349,44.90833333333334
286.22882032132,320.4472,606.6761,463.5617,0.0667,0.9757,0.8159,1350,44.945,285.8229688632057,320.868,606.6789,463.7734,0.0,1.2729,0.8392,1350,44.945,286.91312973379763,319.9848,606.8954,463.4401,0.075,0.766,0.8019,1350,44.945,286.27233674927413,320.4641,606.7273,463.5957,0.0,1.1824,0.9253,1350,44.945,286.2308896319639,320.4453,606.6761,463.5607,0.075,0.9983,0.8159,1350,44.945
286.2254073291722,320.4495,606.6749,463.5622,0.0667,0.9853,0.8284,1351,44.97666666666667,285.82013966574476,320.8698,606.6778,463.7738,0.0,1.2644,0.833,1351,44.97666666666667,286.9159438385864,319.9848,606.8982,463.4415,0.075,0.7809,0.8001,1351,44.97666666666667,286.2757471633648,320.4634,606.7298,463.5966,0.0,1.1766,0.9016,1351,44.97666666666667,286.227441767254,320.4475,606.6749,463.5612,0.075,0.9682,0.8284,1351,44.97666666666667
286.23932708562984,320.4353,606.6746,463.555,0.075,0.9386,0.83,1352,45.00833333333333,285.6237185262198,321.0624,606.6775,463.87,0.0,1.0381,0.8342,1352,45.00833333333333,286.9198132903564,319.9801,606.8973,463.4387,0.075,0.7471,0.8069,1352,45.00833333333333,286.0749583633203,320.6585,606.729,463.6937,0.0,1.1464,0.9175,1352,45.00833333333333,286.24117858595366,320.4335,606.6746,463.5541,0.0833,0.9228,0.83,1352,45.00833333333333
286.23860875665173,320.4359,606.6746,463.5553,0.075,0.9386,0.8193,1353,45.04666666666667,285.62306213770455,321.063,606.6775,463.8702,0.0,1.0349,0.8301,1353,45.04666666666667,286.92036408820854,319.9802,606.8979,463.439,0.075,0.7474,0.8078,1353,45.04666666666667,286.0753425051421,320.6586,606.7296,463.6941,0.0,1.1456,0.901,1353,45.04666666666667,286.2404673773457,320.4341,606.6746,463.5543,0.0833,0.9344,0.8193,1353,45.04666666666667
286.2357801168326,320.4393,606.6751,463.5572,0.075,0.9624,0.8301,1354,45.075,285.6204402673814,321.0662,606.678,463.8721,0.0,1.0449,0.8338,1354,45.075,286.9187942202997,319.9814,606.8975,463.4394,0.075,0.7529,0.8073,1354,45.075,286.0736966035493,320.6601,606.7293,463.6947,0.0,1.1593,0.9173,1354,45.075,286.2375574063771,320.4376,606.6751,463.5563,0.0833,0.9787,0.8301,1354,45.075
286.23826495567107,320.4366,606.6749,463.5557,0.075,0.933,0.8272,1355,45.11,285.6227735702167,321.0636,606.6778,463.8707,0.0,1.0263,0.8337,1355,45.11,286.91977279245407,319.9808,606.8979,463.4393,0.075,0.7589,0.8071,1355,45.11,286.0746353436385,320.6594,606.7296,463.6945,0.0,1.157,0.901,1355,45.11,286.24003138330346,320.4348,606.6749,463.5549,0.0833,0.9596,0.8272,1355,45.11
286.23021177697285,320.4644,606.6905,463.5775,0.1,0.8361,0.762,1356,45.153333333333336,285.55040443845303,321.1532,606.6928,463.923,0.0083,1.2568,0.9254,1356,45.153333333333336,286.97758604239857,319.9958,606.9709,463.4834,0.0667,0.7985,0.8494,1356,45.153333333333336,286.03254493750615,320.7006,606.7247,463.7127,0.0,1.2306,0.9261,1356,45.153333333333336,286.2206128427172,320.4699,606.6905,463.5802,0.0917,0.958,0.762,1356,45.153333333333336
286.16592225081786,320.2664,606.4276,463.347,0.0833,0.6463,0.6818,1357,45.175000000000004,285.56994814506504,320.7659,606.3219,463.5439,0.0083,1.2245,0.9611,1357,45.175000000000004,286.8236513510461,319.8913,606.7092,463.3003,0.075,0.7415,0.664,1357,45.175000000000004,286.19625930723413,320.3151,606.4971,463.4061,0.0,1.0618,0.9631,1357,45.175000000000004,286.11896967315715,320.256,606.3704,463.3132,0.1,0.6307,0.5712,1357,45.175000000000004
286.12493479725015,320.4948,606.6185,463.5566,0.0833,0.9301,0.746,1358,45.21,285.7381797346176,320.9414,606.6716,463.8065,0.0,1.3219,0.8944,1358,45.21,286.8778953016664,320.0467,606.922,463.4843,0.0667,0.842,0.8426,1358,45.21,286.20243995100617,320.5095,606.7025,463.606,0.0,1.3163,0.9725,1358,45.21,286.08365490368374,320.493,606.5766,463.5348,0.0833,0.9012,0.7879,1358,45.21
286.1150242290795,320.5242,606.639,463.5816,0.0667,0.9619,0.7937,1359,45.25166666666667,285.5640855931814,320.9841,606.5398,463.762,0.0083,1.3804,0.9387,1359,45.25166666666667,286.89253713324376,320.0454,606.9344,463.4899,0.075,0.755,0.8382,1359,45.25166666666667,286.2013555713209,320.5245,606.7157,463.6201,0.0,1.247,0.9312,1359,45.25166666666667,286.0761604711714,320.5154,606.5915,463.5534,0.075,0.9493,0.8185,1359,45.25166666666667
286.1077017343863,320.5185,606.6257,463.5721,0.0667,0.9576,0.8019,1360,45.275000000000006,285.5575941422552,320.9789,606.5275,463.7532,0.0083,1.3814,0.9466,1360,45.275000000000006,286.7713125075817,320.0394,606.8096,463.4245,0.0667,0.7949,0.8201,1360,45.275000000000006,286.1953811564064,320.5191,606.7039,463.6115,0.0,1.255,0.9024,1360,45.275000000000006,286.0686816306892,320.5094,606.578,463.5437,0.075,0.9427,0.8019,1360,45.275000000000006
286.1119385775271,320.5196,606.631,463.5753,0.0667,0.9626,0.7722,1361,45.30833333333334,285.56173377010776,320.9798,606.5327,463.7562,0.0083,1.3826,0.9409,1361,45.30833333333334,286.8206799549722,320.0162,606.8348,463.4255,0.075,0.7054,0.7292,1361,45.30833333333334,286.2224258445053,320.5197,606.731,463.6254,0.0,1.2547,0.8936,1361,45.30833333333334,286.09044583660625,320.4946,606.5838,463.5392,0.0833,0.9332,0.8127,1361,45.30833333333334
286.109619710278,320.5072,606.616,463.5616,0.0667,0.979,0.7774,1362,45.355000000000004,285.59545654422084,320.9293,606.5177,463.7235,0.0083,1.3993,0.9564,1362,45.355000000000004,286.8683685337959,320.026,606.8903,463.4581,0.0667,0.8359,0.839,1362,45.355000000000004,286.25051509317586,320.474,606.7136,463.5938,0.0,1.2175,0.908,1362,45.355000000000004,286.0873963707461,320.4822,606.5685,463.5254,0.0833,0.9145,0.7829,1362,45.355000000000004
286.11017990265793,320.5075,606.6168,463.5622,0.0667,0.9592,0.7969,1363,45.375,285.594006640597,320.9298,606.5168,463.7233,0.0083,1.3642,0.9194,1363,45.375,286.78745995471087,320.0275,606.8132,463.4203,0.0667,0.7719,0.7672,1363,45.375,286.2436845948802,320.4743,606.7077,463.591,0.0,1.1772,0.9051,1363,45.375,286.08826469108726,320.4827,606.5701,463.5264,0.0833,0.9044,0.7462,1363,45.375
286.1080856437713,320.5058,606.6132,463.5595,0.0667,0.9489,0.7957,1364,45.40833333333334,285.5917314590961,320.9283,606.5131,463.7207,0.0083,1.3388,0.9175,1364,45.40833333333334,286.84479338893595,320.0259,606.8693,463.4476,0.05,0.7702,0.8589,1364,45.40833333333334,286.24079716988365,320.4729,606.7034,463.5881,0.0,1.1774,0.9077,1364,45.40833333333334,286.0707258168783,320.4973,606.568,463.5327,0.075,0.9357,0.7421,1364,45.40833333333334
286.1051009148403,320.507,606.6112,463.5591,0.0667,0.954,0.7832,1365,45.45333333333333,285.5895275472385,320.9295,606.5122,463.7209,0.0083,1.3649,0.9279,1365,45.45333333333333,286.84632206895213,320.0262,606.8714,463.4488,0.05,0.7806,0.9013,1365,45.45333333333333,286.2421186653918,320.4731,606.705,463.589,0.0,1.1762,0.9778,1365,45.45333333333333,286.0676351593085,320.4984,606.566,463.5322,0.075,0.9373,0.7912,1365,45.45333333333333
286.18732554533165,320.4285,606.6124,463.5205,0.1,0.6187,0.7312,1366,45.48166666666667,285.81931198728364,320.8779,606.6861,463.782,0.0,1.2388,0.834,1366,45.48166666666667,286.79386804601586,320.0259,606.8169,463.4214,0.1,0.7873,0.7448,1366,45.48166666666667,286.4012675838714,320.4881,606.8759,463.682,0.0,1.1919,0.861,1366,45.48166666666667,286.1730206204362,320.4423,606.6124,463.5274,0.1,0.8094,0.7312,1366,45.48166666666667
286.19005981467757,320.4297,606.6162,463.523,0.1,0.6151,0.7236,1367,45.510000000000005,285.8222136298777,320.8787,606.6897,463.7842,0.0,1.2452,0.8318,1367,45.510000000000005,286.7922994974442,320.0263,606.8159,463.4211,0.1,0.7742,0.7421,1367,45.510000000000005,286.4002742809125,320.4878,606.8748,463.6813,0.0,1.1745,0.8654,1367,45.510000000000005,286.1754567794419,320.4435,606.6162,463.5299,0.1,0.8163,0.7236,1367,45.510000000000005
286.22281369155564,320.3962,606.6156,463.5059,0.1083,0.6747,0.7407,1368,45.54166666666667,285.82359017863143,320.877,606.6892,463.7831,0.0,1.2125,0.8355,1368,45.54166666666667,287.0346501051565,319.9946,607.0252,463.5099,0.1,0.8116,0.7183,1368,45.54166666666667,286.39887676104377,320.4882,606.8736,463.6809,0.0,1.2193,0.8608,1368,45.54166666666667,286.19568339656325,320.4233,606.6156,463.5194,0.1083,0.6176,0.7407,1368,45.54166666666667
286.219324632705,320.3988,606.6148,463.5068,0.1083,0.6701,0.7397,1369,45.57666666666667,285.8203029932082,320.8795,606.6885,463.784,0.0,1.2152,0.8369,1369,45.57666666666667,286.82200311626275,319.9938,606.8133,463.4035,0.1,0.8098,0.7607,1369,45.57666666666667,286.3988846125966,320.4877,606.8731,463.6804,0.0,1.2068,0.863,1369,45.57666666666667,286.19232994702156,320.4258,606.6148,463.5203,0.1083,0.6111,0.7397,1369,45.57666666666667
286.21914983897784,320.3978,606.6136,463.5057,0.1083,0.7118,0.7359,1370,45.608333333333334,285.8199383218998,320.8787,606.6872,463.783,0.0,1.2331,0.8365,1370,45.608333333333334,286.82102007628066,319.9934,606.8119,463.4026,0.1,0.7918,0.7482,1370,45.608333333333334,286.3982036439413,320.4871,606.8719,463.6795,0.0,1.2213,0.8627,1370,45.608333333333334,286.19203642800295,320.4249,606.6136,463.5192,0.1083,0.6916,0.7359,1370,45.608333333333334
286.2113962819411,320.4066,606.6147,463.5106,0.1083,0.6576,0.729,1371,45.64166666666667,285.81242839176747,320.8872,606.6882,463.7877,0.0,1.2041,0.8254,1371,45.64166666666667,286.82108560275367,319.9944,606.8129,463.4036,0.1,0.7979,0.7597,1371,45.64166666666667,286.39852574756355,320.4878,606.8728,463.6803,0.0,1.206,0.8638,1371,45.64166666666667,286.1842812089742,320.4337,606.6147,463.5242,0.1083,0.6604,0.729,1371,45.64166666666667
286.2170274880766,320.401,606.6147,463.5078,0.1083,0.6644,0.738,1372,45.675000000000004,285.81774540347817,320.882,606.6883,463.7851,0.0,1.2109,0.8259,1372,45.675000000000004,286.82030292580754,319.9947,606.8124,463.4036,0.1,0.7932,0.7406,1372,45.675000000000004,286.39780273524065,320.488,606.8724,463.6802,0.0,1.2165,0.863,1372,45.675000000000004,286.18972939065657,320.4283,606.6147,463.5215,0.1083,0.6666,0.738,1372,45.675000000000004
286.21538375766977,320.4023,606.6144,463.5083,0.1083,0.6491,0.7378,1373,45.708333333333336,285.8164394302997,320.8829,606.688,463.7855,0.0,1.2121,0.8259,1373,45.708333333333336,286.82058599461186,319.9941,606.8122,463.4031,0.1,0.7911,0.7407,1373,45.708333333333336,286.39809456937587,320.4874,606.8721,463.6798,0.0,1.2062,0.8635,1373,45.708333333333336,286.220232446605,320.3975,606.6144,463.5059,0.1167,0.6171,0.7378,1373,45.708333333333336
286.21862739208973,320.3998,606.6151,463.5075,0.1083,0.6585,0.7384,1374,45.74166666666667,285.81934039269754,320.8809,606.6887,463.7848,0.0,1.2105,0.8311,1374,45.74166666666667,286.8205637387548,319.9946,606.8126,463.4036,0.1,0.7935,0.741,1374,45.74166666666667,286.39802960971,320.4879,606.8725,463.6802,0.0,1.2166,0.8629,1374,45.74166666666667,286.22336869981257,320.3951,606.6151,463.5051,0.1167,0.6784,0.7384,1374,45.74166666666667
286.2172738579975,320.4012,606.6151,463.5081,0.1083,0.6566,0.738,1375,45.775000000000006,285.8182269850548,320.8818,606.6887,463.7852,0.0,1.212,0.8257,1375,45.775000000000006,286.8219404328903,319.9929,606.8123,463.4026,0.1,0.8219,0.7581,1375,45.775000000000006,286.39918106780294,320.4865,606.8722,463.6794,0.0,1.2146,0.8631,1375,45.775000000000006,286.1901825225609,320.4283,606.6151,463.5217,0.1083,0.6197,0.738,1375,45.775000000000006
286.2519236889153,320.3911,606.6431,463.5171,0.075,0.6226,0.7989,1376,45.815000000000005,285.61335739298045,321.045,606.6543,463.8497,0.0,0.9879,0.8594,1376,45.815000000000005,286.932336115308,319.9704,606.9027,463.4366,0.0833,0.7393,0.8319,1376,45.815000000000005,286.19530610714577,320.6735,606.8617,463.7676,0.0,1.1073,0.9037,1376,45.815000000000005,286.21572992204153,320.4151,606.6304,463.5227,0.0833,0.8553,0.8428,1376,45.815000000000005
286.2519885980447,320.3922,606.6442,463.5182,0.1083,0.611,0.7152,1377,45.84166666666667,285.6137756122175,321.046,606.6558,463.8509,0.0,0.9991,0.8464,1377,45.84166666666667,286.9343124267266,319.9702,606.9045,463.4374,0.0833,0.7392,0.828,1377,45.84166666666667,286.1971348358694,320.6734,606.8634,463.7684,0.0,1.1078,0.9027,1377,45.84166666666667,286.2159414275127,320.4161,606.6317,463.5239,0.0833,0.8189,0.8397,1377,45.84166666666667
286.23871781128474,320.4055,606.6442,463.5248,0.1,0.6138,0.7359,1378,45.875,285.6139727945656,321.0457,606.6557,463.8507,0.0,0.9915,0.843,1378,45.875,286.93509428115965,319.9692,606.9043,463.4367,0.0833,0.7371,0.8286,1378,45.875,286.197857131388,320.6725,606.8632,463.7678,0.0,1.1085,0.9028,1378,45.875,286.21624493154707,320.4159,606.6317,463.5238,0.0833,0.8268,0.841,1378,45.875
286.22249897956397,320.3918,606.6143,463.5031,0.1,0.6358,0.7277,1379,45.91000000000001,285.611856615548,321.046,606.6541,463.8501,0.0,1.02,0.8304,1379,45.91000000000001,286.938301292767,319.9649,606.9032,463.434,0.0833,0.7357,0.823,1379,45.91000000000001,286.1994240671935,320.6694,606.8617,463.7656,0.0,1.0818,0.8993,1379,45.91000000000001,286.2149564445492,320.4161,606.6305,463.5233,0.0833,0.7758,0.85,1379,45.91000000000001
286.25275660244154,320.3917,606.6444,463.5181,0.1083,0.5976,0.7439,1380,45.943333333333335,285.61451224936593,321.0458,606.6564,463.8511,0.0,1.0053,0.8447,1380,45.943333333333335,286.9343729759363,319.9695,606.9038,463.4367,0.0833,0.7316,0.8291,1380,45.943333333333335,286.197227242297,320.673,606.8629,463.7679,0.0,1.1358,0.9028,1380,45.943333333333335,286.2164748630156,320.4158,606.632,463.5239,0.0833,0.8114,0.8491,1380,45.943333333333335
286.23822273626126,320.4061,606.6443,463.5252,0.1,0.5969,0.7392,1381,45.975,285.61355859873873,321.0465,606.6561,463.8513,0.0,1.0112,0.8442,1381,45.975,286.93468494980135,319.9693,606.9039,463.4366,0.0833,0.7352,0.8291,1381,45.975,286.19742010539534,320.6727,606.8629,463.7678,0.0,1.1274,0.9028,1381,45.975,286.21553171969447,320.4166,606.6318,463.5242,0.0833,0.8098,0.8445,1381,45.975
286.2375602323813,320.4066,606.6442,463.5254,0.1,0.5999,0.7295,1382,46.00833333333333,285.6123803863887,321.047,606.6555,463.8512,0.0,1.0035,0.8442,1382,46.00833333333333,286.93325534813954,319.9707,606.904,463.4373,0.0833,0.7352,0.8292,1382,46.00833333333333,286.1956283701314,320.6741,606.8625,463.7683,0.0,1.1186,0.9029,1382,46.00833333333333,286.21488023584635,320.4172,606.6317,463.5245,0.0833,0.8145,0.8528,1382,46.00833333333333
286.2515324607783,320.3922,606.6438,463.518,0.1083,0.5952,0.7303,1383,46.04166666666667,285.6132619539103,321.0461,606.6554,463.8507,0.0,1.025,0.8436,1383,46.04166666666667,286.9338554362377,319.9702,606.904,463.4371,0.0833,0.7358,0.8289,1383,46.04166666666667,286.1965749283884,320.6735,606.8629,463.7682,0.0,1.116,0.9029,1383,46.04166666666667,286.21542534135864,320.4162,606.6313,463.5237,0.0833,0.825,0.8522,1383,46.04166666666667
286.2539006975959,320.3905,606.6444,463.5175,0.1083,0.61,0.7288,1384,46.075,285.61565454717595,321.0442,606.6559,463.8501,0.0,1.0051,0.841,1384,46.075,286.93520450178295,319.9682,606.9034,463.4358,0.0833,0.7555,0.8262,1384,46.075,286.1981059500817,320.6714,606.8624,463.7669,0.0,1.1321,0.8908,1384,46.075,286.21796531990117,320.4145,606.6321,463.5233,0.0833,0.826,0.8105,1384,46.075
286.2524663314314,320.3907,606.6432,463.5169,0.1083,0.6187,0.7309,1385,46.108333333333334,285.61541882733184,321.0444,606.6559,463.8502,0.0,0.9969,0.8489,1385,46.108333333333334,286.93474542543424,319.9683,606.9031,463.4357,0.0833,0.7551,0.8271,1385,46.108333333333334,286.19860427328297,320.6716,606.863,463.7673,0.0,1.1016,0.8916,1385,46.108333333333334,286.2165234344077,320.4146,606.6309,463.5228,0.0833,0.8224,0.8112,1385,46.108333333333334
286.23058688071364,320.4254,606.6539,463.5396,0.0583,1.0368,0.8448,1386,46.14833333333333,285.89278194775187,320.7647,606.6575,463.7111,0.0,0.9023,0.8955,1386,46.14833333333333,286.92730486196865,319.959,606.8863,463.4226,0.075,0.7557,0.764,1386,46.14833333333333,286.5212497327443,320.3549,606.8718,463.6133,0.0,0.8625,0.9497,1386,46.14833333333333,286.3048233450121,320.4213,606.7262,463.5737,0.0667,1.0547,0.8007,1386,46.14833333333333
286.22941836746963,320.4256,606.6529,463.5392,0.0583,1.0377,0.8471,1387,46.175000000000004,285.8914588827954,320.7648,606.6563,463.7106,0.0,0.8873,0.8955,1387,46.175000000000004,286.9276884062218,319.9569,606.8846,463.4208,0.075,0.7711,0.8037,1387,46.175000000000004,286.52164233677183,320.353,606.8703,463.6117,0.0,0.8696,0.9318,1387,46.175000000000004,286.3035190576071,320.4215,606.725,463.5733,0.0667,1.0583,0.8071,1387,46.175000000000004
286.1624223027936,320.4973,606.6559,463.5766,0.0833,0.9893,0.8467,1388,46.208333333333336,285.6960041570694,320.9648,606.6608,463.8128,0.0,0.8345,0.8977,1388,46.208333333333336,287.0910756699213,319.9384,607.0246,463.4815,0.1,0.7437,0.8003,1388,46.208333333333336,286.3224510342693,320.5501,606.8712,463.7107,0.0,0.8327,0.9538,1388,46.208333333333336,286.3195112819993,320.4087,606.7282,463.5685,0.075,0.9322,0.7964,1388,46.208333333333336
286.242707214466,320.4117,606.6528,463.5323,0.0667,1.0279,0.8268,1389,46.24166666666667,285.69378183960225,320.9641,606.6579,463.811,0.0,0.8438,0.9013,1389,46.24166666666667,287.0951572500571,319.9383,607.0311,463.4847,0.0917,0.7431,0.8329,1389,46.24166666666667,286.3207917819632,320.55,606.8695,463.7098,0.0,0.833,0.9467,1389,46.24166666666667,286.29247961857027,320.4079,606.7004,463.5542,0.0917,0.9423,0.7771,1389,46.24166666666667
286.16045567937147,320.4972,606.6538,463.5755,0.0833,0.9892,0.8207,1390,46.27666666666667,285.6942401209442,320.9647,606.6589,463.8118,0.0,0.8341,0.9012,1390,46.27666666666667,287.09460694583674,319.9388,607.031,463.4849,0.0917,0.744,0.833,1390,46.27666666666667,286.3202690186754,320.5504,606.8694,463.7099,0.0,0.8323,0.9466,1390,46.27666666666667,286.29283862667796,320.4086,606.7014,463.555,0.0917,0.9331,0.7775,1390,46.27666666666667
286.241436694954,320.4127,606.6526,463.5327,0.0667,1.0282,0.8321,1391,46.31,285.6927385447293,320.9651,606.6578,463.8114,0.0,0.8458,0.9014,1391,46.31,287.09282983771493,319.9396,607.03,463.4848,0.0917,0.7624,0.8331,1391,46.31,286.3184799853285,320.5514,606.8684,463.7099,0.0,0.8312,0.9464,1391,46.31,286.3013504669475,320.4089,606.7089,463.5589,0.0833,0.9336,0.7804,1391,46.31
286.1669689235461,320.4868,606.65,463.5684,0.0833,0.9968,0.8908,1392,46.34166666666667,285.69794058063246,320.9561,606.6541,463.8051,0.0,0.8277,0.9355,1392,46.34166666666667,287.09467027413916,319.9306,607.0206,463.4756,0.1,0.7482,0.8087,1392,46.34166666666667,286.3269012107651,320.5424,606.8672,463.7048,0.0,0.8329,0.954,1392,46.34166666666667,286.3102000696307,320.3968,606.7056,463.5512,0.0917,1.0196,0.7865,1392,46.34166666666667
286.20914400228656,320.4426,606.649,463.5458,0.075,1.0319,0.8769,1393,46.37833333333334,285.69725852143347,320.9567,606.6539,463.8053,0.0,0.8325,0.9387,1393,46.37833333333334,287.1003922761957,319.931,607.0292,463.4801,0.0917,0.7002,0.8209,1393,46.37833333333334,286.32685709545035,320.5431,606.8679,463.7055,0.0,0.8207,0.9532,1393,46.37833333333334,286.3088035551708,320.3972,606.7046,463.5509,0.0917,1.0303,0.7848,1393,46.37833333333334
286.2098648771306,320.4419,606.6491,463.5455,0.075,1.0281,0.8864,1394,46.40833333333334,285.6982403253397,320.956,606.6543,463.8052,0.0,0.8305,0.9426,1394,46.40833333333334,287.09978797704593,319.9318,607.0294,463.4806,0.0917,0.7717,0.838,1394,46.40833333333334,286.32630208404987,320.5437,606.868,463.7058,0.0,0.8215,0.9504,1394,46.40833333333334,286.30974271559614,320.3963,606.7047,463.5505,0.0917,1.034,0.7815,1394,46.40833333333334
286.2090074025044,320.4429,606.6492,463.5461,0.075,1.031,0.888,1395,46.44166666666667,285.6972131856812,320.957,606.6542,463.8056,0.0,0.8374,0.9421,1395,46.44166666666667,287.09978797704593,319.9318,607.0294,463.4806,0.0917,0.7717,0.838,1395,46.44166666666667,286.32630208404987,320.5437,606.868,463.7058,0.0,0.8215,0.9504,1395,46.44166666666667,286.3238766191374,320.3974,606.7213,463.5593,0.0833,1.0292,0.8351,1395,46.44166666666667
286.17944934494074,320.4365,606.614,463.5253,0.0833,0.7846,0.7806,1396,46.483333333333334,285.8057628609372,320.9066,606.7093,463.8079,0.0,0.8659,0.9138,1396,46.483333333333334,286.8014870367482,320.0008,606.8023,463.4015,0.0917,0.6938,0.7463,1396,46.483333333333334,286.40594103633816,320.4946,606.8953,463.695,0.0,1.0595,0.8793,1396,46.483333333333334,286.16747558391364,320.4605,606.6279,463.5442,0.0833,0.9116,0.7893,1396,46.483333333333334
286.17826313094145,320.4399,606.6163,463.5281,0.0833,0.818,0.784,1397,46.510000000000005,285.80428402686266,320.9096,606.7111,463.8104,0.0,0.8795,0.8978,1397,46.510000000000005,286.7978903137126,320.0053,606.8032,463.4043,0.0917,0.7765,0.7468,1397,46.510000000000005,286.20546728635367,320.7029,606.8965,463.7997,0.0,1.1893,0.8676,1397,46.510000000000005,286.1656964733955,320.4645,606.6302,463.5474,0.0833,0.8553,0.7962,1397,46.510000000000005
286.17061707438893,320.4478,606.6166,463.5322,0.0917,0.8103,0.7742,1398,46.54166666666667,285.74712918566615,320.9715,606.7114,463.8414,0.0,0.9897,0.9042,1398,46.54166666666667,286.7975652119467,320.0059,606.8035,463.4047,0.0917,0.7393,0.747,1398,46.54166666666667,286.20518768871057,320.7035,606.8968,463.8001,0.0,1.1747,0.865,1398,46.54166666666667,286.10189687218354,320.5324,606.6305,463.5814,0.0833,0.9117,0.7664,1398,46.54166666666667
286.1715375590104,320.4463,606.616,463.5312,0.0917,0.812,0.7761,1399,46.583333333333336,285.74771009618644,320.9703,606.7109,463.8406,0.0,0.9859,0.9044,1399,46.583333333333336,286.79989098388535,320.0034,606.8033,463.4034,0.0917,0.7437,0.7463,1399,46.583333333333336,286.2068600783482,320.7014,606.8966,463.799,0.0,1.1668,0.8492,1399,46.583333333333336,286.1025301236848,320.5312,606.6299,463.5805,0.0833,0.9053,0.7608,1399,46.583333333333336
286.08845246455564,320.529,606.6156,463.5723,0.0833,0.9483,0.7699,1400,46.608333333333334,285.55549989045903,321.1659,606.7105,463.9382,0.0,1.2246,0.9138,1400,46.608333333333334,286.80005152950287,320.0019,606.8019,463.4019,0.0917,0.7189,0.7433,1400,46.608333333333334,286.20716822588054,320.6998,606.8954,463.7976,0.0,1.2049,0.8448,1400,46.608333333333334,286.10523689087074,320.5281,606.6296,463.5789,0.0833,0.896,0.7751,1400,46.608333333333334
286.09013743528106,320.5294,606.6177,463.5736,0.0833,0.9532,0.7705,1401,46.64166666666667,285.55688138189,321.1663,606.7121,463.9392,0.0,1.2522,0.9029,1401,46.64166666666667,286.79980231595187,320.0034,606.8033,463.4033,0.0917,0.7387,0.7453,1401,46.64166666666667,286.2064043026544,320.7015,606.8962,463.7989,0.0,1.1948,0.848,1401,46.64166666666667,286.10694342609713,320.5284,606.6316,463.58,0.0833,0.9171,0.7631,1401,46.64166666666667
286.0908190836276,320.5287,606.6177,463.5732,0.0833,0.9445,0.7693,1402,46.68666666666667,285.55742106807423,321.1659,606.7122,463.939,0.0,1.2398,0.9071,1402,46.68666666666667,286.7999720721439,320.0036,606.8035,463.4036,0.0917,0.7411,0.7452,1402,46.68666666666667,286.2065577415603,320.7017,606.8965,463.7991,0.0,1.1736,0.8478,1402,46.68666666666667,286.1075395907289,320.5278,606.6316,463.5797,0.0833,0.9052,0.7633,1402,46.68666666666667
286.0918335850647,320.5277,606.6177,463.5727,0.0833,0.9492,0.7708,1403,46.71,285.55865157059617,321.1648,606.7123,463.9386,0.0,1.24,0.9057,1403,46.71,286.8004360257464,320.0031,606.8035,463.4033,0.0917,0.7421,0.7453,1403,46.71,286.2072846617391,320.7013,606.8968,463.799,0.0,1.1725,0.8477,1403,46.71,286.10862148497813,320.5268,606.6316,463.5792,0.0833,0.9243,0.7637,1403,46.71
286.0878705331878,320.5314,606.6174,463.5744,0.0833,0.9515,0.7688,1404,46.74166666666667,285.5549054840601,321.1684,606.7121,463.9402,0.0,1.2422,0.8983,1404,46.74166666666667,286.7957680337713,320.0076,606.8033,463.4054,0.0917,0.7411,0.7466,1404,46.74166666666667,286.20307489713156,320.7054,606.8967,463.8011,0.0,1.1723,0.865,1404,46.74166666666667,286.10462883841075,320.5305,606.6313,463.5809,0.0833,0.9229,0.7592,1404,46.74166666666667
286.08731036725646,320.5319,606.6173,463.5746,0.0833,0.9518,0.7711,1405,46.78500000000001,285.5544670047239,321.1688,606.7121,463.9404,0.0,1.2418,0.8982,1405,46.78500000000001,286.79586716452,320.0075,606.8034,463.4054,0.0917,0.7406,0.7467,1405,46.78500000000001,286.2031825599122,320.7053,606.8968,463.8011,0.0,1.1717,0.865,1405,46.78500000000001,286.1040670424404,320.5309,606.6312,463.5811,0.0833,0.9248,0.7634,1405,46.78500000000001
286.1987011466168,320.4481,606.644,463.5461,0.075,0.8081,0.7605,1406,46.81333333333334,285.8046215783314,320.9375,606.7245,463.831,0.0,1.0748,0.7687,1406,46.81333333333334,286.72895064190743,320.033,606.7601,463.3965,0.0833,0.8827,0.7144,1406,46.81333333333334,286.3938712232788,320.4952,606.8702,463.6827,0.0,1.0755,0.714,1406,46.81333333333334,286.20240228500916,320.4439,606.644,463.544,0.0833,0.8094,0.7605,1406,46.81333333333334
286.1932227645257,320.4542,606.6445,463.5493,0.075,0.8036,0.763,1407,46.84166666666667,285.79935937800747,320.9431,606.7249,463.834,0.0,1.0718,0.767,1407,46.84166666666667,286.7281906121683,320.0339,606.7604,463.3971,0.0833,0.8821,0.7077,1407,46.84166666666667,286.39310025798204,320.4962,606.8705,463.6833,0.0,1.0751,0.7078,1407,46.84166666666667,286.19680661438997,320.4501,606.6445,463.5473,0.0833,0.8076,0.763,1407,46.84166666666667
286.19574459024693,320.4509,606.6435,463.5472,0.075,0.847,0.7339,1408,46.888333333333335,285.8023144811999,320.9405,606.7248,463.8327,0.0,1.0828,0.7767,1408,46.888333333333335,286.728850119773,320.0342,606.7612,463.3977,0.0833,0.9143,0.7109,1408,46.888333333333335,286.3945679190153,320.4966,606.8723,463.6844,0.0,1.0783,0.7182,1408,46.888333333333335,286.19942750238187,320.4467,606.6435,463.5451,0.0833,0.7922,0.7339,1408,46.888333333333335
286.196034426162,320.4509,606.6442,463.5476,0.075,0.8416,0.7498,1409,46.91000000000001,285.8020812286101,320.9399,606.7244,463.8321,0.0,1.1004,0.7849,1409,46.91000000000001,286.7284700128721,320.0336,606.7603,463.3969,0.0833,0.9367,0.7105,1409,46.91000000000001,286.39314959464434,320.4962,606.8703,463.6833,0.0,1.0793,0.7119,1409,46.91000000000001,286.1629508873245,320.4467,606.6075,463.5271,0.1,0.7856,0.7441,1409,46.91000000000001
286.1997127240496,320.4468,606.6438,463.5453,0.075,0.8445,0.744,1410,46.94166666666667,285.8056673221364,320.936,606.7241,463.83,0.0,1.0876,0.7795,1410,46.94166666666667,286.73023241803736,320.0319,606.7604,463.3962,0.0833,0.9352,0.7107,1410,46.94166666666667,286.39482206897856,320.4947,606.8705,463.6826,0.0,1.0862,0.7166,1410,46.94166666666667,286.1783864414715,320.4425,606.6187,463.5306,0.0917,0.7941,0.741,1410,46.94166666666667
286.30464044587313,320.4489,606.7508,463.5999,0.075,0.841,0.7862,1411,46.975,285.7472495794343,320.9381,606.6713,463.8047,0.0,1.0876,0.8871,1411,46.975,286.73113142316913,320.0316,606.761,463.3963,0.0833,0.9432,0.7144,1411,46.975,286.39592150868225,320.4944,606.8713,463.6828,0.0,1.0857,0.7119,1411,46.975,286.3083643315166,320.4447,606.7508,463.5977,0.0833,0.7862,0.7862,1411,46.975
286.2038020394268,320.4449,606.6457,463.5453,0.075,0.8163,0.7674,1412,47.025000000000006,285.8094608313471,320.9346,606.7262,463.8304,0.0,1.0697,0.7792,1412,47.025000000000006,286.72770723744463,320.0352,606.7611,463.3982,0.0833,0.8891,0.7112,1412,47.025000000000006,286.3926924782721,320.4974,606.8713,463.6844,0.0,1.076,0.7148,1412,47.025000000000006,286.2074659997106,320.4407,606.6457,463.5432,0.0833,0.8008,0.7674,1412,47.025000000000006
286.2038500396595,320.4479,606.6489,463.5484,0.0833,0.8382,0.7656,1413,47.04333333333334,285.7498359818788,320.9369,606.6727,463.8048,0.0,1.1002,0.873,1413,47.04333333333334,286.72886361932626,320.0342,606.7613,463.3978,0.0833,0.9008,0.6987,1413,47.04333333333334,286.39297381142023,320.4965,606.8708,463.6837,0.0,1.098,0.711,1413,47.04333333333334,286.2074812401057,320.4438,606.6489,463.5463,0.0917,0.8074,0.7656,1413,47.04333333333334
286.20100545892524,320.4477,606.6457,463.5467,0.075,0.8398,0.7331,1414,47.075,285.806441090821,320.9369,606.7256,463.8312,0.0,1.0991,0.7676,1414,47.075,286.728539733312,320.0341,606.7609,463.3975,0.0833,0.9016,0.708,1414,47.075,286.39268393435975,320.4965,606.8704,463.6834,0.0,1.098,0.7171,1414,47.075,286.20462058531064,320.4436,606.6457,463.5447,0.0833,0.8115,0.7331,1414,47.075
286.2016412120697,320.4482,606.647,463.5476,0.0833,0.8391,0.7615,1415,47.108333333333334,285.747994850114,320.9373,606.671,463.8041,0.0,1.0941,0.8679,1415,47.108333333333334,286.756826410666,320.0341,606.7865,463.4103,0.075,0.9016,0.7113,1415,47.108333333333334,286.3917450123845,320.4965,606.8693,463.6829,0.0,1.098,0.7129,1415,47.108333333333334,286.20526455444747,320.4441,606.647,463.5455,0.0917,0.8082,0.7615,1415,47.108333333333334
286.1519857787007,320.4855,606.6339,463.5597,0.0833,0.7794,0.7989,1416,47.14666666666667,285.7098337395837,320.9333,606.6344,463.7838,0.0,1.2775,0.8683,1416,47.14666666666667,286.9609232242084,320.0758,607.03,463.5529,0.0833,0.8792,0.7527,1416,47.14666666666667,286.32383519962104,320.5393,606.8461,463.6927,0.0,1.34,0.9173,1416,47.14666666666667,286.1280291709502,320.5062,606.6339,463.5701,0.0917,0.8681,0.7989,1416,47.14666666666667
286.1543614974994,320.4829,606.6332,463.558,0.0833,0.776,0.7974,1417,47.175000000000004,285.71195536241726,320.9312,606.6341,463.7826,0.0,1.2853,0.8904,1417,47.175000000000004,286.8115961453557,320.076,606.8876,463.4818,0.0583,0.8985,0.7642,1417,47.175000000000004,286.2812798955524,320.5398,606.8047,463.6723,0.0,1.4288,0.9798,1417,47.175000000000004,286.1303538556433,320.5036,606.6332,463.5684,0.0917,0.914,0.7974,1417,47.175000000000004
286.1522490458103,320.4853,606.6336,463.5594,0.0833,0.769,0.7955,1418,47.208333333333336,285.7096389710586,320.9335,606.6341,463.7838,0.0,1.2973,0.8889,1418,47.208333333333336,286.81325844555977,320.0748,606.8881,463.4814,0.0583,0.8818,0.7646,1418,47.208333333333336,286.28283451187576,320.5387,606.8052,463.672,0.0,1.4296,0.9794,1418,47.208333333333336,286.12822601234535,320.5061,606.6336,463.5698,0.0917,0.8779,0.7955,1418,47.208333333333336
286.1548554117192,320.4841,606.635,463.5596,0.0833,0.7766,0.7962,1419,47.24166666666667,285.7124646006421,320.9324,606.6358,463.7841,0.0,1.2783,0.8923,1419,47.24166666666667,286.72794930668437,320.0779,606.8037,463.4408,0.0833,0.8697,0.8037,1419,47.24166666666667,286.2804890287613,320.5416,606.8057,463.6736,0.0,1.39,0.9795,1419,47.24166666666667,286.1308862100696,320.5048,606.635,463.5699,0.0917,0.9139,0.7962,1419,47.24166666666667
286.15220281106735,320.4847,606.6328,463.5588,0.0833,0.7719,0.8012,1420,47.27666666666667,285.7097713616474,320.9329,606.6335,463.7832,0.0,1.2781,0.8955,1420,47.27666666666667,286.80916483462886,320.0785,606.8877,463.4831,0.0583,0.8411,0.7504,1420,47.27666666666667,286.27910012118855,320.5422,606.8049,463.6735,0.0,1.3724,0.9846,1420,47.27666666666667,286.12807570891783,320.5056,606.6328,463.5692,0.0917,0.9138,0.8012,1420,47.27666666666667
286.15315509751116,320.4843,606.6335,463.5589,0.0833,0.8,0.7676,1421,47.31,285.71306504106445,320.9333,606.637,463.7852,0.0,1.1999,0.8771,1421,47.31,286.92247471015435,320.0803,607.0012,463.5408,0.075,0.9001,0.7528,1421,47.31,286.32299960355476,320.5448,606.85,463.6974,0.0,1.3078,0.8989,1421,47.31,286.12916723035937,320.505,606.6335,463.5693,0.0917,0.8726,0.7676,1421,47.31
286.1536816700202,320.4838,606.6336,463.5587,0.0833,0.8134,0.77,1422,47.34166666666667,285.7138376101441,320.9325,606.637,463.7847,0.0,1.2067,0.8773,1422,47.34166666666667,286.92225647106454,320.0801,607.0008,463.5404,0.075,0.9007,0.7528,1422,47.34166666666667,286.3231584166134,320.5443,606.8497,463.697,0.0,1.3071,0.898,1422,47.34166666666667,286.12974862886165,320.5045,606.6336,463.569,0.0917,0.8751,0.77,1422,47.34166666666667
286.15540676172407,320.4825,606.6341,463.5583,0.0833,0.8111,0.7762,1423,47.37666666666667,285.7153361566022,320.9312,606.6373,463.7842,0.0,1.1997,0.8764,1423,47.37666666666667,286.921919694262,320.0799,607.0003,463.5401,0.075,0.8994,0.7529,1423,47.37666666666667,286.3226609166794,320.5442,606.8491,463.6966,0.0,1.3271,0.8984,1423,47.37666666666667,286.1315547735031,320.5031,606.6341,463.5686,0.0917,0.8838,0.7762,1423,47.37666666666667
286.1553081477342,320.4823,606.6337,463.558,0.0833,0.8127,0.7676,1424,47.41000000000001,285.71516350691377,320.931,606.6369,463.784,0.0,1.2046,0.8766,1424,47.41000000000001,286.9216873576329,320.0801,607.0003,463.5402,0.075,0.8992,0.7529,1424,47.41000000000001,286.3223826667526,320.5445,606.8491,463.6968,0.0,1.3283,0.8984,1424,47.41000000000001,286.1314862486819,320.5028,606.6337,463.5683,0.0917,0.876,0.7676,1424,47.41000000000001
286.15579613824343,320.4813,606.6332,463.5573,0.0833,0.8231,0.7673,1425,47.44166666666667,285.7156906422661,320.9302,606.6364,463.7833,0.0,1.2,0.8781,1425,47.44166666666667,286.92202379223454,320.0798,607.0003,463.5401,0.075,0.8978,0.7529,1425,47.44166666666667,286.322665696375,320.5442,606.8491,463.6966,0.0,1.3261,0.8988,1425,47.44166666666667,286.13189370685836,320.502,606.6332,463.5676,0.0917,0.9003,0.7673,1425,47.44166666666667
286.31001175959625,320.4762,606.7858,463.631,0.0667,0.9355,0.8389,1426,47.480000000000004,285.85961151260204,320.8738,606.7215,463.7977,0.0,1.1987,0.8296,1426,47.480000000000004,286.9984085802082,319.9945,606.9916,463.493,0.075,0.8944,0.8025,1426,47.480000000000004,286.46946814281927,320.4252,606.8781,463.6517,0.0,1.1165,0.8769,1426,47.480000000000004,286.17732388684465,320.4705,606.6474,463.5589,0.0667,0.9448,0.8698,1426,47.480000000000004
286.27397943601153,320.4824,606.7557,463.6191,0.0583,0.8951,0.8385,1427,47.510000000000005,285.8543951954656,320.8799,606.7222,463.8011,0.0,1.1964,0.8412,1427,47.510000000000005,287.0079045209126,319.9849,606.9915,463.4882,0.0833,0.8382,0.7918,1427,47.510000000000005,286.46949401541906,320.4253,606.8781,463.6517,0.0,1.0872,0.8774,1427,47.510000000000005,286.17172242324943,320.4765,606.6481,463.5623,0.0667,0.9165,0.8843,1427,47.510000000000005
286.27526478379025,320.4803,606.7549,463.6176,0.0583,0.8979,0.8288,1428,47.54166666666667,285.8557624590336,320.8779,606.7215,463.7997,0.0,1.2042,0.8357,1428,47.54166666666667,287.00883232818467,319.984,606.9915,463.4878,0.0833,0.8414,0.7918,1428,47.54166666666667,286.4704429253919,320.4241,606.8781,463.6511,0.0,1.1041,0.8774,1428,47.54166666666667,286.1728628755975,320.4745,606.6473,463.5609,0.0667,0.9127,0.8841,1428,47.54166666666667
286.1463597554841,320.4774,606.6238,463.5506,0.0583,0.95,0.836,1429,47.575,285.83473554500915,320.8752,606.7007,463.788,0.0,1.2172,0.8689,1429,47.575,287.0078785445891,319.9851,606.9916,463.4884,0.0833,0.8354,0.7894,1429,47.575,286.4666899068843,320.4252,606.8752,463.6502,0.0,1.1509,0.8922,1429,47.575,286.1242967860736,320.4716,606.5957,463.5337,0.0917,0.944,0.7769,1429,47.575
286.2777076226114,320.4786,606.7555,463.617,0.0583,0.896,0.8353,1430,47.61000000000001,285.85914656840237,320.8764,606.7231,463.7997,0.0,1.1992,0.8323,1430,47.61000000000001,287.0085896855094,319.9847,606.992,463.4884,0.0833,0.8242,0.7969,1430,47.61000000000001,286.47134917693313,320.4252,606.8796,463.6524,0.0,1.106,0.8767,1430,47.61000000000001,286.34116659265806,320.4725,606.8137,463.6431,0.0917,0.9208,0.7426,1430,47.61000000000001
286.2922743461271,320.4647,606.7552,463.6099,0.0667,0.8523,0.8349,1431,47.64166666666667,285.85817434961666,320.877,606.7228,463.7999,0.0,1.1935,0.8327,1431,47.64166666666667,287.00863033136403,319.9847,606.9919,463.4883,0.0833,0.8243,0.7969,1431,47.64166666666667,286.47140854905297,320.4251,606.8796,463.6523,0.0,1.1059,0.8769,1431,47.64166666666667,286.17416844722015,320.4734,606.6475,463.5605,0.0667,0.9218,0.8798,1431,47.64166666666667
286.2809220539709,320.4757,606.7556,463.6157,0.0583,0.9061,0.8365,1432,47.675000000000004,285.86142583831133,320.874,606.7228,463.7984,0.0,1.1917,0.8321,1432,47.675000000000004,287.0102557603569,319.9832,606.9921,463.4877,0.0833,0.8214,0.7916,1432,47.675000000000004,286.4721056981265,320.424,606.8791,463.6516,0.0,1.1094,0.8771,1432,47.675000000000004,286.3443249087578,320.4697,606.8138,463.6417,0.0917,0.9398,0.7428,1432,47.675000000000004
286.27783208920386,320.478,606.7549,463.6164,0.0583,0.882,0.8296,1433,47.71,285.8577565410079,320.8759,606.7213,463.7986,0.0,1.1905,0.8348,1433,47.71,287.0105432701938,319.9823,606.9915,463.4869,0.0833,0.8115,0.7918,1433,47.71,286.4714765724977,320.4231,606.8777,463.6504,0.0,1.1177,0.8776,1433,47.71,286.1752860154612,320.472,606.6473,463.5596,0.0667,0.9084,0.884,1433,47.71
286.14847923425737,320.4762,606.6246,463.5504,0.0583,0.9021,0.8342,1434,47.74166666666667,285.8390229374329,320.8741,606.7035,463.7888,0.0,1.1773,0.8845,1434,47.74166666666667,287.0109948516343,319.9817,606.9913,463.4865,0.0833,0.8155,0.7918,1434,47.74166666666667,286.4721261586744,320.4225,606.8777,463.6501,0.0,1.1173,0.8776,1434,47.74166666666667,286.1268075856299,320.4698,606.5966,463.5332,0.0917,0.9203,0.7655,1434,47.74166666666667
286.2793001755923,320.4754,606.754,463.6147,0.0583,0.9184,0.8383,1435,47.775000000000006,285.85980169982383,320.8733,606.7208,463.797,0.0,1.1771,0.844,1435,47.775000000000006,287.01154086848857,319.981,606.9912,463.4861,0.0833,0.8133,0.7967,1435,47.775000000000006,286.4733379344873,320.4219,606.8782,463.65,0.0,1.1174,0.871,1435,47.775000000000006,286.34297326890896,320.4691,606.812,463.6406,0.0917,0.9274,0.7594,1435,47.775000000000006
286.18541628318167,320.4495,606.6333,463.5414,0.0917,0.9221,0.7602,1436,47.81333333333334,285.49091821139643,321.1429,606.6293,463.8861,0.0,1.1909,0.8245,1436,47.81333333333334,286.8097026314414,320.0351,606.8435,463.4393,0.0917,0.8321,0.7907,1436,47.81333333333334,286.09975730738336,320.752,606.8402,463.7961,0.0,1.1794,0.9207,1436,47.81333333333334,286.1720604496095,320.4612,606.6333,463.5473,0.0917,0.9822,0.7602,1436,47.81333333333334
286.16313579369876,320.4561,606.6166,463.5363,0.0917,0.9194,0.7757,1437,47.84166666666667,285.47174260167594,321.1489,606.6155,463.8822,0.0,1.2179,0.8376,1437,47.84166666666667,286.78977391467316,320.0418,606.8295,463.4356,0.0917,0.8282,0.783,1437,47.84166666666667,286.0827653032243,320.7581,606.8289,463.7935,0.0,1.1918,0.8794,1437,47.84166666666667,286.1679767537314,320.4512,606.6166,463.5339,0.1,0.8978,0.7757,1437,47.84166666666667
286.1875777417048,320.4524,606.6358,463.5441,0.0917,0.9137,0.7751,1438,47.875,285.4944526605377,321.1458,606.6323,463.8891,0.0,1.2198,0.8792,1438,47.875,286.7977952737643,320.0334,606.8293,463.4314,0.0917,0.8369,0.7775,1438,47.875,286.08880287620445,320.7512,606.8276,463.7894,0.0,1.1666,0.8787,1438,47.875,286.19172893539593,320.4477,606.6358,463.5417,0.1,0.8799,0.7751,1438,47.875
286.18882859368296,320.4517,606.6363,463.544,0.0917,0.8935,0.7732,1439,47.915000000000006,285.49541722469814,321.1451,606.6326,463.8889,0.0,1.2027,0.8771,1439,47.915000000000006,286.7978358197603,320.0337,606.8296,463.4316,0.0917,0.8378,0.7761,1439,47.915000000000006,286.0887883356093,320.7513,606.8278,463.7896,0.0,1.1646,0.8836,1439,47.915000000000006,286.1930011569708,320.4469,606.6363,463.5416,0.1,0.8725,0.7732,1439,47.915000000000006
286.1863142841895,320.4543,606.6366,463.5455,0.0917,0.8744,0.7787,1440,47.94166666666667,285.49360028894534,321.1471,606.633,463.89,0.0,1.1984,0.8821,1440,47.94166666666667,286.79746675394927,320.034,606.8295,463.4318,0.0917,0.8393,0.7763,1440,47.94166666666667,286.0885226734509,320.7516,606.8277,463.7897,0.0,1.1589,0.8834,1440,47.94166666666667,286.1904628055406,320.4495,606.6366,463.5431,0.1,0.8609,0.7787,1440,47.94166666666667
286.18602305968955,320.4522,606.6343,463.5433,0.0917,0.9018,0.7728,1441,47.975,285.4929934115831,321.1452,606.6305,463.8879,0.0,1.169,0.8782,1441,47.975,286.79655552268014,320.0352,606.8297,463.4324,0.0917,0.8322,0.7779,1441,47.975,286.0878695687076,320.7525,606.828,463.7902,0.0,1.2087,0.8815,1441,47.975,286.1899419862401,320.4478,606.6343,463.541,0.1,0.8745,0.7728,1441,47.975
286.1848840605467,320.4557,606.6368,463.5463,0.0917,0.883,0.7757,1442,48.025000000000006,285.49230704690433,321.1483,606.633,463.8907,0.0,1.2026,0.8769,1442,48.025000000000006,286.796734141368,320.0352,606.83,463.4326,0.0917,0.8258,0.7761,1442,48.025000000000006,286.08824206911123,320.7526,606.8285,463.7905,0.0,1.2089,0.8842,1442,48.025000000000006,286.18906068352874,320.451,606.6368,463.5439,0.1,0.8595,0.7757,1442,48.025000000000006
286.18747581115053,320.4539,606.6373,463.5456,0.0917,0.8973,0.7751,1443,48.04166666666667,285.4942218783492,321.147,606.6334,463.8902,0.0,1.2047,0.8769,1443,48.04166666666667,286.7976748129439,320.0344,606.8301,463.4322,0.0917,0.8259,0.7761,1443,48.04166666666667,286.0890853048853,320.7519,606.8286,463.7902,0.0,1.2165,0.8842,1443,48.04166666666667,286.1916199937742,320.4492,606.6373,463.5432,0.1,0.8654,0.7751,1443,48.04166666666667
286.1888892720167,320.4524,606.6371,463.5447,0.0917,0.8918,0.7765,1444,48.075,285.4955008563994,321.1458,606.6333,463.8896,0.0,1.1975,0.877,1444,48.075,286.7980679533771,320.0339,606.83,463.432,0.0917,0.8255,0.7765,1444,48.075,286.08946769390724,320.7514,606.8285,463.79,0.0,1.2165,0.8837,1444,48.075,286.1930297336861,320.4477,606.6371,463.5424,0.1,0.865,0.7765,1444,48.075
286.18772724954977,320.453,606.6366,463.5448,0.0917,0.8987,0.7737,1445,48.120000000000005,285.4944349113531,321.1462,606.6329,463.8895,0.0,1.2005,0.8771,1445,48.120000000000005,286.797845431686,320.0336,606.8295,463.4316,0.0917,0.8234,0.7763,1445,48.120000000000005,286.0888177780884,320.7513,606.8277,463.7895,0.0,1.2169,0.8834,1445,48.120000000000005,286.1919062815067,320.4482,606.6366,463.5424,0.1,0.8735,0.7737,1445,48.120000000000005
286.2337476387954,320.4232,606.6516,463.5374,0.1,0.7956,0.654,1446,48.14666666666667,285.79136180662385,320.8866,606.6567,463.7717,0.0083,1.1983,0.8528,1446,48.14666666666667,286.9687893056247,320.0273,606.9899,463.5086,0.0833,0.8112,0.7428,1446,48.14666666666667,286.381474061978,320.4793,606.8415,463.6604,0.0,1.2242,0.8754,1446,48.14666666666667,286.2440687705533,320.4111,606.6516,463.5313,0.1,0.8154,0.654,1446,48.14666666666667
286.24784828353995,320.4198,606.6634,463.5416,0.0833,0.8098,0.6896,1447,48.175000000000004,285.81746816293946,320.8559,606.6579,463.7569,0.0,1.0742,0.8572,1447,48.175000000000004,286.9673765793749,320.0283,606.9894,463.5089,0.0833,0.8107,0.7168,1447,48.175000000000004,286.3801414280962,320.4802,606.8411,463.6607,0.0,1.2246,0.8838,1447,48.175000000000004,286.24245480948366,320.4143,606.6531,463.5337,0.1,0.8162,0.6706,1447,48.175000000000004
286.24853161825513,320.4188,606.6628,463.5408,0.0833,0.8036,0.6893,1448,48.218333333333334,285.81813660175294,320.8551,606.6575,463.7563,0.0,1.0609,0.8532,1448,48.218333333333334,286.78877136902565,320.0642,606.8472,463.4557,0.0917,0.8552,0.7247,1448,48.218333333333334,286.38006898917297,320.4804,606.8412,463.6608,0.0,1.2252,0.884,1448,48.218333333333334,286.2533458234258,320.4133,606.6628,463.5381,0.0917,0.8244,0.6893,1448,48.218333333333334
286.23644524453476,320.4201,606.6511,463.5356,0.1,0.831,0.6552,1449,48.24166666666667,285.7965735031918,320.8831,606.6583,463.7707,0.0083,1.2018,0.8462,1449,48.24166666666667,286.967572468001,320.0279,606.9893,463.5086,0.0833,0.8461,0.7244,1449,48.24166666666667,286.38126847304716,320.479,606.8412,463.6601,0.0,1.2051,0.8711,1449,48.24166666666667,286.24801792829834,320.4065,606.6511,463.5288,0.1,0.8701,0.6552,1449,48.24166666666667
286.2464030261484,320.4213,606.6622,463.5418,0.0917,0.8151,0.7041,1450,48.275000000000006,285.79490042057796,320.8862,606.6599,463.773,0.0083,1.1623,0.816,1450,48.275000000000006,286.82203645455087,320.0309,606.8473,463.4391,0.0833,0.8734,0.7538,1450,48.275000000000006,286.378043883804,320.4835,606.8419,463.6627,0.0,1.2326,0.8235,1450,48.275000000000006,286.2559721059773,320.4101,606.6622,463.5362,0.0917,0.823,0.7041,1450,48.275000000000006
286.2752588918143,320.3964,606.6625,463.5294,0.1,0.7997,0.7043,1451,48.32,285.79522354455855,320.8864,606.6604,463.7734,0.0083,1.1869,0.8181,1451,48.32,286.8221141282876,320.0307,606.8472,463.4389,0.0833,0.876,0.7531,1451,48.32,286.3782947660013,320.4831,606.8419,463.6625,0.0,1.2332,0.8244,1451,48.32,286.2560621316187,320.4103,606.6625,463.5364,0.0917,0.8258,0.7043,1451,48.32
286.24637001740706,320.4215,606.6623,463.5419,0.0917,0.8061,0.7041,1452,48.34166666666667,285.7949556449994,320.8865,606.6602,463.7733,0.0083,1.186,0.8188,1452,48.34166666666667,286.82223485087457,320.0303,606.8469,463.4386,0.0833,0.8748,0.7528,1452,48.34166666666667,286.37843797571696,320.4827,606.8416,463.6622,0.0,1.2327,0.824,1452,48.34166666666667,286.2559387399432,320.4103,606.6623,463.5363,0.0917,0.8219,0.7041,1452,48.34166666666667
286.2447635128216,320.4229,606.6619,463.5424,0.0917,0.8096,0.7076,1453,48.375,285.79303510405674,320.8881,606.6597,463.7739,0.0083,1.1794,0.8173,1453,48.375,286.9653758013376,320.0307,606.9899,463.5103,0.0833,0.872,0.7069,1453,48.375,286.3782754573473,320.4831,606.8418,463.6625,0.0,1.2142,0.8464,1453,48.375,286.25431415138837,320.4117,606.6619,463.5368,0.0917,0.8132,0.7076,1453,48.375
286.2446539177815,320.4223,606.6612,463.5417,0.0917,0.8096,0.709,1454,48.40833333333334,285.79278879501953,320.8876,606.6589,463.7732,0.0083,1.1798,0.8205,1454,48.40833333333334,286.8218234115506,320.0306,606.8467,463.4387,0.0833,0.8734,0.7557,1454,48.40833333333334,286.37813805840517,320.4832,606.8417,463.6624,0.0,1.2206,0.8294,1454,48.40833333333334,286.2542059502906,320.4111,606.6612,463.5361,0.0917,0.8152,0.709,1454,48.40833333333334
286.24578653968115,320.4218,606.6619,463.5418,0.0917,0.8095,0.7082,1455,48.44166666666667,285.79384977292614,320.8872,606.6595,463.7734,0.0083,1.1795,0.8193,1455,48.44166666666667,286.96565315046143,320.0306,606.9901,463.5103,0.0833,0.8734,0.7071,1455,48.44166666666667,286.37864869897146,320.4832,606.8422,463.6627,0.0,1.2206,0.8446,1455,48.44166666666667,286.2553398175073,320.4106,606.6619,463.5362,0.0917,0.8139,0.7082,1455,48.44166666666667
286.1661846710922,320.4417,606.6033,463.5225,0.075,0.914,0.6877,1456,48.480000000000004,285.8100465211518,320.8806,606.6793,463.78,0.0,1.2777,0.8719,1456,48.480000000000004,286.76752478728235,320.011,606.7775,463.3942,0.075,0.8061,0.7794,1456,48.480000000000004,286.4128337369459,320.4659,606.8615,463.6637,0.0,1.0912,0.8725,1456,48.480000000000004,286.167425002011,320.4404,606.6033,463.5219,0.0833,0.9348,0.6877,1456,48.480000000000004
286.1654918197445,320.4413,606.6019,463.5216,0.075,0.923,0.7812,1457,48.525000000000006,285.81018196770503,320.8802,606.6788,463.7795,0.0,1.2974,0.8749,1457,48.525000000000006,286.9271897635777,320.0107,606.9379,463.4743,0.0667,0.7996,0.8514,1457,48.525000000000006,286.41375584706907,320.4655,606.8623,463.6639,0.0,1.1011,0.8755,1457,48.525000000000006,286.16675501447094,320.44,606.6019,463.5209,0.0833,0.9577,0.7812,1457,48.525000000000006
286.1629985956873,320.4438,606.6018,463.5228,0.075,0.9267,0.7933,1458,48.54166666666667,285.809214909689,320.8817,606.6795,463.7806,0.0,1.2903,0.8732,1458,48.54166666666667,286.7848191760985,320.0122,606.7939,463.403,0.0667,0.8008,0.7487,1458,48.54166666666667,286.4129088754795,320.4669,606.8628,463.6649,0.0,1.1231,0.8727,1458,48.54166666666667,286.1640350178376,320.4427,606.6018,463.5223,0.0833,0.9327,0.7933,1458,48.54166666666667
286.1628711148875,320.4452,606.6033,463.5243,0.075,0.9362,0.7853,1459,48.575,285.8095712702124,320.8834,606.6813,463.7823,0.0,1.2957,0.8761,1459,48.575,286.7700082438701,320.01,606.7792,463.3946,0.075,0.8097,0.7646,1459,48.575,286.41607603054115,320.4649,606.8637,463.6643,0.0,1.1099,0.87,1459,48.575,286.16389586866046,320.4442,606.6033,463.5238,0.0833,0.9455,0.7853,1459,48.575
286.1922266391987,320.4164,606.6037,463.51,0.0833,0.8346,0.7859,1460,48.61000000000001,285.8073589669124,320.886,606.6818,463.7839,0.0,1.2661,0.8754,1460,48.61000000000001,286.7686149516736,320.011,606.7787,463.3948,0.075,0.8091,0.7773,1460,48.61000000000001,286.41478815851735,320.4657,606.8633,463.6645,0.0,1.1065,0.869,1460,48.61000000000001,286.16154767016894,320.4471,606.6037,463.5254,0.0833,0.9276,0.7859,1460,48.61000000000001
286.1599468417705,320.4477,606.6028,463.5253,0.075,0.9472,0.774,1461,48.64166666666667,285.8061551174201,320.8855,606.6804,463.7829,0.0,1.2791,0.8723,1461,48.64166666666667,286.76882687523175,320.0111,606.7792,463.3951,0.075,0.8073,0.7608,1461,48.64166666666667,286.4146733598078,320.4657,606.8634,463.6646,0.0,1.1038,0.8757,1461,48.64166666666667,286.1387854889343,320.4649,606.6028,463.5339,0.075,0.9867,0.774,1461,48.64166666666667
286.15865423164007,320.448,606.6016,463.5248,0.075,0.9468,0.7816,1462,48.675000000000004,285.8041782090558,320.8858,606.6787,463.7823,0.0,1.2738,0.8764,1462,48.675000000000004,286.9270773171295,320.0115,606.9386,463.4751,0.0667,0.8053,0.8534,1462,48.675000000000004,286.41361795380357,320.4664,606.8629,463.6646,0.0,1.0923,0.8769,1462,48.675000000000004,286.1373657997426,320.4653,606.6016,463.5335,0.075,0.9963,0.7816,1462,48.675000000000004
286.1634802572398,320.4481,606.6067,463.5274,0.075,0.9322,0.7759,1463,48.708333333333336,285.8094315609992,320.8869,606.6851,463.786,0.0,1.2795,0.8692,1463,48.708333333333336,286.77316733561645,320.0086,606.7809,463.3948,0.075,0.8213,0.7537,1463,48.708333333333336,286.41906121862627,320.4638,606.8658,463.6648,0.0,1.0918,0.8794,1463,48.708333333333336,286.14123390249233,320.4663,606.6067,463.5365,0.075,1.0377,0.7759,1463,48.708333333333336
286.14305778992036,320.4641,606.6061,463.5351,0.0667,1.0091,0.7758,1464,48.74166666666667,285.8112595318707,320.8846,606.6845,463.7846,0.0,1.279,0.8691,1464,48.74166666666667,286.77313433540917,320.0088,606.7811,463.3949,0.075,0.8255,0.7538,1464,48.74166666666667,286.419086530478,320.4639,606.8659,463.6649,0.0,1.1006,0.8794,1464,48.74166666666667,286.14333469100893,320.4638,606.6061,463.5349,0.075,1.0261,0.7758,1464,48.74166666666667
286.1638736438963,320.4473,606.6064,463.5268,0.075,0.9176,0.7816,1465,48.77666666666667,285.8106244711472,320.8856,606.6848,463.7852,0.0,1.2781,0.8692,1465,48.77666666666667,286.77319176299625,320.0087,606.781,463.3948,0.075,0.8247,0.7539,1465,48.77666666666667,286.41913832110004,320.4638,606.8658,463.6648,0.0,1.1004,0.8794,1465,48.77666666666667,286.1427482917969,320.4646,606.6064,463.5355,0.075,1.0221,0.7816,1465,48.77666666666667
286.1602938190671,320.4516,606.6119,463.5317,0.0833,1.0094,0.7527,1466,48.815000000000005,285.7487377307389,320.9526,606.7013,463.8269,0.0,0.8284,0.8516,1466,48.815000000000005,286.80554290351574,319.9923,606.7967,463.3945,0.0833,0.8915,0.7394,1466,48.815000000000005,286.3155240803592,320.5653,606.8808,463.7231,0.0,0.9443,0.9044,1466,48.815000000000005,286.2022876627278,320.4096,606.6119,463.5107,0.0833,1.0471,0.7527,1466,48.815000000000005
286.1574088195499,320.4553,606.6127,463.534,0.0833,0.9831,0.7293,1467,48.843333333333334,285.74729255925314,320.9558,606.7031,463.8295,0.0,0.8473,0.8686,1467,48.843333333333334,286.81272049399604,319.9868,606.7984,463.3926,0.0833,0.8783,0.7084,1467,48.843333333333334,286.3223338596993,320.5605,606.8829,463.7217,0.0,0.957,0.9003,1467,48.843333333333334,286.1996604556741,320.413,606.6127,463.5129,0.0833,1.0609,0.7293,1467,48.843333333333334
286.15587365897693,320.4557,606.6116,463.5337,0.0833,0.9788,0.7442,1468,48.87666666666667,285.7455844008334,320.9564,606.702,463.8292,0.0,0.8383,0.8635,1468,48.87666666666667,286.8121205201069,319.9867,606.7976,463.3921,0.0833,0.8771,0.7043,1468,48.87666666666667,286.3220939810263,320.5601,606.8822,463.7211,0.0,0.9572,0.8998,1468,48.87666666666667,286.1978328570608,320.4138,606.6116,463.5127,0.0833,1.0541,0.7442,1468,48.87666666666667
286.1560560550724,320.4556,606.6117,463.5336,0.0833,0.9877,0.7443,1469,48.90833333333334,285.7455402475671,320.9567,606.7022,463.8294,0.0,0.8322,0.8657,1469,48.90833333333334,286.81107662680563,319.9879,606.7978,463.3928,0.0833,0.8781,0.704,1469,48.90833333333334,286.3211350824221,320.5612,606.8824,463.7218,0.0,0.9442,0.8998,1469,48.90833333333334,286.1977186952315,320.4139,606.6117,463.5128,0.0833,1.0659,0.7443,1469,48.90833333333334
286.1687874455607,320.4552,606.624,463.5396,0.075,0.9786,0.7904,1470,48.94166666666667,285.74515986982203,320.956,606.7012,463.8286,0.0,0.8265,0.8592,1470,48.94166666666667,286.8109396328658,319.9881,606.7979,463.393,0.0833,0.8785,0.7053,1470,48.94166666666667,286.3204083492333,320.5614,606.8818,463.7216,0.0,0.9433,0.8955,1470,48.94166666666667,286.1975951836964,320.4132,606.6108,463.512,0.0833,1.0538,0.7441,1470,48.94166666666667
286.15651730986394,320.4548,606.6113,463.5331,0.0833,0.9891,0.7448,1471,48.975,285.74706986087,320.9554,606.7024,463.8289,0.0,0.8252,0.869,1471,48.975,286.8113269288441,319.9879,606.7981,463.393,0.0833,0.8768,0.7033,1471,48.975,286.32143921235047,320.5612,606.8826,463.7219,0.0,0.944,0.8985,1471,48.975,286.19872643663325,320.4126,606.6113,463.512,0.0833,1.0602,0.7448,1471,48.975
286.15716389062504,320.4539,606.6111,463.5325,0.0833,0.9823,0.7458,1472,49.00833333333334,285.7474117000737,320.9547,606.7021,463.8284,0.0,0.8296,0.869,1472,49.00833333333334,286.81214707045206,319.987,606.7981,463.3925,0.0833,0.8821,0.7033,1472,49.00833333333334,286.32219959922816,320.5604,606.8826,463.7215,0.0,0.9565,0.8985,1472,49.00833333333334,286.19922766997206,320.4119,606.6111,463.5115,0.0833,1.0544,0.7458,1472,49.00833333333334
286.1566341891957,320.4538,606.6104,463.5321,0.0833,0.9825,0.7665,1473,49.04166666666667,285.7469772339781,320.9545,606.7015,463.828,0.0,0.8281,0.8662,1473,49.04166666666667,286.89997135398323,319.987,606.887,463.437,0.0583,0.8821,0.7404,1473,49.04166666666667,286.3221729643882,320.5604,606.8826,463.7215,0.0,0.9565,0.898,1473,49.04166666666667,286.19870481365075,320.4117,606.6104,463.5111,0.0833,1.0529,0.7665,1473,49.04166666666667
286.1717541306605,320.4527,606.6244,463.5386,0.075,0.9812,0.7948,1474,49.075,285.7481138481254,320.9536,606.7017,463.8277,0.0,0.8264,0.8648,1474,49.075,286.9028124659927,319.9842,606.887,463.4356,0.0583,0.8792,0.7404,1474,49.075,286.32480722692003,320.5578,606.8827,463.7202,0.0,0.9561,0.898,1474,49.075,286.2000423180647,320.4107,606.6107,463.5107,0.0833,1.0524,0.7666,1474,49.075
286.1726614475998,320.4518,606.6245,463.5382,0.075,0.9884,0.7943,1475,49.11000000000001,285.7486602657981,320.9532,606.7018,463.8275,0.0,0.84,0.8644,1475,49.11000000000001,286.89954872914245,319.9873,606.8868,463.437,0.0583,0.8799,0.7396,1475,49.11000000000001,286.3217935879784,320.5606,606.8824,463.7215,0.0,0.956,0.898,1475,49.11000000000001,286.2006356146315,320.4102,606.6108,463.5105,0.0833,1.071,0.7693,1475,49.11000000000001
286.23932540310244,320.4474,606.6866,463.567,0.0667,0.9659,0.8131,1476,49.145,285.70378123499825,320.8485,606.5444,463.6964,0.0,1.1602,0.8598,1476,49.145,286.8549917535554,320.0226,606.8776,463.4501,0.0583,0.9342,0.806,1476,49.145,286.342878244555,320.4541,606.7812,463.6176,0.0,1.1401,0.8522,1476,49.145,286.244576425788,320.4421,606.6866,463.5643,0.075,1.0009,0.8131,1476,49.145
286.2339196863904,320.4528,606.6866,463.5697,0.0667,0.9809,0.8219,1477,49.17666666666667,285.6986156331075,320.8538,606.5444,463.6991,0.0,1.1416,0.8621,1477,49.17666666666667,286.85517301330543,320.0224,606.8775,463.4499,0.0583,0.9377,0.806,1477,49.17666666666667,286.34305850194306,320.4538,606.7811,463.6175,0.0,1.1406,0.8523,1477,49.17666666666667,286.2390900162431,320.4476,606.6866,463.5671,0.075,0.9906,0.8219,1477,49.17666666666667
286.2462054788897,320.4422,606.6884,463.5653,0.0583,0.998,0.7955,1478,49.21,285.76496776046895,320.8429,606.5977,463.7203,0.0,1.2484,0.8622,1478,49.21,286.9237990771551,320.0239,606.9454,463.4846,0.0833,0.9513,0.7502,1478,49.21,286.3435634546321,320.4553,606.7832,463.6193,0.0,1.1267,0.8669,1478,49.21,286.25246215724655,320.436,606.6884,463.5622,0.0667,1.0179,0.7955,1478,49.21
286.2559051022,320.436,606.6919,463.5639,0.075,0.8461,0.8052,1479,49.245000000000005,285.70412288527143,320.853,606.5487,463.7009,0.0,1.1809,0.875,1479,49.245000000000005,286.92363499783727,320.0218,606.9432,463.4825,0.0833,0.9382,0.6963,1479,49.245000000000005,286.3461545519336,320.4529,606.7836,463.6183,0.0,1.1329,0.8634,1479,49.245000000000005,286.29208623684076,320.4296,606.7194,463.5745,0.1,0.8696,0.7607,1479,49.245000000000005
286.25450679343703,320.4386,606.6931,463.5659,0.075,0.8438,0.7975,1480,49.275000000000006,285.7037572605833,320.8554,606.5507,463.7031,0.0,1.1811,0.875,1480,49.275000000000006,286.8726065291081,320.0092,606.8818,463.4455,0.0667,0.8019,0.8077,1480,49.275000000000006,286.3469980002947,320.4539,606.7856,463.6197,0.0,1.1339,0.8634,1480,49.275000000000006,286.2937407052316,320.4325,606.7258,463.5791,0.0917,0.8499,0.8042,1480,49.275000000000006
286.25431894666093,320.4392,606.6935,463.5663,0.075,0.8468,0.7946,1481,49.30833333333334,285.70380437955623,320.8557,606.5512,463.7034,0.0,1.1829,0.8752,1481,49.30833333333334,286.87301109969627,320.0092,606.8822,463.4457,0.0667,0.8019,0.8074,1481,49.30833333333334,286.34750275221,320.4539,606.786,463.62,0.0,1.1339,0.8634,1481,49.30833333333334,286.277092588134,320.4495,606.7261,463.5878,0.0833,0.9738,0.8091,1481,49.30833333333334
286.2527756403883,320.4392,606.692,463.5656,0.075,0.8463,0.8022,1482,49.348333333333336,285.70231032346726,320.8559,606.5499,463.7029,0.0,1.1817,0.8755,1482,49.348333333333336,286.8712074844591,320.0092,606.8804,463.4448,0.0667,0.8019,0.8083,1482,49.348333333333336,286.34584462590834,320.4539,606.7844,463.6192,0.0,1.1339,0.864,1482,49.348333333333336,286.29199474271934,320.4331,606.7247,463.5789,0.0917,0.8423,0.8101,1482,49.348333333333336
286.2547561147364,320.4378,606.6925,463.5651,0.075,0.8473,0.8062,1483,49.375,285.7041624764415,320.8547,606.5504,463.7026,0.0,1.168,0.8752,1483,49.375,286.8705376234826,320.009,606.8795,463.4443,0.0667,0.8018,0.7906,1483,49.375,286.345454885962,320.4538,606.7839,463.6188,0.0,1.1335,0.8632,1483,49.375,286.29382839736377,320.4316,606.725,463.5783,0.0917,0.8692,0.8109,1483,49.375
286.253630257659,320.4391,606.6928,463.5659,0.075,0.8477,0.8047,1484,49.40833333333334,285.7017376806871,320.8558,606.5492,463.7025,0.0,1.1708,0.8775,1484,49.40833333333334,286.93543539918096,320.009,606.9423,463.4756,0.0917,0.8018,0.6974,1484,49.40833333333334,286.3422821915087,320.4538,606.7808,463.6173,0.0,1.1335,0.8641,1484,49.40833333333334,286.2761392111124,320.4495,606.7253,463.5874,0.0833,0.974,0.8096,1484,49.40833333333334
286.2534153249236,320.4392,606.6926,463.5659,0.075,0.8485,0.8057,1485,49.45,285.7015716389369,320.8558,606.5491,463.7024,0.0,1.1717,0.8778,1485,49.45,286.935049222625,320.0093,606.9422,463.4757,0.0917,0.8019,0.6971,1485,49.45,286.3419388565898,320.454,606.7807,463.6174,0.0,1.1328,0.8641,1485,49.45,286.275931088902,320.4496,606.7251,463.5874,0.0833,0.9748,0.8098,1485,49.45
286.2638483638898,320.3887,606.6469,463.5178,0.0917,0.5256,0.7377,1486,49.480000000000004,285.66298081166207,321.069,606.7222,463.8956,0.0,1.0704,0.8494,1486,49.480000000000004,286.82047323315123,319.975,606.795,463.385,0.1,0.6455,0.7815,1486,49.480000000000004,286.19637950720664,320.6865,606.8742,463.7804,0.0,0.972,0.899,1486,49.480000000000004,286.26547750525174,320.387,606.6469,463.517,0.1,0.5747,0.7377,1486,49.480000000000004
286.26494035193383,320.3868,606.6462,463.5165,0.0917,0.5133,0.7334,1487,49.525000000000006,285.6638366672411,321.0673,606.7213,463.8943,0.0,1.0497,0.8199,1487,49.525000000000006,286.8208765034438,319.9756,606.796,463.3858,0.1,0.6567,0.7819,1487,49.525000000000006,286.1966511598102,320.6871,606.8751,463.7811,0.0,0.9727,0.8684,1487,49.525000000000006,286.24056963728015,320.4112,606.6462,463.5287,0.0917,0.6497,0.7334,1487,49.525000000000006
286.2600053907292,320.3918,606.6462,463.519,0.0917,0.515,0.7499,1488,49.553333333333335,285.6604544737262,321.0714,606.7219,463.8966,0.0,1.0724,0.8327,1488,49.553333333333335,286.8052578443197,319.9935,606.7983,463.3959,0.0917,0.692,0.8149,1488,49.553333333333335,286.19740662437425,320.6894,606.878,463.7837,0.0,1.009,0.8865,1488,49.553333333333335,286.2614317380063,320.3903,606.6462,463.5183,0.1,0.4875,0.7499,1488,49.553333333333335
286.2608357004025,320.3909,606.6462,463.5185,0.0917,0.5288,0.7514,1489,49.575,285.6609681038565,321.0708,606.7218,463.8963,0.0,1.0282,0.8324,1489,49.575,286.81936227799633,319.9793,606.7982,463.3887,0.1,0.6376,0.8152,1489,49.575,286.1959939069429,320.6906,606.8778,463.7842,0.0,1.0093,0.8868,1489,49.575,286.2623655254645,320.3893,606.6462,463.5178,0.1,0.4696,0.7514,1489,49.575
286.2620210117433,320.39,606.6465,463.5183,0.0917,0.5274,0.747,1490,49.608333333333334,285.6622943759108,321.0698,606.7222,463.896,0.0,1.0796,0.8311,1490,49.608333333333334,286.82011091347795,319.9784,606.7981,463.3883,0.1,0.6373,0.8101,1490,49.608333333333334,286.1967409558112,320.6898,606.8777,463.7837,0.0,0.994,0.8894,1490,49.608333333333334,286.2635784843028,320.3885,606.6465,463.5175,0.1,0.4994,0.747,1490,49.608333333333334
286.2598008456825,320.3918,606.646,463.5189,0.0917,0.5336,0.7445,1491,49.65166666666667,285.6601157468163,321.0718,606.7216,463.8967,0.0,1.049,0.8321,1491,49.65166666666667,286.8171790674287,319.9807,606.7974,463.389,0.1,0.6312,0.8096,1491,49.65166666666667,286.19381999298486,320.6919,606.8769,463.7844,0.0,0.9867,0.8792,1491,49.65166666666667,286.261191424289,320.3904,606.646,463.5182,0.1,0.5246,0.7445,1491,49.65166666666667
286.25771859050974,320.3928,606.6449,463.5189,0.0917,0.5246,0.7364,1492,49.675000000000004,285.6585595920389,321.0723,606.7207,463.8965,0.0,1.0602,0.8388,1492,49.675000000000004,286.81898673826004,319.979,606.7975,463.3882,0.1,0.6459,0.8061,1492,49.675000000000004,286.1956500311668,320.6902,606.877,463.7836,0.0,0.999,0.8865,1492,49.675000000000004,286.2590871393337,320.3914,606.6449,463.5182,0.1,0.491,0.7364,1492,49.675000000000004
286.2578031219962,320.3924,606.6446,463.5185,0.0917,0.5167,0.7393,1493,49.708333333333336,285.6582556085222,321.0722,606.7203,463.8963,0.0,1.0443,0.8337,1493,49.708333333333336,286.81789832725417,319.98,606.7974,463.3887,0.1,0.6438,0.8061,1493,49.708333333333336,286.19460898680774,320.6912,606.877,463.7841,0.0,1.0125,0.8881,1493,49.708333333333336,286.259197784618,320.391,606.6446,463.5178,0.1,0.5215,0.7393,1493,49.708333333333336
286.2744972795871,320.3762,606.6451,463.5107,0.1,0.4494,0.7486,1494,49.755,285.65721965917135,321.0734,606.7208,463.8971,0.0,1.0659,0.8305,1494,49.755,286.80089036151946,319.9972,606.7977,463.3974,0.0917,0.727,0.8054,1494,49.755,286.19393466908843,320.6916,606.8773,463.7844,0.0,1.0369,0.889,1494,49.755,286.25695503666975,320.3937,606.6451,463.5194,0.1,0.5175,0.7486,1494,49.755
286.2720850164174,320.3767,606.6433,463.51,0.1,0.4504,0.7245,1495,49.775000000000006,285.6550764808932,321.0736,606.7189,463.8963,0.0,1.0488,0.8435,1495,49.775000000000006,286.797296755581,319.9986,606.7954,463.397,0.0917,0.7284,0.8074,1495,49.775000000000006,286.190365390657,320.693,606.875,463.784,0.0,1.0309,0.8857,1495,49.775000000000006,286.2546958382128,320.3941,606.6433,463.5187,0.1,0.4979,0.7245,1495,49.775000000000006
286.08022212320986,320.4554,606.5356,463.4955,0.0917,0.8569,0.7222,1496,49.815000000000005,285.5957973652535,321.0773,606.6466,463.8619,0.0,1.246,0.8658,1496,49.815000000000005,286.6975059736717,320.0441,606.7407,463.3924,0.075,0.7938,0.846,1496,49.815000000000005,286.14713599354866,320.6966,606.8116,463.7541,0.0,1.2696,0.8921,1496,49.815000000000005,286.09632788361705,320.4701,606.5661,463.5181,0.0833,0.9581,0.7366,1496,49.815000000000005
286.07746679986553,320.4575,606.535,463.4963,0.0917,0.8787,0.7216,1497,49.858333333333334,285.5927263291239,321.0796,606.6461,463.8628,0.0,1.2498,0.8666,1497,49.858333333333334,286.6980336000555,320.0441,606.7414,463.3927,0.075,0.7991,0.8554,1497,49.858333333333334,286.1473952602745,320.6966,606.8122,463.7544,0.0,1.2699,0.8984,1497,49.858333333333334,286.0941694148503,320.4721,606.5657,463.5189,0.0833,1.0025,0.735,1497,49.858333333333334
286.0940166027807,320.472,606.5652,463.5186,0.075,0.9892,0.738,1498,49.89166666666667,285.5939560316353,321.0784,606.646,463.8622,0.0,1.242,0.8689,1498,49.89166666666667,286.69850265857895,320.0439,606.7415,463.3927,0.075,0.7974,0.8481,1498,49.89166666666667,286.1479152184212,320.6965,606.8125,463.7545,0.0,1.2779,0.899,1498,49.89166666666667,286.09504757055294,320.4708,606.5652,463.518,0.0833,1.0019,0.738,1498,49.89166666666667
286.0916872393758,320.4716,606.5627,463.5171,0.075,0.9876,0.7429,1499,49.91000000000001,285.5922428825412,321.0774,606.6434,463.8604,0.0,1.289,0.8639,1499,49.91000000000001,286.6991535405523,320.0418,606.7401,463.3909,0.075,0.7806,0.8315,1499,49.91000000000001,286.1497680517714,320.6933,606.8115,463.7524,0.0,1.2931,0.885,1499,49.91000000000001,286.0928716343923,320.4702,606.5627,463.5165,0.0833,0.9633,0.7429,1499,49.91000000000001
286.0953006713013,320.4701,606.5649,463.5175,0.075,0.9898,0.7354,1500,49.943333333333335,285.59516268336756,321.0764,606.6455,463.8609,0.0,1.3033,0.8598,1500,49.943333333333335,286.7058526773983,320.0452,606.7511,463.3982,0.0667,0.805,0.8414,1500,49.943333333333335,286.14671836153593,320.6975,606.8123,463.7549,0.0,1.2647,0.8996,1500,49.943333333333335,286.0962352644967,320.4691,606.5649,463.517,0.0833,0.9818,0.7354,1500,49.943333333333335
286.09388362284625,320.4717,606.565,463.5183,0.075,0.9953,0.7362,1501,49.975,285.5939249886244,321.0778,606.6456,463.8617,0.0,1.274,0.8597,1501,49.975,286.7081300553328,320.0428,606.751,463.3969,0.0667,0.7929,0.8414,1501,49.975,286.14866728429797,320.6956,606.8122,463.7539,0.0,1.2677,0.8994,1501,49.975,286.0947853081772,320.4706,606.565,463.5178,0.0833,0.9826,0.7362,1501,49.975
286.09430800032334,320.4715,606.5651,463.5183,0.075,1.0157,0.7328,1502,50.025000000000006,285.59374906298683,321.0777,606.6455,463.8616,0.0,1.2914,0.862,1502,50.025000000000006,286.7092718234451,320.0419,606.7512,463.3965,0.0667,0.8471,0.8393,1502,50.025000000000006,286.1494192021138,320.695,606.8124,463.7537,0.0,1.2357,0.9006,1502,50.025000000000006,286.09527851755337,320.4704,606.5651,463.5177,0.0833,0.9816,0.7328,1502,50.025000000000006
286.0911792777912,320.4748,606.5654,463.5201,0.075,0.9811,0.7413,1503,50.04166666666667,285.59076760607024,321.0808,606.6456,463.8632,0.0,1.2665,0.8773,1503,50.04166666666667,286.69792130169003,320.0455,606.7427,463.3941,0.075,0.7992,0.8617,1503,50.04166666666667,286.14727568400116,320.6978,606.8134,463.7556,0.0,1.2731,0.9016,1503,50.04166666666667,286.09206514514256,320.4738,606.5654,463.5196,0.0833,0.9929,0.7413,1503,50.04166666666667
286.0873000612628,320.478,606.5647,463.5214,0.075,0.9926,0.7355,1504,50.075,285.58685212833774,321.0837,606.6445,463.8641,0.0,1.2389,0.8709,1504,50.075,286.70713044195026,320.0454,606.7526,463.399,0.0667,0.7814,0.8358,1504,50.075,286.1466111404443,320.6981,606.8127,463.7554,0.0,1.2769,0.9108,1504,50.075,286.08809039634,320.4771,606.5647,463.5209,0.0833,1.0025,0.7355,1504,50.075
286.08997981543416,320.4762,606.5654,463.5208,0.075,1.0078,0.7401,1505,50.108333333333334,285.58813320671385,321.0824,606.6445,463.8634,0.0,1.2408,0.8798,1505,50.108333333333334,286.7091515982461,320.0431,606.7523,463.3977,0.0667,0.7667,0.8376,1505,50.108333333333334,286.1474330631528,320.6964,606.8117,463.754,0.0,1.2807,0.9131,1505,50.108333333333334,286.09097632570615,320.4751,606.5654,463.5203,0.0833,1.0203,0.7401,1505,50.108333333333334
286.2311965537698,320.4971,606.7262,463.6116,0.0667,0.8007,0.7927,1506,50.14666666666667,285.6843143732211,320.9834,606.6532,463.8183,0.0,1.2301,0.8515,1506,50.14666666666667,286.8603246242586,320.101,606.9585,463.5297,0.075,0.8963,0.8015,1506,50.14666666666667,286.2686921567856,320.5612,606.8114,463.6863,0.0,1.1204,0.904,1506,50.14666666666667,286.2311965537698,320.4971,606.7262,463.6116,0.0667,0.8007,0.7927,1506,50.14666666666667
286.24744396479844,320.4839,606.7282,463.606,0.075,0.727,0.795,1507,50.175000000000004,285.6855727999697,320.9846,606.6555,463.8201,0.0,1.2464,0.8517,1507,50.175000000000004,286.86147986107216,320.1011,606.9597,463.5304,0.075,0.9772,0.8012,1507,50.175000000000004,286.26991726508646,320.5611,606.8125,463.6868,0.0,1.1473,0.9081,1507,50.175000000000004,286.24744396479844,320.4839,606.7282,463.606,0.075,0.727,0.795,1507,50.175000000000004
286.2430756539491,320.4847,606.7248,463.6048,0.075,0.7139,0.8129,1508,50.21,285.6804593074906,320.9846,606.6509,463.8178,0.0,1.1767,0.8394,1508,50.21,286.9031249363889,320.055,606.9553,463.5051,0.0917,0.7549,0.8145,1508,50.21,286.2221552088288,320.6053,606.8066,463.706,0.0,1.1844,0.8827,1508,50.21,286.2430756539491,320.4847,606.7248,463.6048,0.075,0.7139,0.8129,1508,50.21
286.240544714404,320.4868,606.7243,463.6055,0.075,0.7298,0.8109,1509,50.24166666666667,285.67774686765773,320.987,606.6504,463.8187,0.0,1.1675,0.8431,1509,50.24166666666667,286.90323929419776,320.0553,606.9556,463.5054,0.0917,0.755,0.8034,1509,50.24166666666667,286.22161651483395,320.6064,606.8071,463.7068,0.0,1.1857,0.8785,1509,50.24166666666667,286.240544714404,320.4868,606.7243,463.6055,0.075,0.7298,0.8109,1509,50.24166666666667
286.2422281450837,320.4851,606.7244,463.6047,0.075,0.7285,0.8022,1510,50.27666666666667,285.6789919450855,320.9859,606.6505,463.8182,0.0,1.1785,0.8326,1510,50.27666666666667,286.903634223863,320.0557,606.9564,463.5061,0.0917,0.7551,0.8023,1510,50.27666666666667,286.22150815202133,320.6073,606.8078,463.7075,0.0,1.1864,0.8732,1510,50.27666666666667,286.2422281450837,320.4851,606.7244,463.6047,0.075,0.7285,0.8022,1510,50.27666666666667
286.2412663370096,320.4866,606.7249,463.6057,0.075,0.7326,0.8055,1511,50.31,285.67816999375685,320.9871,606.651,463.819,0.0,1.1664,0.8323,1511,50.31,286.90388612597417,320.0558,606.9567,463.5063,0.0917,0.7552,0.8016,1511,50.31,286.221711631536,320.6074,606.8081,463.7077,0.0,1.1868,0.8733,1511,50.31,286.2412663370096,320.4866,606.7249,463.6057,0.075,0.7326,0.8055,1511,50.31
286.2425125724451,320.4871,606.7267,463.6069,0.075,0.7232,0.8095,1512,50.34166666666667,285.6791966649241,320.9877,606.6526,463.8202,0.0,1.1682,0.834,1512,50.34166666666667,286.9066181247881,320.0555,606.9591,463.5073,0.0917,0.7551,0.7975,1512,50.34166666666667,286.2240674620951,320.6071,606.8101,463.7086,0.0,1.1873,0.8661,1512,50.34166666666667,286.2425125724451,320.4871,606.7267,463.6069,0.075,0.7232,0.8095,1512,50.34166666666667
286.2432061162313,320.487,606.7273,463.6072,0.075,0.7424,0.8108,1513,50.375,285.6798823103082,320.9876,606.6532,463.8204,0.0,1.1676,0.8233,1513,50.375,286.9078896522992,320.0548,606.9598,463.5073,0.0917,0.7547,0.7977,1513,50.375,286.225277408011,320.6064,606.8107,463.7086,0.0,1.1872,0.8585,1513,50.375,286.2432061162313,320.487,606.7273,463.6072,0.075,0.7424,0.8108,1513,50.375
286.24475656920634,320.4855,606.7273,463.6064,0.075,0.7441,0.8069,1514,50.40833333333334,285.6811784377694,320.9864,606.6532,463.8198,0.0,1.1713,0.8331,1514,50.40833333333334,286.9102082130412,320.0528,606.9601,463.5064,0.0917,0.7541,0.798,1514,50.40833333333334,286.22752968568875,320.6045,606.811,463.7077,0.0,1.1885,0.8578,1514,50.40833333333334,286.24475656920634,320.4855,606.7273,463.6064,0.075,0.7441,0.8069,1514,50.40833333333334
286.2286978462878,320.5008,606.7273,463.6141,0.0667,0.8192,0.8079,1515,50.445,285.6803777713014,320.9872,606.6532,463.8202,0.0,1.1699,0.833,1515,50.445,286.91038728718854,320.0526,606.9601,463.5064,0.0917,0.7576,0.798,1515,50.445,286.22772089728636,320.6042,606.811,463.7076,0.0,1.1876,0.8578,1515,50.445,286.2286978462878,320.5008,606.7273,463.6141,0.0667,0.8192,0.8079,1515,50.445
286.21401289322245,320.4399,606.6497,463.5448,0.0917,0.8425,0.7168,1516,50.48166666666667,285.51498282913246,321.1632,606.6529,463.9081,0.0,1.3277,0.9572,1516,50.48166666666667,286.920259560477,320.008,606.9283,463.4682,0.075,0.8033,0.8317,1516,50.48166666666667,286.15403644773727,320.7009,606.8445,463.7727,0.0,1.0694,0.894,1516,50.48166666666667,286.28683721933334,320.4406,606.7272,463.5839,0.0833,0.8558,0.935,1516,50.48166666666667
286.3636096210094,320.4142,606.7742,463.5942,0.1,0.7179,0.7958,1517,50.525000000000006,285.58458911352596,321.0699,606.6473,463.8586,0.0,0.9976,0.955,1517,50.525000000000006,286.9172086314144,320.0075,606.9247,463.4661,0.075,0.8322,0.8383,1517,50.525000000000006,286.1509916356149,320.6998,606.8408,463.7703,0.0,1.0729,0.9047,1517,50.525000000000006,286.2949894107884,320.4266,606.7216,463.5741,0.075,0.9134,0.9357,1517,50.525000000000006
286.2959354010221,320.418,606.7118,463.5649,0.0833,0.7095,0.8675,1518,50.54166666666667,285.5803633749862,321.0734,606.6466,463.86,0.0,1.0045,0.9472,1518,50.54166666666667,286.9157582922712,320.0085,606.9242,463.4663,0.075,0.8304,0.8383,1518,50.54166666666667,286.14961880371266,320.7007,606.8403,463.7705,0.0,1.0803,0.909,1518,50.54166666666667,286.290612762872,320.4304,606.7211,463.5757,0.075,0.9197,0.9418,1518,50.54166666666667
286.36365133196716,320.4133,606.7733,463.5933,0.1,0.721,0.7904,1519,50.975,285.58475227949265,321.0691,606.6467,463.8579,0.0,0.9836,0.9502,1519,50.975,286.91757535184604,320.0066,606.9242,463.4654,0.075,0.8304,0.8384,1519,50.975,286.1512675771536,320.6991,606.8402,463.7697,0.0,1.0662,0.9089,1519,50.975,286.29540773351926,320.4255,606.7209,463.5732,0.075,0.9184,0.9366,1519,50.975
286.33158168064506,320.4433,606.7713,463.6073,0.1,0.8662,0.8184,1520,50.99166666666667,285.50377950668144,321.1663,606.645,463.9057,0.0,1.2929,0.9511,1520,50.99166666666667,286.9136949247046,320.0089,606.9226,463.4658,0.075,0.8217,0.8426,1520,50.99166666666667,286.14751997821486,320.7016,606.8388,463.7702,0.0,1.0615,0.9013,1520,50.99166666666667,286.27508573069656,320.4441,606.7192,463.5816,0.0833,0.8626,0.9319,1520,50.99166666666667
286.2067746080478,320.3694,606.5751,463.4723,0.0917,0.7566,0.646,1521,51.00833333333334,285.73577663482234,320.9451,606.6809,463.813,0.0,0.8246,0.7392,1521,51.00833333333334,286.79117099446506,319.9627,606.7539,463.3583,0.1,0.7786,0.6721,1521,51.00833333333334,286.3249975732964,320.546,606.871,463.7085,0.0,0.8421,0.837,1521,51.00833333333334,286.1652119640254,320.4099,606.5751,463.4925,0.0833,0.9198,0.646,1521,51.00833333333334
286.1614216303332,320.4133,606.5747,463.494,0.075,0.9272,0.648,1522,51.025000000000006,285.73548677185556,320.9451,606.6806,463.8129,0.0,0.8219,0.7531,1522,51.025000000000006,286.7911720713713,319.962,606.7532,463.3576,0.1,0.7791,0.6732,1522,51.025000000000006,286.3249327968487,320.5453,606.8703,463.7078,0.0,0.8421,0.8377,1522,51.025000000000006,286.16477351043443,320.4099,606.5747,463.4923,0.0833,0.9271,0.648,1522,51.025000000000006
286.1646038781913,320.4132,606.5778,463.4955,0.075,0.8979,0.6464,1523,51.04333333333334,285.7384458602994,320.9451,606.6836,463.8143,0.0,0.8221,0.73,1523,51.04333333333334,286.79366787082995,319.9627,606.7564,463.3596,0.1,0.7828,0.6558,1523,51.04333333333334,286.3273904949788,320.546,606.8734,463.7097,0.0,0.8612,0.8185,1523,51.04333333333334,286.16791813448134,320.4099,606.5778,463.4939,0.0833,0.9103,0.6464,1523,51.04333333333334
286.1622581339159,320.417,606.5792,463.4981,0.075,1.0344,0.649,1524,51.085,285.7357772799768,320.9488,606.6845,463.8167,0.0,0.8251,0.7568,1524,51.085,286.79224948514934,319.9659,606.7581,463.362,0.1,0.7853,0.6674,1524,51.085,286.32556098634734,320.5491,606.8747,463.7119,0.0,0.8768,0.822,1524,51.085,286.1659665915165,320.4133,606.5792,463.4962,0.0833,0.9721,0.649,1524,51.085
286.16304732577214,320.4167,606.5797,463.4982,0.075,1.0164,0.6454,1525,51.108333333333334,285.7346766652424,320.9484,606.6831,463.8157,0.0,0.8423,0.7533,1525,51.108333333333334,286.7942576249287,319.9636,606.7579,463.3607,0.1,0.7815,0.6642,1525,51.108333333333334,286.32557349755496,320.547,606.8726,463.7098,0.0,0.8757,0.8303,1525,51.108333333333334,286.1667917144907,320.4129,606.5797,463.4963,0.0833,0.9804,0.6454,1525,51.108333333333334
286.2757760666557,320.42,606.6958,463.5579,0.075,0.8328,0.8588,1526,51.145,285.5592455645402,321.0731,606.6244,463.8488,0.0083,1.1842,0.8513,1526,51.145,286.95508278996766,320.0148,606.9656,463.4902,0.0917,0.9263,0.7797,1526,51.145,286.119387648435,320.6809,606.7901,463.7355,0.0,1.2199,0.8601,1526,51.145,286.3086840396347,320.4184,606.7248,463.5716,0.0833,0.8162,0.711,1526,51.145
286.27562999154,320.4202,606.6958,463.558,0.075,0.833,0.8672,1527,51.18833333333334,285.5586861895523,321.0733,606.6241,463.8487,0.0083,1.1776,0.8623,1527,51.18833333333334,286.95458373434553,320.0157,606.966,463.4909,0.0917,0.9072,0.7793,1527,51.18833333333334,286.1190841914294,320.6819,606.7906,463.7362,0.0,1.2243,0.8633,1527,51.18833333333334,286.30858876416306,320.4186,606.7248,463.5717,0.0833,0.8166,0.7144,1527,51.18833333333334
286.27149019311867,320.4244,606.6958,463.5601,0.075,0.8068,0.8677,1528,51.21,285.55508669485323,321.0769,606.6244,463.8507,0.0083,1.23,0.8828,1528,51.21,286.95146514399556,320.0175,606.9647,463.4911,0.0917,0.9086,0.7842,1528,51.21,286.1165072658804,320.6835,606.7897,463.7366,0.0,1.2123,0.8603,1528,51.21,286.3042890757321,320.4227,606.7249,463.5738,0.0833,0.7899,0.7217,1528,51.21
286.2728444098792,320.4231,606.696,463.5596,0.075,0.825,0.868,1529,51.24166666666667,285.55612314947984,321.076,606.6242,463.8501,0.0083,1.1672,0.8564,1529,51.24166666666667,286.95395973877567,320.0169,606.9666,463.4917,0.0917,0.9072,0.8013,1529,51.24166666666667,286.1181766988176,320.6829,606.7908,463.7369,0.0,1.22,0.871,1529,51.24166666666667,286.27463525459757,320.4213,606.696,463.5587,0.075,0.8066,0.868,1529,51.24166666666667
286.2746043461492,320.4215,606.6961,463.5588,0.075,0.833,0.8635,1530,51.275000000000006,285.55779920784784,321.0745,606.6244,463.8495,0.0083,1.162,0.8563,1530,51.275000000000006,286.9549329393953,320.0158,606.9665,463.4911,0.0917,0.9257,0.8013,1530,51.275000000000006,286.11916420768284,320.6818,606.7908,463.7363,0.0,1.2191,0.8711,1530,51.275000000000006,286.27639348172283,320.4197,606.6961,463.5579,0.075,0.8145,0.8635,1530,51.275000000000006
286.2759062582767,320.4197,606.6956,463.5577,0.075,0.8351,0.8609,1531,51.31,285.558923000415,321.0732,606.6239,463.8486,0.0083,1.1842,0.8571,1531,51.31,286.95648464240617,320.0139,606.9661,463.49,0.0917,0.9161,0.8014,1531,51.31,286.12053848575437,320.6802,606.7904,463.7353,0.0,1.2252,0.8712,1531,51.31,286.27760059936907,320.418,606.6956,463.5568,0.075,0.817,0.8609,1531,51.31
286.27637625963837,320.4195,606.6958,463.5577,0.075,0.8468,0.8609,1532,51.34166666666667,285.55940318060686,321.0727,606.6241,463.8484,0.0083,1.1914,0.8571,1532,51.34166666666667,286.9571603573811,320.0134,606.9663,463.4898,0.0917,0.9165,0.8014,1532,51.34166666666667,286.12129032189694,320.6797,606.7907,463.7352,0.0,1.2253,0.8713,1532,51.34166666666667,286.27815927509727,320.4177,606.6958,463.5568,0.075,0.8281,0.8609,1532,51.34166666666667
286.2765862888346,320.4198,606.6964,463.5581,0.075,0.8382,0.8597,1533,51.37666666666667,285.5595871393872,321.0731,606.6246,463.8489,0.0083,1.1752,0.8577,1533,51.37666666666667,286.95717764707587,320.0136,606.9665,463.4901,0.0917,0.9163,0.8012,1533,51.37666666666667,286.12155072722555,320.68,606.7912,463.7356,0.0,1.2257,0.871,1533,51.37666666666667,286.27835019012946,320.418,606.6964,463.5572,0.075,0.82,0.8597,1533,51.37666666666667
286.2767395056014,320.4193,606.6961,463.5577,0.075,0.8457,0.8597,1534,51.41000000000001,285.5597257831605,321.0726,606.6243,463.8485,0.0083,1.1932,0.8573,1534,51.41000000000001,286.95864959364314,320.0131,606.9675,463.4903,0.0917,0.9132,0.8008,1534,51.41000000000001,286.12229750670247,320.6796,606.7915,463.7355,0.0,1.1944,0.8707,1534,51.41000000000001,286.27853274557947,320.4175,606.6961,463.5568,0.075,0.8269,0.8597,1534,51.41000000000001
286.2759971756028,320.42,606.696,463.558,0.075,0.8242,0.8596,1535,51.44166666666667,285.55898371799265,321.0734,606.6243,463.8488,0.0083,1.1913,0.8573,1535,51.44166666666667,286.9583603704781,320.0133,606.9674,463.4904,0.0917,0.913,0.8008,1535,51.44166666666667,286.12202990459275,320.6798,606.7914,463.7356,0.0,1.1948,0.8707,1535,51.44166666666667,286.2776053991955,320.4184,606.696,463.5572,0.075,0.8076,0.8596,1535,51.44166666666667
286.1876784636714,320.4992,606.6869,463.5931,0.0583,1.0123,0.9239,1536,51.47666666666667,285.7855579715866,320.925,606.694,463.8095,0.0083,1.2179,0.8652,1536,51.47666666666667,286.96690659199464,320.0442,607.0057,463.525,0.0917,0.8706,0.8436,1536,51.47666666666667,286.3923532172671,320.5029,606.8745,463.6887,0.0083,1.0071,0.8777,1536,51.47666666666667,286.31892161472035,320.488,606.805,463.6465,0.0917,1.0191,0.8571,1536,51.47666666666667
286.17358174246124,320.4712,606.6448,463.558,0.0667,0.7848,0.8347,1537,51.50833333333334,285.7781012618775,320.9283,606.6903,463.8093,0.0083,1.2007,0.8166,1537,51.50833333333334,286.9780217666811,320.0338,607.0063,463.52,0.1,0.8485,0.8236,1537,51.50833333333334,286.3793985553481,320.5099,606.8691,463.6895,0.0083,1.0248,0.8772,1537,51.50833333333334,286.1525879505534,320.4922,606.6448,463.5685,0.05,0.9955,0.8347,1537,51.50833333333334
286.1956724177164,320.4918,606.6874,463.5896,0.0667,1.01,0.8605,1538,51.54166666666667,285.58451196020485,321.1168,606.6904,463.9036,0.0083,1.217,0.8185,1538,51.54166666666667,286.9934128270493,320.018,607.006,463.512,0.1083,0.8091,0.8229,1538,51.54166666666667,286.1837485880374,320.7002,606.8688,463.7845,0.0083,1.1212,0.8773,1538,51.54166666666667,286.2063151048121,320.4811,606.6874,463.5843,0.0667,0.9317,0.8605,1538,51.54166666666667
286.1522370339205,320.4921,606.6443,463.5682,0.0583,0.9982,0.8338,1539,51.57666666666667,285.58379200829165,321.1169,606.6899,463.9034,0.0083,1.2165,0.8158,1539,51.57666666666667,286.9932514605557,320.0177,607.0055,463.5116,0.1083,0.8087,0.824,1539,51.57666666666667,286.1836146001268,320.6999,606.8685,463.7842,0.0083,1.1218,0.8766,1539,51.57666666666667,286.2054619884818,320.4814,606.6869,463.5842,0.0667,0.9315,0.8538,1539,51.57666666666667
286.1950615853582,320.4917,606.6868,463.5892,0.0667,1.0084,0.8535,1540,51.608333333333334,285.58397185930676,321.1167,606.6897,463.9032,0.0083,1.2157,0.8162,1540,51.608333333333334,286.99361035113657,320.0177,607.0059,463.5118,0.1083,0.8087,0.8232,1540,51.608333333333334,286.1838824869443,320.6999,606.8688,463.7843,0.0083,1.1217,0.8772,1540,51.608333333333334,286.205701614287,320.4811,606.6868,463.5839,0.0667,0.9315,0.8535,1540,51.608333333333334
286.15124867214786,320.4927,606.6439,463.5683,0.0583,0.9969,0.8335,1541,51.64166666666667,285.582833853785,321.1175,606.6895,463.9035,0.0083,1.2074,0.8157,1541,51.64166666666667,286.99340931708855,320.0179,607.0058,463.5119,0.1083,0.8089,0.8141,1541,51.64166666666667,286.18369476955627,320.7001,606.8687,463.7844,0.0083,1.1216,0.8728,1541,51.64166666666667,286.20464911435704,320.4819,606.6865,463.5842,0.0667,0.9313,0.8541,1541,51.64166666666667
286.1507170604346,320.4932,606.6439,463.5685,0.0583,0.991,0.8397,1542,51.675000000000004,285.5823534396996,321.1181,606.6894,463.9037,0.0083,1.2058,0.8215,1542,51.675000000000004,286.99112376362143,320.0199,607.0055,463.5127,0.1083,0.8099,0.8142,1542,51.675000000000004,286.1815527046722,320.7021,606.8684,463.7853,0.0083,1.1276,0.8729,1542,51.675000000000004,286.2042067054483,320.4823,606.6865,463.5844,0.0667,0.9314,0.8643,1542,51.675000000000004
286.2000254199279,320.4867,606.6867,463.5867,0.0667,1.0026,0.8645,1543,51.71,285.5886354831047,321.112,606.6897,463.9009,0.0083,1.1995,0.8207,1543,51.71,286.7749740477451,320.0135,606.7878,463.4006,0.1,0.8323,0.7831,1543,51.71,286.1865584741739,320.6961,606.8674,463.7818,0.0083,1.1259,0.8719,1543,51.71,286.2109734875679,320.4757,606.6867,463.5812,0.0667,0.9362,0.8645,1543,51.71
286.2012413589481,320.4856,606.6869,463.5863,0.0667,1.0,0.8766,1544,51.74333333333335,285.58980276516536,321.1111,606.6898,463.9004,0.0083,1.1985,0.8216,1544,51.74333333333335,286.7756424404063,320.0135,606.7884,463.401,0.1,0.8273,0.7792,1544,51.74333333333335,286.18716864153794,320.6962,606.868,463.7821,0.0083,1.1204,0.872,1544,51.74333333333335,286.1696213750398,320.4747,606.6443,463.5595,0.0583,0.9355,0.8402,1544,51.74333333333335
286.20150912041936,320.4857,606.6872,463.5864,0.0667,0.9991,0.8763,1545,51.775000000000006,285.5899968510465,321.1112,606.6901,463.9006,0.0083,1.1975,0.8216,1545,51.775000000000006,286.7753332965856,320.0137,606.7883,463.401,0.1,0.8279,0.779,1545,51.775000000000006,286.18686572756576,320.6964,606.8679,463.7821,0.0083,1.1271,0.8719,1545,51.775000000000006,286.16959623125996,320.475,606.6446,463.5598,0.0583,0.9396,0.84,1545,51.775000000000006
286.1416096285643,320.4789,606.619,463.5489,0.0833,0.9053,0.6434,1546,51.81333333333334,285.5042668016584,321.0943,606.5927,463.8435,0.0,1.1066,0.7172,1546,51.81333333333334,286.88864105599544,319.9985,606.8824,463.4404,0.075,0.8401,0.7692,1546,51.81333333333334,285.97737359291455,320.6705,606.6411,463.6558,0.0,1.1204,0.921,1546,51.81333333333334,286.1422424896693,320.4782,606.619,463.5486,0.0917,0.885,0.6434,1546,51.81333333333334
286.13435298026786,320.4851,606.6179,463.5515,0.0833,0.8767,0.6308,1547,51.84166666666667,285.4975792839318,321.1,606.5917,463.8459,0.0,1.1171,0.7179,1547,51.84166666666667,286.8855615111338,320.002,606.8828,463.4424,0.075,0.8382,0.7697,1547,51.84166666666667,285.9740106947048,320.6737,606.641,463.6573,0.0,1.1557,0.9258,1547,51.84166666666667,286.13493655487923,320.4844,606.6179,463.5512,0.0917,0.8641,0.6308,1547,51.84166666666667
286.4733638258223,320.4825,606.9558,463.7192,0.0583,0.911,0.7318,1548,51.875,286.0824084709624,321.0976,607.1619,464.1297,0.0083,1.117,0.9001,1548,51.875,287.2096608862289,320.0012,607.2109,463.6061,0.0583,0.8371,0.7902,1548,51.875,286.73800847942005,320.6731,607.3881,464.0306,0.0083,1.1219,0.7893,1548,51.875,286.52538341688023,320.4818,607.0056,463.7437,0.0917,0.9013,0.7501,1548,51.875
286.17077600700674,321.9687,608.1394,465.0541,0.075,0.7948,0.6788,1549,51.90833333333334,285.5831766766014,322.5702,608.1457,465.358,0.0083,1.0962,0.6622,1549,51.90833333333334,286.81583151953225,321.5234,608.3392,464.9313,0.075,0.8868,0.738,1549,51.90833333333334,286.1427164372715,322.1682,608.3054,465.2368,0.0083,1.1876,0.7658,1549,51.90833333333334,286.3506152512233,321.9668,608.3164,465.1416,0.0917,0.8079,0.6144,1549,51.90833333333334
285.8299223597249,321.8006,607.6305,464.7155,0.075,0.7218,0.6934,1550,51.94166666666667,285.35120763150553,322.2576,607.6089,464.9333,0.0083,0.6535,0.7341,1550,51.94166666666667,286.6435645392039,321.1997,607.8367,464.5182,0.0833,0.6636,0.7333,1550,51.94166666666667,285.96074060532266,321.8254,607.7861,464.8058,0.0083,0.8095,0.7862,1550,51.94166666666667,285.9503506718464,321.7245,607.6744,464.6995,0.0917,0.7628,0.6033,1550,51.94166666666667
286.05966883519096,321.0443,607.104,464.0741,0.0583,1.0493,0.7539,1551,51.975,285.42526874797255,321.6024,607.0277,464.3151,0.0,0.8686,0.8766,1551,51.975,286.68604588377525,320.5135,607.195,463.8543,0.0833,0.8446,0.7793,1551,51.975,286.1059909531078,321.0921,607.1974,464.1448,0.0,0.8993,0.9217,1551,51.975,286.0073565784179,321.0435,607.05,464.0467,0.0667,1.0438,0.6792,1551,51.975
286.3907557608376,320.7217,607.1124,463.917,0.0667,0.9152,0.7806,1552,52.025000000000006,285.6718691814038,321.1204,606.7923,463.9564,0.0,0.8216,0.8248,1552,52.025000000000006,286.7976722536479,320.2528,607.0491,463.651,0.0667,0.7728,0.7139,1552,52.025000000000006,286.3573029977389,320.6638,607.0211,463.8425,0.0,0.795,0.8763,1552,52.025000000000006,286.20616159973537,320.7209,606.927,463.8239,0.0667,0.9469,0.7593,1552,52.025000000000006
286.2483469745059,320.5184,606.7668,463.6426,0.0667,0.9388,0.7101,1553,52.04166666666667,285.9993184852095,320.7241,606.7234,463.7237,0.0,0.8067,0.8252,1553,52.04166666666667,286.8162132709477,320.0659,606.8779,463.4719,0.0667,0.7759,0.7689,1553,52.04166666666667,286.5159910655278,320.2418,606.7578,463.4998,0.0,0.787,0.8975,1553,52.04166666666667,286.2483469745059,320.5184,606.7668,463.6426,0.0667,0.9388,0.7101,1553,52.04166666666667
286.22252645748847,320.5471,606.7696,463.6583,0.075,1.0089,0.7214,1554,52.075,285.86237569476594,320.8636,606.726,463.7948,0.0,0.7575,0.7876,1554,52.075,286.7929426710467,320.0913,606.8803,463.4858,0.075,0.7694,0.7665,1554,52.075,286.3770572698521,320.3872,606.7616,463.5744,0.0,0.8367,0.8697,1554,52.075,286.22252645748847,320.5471,606.7696,463.6583,0.075,1.0089,0.7214,1554,52.075
286.2687497768936,320.5215,606.7903,463.6559,0.05,1.0194,0.8071,1555,52.11333333333334,285.87769011917476,320.8395,606.7172,463.7784,0.0,0.8183,0.8083,1555,52.11333333333334,286.95511683428776,320.0618,607.0112,463.5365,0.075,0.8841,0.8417,1555,52.11333333333334,286.43505483848736,320.3227,606.7553,463.539,0.0,0.8521,0.8526,1555,52.11333333333334,286.2687497768936,320.5215,606.7903,463.6559,0.05,1.0194,0.8071,1555,52.11333333333334
286.206327630219,320.5014,606.7077,463.6046,0.0833,0.9295,0.7506,1556,52.14666666666667,285.969166293351,320.7886,606.7577,463.7731,0.0,0.8697,0.8644,1556,52.14666666666667,286.96929401105194,320.0515,607.012,463.5318,0.0833,0.7409,0.7737,1556,52.14666666666667,286.3704050501889,320.4253,606.7957,463.6105,0.0,0.8788,0.9104,1556,52.14666666666667,286.206327630219,320.5014,606.7077,463.6046,0.0833,0.9295,0.7506,1556,52.14666666666667
286.25958335148414,320.4479,606.7075,463.5777,0.075,0.9585,0.748,1557,52.175000000000004,285.9962897516025,320.7613,606.7576,463.7594,0.0,0.8595,0.8647,1557,52.175000000000004,286.9745886874599,320.0471,607.0129,463.53,0.0833,0.7221,0.7556,1557,52.175000000000004,286.40719063102256,320.3902,606.7965,463.5934,0.0,0.8688,0.9091,1557,52.175000000000004,286.25958335148414,320.4479,606.7075,463.5777,0.075,0.9585,0.748,1557,52.175000000000004
286.2564275531071,320.4507,606.7071,463.5789,0.075,0.9578,0.7549,1558,52.215,285.9915597318976,320.7641,606.7557,463.7599,0.0,0.8788,0.8693,1558,52.215,286.9699884200521,320.0514,607.0125,463.532,0.0833,0.7342,0.724,1558,52.215,286.4031059888605,320.3936,606.7956,463.5946,0.0,0.8759,0.8929,1558,52.215,286.2915697143548,320.4208,606.7071,463.5639,0.0917,0.8189,0.7549,1558,52.215
286.2622498122583,320.4531,606.7153,463.5842,0.0667,0.9553,0.7849,1559,52.24166666666667,285.9792156459608,320.7663,606.7456,463.756,0.0,0.8861,0.8882,1559,52.24166666666667,286.9444462016691,320.0469,606.9838,463.5153,0.0833,0.7443,0.838,1559,52.24166666666667,286.3732123707972,320.3892,606.7615,463.5754,0.0,0.8841,0.9445,1559,52.24166666666667,286.2939809854643,320.4531,606.7468,463.5999,0.0417,0.9553,0.8409,1559,52.24166666666667
286.26110149633155,320.4525,606.7136,463.583,0.0667,0.9532,0.8122,1560,52.275000000000006,285.9739217915936,320.7658,606.7398,463.7528,0.0,0.8842,0.8798,1560,52.275000000000006,286.944487429443,320.0471,606.9841,463.5156,0.0833,0.7462,0.8643,1560,52.275000000000006,286.36104202346417,320.3897,606.7503,463.57,0.0,0.8718,0.9439,1560,52.275000000000006,286.29315676177237,320.4525,606.7455,463.599,0.0417,0.9532,0.834,1560,52.275000000000006
286.2594505588414,320.4554,606.7149,463.5851,0.0667,0.9638,0.817,1561,52.318333333333335,285.97230760060427,320.7686,606.7409,463.7547,0.0,0.8903,0.8723,1561,52.318333333333335,286.9343127941296,320.0581,606.9849,463.5215,0.075,0.7154,0.861,1561,52.318333333333335,286.36159259813263,320.3891,606.7503,463.5697,0.0,0.8932,0.9434,1561,52.318333333333335,286.29147930604785,320.4554,606.7468,463.6011,0.0417,0.9638,0.8387,1561,52.318333333333335
286.2585598318614,320.454,606.7126,463.5833,0.0667,0.9611,0.8123,1562,52.34166666666667,285.9715858720136,320.7672,606.7388,463.753,0.0,0.891,0.8721,1562,52.34166666666667,286.93374969650927,320.0581,606.9843,463.5212,0.075,0.7342,0.8629,1562,52.34166666666667,286.3620221460304,320.389,606.7506,463.5698,0.0,0.893,0.944,1562,52.34166666666667,286.290504570527,320.454,606.7444,463.5992,0.0417,0.9611,0.8361,1562,52.34166666666667
286.2156012229401,320.4531,606.6687,463.5609,0.0583,0.9606,0.6889,1563,52.375,285.9782967310815,320.7663,606.7446,463.7555,0.0,0.8905,0.8576,1563,52.375,286.93494043547867,320.0572,606.9846,463.5209,0.075,0.7328,0.8612,1563,52.375,286.3701933814778,320.3882,606.7578,463.573,0.0,0.8929,0.9453,1563,52.375,286.2924374491279,320.4531,606.7454,463.5992,0.0417,0.9606,0.8385,1563,52.375
286.2157366161632,320.4522,606.6679,463.5601,0.0583,0.9566,0.6886,1564,52.42,285.9783516514502,320.7655,606.7439,463.7547,0.0,0.8975,0.8646,1564,52.42,286.93512302768397,320.0569,606.9845,463.5207,0.075,0.7333,0.8626,1564,52.42,286.36965944189393,320.388,606.7571,463.5725,0.0,0.893,0.9448,1564,52.42,286.2925290841596,320.4522,606.7446,463.5984,0.0417,0.9566,0.8361,1564,52.42
286.2064913628045,320.4624,606.6689,463.5656,0.0667,1.0016,0.6894,1565,52.443333333333335,285.8694506799045,320.8758,606.7447,463.8102,0.0,0.8259,0.8582,1565,52.443333333333335,286.9300420789108,320.062,606.9845,463.5233,0.075,0.7481,0.8611,1565,52.443333333333335,286.3652605981366,320.393,606.7577,463.5753,0.0,0.8933,0.9451,1565,52.443333333333335,286.2605384875051,320.4852,606.7456,463.6154,0.0583,1.0082,0.8388,1565,52.443333333333335
286.17149552345415,320.4298,606.6006,463.5152,0.0667,0.7773,0.7713,1566,52.480000000000004,285.72818172364543,320.9492,606.6774,463.8133,0.0,0.7926,0.8778,1566,52.480000000000004,286.75510910421485,320.0007,606.7558,463.3782,0.0917,0.774,0.7639,1566,52.480000000000004,286.31512430806,320.5542,606.8685,463.7113,0.0,0.8075,0.9116,1566,52.480000000000004,286.17485780938216,320.4259,606.6006,463.5133,0.075,0.7793,0.7713,1566,52.480000000000004
286.1264258628653,320.474,606.6004,463.5372,0.075,0.8672,0.7706,1567,52.525000000000006,285.7288464503189,320.9482,606.677,463.8126,0.0,0.8069,0.878,1567,52.525000000000006,286.75186532634507,320.0037,606.7556,463.3796,0.0917,0.7708,0.7619,1567,52.525000000000006,286.31215839623826,320.557,606.8683,463.7127,0.0,0.7921,0.9036,1567,52.525000000000006,286.1756149068899,320.4249,606.6004,463.5127,0.075,0.7782,0.7706,1567,52.525000000000006
286.12778487726223,320.4738,606.6016,463.5377,0.075,0.8783,0.7714,1568,52.54166666666667,285.7302422180243,320.948,606.6782,463.8131,0.0,0.7896,0.8661,1568,52.54166666666667,286.7543542508055,320.0027,606.7571,463.3799,0.0917,0.7706,0.7676,1568,52.54166666666667,286.3145688784797,320.5562,606.8698,463.713,0.0,0.8,0.8815,1568,52.54166666666667,286.17704366126856,320.4247,606.6016,463.5131,0.075,0.781,0.7714,1568,52.54166666666667
286.12684081407633,320.4754,606.6023,463.5388,0.075,0.8745,0.7727,1569,52.575,285.7292573289086,320.9496,606.6788,463.8142,0.0,0.7999,0.8652,1569,52.575,286.75478254873224,320.0028,606.7575,463.3801,0.0917,0.7706,0.7708,1569,52.575,286.315088181535,320.5562,606.8704,463.7133,0.0,0.789,0.8799,1569,52.575,286.17581544360024,320.4266,606.6023,463.5145,0.075,0.7877,0.7727,1569,52.575
286.12603728995066,320.4766,606.6027,463.5396,0.075,0.8717,0.7672,1570,52.62166666666667,285.72859892301244,320.9506,606.6792,463.8149,0.0,0.7914,0.8633,1570,52.62166666666667,286.78743601688376,320.0033,606.7898,463.3965,0.0833,0.7708,0.8139,1570,52.62166666666667,286.3156139321884,320.5566,606.8714,463.714,0.0,0.8031,0.8641,1570,52.62166666666667,286.17524655199236,320.4276,606.6027,463.5151,0.075,0.7859,0.7672,1570,52.62166666666667
286.1263197486087,320.4766,606.6029,463.5397,0.075,0.8735,0.7686,1571,52.64166666666667,285.72877917695837,320.9506,606.6794,463.815,0.0,0.7917,0.8631,1571,52.64166666666667,286.7886290798009,320.0025,606.7902,463.3964,0.0833,0.768,0.8142,1571,52.64166666666667,286.31677211014585,320.556,606.8718,463.7139,0.0,0.7895,0.8641,1571,52.64166666666667,286.1298850873277,320.473,606.6029,463.5379,0.0833,0.8472,0.7686,1571,52.64166666666667
286.1253211591095,320.4777,606.603,463.5403,0.075,0.8364,0.7681,1572,52.675000000000004,285.7280548300669,320.9516,606.6796,463.8156,0.0,0.7907,0.8641,1572,52.675000000000004,286.7885180921605,320.0026,606.7902,463.3964,0.0833,0.7697,0.8142,1572,52.675000000000004,286.3166562376108,320.5561,606.8718,463.7139,0.0,0.8017,0.8641,1572,52.675000000000004,286.1288892598666,320.4741,606.603,463.5385,0.0833,0.8119,0.7681,1572,52.675000000000004
286.1245364931568,320.4779,606.6024,463.5401,0.075,0.8525,0.7661,1573,52.71,285.7272127831277,320.9516,606.6788,463.8152,0.0,0.7882,0.8635,1573,52.71,286.8051410199154,319.9855,606.7898,463.3877,0.0917,0.7208,0.8129,1573,52.71,286.31604340486416,320.5563,606.8714,463.7138,0.0,0.7908,0.8643,1573,52.71,286.12808910892625,320.4743,606.6024,463.5383,0.0833,0.8273,0.7661,1573,52.71
286.12615849194674,320.4758,606.602,463.5389,0.075,0.8874,0.7657,1574,52.74333333333335,285.72869348118695,320.9498,606.6785,463.8142,0.0,0.7943,0.8617,1574,52.74333333333335,286.8049734976912,319.9853,606.7894,463.3873,0.0917,0.7191,0.8128,1574,52.74333333333335,286.31586632819426,320.556,606.871,463.7135,0.0,0.8098,0.8643,1574,52.74333333333335,286.17517153262287,320.4269,606.602,463.5144,0.075,0.7552,0.7657,1574,52.74333333333335
286.1272027061086,320.4749,606.6021,463.5385,0.075,0.8764,0.7662,1575,52.775000000000006,285.72997302534134,320.9487,606.6787,463.8137,0.0,0.796,0.8601,1575,52.775000000000006,286.7876320625984,320.0027,606.7894,463.3961,0.0833,0.7705,0.8126,1575,52.775000000000006,286.31582037163196,320.5561,606.871,463.7136,0.0,0.8048,0.8643,1575,52.775000000000006,286.1765002077609,320.4258,606.6021,463.5139,0.075,0.7552,0.7662,1575,52.775000000000006
286.2596118327276,320.3678,606.6233,463.4955,0.1,0.7757,0.7287,1576,52.82666666666667,285.83049425376953,320.8113,606.6302,463.7208,0.0,1.1943,0.9245,1576,52.82666666666667,286.93241358800265,319.9766,606.9091,463.4428,0.0667,0.858,0.8243,1576,52.82666666666667,286.40181461673035,320.4307,606.8173,463.624,0.0,1.1074,0.9407,1576,52.82666666666667,286.2495179366643,320.3776,606.6233,463.5005,0.1,0.8858,0.7287,1576,52.82666666666667
286.25859947386516,320.369,606.6235,463.4963,0.1,0.7488,0.7302,1577,52.858333333333334,285.82949622756865,320.8124,606.6302,463.7213,0.0,1.171,0.9289,1577,52.858333333333334,286.93238207694594,319.9775,606.9099,463.4437,0.0667,0.8618,0.8472,1577,52.858333333333334,286.40182972743617,320.4313,606.8181,463.6247,0.0,1.1079,0.9564,1577,52.858333333333334,286.24834466825257,320.379,606.6235,463.5013,0.1,0.8624,0.7302,1577,52.858333333333334
286.28681777630436,320.3425,606.6252,463.4839,0.1083,0.6812,0.7019,1578,52.875,285.8252930962733,320.8185,606.6321,463.7253,0.0,1.1728,0.905,1578,52.875,286.9270827153978,319.984,606.9111,463.4476,0.0667,0.8172,0.8308,1578,52.875,286.39778085651176,320.4372,606.8197,463.6285,0.0,1.0943,0.9397,1578,52.875,286.261255881318,320.3681,606.6252,463.4967,0.1083,0.7744,0.7019,1578,52.875
286.2809433138533,320.3461,606.6228,463.4845,0.1083,0.658,0.7091,1579,52.91000000000001,285.8207116627822,320.8206,606.63,463.7253,0.0,1.1592,0.9231,1579,52.91000000000001,286.92209214124796,319.9871,606.9092,463.4481,0.0667,0.8213,0.8475,1579,52.91000000000001,286.39343234947177,320.4395,606.8181,463.6288,0.0,1.0829,0.9544,1579,52.91000000000001,286.25527993809726,320.3718,606.6228,463.4973,0.1083,0.7514,0.7091,1579,52.91000000000001
286.3654596114858,320.3472,606.712,463.5296,0.0833,0.6572,0.7645,1580,52.94166666666667,285.81968858010885,320.8217,606.63,463.7258,0.0,1.1434,0.923,1580,52.94166666666667,286.92204101748,319.9871,606.9091,463.4481,0.0667,0.8209,0.8476,1580,52.94166666666667,286.3933842524537,320.4396,606.8181,463.6288,0.0,1.0829,0.9564,1580,52.94166666666667,286.25448300580234,320.3729,606.6232,463.498,0.1083,0.744,0.7095,1580,52.94166666666667
286.2460937277723,320.3793,606.6212,463.5002,0.1,0.7689,0.6997,1581,52.975,285.8187389317471,320.8209,606.6282,463.7246,0.0,1.1558,0.9178,1581,52.975,286.92182140758405,319.9865,606.9083,463.4474,0.0667,0.8232,0.8485,1581,52.975,286.3930845560608,320.4392,606.8173,463.6283,0.0,1.0823,0.9437,1581,52.975,286.25341075310666,320.372,606.6212,463.4966,0.1083,0.7638,0.6997,1581,52.975
286.28050134447136,320.3466,606.6229,463.4847,0.1083,0.6762,0.7166,1582,53.025000000000006,285.8192522979431,320.8218,606.6296,463.7257,0.0,1.1605,0.9209,1582,53.025000000000006,286.9252293758684,319.9845,606.9098,463.4472,0.0667,0.8211,0.8448,1582,53.025000000000006,286.39608304808195,320.4376,606.8187,463.6282,0.0,1.0994,0.9469,1582,53.025000000000006,286.288730083024,320.3383,606.6229,463.4806,0.1167,0.657,0.7166,1582,53.025000000000006
286.2824082487357,320.3441,606.6223,463.4832,0.1083,0.6636,0.7202,1583,53.04166666666667,285.8198301894795,320.8202,606.6287,463.7244,0.0,1.1583,0.9079,1583,53.04166666666667,286.92335902013633,319.9848,606.9082,463.4465,0.0667,0.8239,0.8303,1583,53.04166666666667,286.39350039890394,320.4376,606.8163,463.627,0.0,1.1117,0.9453,1583,53.04166666666667,286.21849714692286,320.4038,606.6223,463.5131,0.0917,0.8957,0.7202,1583,53.04166666666667
286.2828215581359,320.3438,606.6224,463.4831,0.1083,0.6632,0.7203,1584,53.075,285.8201810250802,320.8197,606.6286,463.7242,0.0,1.1568,0.9077,1584,53.075,286.92329559644105,319.9847,606.908,463.4464,0.0667,0.8227,0.8358,1584,53.075,286.3939797437971,320.4376,606.8168,463.6272,0.0,1.1119,0.9394,1584,53.075,286.2190206527081,320.4034,606.6224,463.5129,0.0917,0.8958,0.7203,1584,53.075
286.28262497752075,320.3435,606.6219,463.4827,0.1083,0.6634,0.721,1585,53.11000000000001,285.8193167015165,320.8197,606.6276,463.7236,0.0,1.1614,0.9046,1585,53.11000000000001,286.9228769546769,319.985,606.9079,463.4464,0.0667,0.8235,0.8356,1585,53.11000000000001,286.39358244497225,320.4378,606.8165,463.6271,0.0,1.1118,0.9381,1585,53.11000000000001,286.21845540939137,320.4034,606.6219,463.5127,0.0917,0.8962,0.721,1585,53.11000000000001
286.3648053518556,320.4085,606.7705,463.5895,0.1,0.6841,0.8861,1586,53.14833333333333,285.8483729893587,320.8519,606.6881,463.77,0.0,1.0527,0.8775,1586,53.14833333333333,286.9938763076004,319.9961,606.9895,463.4928,0.0833,0.8043,0.9186,1586,53.14833333333333,286.4464851662444,320.4577,606.8876,463.6727,0.0,1.1274,0.8702,1586,53.14833333333333,286.3207141011294,320.4214,606.7399,463.5807,0.0917,0.8374,0.8481,1586,53.14833333333333
286.3378123977698,320.4052,606.7409,463.573,0.0917,0.6932,0.8424,1587,53.175000000000004,285.85280353603457,320.848,606.689,463.7685,0.0,1.0611,0.8667,1587,53.175000000000004,286.9969237706705,319.9936,606.9902,463.4919,0.0833,0.8089,0.9236,1587,53.175000000000004,286.44963161422334,320.455,606.8884,463.6717,0.0,1.0535,0.8646,1587,53.175000000000004,286.3252546298446,320.4177,606.7409,463.5793,0.0917,0.8374,0.8424,1587,53.175000000000004
286.33867394431843,320.4045,606.7411,463.5728,0.0917,0.7213,0.8425,1588,53.21,285.8533281762193,320.8476,606.6892,463.7684,0.0,1.0536,0.8639,1588,53.21,286.9978280997657,319.9929,606.9903,463.4916,0.0833,0.7864,0.9217,1588,53.21,286.45041909222874,320.4545,606.8886,463.6715,0.0,1.0513,0.8643,1588,53.21,286.32602306975696,320.4172,606.7411,463.5791,0.0917,0.8331,0.8425,1588,53.21
286.3391733732245,320.4036,606.7406,463.5721,0.0917,0.7208,0.8421,1589,53.24166666666667,285.8539648897544,320.8465,606.6887,463.7676,0.0,1.0374,0.8641,1589,53.24166666666667,286.99834171520155,319.9924,606.9903,463.4913,0.0833,0.8032,0.9244,1589,53.24166666666667,286.4507564323395,320.454,606.8884,463.6712,0.0,1.0601,0.8644,1589,53.24166666666667,286.3306107624733,320.4163,606.7468,463.5815,0.0833,0.817,0.9005,1589,53.24166666666667
286.33281896245524,320.4093,606.7399,463.5746,0.0917,0.7213,0.832,1590,53.275000000000006,285.84836102701746,320.8518,606.6883,463.7701,0.0,1.0609,0.8659,1590,53.275000000000006,286.9937262624562,319.9962,606.9894,463.4928,0.0833,0.8103,0.9167,1590,53.275000000000006,286.44658194339155,320.4577,606.8877,463.6727,0.0,1.0574,0.8662,1590,53.275000000000006,286.3202995362635,320.4218,606.7399,463.5808,0.0917,0.8315,0.832,1590,53.275000000000006
286.33793512999694,320.4046,606.7404,463.5725,0.0917,0.7212,0.8395,1591,53.30833333333334,285.8530773438989,320.8474,606.6888,463.7681,0.0,1.0443,0.8729,1591,53.30833333333334,286.9964801854205,319.9939,606.99,463.4919,0.0833,0.803,0.9252,1591,53.30833333333334,286.449052878045,320.4554,606.8882,463.6718,0.0,1.0583,0.8643,1591,53.30833333333334,286.32945958970106,320.4172,606.7465,463.5819,0.0833,0.805,0.8972,1591,53.30833333333334
286.3372120272563,320.4051,606.7401,463.5726,0.0917,0.7208,0.8392,1592,53.34166666666667,285.8520213152871,320.848,606.6882,463.7681,0.0,1.046,0.8721,1592,53.34166666666667,286.99705654160226,319.9931,606.9898,463.4915,0.0833,0.7826,0.9252,1592,53.34166666666667,286.44951284784486,320.4548,606.8879,463.6714,0.0,1.0594,0.8646,1592,53.34166666666667,286.3286329162887,320.4178,606.7463,463.5821,0.0833,0.8242,0.8977,1592,53.34166666666667
286.3368251007213,320.4048,606.7395,463.5721,0.0917,0.7299,0.8392,1593,53.375,285.8518078124638,320.8473,606.6876,463.7675,0.0,1.0566,0.8725,1593,53.375,286.9971577801563,319.9922,606.989,463.4906,0.0833,0.7859,0.9247,1593,53.375,286.44971149397986,320.4539,606.8872,463.6706,0.0,1.0596,0.8643,1593,53.375,286.3242615560108,320.4174,606.7395,463.5784,0.0917,0.8254,0.8392,1593,53.375
286.33622980468726,320.4058,606.7399,463.5728,0.0917,0.7396,0.8383,1594,53.40833333333334,285.8511594022542,320.8485,606.688,463.7683,0.0,1.0614,0.8726,1594,53.40833333333334,286.99548327784544,319.9939,606.989,463.4914,0.0833,0.7861,0.9221,1594,53.40833333333334,286.44824889609254,320.4555,606.8874,463.6714,0.0,1.0504,0.8648,1594,53.40833333333334,286.32356682578796,320.4184,606.7399,463.5791,0.0917,0.833,0.8383,1594,53.40833333333334
286.3288853057573,320.4114,606.7384,463.5749,0.0917,0.7453,0.8316,1595,53.443333333333335,285.84291405418264,320.8547,606.6861,463.7704,0.0,1.0596,0.8542,1595,53.443333333333335,286.9903476204808,319.9927,606.9804,463.4865,0.0917,0.7836,0.8214,1595,53.443333333333335,286.44752687513164,320.4554,606.8865,463.6709,0.0,1.0955,0.8733,1595,53.443333333333335,286.2424098641309,320.4392,606.6816,463.5604,0.0583,0.8531,0.8878,1595,53.443333333333335
286.2800942976023,320.4066,606.6867,463.5467,0.0667,0.8246,0.8245,1596,53.480000000000004,285.83757355762623,320.8647,606.6906,463.7776,0.0083,1.2444,0.7979,1596,53.480000000000004,286.8007616191279,319.9638,606.7646,463.3642,0.1,0.7677,0.747,1596,53.480000000000004,286.433443596731,320.4599,606.8775,463.6687,0.0,1.1083,0.8469,1596,53.480000000000004,286.27220164485254,320.4145,606.6867,463.5506,0.075,0.8729,0.8245,1596,53.480000000000004
286.2759383621841,320.4109,606.6869,463.5489,0.0667,0.8441,0.8252,1597,53.525000000000006,285.8334218396591,320.8688,606.6906,463.7797,0.0083,1.2386,0.7974,1597,53.525000000000006,286.8006436440795,319.9648,606.7654,463.3651,0.1,0.7717,0.7453,1597,53.525000000000006,286.43276565012286,320.4615,606.8782,463.6699,0.0,1.1103,0.8453,1597,53.525000000000006,286.2679647490014,320.4189,606.6869,463.5529,0.075,0.8712,0.8252,1597,53.525000000000006
286.2772214071746,320.4095,606.6867,463.5481,0.0667,0.8303,0.8253,1598,53.54666666666667,285.8351168714922,320.8675,606.6909,463.7792,0.0083,1.2376,0.7953,1598,53.54666666666667,286.80011784180965,319.9651,606.7652,463.3652,0.1,0.7872,0.7477,1598,53.54666666666667,286.43266776852914,320.4615,606.8783,463.6699,0.0,1.1096,0.8454,1598,53.54666666666667,286.2693086416231,320.4174,606.6867,463.5521,0.075,0.9,0.8253,1598,53.54666666666667
286.2995168142228,320.3905,606.69,463.5403,0.075,0.7503,0.8568,1599,53.57666666666667,285.8328933580397,320.8725,606.6939,463.7832,0.0083,1.1993,0.7846,1599,53.57666666666667,286.8058523517532,319.9607,606.7666,463.3637,0.1,0.7864,0.7646,1599,53.57666666666667,286.4383987217158,320.4584,606.8803,463.6693,0.0,1.1153,0.8617,1599,53.57666666666667,286.2676258600478,320.4224,606.69,463.5562,0.075,0.9002,0.8568,1599,53.57666666666667
286.27528650636344,320.4126,606.6879,463.5502,0.0667,0.8151,0.8287,1600,53.608333333333334,285.8329696202315,320.8707,606.6921,463.7814,0.0083,1.2214,0.7945,1600,53.608333333333334,286.7974539982458,319.9671,606.7645,463.3658,0.1,0.7596,0.7434,1600,53.608333333333334,286.4299394160722,320.4636,606.8777,463.6706,0.0,1.1089,0.8589,1600,53.608333333333334,286.26762614939275,320.4203,606.6879,463.5541,0.075,0.8759,0.8287,1600,53.608333333333334
286.2752923121647,320.4127,606.688,463.5504,0.0667,0.8363,0.8284,1601,53.64833333333333,285.8330069727866,320.8707,606.6922,463.7815,0.0083,1.222,0.7891,1601,53.64833333333333,286.77420529014364,319.9902,606.7644,463.3773,0.0917,0.7846,0.7415,1601,53.64833333333333,286.4346059567591,320.4594,606.8775,463.6685,0.0,1.1138,0.8586,1601,53.64833333333333,286.3577434059767,320.4209,606.7758,463.5984,0.1083,0.8746,0.7746,1601,53.64833333333333
286.277931452061,320.4102,606.6881,463.5492,0.0667,0.8342,0.8274,1602,53.675000000000004,285.8354554099797,320.8685,606.6923,463.7804,0.0083,1.2207,0.7896,1602,53.675000000000004,286.7737850104768,319.9909,606.7647,463.3778,0.0917,0.7838,0.7414,1602,53.675000000000004,286.43427108856287,320.4599,606.8777,463.6688,0.0,1.1131,0.8581,1602,53.675000000000004,286.3607174986189,320.4181,606.7759,463.597,0.1083,0.8714,0.7752,1602,53.675000000000004
286.2999202703256,320.3873,606.6872,463.5373,0.075,0.7516,0.8263,1603,53.71,285.83286260655143,320.8698,606.691,463.7804,0.0083,1.2233,0.7922,1603,53.71,286.773516013718,319.9915,606.765,463.3782,0.0917,0.8077,0.7437,1603,53.71,286.4340446240243,320.4602,606.8778,463.669,0.0,1.1126,0.8457,1603,53.71,286.26719214356183,320.42,606.6872,463.5536,0.075,0.8819,0.8263,1603,53.71
286.2747725000028,320.4125,606.6873,463.5499,0.0667,0.8345,0.8215,1604,53.75166666666667,285.83207718236423,320.8709,606.6913,463.7811,0.0083,1.2878,0.7997,1604,53.75166666666667,286.773931424087,319.9906,606.7645,463.3775,0.0917,0.8003,0.7445,1604,53.75166666666667,286.4334840371042,320.4598,606.8769,463.6683,0.0,1.1279,0.8471,1604,53.75166666666667,286.2498723252819,320.4374,606.6873,463.5624,0.0667,0.9894,0.8215,1604,53.75166666666667
286.27402133402927,320.4142,606.6882,463.5512,0.0667,0.8159,0.8223,1605,53.775000000000006,285.8308133706009,320.8724,606.6916,463.782,0.0083,1.2884,0.7959,1605,53.775000000000006,286.7763376562542,319.9894,606.7657,463.3776,0.0917,0.7843,0.748,1605,53.775000000000006,286.43527648973145,320.4589,606.8778,463.6683,0.0,1.1288,0.8487,1605,53.775000000000006,286.2661555043419,320.422,606.6882,463.5551,0.075,0.8643,0.8223,1605,53.775000000000006
286.21442518484076,320.4008,606.609,463.5049,0.1083,0.6863,0.7838,1606,53.81333333333334,285.5245426938092,321.0675,606.5851,463.8263,0.0,1.0666,0.8623,1606,53.81333333333334,286.70250830284465,320.0653,606.766,463.4156,0.1,0.904,0.7238,1606,53.81333333333334,286.0871285694026,320.6637,606.7448,463.7043,0.0,1.0923,0.8117,1606,53.81333333333334,286.1658416266857,320.4458,606.609,463.5274,0.1,0.788,0.7838,1606,53.81333333333334
286.213548247385,320.4024,606.6098,463.5061,0.1083,0.6803,0.7855,1607,53.85333333333334,285.5241065536178,321.0687,606.5859,463.8273,0.0,1.0671,0.8666,1607,53.85333333333334,286.6994396902167,320.0686,606.7662,463.4174,0.1,0.8914,0.7222,1607,53.85333333333334,286.0841961545713,320.6671,606.745,463.7061,0.0,1.104,0.8121,1607,53.85333333333334,286.16546417612585,320.4472,606.6098,463.5285,0.1,0.8166,0.7855,1607,53.85333333333334
286.1701699877549,320.4418,606.6089,463.5254,0.0917,0.7503,0.7986,1608,53.875,285.52756718369835,321.0611,606.582,463.8215,0.0,1.026,0.8542,1608,53.875,286.7862443459261,319.9813,606.7658,463.3736,0.1083,0.8912,0.7308,1608,53.875,286.08586075029785,320.662,606.7421,463.7021,0.0,1.0773,0.8508,1608,53.875,286.1723010532388,320.4394,606.6089,463.5242,0.1,0.7761,0.7986,1608,53.875
286.1685428975509,320.443,606.6085,463.5258,0.0917,0.7405,0.7984,1609,53.91000000000001,285.5260756064405,321.0623,606.5817,463.822,0.0,1.0253,0.8556,1609,53.91000000000001,286.7843900212456,319.983,606.7656,463.3743,0.1083,0.8971,0.7306,1609,53.91000000000001,286.0840155867273,320.6638,606.7419,463.7029,0.0,1.0817,0.8588,1609,53.91000000000001,286.1709064950221,320.4403,606.6085,463.5244,0.1,0.7768,0.7984,1609,53.91000000000001
286.2198739579559,320.3951,606.6089,463.502,0.1083,0.6887,0.7947,1610,53.95333333333334,285.52747777245725,321.0623,606.5831,463.8227,0.0,1.0183,0.8533,1610,53.95333333333334,286.78617921394624,319.9821,606.7665,463.3743,0.1083,0.894,0.7304,1610,53.95333333333334,286.08702403396103,320.6629,606.744,463.7034,0.0,1.0476,0.8335,1610,53.95333333333334,286.2022497669892,320.4127,606.6089,463.5108,0.1083,0.6859,0.7947,1610,53.95333333333334
286.21981588308915,320.3949,606.6085,463.5017,0.1083,0.6847,0.7937,1611,53.975,285.5282270507382,321.0619,606.5833,463.8226,0.0,1.0376,0.8522,1611,53.975,286.7832249677818,319.9853,606.7666,463.3759,0.1083,0.8955,0.7293,1611,53.975,286.0852104780197,320.6653,606.7445,463.7049,0.0,1.0537,0.8324,1611,53.975,286.20232337178413,320.4124,606.6085,463.5105,0.1083,0.6866,0.7937,1611,53.975
286.2182477666395,320.3963,606.6084,463.5023,0.1083,0.6899,0.7956,1612,54.025000000000006,285.52704852887155,321.063,606.5833,463.8232,0.0,1.0292,0.8541,1612,54.025000000000006,286.7844755014987,319.983,606.7657,463.3744,0.1083,0.8939,0.7292,1612,54.025000000000006,286.0863874285098,320.6632,606.7436,463.7034,0.0,1.0491,0.838,1612,54.025000000000006,286.1695012419077,320.4416,606.6084,463.525,0.1,0.77,0.7956,1612,54.025000000000006
286.217843392104,320.396,606.6078,463.5019,0.1083,0.6779,0.7955,1613,54.04166666666667,285.5256621205748,321.0632,606.5821,463.8226,0.0,1.0364,0.8538,1613,54.04166666666667,286.7822359672759,319.9853,606.7657,463.3755,0.1083,0.8966,0.7288,1613,54.04166666666667,286.0837895103001,320.6655,606.7433,463.7044,0.0,1.0529,0.8391,1613,54.04166666666667,286.1692813416722,320.4413,606.6078,463.5245,0.1,0.7683,0.7955,1613,54.04166666666667
286.1673267093665,320.4446,606.6087,463.5267,0.0917,0.7786,0.7954,1614,54.075,285.5259493864198,321.0637,606.583,463.8233,0.0,1.0225,0.8541,1614,54.075,286.7832705140207,319.9843,606.7658,463.3751,0.1083,0.8963,0.7292,1614,54.075,286.0847574842926,320.6646,606.7434,463.704,0.0,1.0512,0.8393,1614,54.075,286.1698507488013,320.4418,606.6087,463.5252,0.1,0.7832,0.7954,1614,54.075
286.2179377485945,320.3961,606.608,463.502,0.1083,0.7074,0.796,1615,54.108333333333334,285.52488583373207,321.0629,606.5812,463.8221,0.0,1.0265,0.855,1615,54.108333333333334,286.73619806497527,320.0307,606.7651,463.3979,0.0917,0.9108,0.7287,1615,54.108333333333334,286.0811373767998,320.6664,606.7416,463.704,0.0,1.0557,0.8432,1615,54.108333333333334,286.1696212435037,320.4412,606.608,463.5246,0.1,0.7801,0.796,1615,54.108333333333334
286.2533443732319,320.4161,606.6694,463.5427,0.0667,0.6661,0.8466,1616,54.15833333333334,285.7575252899584,320.8421,606.5919,463.717,0.0,1.128,0.8273,1616,54.15833333333334,286.95742461591135,320.0042,606.9571,463.4806,0.0833,0.8555,0.7357,1616,54.15833333333334,286.3361665455121,320.4477,606.7696,463.6087,0.0,1.3561,0.9034,1616,54.15833333333334,286.24174598862567,320.414,606.6544,463.5342,0.0917,0.6809,0.7698,1616,54.15833333333334
286.25463640239013,320.415,606.6697,463.5424,0.0667,0.6716,0.8484,1617,54.19166666666667,285.7589634331232,320.8411,606.5924,463.7168,0.0,1.1212,0.8216,1617,54.19166666666667,286.76974902606537,320.0037,606.7729,463.3883,0.0833,0.8578,0.7756,1617,54.19166666666667,286.33842385354393,320.4472,606.7715,463.6093,0.0,1.341,0.9061,1617,54.19166666666667,286.2430570528883,320.413,606.6548,463.5339,0.0917,0.6921,0.7656,1617,54.19166666666667
286.2558160957918,320.4136,606.6694,463.5415,0.0667,0.6579,0.8521,1618,54.208333333333336,285.75997391011816,320.8398,606.5921,463.7159,0.0,1.1283,0.8258,1618,54.208333333333336,286.76912643604237,320.0042,606.7728,463.3885,0.0833,0.8504,0.7759,1618,54.208333333333336,286.3378311203479,320.4476,606.7714,463.6095,0.0,1.3598,0.9061,1618,54.208333333333336,286.2442519501002,320.4115,606.6544,463.533,0.0917,0.6716,0.7692,1618,54.208333333333336
286.27005286617384,320.4008,606.6708,463.5358,0.075,0.7023,0.8475,1619,54.24333333333335,285.5679845587659,321.0316,606.5957,463.8136,0.0,1.0828,0.8249,1619,54.24333333333335,286.78798923649094,319.9782,606.7657,463.372,0.0917,0.7862,0.8037,1619,54.24333333333335,286.14102771721514,320.6337,606.7656,463.6997,0.0,1.1112,0.9039,1619,54.24333333333335,286.2444293426597,320.4126,606.6553,463.5339,0.0917,0.9662,0.7637,1619,54.24333333333335
286.25946310885047,320.411,606.6704,463.5407,0.0667,0.8662,0.8521,1620,54.27666666666667,285.56692395674304,321.0296,606.593,463.8113,0.0,1.0798,0.8273,1620,54.27666666666667,286.86482684750433,319.9891,606.854,463.4215,0.0667,0.8152,0.8151,1620,54.27666666666667,286.1309796440059,320.644,606.7662,463.7051,0.0,1.1563,0.9038,1620,54.27666666666667,286.24690782176407,320.4099,606.6553,463.5326,0.0917,0.8852,0.7692,1620,54.27666666666667
286.258517749206,320.4125,606.671,463.5417,0.0667,0.8728,0.8481,1621,54.31,285.5660495021169,321.031,606.5935,463.8122,0.0,1.0716,0.8237,1621,54.31,286.86839490187594,319.9879,606.8563,463.4221,0.0667,0.8153,0.8193,1621,54.31,286.13426013122444,320.6429,606.7684,463.7057,0.0,1.1567,0.8979,1621,54.31,286.2459333165977,320.4114,606.656,463.5337,0.0917,0.8984,0.7654,1621,54.31
286.26182879005717,320.4088,606.6706,463.5397,0.0667,0.8799,0.8401,1622,54.34166666666667,285.5691075656248,321.0276,606.5932,463.8104,0.0,1.0799,0.8156,1622,54.34166666666667,286.8680112386806,319.9874,606.8554,463.4214,0.0667,0.8154,0.8204,1622,54.34166666666667,286.13387525065235,320.6425,606.7677,463.7051,0.0,1.1571,0.8974,1622,54.34166666666667,286.24926855256,320.4077,606.6556,463.5317,0.0917,0.9056,0.7574,1622,54.34166666666667
286.25813690732684,320.4119,606.6701,463.541,0.0667,0.8444,0.8397,1623,54.375,285.5655413593606,321.0306,606.5927,463.8116,0.0,1.0387,0.8155,1623,54.375,286.872430871872,319.9882,606.8606,463.4244,0.0667,0.8093,0.8049,1623,54.375,286.1378216241642,320.6432,606.7722,463.7077,0.0,1.1425,0.8954,1623,54.375,286.2455298779373,320.4109,606.6551,463.533,0.0917,0.8546,0.7641,1623,54.375
286.25657952100346,320.4052,606.66,463.5326,0.0917,0.6551,0.756,1624,54.40833333333334,285.5655861527167,321.0377,606.5989,463.8183,0.0,1.0226,0.8031,1624,54.40833333333334,286.88386600349264,319.9981,606.882,463.44,0.0667,0.7635,0.8274,1624,54.40833333333334,286.1475422819733,320.6536,606.7913,463.7225,0.0,1.0985,0.8402,1624,54.40833333333334,286.2576719591971,320.4178,606.6755,463.5466,0.075,0.9418,0.8158,1624,54.40833333333334
286.2588086692076,320.4027,606.6597,463.5312,0.0917,0.6656,0.7563,1625,54.44166666666667,285.56743225359,321.0356,606.5985,463.817,0.0,1.0156,0.8113,1625,54.44166666666667,286.91888809166574,319.9983,606.9139,463.4561,0.075,0.7634,0.7633,1625,54.44166666666667,286.1472540204974,320.6538,606.7912,463.7225,0.0,1.0983,0.8401,1625,54.44166666666667,286.25977339168173,320.4153,606.6751,463.5452,0.075,0.9461,0.8148,1625,54.44166666666667
286.2633771039425,320.4222,606.6856,463.5539,0.0667,0.8783,0.902,1626,54.48166666666667,285.6225347192926,321.0649,606.6813,463.8731,0.0,1.1534,0.9017,1626,54.48166666666667,286.94729498278866,319.9958,606.9431,463.4694,0.0917,0.6322,0.804,1626,54.48166666666667,286.1699288876745,320.6755,606.8365,463.756,0.0,1.084,0.9649,1626,54.48166666666667,286.25224284950093,320.4342,606.6856,463.5599,0.0667,0.9387,0.902,1626,54.48166666666667
286.2605146691362,320.4248,606.6853,463.555,0.0667,0.8952,0.894,1627,54.525000000000006,285.6200982876105,321.0671,606.681,463.8741,0.0,1.1766,0.9024,1627,54.525000000000006,286.9452542681589,319.9983,606.9435,463.4709,0.0917,0.6089,0.7938,1627,54.525000000000006,286.16848494871476,320.6774,606.8369,463.7571,0.0,1.0786,0.9561,1627,54.525000000000006,286.24948621308334,320.4365,606.6853,463.5609,0.0667,0.9431,0.894,1627,54.525000000000006
286.25732934328323,320.4231,606.6804,463.5517,0.0667,0.8809,0.87,1628,54.54333333333334,285.6185874719007,321.0654,606.6777,463.8716,0.0,1.1434,0.8853,1628,54.54333333333334,286.9422190551895,319.9984,606.9406,463.4695,0.0917,0.6024,0.7918,1628,54.54333333333334,286.16555113090743,320.6778,606.8341,463.7559,0.0,1.08,0.9413,1628,54.54333333333334,286.246516946068,320.4346,606.6804,463.5575,0.0667,0.9662,0.87,1628,54.54333333333334
286.26232393647035,320.4223,606.6846,463.5535,0.0667,0.8887,0.8863,1629,54.57666666666667,285.62394532854574,321.0649,606.6825,463.8737,0.0,1.182,0.9018,1629,54.57666666666667,286.9494623009134,319.9947,606.9441,463.4694,0.0917,0.5842,0.7936,1629,54.57666666666667,286.1740679705156,320.6738,606.8389,463.7563,0.0,1.0944,0.9559,1629,54.57666666666667,286.2665951439467,320.4181,606.6846,463.5513,0.075,0.8804,0.8863,1629,54.57666666666667
286.2468223647113,320.438,606.6846,463.5613,0.0583,0.9269,0.8901,1630,54.608333333333334,285.6234203776018,321.0656,606.6827,463.8741,0.0,1.1756,0.9017,1630,54.608333333333334,286.9489316313517,319.9949,606.9438,463.4693,0.0917,0.6073,0.7938,1630,54.608333333333334,286.1739318477981,320.6739,606.8389,463.7564,0.0,1.0938,0.9562,1630,54.608333333333334,286.2501985508096,320.4351,606.6846,463.5599,0.0667,0.9452,0.8901,1630,54.608333333333334
286.2638974670997,320.4219,606.6858,463.5538,0.0667,0.8893,0.8853,1631,54.64333333333334,285.62411029940205,321.0647,606.6825,463.8736,0.0,1.1762,0.9027,1631,54.64333333333334,286.9177607338602,319.9957,606.9134,463.4545,0.0833,0.6508,0.8306,1631,54.64333333333334,286.1731779801818,320.6747,606.8389,463.7568,0.0,1.0901,0.9561,1631,54.64333333333334,286.2684440297064,320.4173,606.6858,463.5515,0.075,0.8773,0.8853,1631,54.64333333333334
286.2612347386033,320.4241,606.6853,463.5547,0.0667,0.8904,0.8919,1632,54.675000000000004,285.6206670118078,321.0666,606.681,463.8738,0.0,1.1761,0.9001,1632,54.675000000000004,286.9130328601449,319.9999,606.9129,463.4564,0.0833,0.6441,0.834,1632,54.675000000000004,286.16762187388497,320.679,606.8378,463.7584,0.0,1.0828,0.9566,1632,54.675000000000004,286.24987572950283,320.4361,606.6853,463.5607,0.0667,0.9537,0.8919,1632,54.675000000000004
286.26206085968386,320.4232,606.6852,463.5542,0.0667,0.8954,0.8951,1633,54.708333333333336,285.6234284599486,321.066,606.683,463.8745,0.0,1.2065,0.9033,1633,54.708333333333336,286.9134988369258,319.9996,606.9131,463.4564,0.0833,0.6474,0.8287,1633,54.708333333333336,286.17052316249135,320.6789,606.8403,463.7596,0.0,1.1002,0.9554,1633,54.708333333333336,286.2666039315635,320.4186,606.6852,463.5519,0.075,0.8851,0.8951,1633,54.708333333333336
286.2616681549366,320.4237,606.6854,463.5546,0.0667,0.8926,0.8997,1634,54.74166666666667,285.62344163319545,321.0665,606.6835,463.875,0.0,1.2107,0.9034,1634,54.74166666666667,286.91433756023326,319.9986,606.9129,463.4558,0.0833,0.6462,0.8278,1634,54.74166666666667,286.1713197520696,320.678,606.8402,463.7591,0.0,1.1042,0.9559,1634,54.74166666666667,286.2503359720379,320.4358,606.6854,463.5606,0.0667,0.948,0.8997,1634,54.74166666666667
286.26262133036823,320.4225,606.6852,463.5538,0.0667,0.8804,0.8965,1635,54.775000000000006,285.62391619141215,321.0654,606.6829,463.8742,0.0,1.2032,0.9029,1635,54.775000000000006,286.91413912618316,319.9986,606.9127,463.4557,0.0833,0.6462,0.8272,1635,54.775000000000006,286.1711311245567,320.678,606.84,463.759,0.0,1.1042,0.9557,1635,54.775000000000006,286.2512733388627,320.4346,606.6852,463.5599,0.0667,0.9339,0.8965,1635,54.775000000000006
286.18493594933375,320.4206,606.6056,463.5131,0.0583,0.9364,0.906,1636,54.815000000000005,285.7626027394919,321.0388,606.781,463.9099,0.0083,1.0105,0.8942,1636,54.815000000000005,286.82507891804937,319.9774,606.8025,463.39,0.0583,0.7076,0.9042,1636,54.815000000000005,286.3473133356613,320.6589,606.976,463.8175,0.0083,1.0877,0.8273,1636,54.815000000000005,286.3016673725697,320.406,606.7076,463.5568,0.0833,1.0396,0.8472,1636,54.815000000000005
286.28339041646007,320.4188,606.7005,463.5596,0.0917,0.9384,0.8272,1637,54.84166666666667,285.6115960660678,321.0372,606.6397,463.8384,0.0,0.9914,0.864,1637,54.84166666666667,286.98439063932835,319.9777,606.958,463.4679,0.0917,0.7062,0.7771,1637,54.84166666666667,286.18224225952815,320.6595,606.83,463.7448,0.0,1.1115,0.8476,1637,54.84166666666667,286.29457743791284,320.4059,606.7005,463.5532,0.1,1.0771,0.8272,1637,54.84166666666667
286.2849293895763,320.4184,606.7016,463.56,0.0917,0.9415,0.7858,1638,54.87833333333334,285.61340973439326,321.0367,606.641,463.8388,0.0,0.9767,0.8515,1638,54.87833333333334,286.9855177371377,319.9777,606.9591,463.4684,0.0917,0.7073,0.779,1638,54.87833333333334,286.1833627485158,320.6595,606.831,463.7453,0.0,1.1124,0.9031,1638,54.87833333333334,286.30135962143527,320.4055,606.7069,463.5562,0.0917,1.077,0.8311,1638,54.87833333333334
286.2839172151869,320.4192,606.7014,463.5603,0.0917,0.9382,0.7863,1639,54.91000000000001,285.61202094123814,321.0375,606.6405,463.839,0.0,0.988,0.8587,1639,54.91000000000001,286.9856894483456,319.9767,606.9583,463.4675,0.0917,0.7095,0.7806,1639,54.91000000000001,286.183406954293,320.6586,606.8303,463.7445,0.0,1.1139,0.8585,1639,54.91000000000001,286.2948450317009,320.4065,606.7014,463.554,0.1,1.0763,0.7863,1639,54.91000000000001
286.2833986899693,320.4187,606.7003,463.5595,0.0917,0.9319,0.8123,1640,54.94166666666667,285.61230099068393,321.037,606.6403,463.8387,0.0,1.0019,0.8411,1640,54.94166666666667,286.98614487986146,319.9773,606.9593,463.4683,0.0917,0.7132,0.7679,1640,54.94166666666667,286.18416812246755,320.6595,606.8317,463.7456,0.0,1.0958,0.8933,1640,54.94166666666667,286.296248215692,320.404,606.7003,463.5521,0.0917,1.0203,0.8123,1640,54.94166666666667
286.28509673263113,320.4177,606.701,463.5594,0.0917,0.9323,0.7953,1641,54.980000000000004,285.6136011653698,321.0358,606.6403,463.838,0.0,0.9859,0.8483,1641,54.980000000000004,286.9867052884001,319.9762,606.9588,463.4675,0.0917,0.7116,0.7764,1641,54.980000000000004,286.18431813353254,320.6585,606.8309,463.7447,0.0,1.1068,0.8661,1641,54.980000000000004,286.29658436192955,320.4044,606.701,463.5527,0.1,1.0751,0.7953,1641,54.980000000000004
286.2847588250679,320.4179,606.7009,463.5594,0.0917,0.955,0.7941,1642,55.025000000000006,285.6134153152195,321.036,606.6403,463.8381,0.0,1.0107,0.8469,1642,55.025000000000006,286.98623427897417,319.9761,606.9583,463.4672,0.0917,0.699,0.7756,1642,55.025000000000006,286.18404557136637,320.6584,606.8306,463.7445,0.0,1.1079,0.8503,1642,55.025000000000006,286.29772079927875,320.4031,606.7009,463.552,0.0917,1.0197,0.7941,1642,55.025000000000006
286.282670056593,320.4195,606.7004,463.56,0.0917,0.958,0.8068,1643,55.04166666666667,285.61121627412797,321.0374,606.6395,463.8384,0.0,0.9966,0.8459,1643,55.04166666666667,286.9866093581395,319.9759,606.9585,463.4672,0.0917,0.6974,0.7758,1643,55.04166666666667,286.18404043429376,320.6582,606.8304,463.7443,0.0,1.1056,0.8661,1643,55.04166666666667,286.2958589996989,320.4046,606.7004,463.5525,0.0917,1.0186,0.8068,1643,55.04166666666667
286.2802298814238,320.4224,606.7007,463.5615,0.0917,0.952,0.7872,1644,55.08166666666667,285.60923199777733,321.04,606.6401,463.8401,0.0,0.993,0.8526,1644,55.08166666666667,286.9852470922027,319.9773,606.9585,463.4679,0.0917,0.6977,0.7774,1644,55.08166666666667,286.18290982248755,320.6595,606.8305,463.745,0.0,1.1051,0.904,1644,55.08166666666667,286.29340430318564,320.4073,606.7007,463.554,0.0917,1.0187,0.7872,1644,55.08166666666667
286.2794560590569,320.422,606.6996,463.5608,0.0917,0.9508,0.7885,1645,55.11000000000001,285.6083011569956,321.0397,606.6389,463.8393,0.0,0.9892,0.8452,1645,55.11000000000001,286.9844392752836,319.9772,606.9577,463.4674,0.0917,0.6978,0.778,1645,55.11000000000001,286.18206725545656,320.6594,606.8297,463.7445,0.0,1.1054,0.8594,1645,55.11000000000001,286.2927576139499,320.4068,606.6996,463.5532,0.0917,1.0184,0.7885,1645,55.11000000000001
286.1513717656219,320.4289,606.5803,463.5046,0.0667,0.824,0.8017,1646,55.145,285.73528060707304,321.0726,606.7895,463.931,0.0083,1.0929,0.8192,1646,55.145,286.8053534220536,320.0117,606.817,463.4144,0.05,0.9046,0.8011,1646,55.145,286.34182881078516,320.6722,606.9923,463.8322,0.0083,1.0618,0.8195,1646,55.145,286.16540693503407,320.4329,606.5983,463.5156,0.0833,0.9094,0.8294,1646,55.145
286.1352734359051,320.4452,606.5804,463.5128,0.0583,0.9897,0.7912,1647,55.185,285.734842533628,321.073,606.7896,463.9313,0.0083,1.0943,0.8355,1647,55.185,286.8054924283352,320.0119,606.8174,463.4147,0.05,0.9045,0.8012,1647,55.185,286.34197610320916,320.6724,606.9926,463.8325,0.0083,1.0623,0.8179,1647,55.185,286.16478781341016,320.4335,606.5983,463.5159,0.0833,0.9209,0.8257,1647,55.185
286.13661892586754,320.4439,606.5806,463.5122,0.0583,1.011,0.8008,1648,55.21,285.7355479080753,321.0719,606.7892,463.9306,0.0083,1.1104,0.8428,1648,55.21,286.80852071714736,320.0083,606.8169,463.4126,0.05,0.913,0.8061,1648,55.21,286.34491068512375,320.6689,606.9921,463.8305,0.0083,1.0548,0.8135,1648,55.21,286.1664246806371,320.4323,606.5987,463.5155,0.0833,0.9769,0.825,1648,55.21
286.15128544260585,320.4291,606.5804,463.5047,0.0667,0.8223,0.8469,1649,55.24166666666667,285.73452038147866,321.0728,606.789,463.9309,0.0083,1.0936,0.8172,1649,55.24166666666667,286.8044875812382,320.0132,606.8177,463.4154,0.05,0.9042,0.8155,1649,55.24166666666667,286.3412519740071,320.6732,606.9926,463.8329,0.0083,1.0577,0.8027,1649,55.24166666666667,286.1650663157701,320.4331,606.5982,463.5157,0.0833,0.9246,0.817,1649,55.24166666666667
286.1458325604399,320.4327,606.5786,463.5057,0.0667,0.8295,0.8313,1650,55.288333333333334,285.7293313081563,321.0763,606.7872,463.9317,0.0083,1.0884,0.8167,1650,55.288333333333334,286.80279966081287,320.0132,606.816,463.4146,0.05,0.9185,0.8162,1650,55.288333333333334,286.33961707169453,320.6732,606.991,463.8321,0.0083,1.0801,0.7886,1650,55.288333333333334,286.1602745963004,320.436,606.5962,463.5161,0.0833,0.9242,0.827,1650,55.288333333333334
286.1307358087639,320.4478,606.5785,463.5132,0.0583,1.0024,0.8335,1651,55.31,285.7301729035844,321.0755,606.787,463.9313,0.0083,1.0937,0.8168,1651,55.31,286.80424200419566,320.0125,606.8167,463.4146,0.05,0.9318,0.8162,1651,55.31,286.34094460095196,320.6727,606.9916,463.8322,0.0083,1.0803,0.7863,1651,55.31,286.1614422273017,320.435,606.5965,463.5158,0.0833,0.92,0.8261,1651,55.31
286.1293861633934,320.4493,606.5787,463.514,0.0583,0.9971,0.8476,1652,55.343333333333334,285.7291159877224,321.0769,606.7873,463.9321,0.0083,1.0975,0.8171,1652,55.343333333333334,286.8038558752636,320.0122,606.8161,463.4141,0.05,0.9327,0.8096,1652,55.343333333333334,286.34053058205546,320.6726,606.991,463.8318,0.0083,1.083,0.7789,1652,55.343333333333334,286.16025159776166,320.4365,606.5968,463.5166,0.0833,0.913,0.8203,1652,55.343333333333334
286.1556521477586,320.427,606.5827,463.5049,0.0667,0.8499,0.8499,1653,55.39166666666667,285.739728617164,321.0699,606.7917,463.9308,0.0083,1.1037,0.8185,1653,55.39166666666667,286.80052539053503,320.0151,606.8156,463.4153,0.05,0.9478,0.8014,1653,55.39166666666667,286.3381578712118,320.6748,606.9906,463.8327,0.0083,1.1139,0.7927,1653,55.39166666666667,286.1715433221285,320.4293,606.6008,463.515,0.0833,0.9185,0.8227,1653,55.39166666666667
286.15710211207863,320.4256,606.5827,463.5042,0.0667,0.8467,0.8495,1654,55.425000000000004,285.74121998224257,321.0685,606.7918,463.9302,0.0083,1.1012,0.8128,1654,55.425000000000004,286.7974538911271,320.0181,606.8155,463.4168,0.05,0.9101,0.8033,1654,55.425000000000004,286.33536236711166,320.6772,606.9905,463.8339,0.0083,1.131,0.7932,1654,55.425000000000004,286.17346682462244,320.4278,606.6012,463.5145,0.0833,0.9245,0.8148,1654,55.425000000000004
286.15566037277375,320.4275,606.5831,463.5053,0.0667,0.8461,0.8497,1655,55.44166666666667,285.7398728367682,321.0703,606.7922,463.9313,0.0083,1.1022,0.8132,1655,55.44166666666667,286.7975305165561,320.018,606.8155,463.4167,0.05,0.9099,0.8033,1655,55.44166666666667,286.3353717839144,320.6772,606.9905,463.8338,0.0083,1.1321,0.7932,1655,55.44166666666667,286.1805309536952,320.4298,606.6093,463.5196,0.075,0.9223,0.8272,1655,55.44166666666667
286.18737151494724,320.4169,606.6043,463.5106,0.1,0.986,0.7376,1656,55.495000000000005,285.4513834974109,321.139,606.5714,463.8552,0.0,1.1912,0.8616,1656,55.495000000000005,286.8694543003607,319.9449,606.8144,463.3796,0.0667,0.7442,0.8342,1656,55.495000000000005,286.37985629581135,320.6303,606.9761,463.8032,0.0,1.0939,0.8538,1656,55.495000000000005,286.18833466116814,320.416,606.6043,463.5101,0.1083,0.9605,0.7376,1656,55.495000000000005
286.1436868188779,320.416,606.5597,463.4879,0.0667,0.983,0.7846,1657,55.525000000000006,285.4530015742945,321.1381,606.5722,463.8551,0.0,1.1849,0.8602,1657,55.525000000000006,286.87163733799844,319.9437,606.8153,463.3795,0.0667,0.742,0.8325,1657,55.525000000000006,286.3818266117007,320.6293,606.977,463.8032,0.0,1.0953,0.8642,1657,55.525000000000006,286.18990968305206,320.4153,606.6052,463.5103,0.1083,0.9717,0.7474,1657,55.525000000000006
286.18304529404196,320.4202,606.6033,463.5117,0.1,0.9898,0.7497,1658,55.55833333333334,285.44650999963284,321.1423,606.5701,463.8562,0.0,1.1634,0.8584,1658,55.55833333333334,286.8705169870018,319.9422,606.8127,463.3775,0.0667,0.762,0.8376,1658,55.55833333333334,286.3811614087781,320.6277,606.9751,463.8014,0.0,1.0681,0.8515,1658,55.55833333333334,286.1381914287176,320.4195,606.5577,463.4886,0.075,0.9601,0.7776,1658,55.55833333333334
286.18318581809785,320.4204,606.6036,463.512,0.1,0.9689,0.7418,1659,55.575,285.446519402955,321.1428,606.5704,463.8566,0.0,1.1675,0.8584,1659,55.575,286.8698572843525,319.9434,606.8132,463.3783,0.0667,0.7617,0.8365,1659,55.575,286.3805236636599,320.6289,606.9756,463.8023,0.0,1.0699,0.8524,1659,55.575,286.18403682045073,320.4196,606.6036,463.5116,0.1083,0.9557,0.7418,1659,55.575
286.1823428948224,320.421,606.6033,463.5121,0.1,1.013,0.7504,1660,55.608333333333334,285.4460926953298,321.1433,606.5703,463.8568,0.0,1.158,0.8583,1660,55.608333333333334,286.8696377969842,319.9438,606.8135,463.3786,0.0667,0.7735,0.8356,1660,55.608333333333334,286.38040158056776,320.6292,606.9757,463.8025,0.0,1.0699,0.8511,1660,55.608333333333334,286.1828994447535,320.4204,606.6033,463.5119,0.1083,0.9807,0.7504,1660,55.608333333333334
286.1838759876168,320.4203,606.6042,463.5123,0.1,0.9777,0.7456,1661,55.64166666666667,285.44787834705653,321.1427,606.5714,463.857,0.0,1.1555,0.8582,1661,55.64166666666667,286.8681512764929,319.9455,606.8136,463.3796,0.0667,0.7626,0.8355,1661,55.64166666666667,286.37905385058093,320.6307,606.9758,463.8033,0.0,1.0716,0.8569,1661,55.64166666666667,286.1842132772438,320.42,606.6042,463.5121,0.1083,0.9715,0.7456,1661,55.64166666666667
286.180631961343,320.4222,606.6029,463.5126,0.1,0.97,0.7444,1662,55.67666666666667,285.4444572899678,321.1445,606.5697,463.8571,0.0,1.1611,0.8534,1662,55.67666666666667,286.86930404670784,319.9437,606.813,463.3783,0.0667,0.7653,0.8396,1662,55.67666666666667,286.3800632620636,320.629,606.9753,463.8021,0.0,1.0702,0.8581,1662,55.67666666666667,286.135254738658,320.4219,606.5572,463.4895,0.075,0.9802,0.779,1662,55.67666666666667
286.181572877375,320.4214,606.6029,463.5122,0.1,0.991,0.736,1663,55.71,285.4452967543427,321.1436,606.5698,463.8567,0.0,1.1652,0.8532,1663,55.71,286.8675832266046,319.9454,606.813,463.3792,0.0667,0.7595,0.8396,1663,55.71,286.3783787671674,320.6307,606.9753,463.803,0.0,1.0711,0.8581,1663,55.71,286.13618140960784,320.421,606.5572,463.4891,0.075,0.9573,0.7793,1663,55.71
286.1806307005496,320.4221,606.6027,463.5124,0.1,0.9833,0.744,1664,55.74333333333335,285.44420661643727,321.1444,606.5696,463.857,0.0,1.1598,0.8534,1664,55.74333333333335,286.86762192074457,319.9454,606.8131,463.3793,0.0667,0.7661,0.8434,1664,55.74333333333335,286.37830710910316,320.6308,606.9753,463.8031,0.0,1.07,0.8524,1664,55.74333333333335,286.1809800928965,320.4217,606.6027,463.5122,0.1083,0.9534,0.744,1664,55.74333333333335
286.1803164224493,320.4231,606.6034,463.5133,0.1,0.9848,0.7353,1665,55.775000000000006,285.4437671495095,321.1454,606.5701,463.8578,0.0,1.1539,0.8532,1665,55.775000000000006,286.86676922085627,319.9462,606.813,463.3796,0.0667,0.761,0.8431,1665,55.775000000000006,286.37765334862326,320.6315,606.9754,463.8034,0.0,1.0697,0.8489,1665,55.775000000000006,286.13495986020814,320.4228,606.5578,463.4903,0.075,0.972,0.7799,1665,55.775000000000006
286.1829381366314,320.3963,606.5763,463.4863,0.0917,0.8274,0.823,1666,55.81166666666667,285.5490039169638,321.0534,606.5993,463.8264,0.0,1.0469,0.9211,1666,55.81166666666667,286.87486184050397,319.9937,606.8686,463.4312,0.0667,0.9459,0.8025,1666,55.81166666666667,286.3651146124836,320.6679,607.0055,463.8367,0.0,1.1068,0.8463,1666,55.81166666666667,286.1321077652575,320.4031,606.5352,463.4691,0.075,0.8673,0.9375,1666,55.81166666666667
286.183069510858,320.3967,606.5767,463.4867,0.0917,0.8208,0.823,1667,55.84166666666667,285.5490701491349,321.0541,606.5999,463.827,0.0,1.0379,0.9175,1667,55.84166666666667,286.87540903599984,319.9935,606.8689,463.4312,0.0667,0.9441,0.8203,1667,55.84166666666667,286.36562039213084,320.6678,607.0058,463.8368,0.0,1.1081,0.847,1667,55.84166666666667,286.13193588367096,320.4038,606.5357,463.4697,0.075,0.8871,0.9324,1667,55.84166666666667
286.1828692084866,320.397,606.5769,463.487,0.0917,0.8335,0.8231,1668,55.87500000000001,285.5490648761974,321.0542,606.6,463.8271,0.0,1.0385,0.9222,1668,55.87500000000001,286.8743508933442,319.9947,606.869,463.4318,0.0667,0.9452,0.8202,1668,55.87500000000001,286.36468944868227,320.6688,607.0059,463.8374,0.0,1.091,0.8468,1668,55.87500000000001,286.1319991143904,320.4039,606.5359,463.4699,0.075,0.8682,0.9322,1668,55.87500000000001
286.1767626009232,320.4022,606.5759,463.489,0.0917,0.8855,0.8131,1669,55.91000000000001,285.54203091805255,321.0599,606.5985,463.8292,0.0,1.083,0.9127,1669,55.91000000000001,286.9250318067119,319.9944,606.9153,463.4548,0.075,0.937,0.7732,1669,55.91000000000001,286.2288973027291,320.6691,606.879,463.774,0.0,1.0774,0.8655,1669,55.91000000000001,286.125656803628,320.4093,606.5349,463.4721,0.075,0.9714,0.9322,1669,55.91000000000001
286.1858292200869,320.3947,606.5775,463.4861,0.0917,0.8221,0.8216,1670,55.943333333333335,285.5532491610413,321.0523,606.6023,463.8273,0.0,1.0208,0.9178,1670,55.943333333333335,286.87347051841493,319.9963,606.8698,463.433,0.0667,0.9447,0.8196,1670,55.943333333333335,286.3637461683131,320.6702,607.0065,463.8383,0.0,1.0935,0.8423,1670,55.943333333333335,286.134806759551,320.4017,606.5365,463.4691,0.075,0.9013,0.9278,1670,55.943333333333335
286.18500171593405,320.3955,606.5775,463.4865,0.0917,0.8199,0.8216,1671,55.976666666666674,285.5523808055359,321.0529,606.602,463.8274,0.0,1.0218,0.9179,1671,55.976666666666674,286.87314654697514,319.9966,606.8698,463.4332,0.0667,0.9414,0.8196,1671,55.976666666666674,286.3633927706785,320.6704,607.0065,463.8384,0.0,1.0941,0.8423,1671,55.976666666666674,286.13423557880526,320.4023,606.5365,463.4694,0.075,0.8809,0.9278,1671,55.976666666666674
286.18568125841153,320.3949,606.5776,463.4862,0.0917,0.8086,0.8215,1672,56.025000000000006,285.5518367720549,321.0523,606.6009,463.8266,0.0,1.0219,0.9229,1672,56.025000000000006,286.8730956993445,319.9966,606.8697,463.4331,0.0667,0.9396,0.8196,1672,56.025000000000006,286.3633547759449,320.6703,607.0064,463.8384,0.0,1.0948,0.8461,1672,56.025000000000006,286.13513392138566,320.4014,606.5365,463.4689,0.075,0.8748,0.9421,1672,56.025000000000006
286.179718837418,320.4008,606.5775,463.4892,0.0917,0.8016,0.8226,1673,56.04333333333334,285.54584509496533,321.0577,606.6003,463.829,0.0,1.0188,0.9156,1673,56.04333333333334,286.87435702986704,319.9947,606.8691,463.4319,0.0667,0.9382,0.8202,1673,56.04333333333334,286.3646640674091,320.669,607.0059,463.8374,0.0,1.1076,0.847,1673,56.04333333333334,286.12925243277977,320.4072,606.5365,463.4718,0.075,0.8648,0.9358,1673,56.04333333333334
286.1807455225569,320.4001,606.5779,463.489,0.0917,0.799,0.8211,1674,56.07666666666667,285.5469055617981,321.0569,606.6007,463.8288,0.0,0.9801,0.9122,1674,56.07666666666667,286.8751261674375,319.9937,606.8688,463.4312,0.0667,0.9464,0.805,1674,56.07666666666667,286.3657521265529,320.6678,607.0059,463.8368,0.0,1.0604,0.8426,1674,56.07666666666667,286.1300292661033,320.4068,606.5368,463.4718,0.075,0.8743,0.925,1674,56.07666666666667
286.17658796452383,320.4038,606.5774,463.4906,0.0917,0.8139,0.8239,1675,56.11166666666667,285.54258935787163,321.0605,606.6,463.8302,0.0,0.982,0.9099,1675,56.11166666666667,286.8753401272169,319.9939,606.8693,463.4316,0.0667,0.9584,0.8046,1675,56.11166666666667,286.36611306075514,320.6681,607.0065,463.8373,0.0,1.0594,0.831,1675,56.11166666666667,286.12571324961823,320.4107,606.5364,463.4735,0.075,0.8751,0.9238,1675,56.11166666666667
286.1896012882802,320.3781,606.5669,463.4725,0.075,0.9511,0.7333,1676,56.14666666666667,285.6444385464715,321.0046,606.6423,463.8235,0.0,1.0441,0.8674,1676,56.14666666666667,287.02267693089493,319.919,606.9314,463.4252,0.1,0.6744,0.7925,1676,56.14666666666667,286.3025686801151,320.6223,606.8992,463.7608,0.0,1.0744,0.8221,1676,56.14666666666667,286.20427799269044,320.3763,606.5801,463.4782,0.075,0.9772,0.7797,1676,56.14666666666667
286.1890923574404,320.3801,606.5684,463.4742,0.075,0.9737,0.7214,1677,56.175000000000004,285.6440823834281,321.0064,606.6437,463.8251,0.0,1.057,0.867,1677,56.175000000000004,287.0230859891329,319.9193,606.9322,463.4257,0.1,0.6785,0.7914,1677,56.175000000000004,286.3022372702512,320.6228,606.8996,463.7612,0.0,1.0802,0.8287,1677,56.175000000000004,286.203344281245,320.3786,606.5816,463.4801,0.075,1.0268,0.7711,1677,56.175000000000004
286.19524114458994,320.3706,606.5654,463.468,0.075,1.0105,0.7191,1678,56.21,285.6490067406751,320.9973,606.6396,463.8185,0.0,1.0512,0.8638,1678,56.21,287.01614215200436,319.9246,606.9303,463.4274,0.1,0.6577,0.798,1678,56.21,286.29686899719195,320.6268,606.8982,463.7625,0.0,1.0576,0.8458,1678,56.21,286.2099788737485,320.369,606.5787,463.4739,0.075,1.0832,0.7576,1678,56.21
286.1958497223459,320.3696,606.5648,463.4672,0.075,1.0287,0.7133,1679,56.24166666666667,285.64946134854586,320.9965,606.6392,463.8178,0.0,1.0571,0.8542,1679,56.24166666666667,287.01615895544205,319.9246,606.9304,463.4275,0.1,0.6585,0.7979,1679,56.24166666666667,286.2968897149023,320.6269,606.8983,463.7626,0.0,1.0596,0.8458,1679,56.24166666666667,286.2105317037142,320.3681,606.5781,463.4731,0.075,1.0339,0.7545,1679,56.24166666666667
286.19389988808337,320.3715,606.5648,463.4682,0.075,1.0101,0.7191,1680,56.275000000000006,285.6482303813002,320.998,606.6394,463.8187,0.0,1.0328,0.8529,1680,56.275000000000006,287.0158523615162,319.9251,606.9306,463.4278,0.1,0.6595,0.7983,1680,56.275000000000006,286.29689834696626,320.6271,606.8985,463.7628,0.0,1.0513,0.8456,1680,56.275000000000006,286.2085301528954,320.3701,606.5782,463.4741,0.075,1.0681,0.7576,1680,56.275000000000006
286.1929381351058,320.3724,606.5647,463.4686,0.075,0.9731,0.7194,1681,56.31166666666667,285.64721264501395,320.9987,606.639,463.8188,0.0,1.051,0.8503,1681,56.31166666666667,287.0154753249485,319.9258,606.9309,463.4284,0.1,0.6594,0.798,1681,56.31166666666667,286.2970812956379,320.6276,606.8991,463.7633,0.0,1.0488,0.836,1681,56.31166666666667,286.207596740563,320.3708,606.578,463.4744,0.075,1.0355,0.7628,1681,56.31166666666667
286.1871240911792,320.3866,606.5731,463.4799,0.075,0.9893,0.744,1682,56.34166666666667,285.6409346188773,321.0122,606.646,463.8291,0.0,1.0699,0.8641,1682,56.34166666666667,286.80458105516306,319.9406,606.7449,463.3428,0.0917,0.7321,0.777,1682,56.34166666666667,286.2247590706727,320.6148,606.8275,463.7212,0.0,1.1761,0.8974,1682,56.34166666666667,286.20108139590405,320.3856,606.5861,463.4858,0.075,1.0008,0.7737,1682,56.34166666666667
286.2063097066592,320.3702,606.5731,463.4716,0.0833,0.8613,0.7428,1683,56.37500000000001,285.64250967708165,321.0105,606.6458,463.8282,0.0,1.0493,0.857,1683,56.37500000000001,286.79853668210666,319.913,606.7116,463.3123,0.1083,0.6842,0.7733,1683,56.37500000000001,286.23437681552207,320.6055,606.8273,463.7164,0.0,1.1603,0.8982,1683,56.37500000000001,286.2031069876142,320.3834,606.586,463.4847,0.075,0.9861,0.7738,1683,56.37500000000001
286.202278936315,320.3718,606.5708,463.4713,0.0833,0.8593,0.7434,1684,56.413333333333334,285.63860120481115,321.012,606.6436,463.8278,0.0,1.0464,0.8373,1684,56.413333333333334,286.7696425604948,319.974,606.7436,463.3588,0.1,0.6712,0.7744,1684,56.413333333333334,286.22665420056273,320.6121,606.8262,463.7192,0.0,1.063,0.8647,1684,56.413333333333334,286.19925771795806,320.385,606.5837,463.4844,0.075,0.9838,0.7715,1684,56.413333333333334
286.1859842696816,320.3857,606.571,463.4783,0.075,0.9831,0.7435,1685,56.443333333333335,285.63921770641423,321.0116,606.6438,463.8277,0.0,1.0461,0.8373,1685,56.443333333333335,286.7733268421998,319.9703,606.7436,463.357,0.1,0.667,0.7744,1685,56.443333333333335,286.2300975418284,320.6086,606.8262,463.7174,0.0,1.0918,0.8647,1685,56.443333333333335,286.1998955752167,320.3846,606.5839,463.4843,0.075,0.9974,0.7714,1685,56.443333333333335
286.19414559379464,320.4184,606.6125,463.5155,0.075,1.0331,0.7586,1686,56.480000000000004,285.4806352689636,321.0696,606.5459,463.8077,0.0083,1.1891,0.7874,1686,56.480000000000004,286.92173301315745,319.9239,606.8456,463.3848,0.075,0.9118,0.7082,1686,56.480000000000004,286.36431568577933,320.5954,606.9297,463.7625,0.0,1.0601,0.901,1686,56.480000000000004,286.19533241171405,320.4172,606.6125,463.5149,0.075,1.0466,0.7586,1686,56.480000000000004
286.1958270259879,320.4161,606.6119,463.514,0.0667,0.948,0.7549,1687,56.525000000000006,285.5035403375705,321.0459,606.5453,463.7956,0.0,1.1144,0.7927,1687,56.525000000000006,286.92269343373175,319.9224,606.8451,463.3838,0.075,0.908,0.7102,1687,56.525000000000006,286.3656550932625,320.5941,606.9296,463.7618,0.0,1.0769,0.9079,1687,56.525000000000006,286.1974532238224,320.4145,606.6119,463.5132,0.075,1.0199,0.7549,1687,56.525000000000006
286.1957749950893,320.4163,606.6121,463.5142,0.0667,0.9607,0.7638,1688,56.54166666666667,285.50353023382115,321.0461,606.5454,463.7958,0.0,1.118,0.793,1688,56.54166666666667,286.9211179736527,319.9238,606.845,463.3844,0.075,0.9067,0.7097,1688,56.54166666666667,286.3642437755354,320.5954,606.9296,463.7625,0.0,1.0772,0.9079,1688,56.54166666666667,286.19725609355726,320.4148,606.6121,463.5134,0.075,0.989,0.7638,1688,56.54166666666667
286.19370307387044,320.4178,606.6115,463.5146,0.0667,0.959,0.7579,1689,56.575,285.5015225283979,321.0475,606.5448,463.7961,0.0,1.1073,0.7957,1689,56.575,286.92085608777825,319.9238,606.8447,463.3843,0.075,0.9143,0.711,1689,56.575,286.36391278326863,320.5954,606.9292,463.7623,0.0,1.0771,0.9076,1689,56.575,286.1952769951032,320.4162,606.6115,463.5138,0.075,1.0203,0.7579,1689,56.575
286.19238105268533,320.4204,606.6128,463.5166,0.0667,0.9552,0.7604,1690,56.61833333333335,285.50301739031545,321.05,606.5486,463.7993,0.0,1.0652,0.7931,1690,56.61833333333335,286.92383764408646,319.923,606.8468,463.3849,0.075,0.9328,0.7148,1690,56.61833333333335,286.3704635374721,320.5948,606.9343,463.7646,0.0,1.0701,0.8936,1690,56.61833333333335,286.19383293817145,320.419,606.6128,463.5159,0.075,0.9807,0.7604,1690,56.61833333333335
286.189803723174,320.4235,606.6133,463.5184,0.0667,0.9665,0.7602,1691,56.64166666666667,285.500834702608,321.053,606.5494,463.8012,0.0,1.0655,0.7907,1691,56.64166666666667,286.9232506930539,319.9233,606.8465,463.3849,0.075,0.9142,0.7146,1691,56.64166666666667,286.3696246646564,320.5952,606.9339,463.7646,0.0,1.0758,0.8983,1691,56.64166666666667,286.1912952163474,320.422,606.6133,463.5176,0.075,0.9922,0.7602,1691,56.64166666666667
286.1937820094812,320.4194,606.6132,463.5163,0.0667,0.9651,0.7635,1692,56.675000000000004,285.50478156841405,321.0493,606.5496,463.7995,0.0,1.0605,0.7899,1692,56.675000000000004,286.9232342588746,319.9233,606.8466,463.3849,0.075,0.9058,0.7146,1692,56.675000000000004,286.3698580105528,320.5954,606.9342,463.7648,0.0,1.0759,0.8981,1692,56.675000000000004,286.1953591709968,320.4179,606.6132,463.5155,0.075,0.9914,0.7635,1692,56.675000000000004
286.1922841626197,320.4206,606.6128,463.5167,0.0667,0.9613,0.7591,1693,56.72166666666667,285.5034578858972,321.0503,606.5493,463.7998,0.0,1.0655,0.7913,1693,56.72166666666667,286.9242516860249,319.9223,606.8465,463.3844,0.075,0.9056,0.7117,1693,56.72166666666667,286.3709640892997,320.5943,606.9344,463.7643,0.0,1.0761,0.8985,1693,56.72166666666667,286.1937544320889,320.4191,606.6128,463.516,0.075,1.0006,0.7591,1693,56.72166666666667
286.19468934677604,320.419,606.6137,463.5164,0.0667,0.9659,0.7636,1694,56.74166666666667,285.5056792241338,321.049,606.5502,463.7996,0.0,1.0681,0.7902,1694,56.74166666666667,286.9240007847604,319.9228,606.8468,463.3848,0.075,0.9054,0.7122,1694,56.74166666666667,286.37064816548946,320.5948,606.9345,463.7647,0.0,1.0761,0.8975,1694,56.74166666666667,286.196119372,320.4176,606.6137,463.5157,0.075,0.9869,0.7636,1694,56.74166666666667
286.19694174495476,320.4163,606.6133,463.5148,0.0667,0.9662,0.763,1695,56.775000000000006,285.50781048548276,321.0464,606.5497,463.7981,0.0,1.0714,0.7905,1695,56.775000000000006,286.9240821986558,319.9224,606.8465,463.3845,0.075,0.9051,0.7116,1695,56.775000000000006,286.37081763466824,320.5944,606.9343,463.7643,0.0,1.0761,0.8973,1695,56.775000000000006,286.19843557387077,320.4148,606.6133,463.5141,0.075,0.996,0.763,1695,56.775000000000006
286.2839737294919,320.3644,606.6475,463.5059,0.075,0.9005,0.7968,1696,56.82666666666667,285.5533958969912,321.0159,606.5612,463.7886,0.0,1.2199,0.8477,1696,56.82666666666667,286.9342710445908,319.9552,606.8872,463.4212,0.075,0.7837,0.7173,1696,56.82666666666667,286.3633750347253,320.6257,606.9511,463.7884,0.0,1.0822,0.9157,1696,56.82666666666667,286.26483863254066,320.3826,606.6475,463.5151,0.075,1.0262,0.7968,1696,56.82666666666667
286.2821917229466,320.3655,606.6469,463.5062,0.075,0.9041,0.7946,1697,56.858333333333334,285.551609616973,321.017,606.5606,463.7888,0.0,1.2262,0.8373,1697,56.858333333333334,286.93242412245087,319.9575,606.8877,463.4226,0.075,0.7678,0.7149,1697,56.858333333333334,286.361542547168,320.6276,606.9516,463.7896,0.0,1.1057,0.9142,1697,56.858333333333334,286.2631830754524,320.3837,606.6469,463.5153,0.075,1.0474,0.7946,1697,56.858333333333334
286.2768589439088,320.3694,606.6452,463.5073,0.075,0.8827,0.8252,1698,56.87500000000001,285.54557958218453,321.0204,606.5579,463.7892,0.0,1.2211,0.8516,1698,56.87500000000001,286.88100267274604,319.9608,606.8409,463.4008,0.075,0.783,0.8111,1698,56.87500000000001,286.3165503567018,320.6308,606.9107,463.7708,0.0,1.1503,0.9557,1698,56.87500000000001,286.2575724394702,320.3877,606.6452,463.5164,0.075,1.0295,0.8252,1698,56.87500000000001
286.2817232017543,320.3657,606.6464,463.5061,0.075,0.9043,0.815,1699,56.91000000000001,285.55153360286084,321.0172,606.5605,463.7888,0.0,1.1973,0.8918,1699,56.91000000000001,286.9320472563938,319.9574,606.887,463.4222,0.075,0.7633,0.7341,1699,56.91000000000001,286.36143627652496,320.6274,606.9511,463.7892,0.0,1.1026,0.9177,1699,56.91000000000001,286.2624727260852,320.3839,606.6464,463.5151,0.075,1.044,0.815,1699,56.91000000000001
286.2825909898987,320.365,606.6465,463.5057,0.075,0.9004,0.8224,1700,56.94166666666667,285.5524485601412,321.0165,606.5607,463.7886,0.0,1.1773,0.8919,1700,56.94166666666667,286.9317922832329,319.9575,606.8869,463.4222,0.075,0.7631,0.7341,1700,56.94166666666667,286.36119829030736,320.6275,606.951,463.7892,0.0,1.1024,0.9178,1700,56.94166666666667,286.2633194143132,320.3832,606.6465,463.5148,0.075,1.0436,0.8224,1700,56.94166666666667
286.282203416228,320.3654,606.6465,463.5059,0.075,0.8937,0.8132,1701,56.975,285.55201001161004,321.0168,606.5605,463.7887,0.0,1.1946,0.8948,1701,56.975,286.9321990980478,319.9573,606.8871,463.4222,0.075,0.7665,0.7341,1701,56.975,286.3615412796531,320.6273,606.9512,463.7892,0.0,1.1038,0.9176,1701,56.975,286.2628864412036,320.3836,606.6465,463.515,0.075,1.0047,0.8132,1701,56.975
286.2840640557505,320.3645,606.6475,463.506,0.075,0.9078,0.8119,1702,57.025000000000006,285.556927526729,321.0159,606.5645,463.7902,0.0,1.169,0.887,1702,57.025000000000006,286.93142007449444,319.958,606.887,463.4225,0.075,0.7673,0.7366,1702,57.025000000000006,286.3634789652034,320.628,606.9534,463.7907,0.0,1.0768,0.9202,1702,57.025000000000006,286.26472071867454,320.3828,606.6475,463.5151,0.075,1.0262,0.8119,1702,57.025000000000006
286.27813347140267,320.3708,606.6479,463.5093,0.075,0.9102,0.8193,1703,57.04166666666667,285.5530527834977,321.022,606.5666,463.7943,0.0,1.1784,0.8951,1703,57.04166666666667,286.92779277774736,319.9629,606.8883,463.4256,0.075,0.783,0.7269,1703,57.04166666666667,286.3602019830022,320.6329,606.9549,463.7939,0.0,1.0847,0.9399,1703,57.04166666666667,286.2588865020547,320.389,606.6479,463.5184,0.075,1.0766,0.8193,1703,57.04166666666667
286.2773138282149,320.3715,606.6478,463.5097,0.075,0.9296,0.8156,1704,57.075,285.5522837290619,321.0227,606.5665,463.7946,0.0,1.1913,0.8869,1704,57.075,286.9272590775472,319.9629,606.8878,463.4253,0.075,0.783,0.7273,1704,57.075,286.3597349599882,320.6328,606.9544,463.7936,0.0,1.0847,0.9415,1704,57.075,286.2581514338409,320.3898,606.6478,463.5188,0.075,1.074,0.8156,1704,57.075
286.27684453158986,320.3715,606.6472,463.5094,0.075,0.9288,0.8109,1705,57.11000000000001,285.5518876996733,321.0226,606.566,463.7943,0.0,1.1895,0.8836,1705,57.11000000000001,286.92830072899756,319.9621,606.888,463.4251,0.075,0.7831,0.7268,1705,57.11000000000001,286.3606962612167,320.6321,606.9546,463.7934,0.0,1.0851,0.9423,1705,57.11000000000001,286.25756970658836,320.3897,606.6472,463.5185,0.075,1.0764,0.8109,1705,57.11000000000001
286.1609633061322,320.4647,606.6235,463.5441,0.1,0.795,0.7461,1706,57.14666666666667,285.71303912125336,320.9225,606.6254,463.7739,0.0083,1.117,0.7947,1706,57.14666666666667,286.9615405603587,320.0037,606.9575,463.4806,0.0833,0.6383,0.7576,1706,57.14666666666667,286.40625941064,320.4973,606.879,463.6882,0.0,1.1642,0.8907,1706,57.14666666666667,286.14608449395797,320.4774,606.6235,463.5504,0.1,0.8886,0.7461,1706,57.14666666666667
286.1361031262421,320.4926,606.6266,463.5596,0.1,0.9164,0.7206,1707,57.175000000000004,285.71466904880475,320.9235,606.6279,463.7757,0.0083,1.1185,0.779,1707,57.175000000000004,286.96394786310293,320.0031,606.9593,463.4812,0.0833,0.6536,0.7697,1707,57.175000000000004,286.40762164946943,320.4976,606.8805,463.6891,0.0,1.1919,0.8972,1707,57.175000000000004,286.1488686122702,320.4777,606.6266,463.5521,0.1,0.8647,0.7206,1707,57.175000000000004
286.13697176225133,320.4919,606.6267,463.5593,0.1,0.9345,0.7377,1708,57.208333333333336,285.71561993944545,320.9228,606.6281,463.7755,0.0083,1.1015,0.8047,1708,57.208333333333336,286.9616684614613,320.0038,606.9576,463.4807,0.0833,0.6632,0.7764,1708,57.208333333333336,286.40538835778386,320.4983,606.8788,463.6885,0.0,1.1919,0.8952,1708,57.208333333333336,286.14931587306836,320.4774,606.6267,463.552,0.1,0.8874,0.7377,1708,57.208333333333336
286.16663892010746,320.4622,606.6267,463.5444,0.1,0.8083,0.7311,1709,57.24166666666667,285.7182192804413,320.9198,606.6278,463.7738,0.0083,1.0461,0.7789,1709,57.24166666666667,286.9624757159951,320.0032,606.9579,463.4805,0.0833,0.6643,0.7744,1709,57.24166666666667,286.4062536891321,320.4976,606.8791,463.6884,0.0,1.1966,0.8962,1709,57.24166666666667,286.1376632610007,320.4911,606.6267,463.5589,0.1083,0.9161,0.7311,1709,57.24166666666667
286.1775509205582,320.4506,606.6261,463.5383,0.1083,0.6559,0.7315,1710,57.275000000000006,285.71431264348735,320.9232,606.6273,463.7753,0.0083,1.0113,0.7788,1710,57.275000000000006,286.96063028606324,320.0037,606.9566,463.4802,0.0833,0.6629,0.7923,1710,57.275000000000006,286.40505022969415,320.4976,606.8779,463.6878,0.0,1.1924,0.8952,1710,57.275000000000006,286.21458655163235,320.445,606.655,463.55,0.1083,0.7008,0.7359,1710,57.275000000000006
286.096118838297,320.4833,606.5791,463.5312,0.0833,0.9433,0.7481,1711,57.30833333333334,285.86058425337,320.9274,606.7627,463.8451,0.0167,0.994,0.7608,1711,57.30833333333334,286.85545951716927,320.0068,606.8623,463.4346,0.0667,0.6835,0.8295,1711,57.30833333333334,286.323046597722,320.5002,606.8067,463.6534,0.0083,1.1399,0.8348,1711,57.30833333333334,286.1656257493043,320.484,606.6496,463.5668,0.0917,0.9736,0.7295,1711,57.30833333333334
286.09555698734005,320.4846,606.5797,463.5322,0.0833,0.9393,0.7476,1712,57.34166666666667,285.860340758781,320.9286,606.7636,463.8461,0.0167,1.0132,0.7605,1712,57.34166666666667,286.8550291201416,320.0066,606.8617,463.4342,0.0667,0.6855,0.8292,1712,57.34166666666667,286.32252469774147,320.5001,606.8061,463.6531,0.0083,1.1394,0.8332,1712,57.34166666666667,286.1646333006162,320.4855,606.6501,463.5678,0.0917,0.9769,0.7295,1712,57.34166666666667
286.16352013804453,320.4825,606.6456,463.5641,0.0667,0.9408,0.7422,1713,57.37500000000001,285.86190901382224,320.9265,606.7633,463.8449,0.0167,1.0124,0.7613,1713,57.37500000000001,286.856055275872,320.0055,606.8616,463.4336,0.0667,0.6848,0.8276,1713,57.37500000000001,286.32351028109747,320.499,606.806,463.6525,0.0083,1.1396,0.8324,1713,57.37500000000001,286.1663834410929,320.4834,606.6498,463.5666,0.0917,0.9793,0.7271,1713,57.37500000000001
286.0956725747237,320.4845,606.5797,463.5321,0.0833,0.9387,0.7483,1714,57.41000000000001,285.8605587320757,320.9283,606.7636,463.8459,0.0167,1.0145,0.7609,1714,57.41000000000001,286.8558214926016,320.0061,606.862,463.4341,0.0667,0.6852,0.8282,1714,57.41000000000001,286.3232661894375,320.4996,606.8064,463.653,0.0083,1.1393,0.8323,1714,57.41000000000001,286.16506011879505,320.485,606.6501,463.5675,0.0917,0.9784,0.7297,1714,57.41000000000001
286.1096407889763,320.4699,606.5796,463.5247,0.0917,0.7865,0.7487,1715,57.44166666666667,285.8608190054718,320.928,606.7636,463.8458,0.0167,0.9956,0.7612,1715,57.44166666666667,286.8559566174715,320.0063,606.8623,463.4343,0.0667,0.6855,0.8269,1715,57.44166666666667,286.3233302100193,320.4998,606.8067,463.6533,0.0083,1.1395,0.8308,1715,57.44166666666667,286.1651132620027,320.4851,606.6502,463.5676,0.0917,0.9722,0.7279,1715,57.44166666666667
286.20617905557845,320.4251,606.6313,463.5282,0.0917,0.7917,0.7798,1716,57.47833333333334,285.6050001540695,321.0682,606.6682,463.8682,0.0,1.1191,0.8785,1716,57.47833333333334,286.9513362927855,320.0168,606.9606,463.4887,0.075,0.7833,0.8395,1716,57.47833333333334,286.2868558162098,320.6808,606.9393,463.81,0.0,1.1975,0.8843,1716,57.47833333333334,286.2060088910159,320.4263,606.6313,463.5288,0.1,0.9102,0.7798,1716,57.47833333333334
286.2068008865307,320.4244,606.6312,463.5278,0.0917,0.7931,0.7742,1717,57.525000000000006,285.60560446792715,321.0677,606.6683,463.868,0.0,1.126,0.8865,1717,57.525000000000006,286.9069551074679,320.0175,606.9168,463.4671,0.0667,0.7822,0.8539,1717,57.525000000000006,286.2874780425316,320.6816,606.9408,463.8112,0.0,1.2068,0.9059,1717,57.525000000000006,286.20648303985786,320.4258,606.6312,463.5285,0.1,0.9146,0.7742,1717,57.525000000000006
286.2066969309759,320.4237,606.6304,463.5271,0.0917,0.8201,0.7795,1718,57.54333333333334,285.6053834600811,321.0671,606.6675,463.8673,0.0,1.1263,0.8863,1718,57.54333333333334,286.91178912319356,320.013,606.9168,463.4649,0.0667,0.8427,0.848,1718,57.54333333333334,286.2915732953823,320.6778,606.9408,463.8093,0.0,1.1498,0.9061,1718,57.54333333333334,286.2062355273993,320.4252,606.6304,463.5278,0.1,0.9115,0.7795,1718,57.54333333333334
286.20322401003733,320.4282,606.6315,463.5298,0.0917,0.7826,0.7868,1719,57.575,285.60160661885175,321.0709,606.6675,463.8692,0.0,1.1098,0.8902,1719,57.575,286.9560702856888,320.0136,606.9617,463.4877,0.075,0.7848,0.8501,1719,57.575,286.290733303435,320.6783,606.9403,463.8093,0.0,1.2069,0.9061,1719,57.575,286.2037318367173,320.4287,606.6315,463.5301,0.1,0.8991,0.7868,1719,57.575
286.2073140253866,320.423,606.6303,463.5267,0.0917,0.8098,0.7858,1720,57.608333333333334,285.606359512027,321.0664,606.6678,463.8671,0.0,1.1072,0.8932,1720,57.608333333333334,286.91022892694116,320.0144,606.9165,463.4654,0.0667,0.8002,0.8513,1720,57.608333333333334,286.2897715792728,320.6792,606.9405,463.8099,0.0,1.1558,0.9048,1720,57.608333333333334,286.20757110273337,320.4237,606.6303,463.527,0.1,0.9155,0.7858,1720,57.608333333333334
286.2062085549375,320.4242,606.6304,463.5273,0.0917,0.7842,0.7853,1721,57.64333333333334,285.60521658022094,321.0674,606.6676,463.8675,0.0,1.106,0.8929,1721,57.64333333333334,286.90967872692806,320.015,606.9166,463.4658,0.0667,0.7605,0.8515,1721,57.64333333333334,286.2893550819168,320.6797,606.9407,463.8102,0.0,1.1934,0.9083,1721,57.64333333333334,286.20648340276375,320.4248,606.6304,463.5276,0.1,0.9052,0.7853,1721,57.64333333333334
286.2062509863075,320.4239,606.6302,463.5271,0.0917,0.8127,0.7883,1722,57.675000000000004,285.6054413712277,321.0672,606.6676,463.8674,0.0,1.1106,0.891,1722,57.675000000000004,286.9093746726953,320.0152,606.9166,463.4659,0.0667,0.752,0.8528,1722,57.675000000000004,286.28936360090665,320.6799,606.9407,463.8103,0.0,1.1916,0.9043,1722,57.675000000000004,286.20604602951806,320.4251,606.6302,463.5276,0.1,0.9177,0.7883,1722,57.675000000000004
286.2045248722079,320.4261,606.6307,463.5284,0.0917,0.7848,0.7716,1723,57.71,285.6034166341608,321.0693,606.6676,463.8684,0.0,1.1099,0.8908,1723,57.71,286.91017995827417,320.0148,606.917,463.4659,0.0667,0.7524,0.8539,1723,57.71,286.29004438433617,320.6796,606.941,463.8103,0.0,1.1969,0.9058,1723,57.71,286.2045778253614,320.427,606.6307,463.5288,0.1,0.9021,0.7716,1723,57.71
286.206552425111,320.4228,606.6293,463.526,0.0917,0.8134,0.7929,1724,57.745000000000005,285.605142993723,321.0661,606.6662,463.8662,0.0,1.1079,0.8744,1724,57.745000000000005,286.9549149402238,320.0156,606.9625,463.489,0.075,0.7703,0.8441,1724,57.745000000000005,286.2894599405698,320.6803,606.9411,463.8107,0.0,1.196,0.8965,1724,57.745000000000005,286.2068085720517,320.4235,606.6293,463.5264,0.1,0.9163,0.7929,1724,57.745000000000005
286.20708550457186,320.4229,606.6299,463.5264,0.0917,0.7746,0.798,1725,57.775000000000006,285.6055691564045,321.0662,606.6668,463.8665,0.0,1.1328,0.8733,1725,57.775000000000006,286.95666865291355,320.0144,606.9629,463.4887,0.075,0.7551,0.8437,1725,57.775000000000006,286.2908316523775,320.6793,606.9415,463.8104,0.0,1.2045,0.8966,1725,57.775000000000006,286.2072017870596,320.4235,606.6299,463.5267,0.1,0.9073,0.798,1725,57.775000000000006
286.1493943981885,320.4527,606.6021,463.5274,0.0583,0.8233,0.8517,1726,57.815000000000005,285.7568679993211,321.0724,606.8058,463.9391,0.0083,1.0645,0.857,1726,57.815000000000005,286.73130953491534,320.0486,606.78,463.4143,0.0583,0.9633,0.7968,1726,57.815000000000005,286.3085403650813,320.6998,606.9766,463.8382,0.0083,1.0452,0.8591,1726,57.815000000000005,286.17979707179643,320.4365,606.6158,463.5261,0.0833,0.8206,0.7931,1726,57.815000000000005
286.1466219672179,320.4543,606.6009,463.5276,0.0583,0.8349,0.8499,1727,57.848333333333336,285.7542669735237,321.0739,606.8046,463.9392,0.0083,1.0457,0.8511,1727,57.848333333333336,286.72751655229536,320.0515,606.779,463.4152,0.0583,0.9612,0.7971,1727,57.848333333333336,286.3049116426806,320.7026,606.9755,463.8391,0.0083,1.0435,0.8585,1727,57.848333333333336,286.1780904309468,320.4373,606.6147,463.526,0.0833,0.8371,0.7926,1727,57.848333333333336
286.14259339496095,320.4535,606.5961,463.5248,0.0583,0.8619,0.9093,1728,57.87500000000001,285.74957871859715,321.0725,606.7993,463.9359,0.0083,1.0668,0.8587,1728,57.87500000000001,286.7253378855105,320.0501,606.7754,463.4127,0.0583,0.9817,0.811,1728,57.87500000000001,286.30287800711426,320.7007,606.9719,463.8363,0.0083,1.065,0.8618,1728,57.87500000000001,286.1729871366386,320.4364,606.6094,463.5229,0.0833,0.8575,0.8106,1728,57.87500000000001
286.140338131833,320.4556,606.596,463.5258,0.0583,0.8694,0.91,1729,57.91000000000001,285.7475876680335,321.0746,606.7992,463.9369,0.0083,1.0709,0.8578,1729,57.91000000000001,286.72533808259675,320.0504,606.7758,463.4131,0.0583,0.983,0.8111,1729,57.91000000000001,286.30296089033925,320.7012,606.9722,463.8367,0.0083,1.065,0.8618,1729,57.91000000000001,286.17997574719806,320.4386,606.6186,463.5286,0.075,0.8622,0.8273,1729,57.91000000000001
286.14075678887457,320.4544,606.5952,463.5248,0.0583,0.874,0.9142,1730,57.95,285.74791600501044,321.0735,606.7985,463.936,0.0083,1.0695,0.8589,1730,57.95,286.7233229562239,320.0517,606.775,463.4133,0.0583,0.9657,0.7862,1730,57.95,286.3010321151162,320.7024,606.9715,463.837,0.0083,1.0658,0.8604,1730,57.95,286.1805400929992,320.4374,606.6179,463.5277,0.075,0.8551,0.838,1730,57.95
286.1453458522277,320.4526,606.598,463.5253,0.0583,0.8956,0.8914,1731,57.975,285.75220386109226,321.0719,606.8011,463.9365,0.0083,1.0499,0.8592,1731,57.975,286.7241729566447,320.0517,606.7759,463.4138,0.0583,0.9638,0.776,1731,57.975,286.3018629915171,320.7025,606.9724,463.8375,0.0083,1.0699,0.8626,1731,57.975,286.1854047984406,320.4353,606.6207,463.528,0.075,0.8864,0.8306,1731,57.975
286.13753456397444,320.4592,606.5968,463.528,0.0583,0.9478,0.9071,1732,58.025000000000006,285.74476417401377,321.0779,606.8001,463.939,0.0083,1.0605,0.8585,1732,58.025000000000006,286.7209431568273,320.0549,606.7759,463.4154,0.0583,0.9797,0.7849,1732,58.025000000000006,286.2986780230061,320.7051,606.9724,463.8387,0.0083,1.0638,0.8624,1732,58.025000000000006,286.168169052551,320.442,606.6102,463.5261,0.0833,0.8687,0.8082,1732,58.025000000000006
286.13787727158206,320.4592,606.597,463.5281,0.0583,0.9659,0.8965,1733,58.05166666666667,285.7451630349476,321.0779,606.8003,463.9391,0.0083,1.0629,0.8584,1733,58.05166666666667,286.7215754859798,320.0547,606.7763,463.4155,0.0583,0.9798,0.7845,1733,58.05166666666667,286.29932191272894,320.7049,606.9728,463.8388,0.0083,1.0637,0.863,1733,58.05166666666667,286.17792928615006,320.4419,606.6198,463.5308,0.075,0.921,0.8268,1733,58.05166666666667
286.1371182863501,320.4592,606.5963,463.5278,0.0583,0.9552,0.9072,1734,58.075,285.7444777973798,321.0779,606.7997,463.9388,0.0083,1.0724,0.8554,1734,58.075,286.72137462751994,320.0547,606.7761,463.4154,0.0583,0.9793,0.7846,1734,58.075,286.2991025481075,320.7048,606.9726,463.8387,0.0083,1.0644,0.8629,1734,58.075,286.1676712501685,320.4421,606.6098,463.5259,0.0833,0.8822,0.8063,1734,58.075
286.13875574765905,320.4577,606.5964,463.527,0.0583,0.9656,0.9075,1735,58.11000000000001,285.7460957542864,321.0765,606.7998,463.9382,0.0083,1.0686,0.8587,1735,58.11000000000001,286.72211497665126,320.0536,606.7757,463.4146,0.0583,0.9793,0.8103,1735,58.11000000000001,286.2997572684959,320.7038,606.9722,463.838,0.0083,1.0655,0.863,1735,58.11000000000001,286.16920733752283,320.4406,606.6098,463.5252,0.0833,0.9208,0.808,1735,58.11000000000001
286.27528741959276,320.4062,606.6798,463.543,0.0833,0.7979,0.8028,1736,58.15833333333334,285.5995191668083,321.0298,606.6239,463.8269,0.0,1.0959,0.8518,1736,58.15833333333334,286.84016546033456,320.0101,606.8477,463.4289,0.0833,0.8609,0.8649,1736,58.15833333333334,286.3195959135546,320.6905,606.9766,463.8335,0.0083,1.179,0.9333,1736,58.15833333333334,286.21705607748896,320.4029,606.62,463.5114,0.0667,0.7904,0.8357,1736,58.15833333333334
286.27486050803515,320.4073,606.6805,463.5439,0.0833,0.8014,0.7934,1737,58.19166666666667,285.59911064996425,321.0309,606.6248,463.8278,0.0,1.0979,0.853,1737,58.19166666666667,286.8394950482477,320.0113,606.8482,463.4297,0.0833,0.8602,0.8649,1737,58.19166666666667,286.31897645856895,320.6916,606.9771,463.8343,0.0083,1.1887,0.934,1737,58.19166666666667,286.2165958428483,320.4042,606.6207,463.5125,0.0667,0.791,0.8458,1737,58.19166666666667
286.2741331965529,320.4081,606.6805,463.5443,0.0833,0.7977,0.7943,1738,58.21,285.59834789448547,321.0316,606.6247,463.8281,0.0,1.0987,0.8524,1738,58.21,286.8402616602651,320.011,606.8488,463.4299,0.0833,0.8633,0.8661,1738,58.21,286.3197024367531,320.6913,606.9777,463.8345,0.0083,1.179,0.9351,1738,58.21,286.2687507815609,320.4047,606.6722,463.5384,0.1,0.7895,0.8019,1738,58.21
286.2874918647115,320.3941,606.6799,463.537,0.1,0.7153,0.7934,1739,58.25333333333334,285.57971338538334,321.0523,606.6258,463.839,0.0083,1.1674,0.8413,1739,58.25333333333334,286.83891124829915,320.013,606.8494,463.4312,0.0833,0.8539,0.8611,1739,58.25333333333334,286.31817683468336,320.6935,606.9781,463.8358,0.0083,1.1555,0.9491,1739,58.25333333333334,286.2755049133576,320.4056,606.6799,463.5428,0.0917,0.7957,0.7934,1739,58.25333333333334
286.2723906782684,320.4125,606.6834,463.548,0.0833,0.8135,0.7793,1740,58.275000000000006,285.5982539262386,321.0357,606.6287,463.8322,0.0,1.19,0.805,1740,58.275000000000006,286.8075904793375,320.0075,606.8151,463.4113,0.075,0.8531,0.7819,1740,58.275000000000006,286.3245744060896,320.689,606.9797,463.8343,0.0083,1.0967,0.9262,1740,58.275000000000006,286.2751831460053,320.4097,606.6834,463.5465,0.0917,0.8263,0.7793,1740,58.275000000000006
286.27253204059247,320.4125,606.6836,463.548,0.0833,0.8265,0.7757,1741,58.30833333333334,285.598217915581,321.0357,606.6287,463.8322,0.0,1.1971,0.8035,1741,58.30833333333334,286.80804883776074,320.0076,606.8157,463.4117,0.075,0.8534,0.7814,1741,58.30833333333334,286.3250010081425,320.6891,606.9802,463.8347,0.0083,1.0975,0.9267,1741,58.30833333333334,286.2753769013,320.4097,606.6836,463.5466,0.0917,0.8456,0.7757,1741,58.30833333333334
286.2715443533597,320.4134,606.6835,463.5484,0.0833,0.8117,0.7801,1742,58.34166666666667,285.5972813596395,321.0365,606.6286,463.8326,0.0,1.1855,0.8034,1742,58.34166666666667,286.80762928344086,320.0079,606.8155,463.4117,0.075,0.8535,0.7813,1742,58.34166666666667,286.3246093961164,320.6894,606.9801,463.8348,0.0083,1.0973,0.9273,1742,58.34166666666667,286.27446208410544,320.4105,606.6835,463.547,0.0917,0.8379,0.7801,1742,58.34166666666667
286.27134220696774,320.4137,606.6836,463.5487,0.0833,0.8252,0.78,1743,58.37500000000001,285.5970525646019,321.0368,606.6287,463.8328,0.0,1.194,0.8034,1743,58.37500000000001,286.80762928344086,320.0079,606.8155,463.4117,0.075,0.8535,0.7813,1743,58.37500000000001,286.3246093961164,320.6894,606.9801,463.8348,0.0083,1.0973,0.9273,1743,58.37500000000001,286.27422587879266,320.4108,606.6836,463.5472,0.0917,0.84,0.78,1743,58.37500000000001
286.272136509847,320.4128,606.6834,463.5481,0.0833,0.8215,0.7767,1744,58.40833333333334,285.59809393560556,321.0359,606.6288,463.8324,0.0,1.1885,0.8034,1744,58.40833333333334,286.80794535526144,320.0081,606.8161,463.4121,0.075,0.8538,0.781,1744,58.40833333333334,286.3248955835283,320.6896,606.9806,463.8351,0.0083,1.0973,0.9273,1744,58.40833333333334,286.2749725335194,320.41,606.6834,463.5467,0.0917,0.8263,0.7767,1744,58.40833333333334
286.2721192870577,320.4129,606.6835,463.5482,0.0833,0.8135,0.7794,1745,58.44166666666667,285.59806137767794,321.036,606.6289,463.8325,0.0,1.1866,0.8034,1745,58.44166666666667,286.80794535526144,320.0081,606.8161,463.4121,0.075,0.8538,0.781,1745,58.44166666666667,286.3248955835283,320.6896,606.9806,463.8351,0.0083,1.0973,0.9273,1745,58.44166666666667,286.27505595246134,320.4099,606.6835,463.5467,0.0917,0.8179,0.7794,1745,58.44166666666667
286.1502801850923,320.4441,606.5944,463.5193,0.075,0.9604,0.8053,1746,58.47833333333334,285.5348529203285,321.3235,606.8065,464.065,0.0083,1.3448,0.8297,1746,58.47833333333334,286.71613620290293,320.0246,606.7407,463.3827,0.1,0.9229,0.7028,1746,58.47833333333334,286.1687758915946,320.9206,607.0266,463.9736,0.0083,1.3023,0.9078,1746,58.47833333333334,286.1525513407131,320.4436,606.5938,463.5187,0.1,0.9697,0.7813,1746,58.47833333333334
286.15234823334623,320.4398,606.5922,463.516,0.075,0.9678,0.8058,1747,58.525000000000006,285.53537485392735,321.3197,606.8032,464.0614,0.0083,1.3271,0.8571,1747,58.525000000000006,286.71606869899813,320.0245,606.7406,463.3825,0.1,0.9321,0.7106,1747,58.525000000000006,286.16868996947676,320.9206,607.0265,463.9735,0.0083,1.2627,0.9077,1747,58.525000000000006,286.1547591739244,320.4393,606.5917,463.5155,0.1,0.983,0.773,1747,58.525000000000006
286.0962573005885,320.496,606.5923,463.5442,0.0667,0.9382,0.8015,1748,58.54333333333334,285.5380216948569,321.3173,606.8033,464.0603,0.0083,1.3302,0.8291,1748,58.54333333333334,286.71896213917705,320.0219,606.7408,463.3814,0.1,0.9159,0.6904,1748,58.54333333333334,286.17066703059606,320.9189,607.0265,463.9727,0.0083,1.2619,0.9073,1748,58.54333333333334,286.15976206528603,320.4347,606.592,463.5133,0.1,0.9876,0.7849,1748,58.54333333333334
286.09957578498677,320.4939,606.5935,463.5437,0.0667,0.9446,0.7927,1749,58.575,285.54062593149,321.3154,606.8036,464.0595,0.0083,1.3229,0.8428,1749,58.575,286.7210026170643,320.0196,606.7406,463.3801,0.1,0.9177,0.7117,1749,58.575,286.1724207667496,320.9164,607.0258,463.9711,0.0083,1.2623,0.9077,1749,58.575,286.16195763325095,320.4337,606.5929,463.5133,0.1,0.9999,0.7713,1749,58.575
286.10032122792995,320.4932,606.5935,463.5434,0.0667,0.9436,0.7923,1750,58.61000000000001,285.54132990821756,321.3145,606.8036,464.0591,0.0083,1.3398,0.8427,1750,58.61000000000001,286.7223932651346,320.0182,606.7406,463.3794,0.1,0.9166,0.7118,1750,58.61000000000001,286.1736891432197,320.9153,607.0258,463.9706,0.0083,1.2619,0.9077,1750,58.61000000000001,286.1621069037864,320.4335,606.5929,463.5132,0.1,0.9994,0.7704,1750,58.61000000000001
286.09887724738167,320.4943,606.5932,463.5437,0.0667,0.9406,0.7929,1751,58.64166666666667,285.54002946982166,321.3154,606.8033,464.0593,0.0083,1.3356,0.8429,1751,58.64166666666667,286.721896880184,320.0189,606.7408,463.3799,0.1,0.9158,0.7106,1751,58.64166666666667,286.17330349112734,320.9159,607.026,463.971,0.0083,1.2617,0.9077,1751,58.64166666666667,286.16106058579516,320.4342,606.5927,463.5134,0.1,0.9972,0.7747,1751,58.64166666666667
286.1875628588525,320.4364,606.6239,463.5302,0.0667,0.9756,0.8661,1752,58.675000000000004,285.5403805456798,321.3168,606.8051,464.0609,0.0083,1.3385,0.8302,1752,58.675000000000004,286.7189002911606,320.0218,606.7407,463.3813,0.1,0.9161,0.7001,1752,58.675000000000004,286.1711768156014,320.9185,607.0262,463.9724,0.0083,1.2688,0.9077,1752,58.675000000000004,286.15931616164914,320.4367,606.5936,463.5152,0.1,0.9832,0.7848,1752,58.675000000000004
286.1885998242555,320.4366,606.6252,463.5309,0.0667,0.9535,0.8815,1753,58.708333333333336,285.5409397824877,321.3173,606.806,464.0616,0.0083,1.3582,0.8268,1753,58.708333333333336,286.72071114061094,320.0206,606.7413,463.3809,0.1,0.9086,0.7031,1753,58.708333333333336,286.172257312066,320.9173,607.0262,463.9717,0.0083,1.3609,0.9132,1753,58.708333333333336,286.16123180835064,320.4363,606.595,463.5157,0.1,0.9786,0.7972,1753,58.708333333333336
286.18736200119895,320.4386,606.626,463.5323,0.0667,0.9392,0.8905,1754,58.74166666666667,285.5398717917378,321.3193,606.8068,464.063,0.0083,1.3493,0.8284,1754,58.74166666666667,286.7175804476293,320.0243,606.7419,463.3831,0.1,0.9135,0.6986,1754,58.74166666666667,286.169454242683,320.9208,607.0268,463.9738,0.0083,1.3596,0.9149,1754,58.74166666666667,286.1600404031973,320.4385,606.5959,463.5172,0.1,0.959,0.7966,1754,58.74166666666667
286.1873183772448,320.4382,606.6256,463.5319,0.0667,0.9479,0.8904,1755,58.775000000000006,285.5399128759661,321.3187,606.8063,464.0625,0.0083,1.356,0.8268,1755,58.775000000000006,286.7183916736345,320.0236,606.742,463.3828,0.1,0.9129,0.7029,1755,58.775000000000006,286.17016817198805,320.9201,607.0269,463.9735,0.0083,1.3592,0.9148,1755,58.775000000000006,286.1599090442429,320.4381,606.5953,463.5167,0.1,0.9636,0.798,1755,58.775000000000006
286.217252471357,320.4061,606.6233,463.5147,0.0667,0.8704,0.7874,1756,58.81333333333334,285.6844935239719,321.036,606.7051,463.8706,0.0083,1.1624,0.8486,1756,58.81333333333334,286.8929974514503,320.0275,606.915,463.4712,0.0917,0.9074,0.8706,1756,58.81333333333334,286.2010000707037,320.6754,606.8529,463.7642,0.0,1.1163,0.9254,1756,58.81333333333334,286.2244519988117,320.4022,606.6235,463.5128,0.0917,0.8819,0.7821,1756,58.81333333333334
286.26991539768375,320.3556,606.6255,463.4905,0.0833,0.6976,0.7805,1757,58.84166666666667,285.69034750869787,321.0311,606.7061,463.8686,0.0083,1.1736,0.8503,1757,58.84166666666667,286.8792794487804,319.9782,606.8534,463.4158,0.0917,0.7688,0.8735,1757,58.84166666666667,286.19449868483116,320.6798,606.8516,463.7657,0.0,1.086,0.9199,1757,58.84166666666667,286.23206327804,320.3961,606.6249,463.5105,0.0917,0.8997,0.7811,1757,58.84166666666667
286.2380178644254,320.3873,606.6253,463.5063,0.075,0.8223,0.769,1758,58.87500000000001,285.6894214003755,321.0317,606.7059,463.8688,0.0083,1.1631,0.8411,1758,58.87500000000001,286.94126016008613,319.9801,606.9133,463.4467,0.1,0.6987,0.8715,1758,58.87500000000001,286.1924962342175,320.6816,606.8514,463.7665,0.0,1.0867,0.9143,1758,58.87500000000001,286.2037819457631,320.3968,606.5975,463.4972,0.1,0.8997,0.7214,1758,58.87500000000001
286.2367206258874,320.3884,606.6252,463.5068,0.075,0.8656,0.7903,1759,58.91000000000001,285.68833210241235,321.0326,606.7055,463.8691,0.0083,1.1715,0.8488,1759,58.91000000000001,286.9415750065807,319.9796,606.9132,463.4464,0.1,0.7676,0.8713,1759,58.91000000000001,286.192703407604,320.6813,606.8512,463.7662,0.0,1.089,0.9142,1759,58.91000000000001,286.23013347002006,320.3979,606.6248,463.5113,0.0917,0.8907,0.7792,1759,58.91000000000001
286.2370198887353,320.3871,606.6241,463.5056,0.075,0.8528,0.7876,1760,58.94166666666667,285.68883528472077,321.0311,606.7045,463.8678,0.0083,1.1665,0.8488,1760,58.94166666666667,286.8766611950813,320.0266,606.8986,463.4626,0.075,0.9215,0.8992,1760,58.94166666666667,286.1957079577312,320.6783,606.8508,463.7645,0.0,1.1024,0.9288,1760,58.94166666666667,286.230354427223,320.3966,606.6236,463.5101,0.0917,0.8906,0.8033,1760,58.94166666666667
286.2374709574343,320.3873,606.6248,463.5061,0.075,0.8704,0.7906,1761,58.975,285.68913882865553,321.0316,606.7052,463.8684,0.0083,1.1747,0.8369,1761,58.975,286.88515886640715,320.033,606.9132,463.4731,0.0917,0.9411,0.8743,1761,58.975,286.19467635061955,320.6795,606.8512,463.7653,0.0,1.0909,0.9205,1761,58.975,286.2030261727978,320.3969,606.5967,463.4968,0.1,0.8902,0.719,1761,58.975
286.2425629387526,320.3851,606.6277,463.5064,0.075,0.8352,0.7849,1762,59.025000000000006,285.6938237865729,321.0297,606.708,463.8688,0.0083,1.1652,0.8493,1762,59.025000000000006,286.8853061188306,320.0341,606.9145,463.4743,0.0917,0.9416,0.8735,1762,59.025000000000006,286.1948104541836,320.6805,606.8524,463.7664,0.0,1.0906,0.9149,1762,59.025000000000006,286.25274294372065,320.3801,606.6271,463.5036,0.1,0.8666,0.7895,1762,59.025000000000006
286.24291020786154,320.3848,606.6278,463.5063,0.075,0.8459,0.7848,1763,59.04166666666667,285.6942108301987,321.0293,606.7081,463.8687,0.0083,1.1562,0.8447,1763,59.04166666666667,286.88617412715166,320.0332,606.9144,463.4738,0.0917,0.9444,0.8725,1763,59.04166666666667,286.19564356241597,320.6797,606.8524,463.766,0.0,1.0922,0.9141,1763,59.04166666666667,286.2530463261544,320.3798,606.6271,463.5035,0.1,0.8722,0.7895,1763,59.04166666666667
286.2409257649887,320.3861,606.627,463.5066,0.075,0.8378,0.7762,1764,59.075,285.6923422339901,321.0305,606.7075,463.869,0.0083,1.1561,0.8404,1764,59.075,286.942176706203,319.9799,606.914,463.447,0.1,0.699,0.8711,1764,59.075,286.19233018203687,320.6824,606.8521,463.7672,0.0,1.0814,0.9137,1764,59.075,286.22099651172925,320.3811,606.5989,463.49,0.1083,0.8644,0.7284,1764,59.075
286.24291575628513,320.385,606.6279,463.5064,0.075,0.8485,0.7768,1765,59.108333333333334,285.6942246941732,321.0293,606.7083,463.8688,0.0083,1.1634,0.8401,1765,59.108333333333334,286.94370900267427,319.9789,606.9146,463.4467,0.1,0.7581,0.8709,1765,59.108333333333334,286.19373114074176,320.6815,606.8526,463.7671,0.0,1.083,0.9134,1765,59.108333333333334,286.2530479120289,320.38,606.6274,463.5037,0.1,0.8773,0.7773,1765,59.108333333333334
286.3131655417077,320.409,606.7175,463.5632,0.075,0.9154,0.8223,1766,59.14666666666667,285.3915378932487,321.0572,606.4486,463.7529,0.0,1.0986,0.9938,1766,59.14666666666667,286.9869406421303,319.9416,606.9222,463.4319,0.075,0.8053,0.7438,1766,59.14666666666667,286.2239722966948,320.6407,606.8439,463.7423,0.0,1.245,0.8577,1766,59.14666666666667,286.2354249377321,320.4117,606.6465,463.5291,0.0833,1.0325,0.8456,1766,59.14666666666667
286.3116273163318,320.4087,606.7158,463.5622,0.075,0.9102,0.8229,1767,59.178333333333335,285.3901184256604,321.057,606.447,463.752,0.0,1.1177,0.9832,1767,59.178333333333335,286.9876798709838,319.9414,606.9228,463.4321,0.075,0.8054,0.7446,1767,59.178333333333335,286.224669108379,320.6404,606.8444,463.7424,0.0,1.2446,0.8596,1767,59.178333333333335,286.23387543670907,320.4117,606.6447,463.5282,0.0833,1.0118,0.846,1767,59.178333333333335
286.3151815551495,320.4066,606.717,463.5618,0.075,0.9141,0.8109,1768,59.21,285.39396130938746,321.055,606.4489,463.752,0.0,1.0873,0.9993,1768,59.21,286.99071810876416,319.9386,606.9231,463.4308,0.075,0.7998,0.7434,1768,59.21,286.2274104773859,320.6383,606.8448,463.7415,0.0,1.2427,0.8565,1768,59.21,286.23699491552895,320.4091,606.6456,463.5274,0.0833,1.0067,0.8314,1768,59.21
286.31373365589286,320.4071,606.716,463.5616,0.075,0.8706,0.8184,1769,59.24166666666667,285.39145311812786,321.0553,606.4466,463.751,0.0,1.0253,0.9879,1769,59.24166666666667,286.95363902476686,319.9358,606.8844,463.4101,0.075,0.7242,0.7866,1769,59.24166666666667,286.19100602376864,320.6369,606.809,463.723,0.0,1.1637,0.8967,1769,59.24166666666667,286.2353147748596,320.4093,606.6445,463.5269,0.0833,0.9821,0.8245,1769,59.24166666666667
286.31561741507994,320.4058,606.7164,463.5611,0.075,0.8647,0.8173,1770,59.28166666666667,285.39291876369646,321.0542,606.447,463.7506,0.0,1.027,0.9834,1770,59.28166666666667,286.95400559010926,319.9363,606.8853,463.4108,0.075,0.7232,0.7867,1770,59.28166666666667,286.1913764255346,320.6373,606.8098,463.7235,0.0,1.1684,0.8971,1770,59.28166666666667,286.2372948147342,320.4074,606.6446,463.526,0.0833,0.9629,0.8362,1770,59.28166666666667
286.31521934519543,320.4062,606.7167,463.5615,0.075,0.8761,0.817,1771,59.31,285.39223942536256,321.0551,606.4473,463.7512,0.0,1.0182,0.983,1771,59.31,286.9545011496548,319.9358,606.8853,463.4105,0.075,0.7232,0.7867,1771,59.31,286.19183218019066,320.6368,606.8098,463.7233,0.0,1.1758,0.8971,1771,59.31,286.2362416573192,320.4092,606.6449,463.527,0.0833,0.9468,0.8359,1771,59.31
286.3150112039859,320.4062,606.7165,463.5613,0.075,0.8499,0.8157,1772,59.34166666666667,285.39216751210034,321.055,606.447,463.751,0.0,1.0277,0.9833,1772,59.34166666666667,286.95460037814723,319.9358,606.8854,463.4106,0.075,0.7233,0.7866,1772,59.34166666666667,286.19192782981827,320.6369,606.8099,463.7234,0.0,1.1759,0.8973,1772,59.34166666666667,286.2362785428393,320.4088,606.6447,463.5268,0.0833,0.9489,0.8259,1772,59.34166666666667
286.31442546977985,320.4071,606.7167,463.5619,0.075,0.8508,0.8186,1773,59.38333333333334,285.39141406487306,321.056,606.4473,463.7516,0.0,1.0192,0.987,1773,59.38333333333334,286.9542071235853,319.9364,606.8856,463.411,0.075,0.726,0.7867,1773,59.38333333333334,286.19152390893373,320.6375,606.8101,463.7238,0.0,1.1777,0.8974,1773,59.38333333333334,286.2350837240464,320.41,606.6446,463.5273,0.0833,0.9474,0.8316,1773,59.38333333333334
286.3160318254346,320.4059,606.717,463.5615,0.075,0.8502,0.8156,1774,59.40833333333334,285.3928659316023,321.055,606.4477,463.7513,0.0,1.0341,0.9875,1774,59.40833333333334,286.9541790607127,319.9364,606.8855,463.411,0.075,0.726,0.7867,1774,59.40833333333334,286.191497854261,320.6375,606.81,463.7238,0.0,1.1777,0.8974,1774,59.40833333333334,286.2365585108154,320.4087,606.645,463.5268,0.0833,0.932,0.8346,1774,59.40833333333334
286.31463234797656,320.4073,606.7171,463.5622,0.075,0.8512,0.8222,1775,59.44166666666667,285.3916995284526,321.0561,606.4477,463.7519,0.0,1.0189,0.9868,1775,59.44166666666667,286.9549246918207,319.9364,606.8863,463.4113,0.075,0.726,0.793,1775,59.44166666666667,286.1922031905673,320.6375,606.8107,463.7241,0.0,1.1777,0.8982,1775,59.44166666666667,286.3418299789008,320.4101,606.7519,463.581,0.1083,0.9563,0.7468,1775,59.44166666666667
286.2268248788178,320.414,606.6368,463.5254,0.0833,0.7851,0.8571,1776,59.48833333333334,285.58200514413323,321.0525,606.6249,463.8387,0.0,1.1221,0.8629,1776,59.48833333333334,286.93150785737333,319.98,606.9088,463.4444,0.075,0.7425,0.759,1776,59.48833333333334,286.40792717869135,320.6548,607.0221,463.8385,0.0,1.0989,0.9386,1776,59.48833333333334,286.210421774697,320.4263,606.6368,463.5315,0.0917,0.925,0.8571,1776,59.48833333333334
286.22257666642935,320.4187,606.637,463.5279,0.0833,0.787,0.831,1777,59.525000000000006,285.5778915561827,321.0567,606.625,463.8409,0.0,1.0897,0.8622,1777,59.525000000000006,286.93094458758094,319.9811,606.9092,463.4451,0.075,0.7428,0.7608,1777,59.525000000000006,286.40762602392437,320.6555,607.0226,463.839,0.0,1.0986,0.9443,1777,59.525000000000006,286.20588036093943,320.4312,606.637,463.5341,0.0917,0.9258,0.831,1777,59.525000000000006
286.22419650768904,320.416,606.6363,463.5262,0.0833,0.8259,0.8252,1778,59.54166666666667,285.5805146380553,321.0538,606.6247,463.8393,0.0,1.092,0.8595,1778,59.54166666666667,286.93236592525426,319.9815,606.9111,463.4463,0.075,0.7127,0.7646,1778,59.54166666666667,286.4078910188755,320.6561,607.0242,463.8401,0.0,1.0771,0.9447,1778,59.54166666666667,286.20811834121895,320.4282,606.6363,463.5322,0.0917,0.9358,0.8252,1778,59.54166666666667
286.2222038838356,320.4176,606.6358,463.5267,0.0833,0.825,0.8185,1779,59.585,285.5785847462727,321.0553,606.6243,463.8398,0.0,1.0742,0.8459,1779,59.585,286.9230681548122,319.9907,606.911,463.4509,0.075,0.7761,0.7652,1779,59.585,286.3994405455648,320.6651,607.0242,463.8446,0.0,1.1072,0.9326,1779,59.585,286.20603740096635,320.4298,606.6358,463.5328,0.0917,0.9315,0.8185,1779,59.585
286.22255131402676,320.4173,606.6359,463.5266,0.0833,0.8087,0.819,1780,59.608333333333334,285.5788543193295,321.0551,606.6243,463.8397,0.0,1.0846,0.846,1780,59.608333333333334,286.9259798583987,319.9878,606.911,463.4494,0.075,0.7767,0.7654,1780,59.608333333333334,286.4019967775688,320.6625,607.0242,463.8433,0.0,1.1059,0.9327,1780,59.608333333333334,286.20618930724515,320.4297,606.6359,463.5328,0.0917,0.9333,0.819,1780,59.608333333333334
286.2216297274085,320.4171,606.6347,463.5259,0.0833,0.8001,0.819,1781,59.64333333333334,285.577576985826,321.0551,606.6231,463.8391,0.0,1.1068,0.8438,1781,59.64333333333334,286.924646298977,319.9882,606.91,463.4491,0.075,0.7781,0.7615,1781,59.64333333333334,286.4011318585504,320.6628,607.0234,463.8431,0.0,1.1085,0.9438,1781,59.64333333333334,286.20530427942447,320.4294,606.6347,463.532,0.0917,0.9296,0.819,1781,59.64333333333334
286.2193503112567,320.4182,606.6336,463.5259,0.0833,0.7962,0.8165,1782,59.68666666666667,285.57596735447066,321.0559,606.6223,463.8391,0.0,1.1065,0.849,1782,59.68666666666667,286.92506632038624,319.9877,606.9099,463.4488,0.075,0.7736,0.7613,1782,59.68666666666667,286.4016497397092,320.6622,607.0232,463.8427,0.0,1.1089,0.9389,1782,59.68666666666667,286.2031052027759,320.4305,606.6336,463.5321,0.0917,0.9177,0.8165,1782,59.68666666666667
286.22095988929965,320.4177,606.6348,463.5262,0.0833,0.7998,0.8189,1783,59.71,285.5767190832646,321.0555,606.6227,463.8391,0.0,1.0985,0.8474,1783,59.71,286.9252991368972,319.9878,606.9104,463.4491,0.075,0.7732,0.7613,1783,59.71,286.40177363772654,320.6624,607.0235,463.843,0.0,1.1088,0.9365,1783,59.71,286.2045394712329,320.4302,606.6348,463.5325,0.0917,0.9243,0.8189,1783,59.71
286.2195694002986,320.4183,606.634,463.5262,0.0833,0.7952,0.8175,1784,59.74166666666667,285.5759759640173,321.056,606.6225,463.8393,0.0,1.1039,0.8481,1784,59.74166666666667,286.92539823918844,319.9876,606.9102,463.4489,0.075,0.774,0.7611,1784,59.74166666666667,286.4018659178083,320.6621,607.0234,463.8427,0.0,1.1085,0.9405,1784,59.74166666666667,286.2033254047625,320.4307,606.634,463.5323,0.0917,0.918,0.8175,1784,59.74166666666667
286.2202446192787,320.4171,606.6333,463.5252,0.0833,0.796,0.8179,1785,59.775000000000006,285.5763687198838,321.0549,606.6217,463.8383,0.0,1.1015,0.8446,1785,59.775000000000006,286.9259927695067,319.9873,606.9105,463.4489,0.075,0.7734,0.7618,1785,59.775000000000006,286.40252259387125,320.6617,607.0236,463.8427,0.0,1.1085,0.9337,1785,59.775000000000006,286.20377874491174,320.4296,606.6333,463.5315,0.0917,0.9249,0.8179,1785,59.775000000000006
286.21063737062764,320.4029,606.6132,463.5081,0.075,0.853,0.837,1786,59.81333333333334,285.7896146537928,320.8392,606.6255,463.7324,0.0,0.8358,0.8503,1786,59.81333333333334,286.83336485319757,319.9978,606.8271,463.4124,0.075,0.829,0.7917,1786,59.81333333333334,286.58781891530043,320.456,607.0251,463.7405,0.0,1.0726,0.8773,1786,59.81333333333334,286.2017644399235,320.4123,606.6132,463.5128,0.0917,0.9314,0.837,1786,59.81333333333334
286.21139044097833,320.4026,606.6136,463.5081,0.075,0.8421,0.8356,1787,59.84166666666667,285.79020987874003,320.8389,606.6256,463.7322,0.0,0.8289,0.8566,1787,59.84166666666667,286.8319095524913,319.9987,606.8266,463.4126,0.075,0.8259,0.7915,1787,59.84166666666667,286.5865223881759,320.4569,607.0246,463.7407,0.0,1.0726,0.8766,1787,59.84166666666667,286.20274331417943,320.4118,606.6136,463.5127,0.0917,0.9199,0.8356,1787,59.84166666666667
286.20917480578703,320.4043,606.6131,463.5087,0.075,0.8365,0.8369,1788,59.87500000000001,285.7882971627165,320.8404,606.6254,463.7329,0.0,0.8684,0.8525,1788,59.87500000000001,286.8305612815883,320.0,606.8265,463.4133,0.075,0.8289,0.7924,1788,59.87500000000001,286.58519752706627,320.4581,607.0246,463.7413,0.0,1.0714,0.8767,1788,59.87500000000001,286.20035908905453,320.4137,606.6131,463.5134,0.0917,0.9049,0.8369,1788,59.87500000000001
286.2255974005664,320.3921,606.6146,463.5033,0.0833,0.7276,0.8058,1789,59.91000000000001,285.78613584738946,320.8414,606.6245,463.7329,0.0,0.8997,0.8726,1789,59.91000000000001,286.79250469549225,320.0027,606.7927,463.3977,0.075,0.7915,0.7882,1789,59.91000000000001,286.5490196330477,320.4606,606.9919,463.7263,0.0,1.1021,0.9284,1789,59.91000000000001,286.215731540604,320.4129,606.6283,463.5206,0.0833,0.7779,0.8056,1789,59.91000000000001
286.20704572629523,320.4062,606.6128,463.5095,0.075,0.8361,0.8531,1790,59.94166666666667,285.78547403970845,320.8422,606.6243,463.7332,0.0,0.8861,0.8666,1790,59.94166666666667,286.79466574773966,319.9993,606.7915,463.3954,0.075,0.8203,0.7909,1790,59.94166666666667,286.5505475865652,320.4575,606.9904,463.7239,0.0,1.0838,0.9387,1790,59.94166666666667,286.21181746161653,320.4157,606.6266,463.5211,0.0833,0.8717,0.8483,1790,59.94166666666667
286.21113553011577,320.4026,606.6135,463.508,0.075,0.835,0.8502,1791,59.976666666666674,285.79003421482,320.8388,606.6255,463.7321,0.0,0.9182,0.8725,1791,59.976666666666674,286.79720721715455,319.9968,606.7915,463.3942,0.075,0.822,0.7909,1791,59.976666666666674,286.552820718574,320.4548,606.9904,463.7226,0.0,1.0832,0.9387,1791,59.976666666666674,286.216066339923,320.412,606.6272,463.5196,0.0833,0.9011,0.8474,1791,59.976666666666674
286.21042383761574,320.4041,606.6142,463.5091,0.075,0.9129,0.8345,1792,60.025000000000006,285.7890947472365,320.8402,606.626,463.7331,0.0,0.8561,0.8716,1792,60.025000000000006,286.79393131334444,320.0003,606.7918,463.3961,0.075,0.8416,0.791,1792,60.025000000000006,286.5501839545857,320.4584,606.991,463.7247,0.0,1.0797,0.9387,1792,60.025000000000006,286.21526330686936,320.4136,606.6279,463.5208,0.0833,0.9275,0.8454,1792,60.025000000000006
286.2093258899568,320.404,606.6127,463.5084,0.075,0.9107,0.8175,1793,60.04166666666667,285.7881422394356,320.8404,606.6248,463.7326,0.0,0.8698,0.8577,1793,60.04166666666667,286.7949243430742,319.9983,606.7908,463.3945,0.075,0.8321,0.7907,1793,60.04166666666667,286.55133866367635,320.4566,606.9901,463.7233,0.0,1.0906,0.9394,1793,60.04166666666667,286.213809703622,320.4139,606.6264,463.5202,0.0833,0.9281,0.8248,1793,60.04166666666667
286.20950008434363,320.4047,606.6135,463.5091,0.075,0.9208,0.8339,1794,60.075,285.7876298995541,320.8412,606.6251,463.7331,0.0,0.8647,0.8664,1794,60.075,286.79553884881716,319.998,606.791,463.3945,0.075,0.8311,0.791,1794,60.075,286.551611405329,320.4563,606.9902,463.7233,0.0,1.0806,0.939,1794,60.075,286.21384532542714,320.4147,606.6272,463.5209,0.0833,0.917,0.8416,1794,60.075
286.2110078873458,320.4023,606.6128,463.5075,0.075,0.9172,0.8339,1795,60.108333333333334,285.78923239921164,320.8387,606.6244,463.7316,0.0,0.8657,0.8662,1795,60.108333333333334,286.7964074765333,319.997,606.791,463.394,0.075,0.8308,0.7914,1795,60.108333333333334,286.55243752701944,320.4554,606.9901,463.7228,0.0,1.0753,0.9387,1795,60.108333333333334,286.2156526644542,320.412,606.6265,463.5192,0.0833,0.9109,0.8409,1795,60.108333333333334
286.2403905729027,320.3849,606.6216,463.5032,0.0667,0.7665,0.9432,1796,60.14666666666667,285.4740165977237,321.0345,606.5068,463.7707,0.0,1.1358,1.0579,1796,60.14666666666667,286.97824389963813,319.9789,606.9473,463.4631,0.0917,0.7851,0.8241,1796,60.14666666666667,286.28528563446207,320.675,606.9257,463.8004,0.0083,1.2033,0.8001,1796,60.14666666666667,286.1895685990209,320.3829,606.5714,463.4772,0.0833,0.7573,0.8332,1796,60.14666666666667
286.2361229785699,320.391,606.6234,463.5072,0.0667,0.7812,0.9382,1797,60.175000000000004,285.47124046284114,321.0402,606.5096,463.7749,0.0,1.1204,1.0573,1797,60.175000000000004,286.99724530829945,319.9827,606.9702,463.4765,0.1,0.7844,0.8581,1797,60.175000000000004,286.28342418229687,320.6784,606.9276,463.803,0.0083,1.2921,0.7959,1797,60.175000000000004,286.18525996362627,320.389,606.5731,463.481,0.0833,0.7942,0.8316,1797,60.175000000000004
286.2207874642087,320.4008,606.6185,463.5096,0.0667,0.843,0.9518,1798,60.21,285.4571775432283,321.0497,606.5057,463.7777,0.0,1.13,0.9643,1798,60.21,286.96845630839607,319.9885,606.9472,463.4679,0.0917,0.7883,0.8213,1798,60.21,286.2756304405405,320.6847,606.9262,463.8055,0.0083,1.2645,0.7893,1798,60.21,286.17003112721466,320.3984,606.5679,463.4832,0.0833,0.8197,0.8745,1798,60.21
286.2252328438733,320.398,606.6202,463.5091,0.0667,0.8082,0.946,1799,60.24333333333335,285.4619699061816,321.0473,606.5081,463.7777,0.0,1.1438,0.9652,1799,60.24333333333335,286.9693891601653,319.9887,606.9483,463.4685,0.0917,0.795,0.8205,1799,60.24333333333335,286.27664473801974,320.6848,606.9274,463.8061,0.0083,1.2639,0.7929,1799,60.24333333333335,286.1742723957333,320.3955,606.5693,463.4824,0.0833,0.819,0.867,1799,60.24333333333335
286.2254108701518,320.3977,606.6201,463.5089,0.0667,0.7945,0.9463,1800,60.27666666666667,285.4620852908853,321.047,606.5079,463.7774,0.0,1.1443,0.9657,1800,60.27666666666667,286.96838587758884,319.9893,606.9481,463.4687,0.0917,0.7955,0.8205,1800,60.27666666666667,286.2758707269039,320.6853,606.9273,463.8063,0.0083,1.2639,0.795,1800,60.27666666666667,286.1744654111659,320.3951,606.5692,463.4822,0.0833,0.8082,0.8664,1800,60.27666666666667
286.2246826859882,320.3985,606.6201,463.5093,0.0667,0.7961,0.9463,1801,60.31,285.46142489629824,321.0477,606.508,463.7778,0.0,1.1434,0.9656,1801,60.31,286.9681899218384,319.9894,606.948,463.4687,0.0917,0.7952,0.8205,1801,60.31,286.2756767782222,320.6854,606.9272,463.8063,0.0083,1.2639,0.7948,1801,60.31,286.1736800499107,320.396,606.5693,463.4826,0.0833,0.8108,0.8664,1801,60.31
286.22345736817135,320.3994,606.6197,463.5095,0.0667,0.7986,0.9463,1802,60.34166666666667,285.4605720107523,321.0484,606.5078,463.7781,0.0,1.1445,0.9655,1802,60.34166666666667,286.9673361213372,319.9899,606.9476,463.4687,0.0917,0.7949,0.8206,1802,60.34166666666667,286.27499069390933,320.6858,606.9269,463.8063,0.0083,1.2644,0.795,1802,60.34166666666667,286.17244851860517,320.3968,606.5689,463.4829,0.0833,0.8108,0.8661,1802,60.34166666666667
286.223533713886,320.399,606.6195,463.5093,0.0667,0.7989,0.9358,1803,60.37666666666667,285.4606285331207,321.0481,606.5076,463.7779,0.0,1.1437,0.9654,1803,60.37666666666667,286.96730159278616,319.9899,606.9476,463.4687,0.0917,0.8069,0.8206,1803,60.37666666666667,286.27491583644354,320.6858,606.9269,463.8064,0.0083,1.2646,0.795,1803,60.37666666666667,286.17243313050886,320.3966,606.5687,463.4826,0.0833,0.8248,0.861,1803,60.37666666666667
286.22363398669734,320.3983,606.6189,463.5086,0.0667,0.7888,0.9353,1804,60.40833333333334,285.4607347359871,321.0475,606.507,463.7773,0.0,1.143,0.9654,1804,60.40833333333334,286.9664959176546,319.9903,606.9472,463.4688,0.0917,0.7954,0.8207,1804,60.40833333333334,286.27415279484933,320.6862,606.9265,463.8064,0.0083,1.2648,0.7948,1804,60.40833333333334,286.1726639731387,320.3957,606.5681,463.4819,0.0833,0.811,0.8628,1804,60.40833333333334
286.22059833625906,320.4016,606.6192,463.5104,0.0667,0.7877,0.9356,1805,60.44166666666667,285.45779173995436,321.0506,606.5072,463.7789,0.0,1.128,0.9656,1805,60.44166666666667,286.9658593519722,319.9915,606.9477,463.4696,0.0917,0.7551,0.8206,1805,60.44166666666667,286.2735787717313,320.6873,606.927,463.8071,0.0083,1.2674,0.7951,1805,60.44166666666667,286.1695672815282,320.3991,606.5683,463.4837,0.0833,0.8243,0.8626,1805,60.44166666666667
286.19642154999326,320.4143,606.6071,463.5107,0.075,0.8302,0.8563,1806,60.480000000000004,285.64672978191504,321.0381,606.6737,463.8559,0.0,0.9769,0.9001,1806,60.480000000000004,286.7583493719659,319.9884,606.7457,463.367,0.0917,0.8192,0.7534,1806,60.480000000000004,286.4188456344376,320.648,607.028,463.838,0.0,1.1647,0.9664,1806,60.480000000000004,286.16982045069284,320.4262,606.5929,463.5096,0.0833,0.8807,0.8448,1806,60.480000000000004
286.20048604172916,320.413,606.6098,463.5114,0.075,0.8181,0.855,1807,60.52333333333334,285.650882661237,321.0372,606.6763,463.8568,0.0,0.9547,0.8999,1807,60.52333333333334,286.7583951931018,319.9883,606.7455,463.3669,0.0917,0.8652,0.7405,1807,60.52333333333334,286.4202486359929,320.6483,607.0283,463.8383,0.0,1.2003,0.9576,1807,60.52333333333334,286.17425545871447,320.4249,606.5954,463.5102,0.0833,0.8841,0.8227,1807,60.52333333333334
286.18741191619097,320.4149,606.5961,463.5055,0.0833,0.808,0.8321,1808,60.54166666666667,285.64926702857895,321.039,606.6771,463.858,0.0,0.9539,0.8949,1808,60.54166666666667,286.72042444847966,319.9932,606.7136,463.3534,0.1,0.8662,0.709,1808,60.54166666666667,286.4157652268359,320.6522,607.0281,463.8402,0.0,1.1796,0.9577,1808,60.54166666666667,286.17217325869706,320.4273,606.5961,463.5117,0.0833,0.8864,0.8321,1808,60.54166666666667
286.19706424251086,320.4156,606.609,463.5123,0.075,0.7935,0.8546,1809,60.575,285.6474438185069,321.0395,606.6757,463.8576,0.0,0.959,0.8999,1809,60.575,286.72030265108685,319.9936,606.7139,463.3538,0.1,0.8576,0.7115,1809,60.575,286.41553615597945,320.6525,607.0285,463.8405,0.0,1.1794,0.9579,1809,60.575,286.17021768625665,320.4277,606.5946,463.5112,0.0833,0.8903,0.8228,1809,60.575
286.1763753460657,320.4381,606.6109,463.5245,0.075,0.8781,0.8569,1810,60.61166666666667,285.58768542566247,321.1052,606.6772,463.8912,0.0,1.097,0.8921,1810,60.61166666666667,286.7088373252614,320.0053,606.7142,463.3597,0.0917,0.8304,0.7123,1810,60.61166666666667,286.4178351164114,320.6503,607.0287,463.8395,0.0,1.203,0.9539,1810,60.61166666666667,286.10669292990076,320.4961,606.5966,463.5463,0.0833,0.8765,0.827,1810,60.61166666666667
286.1977375537706,320.4156,606.6097,463.5126,0.075,0.8018,0.855,1811,60.64166666666667,285.6478086393312,321.0397,606.6763,463.858,0.0,0.9539,0.8887,1811,60.64166666666667,286.72215814153316,319.9924,606.7145,463.3535,0.1,0.8575,0.7129,1811,60.64166666666667,286.4175611523583,320.651,607.029,463.84,0.0,1.2125,0.9498,1811,60.64166666666667,286.17057999385645,320.4281,606.5954,463.5117,0.0833,0.8879,0.8338,1811,60.64166666666667
286.1965349729121,320.4169,606.6099,463.5134,0.075,0.7985,0.8593,1812,60.675000000000004,285.6465970406796,321.0413,606.6765,463.8589,0.0,0.96,0.8903,1812,60.675000000000004,286.7217365140299,319.9923,606.714,463.3532,0.1,0.8584,0.7136,1812,60.675000000000004,286.4173037241442,320.6509,607.0287,463.8398,0.0,1.195,0.9497,1812,60.675000000000004,286.16950808134766,320.4296,606.5956,463.5126,0.0833,0.8967,0.8288,1812,60.675000000000004
286.1963252805032,320.4174,606.6101,463.5138,0.075,0.8034,0.8585,1813,60.715,285.64644186452915,321.0416,606.6767,463.8591,0.0,0.9768,0.8888,1813,60.715,286.7206382258745,319.9938,606.7144,463.3541,0.1,0.8585,0.714,1813,60.715,286.4161627010783,320.6523,607.0289,463.8406,0.0,1.1967,0.9498,1813,60.715,286.16917783683544,320.43,606.5958,463.5129,0.0833,0.8904,0.8307,1813,60.715
286.1958547212098,320.4182,606.6105,463.5144,0.075,0.8042,0.8593,1814,60.74166666666667,285.64595349880204,321.0423,606.677,463.8596,0.0,0.9608,0.8908,1814,60.74166666666667,286.72120079934075,319.9927,606.7139,463.3533,0.1,0.8663,0.7129,1814,60.74166666666667,286.416797722663,320.6515,607.0284,463.8399,0.0,1.2049,0.9495,1814,60.74166666666667,286.1688652276255,320.4308,606.5963,463.5135,0.0833,0.8837,0.8234,1814,60.74166666666667
286.18746114843725,320.4162,606.6001,463.5081,0.075,0.8026,0.8496,1815,60.775000000000006,285.6369700887277,321.0402,606.6659,463.8531,0.0,0.9606,0.8456,1815,60.775000000000006,286.75240669997595,320.0013,606.7506,463.376,0.075,0.837,0.7838,1815,60.775000000000006,286.4119663521247,320.6463,607.019,463.8327,0.0,1.1884,0.9198,1815,60.775000000000006,286.1603986007495,320.4287,606.5858,463.5072,0.0833,0.8907,0.8134,1815,60.775000000000006
286.1085370405756,320.4909,606.593,463.542,0.0833,0.7598,0.7237,1816,60.82000000000001,285.54584926653877,321.1329,606.6647,463.8988,0.0,1.0524,0.7868,1816,60.82000000000001,286.93107979065474,320.0214,606.9417,463.4815,0.0833,0.8521,0.8145,1816,60.82000000000001,286.05522235325384,320.6911,606.7311,463.7111,0.0,1.0322,0.829,1816,60.82000000000001,286.1101659905099,320.4891,606.593,463.541,0.0917,0.7928,0.7237,1816,60.82000000000001
286.1118018163461,320.4877,606.5927,463.5402,0.0833,0.7817,0.7243,1817,60.84166666666667,285.5482617823275,321.1305,606.6644,463.8974,0.0,1.0571,0.7912,1817,60.84166666666667,286.925890472802,320.0272,606.9422,463.4847,0.0833,0.7937,0.8146,1817,60.84166666666667,286.05053689706904,320.6958,606.7316,463.7137,0.0,1.0557,0.8369,1817,60.84166666666667,286.113419483328,320.4859,606.5927,463.5393,0.0917,0.8087,0.7243,1817,60.84166666666667
286.15569861284666,320.4462,606.5922,463.5192,0.1,0.6312,0.7622,1818,60.87500000000001,285.54421023718476,321.1343,606.6636,463.899,0.0,1.0533,0.7887,1818,60.87500000000001,286.83504993291524,320.0099,606.8344,463.4221,0.075,0.738,0.8168,1818,60.87500000000001,286.0546867797733,320.693,606.7325,463.7127,0.0,1.0844,0.8583,1818,60.87500000000001,286.10808699883523,320.4906,606.5922,463.5414,0.0917,0.8043,0.7622,1818,60.87500000000001
286.10670439054564,320.4879,606.5881,463.538,0.0917,0.7871,0.6828,1819,60.92,285.43581795872535,321.1307,606.5584,463.8446,0.0,1.0622,0.886,1819,60.92,286.84403276500933,320.0129,606.8481,463.4305,0.0833,0.7721,0.7298,1819,60.92,286.07265342298246,320.6953,606.7536,463.7245,0.0,1.056,0.8375,1819,60.92,286.108379807908,320.4862,606.5881,463.5372,0.1,0.8244,0.6828,1819,60.92
286.10497680047854,320.49,606.5883,463.5392,0.0917,0.7667,0.682,1820,60.943333333333335,285.4343763526922,321.1328,606.5588,463.8458,0.0,1.0627,0.8877,1820,60.943333333333335,286.95170729807495,320.0138,606.9565,463.4852,0.0833,0.7729,0.836,1820,60.943333333333335,286.0725106811537,320.6962,606.7543,463.7252,0.0,1.0564,0.8372,1820,60.943333333333335,286.1066077385807,320.4883,606.5883,463.5383,0.1,0.8307,0.682,1820,60.943333333333335
286.10146334363753,320.489,606.5836,463.5363,0.0917,0.7662,0.6845,1821,60.976666666666674,285.43166259379007,321.1319,606.5549,463.8434,0.0,1.0639,0.8334,1821,60.976666666666674,286.9500607348082,320.0132,606.954,463.4836,0.0833,0.7725,0.7978,1821,60.976666666666674,286.07089370367197,320.6956,606.7519,463.7237,0.0,1.0564,0.8196,1821,60.976666666666674,286.10291817059544,320.4874,606.5836,463.5355,0.1,0.8294,0.6845,1821,60.976666666666674
286.1044657276344,320.4841,606.5824,463.5332,0.0917,0.8411,0.6933,1822,61.02333333333334,285.43502800811405,321.1264,606.5534,463.8399,0.0,1.031,0.8349,1822,61.02333333333334,286.9538513138356,320.0091,606.9538,463.4814,0.0833,0.804,0.8,1822,61.02333333333334,286.074550949137,320.6907,606.7516,463.7212,0.0,1.0366,0.8174,1822,61.02333333333334,286.132239366247,320.4817,606.6081,463.5449,0.0917,0.8163,0.6643,1822,61.02333333333334
286.1069814601706,320.482,606.5831,463.5326,0.0917,0.8796,0.6918,1823,61.04166666666667,285.437787698746,321.1244,606.5543,463.8393,0.0,1.0184,0.8311,1823,61.04166666666667,286.95789463892544,320.0057,606.9544,463.48,0.0833,0.807,0.7986,1823,61.04166666666667,286.07831633086886,320.6876,606.7522,463.7199,0.0,1.0343,0.8162,1823,61.04166666666667,286.13484327617965,320.4796,606.6089,463.5442,0.0917,0.8319,0.6638,1823,61.04166666666667
286.1324034260432,320.4817,606.6081,463.5449,0.0833,0.8807,0.6642,1824,61.07666666666667,285.4406577833077,321.1239,606.5566,463.8402,0.0,1.0225,0.8356,1824,61.07666666666667,286.9709847484391,320.0056,606.9657,463.4856,0.0917,0.8067,0.8199,1824,61.07666666666667,286.08065676099426,320.6876,606.7544,463.721,0.0,1.0346,0.8131,1824,61.07666666666667,286.1086888123881,320.4793,606.5824,463.5308,0.1,0.833,0.6905,1824,61.07666666666667
286.10689024255305,320.482,606.5829,463.5325,0.0917,0.8602,0.6831,1825,61.120000000000005,285.441058227392,321.1241,606.5572,463.8407,0.0,1.0198,0.8407,1825,61.120000000000005,286.97201828669523,320.0046,606.9657,463.4851,0.0917,0.7973,0.8199,1825,61.120000000000005,286.08158610276666,320.6867,606.7544,463.7205,0.0,1.0486,0.8131,1825,61.120000000000005,286.10895942112234,320.4796,606.5829,463.5313,0.1,0.8232,0.6831,1825,61.120000000000005
286.1124616409437,320.4591,606.5671,463.5131,0.075,0.9738,0.8328,1826,61.14666666666667,285.59564089818895,321.0589,606.6456,463.8522,0.0,0.9575,0.8941,1826,61.14666666666667,286.9655323496261,319.997,606.9611,463.479,0.0917,0.966,0.8759,1826,61.14666666666667,286.466835299694,320.6346,607.0654,463.85,0.0,1.0159,0.8062,1826,61.14666666666667,286.1153781535153,320.4558,606.5671,463.5114,0.0833,1.002,0.8328,1826,61.14666666666667
286.1017822201161,320.4713,606.5698,463.5206,0.075,0.9279,0.8402,1827,61.175000000000004,285.59214509505887,321.0692,606.6529,463.8611,0.0,0.9419,0.859,1827,61.175000000000004,286.9523873253923,320.0084,606.9594,463.4839,0.0917,0.9854,0.8008,1827,61.175000000000004,286.45516239929873,320.6445,607.0651,463.8548,0.0,0.9569,0.8316,1827,61.175000000000004,286.10417717006555,320.4686,606.5698,463.5192,0.0833,0.9232,0.8402,1827,61.175000000000004
286.1033935826973,320.47,606.57,463.52,0.075,0.9265,0.8447,1828,61.208333333333336,285.5933313529404,321.068,606.6528,463.8604,0.0,0.9443,0.8616,1828,61.208333333333336,286.9521078115678,320.009,606.9597,463.4843,0.0917,0.9852,0.7997,1828,61.208333333333336,286.45470810191887,320.645,607.0651,463.8551,0.0,0.9571,0.8319,1828,61.208333333333336,286.10576951083783,320.4672,606.57,463.5186,0.0833,0.9288,0.8447,1828,61.208333333333336
286.10310590640483,320.4696,606.5694,463.5195,0.075,0.9348,0.8429,1829,61.24166666666667,285.5929032990923,321.0676,606.652,463.8598,0.0,0.9438,0.8693,1829,61.24166666666667,286.9525265342502,320.0082,606.9594,463.4838,0.0917,0.9843,0.7998,1829,61.24166666666667,286.4551640830377,320.6444,607.0649,463.8547,0.0,0.9579,0.8315,1829,61.24166666666667,286.1055366323126,320.4668,606.5694,463.5181,0.0833,0.9384,0.8429,1829,61.24166666666667
286.10340478707394,320.4697,606.5697,463.5197,0.075,0.9324,0.8448,1830,61.275000000000006,285.59317408018546,321.0678,606.6525,463.8602,0.0,0.9492,0.8611,1830,61.275000000000006,286.9531435461564,320.0081,606.9598,463.4839,0.0917,0.9841,0.7993,1830,61.275000000000006,286.4557101944505,320.6443,607.0653,463.8548,0.0,0.9581,0.8316,1830,61.275000000000006,286.105791162834,320.467,606.5697,463.5184,0.0833,0.9272,0.8448,1830,61.275000000000006
286.10024761150885,320.4722,606.569,463.5206,0.075,0.9291,0.8445,1831,61.31,285.5908245399917,321.07,606.6523,463.8612,0.0,0.9465,0.8666,1831,61.31,286.95301616224026,320.008,606.9596,463.4838,0.0917,0.9843,0.7998,1831,61.31,286.45566217820726,320.6441,607.0652,463.8547,0.0,0.9579,0.8313,1831,61.31,286.1025448536012,320.4695,606.569,463.5193,0.0833,0.9204,0.8445,1831,61.31
286.1011125185903,320.4717,606.5695,463.5206,0.075,0.9325,0.8442,1832,61.34166666666667,285.5913396872938,321.0695,606.6525,463.861,0.0,0.9445,0.8546,1832,61.34166666666667,286.95319184775843,320.0079,606.9598,463.4838,0.0917,0.9841,0.7997,1832,61.34166666666667,286.45581713854347,320.6441,607.0653,463.8547,0.0,0.958,0.8314,1832,61.34166666666667,286.1032945886471,320.4692,606.5695,463.5194,0.0833,0.9385,0.8442,1832,61.34166666666667
286.1010380584053,320.4718,606.5694,463.5206,0.075,0.9296,0.8441,1833,61.37500000000001,285.5912315101298,321.0696,606.6524,463.861,0.0,0.9486,0.8636,1833,61.37500000000001,286.95319184775843,320.0079,606.9598,463.4838,0.0917,0.9841,0.7997,1833,61.37500000000001,286.45583663077065,320.6441,607.0653,463.8547,0.0,0.9579,0.8314,1833,61.37500000000001,286.10333294007955,320.4691,606.5694,463.5193,0.0833,0.9202,0.8441,1833,61.37500000000001
286.10092698253317,320.4715,606.5691,463.5203,0.075,0.9324,0.8444,1834,61.41000000000001,285.5898986626257,321.0694,606.6509,463.8601,0.0,0.943,0.852,1834,61.41000000000001,286.95319184775843,320.0079,606.9598,463.4838,0.0917,0.9841,0.7997,1834,61.41000000000001,286.45503262371835,320.6441,607.0645,463.8543,0.0,0.958,0.8305,1834,61.41000000000001,286.10310715954597,320.469,606.5691,463.5191,0.0833,0.9393,0.8444,1834,61.41000000000001
286.10203330562007,320.4718,606.5704,463.5211,0.075,0.9301,0.8493,1835,61.44166666666667,285.5908335283318,321.0698,606.6522,463.861,0.0,0.9509,0.8676,1835,61.44166666666667,286.9530670458814,320.0081,606.9598,463.4839,0.0917,0.9843,0.7996,1835,61.44166666666667,286.45501806558786,320.6443,607.0647,463.8545,0.0,0.9578,0.8307,1835,61.44166666666667,286.10430225137486,320.4692,606.5704,463.5198,0.0833,0.9231,0.8493,1835,61.44166666666667
286.2596814682382,320.4399,606.6996,463.5698,0.0667,0.8544,0.8822,1836,61.480000000000004,285.733503780688,320.8968,606.6269,463.7619,0.0,0.9668,0.9018,1836,61.480000000000004,286.96533911814197,319.9986,606.9566,463.4776,0.075,0.8385,0.8374,1836,61.480000000000004,286.43476960731414,320.4793,606.9039,463.6916,0.0,0.8781,0.8496,1836,61.480000000000004,286.25949412918624,320.4409,606.6996,463.5702,0.075,0.9264,0.8822,1836,61.480000000000004
286.2626392367052,320.4377,606.7004,463.5691,0.0667,0.8579,0.8733,1837,61.52333333333334,285.736367866999,320.8946,606.6277,463.7611,0.0,0.9716,0.8923,1837,61.52333333333334,286.9668700874376,319.9978,606.9574,463.4776,0.075,0.8304,0.8398,1837,61.52333333333334,286.4362577579931,320.4787,606.9047,463.6917,0.0,0.8789,0.8411,1837,61.52333333333334,286.319561236852,320.4386,606.7581,463.5984,0.1,0.9568,0.7422,1837,61.52333333333334
286.2611022376525,320.4383,606.6994,463.5688,0.0667,0.8615,0.8738,1838,61.54166666666667,285.73507712187006,320.8951,606.627,463.7611,0.0,0.9644,0.8973,1838,61.54166666666667,286.96492767870484,319.9991,606.9567,463.4779,0.075,0.8392,0.833,1838,61.54166666666667,286.4344304024057,320.4798,606.904,463.6919,0.0,0.877,0.8402,1838,61.54166666666667,286.26106913875594,320.4393,606.6994,463.5693,0.075,0.9548,0.8738,1838,61.54166666666667
286.2577880964685,320.442,606.6998,463.5709,0.0667,0.8323,0.8722,1839,61.575,285.73045005825554,320.8986,606.6259,463.7623,0.0,0.9445,0.8981,1839,61.575,286.9612321905448,320.0032,606.9572,463.4802,0.075,0.8115,0.8472,1839,61.575,286.4311826256661,320.4838,606.9046,463.6942,0.0,0.8775,0.8393,1839,61.575,286.2578108274313,320.443,606.6998,463.5714,0.075,0.9929,0.8722,1839,61.575
286.27330888842835,320.4256,606.699,463.5623,0.0667,0.831,0.875,1840,61.608333333333334,285.7452487243661,320.8825,606.6253,463.7539,0.0,0.8821,0.8913,1840,61.608333333333334,286.967749893862,319.9975,606.9579,463.4777,0.075,0.8239,0.843,1840,61.608333333333334,286.43684026444953,320.4784,606.905,463.6917,0.0,0.8776,0.8463,1840,61.608333333333334,286.25475703660834,320.4449,606.699,463.5719,0.075,1.0499,0.875,1840,61.608333333333334
286.27404045545904,320.425,606.6991,463.562,0.0667,0.8325,0.8747,1841,61.64166666666667,285.74587454569485,320.882,606.6254,463.7537,0.0,0.9214,0.8915,1841,61.64166666666667,286.9668540523144,319.9984,606.9579,463.4782,0.075,0.8304,0.843,1841,61.64166666666667,286.4359898455527,320.4793,606.905,463.6921,0.0,0.8773,0.8463,1841,61.64166666666667,286.25548637881707,320.4442,606.6991,463.5716,0.075,1.0028,0.8747,1841,61.64166666666667
286.26336322154486,320.4365,606.6998,463.5681,0.0667,0.823,0.875,1842,61.675000000000004,285.7358247931212,320.8931,606.6261,463.7596,0.0,0.9377,0.8923,1842,61.675000000000004,286.9474610300657,320.0149,606.9584,463.4866,0.0667,0.966,0.838,1842,61.675000000000004,286.4354137449325,320.4803,606.9055,463.6929,0.0,0.8764,0.846,1842,61.675000000000004,286.2539304877349,320.4466,606.6998,463.5732,0.075,1.005,0.875,1842,61.675000000000004
286.26906853657067,320.4323,606.7013,463.5668,0.0667,0.8459,0.8736,1843,61.71,285.7396984514371,320.8891,606.6261,463.7576,0.0,0.9342,0.8912,1843,61.71,286.9692175646437,319.9981,606.9599,463.479,0.075,0.8304,0.843,1843,61.71,286.43817467637325,320.4788,606.9068,463.6928,0.0,0.8774,0.8422,1843,61.71,286.2599330268107,320.4424,606.7013,463.5719,0.075,1.056,0.8736,1843,61.71
286.27621264725883,320.423,606.6993,463.5612,0.0667,0.8426,0.8848,1844,61.74166666666667,285.74740333787577,320.8801,606.6251,463.7526,0.0,0.9153,0.9086,1844,61.74166666666667,286.9696267525779,319.9966,606.9587,463.4777,0.075,0.8323,0.8365,1844,61.74166666666667,286.4386113212928,320.4775,606.9057,463.6916,0.0,0.8809,0.8464,1844,61.74166666666667,286.2576004143698,320.4424,606.6993,463.5708,0.075,1.0149,0.8848,1844,61.74166666666667
286.27656540336267,320.4219,606.6985,463.5602,0.0667,0.85,0.8791,1845,61.77666666666667,285.74795203857354,320.8789,606.6245,463.7517,0.0,0.9015,0.9031,1845,61.77666666666667,286.96936802105324,319.9957,606.9575,463.4766,0.075,0.8209,0.8351,1845,61.77666666666667,286.43829404305535,320.4765,606.9046,463.6906,0.0,0.8798,0.8464,1845,61.77666666666667,286.2567267524485,320.4425,606.6985,463.5705,0.075,1.0117,0.8791,1845,61.77666666666667
286.31370480206266,320.4357,606.7457,463.5907,0.1083,0.8542,0.7583,1846,61.815000000000005,285.7846939145532,321.118,606.8608,463.9894,0.0167,1.1517,0.8557,1846,61.815000000000005,286.90005330388624,320.0337,606.9338,463.4838,0.0917,0.7919,0.8453,1846,61.815000000000005,286.40406593223327,320.6604,607.0316,463.846,0.0,1.0787,0.8984,1846,61.815000000000005,286.32976958998336,320.4163,606.7457,463.581,0.1,0.9153,0.7583,1846,61.815000000000005
286.3131525427559,320.4367,606.7462,463.5914,0.1083,0.8571,0.7626,1847,61.84166666666667,285.78385221875374,321.1189,606.8611,463.99,0.0167,1.1592,0.8556,1847,61.84166666666667,286.89954115126943,320.0337,606.9332,463.4834,0.0917,0.779,0.8374,1847,61.84166666666667,286.40339650734586,320.6602,607.0311,463.8456,0.0,1.0749,0.8965,1847,61.84166666666667,286.32902663973584,320.4175,606.7462,463.5818,0.1,0.9056,0.7626,1847,61.84166666666667
