vigente__thickness_px,vigente__y_top_px,vigente__y_bottom_px,vigente__center_px,vigente__outlier_frac,vigente__residual_top_px,vigente__residual_bottom_px,vigente__frame,vigente__time_s,clahe_mco__thickness_px,clahe_mco__y_top_px,clahe_mco__y_bottom_px,clahe_mco__center_px,clahe_mco__outlier_frac,clahe_mco__residual_top_px,clahe_mco__residual_bottom_px,clahe_mco__frame,clahe_mco__time_s,crudo__thickness_px,crudo__y_top_px,crudo__y_bottom_px,crudo__center_px,crudo__outlier_frac,crudo__residual_top_px,crudo__residual_bottom_px,crudo__frame,crudo__time_s,crudo_mco__thickness_px,crudo_mco__y_top_px,crudo_mco__y_bottom_px,crudo_mco__center_px,crudo_mco__outlier_frac,crudo_mco__residual_top_px,crudo_mco__residual_bottom_px,crudo_mco__frame,crudo_mco__time_s,ventana25__thickness_px,ventana25__y_top_px,ventana25__y_bottom_px,ventana25__center_px,ventana25__outlier_frac,ventana25__residual_top_px,ventana25__residual_bottom_px,ventana25__frame,ventana25__time_s
236.3479962944669,452.5613,688.3053,570.4333,0.025,1.1411,1.4298,0,0.0,235.9664630040959,452.9418,688.3053,570.6236,0.0083,1.175,1.4298,0,0.0,238.00465974464697,451.5991,689.0441,570.3216,0.025,0.577,1.3474,0,0.0,238.1644933634497,451.5597,689.2162,570.388,0.0,0.6027,1.2832,0,0.0,236.36617743349933,452.5474,688.3053,570.4264,0.0167,1.19,1.4298,0,0.0
236.5113931610302,452.3989,688.3897,570.3943,0.025,0.8491,1.3405,1,0.013333333333333334,236.47201387296795,452.4339,688.3897,570.4118,0.0,0.8197,1.3405,1,0.013333333333333334,237.92259328848672,451.5506,688.866,570.2083,0.0167,0.579,1.4371,1,0.013333333333333334,238.05558979740707,451.5186,689.0461,570.2823,0.0,0.636,1.2439,1,0.013333333333333334,236.45201571127083,452.4635,688.3897,570.4266,0.0167,0.8589,1.3405,1,0.013333333333333334
236.50175924395668,452.4138,688.3655,570.3897,0.025,1.0158,1.343,2,0.02666666666666667,236.24634834707612,452.6759,688.3655,570.5207,0.0083,1.1346,1.343,2,0.02666666666666667,237.97721885118278,451.5493,688.9317,570.2405,0.0333,0.4483,1.4221,2,0.02666666666666667,238.09339813467068,451.5212,689.1135,570.3173,0.0,0.5322,1.3008,2,0.02666666666666667,236.62299492190684,452.3271,688.3655,570.3463,0.0417,0.8346,1.343,2,0.02666666666666667
236.48182023293154,452.4374,688.3763,570.4068,0.025,0.9906,1.3401,3,0.055,236.22836341833982,452.6974,688.3763,570.5369,0.0083,1.1527,1.3401,3,0.055,238.00567743715834,451.5178,688.9359,570.2269,0.0417,0.44,1.3716,3,0.055,238.09410941278205,451.521,689.1175,570.3193,0.0,0.5334,1.3003,3,0.055,236.59913952360492,452.3549,688.3763,570.3656,0.0417,0.8432,1.3401,3,0.055
236.31771240699402,452.5884,688.3525,570.4705,0.0333,1.1242,1.3096,4,0.08833333333333333,236.14555761348157,452.764,688.3525,570.5582,0.0167,1.194,1.3096,4,0.08833333333333333,237.98571121507797,451.5479,688.9316,570.2398,0.0167,0.4925,1.4997,4,0.08833333333333333,238.1204959769813,451.5145,689.1133,570.3139,0.0,0.5935,1.3431,4,0.08833333333333333,236.41256859652998,452.4926,688.3525,570.4226,0.0333,1.033,1.3096,4,0.08833333333333333
236.48847060230932,452.4244,688.3708,570.3976,0.0333,0.9548,1.3416,5,0.12166666666666667,236.3874686784807,452.5153,688.3708,570.443,0.0167,1.0708,1.3416,5,0.12166666666666667,237.9707294824898,451.4967,688.9123,570.2045,0.05,0.5389,1.3761,5,0.12166666666666667,238.11205827257191,451.4899,689.0926,570.2913,0.0083,0.5267,1.2928,5,0.12166666666666667,236.37780602836415,452.5325,688.3708,570.4516,0.0083,0.9944,1.3416,5,0.12166666666666667
236.45906381239962,452.4631,688.383,570.4231,0.0167,0.969,1.4036,6,0.155,236.45906381239934,452.4631,688.383,570.4231,0.0167,0.969,1.4036,6,0.155,237.92526575302398,451.5273,688.9225,570.2249,0.0583,0.5269,1.2884,6,0.155,238.09483669492624,451.4931,689.1022,570.2977,0.0083,0.512,1.2377,6,0.155,236.44853111957244,452.481,688.383,570.432,0.0083,0.9283,1.4036,6,0.155
236.50169909440908,452.4465,688.3823,570.4144,0.0333,1.0872,1.3964,7,0.18833333333333335,236.41366667447858,452.5034,688.3823,570.4429,0.0167,0.9887,1.3964,7,0.18833333333333335,237.953231421282,451.5145,688.9201,570.2173,0.0167,0.5346,1.291,7,0.18833333333333335,238.1073914299611,451.4817,689.1,570.2908,0.0,0.5356,1.249,7,0.18833333333333335,236.4038925121611,452.5206,688.3823,570.4514,0.0083,1.0031,1.3964,7,0.18833333333333335
236.42353612798573,452.4849,688.3707,570.4278,0.0167,0.9811,1.4001,8,0.22333333333333336,236.36461182792416,452.549,688.3707,570.4598,0.0083,1.0139,1.4001,8,0.22333333333333336,237.954752548134,451.5147,688.9207,570.2177,0.0167,0.5613,1.3067,8,0.22333333333333336,238.10893538822154,451.4818,689.1006,570.2912,0.0,0.5391,1.2432,8,0.22333333333333336,236.39711736003687,452.5218,688.3707,570.4462,0.0083,1.0063,1.4001,8,0.22333333333333336
236.42928727344,452.4849,688.3815,570.4332,0.0167,0.976,1.3473,9,0.255,236.37032845169867,452.5491,688.3815,570.4653,0.0083,1.0113,1.3473,9,0.255,237.96264023103288,451.5143,688.9342,570.2242,0.0167,0.5623,1.2905,9,0.255,238.11660884056542,451.4814,689.1137,570.2976,0.0,0.539,1.2621,9,0.255,236.4029143783537,452.5218,688.3815,570.4517,0.0083,1.0049,1.3473,9,0.255
236.42664662249408,452.4863,688.381,570.4336,0.0167,0.9859,1.3342,10,0.2866666666666667,236.3676948322516,452.5505,688.381,570.4657,0.0083,1.0257,1.3342,10,0.2866666666666667,237.96555852411126,451.5146,688.9429,570.2287,0.0167,0.5613,1.2607,10,0.2866666666666667,238.1193647196551,451.4817,689.1222,570.302,0.0,0.5391,1.2484,10,0.2866666666666667,236.40031705699178,452.5231,688.381,570.452,0.0083,1.0037,1.3342,10,0.2866666666666667
236.42141140976673,452.4856,688.3703,570.428,0.0167,0.9861,1.3406,11,0.32666666666666666,236.3624650444077,452.5497,688.3703,570.46,0.0083,1.0264,1.3406,11,0.32666666666666666,237.97713466426012,451.5146,688.9397,570.2271,0.0167,0.5613,1.3176,11,0.32666666666666666,238.131152393612,451.4817,689.1194,570.3005,0.0,0.5391,1.3483,11,0.32666666666666666,236.39505695011528,452.5224,688.3703,570.4464,0.0083,1.0036,1.3406,11,0.32666666666666666
236.63236901645007,452.304,688.3706,570.3373,0.05,0.7585,1.4234,12,0.3566666666666667,236.2870309311746,452.6006,688.3706,570.4856,0.0083,0.9288,1.4234,12,0.3566666666666667,237.93744383462624,451.5589,688.9512,570.255,0.0417,0.5528,1.3887,12,0.3566666666666667,238.12858234923644,451.4973,689.132,570.3147,0.0083,0.4724,1.3645,12,0.3566666666666667,236.36321714670518,452.5209,688.3706,570.4457,0.025,0.869,1.4234,12,0.3566666666666667
236.49315053703438,452.4143,688.3608,570.3875,0.0417,0.8548,1.4306,13,0.38833333333333336,236.04468958091374,452.8415,688.3608,570.6011,0.0083,0.887,1.4306,13,0.38833333333333336,237.90204860121,451.5856,688.9242,570.2549,0.0333,0.5733,1.4,13,0.38833333333333336,238.10188364797787,451.5112,689.107,570.3091,0.0083,0.4796,1.3805,13,0.38833333333333336,236.28860893676006,452.5796,688.3608,570.4702,0.0417,0.8599,1.4306,13,0.38833333333333336
236.4833613597193,452.4233,688.3622,570.3928,0.0417,0.8053,1.4306,14,0.42833333333333334,236.03573812559915,452.8497,688.3622,570.606,0.0083,0.9504,1.4306,14,0.42833333333333334,237.90573189119544,451.5776,688.9281,570.2528,0.0417,0.6054,1.4104,14,0.42833333333333334,238.09965037411908,451.5147,689.1113,570.313,0.0083,0.4716,1.3992,14,0.42833333333333334,236.32032784510645,452.5593,688.3622,570.4608,0.0333,0.9033,1.4306,14,0.42833333333333334
236.48278498126538,452.4149,688.3477,570.3813,0.0417,0.7905,1.4387,15,0.455,236.0346014023699,452.8419,688.3477,570.5948,0.0083,0.944,1.4387,15,0.455,237.8965792821926,451.5867,688.919,570.2529,0.0333,0.5352,1.3956,15,0.455,238.09673403381427,451.512,689.1022,570.3071,0.0083,0.4888,1.4111,15,0.455,236.31989878639706,452.5507,688.3477,570.4492,0.0333,0.8959,1.4387,15,0.455
236.52684470627875,452.4134,688.4285,570.421,0.0417,0.8886,1.4508,16,0.4866666666666667,236.07900067489416,452.8401,688.4285,570.6343,0.0083,0.9192,1.4508,16,0.4866666666666667,237.89677904045874,451.5804,688.9278,570.2541,0.0417,0.5935,1.4087,16,0.4866666666666667,238.09036673009294,451.5173,689.1104,570.3138,0.0083,0.4834,1.4058,16,0.4866666666666667,236.39111262246163,452.54,688.4285,570.4843,0.0167,0.9761,1.4508,16,0.4866666666666667
236.5287602868273,452.4117,688.429,570.4203,0.0417,0.8607,1.4609,17,0.535,236.08070059836413,452.8387,688.429,570.6339,0.0083,0.9393,1.4609,17,0.535,237.89244504920865,451.5914,688.9297,570.2606,0.0333,0.5373,1.4028,17,0.535,238.09238689728207,451.5164,689.1123,570.3143,0.0083,0.4835,1.4177,17,0.535,236.3669774459787,452.5472,688.429,570.4881,0.0333,0.9047,1.4609,17,0.535
236.65010717842748,452.3139,688.4207,570.3673,0.05,0.7828,1.4648,18,0.5533333333333333,236.1528614028859,452.7754,688.4207,570.5981,0.0083,0.8659,1.4648,18,0.5533333333333333,237.88877944470872,451.5927,688.9255,570.2591,0.0333,0.5369,1.4187,18,0.5533333333333333,238.08885090234097,451.5176,689.1082,570.3129,0.0083,0.482,1.4138,18,0.5533333333333333,236.55169389831934,452.4168,688.4207,570.4188,0.0333,0.8656,1.4648,18,0.5533333333333333
236.64875945395858,452.3171,688.4238,570.3705,0.05,0.777,1.4618,19,0.5883333333333334,236.15175860306428,452.7784,688.4238,570.6011,0.0083,0.8743,1.4618,19,0.5883333333333334,237.89638485350093,451.5791,688.9253,570.2522,0.0417,0.5995,1.394,19,0.5883333333333334,238.08991195789997,451.516,689.108,570.312,0.0083,0.487,1.4227,19,0.5883333333333334,236.4426625510989,452.4839,688.4238,570.4538,0.0333,0.8832,1.4618,19,0.5883333333333334
236.65004099381812,452.3171,688.4281,570.3726,0.05,0.774,1.4691,20,0.635,236.15325000856527,452.7782,688.4281,570.6032,0.0083,0.8692,1.4691,20,0.635,237.89170811805153,451.5806,688.9202,570.2504,0.0417,0.6013,1.3938,20,0.635,238.0845774011741,451.5181,689.103,570.3106,0.0083,0.4875,1.4214,20,0.635,236.44414605898908,452.4836,688.4281,570.4558,0.0333,0.8926,1.4691,20,0.635
236.53472805938682,452.3965,688.3945,570.3955,0.0333,0.9392,1.4854,21,0.655,236.1357145007143,452.769,688.3945,570.5817,0.0083,0.8665,1.4854,21,0.655,237.8886019910241,451.5862,688.9242,570.2552,0.0417,0.5944,1.3987,21,0.655,238.0812371007673,451.5234,689.106,570.3147,0.0083,0.4684,1.4162,21,0.655,236.44765372819188,452.4694,688.3945,570.432,0.0167,0.9722,1.4854,21,0.655
236.6713777202173,452.233,688.3454,570.2892,0.05,0.7145,1.4934,22,0.6883333333333334,236.16233867433138,452.7065,688.3454,570.526,0.0083,0.8214,1.4934,22,0.6883333333333334,237.87775607950434,451.5578,688.8676,570.2127,0.05,0.5499,1.5211,22,0.6883333333333334,238.05328726825516,451.5166,689.0484,570.2825,0.0083,0.5194,1.3614,22,0.6883333333333334,236.5757623075889,452.3164,688.3454,570.3309,0.0333,0.7568,1.4934,22,0.6883333333333334
236.6118288517371,452.2733,688.3467,570.31,0.0417,0.6426,1.3991,23,0.7316666666666667,236.14522669353596,452.7191,688.3467,570.5329,0.0083,0.7773,1.3991,23,0.7316666666666667,237.90000897678237,451.5422,688.8626,570.2024,0.0333,0.56,1.5144,23,0.7316666666666667,238.0518374240176,451.5195,689.0456,570.2826,0.0083,0.521,1.3077,23,0.7316666666666667,236.60015113130424,452.3022,688.3467,570.3244,0.0417,0.8174,1.3991,23,0.7316666666666667
236.59924757406492,452.2936,688.35,570.3218,0.0417,0.6435,1.4419,24,0.7533333333333334,236.13649592480826,452.7352,688.35,570.5426,0.0083,0.8651,1.4419,24,0.7533333333333334,237.89974487827018,451.5458,688.8676,570.2067,0.0333,0.5605,1.4931,24,0.7533333333333334,238.0517589134243,451.5228,689.0506,570.2867,0.0083,0.5207,1.2943,24,0.7533333333333334,236.6145450777973,452.3056,688.35,570.3278,0.05,0.5929,1.4419,24,0.7533333333333334
236.59187123278934,452.2825,688.3292,570.3059,0.0417,0.7164,1.4199,25,0.7883333333333333,236.12664696142102,452.7269,688.3292,570.528,0.0083,0.9186,1.4199,25,0.7883333333333333,237.90486854253882,451.5388,688.8672,570.203,0.0333,0.5599,1.4976,25,0.7883333333333333,238.05662051360903,451.5161,689.0501,570.2831,0.0083,0.5199,1.3046,25,0.7883333333333333,236.65446299767234,452.2586,688.3292,570.2939,0.0583,0.6001,1.4199,25,0.7883333333333333
236.57734971552495,452.2914,688.3308,570.3111,0.0417,0.6679,1.4593,26,0.8216666666666668,236.1133990833658,452.7351,688.3308,570.5329,0.0083,0.9821,1.4593,26,0.8216666666666668,237.90310209854627,451.5383,688.8662,570.2023,0.0333,0.5552,1.4978,26,0.8216666666666668,238.05483458307555,451.5156,689.0492,570.2824,0.0083,0.5205,1.3026,26,0.8216666666666668,236.40851827922998,452.4443,688.3308,570.3875,0.025,0.7828,1.4593,26,0.8216666666666668
236.6128189700819,452.2666,688.3331,570.2998,0.0417,0.6669,1.4436,27,0.8550000000000001,236.14540493408364,452.7133,688.3331,570.5232,0.0083,0.9942,1.4436,27,0.8550000000000001,237.89882703224902,451.5399,688.8613,570.2006,0.0333,0.5522,1.4719,27,0.8550000000000001,238.05071957223922,451.5171,689.0444,570.2808,0.0083,0.5211,1.2997,27,0.8550000000000001,236.5060991231316,452.352,688.3331,570.3426,0.0333,0.7141,1.4436,27,0.8550000000000001
236.6211718737183,452.2584,688.3294,570.2939,0.0417,0.6786,1.4498,28,0.8883333333333334,236.15340259581615,452.7053,688.3294,570.5174,0.0083,0.9087,1.4498,28,0.8883333333333334,237.87742148342858,451.5537,688.8632,570.2085,0.05,0.5529,1.4616,28,0.8883333333333334,238.05281245338563,451.5128,689.0441,570.2785,0.0083,0.5185,1.3417,28,0.8883333333333334,236.5134510086571,452.3443,688.3294,570.3369,0.0333,0.7016,1.4498,28,0.8883333333333334
236.71485242743194,452.2459,688.4058,570.3258,0.0583,0.736,1.3323,29,0.92,236.3868633541072,452.5234,688.4058,570.4646,0.0167,0.9941,1.3323,29,0.92,237.87530197044578,451.5528,688.9138,570.2333,0.0333,0.5715,1.3218,29,0.92,238.01933089034657,451.5337,689.0901,570.3119,0.0083,0.6273,1.3276,29,0.92,236.4777519989851,452.4376,688.4058,570.4217,0.0167,0.8804,1.3323,29,0.92
236.64227639022863,452.3012,688.3943,570.3477,0.0583,0.7254,1.3353,30,0.9533333333333334,236.13338019134113,452.7744,688.3943,570.5843,0.0167,0.9419,1.3353,30,0.9533333333333334,237.8802162924083,451.5513,688.9132,570.2322,0.0333,0.614,1.4077,30,0.9533333333333334,238.02423912688363,451.5322,689.0896,570.3109,0.0083,0.5784,1.3343,30,0.9533333333333334,236.4982046321278,452.4389,688.3943,570.4166,0.025,0.8629,1.3353,30,0.9533333333333334
236.64269207749484,452.3034,688.3915,570.3474,0.0583,0.7204,1.3494,31,0.9883333333333334,236.13430778907698,452.7763,688.3915,570.5839,0.0167,0.9708,1.3494,31,0.9883333333333334,237.9069808741571,451.5226,688.9109,570.2168,0.0417,0.608,1.4222,31,0.9883333333333334,238.0228276851572,451.5342,689.0873,570.3107,0.0083,0.549,1.3449,31,0.9883333333333334,236.4383417522221,452.4754,688.3915,570.4334,0.025,1.0212,1.3494,31,0.9883333333333334
236.4016288661619,452.4743,688.3229,570.3986,0.0417,0.7585,1.4523,32,1.0216666666666667,235.81430271341443,453.0606,688.3229,570.6918,0.0,1.1417,1.4523,32,1.0216666666666667,237.9226185357803,451.5311,688.8975,570.2143,0.05,0.3919,1.514,32,1.0216666666666667,238.01921499778123,451.5268,689.0697,570.2983,0.0,0.5422,1.3114,32,1.0216666666666667,236.4016288661619,452.4743,688.3229,570.3986,0.0417,0.7585,1.4523,32,1.0216666666666667
236.38862855225227,452.4919,688.3276,570.4097,0.0333,0.8201,1.429,33,1.0550000000000002,235.87958640807187,452.9983,688.3276,570.6629,0.0,1.1344,1.429,33,1.0550000000000002,237.92303477758657,451.5306,688.8984,570.2145,0.05,0.3858,1.511,33,1.0550000000000002,238.01950652644567,451.5265,689.0706,570.2985,0.0,0.5421,1.3084,33,1.0550000000000002,236.40659363951193,452.4735,688.3276,570.4006,0.0417,0.753,1.429,33,1.0550000000000002
236.335301630938,452.4998,688.253,570.3764,0.0333,0.8104,1.4286,34,1.0883333333333334,235.83022127169704,453.0023,688.253,570.6276,0.0,1.0838,1.4286,34,1.0883333333333334,237.99530684454842,451.4966,688.9524,570.2245,0.05,0.3846,1.3143,34,1.0883333333333334,238.09082086348045,451.4907,689.1233,570.307,0.0,0.4994,1.2305,34,1.0883333333333334,236.35639621654656,452.4782,688.253,570.3656,0.0417,0.7563,1.4286,34,1.0883333333333334
236.38962630378418,452.4263,688.2409,570.3336,0.0417,0.7508,1.4375,35,1.1216666666666668,235.81814723418614,453.0007,688.2409,570.6208,0.0,0.9871,1.4375,35,1.1216666666666668,237.9947453161634,451.4971,688.9506,570.2238,0.05,0.3938,1.266,35,1.1216666666666668,238.08981073854918,451.492,689.1214,570.3067,0.0,0.5024,1.2621,35,1.1216666666666668,236.34672929241447,452.4742,688.2409,570.3575,0.0417,0.7592,1.4375,35,1.1216666666666668
236.32011066761743,452.5095,688.2485,570.379,0.0333,0.7924,1.4325,36,1.155,235.81348003127556,453.0136,688.2485,570.631,0.0,1.0349,1.4325,36,1.155,237.9956892018221,451.4968,688.9562,570.2265,0.05,0.3882,1.2704,36,1.155,238.09064626682948,451.4917,689.1269,570.3093,0.0,0.4971,1.2337,36,1.155,236.34095130507785,452.4882,688.2485,570.3683,0.0417,0.7865,1.4325,36,1.155
236.3954522898047,452.4774,688.3289,570.4032,0.0417,0.791,1.4573,37,1.1900000000000002,235.80638908616191,453.0658,688.3289,570.6973,0.0,1.1709,1.4573,37,1.1900000000000002,237.95700789653,451.5311,688.9566,570.2438,0.05,0.3817,1.3334,37,1.1900000000000002,238.05193993080448,451.5274,689.1272,570.3273,0.0,0.5451,1.2247,37,1.1900000000000002,236.3954522898047,452.4774,688.3289,570.4032,0.0417,0.791,1.4573,37,1.1900000000000002
236.4297408221709,452.4406,688.3387,570.3897,0.0417,0.7455,1.4465,38,1.2233333333333334,235.83721693057552,453.032,688.3387,570.6854,0.0,0.9696,1.4465,38,1.2233333333333334,238.00310722913656,451.4917,688.9743,570.233,0.0333,0.4633,1.3173,38,1.2233333333333334,238.10971074574763,451.4878,689.1445,570.3162,0.0,0.5422,1.2502,38,1.2233333333333334,236.4977489393183,452.367,688.3387,570.3528,0.05,0.6715,1.4465,38,1.2233333333333334
236.37314390514072,452.4455,688.2479,570.3467,0.0417,0.7422,1.4316,39,1.2566666666666668,235.78317534740498,453.0351,688.2479,570.6415,0.0,1.0064,1.4316,39,1.2566666666666668,237.99615264390948,451.4914,688.9609,570.2261,0.0333,0.4625,1.3267,39,1.2566666666666668,238.10334045695,451.4875,689.1321,570.3098,0.0,0.542,1.2497,39,1.2566666666666668,236.37314390514072,452.4455,688.2479,570.3467,0.0417,0.7422,1.4316,39,1.2566666666666668
236.37206495788453,452.4472,688.2441,570.3457,0.0417,0.6776,1.4445,40,1.2883333333333333,235.7816245670735,453.0373,688.2441,570.6407,0.0,1.0172,1.4445,40,1.2883333333333333,237.9961638859257,451.4903,688.9573,570.2238,0.0333,0.4787,1.3187,40,1.2883333333333333,238.10289606276928,451.4864,689.1278,570.3071,0.0,0.5421,1.2387,40,1.2883333333333333,236.37206495788453,452.4472,688.2441,570.3457,0.0417,0.6776,1.4445,40,1.2883333333333333
236.44552813794314,452.3718,688.2457,570.3088,0.05,0.7004,1.4562,41,1.3216666666666668,235.7884995864323,453.033,688.2457,570.6394,0.0,0.9597,1.4562,41,1.3216666666666668,238.00543529539843,451.4875,688.9617,570.2246,0.025,0.468,1.3133,41,1.3216666666666668,238.10377677965988,451.4876,689.1323,570.3099,0.0,0.5843,1.2407,41,1.3216666666666668,236.44552813794314,452.3718,688.2457,570.3088,0.05,0.7004,1.4562,41,1.3216666666666668
236.35587462657818,452.5373,688.3711,570.4542,0.0583,0.8322,1.3697,42,1.355,235.71293706191895,453.1636,688.3711,570.7674,0.0083,1.035,1.3697,42,1.355,237.950948959589,451.573,688.9831,570.2781,0.0167,0.4692,1.3661,42,1.355,238.07558189805107,451.5432,689.1511,570.3472,0.0,0.5651,1.353,42,1.355,236.3792828297673,452.5195,688.3711,570.4453,0.05,0.7718,1.3697,42,1.355
236.2716612178896,452.6133,688.3527,570.483,0.05,0.8582,1.3506,43,1.3883333333333334,235.69503315913488,453.1678,688.3527,570.7602,0.0083,1.0771,1.3506,43,1.3883333333333334,237.93988787246477,451.573,688.9694,570.2712,0.0167,0.4692,1.3579,43,1.3883333333333334,238.06469275829747,451.5432,689.1377,570.3405,0.0,0.5651,1.3586,43,1.3883333333333334,236.36113838994748,452.5238,688.3527,570.4382,0.05,0.7932,1.3506,43,1.3883333333333334
236.33912108889604,452.5364,688.343,570.4397,0.0583,0.7764,1.3645,44,1.4200000000000002,235.69566908855396,453.1633,688.343,570.7532,0.0083,0.95,1.3645,44,1.4200000000000002,237.93353041604755,451.5761,688.9655,570.2708,0.0167,0.4375,1.3584,44,1.4200000000000002,238.05807668264902,451.547,689.1339,570.3405,0.0,0.552,1.3527,44,1.4200000000000002,236.3593623058386,452.521,688.343,570.432,0.05,0.7741,1.3645,44,1.4200000000000002
236.33685086532094,452.5323,688.34,570.4361,0.0583,0.7514,1.3062,45,1.4533333333333334,235.69314803810173,453.1591,688.34,570.7495,0.0083,1.1171,1.3062,45,1.4533333333333334,237.94518369594172,451.5593,688.959,570.2592,0.0333,0.3855,1.3609,45,1.4533333333333334,238.0583627537185,451.5434,689.1273,570.3354,0.0,0.5196,1.3664,45,1.4533333333333334,236.35477550636315,452.5186,688.34,570.4293,0.05,0.7699,1.3062,45,1.4533333333333334
236.33381986654103,452.5236,688.3447,570.4341,0.0833,0.7143,1.3614,46,1.4883333333333335,235.7250566767263,453.1337,688.3447,570.7392,0.0167,1.0331,1.3614,46,1.4883333333333335,237.91429893552038,451.6023,688.9684,570.2854,0.0333,0.4322,1.3636,46,1.4883333333333335,238.06124687115144,451.5478,689.1368,570.3423,0.0,0.524,1.3642,46,1.4883333333333335,236.36321704273607,452.5176,688.3447,570.4311,0.05,0.7429,1.3614,46,1.4883333333333335
236.34094959635766,452.5349,688.3473,570.4411,0.0583,0.7515,1.3442,47,1.5350000000000001,235.69766231208925,453.1617,688.3473,570.7545,0.0083,1.0756,1.3442,47,1.5350000000000001,237.9276739082154,451.5821,688.9733,570.2777,0.025,0.4759,1.3724,47,1.5350000000000001,238.06343664304865,451.5466,689.1411,570.3439,0.0,0.5347,1.3506,47,1.5350000000000001,236.36007642290394,452.5204,688.3473,570.4338,0.05,0.7642,1.3442,47,1.5350000000000001
236.39531046833116,452.4822,688.3557,570.4189,0.0667,0.7373,1.3558,48,1.5550000000000002,235.72466476717955,453.1378,688.3557,570.7467,0.0167,0.9716,1.3558,48,1.5550000000000002,237.89317558849726,451.6097,688.9728,570.2912,0.0333,0.4407,1.3669,48,1.5550000000000002,238.0629144951126,451.5449,689.1406,570.3427,0.0,0.5292,1.3512,48,1.5550000000000002,236.36336835116134,452.5211,688.3557,570.4384,0.05,0.7812,1.3558,48,1.5550000000000002
236.34878553217732,452.5387,688.3651,570.4519,0.0583,0.8236,1.3409,49,1.5883333333333334,235.70548396919438,453.1656,688.3651,570.7654,0.0083,1.0388,1.3409,49,1.5883333333333334,237.9408247663838,451.5744,688.9745,570.2744,0.0167,0.4386,1.3662,49,1.5883333333333334,238.06553804517094,451.5448,689.1427,570.3437,0.0,0.5459,1.3498,49,1.5883333333333334,236.36810289259833,452.524,688.3651,570.4445,0.05,0.77,1.3409,49,1.5883333333333334
236.28041532260602,452.6086,688.3592,570.4839,0.05,0.8709,1.3493,50,1.62,235.7033105328929,453.1636,688.3592,570.7614,0.0083,1.0838,1.3493,50,1.62,237.8949381227838,451.611,688.9744,570.2927,0.0333,0.4422,1.3636,50,1.62,238.06461435265575,451.5462,689.1421,570.3441,0.0,0.5209,1.3517,50,1.62,236.36686090057515,452.5213,688.3592,570.4403,0.05,0.8117,1.3493,50,1.62
236.3586324413245,452.5295,688.3639,570.4467,0.0583,0.8009,1.3211,51,1.6566666666666667,235.71454788216235,453.1569,688.3639,570.7604,0.0083,1.0399,1.3211,51,1.6566666666666667,237.89653013985176,451.6101,688.9745,570.2923,0.0333,0.4414,1.3597,51,1.6566666666666667,238.06580854636516,451.5456,689.1423,570.344,0.0,0.527,1.3565,51,1.6566666666666667,236.37879054196404,452.5141,688.3639,570.439,0.05,0.7914,1.3211,51,1.6566666666666667
236.44289467045056,452.4648,688.3752,570.42,0.0417,0.9192,1.3986,52,1.6883333333333335,235.85187552077392,453.0235,688.3752,570.6993,0.0083,1.3027,1.3986,52,1.6883333333333335,237.95641426675377,451.5407,688.946,570.2434,0.0167,0.5316,1.4059,52,1.6883333333333335,238.08564606119205,451.5123,689.1228,570.3176,0.0,0.553,1.3381,52,1.6883333333333335,236.43989703407235,452.4596,688.3752,570.4174,0.0417,0.8872,1.3986,52,1.6883333333333335
236.4466172006207,452.4608,688.3803,570.4205,0.0417,0.9498,1.4623,53,1.7216666666666667,235.85393770699022,453.0207,688.3803,570.7005,0.0083,1.2534,1.4623,53,1.7216666666666667,237.95567341091436,451.5399,688.9443,570.2421,0.0167,0.5418,1.4059,53,1.7216666666666667,238.08491557900683,451.5116,689.1211,570.3164,0.0,0.5551,1.3388,53,1.7216666666666667,236.4451163960248,452.4547,688.3803,570.4175,0.0417,0.8833,1.4623,53,1.7216666666666667
236.5154601865952,452.3891,688.3749,570.382,0.05,0.923,1.4594,54,1.76,235.85708525234102,453.0193,688.3749,570.6971,0.0083,1.3436,1.4594,54,1.76,237.9743505130828,451.5332,688.9315,570.2324,0.0167,0.532,1.4253,54,1.76,238.1051472054423,451.5048,689.1107,570.3077,0.0,0.5459,1.3724,54,1.76,236.4490062675609,452.4524,688.3749,570.4136,0.0417,0.9176,1.4594,54,1.76
236.38722739417844,452.5077,688.3824,570.445,0.0333,1.0037,1.3779,55,1.7883333333333336,235.85482629123226,453.0259,688.3824,570.7041,0.0083,1.31,1.3779,55,1.7883333333333336,237.97657572616527,451.5379,688.9299,570.2339,0.0167,0.5404,1.41,55,1.7883333333333336,238.10733202730214,451.5096,689.109,570.3093,0.0,0.5497,1.3514,55,1.7883333333333336,236.46565898994746,452.4521,688.3824,570.4172,0.0333,0.9674,1.3779,55,1.7883333333333336
236.51455009262693,452.3924,688.3783,570.3853,0.05,0.9056,1.3424,56,1.82,235.85707340697422,453.0218,688.3783,570.7,0.0083,1.2629,1.3424,56,1.82,237.96884229876835,451.5446,688.9313,570.238,0.0167,0.4916,1.405,56,1.82,238.09950395447333,451.5164,689.1104,570.3134,0.0,0.5518,1.3023,56,1.82,236.44853990816813,452.4556,688.3783,570.417,0.0417,0.9149,1.3424,56,1.82
236.3743860653428,452.5051,688.3763,570.4407,0.0417,0.8801,1.3307,57,1.8633333333333335,235.86334125099833,453.0153,688.3763,570.6958,0.0083,1.3664,1.3307,57,1.8633333333333335,237.96631012176778,451.546,688.9274,570.2367,0.0167,0.4839,1.4137,57,1.8633333333333335,238.09711950443423,451.5176,689.1066,570.3121,0.0,0.5453,1.3937,57,1.8633333333333335,236.35871229615336,452.5156,688.3763,570.446,0.0417,0.8341,1.3307,57,1.8633333333333335
236.26300151468917,452.6855,688.4722,570.5788,0.0333,1.0728,1.43,58,1.8866666666666667,235.74792503935797,453.1886,688.4722,570.8304,0.0083,1.2707,1.43,58,1.8866666666666667,237.98163742276702,451.5333,688.9413,570.2373,0.0167,0.478,1.2721,58,1.8866666666666667,238.10975877097528,451.5069,689.1178,570.3123,0.0,0.5158,1.3083,58,1.8866666666666667,236.2873542535909,452.6666,688.4722,570.5694,0.025,1.0905,1.43,58,1.8866666666666667
236.26485577364784,452.6756,688.4625,570.5691,0.0333,1.1102,1.4458,59,1.9200000000000002,235.74981762492357,453.1782,688.4625,570.8204,0.0083,1.3524,1.4458,59,1.9200000000000002,237.97172142074984,451.536,688.93,570.233,0.0167,0.4887,1.2726,59,1.9200000000000002,238.10004353334025,451.5099,689.107,570.3084,0.0,0.5318,1.3276,59,1.9200000000000002,236.27016739900077,452.664,688.4625,570.5632,0.0333,0.9309,1.4458,59,1.9200000000000002
236.25240505515615,452.6756,688.463,570.5693,0.0333,1.0889,1.4262,60,1.965,235.73659602129635,453.1791,688.463,570.8211,0.0083,1.2712,1.4262,60,1.965,238.00383942307005,451.5022,688.9301,570.2162,0.025,0.4773,1.3451,60,1.965,238.1002106828578,451.512,689.1072,570.3096,0.0,0.5451,1.3508,60,1.965,236.25517101426013,452.6651,688.463,570.564,0.0333,1.0034,1.4262,60,1.965
236.25390931697285,452.6742,688.4631,570.5686,0.0333,1.0946,1.4261,61,1.9883333333333335,235.73812427843697,453.1776,688.4631,570.8203,0.0083,1.3375,1.4261,61,1.9883333333333335,238.00237402324035,451.5034,688.9301,570.2168,0.025,0.4766,1.3451,61,1.9883333333333335,238.09874925700686,451.5132,689.1072,570.3102,0.0,0.5477,1.3508,61,1.9883333333333335,236.25734067283608,452.6631,688.4631,570.5631,0.0333,0.98,1.4261,61,1.9883333333333335
236.68265410495894,452.3353,688.4541,570.3947,0.075,0.9182,1.415,62,2.0233333333333334,236.0862268938476,452.8687,688.4541,570.6614,0.0167,0.9117,1.415,62,2.0233333333333334,237.94088320731953,451.5956,688.9956,570.2956,0.025,0.6039,1.3805,62,2.0233333333333334,238.08873567856278,451.5648,689.1674,570.3661,0.0083,0.5744,1.3685,62,2.0233333333333334,236.57402421891186,452.4488,688.4541,570.4515,0.05,0.844,1.415,62,2.0233333333333334
236.47780642710788,452.4738,688.4457,570.4597,0.0583,0.9049,1.3661,63,2.0633333333333335,235.86509259395464,453.0803,688.4457,570.763,0.025,1.1571,1.3661,63,2.0633333333333335,237.96071155314817,451.5836,689.0162,570.2999,0.0333,0.6186,1.3651,63,2.0633333333333335,238.10154254714544,451.5647,689.1875,570.3761,0.0083,0.5497,1.3821,63,2.0633333333333335,236.5637501682486,452.4468,688.4457,570.4463,0.0583,0.7787,1.3661,63,2.0633333333333335
236.48704245050038,452.4684,688.4447,570.4566,0.0583,0.9962,1.3966,64,2.0883333333333334,235.87496657611948,453.0743,688.4447,570.7595,0.025,1.1212,1.3966,64,2.0883333333333334,237.95515191549075,451.5968,689.0184,570.3076,0.025,0.6013,1.364,64,2.0883333333333334,238.10265402272717,451.5658,689.1895,570.3777,0.0083,0.5645,1.3843,64,2.0883333333333334,236.33875903192558,452.5972,688.4447,570.5209,0.05,0.9621,1.3966,64,2.0883333333333334
236.59245719898854,452.3999,688.4496,570.4248,0.0583,0.837,1.394,65,2.12,235.9444651381969,453.024,688.4496,570.7368,0.0167,1.0938,1.394,65,2.12,237.95752077964246,451.5964,689.0215,570.309,0.025,0.6015,1.3548,65,2.12,238.10495198251897,451.5655,689.1926,570.379,0.0083,0.5656,1.3904,65,2.12,236.58532064996731,452.4336,688.4496,570.4416,0.05,0.8261,1.394,65,2.12
236.4604209523606,452.4946,688.4414,570.468,0.05,0.9834,1.3798,66,2.166666666666667,235.85939530808633,453.0873,688.4414,570.7644,0.0167,1.0955,1.3798,66,2.166666666666667,237.95438039491705,451.5956,689.0163,570.306,0.025,0.602,1.3301,66,2.166666666666667,238.10186673285222,451.5646,689.1874,570.376,0.0083,0.5762,1.3757,66,2.166666666666667,236.33127123731163,452.6126,688.4414,570.527,0.0417,0.9282,1.3798,66,2.166666666666667
236.4657686923897,452.5037,688.4359,570.4698,0.0417,0.9906,1.398,67,2.1883333333333335,235.9243788381373,453.0317,688.4359,570.7338,0.0167,1.0512,1.398,67,2.1883333333333335,237.95293010063386,451.5991,689.0283,570.3137,0.025,0.6112,1.3699,67,2.1883333333333335,238.10032564386947,451.5678,689.199,570.3834,0.0083,0.5781,1.3424,67,2.1883333333333335,236.40025229721513,452.5539,688.4359,570.4949,0.0417,0.9066,1.398,67,2.1883333333333335
236.54018500586187,452.4274,688.4366,570.432,0.05,0.9942,1.3932,68,2.2216666666666667,235.9325064929058,453.0267,688.4366,570.7317,0.0167,1.0218,1.3932,68,2.2216666666666667,237.94698956500298,451.5989,689.0313,570.3151,0.025,0.6137,1.3068,68,2.2216666666666667,238.0944293152583,451.5674,689.202,570.3847,0.0083,0.5753,1.3272,68,2.2216666666666667,236.55508591289953,452.4579,688.4366,570.4472,0.05,0.849,1.3932,68,2.2216666666666667
236.61347694226595,452.3816,688.4488,570.4152,0.05,0.9136,1.3809,69,2.2550000000000003,236.00266042553136,452.9824,688.4488,570.7156,0.0167,1.1974,1.3809,69,2.2550000000000003,237.95735572814613,451.5979,689.033,570.3155,0.025,0.6109,1.373,69,2.2550000000000003,238.1098910132625,451.5667,689.2116,570.3891,0.0083,0.5739,1.3538,69,2.2550000000000003,236.57937208678607,452.4451,688.4488,570.4469,0.0417,0.8649,1.3809,69,2.2550000000000003
236.51163259965497,452.4627,688.4513,570.457,0.0417,0.9958,1.4059,70,2.2883333333333336,235.9677181613473,452.9931,688.4513,570.7222,0.0167,0.9948,1.4059,70,2.2883333333333336,237.95950974137028,451.5962,689.0315,570.3138,0.025,0.6002,1.41,70,2.2883333333333336,238.1119428987453,451.5653,689.2101,570.3877,0.0083,0.5623,1.3555,70,2.2883333333333336,236.5556806959461,452.4489,688.4513,570.4501,0.0417,0.8744,1.4059,70,2.2883333333333336
236.6280351907804,452.3604,688.4543,570.4074,0.0583,0.9235,1.3791,71,2.3233333333333337,235.97242717944962,452.993,688.4543,570.7236,0.0167,0.9779,1.3791,71,2.3233333333333337,238.00122546520572,451.5481,689.034,570.291,0.0417,0.576,1.4066,71,2.3233333333333337,238.1151861187667,451.5637,689.2126,570.3881,0.0083,0.5234,1.3559,71,2.3233333333333337,236.60106268517654,452.4199,688.4543,570.4371,0.05,0.7639,1.3791,71,2.3233333333333337
236.40961089891798,452.4859,688.324,570.4049,0.0417,0.9094,1.4475,72,2.356666666666667,235.95538290495784,452.9094,688.324,570.6167,0.0083,0.9209,1.4475,72,2.356666666666667,237.96898157710646,451.578,688.945,570.2615,0.0167,0.4745,1.5258,72,2.356666666666667,238.0944722244486,451.5478,689.1149,570.3313,0.0,0.5632,1.4344,72,2.356666666666667,236.42168270744608,452.4766,688.324,570.4003,0.0333,0.8659,1.4475,72,2.356666666666667
236.38861825719758,452.5019,688.3331,570.4175,0.0333,0.974,1.4491,73,2.3916666666666666,235.97855546187475,452.8972,688.3331,570.6151,0.0083,0.8789,1.4491,73,2.3916666666666666,237.97056174439345,451.5772,688.9516,570.2644,0.0167,0.4533,1.5547,73,2.3916666666666666,238.09620479828374,451.5464,689.1213,570.3339,0.0,0.5816,1.4131,73,2.3916666666666666,236.44459469433946,452.4651,688.3331,570.3991,0.0333,0.9309,1.4491,73,2.3916666666666666
236.3414117802908,452.5298,688.3276,570.4287,0.0417,0.9043,1.6244,74,2.4233333333333333,235.8916351232455,452.9508,688.3276,570.6392,0.0083,1.0741,1.6244,74,2.4233333333333333,237.95989109832627,451.5868,688.9448,570.2658,0.0167,0.4809,1.5128,74,2.4233333333333333,238.08571434740074,451.556,689.1148,570.3354,0.0,0.5547,1.4147,74,2.4233333333333333,236.3567318908816,452.5181,688.3276,570.4228,0.0333,0.9308,1.6244,74,2.4233333333333333
236.29084194313845,452.6038,688.3243,570.4641,0.0417,1.0861,1.5142,75,2.4533333333333336,235.68397898707693,453.1977,688.3243,570.761,0.0083,1.0324,1.5142,75,2.4533333333333336,237.8832005415935,451.68,688.9535,570.3168,0.0167,0.4937,1.5382,75,2.4533333333333336,238.01066843672461,451.6457,689.1236,570.3847,0.0,0.5461,1.4158,75,2.4533333333333336,236.30701333613823,452.5913,688.3243,570.4578,0.0333,1.0271,1.5142,75,2.4533333333333336
236.44629282363434,452.4352,688.3108,570.373,0.05,0.8364,1.5046,76,2.486666666666667,235.76952662405026,453.1038,688.3108,570.7073,0.0083,0.9679,1.5046,76,2.486666666666667,237.99876461859182,451.546,688.9472,570.2466,0.025,0.4762,1.5124,76,2.486666666666667,238.09556293363985,451.5479,689.1174,570.3327,0.0,0.5196,1.4133,76,2.486666666666667,236.57732412761754,452.3472,688.3108,570.329,0.0667,0.7352,1.5046,76,2.486666666666667
236.4384691713821,452.4255,688.2997,570.3626,0.05,0.8361,1.4859,77,2.535,235.75837334210377,453.0975,688.2997,570.6986,0.0083,1.0533,1.4859,77,2.535,238.0648301760288,451.5732,689.0898,570.3315,0.0083,0.4731,1.4014,77,2.535,238.0786006983165,451.543,689.0898,570.3164,0.0,0.5422,1.4014,77,2.535,236.46467518461014,452.4374,688.2997,570.3686,0.05,0.8207,1.4859,77,2.535
236.42969667238262,452.4301,688.2952,570.3626,0.05,0.8533,1.4877,78,2.555,235.7528357752474,453.0989,688.2952,570.697,0.0083,1.0251,1.4877,78,2.555,238.06893400221173,451.5659,689.0823,570.3241,0.0083,0.4751,1.3993,78,2.555,238.08211691478826,451.5367,689.0823,570.3095,0.0,0.5344,1.3993,78,2.555,236.44764303874635,452.4727,688.2952,570.3839,0.0583,0.779,1.4877,78,2.555
236.43207575877696,452.4307,688.3013,570.366,0.05,0.8405,1.4644,79,2.5883333333333334,235.75217137173436,453.1025,688.3013,570.7019,0.0083,1.0075,1.4644,79,2.5883333333333334,238.07350527360995,451.5669,689.0912,570.3291,0.0083,0.4868,1.4021,79,2.5883333333333334,238.08703939802783,451.5369,689.0912,570.3141,0.0,0.5537,1.4021,79,2.5883333333333334,236.46100539354742,452.4406,688.3013,570.371,0.05,0.8428,1.4644,79,2.5883333333333334
236.3632283143646,452.4799,688.2926,570.3862,0.05,0.8526,1.5048,80,2.62,235.687094939864,453.1502,688.2926,570.7214,0.0083,0.995,1.5048,80,2.62,237.95178657278956,451.5711,688.9098,570.2404,0.0167,0.4895,1.4974,80,2.62,238.07792278934818,451.5414,689.081,570.3112,0.0,0.565,1.3991,80,2.62,236.39198881034966,452.4891,688.2926,570.3908,0.05,0.9199,1.5048,80,2.62
236.42107625748503,452.433,688.2865,570.3598,0.05,0.8293,1.4696,81,2.6533333333333333,235.7412399010188,453.1048,688.2865,570.6956,0.0083,0.956,1.4696,81,2.6533333333333333,237.9621530966005,451.5711,688.9286,570.2498,0.0167,0.4895,1.5179,81,2.6533333333333333,238.08796571870906,451.5414,689.0993,570.3204,0.0,0.5651,1.4068,81,2.6533333333333333,236.45158622053074,452.4415,688.2865,570.364,0.05,0.8464,1.4696,81,2.6533333333333333
236.4002335904773,452.4109,688.2456,570.3282,0.05,0.7968,1.3384,82,2.6883333333333335,235.94908607579225,452.882,688.2456,570.5638,0.0167,1.1011,1.3384,82,2.6883333333333335,237.9745916601731,451.5475,688.969,570.2582,0.0167,0.5414,1.4216,82,2.6883333333333335,238.10674791759274,451.5166,689.1485,570.3326,0.0,0.6275,1.3962,82,2.6883333333333335,236.25583548991617,452.5508,688.2456,570.3982,0.0417,0.9007,1.3384,82,2.6883333333333335
236.37764942984776,452.4229,688.2393,570.3311,0.0417,0.8777,1.3634,83,2.7216666666666667,235.94750119441906,452.8726,688.2393,570.5559,0.0083,1.0117,1.3634,83,2.7216666666666667,237.97202460436569,451.5492,688.9736,570.2614,0.0167,0.5426,1.3918,83,2.7216666666666667,238.10413998557942,451.5183,689.1531,570.3357,0.0,0.6418,1.3956,83,2.7216666666666667,236.25536953685287,452.5402,688.2393,570.3897,0.0417,0.9145,1.3634,83,2.7216666666666667
236.3218665645081,452.4821,688.2405,570.3613,0.0583,0.8405,1.3721,84,2.7550000000000003,235.73701975270293,453.0746,688.2405,570.6576,0.0167,1.2618,1.3721,84,2.7550000000000003,237.96363673127442,451.5621,688.9727,570.2674,0.0167,0.5441,1.4338,84,2.7550000000000003,238.09462243578264,451.5336,689.1522,570.3429,0.0,0.6671,1.3978,84,2.7550000000000003,236.2400652898865,452.5643,688.2405,570.4024,0.0417,0.8735,1.3721,84,2.7550000000000003
236.31984080160217,452.4819,688.2423,570.3621,0.0583,0.881,1.3735,85,2.7883333333333336,235.73608858387058,453.0733,688.2423,570.6578,0.0167,1.2326,1.3735,85,2.7883333333333336,237.95635530810927,451.5617,688.9671,570.2644,0.0167,0.5433,1.4031,85,2.7883333333333336,238.08751162069615,451.5333,689.1469,570.3401,0.0,0.6675,1.3795,85,2.7883333333333336,236.40478150689586,452.464,688.2423,570.3531,0.05,0.942,1.3735,85,2.7883333333333336
236.3175579312461,452.478,688.2469,570.3624,0.0583,0.9008,1.2776,86,2.8200000000000003,235.7344462977894,453.0679,688.2469,570.6574,0.0167,1.1753,1.2776,86,2.8200000000000003,237.9571260434308,451.5529,688.9622,570.2575,0.0167,0.5661,1.4235,86,2.8200000000000003,238.08800254491882,451.5253,689.1421,570.3337,0.0,0.6733,1.3713,86,2.8200000000000003,236.40492935039038,452.4575,688.2469,570.3522,0.05,0.8922,1.2776,86,2.8200000000000003
236.44646154910185,452.419,688.324,570.3715,0.0417,0.8645,1.3719,87,2.855,236.19446767055197,452.6917,688.324,570.5079,0.0167,0.9473,1.3719,87,2.855,237.96413396779752,451.5243,688.9307,570.2275,0.0167,0.5619,1.356,87,2.855,238.09240623447914,451.4985,689.1079,570.3032,0.0,0.6097,1.3982,87,2.855,236.45879495298104,452.464,688.324,570.394,0.0417,0.8689,1.3719,87,2.855
236.35935104916769,452.4971,688.3422,570.4197,0.05,0.8552,1.3166,88,2.8866666666666667,236.1723359624598,452.7104,688.3422,570.5263,0.0167,0.8586,1.3166,88,2.8866666666666667,237.96726016311223,451.5245,688.934,570.2292,0.0167,0.5835,1.3824,88,2.8866666666666667,238.0955493271868,451.4987,689.1111,570.3049,0.0,0.646,1.342,88,2.8866666666666667,236.413438047401,452.4981,688.3422,570.4202,0.0333,0.8754,1.3166,88,2.8866666666666667
236.35633934522963,452.4995,688.3374,570.4185,0.05,0.8635,1.3277,89,2.921666666666667,236.16945476698203,452.7127,688.3374,570.5251,0.0167,0.8447,1.3277,89,2.921666666666667,237.9694053930604,451.5232,688.9345,570.2289,0.0167,0.5837,1.3856,89,2.921666666666667,238.0976531156381,451.4974,689.1117,570.3045,0.0,0.646,1.3364,89,2.921666666666667,236.41054854677483,452.5005,688.3374,570.4189,0.0333,0.8732,1.3277,89,2.921666666666667
236.36942491771933,452.4957,688.3355,570.4156,0.05,0.8594,1.3713,90,2.955,236.1816026111072,452.7097,688.3355,570.5226,0.0167,0.8505,1.3713,90,2.955,237.9745681216685,451.5237,688.9458,570.2347,0.0167,0.5783,1.3205,90,2.955,238.1026170176326,451.498,689.1226,570.3103,0.0,0.6377,1.322,90,2.955,236.44065975931835,452.4869,688.3355,570.4112,0.0417,0.8375,1.3713,90,2.955
236.4171971856969,452.4521,688.3338,570.3929,0.05,1.0214,1.371,91,2.9883333333333337,236.22741161931953,452.6673,688.3338,570.5005,0.0167,0.9857,1.371,91,2.9883333333333337,238.02325839893476,451.4762,688.946,570.2111,0.0167,0.5095,1.3301,91,2.9883333333333337,238.15367291561196,451.4451,689.1228,570.284,0.0,0.5563,1.2886,91,2.9883333333333337,236.48932800574858,452.4422,688.3338,570.388,0.0417,0.7481,1.371,91,2.9883333333333337
236.32925281792473,452.616,688.4484,570.5322,0.0417,1.0803,1.4741,92,3.021666666666667,235.75528813343257,453.1897,688.4484,570.819,0.0083,1.3326,1.4741,92,3.021666666666667,238.16123485905172,451.4666,688.988,570.2273,0.025,0.4451,1.3088,92,3.021666666666667,238.2679884268437,451.4494,689.1633,570.3064,0.0,0.4722,1.3385,92,3.021666666666667,236.34492139799366,452.599,688.4484,570.5237,0.0417,1.1058,1.4741,92,3.021666666666667
236.05559562610898,452.9466,688.4966,570.7216,0.0333,1.005,1.4598,93,3.0533333333333337,235.5627250371562,453.4265,688.4966,570.9615,0.0083,1.3674,1.4598,93,3.0533333333333337,237.9632585602233,451.673,689.0406,570.3568,0.025,0.447,1.3,93,3.0533333333333337,238.14212496282724,451.622,689.2268,570.4244,0.0,0.4407,1.2918,93,3.0533333333333337,236.07355114314933,452.9275,688.4966,570.712,0.0333,1.035,1.4598,93,3.0533333333333337
236.21062117367327,452.763,688.4737,570.6184,0.0417,1.0075,1.5203,94,3.091666666666667,235.65047430600535,453.3145,688.4737,570.8941,0.0083,1.3258,1.5203,94,3.091666666666667,237.99342981177296,451.6394,689.0399,570.3396,0.0167,0.4209,1.376,94,3.091666666666667,238.14919174087527,451.61,689.2261,570.4181,0.0,0.4246,1.3036,94,3.091666666666667,236.1291641291179,452.8368,688.4737,570.6553,0.0417,1.033,1.5203,94,3.091666666666667
236.2419042372355,452.7257,688.469,570.5974,0.0417,1.0556,1.4069,95,3.121666666666667,235.68623618311366,453.274,688.469,570.8715,0.0083,1.2836,1.4069,95,3.121666666666667,237.93999271284136,451.6898,689.0495,570.3696,0.0083,0.4746,1.3446,95,3.121666666666667,237.9745245001965,451.6593,689.0495,570.3544,0.0,0.4386,1.3446,95,3.121666666666667,236.19516273672656,452.7764,688.469,570.6227,0.0333,1.0474,1.4069,95,3.121666666666667
236.04449535186183,452.8882,688.413,570.6506,0.0333,1.0405,1.394,96,3.1533333333333333,235.56055356692085,453.36,688.413,570.8865,0.0083,1.307,1.394,96,3.1533333333333333,237.92866352474783,451.6846,689.0263,570.3554,0.0083,0.4325,1.3511,96,3.1533333333333333,237.9380894142745,451.6637,689.0263,570.345,0.0,0.4847,1.3511,96,3.1533333333333333,236.07392393968502,452.8654,688.413,570.6392,0.025,1.0108,1.394,96,3.1533333333333333
236.0593344525059,452.7777,688.2816,570.5296,0.0417,0.9758,1.3795,97,3.1933333333333334,235.50892910872014,453.3207,688.2816,570.8011,0.0083,1.3442,1.3795,97,3.1933333333333334,237.82553223658206,451.653,688.8927,570.2729,0.0167,0.4533,1.1967,97,3.1933333333333334,237.86793575341503,451.6193,688.8927,570.256,0.0,0.4327,1.1967,97,3.1933333333333334,236.00393672107165,452.8289,688.2816,570.5552,0.0417,1.0847,1.3795,97,3.1933333333333334
236.0363912479031,452.7541,688.2451,570.4996,0.0333,1.1421,1.3444,98,3.2216666666666667,235.544846786237,453.2348,688.2451,570.74,0.0083,1.3038,1.3444,98,3.2216666666666667,237.86029135715677,451.5784,688.8647,570.2216,0.025,0.3156,1.2546,98,3.2216666666666667,237.91847611400576,451.5094,688.8647,570.1871,0.0,0.4615,1.2546,98,3.2216666666666667,236.06513605014783,452.7319,688.2451,570.4885,0.025,1.096,1.3444,98,3.2216666666666667
236.04655470452863,452.7552,688.2737,570.5145,0.0333,1.1086,1.332,99,3.2550000000000003,235.55283038974198,453.2386,688.2737,570.7562,0.0083,1.2418,1.332,99,3.2550000000000003,237.95150074396886,451.5098,688.8723,570.1911,0.025,0.3477,1.2483,99,3.2550000000000003,237.92220981705094,451.5111,688.8723,570.1917,0.0,0.4793,1.2483,99,3.2550000000000003,236.0756301987723,452.7327,688.2737,570.5032,0.025,1.0557,1.332,99,3.2550000000000003
236.14793933127893,452.7845,688.4446,570.6146,0.025,1.1378,1.3925,100,3.296666666666667,235.84539600794662,453.0733,688.4446,570.7589,0.0083,1.1647,1.3925,100,3.296666666666667,238.09965436334153,451.5335,689.0916,570.3126,0.025,0.4119,1.338,100,3.296666666666667,238.2041389602819,451.5259,689.2686,570.3972,0.0,0.5192,1.3002,100,3.296666666666667,236.1763327015499,452.7627,688.4446,570.6036,0.0167,1.1511,1.3925,100,3.296666666666667
236.18550846214612,452.7575,688.4641,570.6108,0.0333,1.0267,1.4151,101,3.3216666666666668,235.69009490205656,453.2405,688.4641,570.8523,0.0083,1.231,1.4151,101,3.3216666666666668,238.0812945002457,451.5315,689.0424,570.287,0.025,0.4042,1.3925,101,3.3216666666666668,238.17527258679976,451.5245,689.2046,570.3645,0.0,0.5124,1.339,101,3.3216666666666668,236.21364308861877,452.7358,688.4641,570.6,0.025,0.9643,1.4151,101,3.3216666666666668
236.6240194690161,452.3338,688.4441,570.389,0.075,0.6601,1.4792,102,3.3550000000000004,236.1787703412055,452.7711,688.4441,570.6076,0.0167,0.6835,1.4792,102,3.3550000000000004,237.9952343541344,451.546,689.0217,570.2839,0.0333,0.472,1.4676,102,3.3550000000000004,238.14902740105984,451.5146,689.1941,570.3544,0.0083,0.4814,1.4737,102,3.3550000000000004,236.7195978876715,452.2973,688.4441,570.3707,0.05,0.7462,1.4792,102,3.3550000000000004
236.50490608946,452.3383,688.3463,570.3423,0.075,0.6685,1.4981,103,3.395,236.06799453570525,452.7696,688.3463,570.558,0.0167,0.7063,1.4981,103,3.395,237.92354110867828,451.4984,688.9149,570.2066,0.0583,0.4966,1.5227,103,3.395,238.05028625681484,451.509,689.094,570.3015,0.0083,0.46,1.4937,103,3.395,236.5209183807438,452.3469,688.3463,570.3466,0.0417,0.6975,1.4981,103,3.395
236.33833440294796,452.5226,688.3639,570.4433,0.1083,0.6163,1.453,104,3.421666666666667,236.0066304259768,452.8579,688.3639,570.6109,0.0167,0.6846,1.453,104,3.421666666666667,237.90984676578606,451.5218,688.9017,570.2118,0.0333,0.5411,1.6026,104,3.421666666666667,238.0485241726666,451.5082,689.0756,570.2919,0.0083,0.4706,1.4851,104,3.421666666666667,236.63091338930678,452.298,688.3639,570.331,0.0667,0.7077,1.453,104,3.421666666666667
236.34932482958104,452.5054,688.3579,570.4316,0.1,0.6389,1.5095,105,3.456666666666667,235.99668737058974,452.8606,688.3579,570.6092,0.0167,0.701,1.5095,105,3.456666666666667,237.89527800194998,451.5271,688.8998,570.2135,0.05,0.5323,1.5976,105,3.456666666666667,238.0467659753538,451.507,689.0737,570.2904,0.0083,0.4758,1.4592,105,3.456666666666667,236.51500547257774,452.3572,688.3579,570.3576,0.05,0.7121,1.5095,105,3.456666666666667
236.35016389094073,452.5087,688.3632,570.436,0.1,0.5959,1.4507,106,3.501666666666667,235.99805710817796,452.8635,688.3632,570.6133,0.0167,0.712,1.4507,106,3.501666666666667,237.9107286520126,451.5063,688.9011,570.2037,0.0667,0.4851,1.634,106,3.501666666666667,238.04424774021382,451.5098,689.075,570.2924,0.0083,0.4242,1.4677,106,3.501666666666667,236.51933953930043,452.3575,688.3632,570.3603,0.05,0.7085,1.4507,106,3.501666666666667
236.4017690485648,452.5637,688.4682,570.516,0.0917,0.6674,1.5607,107,3.535,236.03886642009545,452.9304,688.4682,570.6993,0.0167,0.8115,1.5607,107,3.535,237.9673013811622,451.6167,689.0332,570.325,0.0417,0.399,1.4493,107,3.535,238.09358977760044,451.5763,689.203,570.3897,0.0,0.4808,1.4084,107,3.535,236.60724339606244,452.4014,688.4682,570.4348,0.05,0.5728,1.5607,107,3.535
236.41171040821015,452.548,688.456,570.502,0.0917,0.6631,1.5887,108,3.556666666666667,236.0412814677003,452.9206,688.456,570.6883,0.0167,0.7697,1.5887,108,3.556666666666667,237.98098312915644,451.6194,689.0323,570.3258,0.05,0.4068,1.4406,108,3.556666666666667,238.1187078696201,451.558,689.201,570.3795,0.0,0.4356,1.3574,108,3.556666666666667,236.60954892022255,452.3928,688.456,570.4244,0.05,0.6506,1.5887,108,3.556666666666667
236.36329992041618,452.5269,688.3656,570.4462,0.0917,0.6612,1.5546,109,3.6,235.98935651330214,452.9032,688.3656,570.6344,0.0167,0.7583,1.5546,109,3.6,237.93298278733505,451.5906,688.9427,570.2666,0.0417,0.3901,1.4926,109,3.6,238.05969315150557,451.5501,689.1142,570.3322,0.0,0.4661,1.4902,109,3.6,236.55937806599448,452.373,688.3656,570.3693,0.05,0.6567,1.5546,109,3.6
236.65744266314192,452.2088,688.2172,570.213,0.075,0.6707,1.4889,110,3.621666666666667,236.21998738487233,452.577,688.2172,570.3971,0.0083,0.8281,1.4889,110,3.621666666666667,238.01834176590057,451.3092,688.7723,570.0408,0.0333,0.6053,1.5238,110,3.621666666666667,238.1580660928698,451.2937,688.9447,570.1192,0.0083,0.5689,1.469,110,3.621666666666667,236.7218959810962,452.104,688.2172,570.1606,0.05,0.6905,1.4889,110,3.621666666666667
236.68002536105857,451.9203,688.0069,569.9636,0.0417,0.6542,1.5561,111,3.6550000000000002,236.1587973627462,452.4304,688.0069,570.2187,0.0,0.8958,1.5561,111,3.6550000000000002,238.03704335124328,451.1527,688.6219,569.8873,0.0167,0.5577,1.4846,111,3.6550000000000002,238.16335761895957,451.1174,688.7887,569.9531,0.0,0.5848,1.5306,111,3.6550000000000002,236.68002536105857,451.9203,688.0069,569.9636,0.0417,0.6542,1.5561,111,3.6550000000000002
236.653226110231,452.6307,688.8027,570.7167,0.025,0.6968,1.543,112,3.7033333333333336,236.60153257456156,452.6776,688.8027,570.7401,0.0,0.8821,1.543,112,3.7033333333333336,238.03439310663592,451.7952,689.1956,570.4954,0.0167,0.6182,1.3822,112,3.7033333333333336,238.15301391792485,451.7667,689.356,570.5614,0.0,0.6414,1.4008,112,3.7033333333333336,236.653226110231,452.6307,688.8027,570.7167,0.025,0.6968,1.543,112,3.7033333333333336
236.65300792020585,452.6387,688.8061,570.7224,0.025,0.8391,1.55,113,3.721666666666667,236.3999023823013,452.9027,688.8061,570.8544,0.0083,1.1352,1.55,113,3.721666666666667,238.20352011822516,451.6741,689.2169,570.4455,0.025,0.4481,1.4831,113,3.721666666666667,238.3482506888029,451.6186,689.3921,570.5054,0.0,0.548,1.4188,113,3.721666666666667,236.6145429888891,452.677,688.8061,570.7415,0.025,0.948,1.55,113,3.721666666666667
236.13255858522194,452.6064,688.2424,570.4244,0.0333,1.0882,1.4559,114,3.751666666666667,235.73808299550012,452.9994,688.2424,570.6209,0.0083,1.1732,1.4559,114,3.751666666666667,237.83075767753854,451.5617,688.8321,570.1969,0.0167,0.507,1.4539,114,3.751666666666667,237.95515757229825,451.5289,688.9975,570.2632,0.0,0.63,1.2751,114,3.751666666666667,236.15419647317768,452.5898,688.2424,570.4161,0.025,1.1216,1.4559,114,3.751666666666667
235.99334860685357,452.7098,688.1912,570.4505,0.0417,0.8457,1.4113,115,3.7883333333333336,235.73347198399827,452.9778,688.1912,570.5845,0.0083,1.0814,1.4113,115,3.7883333333333336,237.71068086876195,451.6313,688.767,570.1991,0.0167,0.4879,1.2383,115,3.7883333333333336,237.83363822170728,451.6034,688.9347,570.269,0.0,0.6065,1.2199,115,3.7883333333333336,236.15558509977677,452.6022,688.1912,570.3967,0.0333,0.8271,1.4113,115,3.7883333333333336
236.54815406481623,452.6857,688.7114,570.6985,0.0417,0.7203,1.4764,116,3.8216666666666668,236.13504961239144,453.0836,688.7114,570.8975,0.0,0.9767,1.4764,116,3.8216666666666668,238.0582620785768,451.8062,689.3873,570.5967,0.0083,0.585,1.4158,116,3.8216666666666668,238.17645797069437,451.8062,689.5668,570.6865,0.0,0.585,1.3724,116,3.8216666666666668,236.54815406481623,452.6857,688.7114,570.6985,0.0417,0.7203,1.4764,116,3.8216666666666668
236.29807755254475,452.4807,688.2375,570.3591,0.0333,0.8614,1.3962,117,3.8533333333333335,235.8912900020486,452.8433,688.2375,570.5404,0.0,1.0806,1.3962,117,3.8533333333333335,238.0176229687283,451.4588,688.9536,570.2062,0.0167,0.5508,1.4207,117,3.8533333333333335,238.1419705547051,451.4289,689.1218,570.2754,0.0,0.6074,1.4558,117,3.8533333333333335,236.29807755254475,452.4807,688.2375,570.3591,0.0333,0.8614,1.3962,117,3.8533333333333335
236.35388893574444,452.122,687.9499,570.036,0.025,0.8615,1.26,118,3.8883333333333336,235.95464767352067,452.518,687.9499,570.234,0.0,1.1165,1.26,118,3.8883333333333336,238.0404002508259,451.0713,688.6129,569.8421,0.0083,0.6295,1.3641,118,3.8883333333333336,238.1501940487521,451.0713,688.7796,569.9255,0.0,0.6295,1.3616,118,3.8883333333333336,236.35388893574444,452.122,687.9499,570.036,0.025,0.8615,1.26,118,3.8883333333333336
236.54093783558838,452.4572,688.4575,570.4573,0.025,0.8069,1.493,119,3.9200000000000004,236.2897090077297,452.6937,688.4575,570.5756,0.0,0.9661,1.493,119,3.9200000000000004,238.1711184660848,451.4334,689.0964,570.2649,0.025,0.4771,1.2582,119,3.9200000000000004,238.26153751029906,451.4283,689.2558,570.342,0.0,0.4978,1.2709,119,3.9200000000000004,236.54093783558838,452.4572,688.4575,570.4573,0.025,0.8069,1.493,119,3.9200000000000004
236.61623103647383,452.4423,688.5413,570.4918,0.05,0.5918,1.6599,120,3.9533333333333336,236.36467638586564,452.7093,688.5413,570.6253,0.0,0.8245,1.6599,120,3.9533333333333336,238.2092163124568,451.5168,689.2203,570.3686,0.025,0.445,1.5207,120,3.9533333333333336,238.36929799709097,451.4558,689.3874,570.4216,0.0,0.4831,1.4254,120,3.9533333333333336,236.61623103647383,452.4423,688.5413,570.4918,0.05,0.5918,1.6599,120,3.9533333333333336
236.5161914926506,452.6022,688.5419,570.5721,0.0333,0.8145,1.5932,121,3.9883333333333337,236.23281074423545,452.8632,688.5419,570.7025,0.0,0.8854,1.5932,121,3.9883333333333337,238.17191494780448,451.5886,689.2211,570.4048,0.025,0.4849,1.4,121,3.9883333333333337,238.2710025040441,451.5761,689.3879,570.482,0.0,0.4809,1.3948,121,3.9883333333333337,236.5161914926506,452.6022,688.5419,570.5721,0.0333,0.8145,1.5932,121,3.9883333333333337
236.71921133166632,452.4472,688.6106,570.5289,0.05,0.793,1.3546,122,4.0216666666666665,236.24067735568102,452.8888,688.6106,570.7497,0.0083,0.9153,1.3546,122,4.0216666666666665,238.09826666866243,451.6573,689.2064,570.4319,0.0167,0.5801,1.402,122,4.0216666666666665,238.22641706171302,451.6193,689.3744,570.4968,0.0,0.626,1.4151,122,4.0216666666666665,236.72144370414148,452.4456,688.6106,570.5281,0.0417,0.7893,1.3546,122,4.0216666666666665
236.63161316119357,452.448,688.5205,570.4842,0.05,0.7727,1.2311,123,4.055000000000001,236.15296720027183,452.8898,688.5205,570.7051,0.0083,1.0013,1.2311,123,4.055000000000001,237.99471628334678,451.6554,689.0958,570.3756,0.0167,0.5692,1.2507,123,4.055000000000001,238.12471865182908,451.6172,689.2666,570.4419,0.0,0.5804,1.4004,123,4.055000000000001,236.63326533761105,452.4466,688.5205,570.4835,0.0417,0.7491,1.2311,123,4.055000000000001
236.1850336677813,452.6322,688.2174,570.4248,0.0583,0.7746,1.3459,124,4.088333333333334,235.76736101996542,452.9982,688.2174,570.6078,0.0083,0.9911,1.3459,124,4.088333333333334,237.71300548840244,451.653,688.7748,570.2139,0.0167,0.646,1.3363,124,4.088333333333334,237.8403334742429,451.6221,688.947,570.2845,0.0,0.6819,1.2331,124,4.088333333333334,236.35055372481645,452.4503,688.2174,570.3338,0.0583,0.6811,1.3459,124,4.088333333333334
236.56269521574575,452.4612,688.4463,570.4538,0.0583,0.8037,1.6096,125,4.12,236.0212638042234,452.976,688.4463,570.7111,0.0083,0.9711,1.6096,125,4.12,237.96930183918244,451.65,689.0345,570.3422,0.0167,0.6458,1.5376,125,4.12,238.09898638746176,451.6191,689.2103,570.4147,0.0,0.6821,1.4647,125,4.12,236.5637407644311,452.4604,688.4463,570.4533,0.05,0.7751,1.6096,125,4.12
236.61520761820347,452.233,688.2663,570.2496,0.025,0.7929,1.3232,126,4.153333333333333,236.38893240047386,452.4173,688.2663,570.3418,0.0,0.9296,1.3232,126,4.153333333333333,238.20444675709044,451.344,688.9756,570.1598,0.0083,0.4731,1.3274,126,4.153333333333333,238.22012938331724,451.3093,688.9756,570.1425,0.0,0.5397,1.3274,126,4.153333333333333,236.61520761820347,452.233,688.2663,570.2496,0.025,0.7929,1.3232,126,4.153333333333333
236.60133800751194,452.2718,688.2653,570.2686,0.0417,0.6658,1.3186,127,4.1883333333333335,236.24455688702815,452.6035,688.2653,570.4344,0.0,0.8542,1.3186,127,4.1883333333333335,237.93880490031418,451.5142,688.8179,570.1661,0.025,0.4831,1.3125,127,4.1883333333333335,238.10651726634472,451.4505,688.9973,570.2239,0.0,0.5138,1.2488,127,4.1883333333333335,236.60133800751194,452.2718,688.2653,570.2686,0.0417,0.6658,1.3186,127,4.1883333333333335
236.50795008109978,452.4856,688.3609,570.4233,0.0417,0.6991,1.4365,128,4.221666666666667,236.22295143923807,452.7388,688.3609,570.5499,0.0083,0.8424,1.4365,128,4.221666666666667,237.85941661615158,451.7551,689.0221,570.3886,0.025,0.4698,1.3858,128,4.221666666666667,237.95104008567512,451.7823,689.1943,570.4883,0.0,0.5108,1.3752,128,4.221666666666667,236.56292908125448,452.4452,688.3609,570.4031,0.0417,0.6608,1.4365,128,4.221666666666667
236.46302963611768,452.5175,688.3705,570.444,0.0417,0.642,1.4353,129,4.255,236.23290317919714,452.7122,688.3705,570.5413,0.0083,1.0633,1.4353,129,4.255,237.92916972422478,451.6985,689.0136,570.356,0.025,0.508,1.3691,129,4.255,237.9992842012928,451.7246,689.186,570.4553,0.0,0.5255,1.3938,129,4.255,236.46484578759285,452.5161,688.3705,570.4433,0.0333,0.6274,1.4353,129,4.255
236.32306796565032,452.4128,688.1456,570.2792,0.0333,0.9519,1.3665,130,4.288333333333334,235.88160855482772,452.8387,688.1456,570.4922,0.0,1.1605,1.3665,130,4.288333333333334,237.90489305378347,451.4739,688.8141,570.144,0.0417,0.4078,1.4197,130,4.288333333333334,238.02427724350724,451.4739,688.9789,570.2264,0.0,0.4514,1.3509,130,4.288333333333334,236.32306796565032,452.4128,688.1456,570.2792,0.0333,0.9519,1.3665,130,4.288333333333334
236.28508469677703,452.4627,688.1457,570.3042,0.0417,0.9133,1.3857,131,4.321666666666667,235.80293597234908,452.9152,688.1457,570.5305,0.0,1.1215,1.3857,131,4.321666666666667,237.89875599014297,451.4927,688.7867,570.1397,0.025,0.4492,1.3869,131,4.321666666666667,237.9579824196027,451.531,688.9513,570.2412,0.0,0.4965,1.3495,131,4.321666666666667,236.28508469677703,452.4627,688.1457,570.3042,0.0417,0.9133,1.3857,131,4.321666666666667
236.34703303418783,452.5482,688.3009,570.4246,0.0667,0.6436,1.5573,132,4.355,235.88347026077597,452.9604,688.3009,570.6307,0.0083,1.0176,1.5573,132,4.355,237.9217159858668,451.6588,689.071,570.3649,0.025,0.4046,1.4156,132,4.355,238.0933814128787,451.5862,689.2417,570.4139,0.0,0.4967,1.3824,132,4.355,236.32177419786103,452.5664,688.3009,570.4337,0.0583,0.671,1.5573,132,4.355
236.37700584301132,452.5462,688.318,570.4321,0.075,0.6694,1.4515,133,4.388333333333334,235.92752199286002,452.9322,688.318,570.6251,0.0083,0.9481,1.4515,133,4.388333333333334,237.90924978238846,451.6625,689.0603,570.3614,0.025,0.3982,1.4183,133,4.388333333333334,238.08079643819886,451.5902,689.2312,570.4107,0.0,0.4489,1.4,133,4.388333333333334,236.50134899997852,452.3962,688.318,570.3571,0.0583,0.7089,1.4515,133,4.388333333333334
236.50362667951896,452.384,688.3075,570.3457,0.0667,0.6845,1.5177,134,4.421666666666667,235.91269849576966,452.938,688.3075,570.6227,0.0083,0.9768,1.5177,134,4.421666666666667,237.90293338861616,451.663,689.0499,570.3564,0.025,0.3929,1.3599,134,4.421666666666667,238.0747192674935,451.5906,689.2212,570.4059,0.0,0.4509,1.4058,134,4.421666666666667,236.48497217125936,452.4031,688.3075,570.3553,0.0583,0.7059,1.5177,134,4.421666666666667
236.37125926228387,452.5455,688.3069,570.4262,0.075,0.685,1.5212,135,4.455,235.9210115386882,452.9324,688.3069,570.6196,0.0083,0.9831,1.5212,135,4.455,237.92553988587116,451.6592,689.0349,570.3471,0.025,0.39,1.4768,135,4.455,238.09774259569468,451.587,689.207,570.397,0.0,0.4793,1.4744,135,4.455,236.49578848684405,452.3956,688.3069,570.3512,0.0583,0.7138,1.5212,135,4.455
236.57011907993683,452.3145,688.3038,570.3091,0.075,0.6871,1.5194,136,4.488333333333333,235.9251212909142,452.9246,688.3038,570.6142,0.0083,1.0067,1.5194,136,4.488333333333333,237.9369335495507,451.6575,689.0516,570.3545,0.025,0.3915,1.4638,136,4.488333333333333,238.1088458701396,451.5853,689.2233,570.4043,0.0,0.4774,1.4345,136,4.488333333333333,236.51585296631282,452.3819,688.3038,570.3429,0.0667,0.727,1.5194,136,4.488333333333333
236.5156965363049,452.3766,688.3105,570.3435,0.0667,0.7045,1.5388,137,4.535,235.9235560547772,452.9312,688.3105,570.6208,0.0083,1.0167,1.5388,137,4.535,237.9153080884948,451.6599,689.0636,570.3618,0.025,0.3919,1.3429,137,4.535,238.08682386811685,451.5877,689.2346,570.4111,0.0,0.4644,1.361,137,4.535,236.364559850387,452.5354,688.3105,570.4229,0.0583,0.6613,1.5388,137,4.535
236.51398759183874,452.3741,688.307,570.3406,0.0667,0.6973,1.5308,138,4.555000000000001,235.92115457163234,452.9293,688.307,570.6182,0.0083,0.9803,1.5308,138,4.555000000000001,237.91521511845482,451.6595,689.062,570.3607,0.025,0.3904,1.3432,138,4.555000000000001,238.0867540741089,451.5872,689.233,570.4101,0.0,0.4714,1.3614,138,4.555000000000001,236.36290040695488,452.533,688.307,570.42,0.0583,0.6376,1.5308,138,4.555000000000001
236.56646135403219,452.3201,688.3062,570.3132,0.075,0.6959,1.5292,139,4.59,235.92146470154407,452.9302,688.3062,570.6182,0.0083,0.9746,1.5292,139,4.59,237.91373188377142,451.6597,689.0608,570.3602,0.025,0.3901,1.3677,139,4.59,238.085269133937,451.5874,689.2318,570.4096,0.0,0.4712,1.3523,139,4.59,236.36311758426305,452.5336,688.3062,570.4199,0.0583,0.6617,1.5292,139,4.59
236.56770441207576,452.3212,688.3092,570.3152,0.075,0.7017,1.5169,140,4.63,235.92313115882206,452.9309,688.3092,570.62,0.0083,0.9497,1.5169,140,4.63,237.88536735677965,451.6608,689.0286,570.3447,0.025,0.3915,1.4151,140,4.63,238.05731661241205,451.5885,689.2002,570.3944,0.0,0.4826,1.4209,140,4.63,236.36472345277116,452.5343,688.3092,570.4217,0.0583,0.6301,1.5169,140,4.63
236.37019494361817,452.5464,688.3071,570.4268,0.075,0.7022,1.5182,141,4.656666666666667,235.92055869296726,452.9325,688.3071,570.6198,0.0083,0.946,1.5182,141,4.656666666666667,237.88498264039336,451.6609,689.0277,570.3443,0.025,0.3914,1.4124,141,4.656666666666667,238.05694144053479,451.5887,689.1993,570.394,0.0,0.4826,1.4204,141,4.656666666666667,236.36202878759337,452.5361,688.3071,570.4216,0.0583,0.6306,1.5182,141,4.656666666666667
236.29057879539303,452.6807,688.4628,570.5717,0.0333,0.91,1.468,142,4.691666666666667,235.71852609793322,453.2196,688.4628,570.8412,0.0,1.1985,1.468,142,4.691666666666667,238.00819368164238,451.6037,689.0685,570.3361,0.0167,0.541,1.399,142,4.691666666666667,238.12742487542667,451.5738,689.2291,570.4015,0.0,0.5492,1.3365,142,4.691666666666667,236.29057879539303,452.6807,688.4628,570.5717,0.0333,0.91,1.468,142,4.691666666666667
236.2585803642859,452.6856,688.4601,570.5729,0.0333,0.9267,1.4281,143,4.73,235.68653324969856,453.2246,688.4601,570.8424,0.0,1.2924,1.4281,143,4.73,237.94851217401344,451.6023,688.9968,570.2995,0.0167,0.5444,1.4736,143,4.73,238.07331985785882,451.5723,689.1658,570.369,0.0,0.5461,1.4483,143,4.73,236.2585803642859,452.6856,688.4601,570.5729,0.0333,0.9267,1.4281,143,4.73
236.3129491791803,452.6207,688.4127,570.5167,0.0333,0.887,1.3155,144,4.753333333333334,235.88612108876006,452.9993,688.4127,570.706,0.0,1.0097,1.3155,144,4.753333333333334,237.95586483738978,451.6035,689.0089,570.3062,0.0167,0.535,1.4161,144,4.753333333333334,238.0792660668282,451.573,689.1754,570.3742,0.0,0.552,1.4005,144,4.753333333333334,236.3129491791803,452.6207,688.4127,570.5167,0.0333,0.887,1.3155,144,4.753333333333334
236.4274240761394,452.5277,688.4401,570.4839,0.0417,0.8346,1.4757,145,4.788333333333334,235.94850835376735,452.9415,688.4401,570.6908,0.0,1.1243,1.4757,145,4.788333333333334,237.9707602628583,451.5896,689.0005,570.295,0.0167,0.5293,1.3439,145,4.788333333333334,238.0922348510916,451.5609,689.1653,570.3631,0.0,0.5973,1.3602,145,4.788333333333334,236.4274240761394,452.5277,688.4401,570.4839,0.0417,0.8346,1.4757,145,4.788333333333334
236.45689703828913,452.5308,688.4684,570.4996,0.0417,0.8893,1.3416,146,4.831666666666667,235.9788039369478,452.9445,688.4684,570.7064,0.0,1.1204,1.3416,146,4.831666666666667,237.97161813339224,451.5892,689.0015,570.2954,0.0167,0.5301,1.3474,146,4.831666666666667,238.09307033738378,451.5605,689.1663,570.3634,0.0,0.5964,1.3693,146,4.831666666666667,236.45689703828913,452.5308,688.4684,570.4996,0.0417,0.8893,1.3416,146,4.831666666666667
236.46258171311123,452.5369,688.4921,570.5145,0.0417,0.863,1.342,147,4.8533333333333335,235.98513727961335,452.95,688.4921,570.7211,0.0,1.0725,1.342,147,4.8533333333333335,237.97872257942504,451.5955,689.0251,570.3103,0.0167,0.5229,1.3587,147,4.8533333333333335,238.0997118313133,451.5668,689.1892,570.378,0.0,0.6054,1.3642,147,4.8533333333333335,236.46258171311123,452.5369,688.4921,570.5145,0.0417,0.863,1.342,147,4.8533333333333335
236.43988304561742,452.5357,688.4704,570.503,0.0417,0.8639,1.3594,148,4.886666666666667,235.96150083740426,452.949,688.4704,570.7097,0.0,1.0901,1.3594,148,4.886666666666667,237.98054544714182,451.5955,689.0193,570.3074,0.0167,0.5223,1.3791,148,4.886666666666667,238.10152892270042,451.5668,689.1834,570.3751,0.0,0.6059,1.3604,148,4.886666666666667,236.43988304561742,452.5357,688.4704,570.503,0.0417,0.8639,1.3594,148,4.886666666666667
236.44450577024537,452.5288,688.4498,570.4893,0.0417,0.8799,1.2966,149,4.931666666666667,235.96691941520186,452.9417,688.4498,570.6958,0.0,1.0427,1.2966,149,4.931666666666667,237.939617677774,451.5932,688.9499,570.2716,0.0167,0.5244,1.3699,149,4.931666666666667,238.0618350402871,451.5645,689.1158,570.3402,0.0,0.5882,1.3927,149,4.931666666666667,236.44450577024537,452.5288,688.4498,570.4893,0.0417,0.8799,1.2966,149,4.931666666666667
236.41790849191747,452.5324,688.4352,570.4838,0.0417,0.8168,1.3648,150,4.955,235.93999084709193,452.9455,688.4352,570.6903,0.0,1.0222,1.3648,150,4.955,237.9411931013579,451.5965,688.958,570.2773,0.0167,0.5312,1.3925,150,4.955,238.0632478843676,451.5679,689.1238,570.3458,0.0,0.6092,1.3883,150,4.955,236.41790849191747,452.5324,688.4352,570.4838,0.0417,0.8168,1.3648,150,4.955
236.42555163456288,452.5261,688.4361,570.4811,0.0417,0.8444,1.3682,151,4.988333333333333,235.94775119306968,452.9391,688.4361,570.6876,0.0,1.0259,1.3682,151,4.988333333333333,237.94320898583916,451.5935,688.9558,570.2747,0.0167,0.5285,1.394,151,4.988333333333333,238.06532856922087,451.5648,689.1216,570.3432,0.0,0.5862,1.3675,151,4.988333333333333,236.42555163456288,452.5261,688.4361,570.4811,0.0417,0.8444,1.3682,151,4.988333333333333
236.14159585249635,452.7115,688.3175,570.5145,0.0417,1.0151,1.4735,152,5.035,235.6214698227703,453.2071,688.3175,570.7623,0.0083,1.2615,1.4735,152,5.035,237.873422129208,451.5857,688.9164,570.2511,0.0417,0.485,1.4344,152,5.035,237.9802935692361,451.5986,689.0827,570.3407,0.0083,0.4683,1.3357,152,5.035,236.18159610433386,452.6468,688.3175,570.4821,0.0333,0.9848,1.4735,152,5.035
236.28107953820262,452.6017,688.3185,570.4601,0.0583,0.7677,1.4701,153,5.053333333333334,235.67542488198197,453.1573,688.3185,570.7379,0.0083,1.0408,1.4701,153,5.053333333333334,237.8926800494246,451.5598,688.9193,570.2395,0.0583,0.4038,1.431,153,5.053333333333334,237.9890707601529,451.5914,689.0856,570.3385,0.0083,0.421,1.3367,153,5.053333333333334,236.24074600394906,452.5917,688.3185,570.4551,0.0333,0.8227,1.4701,153,5.053333333333334
236.4001761199606,452.4738,688.2915,570.3827,0.075,0.7513,1.5567,154,5.088333333333334,235.67951061572253,453.1507,688.2915,570.7211,0.0083,1.094,1.5567,154,5.088333333333334,237.90570061343163,451.565,688.9381,570.2515,0.05,0.4749,1.3916,154,5.088333333333334,237.99745577434246,451.5998,689.1075,570.3537,0.0083,0.4502,1.3646,154,5.088333333333334,236.2435915421705,452.5864,688.2915,570.439,0.0333,0.9287,1.5567,154,5.088333333333334
236.3647327801657,452.4977,688.2858,570.3918,0.0667,0.9226,1.5576,155,5.121666666666667,235.6751934356707,453.1532,688.2858,570.7195,0.0083,0.9316,1.5576,155,5.121666666666667,237.8961119881203,451.5688,688.9294,570.2491,0.05,0.4757,1.4042,155,5.121666666666667,237.98760205015796,451.604,689.0989,570.3515,0.0083,0.4525,1.3732,155,5.121666666666667,236.24104763084486,452.5872,688.2858,570.4365,0.0333,0.9408,1.5576,155,5.121666666666667
236.3127828962617,452.5739,688.2951,570.4345,0.0667,0.8195,1.5667,156,5.153333333333333,235.6843528336381,453.1508,688.2951,570.723,0.0083,0.9907,1.5667,156,5.153333333333333,237.89604331025774,451.5691,688.9294,570.2492,0.05,0.476,1.4253,156,5.153333333333333,237.98760293204256,451.6043,689.0989,570.3516,0.0083,0.451,1.3742,156,5.153333333333333,236.24789166846983,452.5871,688.2951,570.4411,0.0333,0.9528,1.5667,156,5.153333333333333
236.0134138028772,452.8452,688.3044,570.5748,0.0333,0.8854,1.6265,157,5.1883333333333335,235.49014376618928,453.3567,688.3044,570.8306,0.0083,1.275,1.6265,157,5.1883333333333335,237.6399708271487,451.8717,688.9591,570.4154,0.0167,0.5301,1.4683,157,5.1883333333333335,237.78714955324008,451.8429,689.1333,570.4881,0.0,0.5269,1.4458,157,5.1883333333333335,236.0752444936042,452.7822,688.3044,570.5433,0.0417,0.9257,1.6265,157,5.1883333333333335
236.3144312172684,452.6045,688.3173,570.4609,0.0417,0.7808,1.5789,158,5.221666666666667,235.91786358392716,452.9662,688.3173,570.6417,0.0083,1.0074,1.5789,158,5.221666666666667,237.88519423354325,451.629,688.9273,570.2781,0.0333,0.4101,1.46,158,5.221666666666667,237.96275968888955,451.6439,689.1024,570.3732,0.0,0.416,1.4126,158,5.221666666666667,236.2773167178495,452.6105,688.3173,570.4639,0.025,0.9609,1.5789,158,5.221666666666667
236.3217904204439,452.2042,687.9303,570.0672,0.0667,0.6153,1.3869,159,5.253333333333334,235.7858679783735,452.7304,687.9303,570.3304,0.0083,0.7923,1.3869,159,5.253333333333334,237.77384543112746,451.411,688.6123,570.0117,0.05,0.4576,1.354,159,5.253333333333334,237.86638629639197,451.4548,688.7897,570.1223,0.0083,0.4037,1.3106,159,5.253333333333334,236.28844945440466,452.2534,687.9303,570.0919,0.05,0.6476,1.3869,159,5.253333333333334
236.4525294850033,452.3385,688.3053,570.3219,0.075,0.4873,1.3483,160,5.288333333333334,235.8758139844736,452.9039,688.3053,570.6046,0.0083,0.7995,1.3483,160,5.288333333333334,237.84927721743526,451.5235,688.7686,570.1461,0.05,0.4171,1.4623,160,5.288333333333334,237.94316752542656,451.559,688.9411,570.2501,0.0083,0.459,1.4615,160,5.288333333333334,236.40138041618485,452.3923,688.3053,570.3488,0.0667,0.4913,1.3483,160,5.288333333333334
236.53055601067103,452.2906,688.2937,570.2921,0.05,0.6214,1.4157,161,5.32,236.01524095003754,452.7982,688.2937,570.5459,0.0083,0.8903,1.4157,161,5.32,237.97342977966508,451.4254,688.8152,570.1203,0.05,0.4905,1.4064,161,5.32,238.00990205454013,451.5147,688.9893,570.252,0.0083,0.4198,1.3481,161,5.32,236.42983608107062,452.368,688.2937,570.3308,0.0417,0.6066,1.4157,161,5.32
236.7432564147868,452.2162,688.3476,570.2819,0.05,0.6961,1.5311,162,5.358333333333333,236.11393838929618,452.8238,688.3476,570.5857,0.0083,1.0128,1.5311,162,5.358333333333333,238.15799651490266,451.41,688.9389,570.1745,0.0667,0.3397,1.5568,162,5.358333333333333,238.2483751291422,451.4088,689.1202,570.2645,0.0083,0.4344,1.4454,162,5.358333333333333,236.69327741827973,452.2674,688.3476,570.3075,0.0417,0.6932,1.5311,162,5.358333333333333
236.41867296954499,452.5438,688.4091,570.4765,0.0417,0.8112,1.5176,163,5.388333333333334,236.03905702943626,452.9285,688.4091,570.6688,0.0083,1.0046,1.5176,163,5.388333333333334,237.98252110069967,451.6262,689.0213,570.3237,0.05,0.3745,1.4448,163,5.388333333333334,238.06230416533822,451.6422,689.1882,570.4152,0.0083,0.4442,1.3045,163,5.388333333333334,236.40743511410108,452.5979,688.4091,570.5035,0.0333,0.8852,1.5176,163,5.388333333333334
236.44734607854772,452.5659,688.4693,570.5176,0.0417,0.8637,1.5159,164,5.421666666666667,236.06854535394194,452.9496,688.4693,570.7094,0.0083,0.8821,1.5159,164,5.421666666666667,238.18002124088386,451.6289,689.3071,570.468,0.0417,0.3685,1.3796,164,5.421666666666667,238.1222565941815,451.6663,689.3071,570.4867,0.0083,0.4583,1.3796,164,5.421666666666667,236.35397821678004,452.676,688.4693,570.5726,0.0167,0.8326,1.5159,164,5.421666666666667
236.44010000541059,452.5845,688.4483,570.5164,0.0333,1.0075,1.484,165,5.455,236.04537968807125,452.9726,688.4483,570.7104,0.0083,0.9807,1.484,165,5.455,237.97441776998187,451.6731,689.1083,570.3907,0.0333,0.4311,1.4817,165,5.455,238.1130610770597,451.6587,689.283,570.4708,0.0083,0.4541,1.3911,165,5.455,236.31991504876171,452.7034,688.4483,570.5759,0.025,1.0278,1.484,165,5.455
236.42740066150196,452.5442,688.3888,570.4665,0.0333,0.7817,1.4841,166,5.486666666666667,236.03194050648193,452.9347,688.3888,570.6617,0.0083,0.9536,1.4841,166,5.486666666666667,237.96758134733375,451.6744,689.0972,570.3858,0.0333,0.4241,1.4649,166,5.486666666666667,238.1087574732273,451.6599,689.2759,570.4679,0.0083,0.4286,1.39,166,5.486666666666667,236.31844225023744,452.6601,688.3888,570.5244,0.0167,0.8578,1.4841,166,5.486666666666667
236.40106000813816,452.5413,688.3451,570.4432,0.0333,0.8481,1.4923,167,5.535,236.00573504348102,452.9316,688.3451,570.6384,0.0083,0.9447,1.4923,167,5.535,237.9137293543948,451.678,689.0267,570.3524,0.0417,0.3771,1.434,167,5.535,238.06260369459096,451.66,689.2071,570.4335,0.0083,0.4274,1.3509,167,5.535,236.29231630272562,452.6569,688.3451,570.501,0.0167,0.9081,1.4923,167,5.535
236.45380579666244,452.3246,688.1296,570.2271,0.05,0.8203,1.4368,168,5.553333333333334,235.81157321343795,452.9256,688.1296,570.5276,0.0083,0.9821,1.4368,168,5.553333333333334,237.9063998991131,451.5094,688.8222,570.1658,0.025,0.5917,1.3493,168,5.553333333333334,238.04275314602768,451.4794,689.0088,570.2441,0.0083,0.5901,1.3251,168,5.553333333333334,236.35469998095888,452.4086,688.1296,570.2691,0.0333,0.9859,1.4368,168,5.553333333333334
236.53802510067536,452.2408,688.1541,570.1974,0.0583,0.6994,1.4627,169,5.588333333333334,235.86446019774166,452.8764,688.1541,570.5153,0.0083,0.9902,1.4627,169,5.588333333333334,237.94786726226334,451.4635,688.8591,570.1613,0.0167,0.5784,1.4191,169,5.588333333333334,238.06796256279887,451.4635,689.0416,570.2526,0.0083,0.5784,1.3896,169,5.588333333333334,236.3862214611656,452.3823,688.1541,570.2682,0.0333,0.8888,1.4627,169,5.588333333333334
236.47331970110002,452.5038,688.3916,570.4477,0.05,0.9843,1.4836,170,5.621666666666667,235.8464209076301,453.1091,688.3916,570.7504,0.0083,1.3261,1.4836,170,5.621666666666667,238.06049747910865,451.6048,689.1092,570.357,0.025,0.5833,1.402,170,5.621666666666667,238.1688468020723,451.6156,689.2833,570.4494,0.0083,0.5712,1.3984,170,5.621666666666667,236.32437543858683,452.6448,688.3916,570.5182,0.025,1.0802,1.4836,170,5.621666666666667
236.44011069250232,452.5407,688.405,570.4729,0.0417,0.7729,1.4966,171,5.655,236.05785395362304,452.9269,688.405,570.666,0.0083,1.0733,1.4966,171,5.655,238.0266917427878,451.6475,689.1138,570.3807,0.0167,0.6199,1.3854,171,5.655,238.14127121439398,451.6475,689.2879,570.4677,0.0083,0.6199,1.3994,171,5.655,236.3490548586868,452.647,688.405,570.526,0.0167,0.9625,1.4966,171,5.655
236.67427052326804,452.369,688.4563,570.4126,0.0583,0.6412,1.4716,172,5.691666666666667,235.94174298472248,453.0725,688.4563,570.7644,0.0,0.8989,1.4716,172,5.691666666666667,237.9198696882757,451.6918,689.0334,570.3626,0.0167,0.5153,1.4224,172,5.691666666666667,238.04268618139528,451.6671,689.2025,570.4348,0.0,0.5672,1.2703,172,5.691666666666667,236.67427052326804,452.369,688.4563,570.4126,0.0583,0.6412,1.4716,172,5.691666666666667
236.6654504790905,452.374,688.4475,570.4107,0.0583,0.6594,1.4804,173,5.723333333333334,235.9344340350423,453.0761,688.4475,570.7618,0.0,0.8814,1.4804,173,5.723333333333334,237.9184252419253,451.6934,689.0394,570.3664,0.0167,0.5158,1.4012,173,5.723333333333334,238.04104751543167,451.6689,689.2083,570.4386,0.0,0.5707,1.2591,173,5.723333333333334,236.6654504790905,452.374,688.4475,570.4107,0.0583,0.6594,1.4804,173,5.723333333333334
236.3975695000019,452.42,688.2516,570.3358,0.05,0.5066,1.5073,174,5.756666666666667,235.86309106094237,452.9293,688.2516,570.5905,0.0,0.8461,1.5073,174,5.756666666666667,237.7714650393852,451.6221,688.814,570.2181,0.0167,0.4862,1.5509,174,5.756666666666667,237.90280246364438,451.597,688.9963,570.2966,0.0,0.5468,1.4171,174,5.756666666666667,236.3975695000019,452.42,688.2516,570.3358,0.05,0.5066,1.5073,174,5.756666666666667
236.4563568693467,452.3074,688.2345,570.2709,0.0333,0.726,1.433,175,5.791666666666667,236.06643569272603,452.7027,688.2345,570.4686,0.0,0.8127,1.433,175,5.791666666666667,237.9628113281521,451.4112,688.8076,570.1094,0.0333,0.4207,1.5205,175,5.791666666666667,238.064338981392,451.423,688.989,570.206,0.0,0.5473,1.3507,175,5.791666666666667,236.4563568693467,452.3074,688.2345,570.2709,0.0333,0.726,1.433,175,5.791666666666667
236.65256089918216,452.1886,688.2605,570.2245,0.0417,0.7014,1.4985,176,5.823333333333334,236.16340510698512,452.6429,688.2605,570.4517,0.0,0.8568,1.4985,176,5.823333333333334,237.9887455293541,451.4233,688.8328,570.128,0.0333,0.4554,1.4693,176,5.823333333333334,238.09229798727108,451.4314,689.0126,570.222,0.0,0.5382,1.3494,176,5.823333333333334,236.65256089918216,452.1886,688.2605,570.2245,0.0417,0.7014,1.4985,176,5.823333333333334
236.50644402281847,452.3132,688.2528,570.283,0.05,0.7191,1.4833,177,5.858333333333333,235.83742145716133,452.9339,688.2528,570.5933,0.0,1.1053,1.4833,177,5.858333333333333,237.98192288584156,451.4211,688.8275,570.1243,0.0333,0.4547,1.4906,177,5.858333333333333,238.08551428887822,451.4295,689.0077,570.2186,0.0,0.501,1.3341,177,5.858333333333333,236.50644402281847,452.3132,688.2528,570.283,0.05,0.7191,1.4833,177,5.858333333333333
236.22016656959627,452.8265,688.4404,570.6334,0.0417,0.7654,1.5555,178,5.888333333333334,235.64092244781705,453.3692,688.4404,570.9048,0.0,1.0438,1.5555,178,5.888333333333334,237.77161477829782,451.881,689.0744,570.4777,0.0333,0.4654,1.394,178,5.888333333333334,237.97827049440346,451.7877,689.257,570.5223,0.0,0.496,1.2935,178,5.888333333333334,236.22016656959627,452.8265,688.4404,570.6334,0.0417,0.7654,1.5555,178,5.888333333333334
236.5410584661019,452.4994,688.4178,570.4586,0.05,0.6611,1.51,179,5.920000000000001,236.03365218311336,452.9657,688.4178,570.6918,0.0,0.9348,1.51,179,5.920000000000001,237.95092940634356,451.6812,689.0497,570.3655,0.0167,0.5719,1.3651,179,5.920000000000001,238.07325606853735,451.6544,689.2171,570.4358,0.0,0.611,1.2399,179,5.920000000000001,236.5410584661019,452.4994,688.4178,570.4586,0.05,0.6611,1.51,179,5.920000000000001
236.5328039771646,452.4649,688.3869,570.4259,0.0417,0.6428,1.5155,180,5.958333333333334,236.0513219573239,452.9141,688.3869,570.6505,0.0,0.945,1.5155,180,5.958333333333334,237.89976485079114,451.7055,689.0217,570.3636,0.025,0.4697,1.4208,180,5.958333333333334,238.05800725726272,451.6453,689.1899,570.4176,0.0,0.5195,1.305,180,5.958333333333334,236.5328039771646,452.4649,688.3869,570.4259,0.0417,0.6428,1.5155,180,5.958333333333334
236.38404850850932,452.4621,688.2128,570.3375,0.05,0.7016,1.3791,181,5.988333333333333,235.7103815987069,453.1015,688.2128,570.6572,0.0,1.0368,1.3791,181,5.988333333333333,237.78446873660107,451.667,688.8271,570.247,0.0167,0.515,1.505,181,5.988333333333333,237.91230800240976,451.6373,689.0009,570.3191,0.0,0.571,1.2688,181,5.988333333333333,236.38404850850932,452.4621,688.2128,570.3375,0.05,0.7016,1.3791,181,5.988333333333333
236.46805753021152,452.4756,688.3868,570.4312,0.0583,0.8835,1.3786,182,6.021666666666667,235.99542289069157,452.9096,688.3868,570.6482,0.0083,0.9631,1.3786,182,6.021666666666667,237.88861569924316,451.5571,688.8935,570.2253,0.025,0.4915,1.3371,182,6.021666666666667,238.0029011161061,451.5642,689.0674,570.3158,0.0,0.5266,1.3552,182,6.021666666666667,236.34938418775386,452.5576,688.3868,570.4722,0.025,0.9193,1.3786,182,6.021666666666667
236.48390000518023,452.4589,688.3757,570.4173,0.0583,0.8531,1.3755,183,6.0600000000000005,236.01140585533096,452.8934,688.3757,570.6345,0.0083,0.9937,1.3755,183,6.0600000000000005,237.88849658423442,451.5571,688.8922,570.2247,0.025,0.5025,1.362,183,6.0600000000000005,238.00137924475587,451.5656,689.0659,570.3158,0.0,0.5411,1.3888,183,6.0600000000000005,236.3650405366747,452.5419,688.3757,570.4588,0.025,0.9442,1.3755,183,6.0600000000000005
236.4082021022539,452.5468,688.372,570.4594,0.05,0.8439,1.3847,184,6.086666666666667,236.01264218737234,452.8922,688.372,570.6321,0.0083,1.0618,1.3847,184,6.086666666666667,237.87643202453185,451.5688,688.8933,570.231,0.025,0.5053,1.3183,184,6.086666666666667,237.98998125933653,451.5766,689.067,570.3218,0.0,0.5379,1.3892,184,6.086666666666667,236.3652965828611,452.5416,688.372,570.4568,0.025,0.9761,1.3847,184,6.086666666666667
236.40125385420694,452.5512,688.3715,570.4614,0.05,0.9093,1.3849,185,6.12,236.00583085009586,452.8967,688.3715,570.6341,0.0083,1.0888,1.3849,185,6.12,237.84497207652905,451.6048,688.8959,570.2503,0.0167,0.5386,1.3217,185,6.12,237.99100387085545,451.5768,689.0695,570.3231,0.0,0.5625,1.3837,185,6.12,236.35824883794703,452.5464,688.3715,570.459,0.025,0.9878,1.3849,185,6.12
236.39812656027593,452.558,688.3785,570.4683,0.05,0.9359,1.3793,186,6.163333333333334,236.0016091054751,452.9044,688.3785,570.6415,0.0083,0.9909,1.3793,186,6.163333333333334,237.85180025392086,451.6009,688.8999,570.2504,0.0167,0.5596,1.3366,186,6.163333333333334,237.99885675111102,451.5719,689.0735,570.3227,0.0,0.5687,1.3622,186,6.163333333333334,236.3550920864516,452.5529,688.3785,570.4657,0.025,1.013,1.3793,186,6.163333333333334
236.3667545429974,452.5842,688.3732,570.4787,0.05,0.929,1.4028,187,6.1883333333333335,235.97353277857988,452.9279,688.3732,570.6506,0.0083,1.0581,1.4028,187,6.1883333333333335,237.84748056650062,451.6222,688.8986,570.2604,0.0167,0.4992,1.361,187,6.1883333333333335,237.97720930366862,451.5906,689.0739,570.3322,0.0,0.6099,1.3792,187,6.1883333333333335,236.32413700466316,452.5794,688.3732,570.4763,0.025,1.0481,1.4028,187,6.1883333333333335
236.40422572268812,452.5499,688.3742,570.462,0.05,0.9165,1.4031,188,6.220000000000001,236.0090796628651,452.8958,688.3742,570.635,0.0083,0.9685,1.4031,188,6.220000000000001,237.8747351298106,451.5683,688.8982,570.2333,0.0333,0.4797,1.3601,188,6.220000000000001,237.9974883012518,451.5722,689.0736,570.3229,0.0,0.4981,1.3778,188,6.220000000000001,236.3614896507885,452.5454,688.3742,570.4598,0.025,0.9698,1.4031,188,6.220000000000001
236.40380058449688,452.5493,688.3735,570.4614,0.05,0.9229,1.3883,189,6.265000000000001,236.00953787109736,452.8922,688.3735,570.6329,0.0083,1.1364,1.3883,189,6.265000000000001,237.8623083145902,451.598,688.8976,570.2478,0.0417,0.4695,1.3681,189,6.265000000000001,238.00148824024254,451.5656,689.0729,570.3192,0.0,0.5472,1.3792,189,6.265000000000001,236.3622410866486,452.5415,688.3735,570.4575,0.025,0.9681,1.3883,189,6.265000000000001
236.56923185096352,452.3864,688.3803,570.3834,0.0583,0.7377,1.3888,190,6.288333333333334,236.0930623592218,452.8231,688.3803,570.6017,0.0083,0.9922,1.3888,190,6.288333333333334,237.86499134420467,451.5955,688.8962,570.2458,0.0417,0.4789,1.3676,190,6.288333333333334,238.00407995520666,451.5632,689.0716,570.3174,0.0,0.5033,1.3903,190,6.288333333333334,236.51663944357517,452.3962,688.3803,570.3883,0.0333,0.8674,1.3888,190,6.288333333333334
236.56629413062038,452.3875,688.3797,570.3836,0.0583,0.7372,1.4164,191,6.321666666666667,236.09106084482008,452.8235,688.3797,570.6016,0.0083,0.9918,1.4164,191,6.321666666666667,237.86556124505697,451.595,688.8964,570.2457,0.0417,0.4797,1.3687,191,6.321666666666667,238.00462764518852,451.5627,689.0718,570.3172,0.0,0.5037,1.3899,191,6.321666666666667,236.51426580466668,452.397,688.3797,570.3883,0.0333,0.8678,1.4164,191,6.321666666666667
236.61657862210797,452.3453,688.4437,570.3945,0.0417,0.9675,1.5268,192,6.368333333333334,236.1821270859757,452.7738,688.4437,570.6087,0.0167,1.0977,1.5268,192,6.368333333333334,238.08477238595327,451.487,689.007,570.247,0.0167,0.4778,1.4526,192,6.368333333333334,238.21627934127557,451.4564,689.1857,570.321,0.0,0.5045,1.2906,192,6.368333333333334,236.55329515622452,452.4353,688.4437,570.4395,0.025,0.8814,1.5268,192,6.368333333333334
236.52258577147518,452.4129,688.4428,570.4279,0.05,0.8508,1.5265,193,6.388333333333334,236.1146383676698,452.8293,688.4428,570.636,0.0167,1.179,1.5265,193,6.388333333333334,238.08711729110146,451.4887,689.0118,570.2502,0.0167,0.4739,1.4379,193,6.388333333333334,238.2185924810851,451.458,689.1904,570.3242,0.0,0.5083,1.287,193,6.388333333333334,236.48376134808933,452.4925,688.4428,570.4676,0.025,0.888,1.5265,193,6.388333333333334
236.5025389292459,452.4529,688.4581,570.4555,0.0583,0.7788,1.5148,194,6.421666666666667,236.0525465155262,452.8957,688.4581,570.6769,0.0167,1.0017,1.5148,194,6.421666666666667,237.99311855161716,451.5864,689.0121,570.2993,0.0167,0.5626,1.3936,194,6.421666666666667,238.1240887121332,451.5579,689.1915,570.3747,0.0,0.5829,1.3064,194,6.421666666666667,236.489012405519,452.486,688.4581,570.472,0.0333,0.8178,1.5148,194,6.421666666666667
236.4955766510125,452.4457,688.4265,570.4361,0.0583,0.7295,1.5013,195,6.453333333333334,236.0445392642356,452.8894,688.4265,570.6579,0.0167,0.9717,1.5013,195,6.453333333333334,237.98209638856966,451.5889,688.9955,570.2922,0.0167,0.5833,1.3491,195,6.453333333333334,238.11323545548626,451.5606,689.1752,570.3679,0.0,0.5901,1.3239,195,6.453333333333334,236.4801984041014,452.4803,688.4265,570.4534,0.0333,0.7892,1.5013,195,6.453333333333334
236.5255748027231,452.4006,688.4201,570.4103,0.0583,0.6861,1.5395,196,6.486666666666667,236.07219754079387,452.8469,688.4201,570.6335,0.0167,0.8766,1.5395,196,6.486666666666667,237.98540886663548,451.578,688.986,570.282,0.0167,0.4899,1.4434,196,6.486666666666667,238.11670490041894,451.5495,689.1659,570.3577,0.0,0.56,1.3434,196,6.486666666666667,236.55929179169092,452.3951,688.4201,570.4076,0.0417,0.7589,1.5395,196,6.486666666666667
236.51553596773985,452.3957,688.426,570.4109,0.05,0.7295,1.5373,197,6.535,236.1037387496414,452.8159,688.426,570.621,0.0167,0.9224,1.5373,197,6.535,238.01851760541172,451.5406,688.9869,570.2638,0.0167,0.4839,1.4601,197,6.535,238.15005978456335,451.5114,689.1667,570.339,0.0,0.5571,1.3071,197,6.535,236.5370961942347,452.4094,688.426,570.4177,0.0333,0.8713,1.5373,197,6.535
236.50463120133517,452.405,688.4251,570.415,0.05,0.7529,1.5059,198,6.555000000000001,236.09452068295138,452.8235,688.4251,570.6243,0.0167,0.9225,1.5059,198,6.555000000000001,238.01666158814595,451.5422,688.9835,570.2628,0.0167,0.4887,1.4311,198,6.555000000000001,238.14829078492147,451.513,689.1633,570.3382,0.0,0.5585,1.3078,198,6.555000000000001,236.52672151926845,452.4182,688.4251,570.4217,0.0333,0.908,1.5059,198,6.555000000000001
236.50478125798563,452.4024,688.4218,570.4121,0.05,0.727,1.4977,199,6.588333333333334,236.09351061591371,452.8223,688.4218,570.6221,0.0167,0.9679,1.4977,199,6.588333333333334,238.0242580461494,451.542,688.9959,570.2689,0.0167,0.4842,1.4571,199,6.588333333333334,238.15596369359514,451.5121,689.1755,570.3438,0.0,0.5593,1.2993,199,6.588333333333334,236.52692191060888,452.4157,688.4218,570.4188,0.0333,0.8819,1.4977,199,6.588333333333334
236.49180280819132,452.4147,688.4234,570.419,0.05,0.7623,1.5008,200,6.62,236.08234837644014,452.8328,688.4234,570.6281,0.0167,0.8708,1.5008,200,6.62,238.0116360537728,451.5537,688.9965,570.2751,0.0167,0.4942,1.4588,200,6.62,238.14320499699258,451.524,689.1761,570.35,0.0,0.5568,1.2993,200,6.62,236.51455403073643,452.4275,688.4234,570.4254,0.0333,0.8584,1.5008,200,6.62
236.43172636028206,452.4689,688.4176,570.4433,0.05,0.7008,1.4985,201,6.655,236.02722893022158,452.882,688.4176,570.6498,0.0167,0.9058,1.4985,201,6.655,237.95735005710753,451.6064,688.9965,570.3015,0.0167,0.4968,1.4588,201,6.655,238.08871081289715,451.5772,689.1761,570.3767,0.0,0.5435,1.2993,201,6.655,236.5329384526584,452.4233,688.4176,570.4204,0.05,0.7269,1.4985,201,6.655
236.46131257910918,452.5261,688.5075,570.5168,0.0667,0.7691,1.4226,202,6.6883333333333335,235.81223126363992,453.1822,688.5075,570.8449,0.0167,1.1974,1.4226,202,6.6883333333333335,237.88328994382016,451.6414,688.9885,570.315,0.025,0.4525,1.5554,202,6.6883333333333335,238.03925956137144,451.6106,689.1658,570.3882,0.0,0.4774,1.5307,202,6.6883333333333335,236.36935171613698,452.6599,688.5075,570.5837,0.0333,0.9661,1.4226,202,6.6883333333333335
236.5976490236604,452.4688,688.5009,570.4848,0.0917,0.8953,1.4831,203,6.721666666666667,235.76001478509372,453.2409,688.5009,570.8709,0.0167,1.2702,1.4831,203,6.721666666666667,237.88153298573965,451.6434,688.9712,570.3073,0.025,0.4446,1.5242,203,6.721666666666667,238.0360529678952,451.6147,689.15,570.3824,0.0,0.4853,1.4697,203,6.721666666666667,236.35255727639955,452.6941,688.5009,570.5975,0.0417,0.9663,1.4831,203,6.721666666666667
236.56444225816082,452.4886,688.5006,570.4946,0.0833,0.8587,1.4926,204,6.753333333333334,235.75893393655886,453.2416,688.5006,570.8711,0.0167,1.2689,1.4926,204,6.753333333333334,237.8830407683283,451.6433,688.9749,570.3091,0.025,0.4332,1.5193,204,6.753333333333334,238.03756767057124,451.6146,689.1536,570.3841,0.0,0.4921,1.4678,204,6.753333333333334,236.35102260869309,452.6952,688.5006,570.5979,0.0417,0.9584,1.4926,204,6.753333333333334
236.56098671556848,452.4902,688.5084,570.4993,0.0833,0.8645,1.4878,205,6.788333333333334,235.75622875322196,453.2429,688.5084,570.8756,0.0167,1.2592,1.4878,205,6.788333333333334,237.8797011845992,451.6425,688.9767,570.3096,0.025,0.4293,1.4812,205,6.788333333333334,238.03431717041892,451.6139,689.1556,570.3847,0.0,0.4908,1.4514,205,6.788333333333334,236.34769205842935,452.6966,688.5084,570.6025,0.0417,0.9676,1.4878,205,6.788333333333334
236.56088633030217,452.4902,688.5089,570.4995,0.0833,0.8634,1.4862,206,6.821666666666667,235.75639836349103,453.2427,688.5089,570.8758,0.0167,1.2585,1.4862,206,6.821666666666667,237.8792896034139,451.6431,688.977,570.31,0.025,0.4335,1.4668,206,6.821666666666667,238.03389671372787,451.6144,689.1559,570.3851,0.0,0.4923,1.4464,206,6.821666666666667,236.3477122899917,452.6965,688.5089,570.6027,0.0417,0.9639,1.4862,206,6.821666666666667
236.559059241683,452.4912,688.5052,570.4982,0.0833,0.8668,1.4699,207,6.856666666666667,235.75538595354644,453.2431,688.5052,570.8741,0.0167,1.2853,1.4699,207,6.856666666666667,237.87719509281274,451.6451,688.9773,570.3112,0.025,0.4343,1.4672,207,6.856666666666667,238.03185354765992,451.6164,689.1561,570.3863,0.0,0.4813,1.4415,207,6.856666666666667,236.34624586411962,452.6972,688.5052,570.6012,0.0417,0.9673,1.4699,207,6.856666666666667
236.5602831562261,452.4903,688.5066,570.4985,0.0833,0.8639,1.4663,208,6.8916666666666675,235.7562908436161,453.2426,688.5066,570.8746,0.0167,1.2588,1.4663,208,6.8916666666666675,237.87391866067975,451.646,688.9738,570.3099,0.025,0.4345,1.4732,208,6.8916666666666675,238.02865567570598,451.6173,689.1528,570.385,0.0,0.4925,1.4442,208,6.8916666666666675,236.34697531841607,452.6968,688.5066,570.6017,0.0417,0.966,1.4663,208,6.8916666666666675
236.56226461399672,452.4891,688.5086,570.4988,0.0833,0.8618,1.4674,209,6.923333333333334,235.7580923792565,453.2415,688.5086,570.875,0.0167,1.2599,1.4674,209,6.923333333333334,237.87359592760293,451.646,688.974,570.31,0.025,0.4345,1.473,209,6.923333333333334,238.02832443219108,451.6173,689.1529,570.3851,0.0,0.4925,1.4433,209,6.923333333333334,236.34888819095946,452.6957,688.5086,570.6021,0.0417,0.9636,1.4674,209,6.923333333333334
236.56216044197487,452.4882,688.5067,570.4974,0.0833,0.8593,1.4673,210,6.956666666666667,235.75787726090041,453.2406,688.5067,570.8737,0.0167,1.2598,1.4673,210,6.956666666666667,237.87409325840716,451.6458,688.9739,570.3098,0.025,0.4361,1.4733,210,6.956666666666667,238.02882563753562,451.6171,689.1528,570.3849,0.0,0.4924,1.4441,210,6.956666666666667,236.34874192737914,452.6948,688.5067,570.6007,0.0417,0.9594,1.4673,210,6.956666666666667
236.5589283865491,452.4916,688.5055,570.4985,0.0833,0.8652,1.4705,211,6.988333333333334,235.7552389419883,453.2435,688.5055,570.8745,0.0167,1.2718,1.4705,211,6.988333333333334,237.87534385520073,451.6453,688.9743,570.3098,0.025,0.4212,1.4802,211,6.988333333333334,238.03003853871004,451.6166,689.1532,570.3849,0.0,0.4825,1.4466,211,6.988333333333334,236.34590102094992,452.6978,688.5055,570.6017,0.0417,0.9655,1.4705,211,6.988333333333334
236.32778803015285,452.5971,688.4178,570.5074,0.025,0.985,1.493,212,7.021666666666667,235.92472812758206,452.9633,688.4178,570.6905,0.0,1.1731,1.493,212,7.021666666666667,237.99687592896942,451.5741,689.0139,570.294,0.0333,0.4118,1.394,212,7.021666666666667,238.10808076115435,451.5604,689.188,570.3742,0.0,0.4806,1.4034,212,7.021666666666667,236.32778803015285,452.5971,688.4178,570.5074,0.025,0.985,1.493,212,7.021666666666667
236.37968016709775,452.561,688.4179,570.4894,0.025,0.9203,1.4933,213,7.055000000000001,236.02130052950625,452.8918,688.4179,570.6549,0.0,1.0547,1.4933,213,7.055000000000001,237.9840653359602,451.595,689.0139,570.3045,0.0417,0.4167,1.394,213,7.055000000000001,238.10619689673635,451.5617,689.188,570.3748,0.0,0.4824,1.4034,213,7.055000000000001,236.37968016709775,452.561,688.4179,570.4894,0.025,0.9203,1.4933,213,7.055000000000001
236.3260201585607,452.5999,688.4194,570.5097,0.025,0.9748,1.4923,214,7.088333333333334,235.92269293671777,452.9666,688.4194,570.693,0.0,1.2046,1.4923,214,7.088333333333334,237.98558531111544,451.5949,689.0181,570.3065,0.0417,0.4409,1.3802,214,7.088333333333334,238.10766798265433,451.5616,689.1921,570.3769,0.0,0.4829,1.3892,214,7.088333333333334,236.3260201585607,452.5999,688.4194,570.5097,0.025,0.9748,1.4923,214,7.088333333333334
236.42009073426388,452.5257,688.4207,570.4732,0.0167,0.934,1.5165,215,7.121666666666667,236.096007798932,452.8349,688.4207,570.6278,0.0,0.9435,1.5165,215,7.121666666666667,237.99449173687725,451.576,689.0172,570.2966,0.0333,0.4356,1.3941,215,7.121666666666667,238.10715579819248,451.5622,689.1931,570.3777,0.0,0.525,1.3869,215,7.121666666666667,236.42009073426388,452.5257,688.4207,570.4732,0.0167,0.934,1.5165,215,7.121666666666667
236.32759130088866,452.5981,688.4196,570.5088,0.025,0.9957,1.4796,216,7.153333333333334,235.9248513643258,452.9642,688.4196,570.6919,0.0,1.189,1.4796,216,7.153333333333334,237.9843667332846,451.5947,689.0159,570.3053,0.0417,0.4378,1.3853,216,7.153333333333334,238.1064148961273,451.5614,689.1899,570.3757,0.0,0.4832,1.3923,216,7.153333333333334,236.32759130088866,452.5981,688.4196,570.5088,0.025,0.9957,1.4796,216,7.153333333333334
236.38482878563872,452.5608,688.4247,570.4928,0.025,0.9306,1.4785,217,7.545000000000001,236.02610429378723,452.892,688.4247,570.6584,0.0,1.0811,1.4785,217,7.545000000000001,237.9844254429104,451.5948,689.0139,570.3044,0.0417,0.4153,1.394,217,7.545000000000001,238.10649971730635,451.5615,689.188,570.3747,0.0,0.4826,1.4034,217,7.545000000000001,236.38482878563872,452.5608,688.4247,570.4928,0.025,0.9306,1.4785,217,7.545000000000001
236.41803036488275,452.5266,688.4255,570.4761,0.025,0.9827,1.4785,218,7.551666666666667,236.00886191951966,452.8941,688.4255,570.6598,0.0,1.1373,1.4785,218,7.551666666666667,237.984541564856,451.5953,689.0146,570.3049,0.0417,0.4165,1.3931,218,7.551666666666667,238.1066586014045,451.5619,689.1887,570.3753,0.0,0.4827,1.3936,218,7.551666666666667,236.41803036488275,452.5266,688.4255,570.4761,0.025,0.9827,1.4785,218,7.551666666666667
236.5989624406572,452.4205,688.4085,570.4145,0.075,0.7216,1.463,219,7.568333333333334,235.8890594283109,453.0772,688.4085,570.7428,0.0083,1.0543,1.463,219,7.568333333333334,237.9425958092822,451.598,689.0101,570.304,0.0417,0.5629,1.5569,219,7.568333333333334,238.1299726421152,451.5395,689.1882,570.3639,0.0083,0.5337,1.4952,219,7.568333333333334,236.45801504053458,452.5127,688.4085,570.4606,0.0333,0.8219,1.463,219,7.568333333333334
236.69078539416185,452.3388,688.4602,570.3995,0.075,0.7679,1.5382,220,7.585000000000001,235.9109379011756,453.0836,688.4602,570.7719,0.0083,1.0741,1.5382,220,7.585000000000001,237.93760802412035,451.6031,689.0023,570.3027,0.025,0.5836,1.5843,220,7.585000000000001,238.09284798631236,451.5691,689.1812,570.3752,0.0083,0.586,1.5236,220,7.585000000000001,236.47971867753887,452.5193,688.4602,570.4898,0.0333,0.855,1.5382,220,7.585000000000001
236.6928919456985,452.328,688.4525,570.3902,0.075,0.7553,1.54,221,7.6000000000000005,235.91225855012786,453.0737,688.4525,570.7631,0.0083,1.0779,1.54,221,7.6000000000000005,237.93413245664362,451.6018,688.9976,570.2997,0.025,0.5831,1.6103,221,7.6000000000000005,238.08936054464073,451.5679,689.1765,570.3722,0.0083,0.5586,1.532,221,7.6000000000000005,236.48208505312562,452.5083,688.4525,570.4804,0.0333,0.8733,1.54,221,7.6000000000000005
236.51598239721622,452.5268,688.4521,570.4894,0.0667,0.7672,1.5406,222,7.62,235.8696774448961,453.1077,688.4521,570.7799,0.0083,1.1047,1.5406,222,7.62,237.9485011871144,451.5731,688.9921,570.2826,0.0417,0.557,1.5859,222,7.62,238.08158617209037,451.5716,689.1712,570.3714,0.0083,0.5467,1.5386,222,7.62,236.4355553667441,452.5436,688.4521,570.4979,0.0333,0.9468,1.5406,222,7.62
236.6906393527189,452.3289,688.4474,570.3881,0.0833,0.7576,1.5443,223,7.655,235.8695613165361,453.1046,688.4474,570.776,0.0083,1.0849,1.5443,223,7.655,237.92780221080068,451.6034,688.9903,570.2968,0.025,0.5696,1.5844,223,7.655,238.0830382348677,451.5695,689.1691,570.3693,0.0083,0.5587,1.5369,223,7.655,236.43566817472492,452.5397,688.4474,570.4935,0.0333,0.9364,1.5443,223,7.655
236.65435063904386,452.2833,688.3312,570.3072,0.0667,0.7857,1.3843,224,7.705,236.00087081821525,452.9204,688.3312,570.6258,0.0083,0.9739,1.3843,224,7.705,237.95320367471638,451.5879,688.9959,570.2919,0.0333,0.5331,1.3466,224,7.705,238.10245554584685,451.5666,689.1742,570.3704,0.0083,0.5054,1.3496,224,7.705,236.35581651088197,452.5857,688.3312,570.4585,0.0417,0.7382,1.3843,224,7.705
236.64317039206728,452.2846,688.3397,570.3121,0.0667,0.7714,1.3848,225,7.720000000000001,235.98826502311454,452.9222,688.3397,570.6309,0.0083,0.9892,1.3848,225,7.720000000000001,237.95278370331243,451.5887,688.9967,570.2927,0.0333,0.5757,1.3497,225,7.720000000000001,238.10204711716517,451.5675,689.175,570.3712,0.0083,0.5082,1.3511,225,7.720000000000001,236.34539953137443,452.5863,688.3397,570.463,0.0417,0.7786,1.3848,225,7.720000000000001
236.4683554104431,452.4677,688.352,570.4099,0.0667,0.8129,1.3698,226,7.753333333333334,235.99989644155337,452.9182,688.352,570.6351,0.0083,1.0818,1.3698,226,7.753333333333334,237.9489723820745,451.5925,688.9969,570.2947,0.0333,0.5633,1.3478,226,7.753333333333334,238.09833457712955,451.571,689.1752,570.3731,0.0083,0.5144,1.3505,226,7.753333333333334,236.3556679181227,452.5836,688.352,570.4678,0.0417,0.7831,1.3698,226,7.753333333333334
236.3702874652663,452.5548,688.3496,570.4522,0.05,0.815,1.382,227,7.798333333333334,235.762719762784,453.1237,688.3496,570.7367,0.0083,0.9932,1.382,227,7.798333333333334,237.941285157947,451.595,689.0029,570.2989,0.0333,0.5602,1.3442,227,7.798333333333334,238.09009107305735,451.573,689.1801,570.3765,0.0083,0.5257,1.3291,227,7.798333333333334,236.3260836844341,452.6001,688.3496,570.4749,0.0417,0.8079,1.382,227,7.798333333333334
236.4578999321904,452.4715,688.3529,570.4122,0.0667,0.8015,1.3828,228,7.82,235.98859572970434,452.9218,688.3529,570.6374,0.0083,1.0487,1.3828,228,7.82,237.94619378597815,451.5938,689.0049,570.2994,0.0333,0.5493,1.3379,228,7.82,238.0954102210643,451.5722,689.1829,570.3776,0.0083,0.5224,1.3148,228,7.82,236.3449130746338,452.5876,688.3529,570.4703,0.0417,0.8466,1.3828,228,7.82
236.62983453786882,452.2953,688.3481,570.3217,0.0667,0.8029,1.3699,229,7.8533333333333335,235.97680040438573,452.9313,688.3481,570.6397,0.0083,1.0421,1.3699,229,7.8533333333333335,237.94626353172492,451.5945,689.0041,570.2993,0.0333,0.5059,1.3406,229,7.8533333333333335,238.0955332370207,451.5731,689.1821,570.3776,0.0083,0.5156,1.3148,229,7.8533333333333335,236.33406874020815,452.5961,688.3481,570.4721,0.0417,0.8341,1.3699,229,7.8533333333333335
236.48889933433284,452.4544,688.3864,570.4204,0.0333,0.8269,1.4276,230,7.9,236.14592397108007,452.7868,688.3864,570.5866,0.0,0.9447,1.4276,230,7.9,237.8962580716139,451.611,688.9469,570.279,0.0333,0.5326,1.2905,230,7.9,238.0471635616611,451.5885,689.1265,570.3575,0.0083,0.4891,1.3169,230,7.9,236.4238210322198,452.5139,688.3864,570.4501,0.0417,0.7993,1.4276,230,7.9
236.5542552679338,452.3796,688.3821,570.3808,0.0417,0.795,1.4185,231,7.921666666666667,236.1446742294232,452.7846,688.3821,570.5833,0.0,0.91,1.4185,231,7.921666666666667,237.91087020480927,451.5911,688.9464,570.2688,0.0417,0.4967,1.2906,231,7.921666666666667,238.0462214879611,451.5888,689.126,570.3574,0.0083,0.4882,1.3169,231,7.921666666666667,236.35280346163484,452.5941,688.3821,570.4881,0.0333,0.7718,1.4185,231,7.921666666666667
236.54586798253118,452.3921,688.3877,570.3899,0.0417,0.8015,1.4242,232,7.955,236.1372144839686,452.796,688.3877,570.5918,0.0,0.9494,1.4242,232,7.955,237.88527139384132,451.614,688.9448,570.2794,0.05,0.5132,1.2922,232,7.955,238.04393830027928,451.5896,689.1244,570.357,0.0083,0.4878,1.3167,232,7.955,236.41507491698212,452.5236,688.3877,570.4556,0.0417,0.822,1.4242,232,7.955
236.54687736466366,452.3911,688.3879,570.3895,0.0417,0.8039,1.416,233,7.988333333333334,236.13781261220225,452.7953,688.3879,570.5916,0.0,0.9437,1.416,233,7.988333333333334,237.88527139384132,451.614,688.9448,570.2794,0.05,0.5132,1.2922,233,7.988333333333334,238.04393830027928,451.5896,689.1244,570.357,0.0083,0.4878,1.3167,233,7.988333333333334,236.41610446999772,452.5225,688.3879,570.4552,0.0417,0.8332,1.416,233,7.988333333333334
236.23314033513438,452.6834,688.4245,570.5539,0.0417,0.9281,1.5524,234,8.025,235.7126501286056,453.1916,688.4245,570.808,0.0167,1.2675,1.5524,234,8.025,237.94690364887666,451.5944,688.9829,570.2886,0.0333,0.4592,1.3965,234,8.025,238.10018402264026,451.5368,689.1656,570.3512,0.0,0.5266,1.3682,234,8.025,236.25405814238,452.6825,688.4245,570.5535,0.0333,0.9263,1.5524,234,8.025
236.69913789209275,452.259,688.4269,570.343,0.075,0.7465,1.4801,235,8.056666666666667,235.89482198514455,453.0175,688.4269,570.7222,0.0083,1.0248,1.4801,235,8.056666666666667,238.00322787160707,451.5301,688.9795,570.2548,0.0417,0.4142,1.3967,235,8.056666666666667,238.0971447105137,451.5377,689.1623,570.35,0.0,0.5065,1.3126,235,8.056666666666667,236.65157049143124,452.3087,688.4269,570.3678,0.0667,0.7666,1.4801,235,8.056666666666667
236.53357802383937,452.3412,688.3744,570.3578,0.0667,0.7649,1.5235,236,8.09,235.85727130717038,453.0262,688.3744,570.7003,0.0167,1.0513,1.5235,236,8.09,237.98306196668707,451.56,688.9796,570.2698,0.025,0.4308,1.3971,236,8.09,238.0962917181083,451.5396,689.1624,570.351,0.0,0.5073,1.3125,236,8.09,236.635000107052,452.3015,688.3744,570.338,0.0667,0.729,1.5235,236,8.09
236.5255432105971,452.3514,688.3796,570.3655,0.075,0.8064,1.521,237,8.123333333333333,235.7968098546519,453.0817,688.3796,570.7307,0.0167,1.138,1.521,237,8.123333333333333,238.002985926104,451.5307,688.9792,570.2549,0.0417,0.4143,1.3971,237,8.123333333333333,238.10261373903074,451.5385,689.1706,570.3546,0.0,0.5108,1.3121,237,8.123333333333333,236.6322183707797,452.3073,688.3796,570.3435,0.075,0.6914,1.521,237,8.123333333333333
236.5157665604939,452.3556,688.3718,570.3637,0.075,0.7834,1.4738,238,8.153333333333334,235.78779978138556,453.0852,688.3718,570.7285,0.0167,1.1441,1.4738,238,8.153333333333334,238.005105303954,451.5275,688.9812,570.2544,0.0417,0.4146,1.3941,238,8.153333333333334,238.10455497866198,451.5354,689.1726,570.354,0.0,0.516,1.3118,238,8.153333333333334,236.45658681471667,452.4623,688.3718,570.417,0.05,0.7919,1.4738,238,8.153333333333334
236.51746730891472,452.355,688.3755,570.3652,0.075,0.7689,1.4628,239,8.188333333333334,235.78968738024295,453.0843,688.3755,570.7299,0.0167,1.1359,1.4628,239,8.188333333333334,238.00560661657323,451.5258,688.9795,570.2527,0.0417,0.4148,1.3944,239,8.188333333333334,238.10505080574617,451.5337,689.1709,570.3523,0.0,0.5183,1.3118,239,8.188333333333334,236.45855192061495,452.4614,688.3755,570.4185,0.05,0.7826,1.4628,239,8.188333333333334
236.50408860043,452.4554,688.3819,570.4186,0.075,0.7799,1.4626,240,8.221666666666668,235.81464593537856,453.0681,688.3819,570.725,0.0083,1.0374,1.4626,240,8.221666666666668,237.98236890532297,451.5248,688.9469,570.2358,0.0417,0.4135,1.3747,240,8.221666666666668,238.08225260126392,451.5327,689.139,570.3359,0.0,0.5176,1.3467,240,8.221666666666668,236.4609101332677,452.4626,688.3819,570.4222,0.05,0.7788,1.4626,240,8.221666666666668
236.51716386714057,452.3581,688.3843,570.3712,0.075,0.7541,1.4625,241,8.253333333333334,235.79072098925343,453.0861,688.3843,570.7352,0.0167,1.1344,1.4625,241,8.253333333333334,237.94194880814186,451.5627,688.948,570.2554,0.05,0.4252,1.3743,241,8.253333333333334,238.08048503213232,451.5349,689.1401,570.3375,0.0,0.5171,1.348,241,8.253333333333334,236.53020839072704,452.348,688.3843,570.3661,0.0667,0.7359,1.4625,241,8.253333333333334
236.66443482604006,452.269,688.3765,570.3228,0.075,0.6687,1.4726,242,8.288333333333334,235.86093711638335,453.0256,688.3765,570.7011,0.0083,0.9698,1.4726,242,8.288333333333334,237.94078038231953,451.5636,688.9491,570.2563,0.05,0.4183,1.3784,242,8.288333333333334,238.0793626967717,451.5356,689.1412,570.3384,0.0,0.5162,1.3499,242,8.288333333333334,236.61719761414176,452.3177,688.3765,570.3471,0.0667,0.7103,1.4726,242,8.288333333333334
236.52605919025203,452.3511,688.3779,570.3645,0.0667,0.7404,1.4685,243,8.32,235.8500194235235,453.0354,688.3779,570.7067,0.0167,1.0132,1.4685,243,8.32,237.94075775534975,451.5636,688.9491,570.2564,0.05,0.4215,1.3784,243,8.32,238.07934176773034,451.5357,689.1412,570.3384,0.0,0.5161,1.3499,243,8.32,236.61925895712199,452.3177,688.3779,570.3478,0.0667,0.7288,1.4685,243,8.32
236.35212568060223,452.6483,688.4957,570.572,0.0417,0.922,1.5511,244,8.355,235.81672346349495,453.1706,688.4957,570.8332,0.0167,1.2443,1.5511,244,8.355,237.92576878967836,451.6449,689.0704,570.3576,0.0333,0.6146,1.4388,244,8.355,238.1195806291308,451.5697,689.2415,570.4056,0.0083,0.5415,1.36,244,8.355,236.36892711206244,452.6497,688.4957,570.5727,0.0333,1.0265,1.5511,244,8.355
236.49703554654477,452.4837,688.5036,570.4936,0.05,0.9233,1.5568,245,8.388333333333334,235.88918357093561,453.0833,688.5036,570.7935,0.0167,1.1778,1.5568,245,8.388333333333334,237.9173380744024,451.6448,689.0691,570.357,0.0333,0.6414,1.4601,245,8.388333333333334,238.11134238633804,451.5693,689.2404,570.4048,0.0083,0.5712,1.3363,245,8.388333333333334,236.44834011029994,452.5587,688.5036,570.5311,0.0333,0.9503,1.5568,245,8.388333333333334
236.34902478962772,452.6464,688.4897,570.568,0.0417,0.9513,1.4982,246,8.421666666666667,235.81427670870755,453.1681,688.4897,570.8289,0.0167,1.22,1.4982,246,8.421666666666667,237.91160041348652,451.6436,689.0569,570.3503,0.0333,0.6153,1.3929,246,8.421666666666667,238.10077077300423,451.5726,689.2284,570.4005,0.0083,0.579,1.3555,246,8.421666666666667,236.36440184176334,452.6485,688.4897,570.5691,0.0333,1.02,1.4982,246,8.421666666666667
236.51328304998717,452.4741,688.5095,570.4918,0.05,0.931,1.5642,247,8.453333333333333,235.90296905266192,453.0762,688.5095,570.7928,0.0167,1.0495,1.5642,247,8.453333333333333,237.913938584469,451.6464,689.0645,570.3554,0.0333,0.6125,1.4236,247,8.453333333333333,238.1059024865786,451.5726,689.2359,570.4043,0.0083,0.568,1.3681,247,8.453333333333333,236.50330081409703,452.5216,688.5095,570.5155,0.0417,0.9322,1.5642,247,8.453333333333333
236.51123990414013,452.4751,688.5112,570.4932,0.05,0.9299,1.5543,248,8.486666666666666,235.9009074871693,453.0772,688.5112,570.7942,0.0167,1.0503,1.5543,248,8.486666666666666,237.9165291528865,451.6474,689.068,570.3577,0.0333,0.6187,1.4517,248,8.486666666666666,238.10841027075324,451.574,689.2393,570.4067,0.0083,0.5696,1.3647,248,8.486666666666666,236.45983803313763,452.5527,688.5112,570.5319,0.0333,0.9571,1.5543,248,8.486666666666666
236.50544313678117,452.4796,688.5122,570.4959,0.05,1.0001,1.5539,249,8.533333333333333,235.89534119715375,453.0814,688.5122,570.7968,0.0167,1.0519,1.5539,249,8.533333333333333,237.92099897585558,451.6467,689.0735,570.3601,0.0333,0.6197,1.4325,249,8.533333333333333,238.1127707884194,451.5734,689.2448,570.4091,0.0083,0.5697,1.3387,249,8.533333333333333,236.45526171877594,452.5564,688.5122,570.5343,0.0333,0.919,1.5539,249,8.533333333333333
236.34626988009373,452.654,688.5071,570.5805,0.0417,0.9486,1.5559,250,8.555,235.8103593287395,453.1768,688.5071,570.8419,0.0167,1.2258,1.5559,250,8.555,237.92338124598112,451.6441,689.0728,570.3584,0.0333,0.5932,1.4338,250,8.555,238.11726199706183,451.569,689.244,570.4065,0.0083,0.5833,1.3363,250,8.555,236.36325132507318,452.6557,688.5071,570.5814,0.0333,1.0158,1.5559,250,8.555
236.47114568597155,452.4857,688.512,570.4989,0.0583,0.9237,1.5544,251,8.588333333333335,235.87547217614824,453.0883,688.512,570.8002,0.0167,1.0523,1.5544,251,8.588333333333335,237.92508782187176,451.6425,689.074,570.3582,0.0333,0.5827,1.4582,251,8.588333333333335,238.11648763927704,451.5696,689.2452,570.4074,0.0083,0.5548,1.335,251,8.588333333333335,236.34288965123147,452.6177,688.512,570.5649,0.0417,0.97,1.5544,251,8.588333333333335
236.45743262724005,452.486,688.4917,570.4889,0.0583,0.9188,1.5693,252,8.621666666666668,235.8617080038301,453.0887,688.4917,570.7902,0.0167,1.0523,1.5693,252,8.621666666666668,237.91125593421089,451.6418,689.0627,570.3523,0.0333,0.5848,1.4404,252,8.621666666666668,238.10274988692106,451.5689,689.2341,570.4015,0.0083,0.5526,1.3395,252,8.621666666666668,236.32999845785326,452.6174,688.4917,570.5546,0.0417,0.9634,1.5693,252,8.621666666666668
236.44739822094192,452.486,688.4774,570.4817,0.0583,0.9188,1.5745,253,8.655000000000001,235.85167359753225,453.0887,688.4774,570.7831,0.0167,1.0523,1.5745,253,8.655000000000001,237.8997548636641,451.6418,689.0479,570.3448,0.0333,0.5848,1.4483,253,8.655000000000001,238.09142781239308,451.5689,689.2195,570.3942,0.0083,0.5526,1.3445,253,8.655000000000001,236.31996405155513,452.6174,688.4774,570.5474,0.0417,0.9634,1.5745,253,8.655000000000001
236.41241551586114,452.4616,688.3864,570.424,0.05,0.961,1.5135,254,8.691666666666666,236.02610879146928,452.853,688.3864,570.6197,0.0167,1.2292,1.5135,254,8.691666666666666,237.88606198002276,451.5867,688.9357,570.2612,0.0333,0.4796,1.3904,254,8.691666666666666,238.0252715485695,451.5697,689.1073,570.3385,0.0083,0.468,1.4533,254,8.691666666666666,236.31457610798572,452.5722,688.3864,570.4793,0.025,1.0497,1.5135,254,8.691666666666666
236.402533365718,452.4708,688.3823,570.4266,0.05,0.9389,1.5191,255,8.723333333333334,236.017071239104,452.8614,688.3823,570.6219,0.0167,1.2461,1.5191,255,8.723333333333334,237.8679958653531,451.5965,688.923,570.2597,0.0333,0.5104,1.4767,255,8.723333333333334,238.00724554980638,451.5792,689.0939,570.3365,0.0083,0.4991,1.4489,255,8.723333333333334,236.327766551314,452.5716,688.3823,570.4769,0.0167,1.023,1.5191,255,8.723333333333334
236.42602521471977,452.4517,688.385,570.4184,0.05,0.9138,1.4962,256,8.755,236.0385695645704,452.8443,688.385,570.6147,0.0167,1.2645,1.4962,256,8.755,237.87543170210688,451.5868,688.9202,570.2535,0.0333,0.4959,1.4788,256,8.755,238.0144700111027,451.57,689.0913,570.3307,0.0083,0.4672,1.4511,256,8.755,236.34975878739039,452.554,688.385,570.4695,0.0167,1.0151,1.4962,256,8.755
236.44144302900884,452.4553,688.4127,570.434,0.05,0.9503,1.3998,257,8.788333333333334,236.0543746036179,452.8476,688.4127,570.6301,0.0167,1.2757,1.3998,257,8.788333333333334,237.89359398002648,451.5875,688.9427,570.2651,0.0333,0.4966,1.4644,257,8.788333333333334,238.0405917472351,451.5707,689.1258,570.3483,0.0083,0.4703,1.4518,257,8.788333333333334,236.36516720294404,452.5576,688.4127,570.4852,0.0167,1.0404,1.3998,257,8.788333333333334
236.41642599260524,452.4954,688.4018,570.4486,0.05,0.9709,1.458,258,8.826666666666668,236.0323997372257,452.8844,688.4018,570.6431,0.0167,1.2502,1.458,258,8.826666666666668,237.86713001514104,451.6336,688.9437,570.2887,0.025,0.5805,1.5205,258,8.826666666666668,238.02160347722335,451.603,689.1261,570.3646,0.0083,0.5824,1.4829,258,8.826666666666668,236.34568105708288,452.5929,688.4018,570.4974,0.0167,1.1036,1.458,258,8.826666666666668
236.4125576366206,452.5217,688.4218,570.4717,0.05,0.9906,1.4835,259,8.855,236.03535824385207,452.9023,688.4218,570.662,0.0167,1.0916,1.4835,259,8.855,237.89997003240669,451.6217,688.9224,570.272,0.025,0.4869,1.5144,259,8.855,238.03414118089756,451.5891,689.1039,570.3465,0.0083,0.6048,1.4758,259,8.855,236.31679209691112,452.6286,688.4218,570.5252,0.025,0.9563,1.4835,259,8.855
236.3945286162022,452.524,688.4095,570.4667,0.05,0.9942,1.5402,260,8.888333333333334,236.01775665155793,452.9042,688.4095,570.6569,0.0167,1.0612,1.5402,260,8.888333333333334,237.8858264437083,451.6226,688.914,570.2683,0.025,0.4954,1.509,260,8.888333333333334,238.02029322317821,451.5901,689.096,570.343,0.0083,0.614,1.4851,260,8.888333333333334,236.30009884341925,452.6298,688.4095,570.5197,0.025,0.9504,1.5402,260,8.888333333333334
236.3878425471867,452.5209,688.3888,570.4548,0.05,0.9966,1.5493,261,9.325000000000001,236.01061051913564,452.9016,688.3888,570.6452,0.0167,1.0609,1.5493,261,9.325000000000001,237.88124473051127,451.6256,688.9089,570.2672,0.025,0.4965,1.5172,261,9.325000000000001,238.01299490903432,451.593,689.0867,570.3399,0.0083,0.6154,1.4972,261,9.325000000000001,236.29296855357984,452.6272,688.3888,570.508,0.025,0.9429,1.5493,261,9.325000000000001
236.29183343818676,452.6519,688.3979,570.5249,0.0333,0.9522,1.5037,262,9.333333333333334,235.96253018215532,452.9667,688.3979,570.6823,0.0167,1.1173,1.5037,262,9.333333333333334,237.89209355310413,451.6026,688.9129,570.2577,0.025,0.4607,1.4934,262,9.333333333333334,238.02327847197898,451.5708,689.0904,570.3306,0.0083,0.5545,1.4866,262,9.333333333333334,236.3736328568376,452.5445,688.3979,570.4712,0.0417,0.9401,1.5037,262,9.333333333333334
236.48223857212298,452.445,688.4234,570.4342,0.05,0.9496,1.4738,263,9.350000000000001,235.9306108953983,453.0123,688.4234,570.7178,0.0083,1.1694,1.4738,263,9.350000000000001,238.02869544871214,451.5194,689.0188,570.2691,0.025,0.508,1.4494,263,9.350000000000001,238.13024166049908,451.508,689.189,570.3485,0.0,0.4809,1.3504,263,9.350000000000001,236.4501396340821,452.4973,688.4234,570.4603,0.0417,0.9155,1.4738,263,9.350000000000001
236.3412719046724,452.5777,688.4648,570.5213,0.0417,0.9251,1.5406,264,9.366666666666667,235.82156575383044,453.1025,688.4648,570.7837,0.0083,1.2369,1.5406,264,9.366666666666667,237.89898925596592,451.6128,688.9953,570.304,0.0417,0.5059,1.3997,264,9.366666666666667,238.08279714349942,451.5543,689.1657,570.36,0.0083,0.5206,1.4627,264,9.366666666666667,236.31026715811976,452.6268,688.4648,570.5458,0.025,1.0212,1.5406,264,9.366666666666667
236.34170209843654,452.5746,688.4596,570.5171,0.0417,0.922,1.5425,265,9.388333333333334,235.8219168087272,453.0995,688.4596,570.7796,0.0083,1.2367,1.5425,265,9.388333333333334,237.90121667210812,451.6128,688.9991,570.3059,0.0417,0.5059,1.4077,265,9.388333333333334,238.0849589343037,451.5543,689.1694,570.3618,0.0083,0.5206,1.4628,265,9.388333333333334,236.31062127423291,452.6238,688.4596,570.5417,0.025,1.0267,1.5425,265,9.388333333333334
236.34237635188632,452.5751,688.4588,570.5169,0.0417,0.9111,1.5481,266,9.421666666666667,235.82248763545806,453.1002,688.4588,570.7795,0.0083,1.3041,1.5481,266,9.421666666666667,237.95852016378186,451.5861,688.9985,570.2923,0.025,0.4578,1.4065,266,9.421666666666667,238.085132311753,451.5539,689.1688,570.3614,0.0083,0.5201,1.4628,266,9.421666666666667,236.31135516659495,452.6243,688.4588,570.5416,0.025,1.0021,1.5481,266,9.421666666666667
236.3817567346896,452.5199,688.4571,570.4885,0.0583,0.7972,1.5532,267,9.455,235.78883927088657,453.1278,688.4571,570.7924,0.0167,1.3674,1.5532,267,9.455,237.89764736054514,451.6111,688.9909,570.301,0.0417,0.5043,1.3851,267,9.455,238.08274882894298,451.5516,689.1614,570.3565,0.0083,0.507,1.4409,267,9.455,236.27927453604414,452.6391,688.4571,570.5481,0.0333,0.9858,1.5532,267,9.455
236.3406654617893,452.5767,688.4602,570.5184,0.0417,0.9149,1.5461,268,9.486666666666668,235.8213561539455,453.1014,688.4602,570.7808,0.0083,1.3052,1.5461,268,9.486666666666668,237.90183836820364,451.6124,688.999,570.3057,0.0417,0.4956,1.4081,268,9.486666666666668,238.08715283196028,451.5523,689.1693,570.3608,0.0083,0.5193,1.4628,268,9.486666666666668,236.30970161984575,452.6259,688.4602,570.543,0.025,1.0041,1.5461,268,9.486666666666668
236.34146601014837,452.5773,688.4608,570.519,0.0417,0.9182,1.5425,269,9.521666666666667,235.82182365585027,453.1019,688.4608,570.7814,0.0083,1.237,1.5425,269,9.521666666666667,237.90088062207948,451.6128,688.9978,570.3053,0.0417,0.5059,1.4051,269,9.521666666666667,238.08464970626454,451.5543,689.1682,570.3612,0.0083,0.5206,1.4627,269,9.521666666666667,236.3104418428091,452.6264,688.4608,570.5436,0.025,1.0151,1.5425,269,9.521666666666667
236.33909771556344,452.5807,688.4664,570.5235,0.0417,0.9227,1.5096,270,9.555000000000001,235.8198823059687,453.1049,688.4664,570.7857,0.0083,1.2375,1.5096,270,9.555000000000001,237.98331379682102,451.5681,689.0026,570.2853,0.0333,0.4585,1.4139,270,9.555000000000001,238.08501287655145,451.5567,689.1728,570.3647,0.0083,0.5165,1.471,270,9.555000000000001,236.3081751653449,452.6296,688.4664,570.548,0.025,1.0183,1.5096,270,9.555000000000001
236.34374920049945,452.577,688.4611,570.519,0.0417,0.9214,1.5057,271,9.588333333333335,235.82323062973035,453.1019,688.4611,570.7815,0.0083,1.2406,1.5057,271,9.588333333333335,237.90953420597168,451.6091,689.001,570.3051,0.0417,0.4825,1.4095,271,9.588333333333335,238.09323631030088,451.5512,689.1713,570.3613,0.0083,0.5159,1.4671,271,9.588333333333335,236.3125862128369,452.6258,688.4611,570.5434,0.025,1.0157,1.5057,271,9.588333333333335
236.33400067807653,452.5829,688.4563,570.5196,0.0417,0.9217,1.5047,272,9.621666666666668,235.8134996239476,453.108,688.4563,570.7822,0.0083,1.2381,1.5047,272,9.621666666666668,237.9081007283315,451.6102,689.0005,570.3053,0.0417,0.4903,1.4062,272,9.621666666666668,238.09185270814433,451.5522,689.1707,570.3615,0.0083,0.5091,1.466,272,9.621666666666668,236.30283307133257,452.6318,688.4563,570.5441,0.025,0.9976,1.5047,272,9.621666666666668
236.33342289066192,452.5837,688.4578,570.5207,0.0417,0.9076,1.4969,273,9.653333333333334,235.81345973536702,453.1089,688.4578,570.7833,0.0083,1.238,1.4969,273,9.653333333333334,237.9075663150206,451.6103,688.9989,570.3046,0.0417,0.4877,1.4032,273,9.653333333333334,238.09136348769906,451.5522,689.1693,570.3608,0.0083,0.5117,1.4652,273,9.653333333333334,236.2791465581624,452.6404,688.4578,570.5491,0.0333,0.9891,1.4969,273,9.653333333333334
236.33527543152732,452.583,688.383,570.483,0.05,0.8962,1.4719,274,9.690000000000001,235.70857866073547,453.1699,688.383,570.7765,0.0167,1.23,1.4719,274,9.690000000000001,237.9252636106181,451.5608,688.9686,570.2647,0.0333,0.5448,1.3075,274,9.690000000000001,238.07791466729984,451.5396,689.1547,570.3471,0.0083,0.5227,1.1875,274,9.690000000000001,236.38042413116804,452.53,688.383,570.4565,0.0417,0.9434,1.4719,274,9.690000000000001
236.32854830355805,452.5893,688.3853,570.4873,0.05,0.8915,1.5061,275,9.721666666666668,235.7025709243498,453.1755,688.3853,570.7804,0.0167,1.2551,1.5061,275,9.721666666666668,237.91354571905623,451.5716,688.9697,570.2707,0.0333,0.5569,1.3051,275,9.721666666666668,238.06647880725868,451.5501,689.1557,570.3529,0.0083,0.5282,1.1843,275,9.721666666666668,236.37437105658117,452.5357,688.3853,570.4605,0.0417,0.9899,1.5061,275,9.721666666666668
236.35387762566967,452.5897,688.3848,570.4872,0.05,0.9251,1.5372,276,9.753333333333334,235.72898656587185,453.1749,688.3848,570.7799,0.0167,1.2449,1.5372,276,9.753333333333334,237.9117816042897,451.5887,688.982,570.2854,0.025,0.5434,1.3275,276,9.753333333333334,238.07112281436275,451.5554,689.1681,570.3618,0.0083,0.5314,1.2077,276,9.753333333333334,236.40017456752685,452.5356,688.3848,570.4602,0.0417,0.9992,1.5372,276,9.753333333333334
236.3313243067505,452.5911,688.3959,570.4935,0.05,0.8812,1.4647,277,9.788333333333334,235.70704358420593,453.1759,688.3959,570.7859,0.0167,1.2072,1.4647,277,9.788333333333334,237.92463758352343,451.5719,688.9825,570.2772,0.0333,0.5576,1.3416,277,9.788333333333334,238.07713643740993,451.551,689.1686,570.3598,0.0083,0.5234,1.2071,277,9.788333333333334,236.3780760463042,452.5369,688.3959,570.4664,0.0417,0.9268,1.4647,277,9.788333333333334
236.34083503605203,452.5949,688.3757,570.4853,0.05,0.9138,1.5323,278,9.82,235.71630933099664,453.1798,688.3757,570.7778,0.0167,1.2471,1.5323,278,9.82,237.91149901071648,451.5898,688.983,570.2864,0.025,0.5436,1.3421,278,9.82,238.07048782947066,451.5569,689.1691,570.363,0.0083,0.5318,1.2126,278,9.82,236.3868844568307,452.5412,688.3757,570.4584,0.0417,0.9731,1.5323,278,9.82
236.33347761386744,452.6017,688.3753,570.4885,0.05,0.9752,1.5207,279,9.855,235.71043945141855,453.1853,688.3753,570.7803,0.0167,1.2346,1.5207,279,9.855,237.9092764964035,451.5928,688.9837,570.2883,0.025,0.5459,1.3405,279,9.855,238.06843677351443,451.5596,689.1698,570.3647,0.0083,0.5355,1.2018,279,9.855,236.37992615497464,452.5477,688.3753,570.4615,0.0417,0.9814,1.5207,279,9.855
236.33632859711514,452.6001,688.3781,570.4891,0.05,0.9759,1.525,280,9.888333333333334,235.71311756655336,453.1838,688.3781,570.781,0.0167,1.2363,1.525,280,9.888333333333334,237.9094341087104,451.5929,688.9837,570.2883,0.025,0.5537,1.3404,280,9.888333333333334,238.06854307744715,451.5597,689.1699,570.3648,0.0083,0.5509,1.2018,280,9.888333333333334,236.38267542273482,452.5462,688.3781,570.4621,0.0417,0.9819,1.525,280,9.888333333333334
236.32109973474812,452.5954,688.3838,570.4896,0.05,0.9732,1.4615,281,9.921666666666667,235.69748698364666,453.1795,688.3838,570.7817,0.0167,1.2339,1.4615,281,9.921666666666667,237.90989063417067,451.5927,688.9843,570.2885,0.025,0.5542,1.339,281,9.921666666666667,238.06899624346678,451.5595,689.1705,570.365,0.0083,0.5521,1.2011,281,9.921666666666667,236.36731969305566,452.5415,688.3838,570.4627,0.0417,0.9814,1.4615,281,9.921666666666667
236.32191955571173,452.5944,688.3846,570.4895,0.05,0.9741,1.4621,282,9.953333333333333,235.69816994609073,453.1786,688.3846,570.7816,0.0167,1.2345,1.4621,282,9.953333333333333,237.9114591127067,451.5923,688.9864,570.2893,0.025,0.5553,1.3321,282,9.953333333333333,238.07053725360865,451.559,689.1725,570.3657,0.0083,0.535,1.1992,282,9.953333333333333,236.36815055662788,452.5405,688.3846,570.4626,0.0417,0.9814,1.4621,282,9.953333333333333
236.3215421357981,452.5951,688.385,570.49,0.05,0.9745,1.4621,283,9.988333333333333,235.69794550093005,453.1792,688.385,570.7821,0.0167,1.2348,1.4621,283,9.988333333333333,237.91188704628266,451.5917,688.9858,570.2887,0.025,0.5548,1.3342,283,9.988333333333333,238.07095970235505,451.5585,689.1718,570.3652,0.0083,0.536,1.1913,283,9.988333333333333,236.36854784056115,452.5406,688.385,570.4628,0.0417,0.9814,1.4621,283,9.988333333333333
236.6599952986782,452.3278,688.4127,570.3702,0.0583,0.6991,1.3893,284,10.023333333333333,236.00928775368135,452.9611,688.4127,570.6869,0.0,0.8162,1.3893,284,10.023333333333333,237.91453468455592,451.585,688.96,570.2725,0.0167,0.601,1.3327,284,10.023333333333333,238.0321951806792,451.585,689.1387,570.3619,0.0083,0.601,1.3684,284,10.023333333333333,236.45373783384042,452.4882,688.4127,570.4505,0.05,0.8497,1.3893,284,10.023333333333333
236.50032294660974,452.4411,688.4025,570.4218,0.0583,0.7493,1.3963,285,10.055000000000001,236.07556778385057,452.8802,688.4025,570.6414,0.0,0.7144,1.3963,285,10.055000000000001,237.8855555213332,451.6167,688.9669,570.2918,0.025,0.5761,1.3385,285,10.055000000000001,238.0357816793975,451.5865,689.1455,570.366,0.0083,0.5852,1.3703,285,10.055000000000001,236.6009043621439,452.3786,688.4025,570.3906,0.0583,0.6991,1.3963,285,10.055000000000001
236.50843753483392,452.441,688.4065,570.4238,0.0583,0.7684,1.4252,286,10.086666666666668,236.00690179582432,452.9609,688.4065,570.6837,0.0,0.8127,1.4252,286,10.086666666666668,237.91848640746852,451.5881,688.9694,570.2787,0.0167,0.5999,1.2904,286,10.086666666666668,238.03604103945642,451.5881,689.1479,570.368,0.0083,0.5999,1.3659,286,10.086666666666668,236.50843753483392,452.441,688.4065,570.4238,0.0583,0.7684,1.4252,286,10.086666666666668
236.59601865803342,452.3898,688.417,570.4034,0.0667,0.7451,1.4181,287,10.120000000000001,236.0050875441841,452.9675,688.417,570.6922,0.0,0.8419,1.4181,287,10.120000000000001,237.8979892058914,451.5968,688.9654,570.2811,0.0333,0.5729,1.3502,287,10.120000000000001,238.04136919875342,451.5802,689.1456,570.3629,0.0083,0.5765,1.3856,287,10.120000000000001,236.59601865803342,452.3898,688.417,570.4034,0.0667,0.7451,1.4181,287,10.120000000000001
236.38998977149956,452.5,688.3556,570.4278,0.0417,0.8649,1.4162,288,10.156666666666668,236.01868733593537,452.8927,688.3556,570.6241,0.0,0.8604,1.4162,288,10.156666666666668,237.91844463623144,451.5853,688.9595,570.2724,0.0417,0.4896,1.3594,288,10.156666666666668,238.03063348702932,451.6011,689.1373,570.3692,0.0083,0.4835,1.2714,288,10.156666666666668,236.38998977149956,452.5,688.3556,570.4278,0.0417,0.8649,1.4162,288,10.156666666666668
236.38009039358846,452.5047,688.3513,570.428,0.0417,0.8404,1.4045,289,10.188333333333334,236.00893657054505,452.8972,688.3513,570.6242,0.0,0.8619,1.4045,289,10.188333333333334,237.92463628672215,451.5839,688.9668,570.2754,0.0417,0.5004,1.3783,289,10.188333333333334,238.0365954009888,451.5999,689.1444,570.3721,0.0083,0.4909,1.2682,289,10.188333333333334,236.38009039358846,452.5047,688.3513,570.428,0.0417,0.8404,1.4045,289,10.188333333333334
236.3835126914104,452.5035,688.3526,570.428,0.0417,0.856,1.399,290,10.221666666666668,236.01213433942303,452.8961,688.3526,570.6244,0.0,0.8509,1.399,290,10.221666666666668,237.93636023798075,451.5752,688.9713,570.2733,0.0417,0.499,1.3902,290,10.221666666666668,238.04787320637132,451.5915,689.149,570.3702,0.0083,0.5107,1.2677,290,10.221666666666668,236.3835126914104,452.5035,688.3526,570.428,0.0417,0.856,1.399,290,10.221666666666668
236.38398863867147,452.503,688.3536,570.4283,0.0417,0.8285,1.3988,291,10.26,236.0125648504729,452.8958,688.3536,570.6247,0.0,0.8578,1.3988,291,10.26,237.93630161415132,451.5756,688.9715,570.2735,0.0417,0.4997,1.3924,291,10.26,238.04781491655453,451.5918,689.1491,570.3705,0.0083,0.5203,1.2683,291,10.26,236.38398863867147,452.503,688.3536,570.4283,0.0417,0.8285,1.3988,291,10.26
236.38559556322414,452.5026,688.3565,570.4295,0.0417,0.8251,1.4198,292,10.290000000000003,236.01409116111375,452.8954,688.3565,570.626,0.0,0.8518,1.4198,292,10.290000000000003,237.93684650791243,451.5754,688.9721,570.2738,0.0417,0.4997,1.3938,292,10.290000000000003,238.0483400993893,451.5917,689.1497,570.3707,0.0083,0.5202,1.2671,292,10.290000000000003,236.38559556322414,452.5026,688.3565,570.4295,0.0417,0.8251,1.4198,292,10.290000000000003
236.38781362774574,452.5009,688.3557,570.4283,0.0417,0.8189,1.4173,293,10.323333333333334,236.01587446571784,452.8942,688.3557,570.625,0.0,0.8508,1.4173,293,10.323333333333334,237.93684650791243,451.5754,688.9721,570.2738,0.0417,0.4997,1.3938,293,10.323333333333334,238.0483400993893,451.5917,689.1497,570.3707,0.0083,0.5202,1.2671,293,10.323333333333334,236.38781362774574,452.5009,688.3557,570.4283,0.0417,0.8189,1.4173,293,10.323333333333334
236.37913046860163,452.5593,688.4606,570.5099,0.025,0.8665,1.5103,294,10.370000000000001,236.07367105066672,452.8579,688.4606,570.6592,0.0,1.012,1.5103,294,10.370000000000001,238.05985555621484,451.5439,689.039,570.2915,0.0667,0.3781,1.3273,294,10.370000000000001,238.10528022968208,451.5742,689.2115,570.3928,0.0083,0.4686,1.3192,294,10.370000000000001,236.37913046860163,452.5593,688.4606,570.5099,0.025,0.8665,1.5103,294,10.370000000000001
236.3754266725838,452.5614,688.4602,570.5108,0.025,0.8911,1.5277,295,10.391666666666667,236.0714880040273,452.8593,688.4602,570.6598,0.0,1.0092,1.5277,295,10.391666666666667,237.98436732978638,451.5657,689.039,570.3023,0.0583,0.5334,1.328,295,10.391666666666667,238.11005047716995,451.573,689.2125,570.3927,0.0083,0.5083,1.3267,295,10.391666666666667,236.3754266725838,452.5614,688.4602,570.5108,0.025,0.8911,1.5277,295,10.391666666666667
236.39886611780324,452.5449,688.4697,570.5073,0.025,1.0624,1.5056,296,10.421666666666667,236.0915637032291,452.8448,688.4697,570.6572,0.0,0.9753,1.5056,296,10.421666666666667,237.99195211066547,451.5606,689.0444,570.3025,0.0583,0.5374,1.3538,296,10.421666666666667,238.11794959708178,451.5681,689.2186,570.3934,0.0083,0.5059,1.3552,296,10.421666666666667,236.39886611780324,452.5449,688.4697,570.5073,0.025,1.0624,1.5056,296,10.421666666666667
236.3895594927487,452.554,688.4611,570.5076,0.025,0.9548,1.5292,297,10.465,236.08775568217376,452.8508,688.4611,570.656,0.0,0.9915,1.5292,297,10.465,237.98359803339983,451.5651,689.0366,570.3008,0.0583,0.5288,1.3266,297,10.465,238.1093188904088,451.5725,689.2101,570.3913,0.0083,0.5083,1.3265,297,10.465,236.3895594927487,452.554,688.4611,570.5076,0.025,0.9548,1.5292,297,10.465
236.39734281365494,452.5459,688.4577,570.5018,0.025,0.9358,1.535,298,10.486666666666668,236.0945618938815,452.8436,688.4577,570.6506,0.0,0.9385,1.535,298,10.486666666666668,237.96312439648017,451.5921,689.037,570.3146,0.0333,0.4846,1.3263,298,10.486666666666668,238.10452435598583,451.574,689.2096,570.3918,0.0083,0.4807,1.3194,298,10.486666666666668,236.39734281365494,452.5459,688.4577,570.5018,0.025,0.9358,1.535,298,10.486666666666668
236.5137782999372,452.4671,688.4603,570.4637,0.0333,0.9685,1.528,299,10.521666666666667,236.09249222591117,452.8496,688.4603,570.6549,0.0,0.9665,1.528,299,10.521666666666667,237.98383549390826,451.5649,689.0457,570.3053,0.0583,0.5069,1.3305,299,10.521666666666667,238.10782722543456,451.5733,689.2179,570.3956,0.0083,0.5056,1.3246,299,10.521666666666667,236.5137782999372,452.4671,688.4603,570.4637,0.0333,0.9685,1.528,299,10.521666666666667
236.43802581004385,452.5022,688.4561,570.4792,0.0333,0.9053,1.5104,300,10.566666666666668,236.12119288613493,452.8145,688.4561,570.6353,0.0083,0.9402,1.5104,300,10.566666666666668,237.96545747298032,451.5926,689.0464,570.3195,0.0333,0.4815,1.3309,300,10.566666666666668,238.1063919778362,451.5749,689.2186,570.3967,0.0083,0.4797,1.3199,300,10.566666666666668,236.5306031091167,452.4572,688.4561,570.4567,0.0417,0.8957,1.5104,300,10.566666666666668
236.5235394655433,452.464,688.455,570.4595,0.0417,0.9632,1.5219,301,10.588333333333335,236.08107858413092,452.856,688.455,570.6555,0.0,0.988,1.5219,301,10.588333333333335,237.96307035595873,451.5929,689.041,570.3169,0.0333,0.4868,1.3281,301,10.588333333333335,238.10411212266501,451.5751,689.2134,570.3942,0.0083,0.5042,1.3297,301,10.588333333333335,236.5235394655433,452.464,688.455,570.4595,0.0417,0.9632,1.5219,301,10.588333333333335
236.63651435711773,452.349,688.4592,570.4041,0.0583,0.928,1.5005,302,10.621666666666668,236.11979965432604,452.8185,688.4592,570.6389,0.0083,0.919,1.5005,302,10.621666666666668,237.95921523274598,451.5948,689.0397,570.3172,0.0333,0.4869,1.3273,302,10.621666666666668,238.10031386468964,451.5769,689.2121,570.3945,0.0083,0.4945,1.3232,302,10.621666666666668,236.50692257647813,452.4716,688.4592,570.4654,0.0333,0.9439,1.5005,302,10.621666666666668
236.5226206827006,452.4657,688.4598,570.4627,0.0417,0.9666,1.5095,303,10.665000000000003,236.0803321650773,452.8573,688.4598,570.6586,0.0,1.0068,1.5095,303,10.665000000000003,237.95996308535877,451.5945,689.0374,570.316,0.0333,0.4874,1.3264,303,10.665000000000003,238.10111291645615,451.5767,689.2099,570.3933,0.0083,0.5065,1.3277,303,10.665000000000003,236.5226206827006,452.4657,688.4598,570.4627,0.0417,0.9666,1.5095,303,10.665000000000003
236.59467166655793,452.4223,688.4525,570.4374,0.05,1.0211,1.4607,304,10.690000000000001,235.961810835615,453.0137,688.4525,570.7331,0.0083,1.0288,1.4607,304,10.690000000000001,237.94793900209115,451.6127,689.0513,570.332,0.025,0.5722,1.4199,304,10.690000000000001,238.08932800986034,451.5864,689.2221,570.4042,0.0083,0.5593,1.4167,304,10.690000000000001,236.44712312308505,452.5348,688.4525,570.4936,0.0333,1.0443,1.4607,304,10.690000000000001
236.43211905554855,452.5513,688.4473,570.4993,0.0417,1.0728,1.4562,305,10.721666666666668,235.90246108246518,453.0767,688.4473,570.762,0.0083,1.1064,1.4562,305,10.721666666666668,237.9690979147137,451.5925,689.0487,570.3206,0.0167,0.5759,1.4218,305,10.721666666666668,238.08156719235657,451.5925,689.2195,570.406,0.0083,0.5759,1.4231,305,10.721666666666668,236.38468119052473,452.6009,688.4473,570.5241,0.0333,1.0953,1.4562,305,10.721666666666668
236.67084246781792,452.3438,688.4496,570.3967,0.05,0.9642,1.4577,306,10.755,236.01705869155685,452.9759,688.4496,570.7128,0.0083,1.06,1.4577,306,10.755,237.97196000942358,451.592,689.0528,570.3224,0.0167,0.5706,1.4196,306,10.755,238.08435821950786,451.592,689.2235,570.4078,0.0083,0.5706,1.3782,306,10.755,236.55730886268725,452.4623,688.4496,570.4559,0.0333,0.9617,1.4577,306,10.755
236.6407899413045,452.367,688.4504,570.4087,0.0583,1.0558,1.4662,307,10.788333333333334,235.94915353013255,453.0228,688.4504,570.7366,0.0083,1.1883,1.4662,307,10.788333333333334,237.9641870994686,451.5919,689.0482,570.3201,0.0167,0.5636,1.4179,307,10.788333333333334,238.07666613939503,451.5919,689.2191,570.4055,0.0083,0.5636,1.2243,307,10.788333333333334,236.43483990068097,452.5432,688.4504,570.4968,0.0333,1.0545,1.4662,307,10.788333333333334
236.58261705741785,452.4321,688.4507,570.4414,0.0417,1.1244,1.4693,308,10.82,235.99778784335803,452.992,688.4507,570.7213,0.0083,1.1525,1.4693,308,10.82,237.9700880753661,451.5915,689.0561,570.3238,0.0167,0.5641,1.4125,308,10.82,238.08245879918016,451.5915,689.2268,570.4092,0.0083,0.5641,1.2114,308,10.82,236.4960398924015,452.509,688.4507,570.4798,0.025,1.0544,1.4693,308,10.82
236.64767899877612,452.3659,688.4553,570.4106,0.05,1.03,1.4711,309,10.853333333333333,235.9978792862209,452.9943,688.4553,570.7248,0.0083,1.1287,1.4711,309,10.853333333333333,237.97082958411275,451.5913,689.0574,570.3243,0.0167,0.5637,1.411,309,10.853333333333333,238.08318826289178,451.5913,689.2281,570.4097,0.0083,0.5637,1.2215,309,10.853333333333333,236.5345925670444,452.4836,688.4553,570.4694,0.0333,1.068,1.4711,309,10.853333333333333
236.6463058532212,452.3679,688.4556,570.4118,0.05,1.0291,1.4714,310,10.888333333333334,235.99600642653152,452.9968,688.4556,570.7262,0.0083,1.1221,1.4714,310,10.888333333333334,237.96832902131158,451.5932,689.0573,570.3253,0.0167,0.5586,1.4108,310,10.888333333333334,238.08067589167862,451.5932,689.228,570.4106,0.0083,0.5586,1.2208,310,10.888333333333334,236.533310530816,452.4855,688.4556,570.4706,0.0333,1.0718,1.4714,310,10.888333333333334
236.64698213333028,452.3644,688.452,570.4082,0.05,1.0273,1.467,311,10.921666666666667,235.99610935993562,452.9938,688.452,570.7229,0.0083,1.0801,1.467,311,10.921666666666667,237.97022384869453,451.5924,689.0575,570.325,0.0167,0.5619,1.4109,311,10.921666666666667,238.08258404200478,451.5924,689.2282,570.4103,0.0083,0.5619,1.2218,311,10.921666666666667,236.53384384371543,452.4821,688.452,570.4671,0.0333,1.0452,1.467,311,10.921666666666667
236.58375724428618,452.4324,688.4562,570.4443,0.0417,1.0753,1.4651,312,10.953333333333335,235.99745253221826,452.9938,688.4562,570.725,0.0083,1.0833,1.4651,312,10.953333333333335,237.9719827744406,451.5917,689.0546,570.3231,0.0167,0.5559,1.4134,312,10.953333333333335,238.08443341032196,451.5917,689.2254,570.4086,0.0083,0.5559,1.2693,312,10.953333333333335,236.53567641486808,452.4816,688.4562,570.4689,0.0333,1.0727,1.4651,312,10.953333333333335
236.46706206318436,452.5346,688.4552,570.4949,0.0417,1.0594,1.4654,313,10.988333333333333,235.93261137428055,453.0593,688.4552,570.7572,0.0083,1.0949,1.4654,313,10.988333333333333,237.97374642775046,451.5917,689.0572,570.3245,0.0167,0.5559,1.4122,313,10.988333333333333,238.08728800627884,451.5917,689.2297,570.4107,0.0083,0.5559,1.2731,313,10.988333333333333,236.46606415645036,452.5517,688.4552,570.5035,0.0333,1.0559,1.4654,313,10.988333333333333
236.64362496118522,453.8074,689.9943,571.9008,0.05,0.9678,1.3743,314,11.023333333333333,236.4761926165664,454.0094,689.9943,572.0019,0.0083,1.1235,1.3743,314,11.023333333333333,238.21321095883275,452.8488,690.5733,571.7111,0.0167,0.5652,1.4027,314,11.023333333333333,238.34029648482596,452.8315,690.7521,571.7918,0.0,0.629,1.3088,314,11.023333333333333,236.69455192066596,453.7878,689.9943,571.891,0.025,0.998,1.3743,314,11.023333333333333
236.43904975059786,454.4121,690.3549,572.3835,0.025,0.9313,1.4161,315,11.055000000000001,236.21844055509837,454.637,690.3549,572.4959,0.0083,1.0574,1.4161,315,11.055000000000001,237.97132652328517,453.4747,690.9376,572.2061,0.0583,0.517,1.3347,315,11.055000000000001,238.12464367045428,453.4632,691.1257,572.2945,0.0083,0.5467,1.3362,315,11.055000000000001,236.4801796498671,454.3839,690.3549,572.3694,0.0333,0.9503,1.4161,315,11.055000000000001
236.3685389798086,454.9344,690.857,572.8957,0.0417,1.1701,1.1768,316,11.086666666666668,236.12385000906812,455.2246,690.8635,573.044,0.0083,1.1278,1.1981,316,11.086666666666668,237.829169233024,454.0407,691.4897,572.7652,0.0333,0.594,1.23,316,11.086666666666668,238.02898482180117,454.0407,691.6601,572.8504,0.0,0.594,1.2917,316,11.086666666666668,236.39234087455247,454.9461,690.857,572.9016,0.05,1.0655,1.1768,316,11.086666666666668
236.42044009425547,455.2709,691.167,573.219,0.025,0.957,1.4031,317,11.121666666666668,236.2436906488562,455.4403,691.167,573.3037,0.0,1.1205,1.4031,317,11.121666666666668,238.05729797619495,454.324,691.9493,573.1366,0.0167,0.4965,1.1383,317,11.121666666666668,238.21680437283936,454.324,692.1487,573.2364,0.0,0.4965,1.0975,317,11.121666666666668,236.43178269079326,455.2597,691.167,573.2134,0.0333,0.955,1.4031,317,11.121666666666668
236.5649265714079,455.1809,691.1985,573.1897,0.0417,0.8963,1.372,318,11.153333333333334,236.29618999960135,455.4137,691.1985,573.3061,0.0,1.057,1.372,318,11.153333333333334,238.05254774189407,454.3704,691.9691,573.1698,0.0167,0.476,1.2158,318,11.153333333333334,238.21335153155923,454.3373,692.1624,573.2499,0.0,0.469,1.1818,318,11.153333333333334,236.46319420354715,455.3045,691.1985,573.2515,0.0417,0.9012,1.372,318,11.153333333333334
236.10235789392956,455.5961,691.2011,573.3986,0.0,1.0049,1.3573,319,11.188333333333334,236.10235789392945,455.5961,691.2011,573.3986,0.0,1.0049,1.3573,319,11.188333333333334,237.8105465480829,454.6315,692.0127,573.3221,0.0167,0.4967,1.2686,319,11.188333333333334,237.97777307197177,454.5918,692.2049,573.3984,0.0,0.4875,1.2245,319,11.188333333333334,236.11191299208227,455.5867,691.2011,573.3939,0.0083,1.0174,1.3573,319,11.188333333333334
236.41205704820985,455.6001,691.4642,573.5322,0.025,0.7992,1.3564,320,11.22,236.19711097976963,455.7764,691.4642,573.6203,0.0,0.9502,1.3564,320,11.22,237.90688511086924,454.7796,692.21,573.4948,0.0417,0.4402,1.1382,320,11.22,238.1007606726923,454.7017,692.3929,573.5473,0.0,0.4575,1.2254,320,11.22,236.47755507884048,455.5299,691.4642,573.4971,0.0417,0.9246,1.3564,320,11.22
236.40253833085035,455.5397,691.425,573.4823,0.0167,0.9556,1.3654,321,11.255,236.1965411659902,455.7481,691.425,573.5865,0.0,0.9433,1.3654,321,11.255,237.96850146210957,454.6362,692.1732,573.4047,0.025,0.4838,1.1811,321,11.255,238.15367758151638,454.6021,692.3488,573.4755,0.0,0.4904,1.1658,321,11.255,236.41550498273477,455.5269,691.425,573.4759,0.025,0.9417,1.3654,321,11.255
236.44241471894264,455.4525,691.4019,573.4272,0.0417,0.7314,1.4042,322,11.286666666666667,236.21775038208557,455.6612,691.3885,573.5249,0.0,0.9738,1.4609,322,11.286666666666667,237.92563319208736,454.6342,692.1368,573.3855,0.025,0.4754,1.2241,322,11.286666666666667,238.1122403956835,454.6002,692.3137,573.4569,0.0,0.4876,1.3035,322,11.286666666666667,236.3661823159569,455.4999,691.4019,573.4509,0.0333,0.8593,1.4042,322,11.286666666666667
236.27160449188116,455.5687,691.4025,573.4856,0.0083,1.0127,1.3421,323,11.321666666666667,236.3136001845127,455.5687,691.3891,573.4789,0.0,1.0127,1.3824,323,11.321666666666667,237.93541747659384,454.6292,692.1476,573.3884,0.025,0.4782,1.18,323,11.321666666666667,238.12173999933006,454.5953,692.3242,573.4598,0.0,0.4907,1.2434,323,11.321666666666667,236.32309545982864,455.5344,691.4025,573.4684,0.025,0.9324,1.3421,323,11.321666666666667
236.54737493469852,454.8205,690.774,572.7972,0.0417,0.6675,1.3081,324,11.356666666666667,236.17812466630633,455.1446,690.774,572.9593,0.0,0.9481,1.3081,324,11.356666666666667,237.95876790458814,454.0815,691.5405,572.811,0.0167,0.5414,1.0649,324,11.356666666666667,238.10834462385935,454.0481,691.7159,572.882,0.0,0.5327,0.9408,324,11.356666666666667,236.49871055062442,454.8587,690.774,572.8163,0.0417,0.8603,1.3081,324,11.356666666666667
236.22383487175705,454.7127,690.3615,572.5371,0.0667,0.7037,1.3836,325,11.388333333333334,235.73239849234423,455.1878,690.3615,572.7746,0.0083,0.9894,1.3836,325,11.388333333333334,237.6686883833211,454.0347,691.2102,572.6225,0.0167,0.4814,1.0271,325,11.388333333333334,237.8211557384122,454.0017,691.3909,572.6963,0.0,0.4859,0.9777,325,11.388333333333334,236.134893127295,454.7952,690.3615,572.5784,0.0417,0.7795,1.3836,325,11.388333333333334
236.16747767137585,454.7342,690.3291,572.5317,0.0667,0.6933,1.4102,326,11.423333333333334,235.89637636423805,454.9455,690.3291,572.6373,0.0083,1.0139,1.4102,326,11.423333333333334,237.88582881526975,453.7324,691.1156,572.424,0.0083,0.5844,1.1516,326,11.423333333333334,237.99984738921768,453.7324,691.2929,572.5126,0.0,0.5844,1.0952,326,11.423333333333334,236.28657385071844,454.5639,690.3291,572.4465,0.0417,0.6877,1.4102,326,11.423333333333334
236.5048760126867,453.7061,689.6411,571.6736,0.05,0.6321,1.3133,327,11.453333333333335,235.99344070522622,454.1701,689.6411,571.9056,0.0,1.0399,1.3133,327,11.453333333333335,238.15371136877334,452.7407,690.4119,571.5763,0.0083,0.532,1.1601,327,11.453333333333335,238.265897736963,452.7407,690.5863,571.6635,0.0,0.532,1.1431,327,11.453333333333335,236.5048760126867,453.7061,689.6411,571.6736,0.05,0.6321,1.3133,327,11.453333333333335
236.16405862995398,453.4517,689.0027,571.2272,0.05,0.8967,1.3689,328,11.491666666666667,235.6157060017112,453.9632,689.0027,571.4829,0.0083,0.9704,1.3689,328,11.491666666666667,237.96743820596677,452.4749,689.992,571.2334,0.0333,0.538,0.8912,328,11.491666666666667,237.92888410336215,452.4749,689.9443,571.2096,0.0,0.538,0.9675,328,11.491666666666667,236.12016796075451,453.4517,689.0142,571.233,0.05,0.8967,1.236,328,11.491666666666667
236.25260474117337,453.412,689.1127,571.2623,0.05,0.9559,1.2701,329,11.535,235.69613699614882,453.9306,689.1127,571.5216,0.0083,1.0384,1.2701,329,11.535,237.90314655651656,452.4738,689.8884,571.1811,0.0167,0.5306,1.0634,329,11.535,237.97353739206244,452.4738,690.0007,571.2372,0.0,0.5306,1.0651,329,11.535,236.2455352561917,453.412,689.1113,571.2617,0.0417,0.9559,1.2776,329,11.535
236.72822493621763,452.9032,689.0461,570.9746,0.0167,0.9885,1.3007,330,11.555000000000001,236.49854893883074,453.1131,689.0461,571.0796,0.0,1.0037,1.3007,330,11.555000000000001,238.27773422435763,452.0188,689.7507,570.8848,0.0083,0.6281,1.1119,330,11.555000000000001,238.39038627891958,452.0188,689.9219,570.9703,0.0,0.6281,1.0293,330,11.555000000000001,236.72822493621763,452.9032,689.0461,570.9746,0.0167,0.9885,1.3007,330,11.555000000000001
236.36183416974572,452.6574,688.4612,570.5593,0.0333,0.8673,1.198,331,11.59,236.1283551480158,452.901,688.4585,570.6798,0.0,0.955,1.2545,331,11.59,237.94409882858506,451.7544,689.066,570.4102,0.0167,0.4787,1.2163,331,11.59,238.07308531775118,451.7288,689.2422,570.4855,0.0,0.5967,1.244,331,11.59,236.36183416974572,452.6574,688.4612,570.5593,0.0333,0.8673,1.198,331,11.59
236.46447686658368,452.539,688.4594,570.4992,0.0417,0.705,1.2337,332,11.621666666666668,236.1766946895741,452.8457,688.4566,570.6511,0.0,0.8706,1.3005,332,11.621666666666668,237.8969007174464,451.7617,689.0654,570.4135,0.0083,0.5446,1.2734,332,11.621666666666668,237.9969274602693,451.7617,689.2173,570.4895,0.0,0.5446,1.23,332,11.621666666666668,236.46447686658368,452.539,688.4594,570.4992,0.0417,0.705,1.2337,332,11.621666666666668
236.49799432297513,452.5272,688.4618,570.4945,0.0333,0.7499,1.2005,333,11.655000000000001,236.26230333470417,452.7978,688.4588,570.6283,0.0,1.0047,1.2928,333,11.655000000000001,237.897141196259,451.75,689.0897,570.4198,0.0083,0.5723,1.1973,333,11.655000000000001,237.99627944901258,451.75,689.2403,570.4951,0.0,0.5723,1.1832,333,11.655000000000001,236.49799432297513,452.5272,688.4618,570.4945,0.0333,0.7499,1.2005,333,11.655000000000001
236.5104690449534,452.3074,688.242,570.2747,0.0333,0.9285,1.3158,334,11.695,235.99312123586083,452.7978,688.242,570.5199,0.0,1.1602,1.3158,334,11.695,237.8891829303431,451.5354,688.8972,570.2163,0.0167,0.5103,1.2742,334,11.695,238.02267663164693,451.5099,689.0572,570.2835,0.0,0.51,1.2264,334,11.695,236.5104690449534,452.3074,688.242,570.2747,0.0333,0.9285,1.3158,334,11.695
236.5296899652371,452.3007,688.2568,570.2787,0.0333,0.9174,1.2939,335,11.721666666666668,236.01384874730627,452.7898,688.2568,570.5233,0.0,1.1485,1.2939,335,11.721666666666668,237.89743706553145,451.5319,688.9034,570.2176,0.0167,0.5092,1.2621,335,11.721666666666668,238.03074810506567,451.5064,689.0633,570.2849,0.0,0.5081,1.2169,335,11.721666666666668,236.5296899652371,452.3007,688.2568,570.2787,0.0333,0.9174,1.2939,335,11.721666666666668
236.38850663899044,452.4338,688.2567,570.3452,0.025,1.0544,1.3023,336,11.755,235.9463588984181,452.8445,688.2567,570.5506,0.0,1.1468,1.3023,336,11.755,237.89543276810912,451.5323,688.9014,570.2169,0.0167,0.5708,1.2776,336,11.755,238.02880044238327,451.5069,689.0613,570.2841,0.0,0.5273,1.2177,336,11.755,236.38850663899044,452.4338,688.2567,570.3452,0.025,1.0544,1.3023,336,11.755
236.31028451301296,452.3146,688.0359,570.1753,0.025,0.9429,1.2878,337,11.795,235.9236692180279,452.6912,688.0359,570.3636,0.0,1.0113,1.2878,337,11.795,237.74491893226366,451.4913,688.7091,570.1002,0.0167,0.5769,1.3847,337,11.795,237.87536872752887,451.4676,688.8666,570.1671,0.0,0.5483,1.2958,337,11.795,236.31028451301296,452.3146,688.0359,570.1753,0.025,0.9429,1.2878,337,11.795
236.43825862949342,452.302,688.163,570.2325,0.0333,0.9568,1.2875,338,11.821666666666667,235.9250117206504,452.7886,688.163,570.4758,0.0,1.0571,1.2875,338,11.821666666666667,237.90406628329401,451.4863,688.8943,570.1903,0.0083,0.5629,1.2977,338,11.821666666666667,238.00412462780673,451.4863,689.0463,570.2663,0.0,0.5629,1.3858,338,11.821666666666667,236.43825862949342,452.302,688.163,570.2325,0.0333,0.9568,1.2875,338,11.821666666666667
236.514783087243,452.3008,688.2338,570.2673,0.0333,0.9576,1.303,339,11.853333333333333,236.0013264883955,452.7877,688.2338,570.5107,0.0,1.0532,1.303,339,11.853333333333333,237.9965123427685,451.4861,688.9391,570.2126,0.0083,0.5628,1.4441,339,11.853333333333333,238.11687473517142,451.4861,689.1219,570.304,0.0,0.5628,1.4202,339,11.853333333333333,236.514783087243,452.3008,688.2338,570.2673,0.0333,0.9576,1.303,339,11.853333333333333
236.635772972706,452.1007,688.1632,570.1319,0.025,0.9092,1.1903,340,11.898333333333333,236.2409558587366,452.4863,688.1632,570.3247,0.0,0.8994,1.1903,340,11.898333333333333,238.08241113990502,451.2841,688.8445,570.0643,0.025,0.522,1.318,340,11.898333333333333,238.27281768382275,451.2591,689.0141,570.1366,0.0,0.5495,1.3726,340,11.898333333333333,236.635772972706,452.1007,688.1632,570.1319,0.025,0.9092,1.1903,340,11.898333333333333
236.2979765524907,452.4063,688.1342,570.2702,0.0417,0.9928,1.1998,341,11.921666666666667,235.8041994812253,452.9257,688.1155,570.5206,0.0,1.0965,1.3854,341,11.921666666666667,237.9674483362567,451.4165,688.7829,570.0997,0.0167,0.7162,1.5131,341,11.921666666666667,238.10251925858407,451.3911,688.9707,570.1809,0.0,0.7943,1.5855,341,11.921666666666667,236.2979765524907,452.4063,688.1342,570.2702,0.0417,0.9928,1.1998,341,11.921666666666667
236.2025383616687,452.4984,688.1577,570.328,0.0333,1.0169,1.1611,342,11.953333333333335,235.7504460694751,452.9889,688.139,570.5639,0.0,1.1902,1.3512,342,11.953333333333335,237.8580708849442,451.4702,688.81,570.1401,0.0167,0.5476,1.4577,342,11.953333333333335,238.0212707782055,451.4702,688.9807,570.2254,0.0,0.5476,1.457,342,11.953333333333335,236.2025383616687,452.4984,688.1577,570.328,0.0333,1.0169,1.1611,342,11.953333333333335
236.20823937244526,452.4927,688.1519,570.3223,0.0417,1.0475,1.1721,343,12.0,235.72580845087523,453.0043,688.1332,570.5688,0.0,1.2352,1.3545,343,12.0,237.85998251250672,451.488,688.8137,570.1509,0.025,0.5566,1.464,343,12.0,238.03427248003402,451.4632,688.9843,570.2238,0.0,0.6058,1.4561,343,12.0,236.20823937244526,452.4927,688.1519,570.3223,0.0417,1.0475,1.1721,343,12.0
236.31465085153027,452.404,688.1371,570.2705,0.0417,0.9798,1.2655,344,12.033333333333335,235.6649597121039,453.0307,688.1371,570.5839,0.0,1.2987,1.2655,344,12.033333333333335,237.95899305113127,451.3934,688.8029,570.0981,0.0333,0.4657,1.2613,344,12.033333333333335,238.02715463724974,451.4285,688.9792,570.2038,0.0,0.4915,1.2017,344,12.033333333333335,236.31465085153027,452.404,688.1371,570.2705,0.0417,0.9798,1.2655,344,12.033333333333335
236.32356015839127,452.4043,688.1456,570.275,0.0417,1.0012,1.3136,345,12.055000000000001,235.64374504426362,453.0486,688.1456,570.5971,0.0083,1.321,1.3136,345,12.055000000000001,237.95518451463377,451.3944,688.8127,570.1036,0.0333,0.4664,1.1598,345,12.055000000000001,238.0228951548555,451.4297,688.9887,570.2092,0.0,0.4919,1.1901,345,12.055000000000001,236.30611735197093,452.4113,688.1456,570.2785,0.0417,0.9771,1.3136,345,12.055000000000001
236.38600144659642,452.345,688.1663,570.2556,0.0333,0.8295,1.2655,346,12.098333333333334,235.71747555375117,452.9807,688.1663,570.5735,0.0,1.3675,1.2655,346,12.098333333333334,237.89266396729218,451.461,688.822,570.1415,0.0167,0.5201,1.2712,346,12.098333333333334,238.0202460089818,451.4381,689.0,570.2191,0.0,0.5171,1.1607,346,12.098333333333334,236.38600144659642,452.345,688.1663,570.2556,0.0333,0.8295,1.2655,346,12.098333333333334
236.35013819064923,452.372,688.166,570.269,0.0333,0.986,1.2831,347,12.121666666666668,235.6881548507226,453.0019,688.166,570.5839,0.0,1.3205,1.2831,347,12.121666666666668,237.92006984836416,451.4382,688.8225,570.1303,0.025,0.4986,1.274,347,12.121666666666668,238.02307716102425,451.4356,689.0005,570.218,0.0,0.5084,1.1606,347,12.121666666666668,236.35013819064923,452.372,688.166,570.269,0.0333,0.986,1.2831,347,12.121666666666668
236.37789783879222,452.3527,688.1691,570.2609,0.0333,0.8778,1.3244,348,12.153333333333334,235.7136260266107,452.9847,688.1691,570.5769,0.0,1.3427,1.3244,348,12.153333333333334,237.8948009410966,451.4592,688.8229,570.1411,0.0167,0.5367,1.2708,348,12.153333333333334,238.02235583998717,451.4363,689.0009,570.2186,0.0,0.5067,1.1608,348,12.153333333333334,236.37789783879222,452.3527,688.1691,570.2609,0.0333,0.8778,1.3244,348,12.153333333333334
236.37785267132034,452.3523,688.1686,570.2605,0.0333,0.8956,1.3243,349,12.188333333333334,235.7134856243484,452.9843,688.1686,570.5765,0.0,1.3629,1.3243,349,12.188333333333334,237.89446461015456,451.4591,688.8226,570.1408,0.0167,0.5402,1.2723,349,12.188333333333334,238.02201451853315,451.4362,689.0006,570.2184,0.0,0.5064,1.164,349,12.188333333333334,236.37785267132034,452.3523,688.1686,570.2605,0.0333,0.8956,1.3243,349,12.188333333333334
236.37703775285883,452.3512,688.1658,570.2585,0.0333,0.8939,1.3163,350,12.22,235.71252164637733,452.9834,688.1658,570.5746,0.0,1.3715,1.3163,350,12.22,237.89493214186837,451.4575,688.8206,570.1391,0.0167,0.546,1.2755,350,12.22,238.02248280667612,451.4346,688.9987,570.2166,0.0,0.5148,1.1638,350,12.22,236.37703775285883,452.3512,688.1658,570.2585,0.0333,0.8939,1.3163,350,12.22
236.38181564974613,452.3496,688.1686,570.2591,0.0333,0.8589,1.3119,351,12.255,235.71750231829395,452.9816,688.1686,570.5751,0.0,1.3713,1.3119,351,12.255,237.89621538664878,451.4579,688.8211,570.1395,0.0167,0.5462,1.2674,351,12.255,238.02376027691918,451.435,688.9991,570.2171,0.0,0.509,1.1638,351,12.255,236.38181564974613,452.3496,688.1686,570.2591,0.0333,0.8589,1.3119,351,12.255
236.37754890742974,452.3506,688.1655,570.2581,0.0333,0.8458,1.313,352,12.286666666666667,235.71323603331984,452.9826,688.1655,570.5741,0.0,1.3715,1.313,352,12.286666666666667,237.89731399842668,451.4572,688.8215,570.1394,0.0167,0.5464,1.2653,352,12.286666666666667,238.0248444005229,451.4344,688.9996,570.217,0.0,0.5094,1.162,352,12.286666666666667,236.37754890742974,452.3506,688.1655,570.2581,0.0333,0.8458,1.313,352,12.286666666666667
236.38445883696144,452.3458,688.1664,570.2561,0.0333,0.8313,1.3128,353,12.321666666666667,235.7195768752638,452.9783,688.1664,570.5724,0.0,1.3694,1.3128,353,12.321666666666667,237.89878044057315,451.4572,688.824,570.1406,0.0167,0.5464,1.2651,353,12.321666666666667,238.0262714696832,451.4344,689.002,570.2182,0.0,0.5094,1.1625,353,12.321666666666667,236.38445883696144,452.3458,688.1664,570.2561,0.0333,0.8313,1.3128,353,12.321666666666667
236.25228241845846,452.4317,688.1531,570.2924,0.0333,1.1244,1.2468,354,12.355,235.67462681938989,453.0111,688.1531,570.5821,0.0,1.1808,1.2468,354,12.355,237.86945326096145,451.4431,688.7784,570.1108,0.0333,0.4524,1.3216,354,12.355,238.03997410546287,451.3866,688.9578,570.1722,0.0,0.5496,1.1866,354,12.355,236.25228241845846,452.4317,688.1531,570.2924,0.0333,1.1244,1.2468,354,12.355
236.26054781019062,452.4151,688.1427,570.2789,0.0333,1.1422,1.2471,355,12.388333333333334,235.68199448385698,452.9955,688.1427,570.5691,0.0,1.2416,1.2471,355,12.388333333333334,237.89965167133232,451.4334,688.7856,570.1095,0.025,0.4684,1.3185,355,12.388333333333334,238.04169928189447,451.3857,688.9619,570.1738,0.0,0.5883,1.1959,355,12.388333333333334,236.26054781019062,452.4151,688.1427,570.2789,0.0333,1.1422,1.2471,355,12.388333333333334
236.2605085603403,452.4136,688.1393,570.2765,0.0333,1.1421,1.2522,356,12.42,235.68184261761016,452.9941,688.1393,570.5667,0.0,1.2332,1.2522,356,12.42,237.90031864392668,451.4332,688.7857,570.1095,0.025,0.4683,1.3199,356,12.42,238.04235654972186,451.3857,688.962,570.1738,0.0,0.5878,1.1928,356,12.42,236.2605085603403,452.4136,688.1393,570.2765,0.0333,1.1421,1.2522,356,12.42
236.26040495591508,452.4147,688.1408,570.2777,0.0333,1.1434,1.2559,357,12.453333333333335,235.68168195039652,452.9953,688.1408,570.568,0.0,1.2418,1.2559,357,12.453333333333335,237.92618193968661,451.4112,688.7843,570.0977,0.0333,0.4152,1.3197,357,12.453333333333335,238.04056919020815,451.3863,688.9606,570.1735,0.0,0.5774,1.1963,357,12.453333333333335,236.26040495591508,452.4147,688.1408,570.2777,0.0333,1.1434,1.2559,357,12.453333333333335
236.19377146848572,452.4995,688.1433,570.3214,0.025,1.1986,1.2297,358,12.488333333333333,235.68891487962628,452.9921,688.1433,570.5677,0.0,1.2549,1.2297,358,12.488333333333333,237.8660219110736,451.4433,688.7764,570.1099,0.0333,0.4195,1.3272,358,12.488333333333333,238.0357699854938,451.3856,688.953,570.1693,0.0,0.5486,1.21,358,12.488333333333333,236.19377146848572,452.4995,688.1433,570.3214,0.025,1.1986,1.2297,358,12.488333333333333
236.29795613797154,452.3921,688.1452,570.2687,0.0333,1.0464,1.2528,359,12.533333333333335,235.72031507525392,452.9715,688.1452,570.5583,0.0,1.2725,1.2528,359,12.533333333333335,237.92410327026133,451.4118,688.7826,570.0972,0.0333,0.4039,1.3204,359,12.533333333333335,238.03853647454633,451.387,688.959,570.173,0.0,0.5739,1.2349,359,12.533333333333335,236.29795613797154,452.3921,688.1452,570.2687,0.0333,1.0464,1.2528,359,12.533333333333335
236.30003925153093,452.3888,688.1421,570.2654,0.0333,1.0203,1.2584,360,12.555000000000001,235.7219599748916,452.9686,688.1421,570.5554,0.0,1.259,1.2584,360,12.555000000000001,237.89619261509597,451.4348,688.7825,570.1087,0.025,0.4652,1.3205,360,12.555000000000001,238.03824947559377,451.3873,688.9589,570.1731,0.0,0.5884,1.2353,360,12.555000000000001,236.30003925153093,452.3888,688.1421,570.2654,0.0333,1.0203,1.2584,360,12.555000000000001
236.30268383281273,452.3855,688.144,570.2647,0.0333,1.0187,1.2525,361,12.590000000000002,235.72395428056834,452.9659,688.144,570.5549,0.0,1.2915,1.2525,361,12.590000000000002,237.9233184865387,451.4123,688.7825,570.0974,0.0333,0.4058,1.3202,361,12.590000000000002,238.03776418224157,451.3875,688.9589,570.1732,0.0,0.5798,1.2349,361,12.590000000000002,236.30268383281273,452.3855,688.144,570.2647,0.0333,1.0187,1.2525,361,12.590000000000002
236.35172220874483,452.3511,688.1378,570.2445,0.0333,0.9173,1.239,362,12.623333333333337,235.77122684811562,452.9316,688.1378,570.5347,0.0,1.3126,1.239,362,12.623333333333337,237.8985913609276,451.4335,688.7859,570.1097,0.025,0.4686,1.327,362,12.623333333333337,238.04062727859548,451.386,688.9622,570.1741,0.0,0.5888,1.1942,362,12.623333333333337,236.35172220874483,452.3511,688.1378,570.2445,0.0333,0.9173,1.239,362,12.623333333333337
236.29496332418285,452.3872,688.1317,570.2595,0.0333,1.0104,1.2447,363,12.658333333333335,235.71696515220216,452.9669,688.1317,570.5493,0.0,1.2441,1.2447,363,12.658333333333335,237.89686209863532,451.4348,688.7859,570.1104,0.025,0.4532,1.327,363,12.658333333333335,238.03887118158246,451.3874,688.9622,570.1748,0.0,0.5919,1.1942,363,12.658333333333335,236.29496332418285,452.3872,688.1317,570.2595,0.0333,1.0104,1.2447,363,12.658333333333335
236.32111681252863,452.39,688.1944,570.2922,0.025,1.0793,1.4272,364,12.691666666666668,235.8043731828558,452.8943,688.1944,570.5443,0.0,1.1225,1.4272,364,12.691666666666668,237.88033692789563,451.413,688.7377,570.0754,0.0167,0.5393,1.2875,364,12.691666666666668,238.01517082883473,451.385,688.9233,570.1541,0.0,0.5853,1.3343,364,12.691666666666668,236.32111681252863,452.39,688.1944,570.2922,0.025,1.0793,1.4272,364,12.691666666666668
236.37178091058965,452.3872,688.2698,570.3285,0.025,1.0816,1.4338,365,12.721666666666668,235.85402320692413,452.8924,688.2698,570.5811,0.0,1.1085,1.4338,365,12.721666666666668,237.88374698732153,451.4141,688.7438,570.079,0.0167,0.4513,1.2903,365,12.721666666666668,238.01905736165338,451.3861,688.9302,570.1582,0.0,0.5446,1.3225,365,12.721666666666668,236.37178091058965,452.3872,688.2698,570.3285,0.025,1.0816,1.4338,365,12.721666666666668
236.36061554090813,452.4096,688.2746,570.3421,0.0167,1.1023,1.4094,366,12.753333333333334,236.03597631897864,452.7198,688.2746,570.4972,0.0,1.2177,1.4094,366,12.753333333333334,237.88933116606847,451.4121,688.7505,570.0813,0.0167,0.4833,1.363,366,12.753333333333334,238.02450182253858,451.3843,688.9367,570.1605,0.0,0.5569,1.2957,366,12.753333333333334,236.36061554090813,452.4096,688.2746,570.3421,0.0167,1.1023,1.4094,366,12.753333333333334
236.39494300394495,452.3702,688.275,570.3226,0.025,1.1122,1.4226,367,12.788333333333334,235.99916290368571,452.7663,688.275,570.5207,0.0,1.153,1.4226,367,12.788333333333334,237.88809352997362,451.4183,688.7501,570.0842,0.0167,0.4159,1.3061,367,12.788333333333334,238.02336545340762,451.3903,688.9364,570.1634,0.0,0.5468,1.3185,367,12.788333333333334,236.39494300394495,452.3702,688.275,570.3226,0.025,1.1122,1.4226,367,12.788333333333334
236.39660804232503,452.371,688.2764,570.3237,0.025,1.0994,1.4286,368,12.82,236.0011119964241,452.7669,688.2764,570.5216,0.0,1.1475,1.4286,368,12.82,237.8877320709569,451.4188,688.7505,570.0847,0.0167,0.4162,1.3055,368,12.82,238.02306630324765,451.3907,688.9368,570.1637,0.0,0.546,1.3184,368,12.82,236.39660804232503,452.371,688.2764,570.3237,0.025,1.0994,1.4286,368,12.82
236.3931678644077,452.3725,688.2753,570.3239,0.025,1.1301,1.4215,369,12.853333333333333,235.99775639175627,452.7682,688.2753,570.5218,0.0,1.1379,1.4215,369,12.853333333333333,237.88583442419807,451.4194,688.7491,570.0842,0.0167,0.416,1.294,369,12.853333333333333,238.02116411122967,451.3913,688.9354,570.1634,0.0,0.5485,1.3184,369,12.853333333333333,236.3931678644077,452.3725,688.2753,570.3239,0.025,1.1301,1.4215,369,12.853333333333333
236.37832200183541,452.3473,688.1952,570.2712,0.025,1.0212,1.4325,370,12.886666666666667,236.0144965703693,452.6817,688.1952,570.4384,0.0,1.0556,1.4325,370,12.886666666666667,237.8792371692024,451.4151,688.7368,570.076,0.0167,0.5399,1.295,370,12.886666666666667,238.0140803602092,451.3871,688.9224,570.1548,0.0,0.5713,1.3396,370,12.886666666666667,236.37832200183541,452.3473,688.1952,570.2712,0.025,1.0212,1.4325,370,12.886666666666667
236.38573542914062,452.3771,688.2796,570.3283,0.025,1.0921,1.4178,371,12.921666666666667,235.99095766156765,452.7723,688.2796,570.5259,0.0,1.1403,1.4178,371,12.921666666666667,237.8815919150119,451.4172,688.742,570.0796,0.0167,0.5468,1.2865,371,12.921666666666667,238.01637587842293,451.3891,688.9274,570.1583,0.0,0.5806,1.3171,371,12.921666666666667,236.38573542914062,452.3771,688.2796,570.3283,0.025,1.0921,1.4178,371,12.921666666666667
236.3896748942071,452.372,688.2763,570.3241,0.025,1.0866,1.4108,372,12.953333333333335,235.99448439500696,452.7676,688.2763,570.5219,0.0,1.1753,1.4108,372,12.953333333333335,237.88790300891975,451.4164,688.7506,570.0835,0.0167,0.5458,1.3421,372,12.953333333333335,238.02255288570746,451.3883,688.9359,570.1621,0.0,0.5785,1.3094,372,12.953333333333335,236.3896748942071,452.372,688.2763,570.3241,0.025,1.0866,1.4108,372,12.953333333333335
236.39244633754305,452.3709,688.2783,570.3246,0.025,1.086,1.414,373,12.988333333333333,235.9971900439084,452.7666,688.2783,570.5225,0.0,1.194,1.414,373,12.988333333333333,237.8879680231169,451.4164,688.7506,570.0835,0.0167,0.5458,1.3417,373,12.988333333333333,238.02261875732722,451.3883,688.9359,570.1621,0.0,0.5785,1.3098,373,12.988333333333333,236.39244633754305,452.3709,688.2783,570.3246,0.025,1.086,1.414,373,12.988333333333333
236.29494115503562,452.4433,688.2568,570.3501,0.025,1.1287,1.4384,374,13.026666666666667,235.9002014638804,452.8378,688.2568,570.5473,0.0,1.0112,1.4384,374,13.026666666666667,237.92859068757735,451.4234,688.8209,570.1221,0.0167,0.4725,1.2769,374,13.026666666666667,237.9128767481745,451.4197,688.8209,570.1203,0.0,0.5241,1.2769,374,13.026666666666667,236.29494115503562,452.4433,688.2568,570.3501,0.025,1.1287,1.4384,374,13.026666666666667
236.20319500504345,452.5345,688.25,570.3923,0.0333,1.1255,1.4338,375,13.053333333333335,235.61596369962732,453.1235,688.25,570.6868,0.0,1.0039,1.4338,375,13.053333333333335,237.86507199513764,451.4669,688.8231,570.145,0.0167,0.4814,1.2582,375,13.053333333333335,237.83969552854018,451.4969,688.8231,570.16,0.0,0.5296,1.2582,375,13.053333333333335,236.20319500504345,452.5345,688.25,570.3923,0.0333,1.1255,1.4338,375,13.053333333333335
236.17858978580992,452.5658,688.2464,570.4061,0.0333,1.1037,1.4348,376,13.088333333333335,235.6001553891165,453.1459,688.2464,570.6961,0.0,1.0671,1.4348,376,13.088333333333335,237.86499197357497,451.4678,688.8238,570.1458,0.0167,0.508,1.2581,376,13.088333333333335,237.83973236075627,451.4977,688.8238,570.1607,0.0,0.5281,1.2581,376,13.088333333333335,236.17858978580992,452.5658,688.2464,570.4061,0.0333,1.1037,1.4348,376,13.088333333333335
236.18027255321422,452.5652,688.2467,570.406,0.0333,1.1146,1.4404,377,13.126666666666667,235.60249784493186,453.1447,688.2467,570.6957,0.0,1.0932,1.4404,377,13.126666666666667,237.86392049520006,451.4697,688.8251,570.1474,0.0167,0.5067,1.2576,377,13.126666666666667,237.83878788997797,451.4994,688.8251,570.1622,0.0,0.5255,1.2576,377,13.126666666666667,236.18027255321422,452.5652,688.2467,570.406,0.0333,1.1146,1.4404,377,13.126666666666667
236.18071906479736,452.5648,688.2464,570.4056,0.0333,1.1104,1.4369,378,13.153333333333334,235.60298789259917,453.1441,688.2464,570.6952,0.0,1.0661,1.4369,378,13.153333333333334,237.86454409844004,451.4684,688.8238,570.1461,0.0167,0.5073,1.2581,378,13.153333333333334,237.83926535004278,451.4983,688.8238,570.1611,0.0,0.5276,1.2581,378,13.153333333333334,236.18071906479736,452.5648,688.2464,570.4056,0.0333,1.1104,1.4369,378,13.153333333333334
236.2441624752547,452.5096,688.2471,570.3784,0.0333,1.0322,1.4298,379,13.188333333333334,235.66003961472413,453.0953,688.2471,570.6712,0.0,0.9918,1.4298,379,13.188333333333334,237.86331301319763,451.4685,688.8219,570.1452,0.0167,0.5087,1.254,379,13.188333333333334,237.83798216969296,451.4984,688.8219,570.1602,0.0,0.5318,1.254,379,13.188333333333334,236.2441624752547,452.5096,688.2471,570.3784,0.0333,1.0322,1.4298,379,13.188333333333334
236.26337245670535,452.4939,688.2485,570.3712,0.0333,1.0423,1.4398,380,13.228333333333333,235.67795765329143,453.0808,688.2485,570.6647,0.0,0.9774,1.4398,380,13.228333333333333,237.86680175003457,451.4652,688.8231,570.1441,0.0167,0.5098,1.2534,380,13.228333333333333,237.84145012824197,451.4952,688.8231,570.1591,0.0,0.5277,1.2534,380,13.228333333333333,236.26337245670535,452.4939,688.2485,570.3712,0.0333,1.0423,1.4398,380,13.228333333333333
236.24160428192647,452.513,688.2489,570.3809,0.0333,1.0212,1.4396,381,13.253333333333334,235.65811553378245,453.098,688.2489,570.6735,0.0,0.9859,1.4396,381,13.253333333333334,237.86544702600904,451.4664,688.8231,570.1448,0.0167,0.5095,1.2534,381,13.253333333333334,237.84019405584834,451.4963,688.8231,570.1597,0.0,0.526,1.2534,381,13.253333333333334,236.24160428192647,452.513,688.2489,570.3809,0.0333,1.0212,1.4396,381,13.253333333333334
236.24121157075538,452.5132,688.2499,570.3816,0.0333,1.0226,1.4376,382,13.286666666666667,235.65753860706562,453.0984,688.2499,570.6742,0.0,0.9851,1.4376,382,13.286666666666667,237.8640689532444,451.4678,688.8231,570.1454,0.0167,0.5087,1.2534,382,13.286666666666667,237.83890764873547,451.4975,688.8231,570.1603,0.0,0.5266,1.2534,382,13.286666666666667,236.24121157075538,452.5132,688.2499,570.3816,0.0333,1.0226,1.4376,382,13.286666666666667
236.1935861208354,452.5432,688.2519,570.3975,0.0333,1.1224,1.4322,383,13.331666666666667,235.60823320690713,453.1302,688.2519,570.691,0.0,1.0675,1.4322,383,13.331666666666667,237.8650992573878,451.4676,688.8244,570.146,0.0167,0.5078,1.2533,383,13.331666666666667,237.83993997250806,451.4974,688.8244,570.1609,0.0,0.5267,1.2533,383,13.331666666666667,236.1935861208354,452.5432,688.2519,570.3975,0.0333,1.1224,1.4322,383,13.331666666666667
236.35565436151057,452.3844,688.1999,570.2921,0.025,0.9519,1.3975,384,13.355,236.2438401823334,452.5098,688.1999,570.3548,0.0,1.0331,1.3975,384,13.355,237.90987125706127,451.4411,688.8144,570.1278,0.0167,0.5127,1.4547,384,13.355,238.0364607267333,451.4163,688.9895,570.2029,0.0,0.5595,1.3432,384,13.355,236.35565436151057,452.3844,688.1999,570.2921,0.025,0.9519,1.3975,384,13.355
236.3574222454763,452.3844,688.2012,570.2928,0.025,0.9534,1.3827,385,13.388333333333334,236.24556222168434,452.5097,688.2012,570.3555,0.0,1.0291,1.3827,385,13.388333333333334,237.91106863071872,451.4411,688.8168,570.129,0.0167,0.5115,1.4517,385,13.388333333333334,238.0376230234049,451.4163,688.9918,570.2041,0.0,0.5605,1.3414,385,13.388333333333334,236.3574222454763,452.3844,688.2012,570.2928,0.025,0.9534,1.3827,385,13.388333333333334
236.40884257840042,452.3329,688.1978,570.2653,0.0167,0.8378,1.3981,386,13.433333333333334,236.23591602083434,452.5145,688.1978,570.3561,0.0,1.0768,1.3981,386,13.433333333333334,237.91758359485493,451.4409,688.825,570.133,0.0167,0.5229,1.4254,386,13.433333333333334,238.04418902148558,451.4159,688.9998,570.2079,0.0,0.5537,1.3404,386,13.433333333333334,236.34723378925162,452.3892,688.1978,570.2935,0.025,0.9446,1.3981,386,13.433333333333334
236.4101966293698,452.3424,688.2033,570.2729,0.0167,0.8611,1.3974,387,13.453333333333335,236.236796925144,452.5235,688.2033,570.3634,0.0,1.0129,1.3974,387,13.453333333333335,237.89978403628984,451.4466,688.8051,570.1258,0.0167,0.5317,1.4938,387,13.453333333333335,238.02602396525515,451.4218,688.9794,570.2006,0.0,0.5789,1.3446,387,13.453333333333335,236.34833466383952,452.399,688.2033,570.3012,0.025,0.9337,1.3974,387,13.453333333333335
236.4084886673857,452.3306,688.1916,570.2611,0.0167,0.8198,1.3988,388,13.486666666666668,236.23538709796756,452.5123,688.1916,570.352,0.0,1.0752,1.3988,388,13.486666666666668,237.91297025817494,451.4409,688.8178,570.1294,0.0167,0.5229,1.4354,388,13.486666666666668,238.03967954902316,451.4159,688.9928,570.2044,0.0,0.5537,1.3408,388,13.486666666666668,236.34689896643266,452.3869,688.1916,570.2893,0.025,0.9157,1.3988,388,13.486666666666668
236.34298281507938,452.3935,688.1944,570.294,0.025,0.9208,1.3835,389,13.533333333333335,236.2317365725538,452.5184,688.1944,570.3564,0.0,1.0275,1.3835,389,13.533333333333335,237.91441193428892,451.4411,688.822,570.1316,0.0167,0.5115,1.445,389,13.533333333333335,238.04089140105484,451.4163,688.9969,570.2066,0.0,0.5605,1.338,389,13.533333333333335,236.34298281507938,452.3935,688.1944,570.294,0.025,0.9208,1.3835,389,13.533333333333335
236.40490005766324,452.3387,688.1997,570.2692,0.0167,0.8862,1.3829,390,13.553333333333335,236.23260389619372,452.5194,688.1997,570.3595,0.0,1.0309,1.3829,390,13.553333333333335,237.9169245703973,451.4409,688.824,570.1325,0.0167,0.5032,1.4472,390,13.553333333333335,238.04415074452112,451.4157,689.0,570.2078,0.0,0.5551,1.3298,390,13.553333333333335,236.34297280167553,452.3953,688.1997,570.2975,0.025,0.9507,1.3829,390,13.553333333333335
236.41801273346346,452.3298,688.2019,570.2658,0.0167,0.849,1.3828,391,13.588333333333335,236.24536338334832,452.5107,688.2019,570.3563,0.0,1.0485,1.3828,391,13.588333333333335,237.9179766988864,451.44,688.8242,570.1321,0.0167,0.5022,1.4456,391,13.588333333333335,238.04519603830926,451.4148,689.0001,570.2074,0.0,0.5582,1.3296,391,13.588333333333335,236.35632217426752,452.3862,688.2019,570.294,0.025,0.9522,1.3828,391,13.588333333333335
236.3571877364824,452.383,688.2001,570.2916,0.025,0.9518,1.3828,392,13.620000000000001,236.24597726931472,452.5078,688.2001,570.354,0.0,1.046,1.3828,392,13.620000000000001,237.91620632536004,451.4402,688.8226,570.1314,0.0167,0.5026,1.4509,392,13.620000000000001,238.04344967467551,451.4149,688.9985,570.2067,0.0,0.5569,1.3307,392,13.620000000000001,236.3571877364824,452.383,688.2001,570.2916,0.025,0.9518,1.3828,392,13.620000000000001
236.37321590045514,452.3773,688.2019,570.2896,0.025,0.9661,1.3713,393,13.655000000000001,236.26137141278497,452.5016,688.2019,570.3518,0.0,1.0087,1.3713,393,13.655000000000001,237.91408543704495,451.4403,688.8204,570.1303,0.0167,0.5036,1.4607,393,13.655000000000001,238.04133429624173,451.415,688.9964,570.2057,0.0,0.5596,1.3327,393,13.655000000000001,236.37321590045514,452.3773,688.2019,570.2896,0.025,0.9661,1.3713,393,13.655000000000001
236.44143003055586,452.2506,688.2315,570.241,0.0333,0.6358,1.4028,394,13.690000000000001,236.060976224065,452.6356,688.2315,570.4335,0.0,0.9675,1.4028,394,13.690000000000001,237.90638181893522,451.4271,688.8,570.1135,0.0167,0.4906,1.2069,394,13.690000000000001,238.03811722881906,451.4014,688.9825,570.1919,0.0,0.59,1.1812,394,13.690000000000001,236.44143003055586,452.2506,688.2315,570.241,0.0333,0.6358,1.4028,394,13.690000000000001
236.4377490375665,452.2536,688.2309,570.2423,0.0333,0.6504,1.4053,395,13.721666666666668,236.05758510730448,452.6384,688.2309,570.4347,0.0,0.9473,1.4053,395,13.721666666666668,237.90513363073302,451.4277,688.8011,570.1144,0.0167,0.4863,1.2073,395,13.721666666666668,238.03698476841234,451.4018,688.9836,570.1927,0.0,0.5386,1.1788,395,13.721666666666668,236.4377490375665,452.2536,688.2309,570.2423,0.0333,0.6504,1.4053,395,13.721666666666668
236.44383350096996,452.2488,688.2286,570.2387,0.0333,0.6428,1.3525,396,13.756666666666668,236.06220291355385,452.6348,688.2286,570.4317,0.0,0.9465,1.3525,396,13.756666666666668,237.8646566760822,451.4421,688.8078,570.125,0.0333,0.4685,1.1941,396,13.756666666666668,237.96766567947154,451.4806,688.9873,570.234,0.0,0.6198,1.1712,396,13.756666666666668,236.44383350096996,452.2488,688.2286,570.2387,0.0333,0.6428,1.3525,396,13.756666666666668
236.44613654059052,452.2523,688.2433,570.2478,0.0333,0.6697,1.377,397,13.791666666666668,236.06516621931695,452.6376,688.2433,570.4404,0.0,0.9409,1.377,397,13.791666666666668,237.87027612315325,451.4421,688.8153,570.1287,0.0333,0.4925,1.1975,397,13.791666666666668,237.9754452136673,451.4802,688.9944,570.2373,0.0,0.6374,1.1876,397,13.791666666666668,236.44613654059052,452.2523,688.2433,570.2478,0.0333,0.6697,1.377,397,13.791666666666668
236.45209354387865,452.2437,688.238,570.2409,0.0333,0.6708,1.3866,398,13.823333333333334,236.06991651825464,452.6303,688.238,570.4341,0.0,0.954,1.3866,398,13.823333333333334,237.87106532425707,451.4396,688.8093,570.1245,0.0333,0.492,1.16,398,13.823333333333334,237.97623924937474,451.4777,688.9886,570.2332,0.0,0.6353,1.164,398,13.823333333333334,236.45209354387865,452.2437,688.238,570.2409,0.0333,0.6708,1.3866,398,13.823333333333334
236.45182425326587,452.2462,688.2411,570.2437,0.0333,0.6823,1.4018,399,13.853333333333333,236.07001660105828,452.6323,688.2411,570.4367,0.0,0.9357,1.4018,399,13.853333333333333,237.86980201609953,451.4414,688.81,570.1257,0.0333,0.4958,1.1651,399,13.853333333333333,237.9750147425645,451.4795,688.9891,570.2343,0.0,0.6366,1.166,399,13.853333333333333,236.44425347292668,452.2644,688.2411,570.2528,0.0417,0.628,1.4018,399,13.853333333333333
236.4514777537867,452.246,688.2416,570.2438,0.0333,0.6695,1.4064,400,13.886666666666667,236.06967242990953,452.6321,688.2416,570.4368,0.0,0.938,1.4064,400,13.886666666666667,237.88284134388803,451.4274,688.8103,570.1188,0.025,0.4971,1.1613,400,13.886666666666667,238.0507793100378,451.4011,688.9895,570.1953,0.0,0.5499,1.192,400,13.886666666666667,236.4439209832349,452.2641,688.2416,570.2529,0.0417,0.6226,1.4064,400,13.886666666666667
236.4597166253307,452.2435,688.2454,570.2444,0.0333,0.6653,1.4051,401,13.921666666666667,236.07793537676724,452.6295,688.2454,570.4375,0.0,0.9664,1.4051,401,13.921666666666667,237.8842935826673,451.4274,688.8127,570.12,0.025,0.4971,1.1565,401,13.921666666666667,238.05219016208395,451.4011,688.9918,570.1964,0.0,0.5499,1.1917,401,13.921666666666667,236.4597166253307,452.2435,688.2454,570.2444,0.0333,0.6653,1.4051,401,13.921666666666667
236.45964681505978,452.2418,688.2392,570.2405,0.0333,0.6561,1.4169,402,13.953333333333335,236.07762783015613,452.6281,688.2392,570.4336,0.0,0.96,1.4169,402,13.953333333333335,237.8835464751055,451.4279,688.8119,570.1199,0.025,0.497,1.1548,402,13.953333333333335,238.05143269856669,451.4016,688.9911,570.1964,0.0,0.5503,1.1882,402,13.953333333333335,236.45964681505978,452.2418,688.2392,570.2405,0.0333,0.6561,1.4169,402,13.953333333333335
236.5106250910146,452.2186,688.2586,570.2386,0.0333,0.6618,1.3938,403,13.988333333333335,236.1270376339486,452.6046,688.2586,570.4316,0.0,0.9311,1.3938,403,13.988333333333335,237.87609449579293,451.4283,688.7999,570.1141,0.025,0.4969,1.2032,403,13.988333333333335,238.04419061100526,451.402,688.9793,570.1907,0.0,0.5506,1.2136,403,13.988333333333335,236.5106250910146,452.2186,688.2586,570.2386,0.0333,0.6618,1.3938,403,13.988333333333335
236.55208530072164,452.2136,688.2362,570.2249,0.0417,0.7144,1.3077,404,14.021666666666668,236.0817301513798,452.6846,688.2362,570.4604,0.0167,1.0145,1.3077,404,14.021666666666668,237.94397853796315,451.3967,688.8452,570.1209,0.0417,0.4818,1.2801,404,14.021666666666668,238.102389811215,451.3852,688.989,570.1871,0.0083,0.5041,1.3219,404,14.021666666666668,236.54584605289327,452.2257,688.2362,570.231,0.0333,0.7067,1.3077,404,14.021666666666668
236.46916986297805,452.2773,688.2342,570.2558,0.0333,0.8624,1.3102,405,14.055000000000001,236.20614061903817,452.5433,688.2342,570.3888,0.0167,0.9738,1.3102,405,14.055000000000001,237.94307248997617,451.3947,688.8425,570.1186,0.0417,0.5255,1.2954,405,14.055000000000001,238.10152808805563,451.3834,688.9863,570.1849,0.0083,0.5272,1.3247,405,14.055000000000001,236.4337791468772,452.3346,688.2342,570.2844,0.025,0.9009,1.3102,405,14.055000000000001
236.4731249643084,452.2731,688.2372,570.2552,0.0333,0.88,1.3088,406,14.086666666666668,236.2091543014981,452.5402,688.2372,570.3887,0.0167,0.9657,1.3088,406,14.086666666666668,237.89055786357633,451.4139,688.8345,570.1242,0.0333,0.4706,1.309,406,14.086666666666668,238.09570773297233,451.3827,688.9784,570.1806,0.0083,0.545,1.3328,406,14.086666666666668,236.4063807672165,452.3529,688.2372,570.2951,0.0167,0.976,1.3088,406,14.086666666666668
236.5213292524045,452.2406,688.2378,570.2392,0.0333,0.9029,1.3088,407,14.120000000000001,236.25649185705063,452.5071,688.2378,570.3725,0.0167,0.949,1.3088,407,14.120000000000001,237.89031494520236,451.4143,688.8347,570.1245,0.0333,0.4776,1.3092,407,14.120000000000001,238.095471428558,451.3831,688.9786,570.1808,0.0083,0.5282,1.3328,407,14.120000000000001,236.48292549837566,452.2982,688.2378,570.268,0.025,0.8203,1.3088,407,14.120000000000001
236.63962396763347,452.1323,688.2551,570.1937,0.0417,0.6257,1.2987,408,14.153333333333334,236.32488730662237,452.4546,688.2551,570.3548,0.0167,0.871,1.2987,408,14.153333333333334,237.8910995340353,451.4151,688.8378,570.1265,0.0333,0.4777,1.3044,408,14.153333333333334,238.09652044702838,451.384,688.982,570.183,0.0083,0.5289,1.33,408,14.153333333333334,236.5888101223749,452.1957,688.2551,570.2254,0.025,0.6347,1.2987,408,14.153333333333334
236.51758412915237,452.2413,688.234,570.2376,0.0333,0.7895,1.31,409,14.188333333333334,236.2525815096888,452.5084,688.234,570.3712,0.0167,0.9549,1.31,409,14.188333333333334,237.938052133679,451.394,688.8364,570.1152,0.0417,0.5304,1.3057,409,14.188333333333334,238.0969840927248,451.3827,688.9806,570.1817,0.0083,0.5269,1.3314,409,14.188333333333334,236.4794151431636,452.2992,688.234,570.2666,0.025,0.8426,1.31,409,14.188333333333334
236.51695185501296,452.2416,688.2338,570.2377,0.0333,0.7894,1.3101,410,14.22,236.2521139843996,452.5087,688.2338,570.3712,0.0167,0.9549,1.3101,410,14.22,237.89238673507563,451.4132,688.8364,570.1248,0.0333,0.4777,1.3057,410,14.22,238.09777056089175,451.382,688.9806,570.1813,0.0083,0.5455,1.3314,410,14.22,236.4786921302215,452.2997,688.2338,570.2668,0.025,0.7943,1.3101,410,14.22
236.46940404967128,452.274,688.235,570.2545,0.0333,0.8844,1.3097,411,14.253333333333334,236.2050880681819,452.5414,688.235,570.3882,0.0167,0.9875,1.3097,411,14.253333333333334,237.89169700672468,451.4143,688.8371,570.1257,0.0333,0.4777,1.3052,411,14.253333333333334,238.09709737467293,451.3832,688.9813,570.1823,0.0083,0.5283,1.3307,411,14.253333333333334,236.40153932443218,452.355,688.235,570.295,0.0167,0.9127,1.3097,411,14.253333333333334
236.51691559332411,452.2413,688.2352,570.2383,0.0333,0.7906,1.3097,412,14.286666666666667,236.2522909421093,452.5082,688.2352,570.3717,0.0167,0.9556,1.3097,412,14.286666666666667,237.93829959338888,451.3943,688.8373,570.1158,0.0417,0.5295,1.3049,412,14.286666666666667,238.09722842134087,451.383,688.9815,570.1822,0.0083,0.5278,1.3305,412,14.286666666666667,236.47899057265303,452.299,688.2352,570.2671,0.025,0.7958,1.3097,412,14.286666666666667
236.62926460816718,452.13,688.2345,570.1822,0.0417,0.6157,1.3098,413,14.32,236.31443206881715,452.4525,688.2345,570.3435,0.0167,0.8828,1.3098,413,14.32,237.8908919774972,451.4151,688.8373,570.1262,0.0333,0.4779,1.3049,413,14.32,238.09631445836382,451.384,688.9815,570.1827,0.0083,0.5296,1.3305,413,14.32,236.57944611484567,452.1926,688.2345,570.2135,0.025,0.6468,1.3098,413,14.32
236.23229194493445,452.5265,688.1881,570.3573,0.0417,1.0488,1.5266,414,14.355,235.92867433247923,452.8167,688.1881,570.5024,0.0167,1.1908,1.5266,414,14.355,237.98611195291102,451.3836,688.8412,570.1124,0.0417,0.4261,1.4284,414,14.355,238.05121120554028,451.4126,689.0108,570.2117,0.0083,0.4568,1.3399,414,14.355,236.32468983775212,452.4282,688.1881,570.3081,0.0333,1.026,1.5266,414,14.355
236.2100098357848,452.55,688.1888,570.3694,0.05,1.0678,1.5109,415,14.386666666666667,235.71180394767583,453.0349,688.1888,570.6118,0.0167,1.1786,1.5109,415,14.386666666666667,237.99105181515435,451.3796,688.8412,570.1104,0.0417,0.4552,1.3841,415,14.386666666666667,238.0559589119776,451.4088,689.0109,570.2099,0.0083,0.4945,1.3548,415,14.386666666666667,236.29381958536356,452.4607,688.1888,570.3247,0.0333,1.0989,1.5109,415,14.386666666666667
236.057041858264,452.6908,688.1921,570.4415,0.0833,1.0093,1.5023,416,14.421666666666667,235.7060677318423,453.0319,688.1921,570.612,0.0167,1.2096,1.5023,416,14.421666666666667,237.9790711854989,451.3811,688.8353,570.1082,0.0417,0.4362,1.3973,416,14.421666666666667,238.04318022651444,451.411,689.005,570.208,0.0083,0.4774,1.2831,416,14.421666666666667,236.28374307171833,452.4616,688.1921,570.3268,0.0333,1.0988,1.5023,416,14.421666666666667
236.24312173209756,452.5509,688.2678,570.4093,0.05,1.0764,1.4831,417,14.456666666666667,235.74357135165175,453.037,688.2678,570.6524,0.0167,1.1989,1.4831,417,14.456666666666667,237.98508057218473,451.3815,688.8434,570.1124,0.0417,0.4618,1.3891,417,14.456666666666667,238.04933254737162,451.4113,689.0129,570.2121,0.0083,0.478,1.3217,417,14.456666666666667,236.325796940855,452.4617,688.2678,570.3648,0.0333,1.1025,1.4831,417,14.456666666666667
236.24729962954828,452.5467,688.2668,570.4067,0.05,1.0528,1.5247,418,14.486666666666668,235.74715212092187,453.0334,688.2668,570.6501,0.0167,1.1971,1.5247,418,14.486666666666668,237.98040475842657,451.3846,688.8432,570.1139,0.0417,0.4292,1.3895,418,14.486666666666668,238.04479692553136,451.4143,689.0127,570.2135,0.0083,0.4668,1.3212,418,14.486666666666668,236.34209095651227,452.445,688.2668,570.3559,0.0417,1.1098,1.5247,418,14.486666666666668
236.2756349095054,452.517,688.2649,570.391,0.0417,1.0984,1.5341,419,14.533333333333335,235.7413668167044,453.0366,688.2649,570.6508,0.0167,1.2019,1.5341,419,14.533333333333335,237.9807281077687,451.3838,688.8414,570.1126,0.0417,0.4295,1.3886,419,14.533333333333335,238.04578509449675,451.4128,689.0109,570.2119,0.0083,0.4671,1.3213,419,14.533333333333335,236.33557767561626,452.4488,688.2649,570.3569,0.0417,1.1163,1.5341,419,14.533333333333335
236.24848146580166,452.5046,688.195,570.3498,0.05,1.1102,1.4826,420,14.56,235.75546188464062,452.9826,688.195,570.5888,0.0167,1.2039,1.4826,420,14.56,237.98397607767603,451.3841,688.8482,570.1162,0.0417,0.4256,1.4178,420,14.56,238.04892918578457,451.4131,689.0176,570.2154,0.0083,0.4835,1.3384,420,14.56,236.29774911765716,452.4475,688.195,570.3212,0.0417,1.1261,1.4826,420,14.56
236.21003058901584,452.5447,688.1982,570.3715,0.05,1.0743,1.4845,421,14.588333333333335,235.70923453459136,453.032,688.1982,570.6151,0.0167,1.1942,1.4845,421,14.588333333333335,237.98465533962974,451.384,688.8488,570.1164,0.0417,0.4314,1.417,421,14.588333333333335,238.04961109764403,451.413,689.0181,570.2156,0.0083,0.4604,1.3213,421,14.588333333333335,236.3049982716644,452.4433,688.1982,570.3208,0.0417,1.1393,1.4845,421,14.588333333333335
236.2706358179901,452.5413,688.2798,570.4105,0.05,1.0745,1.5463,422,14.621666666666668,235.77061364084904,453.0278,688.2798,570.6538,0.0167,1.1972,1.5463,422,14.621666666666668,237.9898087242258,451.3852,688.8478,570.1165,0.0417,0.4309,1.4226,422,14.621666666666668,238.05423720943932,451.4149,689.0173,570.2161,0.0083,0.4611,1.3144,422,14.621666666666668,236.3657299201081,452.4401,688.2798,570.3599,0.0417,1.1366,1.5463,422,14.621666666666668
236.30351710929503,452.5097,688.2798,570.3947,0.0417,1.1544,1.5463,423,14.661666666666667,235.76988261699063,453.0287,688.2798,570.6542,0.0167,1.2286,1.5463,423,14.661666666666667,237.98985632841726,451.3851,688.8478,570.1165,0.0417,0.4308,1.4226,423,14.661666666666667,238.05428175559226,451.4148,689.0173,570.2161,0.0083,0.4612,1.3144,423,14.661666666666667,236.36685546501846,452.4391,688.2798,570.3595,0.0417,1.1482,1.5463,423,14.661666666666667
236.34616178358084,452.3878,688.1957,570.2917,0.05,0.9711,1.3351,424,14.688333333333334,235.729421558794,452.9578,688.1957,570.5768,0.0083,1.2838,1.3351,424,14.688333333333334,237.8553284477617,451.4706,688.8271,570.1488,0.0417,0.582,1.3072,424,14.688333333333334,238.03201885908345,451.4215,689.0031,570.2123,0.0083,0.5585,1.2574,424,14.688333333333334,236.3568896270294,452.3795,688.1957,570.2876,0.0417,0.9281,1.3351,424,14.688333333333334
236.3789106488929,452.3014,688.1029,570.2022,0.05,0.8458,1.4085,425,14.72,235.8453814413386,452.8142,688.1029,570.4585,0.0083,1.09,1.4085,425,14.72,237.88391210142498,451.44,688.833,570.1365,0.05,0.4776,1.3106,425,14.72,238.02799327469936,451.4258,689.0088,570.2173,0.0083,0.533,1.2543,425,14.72,236.48576850572863,452.2164,688.1029,570.1597,0.0583,0.8095,1.4085,425,14.72
236.36394609007996,452.306,688.1023,570.2041,0.0583,0.8054,1.4002,426,14.765,235.84874999734404,452.8116,688.1023,570.4569,0.0083,1.0903,1.4002,426,14.765,237.87864092087025,451.439,688.8231,570.131,0.05,0.4808,1.3294,426,14.765,238.02286263184058,451.4247,688.9991,570.2119,0.0083,0.5336,1.2519,426,14.765,236.4893292608962,452.2134,688.1023,570.1579,0.0583,0.8071,1.4002,426,14.765
236.4999944901633,452.2088,688.1072,570.158,0.0667,0.8072,1.3783,427,14.788333333333334,235.85994361793618,452.807,688.1072,570.4571,0.0083,1.0976,1.3783,427,14.788333333333334,237.87647598430738,451.438,688.8175,570.1277,0.05,0.4854,1.3405,427,14.788333333333334,238.02080512054312,451.4236,688.9937,570.2087,0.0083,0.5278,1.2628,427,14.788333333333334,236.49995276085443,452.2089,688.1072,570.1581,0.0583,0.7883,1.3783,427,14.788333333333334
236.37377917766332,452.3019,688.1115,570.2067,0.0583,0.8682,1.3785,428,14.821666666666667,235.85962271585439,452.8063,688.1115,570.4589,0.0083,1.0245,1.3785,428,14.821666666666667,237.87414689440004,451.4384,688.813,570.1257,0.05,0.4838,1.3332,428,14.821666666666667,238.0185666159387,451.4241,688.9894,570.2067,0.0083,0.5205,1.2623,428,14.821666666666667,236.50187892745024,452.2072,688.1115,570.1593,0.0583,0.872,1.3785,428,14.821666666666667
236.37372550922788,452.304,688.1144,570.2092,0.0583,0.8678,1.3821,429,14.865,235.85943084222694,452.8085,688.1144,570.4615,0.0083,1.0268,1.3821,429,14.865,237.87062442718425,451.4405,688.8124,570.1265,0.05,0.4971,1.3338,429,14.865,238.01528682682235,451.4258,688.9888,570.2073,0.0083,0.5286,1.2627,429,14.865,236.4986516290892,452.2116,688.1144,570.163,0.0583,0.8513,1.3821,429,14.865
236.45268777504285,452.2445,688.1125,570.1785,0.0583,0.7638,1.3942,430,14.89,235.8566785201723,452.8098,688.1125,570.4612,0.0083,1.0661,1.3942,430,14.89,237.87152590671948,451.4399,688.8129,570.1264,0.05,0.4913,1.3341,430,14.89,238.01615078127872,451.4253,688.9893,570.2073,0.0083,0.5271,1.2496,430,14.89,236.4553690357012,452.2423,688.1125,570.1774,0.05,0.8192,1.3942,430,14.89
236.4496941196947,452.2481,688.1157,570.1819,0.0583,0.7737,1.3839,431,14.923333333333334,235.85404759824638,452.8131,688.1157,570.4644,0.0083,1.0468,1.3839,431,14.923333333333334,237.8678674989965,451.4428,688.813,570.1279,0.05,0.4848,1.3341,431,14.923333333333334,238.01280000271754,451.4277,688.9894,570.2085,0.0083,0.5224,1.2495,431,14.923333333333334,236.49071893802648,452.2182,688.1157,570.167,0.0583,0.8402,1.3839,431,14.923333333333334
236.3687838718106,452.3083,688.1174,570.2129,0.0583,0.8347,1.3843,432,14.968333333333334,235.85490497205024,452.8123,688.1174,570.4649,0.0083,1.0454,1.3843,432,14.968333333333334,237.87047025035736,451.4408,688.8154,570.1281,0.05,0.4824,1.3341,432,14.968333333333334,238.01516307491224,451.4259,688.9917,570.2088,0.0083,0.511,1.2477,432,14.968333333333334,236.48992520174855,452.2187,688.1174,570.1681,0.0583,0.8413,1.3843,432,14.968333333333334
236.48342673421217,452.2501,688.204,570.2271,0.0667,0.7842,1.2375,433,14.988333333333335,235.90736279967737,452.8052,688.204,570.5046,0.0083,0.9786,1.2375,433,14.988333333333335,237.87029212388936,451.4467,688.833,570.1398,0.0583,0.4748,1.2949,433,14.988333333333335,238.020292264721,451.4301,689.009,570.2196,0.0083,0.551,1.2377,433,14.988333333333335,236.49347304586516,452.2425,688.204,570.2233,0.0583,0.789,1.2375,433,14.988333333333335
236.62781569196375,452.218,688.3256,570.2718,0.0333,0.9634,1.4951,434,15.025,236.29963454053788,452.56,688.3256,570.4428,0.0083,1.1313,1.4951,434,15.025,237.89180291901437,451.4431,688.7975,570.1203,0.0417,0.602,1.401,434,15.025,238.0454068106353,451.4187,688.9731,570.1959,0.0083,0.5859,1.3709,434,15.025,236.49574975934595,452.3427,688.3256,570.3341,0.0333,0.926,1.4951,434,15.025
236.63068495030808,452.2146,688.3258,570.2702,0.0333,0.9829,1.4925,435,15.055000000000001,236.3020166619523,452.557,688.3258,570.4414,0.0083,1.1287,1.4925,435,15.055000000000001,237.89161902357156,451.4433,688.7975,570.1204,0.0417,0.6021,1.401,435,15.055000000000001,238.04523034185797,451.4189,688.9731,570.196,0.0083,0.5858,1.3709,435,15.055000000000001,236.49904293298985,452.3388,688.3258,570.3323,0.0333,0.9219,1.4925,435,15.055000000000001
236.5626444514654,452.2918,688.3266,570.3092,0.025,1.0131,1.4917,436,15.088333333333335,236.29869286666607,452.5637,688.3266,570.4451,0.0083,1.1347,1.4917,436,15.088333333333335,237.8945626704607,451.443,688.8034,570.1232,0.0417,0.5958,1.4103,436,15.088333333333335,238.0480591879652,451.4185,688.9789,570.1987,0.0083,0.5687,1.3673,436,15.088333333333335,236.49520634672575,452.346,688.3266,570.3363,0.0333,0.9254,1.4917,436,15.088333333333335
236.57055706811298,452.2908,688.3389,570.3148,0.025,1.0585,1.4891,437,15.120000000000001,236.3064750209769,452.5622,688.3389,570.4505,0.0083,1.1083,1.4891,437,15.120000000000001,237.89944903004988,451.4348,688.7998,570.1173,0.0417,0.6176,1.4085,437,15.120000000000001,238.05451126229022,451.4101,688.9769,570.1935,0.0083,0.5718,1.3911,437,15.120000000000001,236.50117505285678,452.3466,688.3389,570.3428,0.0333,0.9297,1.4891,437,15.120000000000001
236.60745367583377,452.2444,688.3318,570.2881,0.0417,0.9364,1.4953,438,15.153333333333334,236.09764406847663,452.767,688.3318,570.5494,0.0083,1.214,1.4953,438,15.153333333333334,237.90314495794985,451.4406,688.8137,570.1271,0.0417,0.5784,1.3477,438,15.153333333333334,238.05870103500982,451.4162,688.9922,570.2042,0.0083,0.5691,1.3545,438,15.153333333333334,236.47166238069124,452.3728,688.3318,570.3523,0.0417,0.9545,1.4953,438,15.153333333333334
236.61200913235325,452.2403,688.3324,570.2864,0.0417,0.9418,1.4953,439,15.188333333333334,236.10278355460764,452.7624,688.3324,570.5474,0.0083,1.2666,1.4953,439,15.188333333333334,237.90432394941413,451.4393,688.8121,570.1257,0.0417,0.5799,1.3454,439,15.188333333333334,238.05978564957704,451.4151,688.9907,570.2029,0.0083,0.5706,1.3523,439,15.188333333333334,236.47682874280915,452.3682,688.3324,570.3503,0.0417,0.954,1.4953,439,15.188333333333334
236.63388738715017,452.2165,688.3298,570.2731,0.0333,0.9131,1.4944,440,15.221666666666668,236.30531587649975,452.5583,688.3298,570.444,0.0083,1.1446,1.4944,440,15.221666666666668,237.90371222278463,451.4403,688.8128,570.1266,0.0417,0.5834,1.3465,440,15.221666666666668,238.05915731179672,451.4161,688.9914,570.2038,0.0083,0.5719,1.3528,440,15.221666666666668,236.55389090399993,452.3115,688.3298,570.3207,0.0333,1.0233,1.4944,440,15.221666666666668
236.63320239270865,452.2145,688.3272,570.2708,0.0333,0.9917,1.4915,441,15.255,236.3044862549654,452.5565,688.3272,570.4419,0.0083,1.1366,1.4915,441,15.255,237.89196330049126,451.4422,688.7977,570.1199,0.0417,0.6034,1.4122,441,15.255,238.0455360786969,451.4179,688.9734,570.1956,0.0083,0.5857,1.3687,441,15.255,236.55423389645543,452.3088,688.3272,570.318,0.0333,0.9972,1.4915,441,15.255
236.63321277345904,452.2141,688.3299,570.272,0.0333,0.9743,1.4905,442,15.286666666666667,236.30468615253685,452.556,688.3299,570.443,0.0083,1.1197,1.4905,442,15.286666666666667,237.89542261989016,451.4395,688.8001,570.1198,0.0417,0.5865,1.3542,442,15.286666666666667,238.05102870150753,451.4153,688.9789,570.1971,0.0083,0.5718,1.3669,442,15.286666666666667,236.5540338787945,452.3086,688.3299,570.3192,0.0333,0.9972,1.4905,442,15.286666666666667
236.60983254422933,452.2365,688.3311,570.2838,0.0417,0.9379,1.4883,443,15.32,236.09973846774852,452.7595,688.3311,570.5453,0.0083,1.2569,1.4883,443,15.32,237.89707812815803,451.4376,688.8,570.1188,0.0417,0.5837,1.3508,443,15.32,238.0526357339532,451.4135,688.9788,570.1962,0.0083,0.5719,1.367,443,15.32,236.47026850414505,452.3675,688.3311,570.3493,0.0417,0.9533,1.4883,443,15.32
236.34022435135623,452.4627,688.2861,570.3744,0.025,0.9791,1.4627,444,15.355,235.95008795366624,452.8524,688.2861,570.5693,0.0,1.2618,1.4627,444,15.355,237.9528421136976,451.3987,688.8334,570.116,0.05,0.5414,1.3171,444,15.355,238.04229431036592,451.435,688.9995,570.2173,0.0083,0.4798,1.2308,444,15.355,236.34022435135623,452.4627,688.2861,570.3744,0.025,0.9791,1.4627,444,15.355
236.33503332959975,452.4656,688.2726,570.3691,0.025,0.9773,1.4771,445,15.388333333333334,235.9452615139844,452.855,688.2726,570.5638,0.0,1.2563,1.4771,445,15.388333333333334,237.94253556258485,451.4049,688.8302,570.1175,0.0583,0.4808,1.32,445,15.388333333333334,238.03939324711763,451.4375,688.9964,570.217,0.0083,0.498,1.2315,445,15.388333333333334,236.33503332959975,452.4656,688.2726,570.3691,0.025,0.9773,1.4771,445,15.388333333333334
236.41256191500872,452.4071,688.263,570.3351,0.025,1.0343,1.4767,446,15.420000000000002,236.0540924878446,452.7411,688.263,570.5021,0.0,1.1688,1.4767,446,15.420000000000002,237.95250777789735,451.3924,688.825,570.1087,0.0583,0.5353,1.3856,446,15.420000000000002,238.049668752536,451.4251,688.9914,570.2082,0.0083,0.4906,1.3102,446,15.420000000000002,236.41256191500872,452.4071,688.263,570.3351,0.025,1.0343,1.4767,446,15.420000000000002
236.32064596419852,452.4692,688.2619,570.3655,0.0167,0.9736,1.4792,447,15.453333333333335,235.99970624750478,452.7756,688.2619,570.5187,0.0,1.2483,1.4792,447,15.453333333333335,237.9503992684695,451.3921,688.8188,570.1054,0.0583,0.5372,1.3299,447,15.453333333333335,238.0478526037295,451.4246,688.9853,570.2049,0.0083,0.4887,1.2968,447,15.453333333333335,236.32064596419852,452.4692,688.2619,570.3655,0.0167,0.9736,1.4792,447,15.453333333333335
236.39015877647037,452.4189,688.2637,570.3413,0.0167,1.0443,1.4789,448,15.486666666666668,236.06922491807188,452.7258,688.2637,570.4947,0.0,1.1277,1.4789,448,15.486666666666668,237.95240552548844,451.3917,688.8241,570.1079,0.0583,0.5331,1.3753,448,15.486666666666668,238.0503134410859,451.4235,688.9905,570.207,0.0083,0.4934,1.3085,448,15.486666666666668,236.42810292361597,452.3915,688.2637,570.3276,0.025,0.9572,1.4789,448,15.486666666666668
236.33303290647103,452.4678,688.2748,570.3713,0.0333,1.0064,1.478,449,15.533333333333335,235.7551643199976,453.0469,688.2748,570.6609,0.0,1.239,1.478,449,15.533333333333335,237.95453992916396,451.3915,688.823,570.1072,0.0583,0.5298,1.3835,449,15.533333333333335,238.05239135464146,451.4233,688.9894,570.2064,0.0083,0.49,1.2979,449,15.533333333333335,236.33303290647103,452.4678,688.2748,570.3713,0.0333,1.0064,1.478,449,15.533333333333335
236.38828941713822,452.4243,688.2728,570.3485,0.025,0.9786,1.4763,450,15.553333333333335,236.022024659405,452.7595,688.2728,570.5161,0.0,1.2169,1.4763,450,15.553333333333335,237.95219102297173,451.3925,688.8218,570.1072,0.0583,0.5275,1.3734,450,15.553333333333335,238.04971761694665,451.4248,688.9882,570.2065,0.0083,0.5176,1.3114,450,15.553333333333335,236.38828941713822,452.4243,688.2728,570.3485,0.025,0.9786,1.4763,450,15.553333333333335
236.43796633176936,452.3853,688.2698,570.3275,0.025,1.0408,1.4736,451,15.588333333333335,236.0785780603573,452.7201,688.2698,570.4949,0.0,1.1765,1.4736,451,15.588333333333335,237.95099945951213,451.3929,688.8213,570.1071,0.0583,0.5261,1.3726,451,15.588333333333335,238.04778735684624,451.426,688.9877,570.2069,0.0083,0.5179,1.3071,451,15.588333333333335,236.43796633176936,452.3853,688.2698,570.3275,0.025,1.0408,1.4736,451,15.588333333333335
236.3781921851371,452.4338,688.2701,570.3519,0.025,0.9925,1.4774,452,15.620000000000001,236.01223618643724,452.7687,688.2701,570.5194,0.0,1.2632,1.4774,452,15.620000000000001,237.95258639308827,451.3923,688.8197,570.106,0.0583,0.5276,1.3965,452,15.620000000000001,238.04954717012902,451.4252,688.9861,570.2057,0.0083,0.5162,1.3172,452,15.620000000000001,236.3781921851371,452.4338,688.2701,570.3519,0.025,0.9925,1.4774,452,15.620000000000001
236.42931798537185,452.3965,688.266,570.3312,0.025,1.0473,1.4812,453,15.655000000000001,236.07033457994132,452.7309,688.266,570.4985,0.0,1.147,1.4812,453,15.655000000000001,237.9516526141367,451.392,688.8181,570.105,0.0583,0.5281,1.3336,453,15.655000000000001,238.0490255160182,451.4246,688.9846,570.2046,0.0083,0.4922,1.3005,453,15.655000000000001,236.42931798537185,452.3965,688.266,570.3312,0.025,1.0473,1.4812,453,15.655000000000001
236.2655497038461,452.4617,688.1986,570.3302,0.0417,0.8476,1.5023,454,15.688333333333334,235.68154772968222,453.0459,688.1986,570.6223,0.0083,1.2627,1.5023,454,15.688333333333334,237.8431808895005,451.4854,688.7496,570.1175,0.0333,0.4787,1.4153,454,15.688333333333334,238.0129661983886,451.4228,688.928,570.1754,0.0,0.5875,1.3794,454,15.688333333333334,236.30721484829482,452.4246,688.1986,570.3116,0.0417,0.7949,1.5023,454,15.688333333333334
236.37066150808025,452.341,688.2015,570.2713,0.0583,0.7135,1.5258,455,15.72,235.73081949904014,452.9987,688.2015,570.6001,0.0083,1.2518,1.5258,455,15.72,237.83839350725404,451.4854,688.7364,570.1109,0.0333,0.4796,1.4658,455,15.72,238.00843319834175,451.4228,688.9152,570.169,0.0,0.5876,1.4217,455,15.72,236.30837730064013,452.4263,688.2015,570.3139,0.0417,0.8068,1.5258,455,15.72
236.3407491532223,452.384,688.2019,570.2929,0.0417,0.8024,1.5249,456,15.755,235.87972940721747,452.8533,688.2019,570.5276,0.0083,0.9631,1.5249,456,15.755,237.84083239477093,451.4847,688.7374,570.1111,0.0333,0.4763,1.4373,456,15.755,238.0108293858738,451.4221,688.9161,570.1691,0.0,0.5871,1.3997,456,15.755,236.3200122467195,452.4554,688.2019,570.3286,0.0417,0.813,1.5249,456,15.755
236.39684528375327,452.3512,688.2126,570.2819,0.05,0.8103,1.4987,457,15.788333333333334,235.89357306900155,452.8476,688.2126,570.5301,0.0083,1.0071,1.4987,457,15.788333333333334,237.88252320693542,451.4596,688.7579,570.1087,0.025,0.4737,1.4496,457,15.788333333333334,238.02354139604932,451.4199,688.9341,570.177,0.0,0.5611,1.39,457,15.788333333333334,236.3871001173825,452.339,688.2126,570.2758,0.05,0.6863,1.4987,457,15.788333333333334
236.27200256981624,452.4589,688.2045,570.3317,0.0333,0.8177,1.5105,458,15.82,235.87535381984225,452.8585,688.2045,570.5315,0.0083,1.0161,1.5105,458,15.82,237.8690444188157,451.4616,688.7392,570.1004,0.025,0.5083,1.4349,458,15.82,238.0100139071812,451.423,688.916,570.1695,0.0,0.5871,1.4008,458,15.82,236.3640927956196,452.3546,688.2045,570.2796,0.05,0.7289,1.5105,458,15.82
236.24513986434673,452.4716,688.1993,570.3355,0.0417,0.9291,1.5095,459,15.855,235.66144428417832,453.0557,688.1993,570.6275,0.0083,1.3009,1.5095,459,15.855,237.83860740448563,451.485,688.7358,570.1104,0.0333,0.4801,1.4652,459,15.855,238.00864312069424,451.4224,688.9146,570.1685,0.0,0.5872,1.4233,459,15.855,236.23250352690678,452.4901,688.1993,570.3447,0.0417,0.8382,1.5095,459,15.855
236.3339752038859,452.3377,688.2007,570.2692,0.1,0.6421,1.4918,460,15.891666666666667,235.77428123854463,452.9637,688.2007,570.5822,0.0167,1.263,1.4918,460,15.891666666666667,237.88630078684352,451.477,688.7879,570.1324,0.0333,0.4583,1.4454,460,15.891666666666667,238.06147620120265,451.4123,688.972,570.1922,0.0,0.5411,1.3697,460,15.891666666666667,236.3230628501628,452.4081,688.2007,570.3044,0.05,0.8299,1.4918,460,15.891666666666667
236.3363681844168,452.339,688.2014,570.2702,0.1,0.6322,1.4821,461,15.921666666666667,235.77512829047407,452.9661,688.2014,570.5838,0.0167,1.291,1.4821,461,15.921666666666667,237.8559475543656,451.5028,688.7851,570.144,0.0417,0.4565,1.4453,461,15.921666666666667,238.05974094476298,451.4118,688.9694,570.1906,0.0,0.539,1.355,461,15.921666666666667,236.3241899480326,452.4104,688.2014,570.3059,0.05,0.7935,1.4821,461,15.921666666666667
236.35735531999399,452.4254,688.2022,570.3138,0.05,0.9927,1.4933,462,15.955000000000002,235.757503950804,452.9832,688.2022,570.5927,0.0083,1.277,1.4933,462,15.955000000000002,237.85566565582238,451.5019,688.7859,570.1439,0.0417,0.4572,1.4372,462,15.955000000000002,238.05946343478382,451.4109,688.9702,570.1906,0.0,0.542,1.3496,462,15.955000000000002,236.33711275618228,452.4485,688.2022,570.3253,0.05,0.9315,1.4933,462,15.955000000000002
236.42327433888573,452.3112,688.201,570.2561,0.05,0.7938,1.4965,463,15.995000000000001,235.75658083742547,452.9844,688.201,570.5927,0.0083,1.2787,1.4965,463,15.995000000000001,237.85535707522027,451.5019,688.7858,570.1439,0.0417,0.4572,1.437,463,15.995000000000001,238.0591537949254,451.4109,688.9701,570.1905,0.0,0.542,1.3495,463,15.995000000000001,236.3359195866048,452.4499,688.201,570.3254,0.05,0.9336,1.4965,463,15.995000000000001
236.42859672096571,452.3898,688.3144,570.3521,0.0417,0.817,1.4391,464,16.028333333333336,235.92125600346668,452.8946,688.3144,570.6045,0.0083,1.0144,1.4391,464,16.028333333333336,237.97890015274814,451.4178,688.778,570.0979,0.025,0.4622,1.4179,464,16.028333333333336,238.08181850167333,451.4077,688.9576,570.1827,0.0,0.5851,1.4179,464,16.028333333333336,236.4596674216649,452.3601,688.3144,570.3373,0.0417,0.7577,1.4391,464,16.028333333333336
236.42955043467214,452.3846,688.3058,570.3452,0.0417,0.8727,1.5114,465,16.05666666666667,235.9209871812137,452.8905,688.3058,570.5981,0.0083,1.014,1.5114,465,16.05666666666667,237.96953450826018,451.4204,688.7696,570.095,0.025,0.4778,1.425,465,16.05666666666667,238.0734295736675,451.4088,688.9495,570.1791,0.0,0.5748,1.3846,465,16.05666666666667,236.62353323007898,452.2257,688.3058,570.2657,0.0583,0.6833,1.5114,465,16.05666666666667
236.4308933931155,452.3835,688.305,570.3443,0.0417,0.8558,1.5262,466,16.098333333333333,235.92252367671267,452.8894,688.305,570.5972,0.0083,1.0105,1.5262,466,16.098333333333333,237.9720253684368,451.4187,688.7705,570.0946,0.025,0.4884,1.4251,466,16.098333333333333,238.07701403127462,451.4073,688.9523,570.1798,0.0,0.5904,1.3836,466,16.098333333333333,236.62504702509324,452.2245,688.305,570.2648,0.0583,0.6829,1.5262,466,16.098333333333333
236.42372379872953,452.3894,688.3083,570.3489,0.0417,0.8942,1.5069,467,16.12,235.91577810114345,452.8947,688.3083,570.6015,0.0083,1.0037,1.5069,467,16.12,237.97445730471134,451.417,688.772,570.0945,0.025,0.4902,1.4468,467,16.12,238.07823497246122,451.4055,688.9518,570.1787,0.0,0.5882,1.3839,467,16.12,236.54831682927528,452.3037,688.3083,570.306,0.05,0.7478,1.5069,467,16.12
236.42519268288345,452.3874,688.31,570.3487,0.0417,0.8482,1.5041,468,16.153333333333336,235.91630988461034,452.8936,688.31,570.6018,0.0083,0.9978,1.5041,468,16.153333333333336,237.9779687071724,451.414,688.7719,570.093,0.025,0.5044,1.4466,468,16.153333333333336,238.08171734783338,451.4022,688.9517,570.177,0.0,0.5901,1.3833,468,16.153333333333336,236.61913546155014,452.2287,688.31,570.2694,0.0583,0.6988,1.5041,468,16.153333333333336
236.42689598082495,452.3862,688.3099,570.3481,0.0417,0.8597,1.5048,469,16.198333333333334,235.91863207839594,452.8919,688.3099,570.6009,0.0083,1.0076,1.5048,469,16.198333333333334,237.97971249854473,451.4132,688.7725,570.0929,0.025,0.4991,1.4467,469,16.198333333333334,238.0835025578643,451.4014,688.9523,570.1769,0.0,0.5987,1.3841,469,16.198333333333334,236.5301910071172,452.2786,688.3099,570.2943,0.05,0.7295,1.5048,469,16.198333333333334
236.4244840904109,452.3892,688.3106,570.3499,0.0417,0.8605,1.5049,470,16.221666666666668,235.91687936918427,452.8942,688.3106,570.6024,0.0083,1.0119,1.5049,470,16.221666666666668,237.97749809316764,451.414,688.7711,570.0925,0.025,0.4988,1.5186,470,16.221666666666668,238.08254016031006,451.4022,688.9528,570.1775,0.0,0.5998,1.4299,470,16.221666666666668,236.55051373813856,452.3025,688.3106,570.3066,0.05,0.7663,1.5049,470,16.221666666666668
236.42703822187983,452.3878,688.3114,570.3496,0.0417,0.8606,1.5223,471,16.253333333333334,235.91889698538705,452.8934,688.3114,570.6024,0.0083,0.9968,1.5223,471,16.253333333333334,237.97806387149902,451.4141,688.772,570.093,0.025,0.4987,1.4467,471,16.253333333333334,238.08289740157,451.4028,688.9537,570.1783,0.0,0.5974,1.3829,471,16.253333333333334,236.62239594551482,452.2278,688.3114,570.2696,0.0583,0.7393,1.5223,471,16.253333333333334
236.42922461014697,452.3869,688.3127,570.3498,0.0417,0.8599,1.5221,472,16.296666666666667,235.92094364115792,452.8926,688.3127,570.6026,0.0083,0.9979,1.5221,472,16.296666666666667,237.9769309346028,451.4147,688.7712,570.0929,0.025,0.4925,1.4251,472,16.296666666666667,238.0818003386925,451.4033,688.953,570.1782,0.0,0.5868,1.3835,472,16.296666666666667,236.5341693434196,452.2778,688.3127,570.2952,0.05,0.7231,1.5221,472,16.296666666666667
236.4301488370251,452.3882,688.3151,570.3517,0.0417,0.8463,1.5212,473,16.32,235.92260673080102,452.893,688.3151,570.6041,0.0083,1.0105,1.5212,473,16.32,237.97611708968597,451.4154,688.7712,570.0933,0.025,0.4919,1.4251,473,16.32,238.08100413167583,451.404,688.953,570.1785,0.0,0.587,1.3835,473,16.32,236.6255784429651,452.2278,688.3151,570.2714,0.0583,0.7063,1.5212,473,16.32
236.36029376219733,452.4161,688.2695,570.3428,0.0417,0.8396,1.5021,474,16.355,235.82986693250373,452.933,688.2695,570.6012,0.0167,1.0206,1.5021,474,16.355,237.9537962767959,451.4216,688.777,570.0993,0.0333,0.4881,1.3797,474,16.355,238.05794678331566,451.4123,688.9542,570.1832,0.0083,0.587,1.3294,474,16.355,236.40137316678536,452.3661,688.2695,570.3178,0.0333,0.8524,1.5021,474,16.355
236.35838158425267,452.4183,688.2744,570.3464,0.0417,0.8326,1.5224,475,16.400000000000002,235.82790474544674,452.9353,688.2744,570.6049,0.0167,1.0223,1.5224,475,16.400000000000002,237.9627220774341,451.4065,688.7774,570.092,0.0333,0.4671,1.384,475,16.400000000000002,238.0588820559609,451.4136,688.9546,570.1841,0.0083,0.5947,1.3838,475,16.400000000000002,236.39865770465406,452.369,688.2744,570.3217,0.0333,0.8378,1.5224,475,16.400000000000002
236.24985705522752,452.5097,688.2565,570.3831,0.0667,0.8324,1.5156,476,16.421666666666667,235.8060495612655,452.9409,688.2565,570.5987,0.0167,1.0619,1.5156,476,16.421666666666667,237.9631563526175,451.4175,688.7884,570.1029,0.0333,0.5077,1.3897,476,16.421666666666667,238.0669198965473,451.4081,688.9653,570.1867,0.0083,0.5606,1.3849,476,16.421666666666667,236.37974915910448,452.3718,688.2565,570.3142,0.0333,0.8507,1.5156,476,16.421666666666667
236.3439883100989,452.4236,688.2648,570.3442,0.0417,0.8415,1.5489,477,16.453333333333333,235.8129359328124,452.9411,688.2648,570.603,0.0167,1.0028,1.5489,477,16.453333333333333,237.9681993456427,451.4059,688.7858,570.0959,0.0333,0.4738,1.3746,477,16.453333333333333,238.06422179568287,451.4129,688.9628,570.1878,0.0083,0.5908,1.3518,477,16.453333333333333,236.38493757000828,452.3736,688.2648,570.3192,0.0333,0.8406,1.5489,477,16.453333333333333
236.35390328002907,452.418,688.2644,570.3412,0.0417,0.8987,1.5563,478,16.488333333333333,235.82376339512066,452.9347,688.2644,570.5995,0.0167,1.0022,1.5563,478,16.488333333333333,237.95913721360816,451.4223,688.7875,570.1049,0.0333,0.4741,1.3778,478,16.488333333333333,238.0631390018212,451.4129,688.9645,570.1887,0.0083,0.5889,1.358,478,16.488333333333333,236.3951351549983,452.3678,688.2644,570.3161,0.0333,0.8719,1.5563,478,16.488333333333333
236.24503291457899,452.4914,688.2667,570.3791,0.1,0.7889,1.5614,479,16.533333333333335,235.809738925212,452.9436,688.2667,570.6052,0.0167,0.9702,1.5614,479,16.533333333333335,237.9869460065264,451.3862,688.7809,570.0835,0.0417,0.4665,1.3782,479,16.533333333333335,238.05527375561155,451.4166,688.958,570.1873,0.0083,0.5853,1.3688,479,16.533333333333335,236.48939297497148,452.2778,688.2667,570.2723,0.05,0.7574,1.5614,479,16.533333333333335
236.2942460348643,452.4516,688.264,570.3578,0.0917,0.7872,1.5627,480,16.555,235.82216905612708,452.9329,688.264,570.5984,0.0167,1.0159,1.5627,480,16.555,237.9918358385361,451.3798,688.7781,570.0789,0.0417,0.4943,1.3686,480,16.555,238.06259039602514,451.4073,688.9552,570.1813,0.0083,0.5481,1.3663,480,16.555,236.5032983526829,452.2657,688.264,570.2648,0.05,0.7321,1.5627,480,16.555
236.20817106023355,452.5532,688.2685,570.4109,0.0833,0.843,1.5641,481,16.588333333333335,235.82226496037214,452.9348,688.2685,570.6017,0.0167,1.0061,1.5641,481,16.588333333333335,237.95174847737124,451.3909,688.7799,570.0854,0.0417,0.5439,1.3692,481,16.588333333333335,238.05967873613173,451.4114,688.957,570.1842,0.0083,0.5549,1.367,481,16.588333333333335,236.40096435358373,452.4017,688.2685,570.3351,0.0417,0.7633,1.5641,481,16.588333333333335
236.2104804874912,452.5507,688.2678,570.4093,0.0833,0.8416,1.5638,482,16.62,235.8244086720674,452.9324,688.2678,570.6001,0.0167,1.0206,1.5638,482,16.62,237.99285103944246,451.3798,688.78,570.0799,0.0417,0.4936,1.3692,482,16.62,238.06357167593205,451.4073,688.9571,570.1822,0.0083,0.5466,1.3671,482,16.62,236.40280164935353,452.3995,688.2678,570.3336,0.0417,0.8018,1.5638,482,16.62
236.21053708680392,452.5509,688.2678,570.4094,0.0833,0.8418,1.5638,483,16.655,235.82467783504595,452.9323,688.2678,570.6001,0.0167,1.019,1.5638,483,16.655,237.99277238414803,451.3799,688.78,570.0799,0.0417,0.4937,1.3692,483,16.655,238.0608178460488,451.4103,688.9571,570.1837,0.0083,0.5535,1.3671,483,16.655,236.40353366359187,452.3991,688.2678,570.3335,0.0417,0.8026,1.5638,483,16.655
236.5015427941283,452.2896,688.2524,570.271,0.0333,0.8674,1.5785,484,16.691666666666666,236.10007371230378,452.685,688.2524,570.4687,0.0083,1.0788,1.5785,484,16.691666666666666,237.89165276559604,451.4733,688.8091,570.1412,0.0333,0.4851,1.4211,484,16.691666666666666,237.9644215336365,451.4803,688.9694,570.2249,0.0,0.6718,1.336,484,16.691666666666666,236.5089019669399,452.2839,688.2524,570.2682,0.025,0.8585,1.5785,484,16.691666666666666
236.5069395518104,452.2847,688.2436,570.2642,0.0333,0.8506,1.5992,485,16.721666666666668,236.10549795399405,452.6802,688.2436,570.4619,0.0083,1.0303,1.5992,485,16.721666666666668,237.89862688720632,451.4748,688.8169,570.1458,0.0333,0.4718,1.4013,485,16.721666666666668,237.97111928510847,451.4836,688.9785,570.231,0.0,0.6397,1.2927,485,16.721666666666668,236.5150954334901,452.2785,688.2436,570.261,0.025,0.8261,1.5992,485,16.721666666666668
236.5553143148714,452.2508,688.2498,570.2503,0.0417,0.7875,1.6016,486,16.753333333333334,236.10945754072452,452.6798,688.2498,570.4648,0.0083,1.0092,1.6016,486,16.753333333333334,237.92977506549087,451.4467,688.8179,570.1323,0.0417,0.4735,1.3932,486,16.753333333333334,237.97529333184005,451.4779,688.9795,570.2287,0.0,0.6392,1.3128,486,16.753333333333334,236.5188989495483,452.2782,688.2498,570.264,0.025,0.7133,1.6016,486,16.753333333333334
236.4527391706829,452.3095,688.2145,570.262,0.0417,0.8659,1.5821,487,16.788333333333334,235.99906200640004,452.7465,688.2145,570.4805,0.0083,0.7788,1.5821,487,16.788333333333334,238.00425779782302,451.4772,688.9816,570.2294,0.0333,0.4962,1.3533,487,16.788333333333334,237.9809177976336,451.4678,688.9816,570.2247,0.0,0.556,1.3533,487,16.788333333333334,236.46108808382562,452.3031,688.2145,570.2588,0.0333,0.8509,1.5821,487,16.788333333333334
236.4367622243736,452.3208,688.2158,570.2683,0.0417,0.8166,1.5662,488,16.82,235.98406721378922,452.757,688.2158,570.4864,0.0083,1.1025,1.5662,488,16.82,238.0313002934853,451.4318,688.9804,570.2061,0.0167,0.5085,1.3624,488,16.82,237.98221872121067,451.4656,688.9804,570.223,0.0,0.5567,1.3624,488,16.82,236.4461533706474,452.3135,688.2158,570.2647,0.0333,0.812,1.5662,488,16.82
236.4428870249227,452.3203,688.2285,570.2744,0.0417,0.8164,1.5806,489,16.855,235.99009598500172,452.7566,688.2285,570.4925,0.0083,1.1034,1.5806,489,16.855,238.03654965013382,451.4332,688.9926,570.2129,0.0167,0.5067,1.363,489,16.855,237.98751758989835,451.4669,688.9926,570.2298,0.0,0.5569,1.363,489,16.855,236.45221157436103,452.3131,688.2285,570.2708,0.0333,0.8132,1.5806,489,16.855
236.4611617050391,452.3047,688.2279,570.2663,0.0333,0.8304,1.5808,490,16.888333333333335,236.06255120980592,452.697,688.2279,570.4624,0.0083,0.991,1.5808,490,16.888333333333335,238.03528192828807,451.4329,688.99,570.2115,0.0167,0.5079,1.3628,490,16.888333333333335,237.98624835222793,451.4666,688.99,570.2283,0.0,0.5572,1.3628,490,16.888333333333335,236.4696831759842,452.2981,688.2279,570.263,0.025,0.8179,1.5808,490,16.888333333333335
236.48996863162452,452.2822,688.2251,570.2537,0.0417,0.8517,1.5631,491,16.92,236.04656978689306,452.703,688.2251,570.4641,0.0083,0.9,1.5631,491,16.92,238.03644522962875,451.4323,688.9903,570.2113,0.0167,0.5069,1.3628,491,16.92,237.98711246631933,451.4665,688.9903,570.2284,0.0,0.5583,1.3628,491,16.92,236.4974634145303,452.2765,688.2251,570.2508,0.0333,0.8438,1.5631,491,16.92
236.4458438225691,452.3167,688.2269,570.2718,0.0417,0.8117,1.579,492,16.953333333333333,235.99391073053235,452.7522,688.2269,570.4896,0.0083,1.103,1.579,492,16.953333333333333,238.03570265114743,451.4325,688.99,570.2112,0.0167,0.5095,1.3626,492,16.953333333333333,237.98665135438728,451.4662,688.99,570.2281,0.0,0.5775,1.3626,492,16.953333333333333,236.45511783897655,452.3096,688.2269,570.2683,0.0333,0.8035,1.579,492,16.953333333333333
236.4427303716495,452.3182,688.2274,570.2728,0.0417,0.8618,1.5825,493,16.988333333333333,235.99006837618765,452.7544,688.2274,570.4909,0.0083,1.1003,1.5825,493,16.988333333333333,238.03670072585476,451.4327,688.9918,570.2123,0.0167,0.5093,1.3555,493,16.988333333333333,237.9876553424271,451.4664,688.9918,570.2291,0.0,0.5775,1.3555,493,16.988333333333333,236.4521736993795,452.3109,688.2274,570.2692,0.0333,0.8291,1.5825,493,16.988333333333333
236.31583781934938,452.4443,688.2277,570.336,0.0417,1.0564,1.4145,494,17.02166666666667,235.72681632949724,453.0345,688.2277,570.6311,0.0083,1.197,1.4145,494,17.02166666666667,237.96034802533418,451.3985,688.7891,570.0938,0.0333,0.4224,1.3495,494,17.02166666666667,237.91164384439966,451.4262,688.7891,570.1077,0.0083,0.6311,1.3495,494,17.02166666666667,236.33506866227572,452.4295,688.2277,570.3286,0.0333,1.0972,1.4145,494,17.02166666666667
236.32368508236164,452.4422,688.234,570.3381,0.0417,1.1162,1.3973,495,17.055,235.73511639595895,453.0319,688.234,570.6329,0.0083,1.2255,1.3973,495,17.055,237.87823194436822,451.4457,688.7916,570.1186,0.05,0.6045,1.3486,495,17.055,237.91036962735458,451.4292,688.7916,570.1104,0.0083,0.6356,1.3486,495,17.055,236.34308024830176,452.4272,688.234,570.3306,0.0333,1.1375,1.3973,495,17.055
236.31864720334184,452.4508,688.2211,570.336,0.0417,1.0011,1.3871,496,17.088333333333335,235.73220115450002,453.036,688.2211,570.6286,0.0083,1.3229,1.3871,496,17.088333333333335,237.94605417307594,451.3806,688.7872,570.0839,0.025,0.6469,1.3455,496,17.088333333333335,237.89965077603242,451.4355,688.7872,570.1114,0.0083,0.6391,1.3455,496,17.088333333333335,236.33613031538047,452.4373,688.2211,570.3292,0.0333,1.0197,1.3871,496,17.088333333333335
236.3765855208331,452.4088,688.2193,570.3141,0.0417,0.9532,1.4223,497,17.121666666666666,235.78721287106399,452.9946,688.2193,570.607,0.0083,1.3787,1.4223,497,17.121666666666666,237.9465300792828,451.3807,688.7876,570.0841,0.025,0.6426,1.3473,497,17.121666666666666,237.8999869187072,451.4358,688.7876,570.1117,0.0083,0.6399,1.3473,497,17.121666666666666,236.3901946672205,452.3977,688.2193,570.3085,0.0333,0.9612,1.4223,497,17.121666666666666
236.32151471296356,452.4508,688.2214,570.3361,0.0417,1.046,1.4024,498,17.156666666666666,235.73465614501464,453.0363,688.2214,570.6288,0.0083,1.3766,1.4024,498,17.156666666666666,237.9083559744608,451.4154,688.7922,570.1038,0.0417,0.6358,1.3462,498,17.156666666666666,237.90279670968096,451.4355,688.7922,570.1138,0.0083,0.6379,1.3462,498,17.156666666666666,236.33896105317862,452.4373,688.2214,570.3293,0.0333,1.0667,1.4024,498,17.156666666666666
236.32519696300452,452.4475,688.2219,570.3347,0.0417,1.1014,1.388,499,17.191666666666666,235.73829727493816,453.0326,688.2219,570.6273,0.0083,1.3816,1.388,499,17.191666666666666,237.91988420704143,451.4014,688.7954,570.0984,0.05,0.58,1.3245,499,17.191666666666666,237.90587290544977,451.4352,688.7954,570.1153,0.0083,0.6311,1.3245,499,17.191666666666666,236.34222260497978,452.4344,688.2219,570.3281,0.0333,1.0722,1.388,499,17.191666666666666
236.37459573151534,452.4107,688.2203,570.3155,0.0417,1.0477,1.3804,500,17.225,235.78540976544068,452.9963,688.2203,570.6083,0.0083,1.3675,1.3804,500,17.225,237.91057751343024,451.4156,688.7958,570.1057,0.0417,0.6729,1.3246,500,17.225,237.90514245129427,451.4354,688.7958,570.1156,0.0083,0.6349,1.3246,500,17.225,236.38816540638672,452.3996,688.2203,570.31,0.0333,0.9752,1.3804,500,17.225
236.37050936112632,452.4117,688.214,570.3129,0.0417,0.9948,1.3867,501,17.255000000000003,235.7816776513603,452.997,688.214,570.6055,0.0083,1.3741,1.3867,501,17.255000000000003,237.91218559235426,451.4153,688.7986,570.107,0.0417,0.6302,1.3205,501,17.255000000000003,237.90673270683794,451.4351,688.7986,570.1169,0.0083,0.6361,1.3205,501,17.255000000000003,236.38406331293166,452.4006,688.214,570.3073,0.0333,0.9765,1.3867,501,17.255000000000003
236.3156360657732,452.4529,688.22,570.3365,0.0417,1.043,1.3797,502,17.28666666666667,235.72936006689005,453.038,688.22,570.629,0.0083,1.3559,1.3797,502,17.28666666666667,237.90823152212747,451.4148,688.7912,570.103,0.0417,0.6045,1.3264,502,17.28666666666667,237.90262316764614,451.4349,688.7912,570.1131,0.0083,0.637,1.3264,502,17.28666666666667,236.33312790410562,452.4393,688.22,570.3297,0.0333,1.0438,1.3797,502,17.28666666666667
236.3146546572079,452.4533,688.2191,570.3362,0.0417,1.0376,1.3812,503,17.325000000000003,235.72865468612605,453.0384,688.2191,570.6287,0.0083,1.3547,1.3812,503,17.325000000000003,237.90867851824217,451.4144,688.7907,570.1025,0.0417,0.601,1.3286,503,17.325000000000003,237.90303885344926,451.4345,688.7907,570.1126,0.0083,0.6382,1.3286,503,17.325000000000003,236.332227616935,452.4397,688.2191,570.3294,0.0333,1.0528,1.3812,503,17.325000000000003
236.14419915710863,452.5939,688.2266,570.4103,0.025,0.9979,1.4162,504,17.355,235.75920480401277,452.9783,688.2266,570.6025,0.0,1.2475,1.4162,504,17.355,237.9329931472116,451.4775,688.8575,570.1675,0.025,0.4904,1.3901,504,17.355,238.0319809110232,451.4781,689.0317,570.2549,0.0,0.4764,1.2875,504,17.355,236.14419915710863,452.5939,688.2266,570.4103,0.025,0.9979,1.4162,504,17.355
236.12991284195016,452.5937,688.1999,570.3968,0.025,0.9806,1.3672,505,17.388333333333335,235.74529128205648,452.9778,688.1999,570.5888,0.0,1.207,1.3672,505,17.388333333333335,237.89331496083807,451.5122,688.8409,570.1765,0.0167,0.4847,1.4543,505,17.388333333333335,238.0237601782503,451.4779,689.0154,570.2467,0.0,0.476,1.3116,505,17.388333333333335,236.12991284195016,452.5937,688.1999,570.3968,0.025,0.9806,1.3672,505,17.388333333333335
236.12670960101153,452.5979,688.199,570.3984,0.025,0.9997,1.3677,506,17.42666666666667,235.7416965683612,452.9823,688.199,570.5907,0.0,1.2956,1.3677,506,17.42666666666667,237.9244773718053,451.4787,688.841,570.1599,0.025,0.4766,1.458,506,17.42666666666667,238.02444121517942,451.4786,689.0157,570.2471,0.0,0.4771,1.3401,506,17.42666666666667,236.12670960101153,452.5979,688.199,570.3984,0.025,0.9997,1.3677,506,17.42666666666667
236.16296188367932,452.6153,688.2836,570.4495,0.025,1.0242,1.324,507,17.453333333333333,235.7790435206051,452.9986,688.2836,570.6411,0.0,1.2758,1.324,507,17.453333333333333,237.9272222755721,451.474,688.8387,570.1563,0.025,0.4839,1.4648,507,17.453333333333333,238.02732710517876,451.4737,689.0134,570.2435,0.0,0.4952,1.3334,507,17.453333333333333,236.16296188367932,452.6153,688.2836,570.4495,0.025,1.0242,1.324,507,17.453333333333333
236.12278018332475,452.6018,688.1998,570.4008,0.025,0.9674,1.37,508,17.488333333333333,235.73785416937835,452.9861,688.1998,570.593,0.0,1.2992,1.37,508,17.488333333333333,237.88823762433472,451.5135,688.8429,570.1782,0.0333,0.4535,1.4656,508,17.488333333333333,238.02239786401276,451.4834,689.0175,570.2505,0.0,0.4763,1.3583,508,17.488333333333333,236.12278018332475,452.6018,688.1998,570.4008,0.025,0.9674,1.37,508,17.488333333333333
236.12232195505416,452.6048,688.1973,570.401,0.025,0.975,1.3829,509,17.53,235.73776924911473,452.9887,688.1973,570.593,0.0,1.2754,1.3829,509,17.53,237.85777736842655,451.5461,688.8415,570.1938,0.025,0.4585,1.4579,509,17.53,238.02222491749941,451.4822,689.0161,570.2492,0.0,0.4751,1.3522,509,17.53,236.12232195505416,452.6048,688.1973,570.401,0.025,0.975,1.3829,509,17.53
236.1763255532702,452.5977,688.2772,570.4375,0.025,0.9773,1.3419,510,17.555,235.79120856244006,452.9822,688.2772,570.6297,0.0,1.301,1.3419,510,17.555,237.88284396276057,451.5168,688.8405,570.1787,0.0333,0.4517,1.4601,510,17.555,238.01717052736728,451.4866,689.0152,570.2509,0.0,0.4776,1.3541,510,17.555,236.1763255532702,452.5977,688.2772,570.4375,0.025,0.9773,1.3419,510,17.555
236.17759076701608,452.5958,688.2768,570.4363,0.025,0.9763,1.3344,511,17.588333333333335,235.79253079056977,452.9803,688.2768,570.6286,0.0,1.305,1.3344,511,17.588333333333335,237.88430701171433,451.5135,688.8403,570.1769,0.0333,0.4467,1.4524,511,17.588333333333335,238.01913262878702,451.4827,689.015,570.2488,0.0,0.4759,1.3295,511,17.588333333333335,236.17759076701608,452.5958,688.2768,570.4363,0.025,0.9763,1.3344,511,17.588333333333335
236.132952288787,452.5974,688.2011,570.3992,0.025,0.9919,1.3819,512,17.633333333333333,235.74870908505696,452.981,688.2011,570.5911,0.0,1.2569,1.3819,512,17.633333333333333,237.8861041238118,451.5149,688.8393,570.1771,0.0333,0.4455,1.4579,512,17.633333333333333,238.01882170738622,451.4848,689.0116,570.2482,0.0,0.4773,1.3579,512,17.633333333333333,236.132952288787,452.5974,688.2011,570.3992,0.025,0.9919,1.3819,512,17.633333333333333
236.13019561120103,452.5992,688.2002,570.3997,0.025,0.9868,1.3725,513,17.653333333333336,235.7454455924379,452.9833,688.2002,570.5918,0.0,1.2992,1.3725,513,17.653333333333336,237.8891562248915,451.5115,688.8406,570.176,0.0333,0.4447,1.4697,513,17.653333333333336,238.02236595928863,451.4808,689.0129,570.2468,0.0,0.4746,1.3576,513,17.653333333333336,236.13019561120103,452.5992,688.2002,570.3997,0.025,0.9868,1.3725,513,17.653333333333336
236.37701421525873,452.4127,688.3149,570.3638,0.0417,0.6804,1.433,514,17.688333333333336,236.00555662348677,452.7863,688.3149,570.5506,0.0083,0.9601,1.433,514,17.688333333333336,237.96347649801177,451.4599,688.8772,570.1686,0.0167,0.601,1.487,514,17.688333333333336,238.0831185498351,451.4296,689.0381,570.2338,0.0,0.6182,1.4599,514,17.688333333333336,236.39494967700148,452.399,688.3149,570.357,0.0333,0.6787,1.433,514,17.688333333333336
236.38301191221674,452.4117,688.3041,570.3579,0.0417,0.6839,1.4853,515,17.73,236.01183397064375,452.7852,688.3041,570.5446,0.0083,0.8947,1.4853,515,17.73,237.96314063482384,451.4615,688.8761,570.1688,0.0167,0.6073,1.4916,515,17.73,238.0828483457637,451.4311,689.0371,570.2341,0.0,0.6176,1.4592,515,17.73,236.40194959748243,452.3972,688.3041,570.3506,0.0333,0.6951,1.4853,515,17.73
236.52291888918182,452.3413,688.3041,570.3227,0.0583,0.6976,1.5208,516,17.753333333333334,235.85456737621152,452.9713,688.3041,570.6377,0.0083,0.9003,1.5208,516,17.753333333333334,238.07311508860903,451.4624,689.0355,570.2489,0.0083,0.4738,1.5018,516,17.753333333333334,238.0861583110695,451.4335,689.0355,570.2345,0.0,0.5978,1.5018,516,17.753333333333334,236.53012298946962,452.3355,688.3041,570.3198,0.05,0.6547,1.5208,516,17.753333333333334
236.33045293217043,452.5,688.3099,570.4049,0.0333,0.8525,1.5469,517,17.788333333333334,235.81131612173343,453.0049,688.3099,570.6574,0.0083,0.9189,1.5469,517,17.788333333333334,238.0681368618481,451.4654,689.0322,570.2488,0.0083,0.4829,1.5001,517,17.788333333333334,238.08096863243966,451.437,689.0322,570.2346,0.0,0.5856,1.5001,517,17.788333333333334,236.44611740051775,452.398,688.3099,570.3539,0.0417,0.7757,1.5469,517,17.788333333333334
236.37095029998605,452.474,688.3056,570.3898,0.0417,0.9046,1.5368,518,17.833333333333336,235.8113323714524,453.0039,688.3056,570.6547,0.0083,0.9129,1.5368,518,17.833333333333336,238.06507469474835,451.4654,689.0273,570.2463,0.0083,0.4829,1.4988,518,17.833333333333336,238.07790646534002,451.437,689.0273,570.2321,0.0,0.5856,1.4988,518,17.833333333333336,236.44487262667585,452.3983,688.3056,570.3519,0.0417,0.7772,1.5368,518,17.833333333333336
236.3262733636418,452.501,688.3037,570.4024,0.0333,0.8498,1.547,519,17.853333333333335,235.80862160858973,453.0044,688.3037,570.6541,0.0083,0.9193,1.547,519,17.853333333333335,238.06872075907663,451.4663,689.0342,570.2502,0.0083,0.484,1.5017,519,17.853333333333335,238.0815471623734,451.4379,689.0342,570.2361,0.0,0.586,1.5017,519,17.853333333333335,236.48349328292156,452.3719,688.3037,570.3378,0.05,0.8643,1.547,519,17.853333333333335
236.38212892440887,452.4637,688.3486,570.4062,0.0333,0.7774,1.5072,520,17.886666666666667,235.8593654408172,452.972,688.3486,570.6603,0.0083,1.025,1.5072,520,17.886666666666667,238.07191696267253,451.4661,689.0311,570.2486,0.0083,0.4835,1.4984,520,17.886666666666667,238.08458482847018,451.4381,689.0311,570.2346,0.0,0.5958,1.4984,520,17.886666666666667,236.43660600164597,452.4276,688.3486,570.3881,0.0333,0.7745,1.5072,520,17.886666666666667
236.32996432127194,452.5008,688.3509,570.4258,0.0333,0.899,1.5125,521,17.92,235.80798502302267,453.0084,688.3509,570.6796,0.0083,1.1198,1.5125,521,17.92,238.06758392449134,451.4707,689.0311,570.2509,0.0083,0.4854,1.4987,521,17.92,238.08023601254243,451.4427,689.0311,570.2369,0.0,0.5925,1.4987,521,17.92,236.34877718073648,452.4862,688.3509,570.4186,0.025,0.8808,1.5125,521,17.92
236.44898709642771,452.405,688.347,570.376,0.05,0.8166,1.5218,522,17.953333333333333,235.82810116885463,453.0009,688.347,570.674,0.0083,0.8969,1.5218,522,17.953333333333333,238.06828529395048,451.4706,689.0288,570.2497,0.0083,0.4846,1.5029,522,17.953333333333333,238.08093490738645,451.4426,689.0288,570.2357,0.0,0.5923,1.5029,522,17.953333333333333,236.46307684399468,452.3941,688.347,570.3706,0.0417,0.8398,1.5218,522,17.953333333333333
236.44819290686286,452.4053,688.3462,570.3758,0.05,0.8171,1.5222,523,17.988333333333333,235.82734502460343,453.0012,688.3462,570.6737,0.0083,0.897,1.5222,523,17.988333333333333,238.06828529395048,451.4706,689.0288,570.2497,0.0083,0.4846,1.5029,523,17.988333333333333,238.08093490738645,451.4426,689.0288,570.2357,0.0,0.5923,1.5029,523,17.988333333333333,236.4622835814644,452.3945,688.3462,570.3703,0.0417,0.8393,1.5222,523,17.988333333333333
236.35754841476964,452.4473,688.2658,570.3565,0.0417,0.7028,1.3115,524,18.02166666666667,235.78998150406616,453.0016,688.2658,570.6337,0.0,0.9246,1.3115,524,18.02166666666667,237.9090511793662,451.4635,688.7895,570.1265,0.0333,0.5223,1.3546,524,18.02166666666667,237.94166223071716,451.5226,688.9599,570.2412,0.0,0.5944,1.3329,524,18.02166666666667,236.35754841476964,452.4473,688.2658,570.3565,0.0417,0.7028,1.3115,524,18.02166666666667
236.60397830507233,452.2077,688.241,570.2243,0.0583,0.5826,1.3157,525,18.053333333333335,235.90689291693067,452.879,688.241,570.56,0.0,0.8182,1.3157,525,18.053333333333335,237.8751152050924,451.4789,688.7661,570.1225,0.0167,0.52,1.407,525,18.053333333333335,238.00189205987465,451.4472,688.9369,570.1921,0.0,0.5821,1.3289,525,18.053333333333335,236.60397830507233,452.2077,688.241,570.2243,0.0583,0.5826,1.3157,525,18.053333333333335
236.6062829818621,452.2076,688.2474,570.2275,0.0583,0.5759,1.309,526,18.088333333333335,235.90859359335155,452.8799,688.2474,570.5636,0.0,0.8649,1.309,526,18.088333333333335,237.87477499324172,451.4774,688.7656,570.1215,0.0167,0.5074,1.4076,526,18.088333333333335,238.0010978660564,451.4457,688.9358,570.1907,0.0,0.5813,1.329,526,18.088333333333335,236.6062829818621,452.2076,688.2474,570.2275,0.0583,0.5759,1.309,526,18.088333333333335
236.6631891692645,452.1486,688.2455,570.197,0.0667,0.5423,1.3047,527,18.12,235.90875473168748,452.879,688.2455,570.5622,0.0,0.8425,1.3047,527,18.12,237.86508401356832,451.487,688.7668,570.1269,0.025,0.5176,1.4075,527,18.12,237.92558336877968,451.5229,688.9369,570.2299,0.0,0.5873,1.3244,527,18.12,236.6631891692645,452.1486,688.2455,570.197,0.0667,0.5423,1.3047,527,18.12
236.60764171902943,452.2138,688.2594,570.2366,0.0583,0.584,1.2912,528,18.155,236.09509066428348,452.7154,688.2594,570.4874,0.0,0.7434,1.2912,528,18.155,237.86339291092762,451.4882,688.7679,570.1281,0.025,0.519,1.3589,528,18.155,237.92413649216368,451.524,688.938,570.231,0.0,0.5669,1.3309,528,18.155,236.60764171902943,452.2138,688.2594,570.2366,0.0583,0.584,1.2912,528,18.155
236.61202889421324,452.2056,688.2514,570.2285,0.0667,0.5945,1.3061,529,18.188333333333336,236.05654000678263,452.7369,688.2514,570.4941,0.0,0.7237,1.3061,529,18.188333333333336,237.86669222281532,451.4858,688.7689,570.1274,0.025,0.5283,1.3505,529,18.188333333333336,237.92739846295086,451.5216,688.939,570.2303,0.0,0.5877,1.3411,529,18.188333333333336,236.61202889421324,452.2056,688.2514,570.2285,0.0667,0.5945,1.3061,529,18.188333333333336
236.60407765228504,452.2116,688.2476,570.2296,0.0667,0.6054,1.3119,530,18.221666666666668,236.04843580065705,452.743,688.2476,570.4953,0.0,0.7094,1.3119,530,18.221666666666668,237.86563857196214,451.4852,688.7664,570.1258,0.025,0.5174,1.3503,530,18.221666666666668,237.92596979053658,451.5214,688.9366,570.229,0.0,0.591,1.3445,530,18.221666666666668,236.60407765228504,452.2116,688.2476,570.2296,0.0667,0.6054,1.3119,530,18.221666666666668
236.55318602566942,452.2684,688.2457,570.2571,0.0583,0.591,1.3085,531,18.255000000000003,235.8641789069662,452.9127,688.2457,570.5792,0.0,0.8313,1.3085,531,18.255000000000003,237.90281811711424,451.454,688.7653,570.1097,0.025,0.4951,1.3494,531,18.255000000000003,238.00090704829114,451.4459,688.9355,570.1907,0.0,0.5711,1.3467,531,18.255000000000003,236.55318602566942,452.2684,688.2457,570.2571,0.0583,0.591,1.3085,531,18.255000000000003
236.5539491586074,452.2645,688.2435,570.254,0.0583,0.5833,1.3093,532,18.290000000000003,235.86548479731118,452.9086,688.2435,570.5761,0.0,0.8073,1.3093,532,18.290000000000003,237.87440866542426,451.477,688.7642,570.1206,0.0167,0.502,1.3537,532,18.290000000000003,238.00071654271017,451.4455,688.9344,570.19,0.0,0.5854,1.3482,532,18.290000000000003,236.5539491586074,452.2645,688.2435,570.254,0.0583,0.5833,1.3093,532,18.290000000000003
236.59950083259227,452.2107,688.2427,570.2267,0.0667,0.5932,1.3083,533,18.325000000000003,235.86193745133923,452.91,688.2427,570.5763,0.0,0.8088,1.3083,533,18.325000000000003,237.87383945135815,451.4778,688.7641,570.1209,0.0167,0.5125,1.3536,533,18.325000000000003,238.0001316448508,451.4463,688.9343,570.1903,0.0,0.5713,1.3481,533,18.325000000000003,236.59950083259227,452.2107,688.2427,570.2267,0.0667,0.5932,1.3083,533,18.325000000000003
236.31019854722112,452.4168,688.2242,570.3205,0.025,1.0123,1.3928,534,18.358333333333334,235.86744063292477,452.873,688.2242,570.5486,0.0,1.0123,1.3928,534,18.358333333333334,237.84380175969358,451.4946,688.7947,570.1447,0.025,0.5282,1.5487,534,18.358333333333334,237.91323027132674,451.5287,688.9764,570.2525,0.0,0.6545,1.375,534,18.358333333333334,236.2434157551911,452.4782,688.2242,570.3512,0.0333,1.049,1.3928,534,18.358333333333334
236.30615020899447,452.4173,688.2271,570.3222,0.025,1.0615,1.4266,535,18.388333333333335,235.863442801571,452.8736,688.2271,570.5503,0.0,0.9865,1.4266,535,18.388333333333335,237.84582279984582,451.495,688.7995,570.1472,0.025,0.5288,1.5037,535,18.388333333333335,237.91491869318955,451.5297,688.981,570.2553,0.0,0.639,1.3696,535,18.388333333333335,236.2393589196274,452.4787,688.2271,570.3529,0.0333,1.0398,1.4266,535,18.388333333333335
236.32391384169304,452.4238,688.2284,570.3261,0.0333,1.0347,1.4094,536,18.42,235.84325229970244,452.9038,688.2284,570.5661,0.0,1.0854,1.4094,536,18.42,237.80989178979578,451.5285,688.7961,570.1623,0.0333,0.4672,1.5115,536,18.42,237.9139638436261,451.5328,688.9778,570.2553,0.0,0.6307,1.3987,536,18.42,236.21978280641176,452.5081,688.2284,570.3683,0.0333,1.1184,1.4094,536,18.42
236.3129750243055,452.4144,688.2341,570.3243,0.025,1.0196,1.4101,537,18.453333333333333,235.86930936543996,452.8717,688.2341,570.5529,0.0,0.9539,1.4101,537,18.453333333333333,237.83031578958932,451.5121,688.7927,570.1524,0.0333,0.4606,1.5517,537,18.453333333333333,237.91038052814824,451.5274,688.9744,570.2509,0.0,0.6292,1.3804,537,18.453333333333333,236.2463070839957,452.4757,688.2341,570.3549,0.0333,1.0846,1.4101,537,18.453333333333333
236.3371937341598,452.4084,688.2286,570.3185,0.025,0.9668,1.4595,538,18.486666666666668,235.89154749572222,452.8668,688.2286,570.5477,0.0,0.9443,1.4595,538,18.486666666666668,237.84588031605296,451.4903,688.7938,570.1421,0.025,0.5283,1.5526,538,18.486666666666668,237.91521501629586,451.5246,688.9756,570.2501,0.0,0.6425,1.3824,538,18.486666666666668,236.2716616452081,452.4687,688.2286,570.3486,0.0333,1.0466,1.4595,538,18.486666666666668
236.3148736053626,452.4082,688.2247,570.3165,0.025,1.0118,1.4385,539,18.533333333333335,235.87060065191218,452.8661,688.2247,570.5454,0.0,0.9714,1.4385,539,18.533333333333335,237.84662071953585,451.4909,688.7971,570.144,0.025,0.5275,1.56,539,18.533333333333335,237.915915421958,451.5251,688.9787,570.2519,0.0,0.6645,1.3737,539,18.533333333333335,236.2493080139797,452.4685,688.2247,570.3466,0.0333,1.0504,1.4385,539,18.533333333333335
236.3338110563596,452.412,688.2226,570.3173,0.025,1.0083,1.4652,540,18.553333333333335,235.88900290963062,452.8687,688.2226,570.5456,0.0,0.9562,1.4652,540,18.553333333333335,237.84541064942772,451.4936,688.7961,570.1448,0.025,0.5289,1.5488,540,18.553333333333335,237.9147591444289,451.5278,688.9777,570.2527,0.0,0.6531,1.3727,540,18.553333333333335,236.26715752383936,452.4733,688.2226,570.3479,0.0333,1.0512,1.4652,540,18.553333333333335
236.3084892266351,452.4135,688.2233,570.3184,0.025,1.0081,1.4407,541,18.588333333333335,235.864855668892,452.8707,688.2233,570.547,0.0,0.9585,1.4407,541,18.588333333333335,237.84153769679682,451.4938,688.7933,570.1435,0.025,0.5302,1.5565,541,18.588333333333335,237.91092245332388,451.5281,688.9749,570.2515,0.0,0.6182,1.3813,541,18.588333333333335,236.24178083108131,452.4748,688.2233,570.3491,0.0333,1.0342,1.4407,541,18.588333333333335
236.32006864741348,452.4082,688.2317,570.32,0.025,1.0083,1.3821,542,18.62,235.87616604998786,452.8658,688.2317,570.5488,0.0,0.9645,1.3821,542,18.62,237.8276896485458,451.5135,688.7894,570.1514,0.0333,0.4569,1.5564,542,18.62,237.90805558602358,451.5284,688.9712,570.2498,0.0,0.6132,1.389,542,18.62,236.25436872737072,452.4686,688.2317,570.3502,0.0333,1.0357,1.3821,542,18.62
236.3172540297281,452.408,688.2305,570.3192,0.025,1.0083,1.4311,543,18.655,235.87335129113737,452.8655,688.2305,570.548,0.0,0.9645,1.4311,543,18.655,237.8272820310189,451.5135,688.79,570.1517,0.0333,0.4569,1.5566,543,18.655,237.90763114347504,451.5284,688.9717,570.2501,0.0,0.6132,1.3844,543,18.655,236.2515419231169,452.4684,688.2305,570.3495,0.0333,1.0353,1.4311,543,18.655
236.65819865913235,452.1097,688.1999,570.1548,0.0583,0.7544,1.4451,544,18.693333333333335,236.35448212793494,452.4154,688.1999,570.3077,0.0167,0.7203,1.4451,544,18.693333333333335,237.94343017366847,451.4249,688.8558,570.1403,0.0333,0.6145,1.3947,544,18.693333333333335,238.08525142474068,451.4041,689.0255,570.2148,0.0083,0.6575,1.3854,544,18.693333333333335,236.5766822120247,452.1995,688.1999,570.1997,0.0333,0.7514,1.4451,544,18.693333333333335
236.50300917173695,452.2507,688.1853,570.218,0.0333,0.7578,1.3587,545,18.720000000000002,236.4602219623605,452.2909,688.1853,570.2381,0.0083,0.7329,1.3587,545,18.720000000000002,237.94856127994228,451.4439,688.8295,570.1367,0.0167,0.5887,1.3792,545,18.720000000000002,238.08148848978814,451.4061,689.0056,570.2059,0.0,0.6108,1.382,545,18.720000000000002,236.47697984071797,452.2675,688.1853,570.2264,0.0167,0.7444,1.3587,545,18.720000000000002
236.5092706405295,452.2453,688.1806,570.2129,0.0333,0.7511,1.3474,546,18.758333333333333,236.46543778548315,452.2865,688.1806,570.2335,0.0083,0.7308,1.3474,546,18.758333333333333,237.9580574197668,451.4437,688.8326,570.1382,0.0167,0.5798,1.3902,546,18.758333333333333,238.09097850113085,451.406,689.0087,570.2073,0.0,0.6114,1.3805,546,18.758333333333333,236.52245818242213,452.2346,688.1806,570.2076,0.025,0.7122,1.3474,546,18.758333333333333
236.5094913058572,452.2455,688.1877,570.2166,0.0333,0.7683,1.3534,547,18.788333333333334,236.46637656150102,452.2862,688.1877,570.2369,0.0083,0.742,1.3534,547,18.788333333333334,237.95786199253575,451.4438,688.8327,570.1383,0.0167,0.5789,1.3867,547,18.788333333333334,238.09076512509805,451.4062,689.0088,570.2075,0.0,0.6107,1.3801,547,18.788333333333334,236.52273804677176,452.2348,688.1877,570.2112,0.025,0.7489,1.3534,547,18.788333333333334
236.51069807071707,452.2457,688.1891,570.2174,0.0333,0.7556,1.3487,548,18.82166666666667,236.467260681449,452.2867,688.1891,570.2379,0.0083,0.7421,1.3487,548,18.82166666666667,237.95834520306462,451.4437,688.8328,570.1382,0.0167,0.5784,1.3878,548,18.82166666666667,238.091245221459,451.406,689.0088,570.2074,0.0,0.611,1.3761,548,18.82166666666667,236.52401363383055,452.2349,688.1891,570.212,0.025,0.7391,1.3487,548,18.82166666666667
236.48764229741684,452.2535,688.187,570.2202,0.0333,0.7032,1.3715,549,18.860000000000003,236.44325093715725,452.295,688.187,570.241,0.0083,0.8205,1.3715,549,18.860000000000003,237.96391202243728,451.4416,688.8392,570.1404,0.0167,0.5814,1.3936,549,18.860000000000003,238.09668088900173,451.4039,689.015,570.2095,0.0,0.6096,1.3752,549,18.860000000000003,236.50434917360107,452.2407,688.187,570.2139,0.025,0.7256,1.3715,549,18.860000000000003
236.49281648209012,452.2497,688.1886,570.2191,0.0333,0.7039,1.3703,550,18.886666666666667,236.4481586823918,452.2914,688.1886,570.24,0.0083,0.819,1.3703,550,18.886666666666667,237.9640790145644,451.4414,688.839,570.1402,0.0167,0.5804,1.3928,550,18.886666666666667,238.0968226101225,451.4038,689.0149,570.2093,0.0,0.6093,1.3775,550,18.886666666666667,236.509398946173,452.237,688.1886,570.2128,0.025,0.733,1.3703,550,18.886666666666667
236.49574229140802,452.2469,688.1892,570.2181,0.0333,0.695,1.3698,551,18.92,236.45146595372682,452.2884,688.1892,570.2388,0.0083,0.7765,1.3698,551,18.92,237.96497363199305,451.4401,688.8386,570.1394,0.0167,0.5835,1.3912,551,18.92,238.09772544526422,451.4025,689.0145,570.2085,0.0,0.609,1.3787,551,18.92,236.5121101600804,452.2344,688.1892,570.2118,0.025,0.7314,1.3698,551,18.92
236.4942250018812,452.2467,688.1872,570.217,0.0333,0.6953,1.3714,552,18.963333333333335,236.44993614263737,452.2882,688.1872,570.2377,0.0083,0.7766,1.3714,552,18.963333333333335,237.96475815307087,451.4409,688.8389,570.1399,0.0167,0.5838,1.3924,552,18.963333333333335,238.09753145051693,451.4032,689.0147,570.209,0.0,0.6097,1.3775,552,18.963333333333335,236.51059068110325,452.2342,688.1872,570.2107,0.025,0.7317,1.3714,552,18.963333333333335
236.4894444020749,452.2525,688.1886,570.2205,0.0333,0.6962,1.3531,553,18.988333333333333,236.44505538061767,452.294,688.1886,570.2413,0.0083,0.8132,1.3531,553,18.988333333333333,237.96460408618188,451.4412,688.8389,570.14,0.0167,0.5838,1.3914,553,18.988333333333333,238.09738032731764,451.4035,689.0147,570.2091,0.0,0.6099,1.3779,553,18.988333333333333,236.50619593357035,452.2397,688.1886,570.2141,0.025,0.7225,1.3531,553,18.988333333333333
236.36334830825132,452.3435,688.1082,570.2258,0.05,0.6799,1.3149,554,19.02166666666667,236.02457790154662,452.6594,688.1082,570.3838,0.0083,0.7936,1.3149,554,19.02166666666667,237.8122709503349,451.516,688.7781,570.1471,0.025,0.4674,1.2821,554,19.02166666666667,237.98119116832314,451.4482,688.9523,570.2003,0.0,0.5336,1.3521,554,19.02166666666667,236.36069853357458,452.3645,688.1082,570.2363,0.0417,0.7552,1.3149,554,19.02166666666667
236.37033808967334,452.3493,688.1067,570.228,0.05,0.6975,1.3289,555,19.066666666666666,236.04473044524082,452.6366,688.1067,570.3716,0.0083,0.7926,1.3289,555,19.066666666666666,237.8118764807949,451.5167,688.779,570.1479,0.025,0.4671,1.2826,555,19.066666666666666,237.98080166139317,451.4488,688.9533,570.2011,0.0,0.535,1.3526,555,19.066666666666666,236.38165956159946,452.3403,688.1067,570.2235,0.0417,0.657,1.3289,555,19.066666666666666
236.4319074770114,452.2828,688.1044,570.1936,0.0583,0.6796,1.3129,556,19.08666666666667,236.0470734015427,452.633,688.1044,570.3687,0.0083,0.7528,1.3129,556,19.08666666666667,237.81987159603835,451.5108,688.7795,570.1451,0.025,0.4708,1.2819,556,19.08666666666667,237.98860734648989,451.443,688.9536,570.1983,0.0,0.5225,1.3527,556,19.08666666666667,236.38485691050943,452.336,688.1044,570.2202,0.0417,0.6697,1.3129,556,19.08666666666667
236.38715028111133,452.336,688.1329,570.2344,0.05,0.7038,1.3119,557,19.12,236.04764953418206,452.6528,688.1329,570.3929,0.0083,0.8431,1.3119,557,19.12,237.82901458527456,451.4784,688.772,570.1252,0.0167,0.5813,1.3128,557,19.12,237.9839981654836,451.4416,688.9463,570.194,0.0,0.5613,1.3402,557,19.12,236.38001697494707,452.361,688.1329,570.2469,0.0417,0.6731,1.3119,557,19.12
236.48437503996908,452.2282,688.1054,570.1668,0.0667,0.6197,1.3193,558,19.165000000000003,236.04724271216367,452.6322,688.1054,570.3688,0.0083,0.7468,1.3193,558,19.165000000000003,237.82011064200847,451.5108,688.7808,570.1458,0.025,0.4704,1.2823,558,19.165000000000003,237.98882036919656,451.443,688.9549,570.199,0.0,0.5109,1.3501,558,19.165000000000003,236.4947384459149,452.2198,688.1054,570.1626,0.0583,0.6196,1.3193,558,19.165000000000003
236.3674961604168,452.3407,688.1084,570.2245,0.05,0.6718,1.3132,559,19.188333333333336,236.02848325194597,452.6569,688.1084,570.3826,0.0083,0.8085,1.3132,559,19.188333333333336,237.81179249661307,451.5174,688.7808,570.1491,0.025,0.4677,1.2832,559,19.188333333333336,237.9807075898204,451.4496,688.9549,570.2022,0.0,0.5235,1.3472,559,19.188333333333336,236.36448782270463,452.3621,688.1084,570.2353,0.0417,0.6963,1.3132,559,19.188333333333336
236.36195994924955,452.3694,688.1214,570.2454,0.05,0.7604,1.3203,560,19.220000000000002,236.03717431743155,452.6559,688.1214,570.3886,0.0083,0.8127,1.3203,560,19.220000000000002,237.8098278696734,451.518,688.781,570.1495,0.025,0.4359,1.2837,560,19.220000000000002,237.9783825171237,451.4502,688.9546,570.2024,0.0,0.5272,1.348,560,19.220000000000002,236.3731575927477,452.3611,688.1214,570.2413,0.0417,0.7376,1.3203,560,19.220000000000002
236.3733356346511,452.3416,688.1198,570.2307,0.05,0.6711,1.3186,561,19.253333333333334,236.03422597263383,452.658,688.1198,570.3889,0.0083,0.7923,1.3186,561,19.253333333333334,237.81005823030225,451.518,688.7803,570.1491,0.025,0.4556,1.2716,561,19.253333333333334,237.98272705310418,451.45,688.9601,570.2051,0.0,0.5456,1.3513,561,19.253333333333334,236.37000549171012,452.3635,688.1198,570.2416,0.0417,0.733,1.3186,561,19.253333333333334
236.35907191370762,452.3654,688.1111,570.2382,0.05,0.7583,1.3301,562,19.288333333333334,236.0339246061251,452.6521,688.1111,570.3816,0.0083,0.7983,1.3301,562,19.288333333333334,237.8103444877025,451.518,688.781,570.1495,0.025,0.4519,1.2834,562,19.288333333333334,237.98299674099235,451.45,688.9608,570.2054,0.0,0.5459,1.3522,562,19.288333333333334,236.37012436478673,452.3572,688.1111,570.2342,0.0417,0.7434,1.3301,562,19.288333333333334
236.35523261477002,452.3708,688.1105,570.2407,0.05,0.7664,1.3213,563,19.32166666666667,236.03084279690464,452.6569,688.1105,570.3837,0.0083,0.8221,1.3213,563,19.32166666666667,237.8095690817109,451.5174,688.779,570.1482,0.025,0.4541,1.2825,563,19.32166666666667,237.98223202486645,451.4495,688.9589,570.2042,0.0,0.5458,1.355,563,19.32166666666667,236.36629864098006,452.3627,688.1105,570.2366,0.0417,0.7454,1.3213,563,19.32166666666667
236.412914077998,452.3733,688.2215,570.2974,0.025,0.8769,1.4903,564,19.355,236.07924558990032,452.6918,688.2215,570.4567,0.0083,0.9591,1.4903,564,19.355,237.95648822231016,451.4635,688.8415,570.1525,0.05,0.3535,1.3098,564,19.355,238.04788387875877,451.4445,689.0067,570.2256,0.0,0.5233,1.3319,564,19.355,236.52864524016556,452.2996,688.2215,570.2605,0.0417,0.7678,1.4903,564,19.355
236.52816724709984,452.3076,688.2368,570.2722,0.05,0.77,1.4827,565,19.39,236.08529486237296,452.6951,688.2368,570.466,0.0083,0.9604,1.4827,565,19.39,237.9554763355516,451.4642,688.8415,570.1529,0.05,0.3544,1.3107,565,19.39,238.0468945797928,451.4452,689.0067,570.226,0.0,0.527,1.3319,565,19.39,236.5300897311005,452.3062,688.2368,570.2715,0.0417,0.7717,1.4827,565,19.39
236.52667944530046,452.3177,688.2765,570.2971,0.0417,0.7888,1.478,566,19.423333333333336,236.11460905457008,452.6888,688.2765,570.4826,0.0083,0.946,1.478,566,19.423333333333336,237.93774261167928,451.4231,688.8416,570.1324,0.05,0.53,1.3109,566,19.423333333333336,238.03779249810506,451.4527,689.0077,570.2302,0.0083,0.5336,1.3535,566,19.423333333333336,236.68996962692938,452.1499,688.2765,570.2132,0.0583,0.7552,1.478,566,19.423333333333336
236.41412353916033,452.3318,688.2232,570.2775,0.05,0.82,1.5005,567,19.456666666666667,236.03231105818,452.7262,688.2232,570.4747,0.0083,0.9795,1.5005,567,19.456666666666667,237.9058946416958,451.4502,688.8381,570.1441,0.0583,0.5167,1.3123,567,19.456666666666667,238.0365858426996,451.4513,689.0042,570.2277,0.0083,0.5017,1.3381,567,19.456666666666667,236.45231850756608,452.3481,688.2232,570.2857,0.0333,0.7887,1.5005,567,19.456666666666667
236.51797986276748,452.3234,688.2655,570.2945,0.0417,0.819,1.4532,568,19.490000000000002,236.10517497077078,452.6945,688.2655,570.48,0.0083,0.9767,1.4532,568,19.490000000000002,237.93984015752244,451.4194,688.8434,570.1314,0.05,0.5338,1.3186,568,19.490000000000002,238.03963784888492,451.4492,689.0094,570.2293,0.0083,0.5489,1.3336,568,19.490000000000002,236.52256035281542,452.32,688.2655,570.2928,0.0333,0.8001,1.4532,568,19.490000000000002
236.52526230488942,452.3231,688.2722,570.2976,0.0417,0.83,1.4503,569,19.533333333333335,236.11331766476602,452.6934,688.2722,570.4828,0.0083,0.9882,1.4503,569,19.533333333333335,237.96002841180336,451.4591,688.8471,570.1531,0.05,0.3818,1.3203,569,19.533333333333335,238.05123522287465,451.4409,689.0131,570.227,0.0,0.5252,1.3333,569,19.533333333333335,236.55677922480112,452.306,688.2722,570.2891,0.0417,0.7272,1.4503,569,19.533333333333335
236.40485830254622,452.365,688.2751,570.3201,0.05,0.8767,1.4505,570,19.555,236.02985293775072,452.7562,688.2751,570.5157,0.0083,0.9617,1.4505,570,19.555,237.9464122749624,451.4165,688.8464,570.1315,0.05,0.531,1.3192,570,19.555,238.04576521549157,451.4468,689.0123,570.2296,0.0083,0.5474,1.3339,570,19.555,236.48605360124606,452.319,688.2751,570.2971,0.0333,0.8928,1.4505,570,19.555
236.4050104365639,452.3642,688.2741,570.3192,0.05,0.8604,1.4807,571,19.588333333333335,236.03331598353472,452.7541,688.2741,570.5141,0.0083,1.1436,1.4807,571,19.588333333333335,237.96171240912355,451.4576,688.847,570.1523,0.05,0.3748,1.3214,571,19.588333333333335,238.05308841182867,451.4392,689.013,570.2261,0.0,0.5264,1.333,571,19.588333333333335,236.52645680770294,452.2893,688.2741,570.2817,0.0417,0.9351,1.4807,571,19.588333333333335
236.4046526529545,452.3653,688.2744,570.3198,0.05,0.8731,1.4802,572,19.621666666666673,236.0329650856371,452.7549,688.2744,570.5147,0.0083,1.1008,1.4802,572,19.621666666666673,237.94559429172244,451.4173,688.847,570.1321,0.05,0.531,1.3211,572,19.621666666666673,238.04500738104602,451.4476,689.0129,570.2302,0.0083,0.5464,1.3333,572,19.621666666666673,236.4904046110879,452.3165,688.2744,570.2954,0.0333,0.9019,1.4802,572,19.621666666666673
236.40171233494584,452.3664,688.275,570.3207,0.05,0.8711,1.4799,573,19.653333333333336,236.0252269190539,452.7583,688.275,570.5167,0.0083,0.9783,1.4799,573,19.653333333333336,237.9656458274864,451.4547,688.8459,570.1503,0.05,0.3748,1.32,573,19.653333333333336,238.05692867874322,451.4364,689.0119,570.2241,0.0,0.5277,1.3347,573,19.653333333333336,236.41070335343588,452.4035,688.275,570.3392,0.025,0.8701,1.4799,573,19.653333333333336
236.43534488959614,452.2705,688.2208,570.2456,0.0583,0.6462,1.4794,574,19.688333333333336,235.93151832521417,452.8018,688.2208,570.5113,0.0167,1.1322,1.4794,574,19.688333333333336,237.9184523412635,451.5018,688.8242,570.163,0.05,0.3778,1.3405,574,19.688333333333336,238.05753484719406,451.4415,689.0013,570.2214,0.0,0.5227,1.293,574,19.688333333333336,236.24803259981746,452.4869,688.2208,570.3538,0.025,0.9476,1.4794,574,19.688333333333336
236.49234126326218,452.2231,688.2171,570.2201,0.0667,0.6591,1.4852,575,19.720000000000002,235.9276231678535,452.8051,688.2171,570.5111,0.0167,1.134,1.4852,575,19.720000000000002,237.95022746447475,451.4508,688.8213,570.1361,0.025,0.4014,1.3344,575,19.720000000000002,238.05274474110033,451.4429,688.9985,570.2207,0.0,0.5379,1.2984,575,19.720000000000002,236.24419173112486,452.4899,688.2171,570.3535,0.025,0.9208,1.4852,575,19.720000000000002
236.49651607630602,452.2178,688.2168,570.2173,0.0667,0.649,1.4865,576,19.753333333333334,235.93115861907285,452.8005,688.2168,570.5086,0.0167,1.1366,1.4865,576,19.753333333333334,237.91135950715324,451.5045,688.8199,570.1622,0.05,0.3843,1.3351,576,19.753333333333334,238.05077946451027,451.444,688.9972,570.2206,0.0,0.502,1.2907,576,19.753333333333334,236.22675645994852,452.4926,688.2168,570.3547,0.0333,0.9839,1.4865,576,19.753333333333334
236.4892897636984,452.2234,688.2153,570.2194,0.0667,0.6595,1.4847,577,19.788333333333334,235.92370891980025,452.806,688.2153,570.5107,0.0167,1.1217,1.4847,577,19.788333333333334,237.9127228379193,451.5046,688.8222,570.1634,0.05,0.3413,1.3264,577,19.788333333333334,238.05154628833313,451.4444,688.9994,570.2219,0.0,0.4929,1.2981,577,19.788333333333334,236.2398569489147,452.4911,688.2153,570.3532,0.025,0.9293,1.4847,577,19.788333333333334
236.49168095101933,452.2185,688.2102,570.2143,0.0667,0.6467,1.4793,578,19.82,235.92523162792511,452.8018,688.2102,570.506,0.0167,1.1414,1.4793,578,19.82,237.90513341388439,451.5036,688.8077,570.1556,0.05,0.3446,1.3418,578,19.82,238.04421614900912,451.4433,688.9852,570.2143,0.0,0.4793,1.3261,578,19.82,236.24077969315027,452.4875,688.2102,570.3488,0.025,0.9247,1.4793,578,19.82
236.48526161434356,452.2233,688.2079,570.2156,0.0667,0.6347,1.4782,579,19.853333333333335,235.91969954298042,452.8057,688.2079,570.5068,0.0167,1.1237,1.4782,579,19.853333333333335,237.90250230268455,451.5049,688.8053,570.1551,0.05,0.3443,1.3429,579,19.853333333333335,238.04166536130768,451.4446,688.9829,570.2138,0.0,0.4823,1.3271,579,19.853333333333335,236.23593485012478,452.4907,688.2079,570.3493,0.025,0.9273,1.4782,579,19.853333333333335
236.4866224620037,452.2206,688.2052,570.2129,0.0667,0.6199,1.4781,580,19.888333333333335,235.92082482847857,452.8032,688.2052,570.5042,0.0167,1.1244,1.4781,580,19.888333333333335,237.90240687558082,451.5047,688.8053,570.155,0.05,0.3449,1.3429,580,19.888333333333335,238.04158820414534,451.4444,688.9829,570.2137,0.0,0.4773,1.3271,580,19.888333333333335,236.21807555725974,452.4944,688.2052,570.3498,0.0333,0.998,1.4781,580,19.888333333333335
236.3793705666629,452.329,688.2099,570.2694,0.05,0.8062,1.4793,581,19.921666666666667,235.92507965637492,452.8029,688.2099,570.5064,0.0167,1.0497,1.4793,581,19.921666666666667,237.90147981318069,451.5056,688.8053,570.1555,0.05,0.3383,1.3429,581,19.921666666666667,238.04073539086158,451.4452,688.9829,570.2141,0.0,0.4758,1.3271,581,19.921666666666667,236.24188628577747,452.4876,688.2099,570.3488,0.025,0.9198,1.4793,581,19.921666666666667
236.48917865967732,452.2197,688.2081,570.2139,0.0667,0.6236,1.4787,582,19.953333333333333,235.9231885324796,452.8025,688.2081,570.5053,0.0167,1.0858,1.4787,582,19.953333333333333,237.89999506411908,451.5045,688.8013,570.1529,0.05,0.345,1.3436,582,19.953333333333333,238.0392618659752,451.4442,688.9791,570.2116,0.0,0.477,1.3284,582,19.953333333333333,236.23913501438378,452.4878,688.2081,570.348,0.025,0.926,1.4787,582,19.953333333333333
236.48663620429258,452.2221,688.2083,570.2152,0.0667,0.6339,1.4794,583,19.988333333333333,235.92092684862695,452.8046,688.2083,570.5065,0.0167,1.1241,1.4794,583,19.988333333333333,237.8990680017189,451.5054,688.8013,570.1533,0.05,0.3384,1.3436,583,19.988333333333333,238.03840905269146,451.445,688.9791,570.212,0.0,0.4755,1.3284,583,19.988333333333333,236.23679417272814,452.4901,688.2083,570.3492,0.025,0.9259,1.4794,583,19.988333333333333
236.42381689932503,452.321,688.1533,570.2371,0.0417,0.7573,1.5108,584,20.02166666666667,236.00907608054263,452.695,688.1533,570.4241,0.0083,0.8181,1.5108,584,20.02166666666667,237.94964248084,451.4664,688.8817,570.1741,0.025,0.5371,1.3779,584,20.02166666666667,238.01163848405156,451.5034,689.0543,570.2789,0.0,0.6843,1.3034,584,20.02166666666667,236.43429000015428,452.3125,688.1533,570.2329,0.0333,0.7423,1.5108,584,20.02166666666667
236.36314481929085,452.3377,688.1505,570.2441,0.0417,0.9079,1.5098,585,20.053333333333335,235.91826238600785,452.7614,688.1505,570.456,0.0083,1.0786,1.5098,585,20.053333333333335,237.94550468304652,451.4682,688.8797,570.174,0.025,0.5379,1.3785,585,20.053333333333335,238.00732016838117,451.5052,689.052,570.2786,0.0,0.6864,1.3031,585,20.053333333333335,236.40285554058016,452.333,688.1505,570.2418,0.0417,0.8449,1.5098,585,20.053333333333335
236.25559585475253,452.4455,688.1564,570.3009,0.025,0.9196,1.5192,586,20.088333333333335,235.93078734049936,452.7551,688.1564,570.4557,0.0083,1.0162,1.5192,586,20.088333333333335,237.94917543486125,451.4626,688.8766,570.1696,0.025,0.4892,1.3773,586,20.088333333333335,238.01099040154617,451.4998,689.049,570.2744,0.0,0.65,1.3067,586,20.088333333333335,236.37414256134093,452.3563,688.1564,570.2563,0.0333,0.9491,1.5192,586,20.088333333333335
236.34176288543657,452.3723,688.1573,570.2648,0.0333,0.9062,1.5137,587,20.12,235.96181417480335,452.7418,688.1573,570.4495,0.0083,0.8221,1.5137,587,20.12,237.95075683427106,451.4677,688.8887,570.1782,0.025,0.5453,1.3736,587,20.12,238.01305782503863,451.5037,689.0608,570.2823,0.0,0.6914,1.3033,587,20.12,236.4501704759845,452.3074,688.1573,570.2323,0.0417,0.8392,1.5137,587,20.12
236.30384558028817,452.4064,688.1617,570.284,0.0417,0.8463,1.5195,588,20.155,235.7234216273418,452.978,688.1617,570.5698,0.0083,1.0597,1.5195,588,20.155,237.95067109722592,451.4677,688.8881,570.1779,0.025,0.5453,1.3758,588,20.155,238.01298814998307,451.5037,689.0603,570.282,0.0,0.6914,1.3043,588,20.155,236.41164036514584,452.3424,688.1617,570.2521,0.05,0.8002,1.5195,588,20.155
236.394496925057,452.3221,688.1574,570.2397,0.0417,0.9082,1.5095,589,20.191666666666666,235.9512224979104,452.7439,688.1574,570.4506,0.0083,0.8134,1.5095,589,20.191666666666666,237.95015671072343,451.4675,688.8863,570.1769,0.025,0.5439,1.3749,589,20.191666666666666,238.01249405338984,451.5035,689.0585,570.281,0.0,0.6912,1.3044,589,20.191666666666666,236.44040499989376,452.3094,688.1574,570.2334,0.0417,0.8216,1.5095,589,20.191666666666666
236.3666040069515,452.3554,688.1585,570.257,0.0417,0.9307,1.5174,590,20.220000000000002,235.94349689659532,452.7519,688.1585,570.4552,0.0083,0.9257,1.5174,590,20.220000000000002,237.95369605598125,451.4667,688.8884,570.1776,0.025,0.5359,1.3721,590,20.220000000000002,238.01562738920475,451.5037,689.0609,570.2823,0.0,0.6818,1.3031,590,20.220000000000002,236.43196860487697,452.3179,688.1585,570.2382,0.0417,0.8178,1.5174,590,20.220000000000002
236.42909699695235,452.3218,688.1546,570.2382,0.05,0.7649,1.5253,591,20.253333333333334,235.95271893870245,452.7462,688.1546,570.4504,0.0083,0.8665,1.5253,591,20.253333333333334,237.966164775658,451.4366,688.887,570.1618,0.0167,0.6456,1.3746,591,20.253333333333334,238.01477307274374,451.5031,689.0592,570.2811,0.0,0.6937,1.3037,591,20.253333333333334,236.44099238316355,452.3122,688.1546,570.2334,0.0417,0.846,1.5253,591,20.253333333333334
236.34197307488606,452.3744,688.1566,570.2655,0.0333,0.9008,1.5276,592,20.295,235.96239889488353,452.7435,688.1566,570.4501,0.0083,0.8163,1.5276,592,20.295,237.95405418898278,451.4674,688.8884,570.1779,0.025,0.5455,1.3751,592,20.295,238.0163428000256,451.5034,689.0606,570.282,0.0,0.6937,1.3054,592,20.295,236.45049712212875,452.3091,688.1566,570.2328,0.0417,0.8181,1.5276,592,20.295
236.34240779251058,452.374,688.1564,570.2652,0.0333,0.8972,1.533,593,20.32,235.962736867917,452.7432,688.1564,570.4498,0.0083,0.8156,1.533,593,20.32,237.95405418898278,451.4674,688.8884,570.1779,0.025,0.5455,1.3751,593,20.32,238.0163428000256,451.5034,689.0606,570.282,0.0,0.6937,1.3054,593,20.32,236.45083126397648,452.3088,688.1564,570.2326,0.0417,0.8239,1.533,593,20.32
236.53368484079337,452.2978,688.3058,570.3018,0.05,0.8191,1.4498,594,20.355,235.8795282734798,452.9215,688.3058,570.6137,0.0,0.9579,1.4498,594,20.355,237.9257302544107,451.4438,688.7755,570.1096,0.0167,0.6305,1.4956,594,20.355,237.9777197433956,451.5105,688.9533,570.2319,0.0,0.579,1.3905,594,20.355,236.39659707496844,452.4164,688.3058,570.3611,0.025,0.9005,1.4498,594,20.355
236.41600059570217,452.4055,688.3055,570.3555,0.0333,0.904,1.5277,595,20.39666666666667,235.83151796297795,452.9887,688.3055,570.6471,0.0,1.0057,1.5277,595,20.39666666666667,237.90510379848868,451.4788,688.7733,570.126,0.025,0.5353,1.4968,595,20.39666666666667,237.97500117015022,451.5119,688.9553,570.2336,0.0,0.5336,1.443,595,20.39666666666667,236.41600059570217,452.4055,688.3055,570.3555,0.0333,0.904,1.5277,595,20.39666666666667
236.41297629664595,452.4087,688.3065,570.3576,0.0333,0.9462,1.529,596,20.42,235.8291722308816,452.991,688.3065,570.6488,0.0,1.0109,1.529,596,20.42,237.9027031016464,451.4803,688.7739,570.1271,0.025,0.5591,1.4986,596,20.42,237.9727003852221,451.5134,688.956,570.2347,0.0,0.5437,1.4409,596,20.42,236.41297629664595,452.4087,688.3065,570.3576,0.0333,0.9462,1.529,596,20.42
236.41077437976608,452.4105,688.3053,570.3579,0.0333,0.9794,1.5295,597,20.455000000000005,235.8268493478155,452.9931,688.3053,570.6492,0.0,0.9966,1.5295,597,20.455000000000005,237.90128568762822,451.4812,688.7715,570.1263,0.025,0.563,1.4941,597,20.455000000000005,237.96839421516498,451.5142,688.9492,570.2317,0.0,0.544,1.4324,597,20.455000000000005,236.41077437976608,452.4105,688.3053,570.3579,0.0333,0.9794,1.5295,597,20.455000000000005
236.39861124426102,452.4165,688.3036,570.36,0.0417,0.8354,1.5179,598,20.5,235.82819679165044,452.9914,688.3036,570.6475,0.0,0.9881,1.5179,598,20.5,237.89800980258735,451.4838,688.7708,570.1273,0.025,0.5643,1.4905,598,20.5,237.9655180598143,451.5164,688.9486,570.2325,0.0,0.5497,1.4347,598,20.5,236.412539652917,452.408,688.3036,570.3558,0.0333,0.9373,1.5179,598,20.5
236.5503141078262,452.2873,688.3035,570.2954,0.05,0.7534,1.5214,599,20.533333333333335,235.89669067168165,452.9114,688.3035,570.6075,0.0,0.9286,1.5214,599,20.533333333333335,237.8950154603159,451.485,688.7702,570.1276,0.025,0.5538,1.4928,599,20.533333333333335,237.96219256594202,451.518,688.9479,570.233,0.0,0.5433,1.4333,599,20.533333333333335,236.4864231329138,452.3548,688.3035,570.3291,0.0417,0.8119,1.5214,599,20.533333333333335
236.37490896927244,452.466,688.3025,570.3842,0.0333,0.8719,1.5214,600,20.55666666666667,235.82701946390728,452.9906,688.3025,570.6465,0.0,1.0045,1.5214,600,20.55666666666667,237.89774458596486,451.4828,688.7686,570.1257,0.025,0.5548,1.4957,600,20.55666666666667,237.9646352429623,451.5165,688.9463,570.2314,0.0,0.5359,1.436,600,20.55666666666667,236.41135541788253,452.4072,688.3025,570.3548,0.0333,0.9519,1.5214,600,20.55666666666667
236.4135912175148,452.4371,688.3023,570.3697,0.0417,0.8099,1.5198,601,20.6,235.82901440625432,452.989,688.3023,570.6457,0.0,1.0313,1.5198,601,20.6,237.89933370131837,451.482,688.7686,570.1253,0.025,0.552,1.4997,601,20.6,237.96649572156429,451.5151,688.9463,570.2307,0.0,0.5419,1.4364,601,20.6,236.41340246865457,452.4056,688.3023,570.354,0.0333,0.9557,1.5198,601,20.6
236.55308868676278,452.2843,688.3058,570.2951,0.05,0.7572,1.5158,602,20.623333333333335,235.89915345510235,452.9085,688.3058,570.6072,0.0,0.9327,1.5158,602,20.623333333333335,237.8996579005721,451.4824,688.7713,570.1268,0.025,0.56,1.4917,602,20.623333333333335,237.9697751597464,451.5154,688.9534,570.2344,0.0,0.5429,1.4448,602,20.623333333333335,236.55308868676278,452.2843,688.3058,570.2951,0.05,0.7572,1.5158,602,20.623333333333335
236.4071238205641,452.398,688.2942,570.3461,0.0333,0.929,1.4955,603,20.655,235.82363870235304,452.9834,688.2942,570.6388,0.0,0.8629,1.4955,603,20.655,237.87486512035687,451.4937,688.7592,570.1264,0.025,0.5126,1.4928,603,20.655,237.9473976340931,451.5279,688.9456,570.2367,0.0,0.6211,1.4799,603,20.655,236.4071238205641,452.398,688.2942,570.3461,0.0333,0.929,1.4955,603,20.655
236.38169318672763,452.3537,688.1988,570.2763,0.0333,0.9275,1.4383,604,20.703333333333333,235.98500101201992,452.7397,688.1988,570.4693,0.0083,1.1797,1.4383,604,20.703333333333333,237.90728821668716,451.4842,688.8296,570.1569,0.0167,0.5415,1.3805,604,20.703333333333333,238.0384109170977,451.4533,689.0076,570.2305,0.0,0.5996,1.3919,604,20.703333333333333,236.25933732659368,452.4665,688.1988,570.3327,0.0417,0.8691,1.4383,604,20.703333333333333
236.30663390470647,452.4303,688.1977,570.314,0.025,0.9888,1.4261,605,20.720000000000002,235.97533823989696,452.7457,688.1977,570.4717,0.0083,1.1875,1.4261,605,20.720000000000002,237.89599727226474,451.4955,688.8296,570.1626,0.025,0.535,1.3805,605,20.720000000000002,237.96191791437906,451.5316,689.0076,570.2696,0.0,0.6272,1.3919,605,20.720000000000002,236.2941135360117,452.445,688.1977,570.3213,0.025,0.9647,1.4261,605,20.720000000000002
236.38393511547366,452.348,688.1982,570.2731,0.0333,0.8976,1.3895,606,20.753333333333334,235.98782743082893,452.7334,688.1982,570.4658,0.0083,1.1462,1.3895,606,20.753333333333334,237.88509683530367,451.4932,688.8412,570.1672,0.025,0.5738,1.345,606,20.753333333333334,237.9673492494603,451.533,689.019,570.276,0.0,0.6316,1.3802,606,20.753333333333334,236.26061231686668,452.4616,688.1982,570.3299,0.0417,0.8461,1.3895,606,20.753333333333334
236.42194441622527,452.293,688.201,570.247,0.0333,0.8408,1.3967,607,20.788333333333334,236.0234189420254,452.6809,688.201,570.441,0.0083,1.0392,1.3967,607,20.788333333333334,237.92183699476598,451.469,688.8573,570.1632,0.0167,0.5629,1.363,607,20.788333333333334,237.97498354842224,451.5356,689.0366,570.2861,0.0,0.6374,1.3728,607,20.788333333333334,236.29902319105005,452.4066,688.201,570.3038,0.0417,0.8331,1.3967,607,20.788333333333334
236.38694793264884,452.344,688.2026,570.2733,0.0333,0.856,1.4025,608,20.82,235.98952554919592,452.7308,688.2026,570.4667,0.0083,1.1564,1.4025,608,20.82,237.92895936728982,451.4671,688.8622,570.1647,0.0167,0.5728,1.3714,608,20.82,237.9808270735618,451.5336,689.0393,570.2864,0.0,0.6322,1.3246,608,20.82,236.26394757365887,452.4573,688.2026,570.3299,0.0417,0.846,1.4025,608,20.82
236.37301376547146,452.3563,688.1985,570.2774,0.0333,0.8939,1.3933,609,20.853333333333335,235.97562921393745,452.743,688.1985,570.4707,0.0083,1.1812,1.3933,609,20.853333333333335,237.89777725501457,451.495,688.8622,570.1786,0.025,0.5755,1.3728,609,20.853333333333335,237.9802809274032,451.5342,689.0393,570.2868,0.0,0.6324,1.3253,609,20.853333333333335,236.29732451046306,452.4397,688.1985,570.3191,0.025,0.9688,1.3933,609,20.853333333333335
236.3123374874973,452.4264,688.2032,570.3148,0.025,0.9792,1.3908,610,20.886666666666667,235.98060875304992,452.7422,688.2032,570.4727,0.0083,1.1771,1.3908,610,20.886666666666667,237.89458854517818,451.4946,688.8583,570.1765,0.025,0.5748,1.3761,610,20.886666666666667,237.97714258904549,451.5339,689.0355,570.2847,0.0,0.6308,1.3267,610,20.886666666666667,236.26738253978056,452.4649,688.2032,570.334,0.0333,0.925,1.3908,610,20.886666666666667
236.3046489827714,452.4322,688.1953,570.3137,0.025,0.9888,1.4012,611,20.92,235.97352464270855,452.7474,688.1953,570.4713,0.0083,1.1629,1.4012,611,20.92,237.89548246091536,451.4955,688.8289,570.1622,0.025,0.535,1.3817,611,20.92,237.96141306938188,451.5316,689.0069,570.2693,0.0,0.6272,1.3923,611,20.92,236.29202115451955,452.447,688.1953,570.3211,0.025,0.969,1.4012,611,20.92
236.33049435188744,452.3857,688.1996,570.2926,0.0333,0.9685,1.4074,612,20.955000000000005,235.93632873327346,452.7693,688.1996,570.4844,0.0083,1.2295,1.4074,612,20.955000000000005,237.90961331146937,451.4963,688.8526,570.1745,0.025,0.5224,1.4201,612,20.955000000000005,237.97673012768155,451.5288,689.03,570.2794,0.0,0.6164,1.3395,612,20.955000000000005,236.25455071195847,452.4695,688.1996,570.3345,0.025,0.9446,1.4074,612,20.955000000000005
236.318731197844,452.4192,688.2078,570.3135,0.025,0.9977,1.4014,613,20.988333333333333,235.9875477113241,452.7345,688.2078,570.4712,0.0083,1.1851,1.4014,613,20.988333333333333,237.915111424232,451.4959,688.8586,570.1772,0.025,0.5241,1.4217,613,20.988333333333333,237.9821616300092,451.5283,689.0358,570.282,0.0,0.6172,1.3297,613,20.988333333333333,236.26090150187153,452.4622,688.2078,570.335,0.0417,0.8962,1.4014,613,20.988333333333333
236.51980973327747,453.6091,689.4993,571.5542,0.025,0.9089,1.5216,614,21.025000000000002,236.16786580698778,453.9343,689.4993,571.7168,0.0,1.0181,1.5216,614,21.025000000000002,238.06368491596098,452.6842,690.1884,571.4363,0.0167,0.498,1.3337,614,21.025000000000002,238.22140593235838,452.655,690.3799,571.5174,0.0,0.5075,1.2758,614,21.025000000000002,236.51980973327747,453.6091,689.4993,571.5542,0.025,0.9089,1.5216,614,21.025000000000002
236.34011085482103,454.4696,690.2419,572.3557,0.025,1.0955,1.6521,615,21.053333333333335,236.07104683845284,454.7133,690.2419,572.4776,0.0083,1.1997,1.6521,615,21.053333333333335,238.1641520476844,453.3497,690.9606,572.1551,0.0167,0.5914,1.2492,615,21.053333333333335,238.07724857437955,453.5517,691.1411,572.3464,0.0,0.5835,1.215,615,21.053333333333335,236.37372524258163,454.4472,690.2419,572.3445,0.0333,1.0346,1.6521,615,21.053333333333335
236.5462590555318,454.7287,690.7693,572.749,0.05,0.9146,1.453,616,21.088333333333335,236.0625580972618,455.174,690.7693,572.9717,0.0,1.0235,1.453,616,21.088333333333335,238.04643357797548,453.8942,691.4505,572.6724,0.0083,0.5792,1.2796,616,21.088333333333335,238.16548134772847,453.8942,691.6314,572.7628,0.0,0.5792,1.2824,616,21.088333333333335,236.47200809463703,454.8085,690.7693,572.7889,0.05,0.9365,1.453,616,21.088333333333335
236.3631526653534,455.1737,691.0624,573.1181,0.025,0.8382,1.4661,617,21.12,236.02770683877895,455.493,691.0624,573.2777,0.0,1.0725,1.4661,617,21.12,238.06075185568722,454.1687,691.7928,572.9807,0.0083,0.5342,1.0965,617,21.12,238.18009120769904,454.1687,691.9741,573.0714,0.0,0.5342,1.0322,617,21.12,236.36858315494445,455.1684,691.0624,573.1154,0.0333,0.8442,1.4661,617,21.12
236.40004977339285,455.2061,691.0512,573.1286,0.0583,0.7188,1.3681,618,21.153333333333336,235.86700142556188,455.6855,691.0512,573.3684,0.0,0.8114,1.3681,618,21.153333333333336,237.78595257373559,454.4811,691.8517,573.1664,0.0333,0.4738,1.033,618,21.153333333333336,238.00178963574012,454.4192,692.0359,573.2276,0.0,0.4969,1.0835,618,21.153333333333336,236.2062916434069,455.4301,691.0512,573.2407,0.0583,0.684,1.3681,618,21.153333333333336
236.13555986557563,455.5785,691.2504,573.4145,0.0417,0.8201,1.2911,619,21.188333333333336,235.7475229667616,455.9485,691.2504,573.5994,0.0,1.054,1.2911,619,21.188333333333336,237.7920684536824,454.7105,692.0947,573.4026,0.05,0.4681,0.9394,619,21.188333333333336,237.94952946180675,454.632,692.2062,573.4191,0.0,0.5159,1.0008,619,21.188333333333336,236.05097444786423,455.7002,691.2504,573.4753,0.0417,0.8888,1.2911,619,21.188333333333336
236.03993763289319,455.7287,691.2874,573.5081,0.025,0.9202,1.3321,620,21.220000000000002,235.78635582010997,455.9399,691.2874,573.6137,0.0,1.0599,1.3321,620,21.220000000000002,237.80336360007158,454.6793,692.048,573.3636,0.0333,0.5203,1.0133,620,21.220000000000002,237.98278062326705,454.6274,692.235,573.4312,0.0,0.4998,1.0433,620,21.220000000000002,236.05261856770255,455.7163,691.2874,573.5018,0.0333,0.8632,1.3321,620,21.220000000000002
236.23663302259908,455.5163,691.293,573.4047,0.025,0.9732,1.3526,621,21.253333333333334,235.96676327375957,455.7894,691.293,573.5412,0.0,0.9499,1.3526,621,21.253333333333334,237.78792314862991,454.6998,692.0439,573.3718,0.0333,0.5401,1.012,621,21.253333333333334,237.96904374206912,454.6468,692.2318,573.4393,0.0,0.536,1.0176,621,21.253333333333334,236.25339465439538,455.4995,691.293,573.3963,0.0333,0.8446,1.3526,621,21.253333333333334
235.99878240171864,455.7778,691.2869,573.5324,0.025,0.842,1.3516,622,21.28666666666667,235.74838213272835,455.9872,691.2869,573.6371,0.0,1.0651,1.3516,622,21.28666666666667,237.84386723274466,454.6969,692.1173,573.4071,0.0417,0.5148,0.9921,622,21.28666666666667,237.96901442308928,454.6435,692.2271,573.4353,0.0,0.5151,1.0227,622,21.28666666666667,236.0102974363183,455.7665,691.2869,573.5267,0.0333,0.8213,1.3516,622,21.28666666666667
236.16999947968029,455.5863,691.2001,573.3932,0.0417,0.7778,1.4763,623,21.32,235.95168284381256,455.7367,691.2001,573.4684,0.0,0.9242,1.4763,623,21.32,238.0209231181307,454.3955,691.974,573.1848,0.0167,0.4947,1.0695,623,21.32,238.17312839869223,454.3955,692.1643,573.2799,0.0,0.4947,1.0631,623,21.32,236.3625091204505,455.3318,691.2001,573.2659,0.0417,0.7425,1.4763,623,21.32
236.50444892736476,454.9689,690.9328,572.9508,0.0167,0.8369,1.3429,624,21.358333333333334,236.50789882556475,454.9757,690.9328,572.9542,0.0,0.8357,1.3429,624,21.358333333333334,237.8456133857796,454.197,691.5566,572.8768,0.0167,0.4808,1.1683,624,21.358333333333334,238.01023084027545,454.1608,691.7507,572.9557,0.0,0.5201,1.0983,624,21.358333333333334,236.51769759071158,454.9558,690.9328,572.9443,0.025,0.7994,1.3429,624,21.358333333333334
236.41024345502237,454.6675,690.5747,572.6211,0.0167,0.7538,1.3992,625,21.388333333333335,236.4088787793335,454.6791,690.5747,572.6269,0.0,0.8094,1.3992,625,21.388333333333335,237.70946331323515,453.9217,691.1325,572.5271,0.0167,0.4656,1.1477,625,21.388333333333335,237.86899511244206,453.8875,691.322,572.6047,0.0,0.4922,1.2439,625,21.388333333333335,236.4821948186295,454.6006,690.5747,572.5877,0.0167,0.822,1.3992,625,21.388333333333335
236.35066232604197,454.2375,690.0098,572.1236,0.0417,0.6394,1.397,626,21.421666666666667,236.06817648999902,454.5022,690.0098,572.256,0.0083,0.7613,1.397,626,21.421666666666667,237.77574925449787,453.5027,690.7081,572.1054,0.0333,0.4502,1.1682,626,21.421666666666667,237.9468102048593,453.4281,690.9019,572.165,0.0,0.5233,1.1265,626,21.421666666666667,236.24590834424095,454.3439,690.0098,572.1769,0.0333,0.5704,1.397,626,21.421666666666667
236.3283659750022,453.9111,689.6962,571.8036,0.0333,0.6544,1.4207,627,21.453333333333333,235.96448563825228,454.2525,689.6962,571.9744,0.0,0.8594,1.4207,627,21.453333333333333,237.7831116452234,453.0388,690.2785,571.6586,0.025,0.3835,1.251,627,21.453333333333333,237.93654746205965,452.9866,690.4637,571.7251,0.0,0.4962,1.2524,627,21.453333333333333,236.3283659750022,453.9111,689.6962,571.8036,0.0333,0.6544,1.4207,627,21.453333333333333
236.49823728958964,453.432,689.3343,571.3831,0.0417,0.8087,1.4119,628,21.486666666666668,236.27902623837144,453.6303,689.3343,571.4823,0.0,0.9111,1.4119,628,21.486666666666668,237.81478176401063,452.5979,689.7964,571.1971,0.0167,0.572,1.2341,628,21.486666666666668,237.9240065181969,452.5697,689.941,571.2553,0.0,0.6431,1.2029,628,21.486666666666668,236.49823728958964,453.432,689.3343,571.3831,0.0417,0.8087,1.4119,628,21.486666666666668
236.54478127833326,453.0536,689.0041,571.0288,0.0333,0.9163,1.3192,629,21.523333333333333,236.3011061498434,453.2748,689.0041,571.1394,0.0083,0.885,1.3192,629,21.523333333333333,237.89927749777394,452.2751,689.5981,570.9366,0.0083,0.6298,1.1561,629,21.523333333333333,238.03000860209428,452.2751,689.7967,571.0359,0.0,0.6298,1.0608,629,21.523333333333333,236.434746615031,453.1712,689.0041,571.0877,0.0167,0.9822,1.3192,629,21.523333333333333
236.52247503575444,452.8276,688.74,570.7838,0.0417,0.605,1.3604,630,21.555,236.08339581129422,453.2901,688.74,571.015,0.0,0.7931,1.3604,630,21.555,237.93989197944012,452.0693,689.4325,570.7509,0.0083,0.5567,1.2049,630,21.555,237.95252196628326,452.0415,689.4325,570.737,0.0,0.5857,1.2049,630,21.555,236.52247503575444,452.8276,688.74,570.7838,0.0417,0.605,1.3604,630,21.555
236.47821892055333,452.7193,688.5743,570.6468,0.05,0.6321,1.3545,631,21.588333333333335,236.2152065610251,452.9949,688.5743,570.7846,0.0083,0.673,1.3545,631,21.588333333333335,237.9885212301189,451.9322,689.3544,570.6433,0.0083,0.4871,1.1956,631,21.588333333333335,238.00005530530802,451.9067,689.3544,570.6305,0.0,0.4826,1.1956,631,21.588333333333335,236.47826460604372,452.7197,688.5743,570.647,0.05,0.6007,1.3545,631,21.588333333333335
236.55258151705044,452.5234,688.4685,570.4959,0.0417,0.5414,1.3677,632,21.62666666666667,236.07964426896933,453.0069,688.4685,570.7377,0.0083,0.8844,1.3677,632,21.62666666666667,237.93693758670645,451.8471,689.246,570.5465,0.0083,0.4234,1.3184,632,21.62666666666667,237.9475599326101,451.8253,689.246,570.5357,0.0,0.4535,1.3184,632,21.62666666666667,236.5595036608354,452.5219,688.4685,570.4952,0.0333,0.6399,1.3677,632,21.62666666666667
236.56095478741523,452.4737,688.3824,570.428,0.05,0.6523,1.3919,633,21.656666666666666,235.90892523015245,453.1025,688.3824,570.7424,0.0083,0.9771,1.3919,633,21.656666666666666,237.79994708495803,451.79,688.9939,570.392,0.0083,0.6257,1.3606,633,21.656666666666666,237.92906146806652,451.79,689.1901,570.49,0.0,0.6257,1.4335,633,21.656666666666666,236.56095478741523,452.4737,688.3824,570.428,0.05,0.6523,1.3919,633,21.656666666666666
236.46333145497604,452.4754,688.2806,570.378,0.0417,0.9251,1.3394,634,21.691666666666666,236.0725072682215,452.8197,688.2806,570.5501,0.0,1.0147,1.3394,634,21.691666666666666,237.89025512492407,451.6576,688.9388,570.2982,0.0167,0.5042,1.2515,634,21.691666666666666,238.02029658890882,451.638,689.1229,570.3805,0.0,0.5681,1.3413,634,21.691666666666666,236.46333145497604,452.4754,688.2806,570.378,0.0417,0.9251,1.3394,634,21.691666666666666
236.4436833822214,452.4762,688.262,570.3691,0.0417,0.9086,1.327,635,21.73166666666667,236.05259257332247,452.8208,688.262,570.5414,0.0,0.9886,1.327,635,21.73166666666667,237.8580160547141,451.6599,688.9057,570.2828,0.0167,0.5071,1.3211,635,21.73166666666667,237.98867003630548,451.6403,689.0907,570.3655,0.0,0.5753,1.337,635,21.73166666666667,236.4436833822214,452.4762,688.262,570.3691,0.0417,0.9086,1.327,635,21.73166666666667
236.3805482885457,452.503,688.2321,570.3676,0.0333,0.9393,1.3473,636,21.756666666666668,236.1670247630251,452.6885,688.2321,570.4603,0.0,1.0718,1.3473,636,21.756666666666668,237.84651548427973,451.6626,688.8784,570.2705,0.0167,0.5106,1.2384,636,21.756666666666668,237.97849662203862,451.6424,689.0651,570.3537,0.0,0.5127,1.2782,636,21.756666666666668,236.3805482885457,452.503,688.2321,570.3676,0.0333,0.9393,1.3473,636,21.756666666666668
236.39174685880394,452.5026,688.2469,570.3748,0.0417,0.9003,1.2725,637,21.788333333333334,236.00306576300716,452.8445,688.2469,570.5457,0.0,1.0304,1.2725,637,21.788333333333334,237.8677223281028,451.6356,688.8887,570.2621,0.0167,0.5182,1.2328,637,21.788333333333334,237.998809190719,451.6162,689.0745,570.3454,0.0,0.5339,1.2569,637,21.788333333333334,236.39174685880394,452.5026,688.2469,570.3748,0.0417,0.9003,1.2725,637,21.788333333333334
236.3736717959119,452.5095,688.2486,570.379,0.0333,1.0099,1.2759,638,21.830000000000005,236.00827755415537,452.8391,688.2486,570.5438,0.0,1.048,1.2759,638,21.830000000000005,237.87807689584147,451.6264,688.8927,570.2595,0.0167,0.4799,1.217,638,21.830000000000005,238.00931174817987,451.6068,689.0786,570.3427,0.0,0.5281,1.256,638,21.830000000000005,236.3736717959119,452.5095,688.2486,570.379,0.0333,1.0099,1.2759,638,21.830000000000005
236.27631004083628,452.5629,688.2515,570.4072,0.0417,1.1363,1.2687,639,21.853333333333335,236.01591891587637,452.8317,688.2515,570.5416,0.0,1.0464,1.2687,639,21.853333333333335,237.8949746907116,451.6172,688.9083,570.2628,0.025,0.4196,1.226,639,21.853333333333335,238.03445379422743,451.5932,689.0939,570.3436,0.0,0.4975,1.253,639,21.853333333333335,236.27631004083628,452.5629,688.2515,570.4072,0.0417,1.1363,1.2687,639,21.853333333333335
236.4258451184282,452.4857,688.2479,570.3668,0.0417,0.9941,1.3134,640,21.886666666666667,236.03731964318126,452.8293,688.2479,570.5386,0.0,1.0458,1.3134,640,21.886666666666667,237.89281731639696,451.6154,688.9069,570.2612,0.025,0.4301,1.1952,640,21.886666666666667,238.03224907829411,451.5912,689.0925,570.3418,0.0,0.4969,1.2516,640,21.886666666666667,236.4258451184282,452.4857,688.2479,570.3668,0.0417,0.9941,1.3134,640,21.886666666666667
236.41100885175135,452.4915,688.239,570.3652,0.0417,0.9758,1.3006,641,21.933333333333334,236.02312498106014,452.8344,688.239,570.5367,0.0,1.0924,1.3006,641,21.933333333333334,237.863044270423,451.6169,688.8728,570.2448,0.025,0.4179,1.2293,641,21.933333333333334,238.0029591078991,451.5926,689.0589,570.3257,0.0,0.4983,1.1909,641,21.933333333333334,236.41100885175135,452.4915,688.239,570.3652,0.0417,0.9758,1.3006,641,21.933333333333334
236.38827606943718,452.4886,688.2247,570.3566,0.0417,0.9721,1.3891,642,21.953333333333333,236.00161296367642,452.8319,688.2247,570.5283,0.0,1.054,1.3891,642,21.953333333333333,237.86542867524898,451.5896,688.8475,570.2186,0.0333,0.407,1.2963,642,21.953333333333333,237.98121227472157,451.5859,689.035,570.3105,0.0,0.4755,1.2533,642,21.953333333333333,236.38827606943718,452.4886,688.2247,570.3566,0.0417,0.9721,1.3891,642,21.953333333333333
236.35890076335423,452.4935,688.2069,570.3502,0.0417,0.9649,1.417,643,21.988333333333333,235.97424486801262,452.8361,688.2069,570.5215,0.0,1.0254,1.417,643,21.988333333333333,237.81584144242112,451.5968,688.8395,570.2181,0.0333,0.4754,1.2861,643,21.988333333333333,237.9840520583639,451.5627,689.0279,570.2953,0.0,0.4826,1.2781,643,21.988333333333333,236.35890076335423,452.4935,688.2069,570.3502,0.0417,0.9649,1.417,643,21.988333333333333
236.25844497796166,452.5035,688.2121,570.3578,0.025,1.0444,1.3922,644,22.033333333333335,235.8779245275231,452.8827,688.2121,570.5474,0.0,1.0655,1.3922,644,22.033333333333335,237.91709306324617,451.5629,688.9122,570.2376,0.0333,0.4207,1.401,644,22.033333333333335,238.07856373419338,451.4871,689.0948,570.291,0.0,0.5045,1.3886,644,22.033333333333335,236.25844497796166,452.5035,688.2121,570.3578,0.025,1.0444,1.3922,644,22.033333333333335
236.27764793895136,452.4944,688.2312,570.3628,0.025,0.9632,1.413,645,22.053333333333335,235.89790103100424,452.8732,688.2312,570.5522,0.0,1.0103,1.413,645,22.053333333333335,237.90585735148238,451.5656,688.9017,570.2336,0.0333,0.4219,1.4173,645,22.053333333333335,238.0663272650066,451.4907,689.0835,570.2871,0.0,0.5024,1.3842,645,22.053333333333335,236.27764793895136,452.4944,688.2312,570.3628,0.025,0.9632,1.413,645,22.053333333333335
236.1670152938538,452.6019,688.2375,570.4197,0.0167,1.0029,1.4323,646,22.088333333333335,235.85283806267623,452.9022,688.2375,570.5699,0.0,1.044,1.4323,646,22.088333333333335,237.8998419587112,451.5641,688.8895,570.2268,0.0333,0.421,1.4124,646,22.088333333333335,238.06065117496723,451.489,689.0716,570.2803,0.0,0.5079,1.3489,646,22.088333333333335,236.1670152938538,452.6019,688.2375,570.4197,0.0167,1.0029,1.4323,646,22.088333333333335
236.19631153112078,452.5334,688.2369,570.3852,0.025,1.0053,1.4658,647,22.12,235.81565996367485,452.9133,688.2369,570.5751,0.0,1.1396,1.4658,647,22.12,237.92074884575885,451.5377,688.879,570.2084,0.025,0.4531,1.4113,647,22.12,238.06755028278536,451.4881,689.0616,570.2748,0.0,0.522,1.3854,647,22.12,236.19631153112078,452.5334,688.2369,570.3852,0.025,1.0053,1.4658,647,22.12
236.09676724571622,452.6318,688.2368,570.4343,0.025,0.9852,1.466,648,22.153333333333336,235.8069090783451,452.9217,688.2368,570.5793,0.0,1.2189,1.466,648,22.153333333333336,237.90389318073008,451.5665,688.8769,570.2217,0.0333,0.4167,1.425,648,22.153333333333336,238.06484710260392,451.4919,689.0596,570.2757,0.0,0.4982,1.3925,648,22.153333333333336,236.09676724571622,452.6318,688.2368,570.4343,0.025,0.9852,1.466,648,22.153333333333336
236.11061289105695,452.6224,688.2426,570.4325,0.025,1.0089,1.4549,649,22.188333333333336,235.81984306155417,452.9132,688.2426,570.5779,0.0,1.2353,1.4549,649,22.188333333333336,237.94644971527833,451.5249,688.8923,570.2086,0.025,0.448,1.437,649,22.188333333333336,238.0920795137576,451.4749,689.0727,570.2738,0.0,0.5446,1.412,649,22.188333333333336,236.11061289105695,452.6224,688.2426,570.4325,0.025,1.0089,1.4549,649,22.188333333333336
236.12271509176009,452.6193,688.2382,570.4287,0.025,1.0633,1.4374,650,22.220000000000002,235.83164721828697,452.9101,688.2382,570.5741,0.0,1.2273,1.4374,650,22.220000000000002,237.93320332093748,451.5285,688.8938,570.2112,0.025,0.4493,1.4301,650,22.220000000000002,238.07871021335112,451.4785,689.0741,570.2763,0.0,0.531,1.3883,650,22.220000000000002,236.12271509176009,452.6193,688.2382,570.4287,0.025,1.0633,1.4374,650,22.220000000000002
236.10514780100544,452.6335,688.2368,570.4352,0.025,1.0014,1.4373,651,22.253333333333334,235.81516335048548,452.9235,688.2368,570.5802,0.0,1.2339,1.4373,651,22.253333333333334,237.933841438037,451.5293,688.8958,570.2125,0.025,0.4503,1.4299,651,22.253333333333334,238.0798717127089,451.4794,689.0769,570.2781,0.0,0.5359,1.3901,651,22.253333333333334,236.10514780100544,452.6335,688.2368,570.4352,0.025,1.0014,1.4373,651,22.253333333333334
236.10309974774128,452.6325,688.2271,570.4298,0.025,0.9913,1.4303,652,22.28666666666667,235.8130342175473,452.9226,688.2271,570.5748,0.0,1.2363,1.4303,652,22.28666666666667,237.93641765799646,451.5254,688.8943,570.2098,0.025,0.4449,1.4276,652,22.28666666666667,238.08298235790784,451.4756,689.0763,570.2759,0.0,0.5311,1.3983,652,22.28666666666667,236.10309974774128,452.6325,688.2271,570.4298,0.025,0.9913,1.4303,652,22.28666666666667
236.10861805816643,452.6267,688.2268,570.4268,0.025,1.0705,1.4301,653,22.32,235.81850699420607,452.9168,688.2268,570.5718,0.0,1.2297,1.4301,653,22.32,237.93641765799646,451.5254,688.8943,570.2098,0.025,0.4449,1.4276,653,22.32,238.08298235790784,451.4756,689.0763,570.2759,0.0,0.5311,1.3983,653,22.32,236.10861805816643,452.6267,688.2268,570.4268,0.025,1.0705,1.4301,653,22.32
236.39248416315837,452.3974,688.221,570.3092,0.025,0.9632,1.5022,654,22.35666666666667,236.03047192081064,452.7334,688.221,570.4772,0.0,1.0674,1.5022,654,22.35666666666667,237.9279508062227,451.4362,688.7973,570.1168,0.0167,0.5927,1.3854,654,22.35666666666667,238.05546438781943,451.4063,688.9705,570.1884,0.0,0.6293,1.3157,654,22.35666666666667,236.39248416315837,452.3974,688.221,570.3092,0.025,0.9632,1.5022,654,22.35666666666667
236.4008283825892,452.3902,688.223,570.3066,0.025,0.9387,1.4992,655,22.388333333333335,236.03849899071704,452.7264,688.223,570.4747,0.0,1.0399,1.4992,655,22.388333333333335,237.93414373438992,451.436,688.806,570.121,0.0167,0.5934,1.3954,655,22.388333333333335,238.0613368865526,451.4061,688.9787,570.1924,0.0,0.6001,1.3176,655,22.388333333333335,236.4008283825892,452.3902,688.223,570.3066,0.025,0.9387,1.4992,655,22.388333333333335
236.32337202480338,452.4418,688.2075,570.3246,0.025,0.9543,1.4389,656,22.421666666666667,235.96608600126743,452.7723,688.2075,570.4899,0.0,1.1273,1.4389,656,22.421666666666667,237.92875812952374,451.439,688.8055,570.1223,0.0167,0.5854,1.3764,656,22.421666666666667,238.05627155730758,451.4091,688.9787,570.1939,0.0,0.6138,1.3521,656,22.421666666666667,236.32337202480338,452.4418,688.2075,570.3246,0.025,0.9543,1.4389,656,22.421666666666667
236.3897278688086,452.3976,688.224,570.3108,0.025,0.9694,1.4893,657,22.455000000000005,236.02699163701683,452.7339,688.224,570.4789,0.0,1.0556,1.4893,657,22.455000000000005,237.9327403204743,451.4349,688.806,570.1204,0.0167,0.6053,1.3945,657,22.455000000000005,238.05987830213414,451.4051,688.9787,570.1919,0.0,0.6284,1.3328,657,22.455000000000005,236.3897278688086,452.3976,688.224,570.3108,0.025,0.9694,1.4893,657,22.455000000000005
236.39555141926397,452.3965,688.2284,570.3124,0.025,0.9472,1.4934,658,22.486666666666668,236.032657405562,452.7331,688.2284,570.4808,0.0,1.0534,1.4934,658,22.486666666666668,237.93407673237647,451.434,688.8067,570.1204,0.0167,0.6037,1.3944,658,22.486666666666668,238.06107142133135,451.4046,688.9794,570.192,0.0,0.6277,1.333,658,22.486666666666668,236.39555141926397,452.3965,688.2284,570.3124,0.025,0.9472,1.4934,658,22.486666666666668
236.38935294224953,452.4005,688.2238,570.3122,0.025,0.9626,1.4907,659,22.533333333333335,236.02696343409127,452.7367,688.2238,570.4803,0.0,1.0686,1.4907,659,22.533333333333335,237.9333853684327,451.4349,688.8047,570.1198,0.0167,0.5991,1.3937,659,22.533333333333335,238.06045508811522,451.4054,688.9774,570.1914,0.0,0.6593,1.3367,659,22.533333333333335,236.38935294224953,452.4005,688.2238,570.3122,0.025,0.9626,1.4907,659,22.533333333333335
236.38553850753783,452.4025,688.2201,570.3113,0.025,0.9391,1.4911,660,22.553333333333335,236.02310605122543,452.7384,688.2201,570.4793,0.0,1.0596,1.4911,660,22.553333333333335,237.92582142890598,451.4384,688.7981,570.1183,0.0167,0.5929,1.3856,660,22.553333333333335,238.05329893307916,451.4085,688.9713,570.1899,0.0,0.6229,1.316,660,22.553333333333335,236.38553850753783,452.4025,688.2201,570.3113,0.025,0.9391,1.4911,660,22.553333333333335
236.4106303556342,452.3749,688.2208,570.2979,0.0333,0.8975,1.4251,661,22.588333333333335,235.8647022080282,452.8959,688.2208,570.5583,0.0,1.0699,1.4251,661,22.588333333333335,237.95619362012513,451.4248,688.8261,570.1254,0.0167,0.521,1.3563,661,22.588333333333335,238.0817571443674,451.3955,688.9967,570.1961,0.0,0.5974,1.3399,661,22.588333333333335,236.4106303556342,452.3749,688.2208,570.2979,0.0333,0.8975,1.4251,661,22.588333333333335
236.40488304281337,452.3741,688.2104,570.2922,0.0333,0.892,1.4064,662,22.62,235.8567277405339,452.897,688.2104,570.5537,0.0,1.0997,1.4064,662,22.62,237.9578492392767,451.4223,688.8244,570.1233,0.0167,0.5101,1.3754,662,22.62,238.0834310017639,451.393,688.995,570.194,0.0,0.5955,1.3527,662,22.62,236.40488304281337,452.3741,688.2104,570.2922,0.0333,0.892,1.4064,662,22.62
236.4146889976232,452.3635,688.2027,570.2831,0.0333,0.882,1.4103,663,22.653333333333336,235.86594799091455,452.8873,688.2027,570.545,0.0,1.056,1.4103,663,22.653333333333336,237.9585365993945,451.4241,688.8268,570.1254,0.0167,0.5376,1.3731,663,22.653333333333336,238.08410817903265,451.3948,688.9974,570.1961,0.0,0.5881,1.3519,663,22.653333333333336,236.4146889976232,452.3635,688.2027,570.2831,0.0333,0.882,1.4103,663,22.653333333333336
236.35493758296366,452.394,688.2015,570.2978,0.05,0.8781,1.3441,664,22.688333333333336,235.83710827702217,452.8993,688.2015,570.5504,0.0083,1.2122,1.3441,664,22.688333333333336,237.92354868371885,451.3825,688.7511,570.0668,0.025,0.5203,1.3656,664,22.688333333333336,238.01532741198025,451.3942,688.9239,570.1591,0.0,0.5727,1.3309,664,22.688333333333336,236.3087980897768,452.4238,688.2015,570.3126,0.0417,0.8926,1.3441,664,22.688333333333336
236.30534158232444,452.428,688.205,570.3165,0.0417,0.9232,1.3469,665,22.721666666666668,235.72550592487596,453.0078,688.205,570.6064,0.0083,1.2398,1.3469,665,22.721666666666668,237.92485450726574,451.3809,688.749,570.065,0.025,0.5195,1.4337,665,22.721666666666668,238.01666120220594,451.3927,688.9218,570.1573,0.0,0.5704,1.3299,665,22.721666666666668,236.31558718274496,452.4201,688.205,570.3126,0.0333,0.8917,1.3469,665,22.721666666666668
236.41084843946237,452.2898,688.1936,570.2417,0.0583,0.7588,1.4007,666,22.755000000000003,236.04906628479748,452.6654,688.1936,570.4295,0.0167,1.1462,1.4007,666,22.755000000000003,237.8954081535958,451.3948,688.7459,570.0703,0.0083,0.5972,1.4117,666,22.755000000000003,238.0098413170078,451.3948,688.9197,570.1573,0.0,0.5972,1.3346,666,22.755000000000003,236.27247680707774,452.4492,688.1936,570.3214,0.0333,0.9223,1.4007,666,22.755000000000003
236.5186560540304,452.1931,688.1912,570.1922,0.0667,0.7883,1.4007,667,22.790000000000003,236.09604529461348,452.6306,688.1912,570.4109,0.0167,1.14,1.4007,667,22.790000000000003,237.9188495456011,451.3812,688.7453,570.0633,0.025,0.5212,1.4119,667,22.790000000000003,238.01133906309926,451.393,688.9191,570.1561,0.0,0.5808,1.3346,667,22.790000000000003,236.31332405991807,452.4331,688.1912,570.3122,0.0417,0.852,1.4007,667,22.790000000000003
236.46242282341527,452.2518,688.191,570.2214,0.0583,0.8445,1.4005,668,22.823333333333334,236.097067690053,452.6292,688.191,570.4101,0.0167,1.147,1.4005,668,22.823333333333334,237.91857582899783,451.382,688.7474,570.0647,0.025,0.5204,1.4054,668,22.823333333333334,238.01103551956345,451.3938,688.9212,570.1575,0.0,0.5813,1.332,668,22.823333333333334,236.3144351811292,452.4316,688.191,570.3113,0.0417,0.8736,1.4005,668,22.823333333333334
236.46096698527634,452.2532,688.1938,570.2235,0.0583,0.7912,1.3601,669,22.858333333333334,236.0961162677064,452.6303,688.1938,570.412,0.0167,1.1537,1.3601,669,22.858333333333334,237.89232985804605,451.4194,688.7539,570.0866,0.0167,0.5395,1.4031,669,22.858333333333334,238.018904557892,451.3935,688.9283,570.1609,0.0,0.5961,1.3392,669,22.858333333333334,236.31884399216904,452.4146,688.1938,570.3042,0.0333,0.9167,1.3601,669,22.858333333333334
236.42215239666544,452.3,688.1959,570.2479,0.05,0.8329,1.3795,670,22.89,236.09787257405378,452.6302,688.1959,570.4131,0.0167,1.1343,1.3795,670,22.89,237.89076045207418,451.4199,688.7528,570.0864,0.0167,0.5361,1.4044,670,22.89,238.01730590762565,451.394,688.9273,570.1607,0.0,0.5962,1.3282,670,22.89,236.3139938804305,452.4338,688.1959,570.3148,0.0417,0.8945,1.3795,670,22.89
236.4246037326508,452.3005,688.1982,570.2493,0.05,0.8845,1.3673,671,22.921666666666667,236.10055560275862,452.6305,688.1982,570.4143,0.0167,1.1299,1.3673,671,22.921666666666667,237.89165099107834,451.4205,688.7531,570.0868,0.0167,0.548,1.4067,671,22.921666666666667,238.01822377226637,451.3945,688.9276,570.1611,0.0,0.5908,1.3291,671,22.921666666666667,236.3170992302706,452.4336,688.1982,570.3159,0.0417,0.8993,1.3673,671,22.921666666666667
236.42377038244015,452.2999,688.1976,570.2487,0.05,0.829,1.3795,672,22.956666666666667,236.0998250027166,452.6299,688.1976,570.4138,0.0167,1.1388,1.3795,672,22.956666666666667,237.92498297456123,451.3831,688.7532,570.0682,0.025,0.5074,1.4066,672,22.956666666666667,238.01788098899993,451.3949,688.9277,570.1613,0.0,0.5818,1.3321,672,22.956666666666667,236.3166478738797,452.4328,688.1976,570.3152,0.0417,0.891,1.3795,672,22.956666666666667
236.47041752883308,452.2488,688.1971,570.223,0.05,0.8112,1.3589,673,22.988333333333333,236.1870138384397,452.5566,688.1971,570.3769,0.0167,0.9712,1.3589,673,22.988333333333333,237.9257302996342,451.3818,688.7519,570.0669,0.025,0.5198,1.4093,673,22.988333333333333,238.0186418713743,451.3936,688.9264,570.16,0.0,0.5828,1.3332,673,22.988333333333333,236.32546913211834,452.4264,688.1971,570.3118,0.0333,0.8459,1.3589,673,22.988333333333333
236.2141880027283,452.4262,688.0208,570.2235,0.0333,0.8766,1.2714,674,23.023333333333333,235.91149247264846,452.7236,688.0208,570.3722,0.0083,1.0926,1.2714,674,23.023333333333333,237.84819839476927,451.4304,688.7128,570.0716,0.0167,0.6344,1.359,674,23.023333333333333,237.98388928480546,451.4044,688.9011,570.1528,0.0,0.6107,1.3725,674,23.023333333333333,236.3296819028372,452.3519,688.0208,570.1864,0.0417,0.8456,1.2714,674,23.023333333333333
236.1592538480233,452.4621,688.0206,570.2414,0.0333,1.0334,1.2692,675,23.058333333333334,235.8616646473158,452.7578,688.0206,570.3892,0.0083,1.1236,1.2692,675,23.058333333333334,237.84755910709458,451.4311,688.7134,570.0722,0.0167,0.6333,1.3587,675,23.058333333333334,237.98323958052725,451.4051,688.9017,570.1534,0.0,0.6126,1.3718,675,23.058333333333334,236.30965114003578,452.3081,688.0206,570.1644,0.0417,0.9109,1.2692,675,23.058333333333334
236.16339043592777,452.4646,688.0369,570.2508,0.0333,1.0364,1.2898,676,23.08666666666667,235.86628437045107,452.7598,688.0369,570.3984,0.0083,1.1077,1.2898,676,23.08666666666667,237.84308108541975,451.4309,688.7072,570.069,0.0167,0.6353,1.3918,676,23.08666666666667,237.97885022484098,451.4049,688.8956,570.1503,0.0,0.5993,1.387,676,23.08666666666667,236.17886819232345,452.4529,688.0369,570.2449,0.025,1.0047,1.2898,676,23.08666666666667
236.30469372994617,452.3334,688.0195,570.1765,0.0333,0.8807,1.3836,677,23.12,235.99837314197916,452.6361,688.0195,570.3278,0.0083,1.0591,1.3836,677,23.12,237.85537415390954,451.4278,688.715,570.0714,0.0167,0.6304,1.4083,677,23.12,237.99165844074247,451.4004,688.9032,570.1518,0.0,0.5872,1.3744,677,23.12,236.37930960111413,452.2558,688.0195,570.1376,0.0333,0.7798,1.3836,677,23.12
236.39297792761423,452.2431,688.0054,570.1242,0.05,0.7225,1.3564,678,23.16166666666667,235.9056522966738,452.7097,688.0054,570.3575,0.0083,1.0529,1.3564,678,23.16166666666667,237.8448393299584,451.4344,688.7117,570.0731,0.0167,0.6111,1.4349,678,23.16166666666667,237.978341191512,451.4082,688.8966,570.1524,0.0,0.5896,1.398,678,23.16166666666667,236.43492149596779,452.2114,688.0054,570.1084,0.05,0.6508,1.3564,678,23.16166666666667
236.34034732283112,452.2701,687.9996,570.1349,0.05,0.747,1.37,679,23.188333333333336,235.90733591669186,452.706,687.9996,570.3528,0.0083,1.0391,1.37,679,23.188333333333336,237.84055320617222,451.4342,688.7049,570.0696,0.0167,0.6263,1.4001,679,23.188333333333336,237.97385262248778,451.4088,688.89,570.1494,0.0,0.6037,1.4078,679,23.188333333333336,236.43717923637996,452.2073,687.9996,570.1035,0.05,0.6512,1.37,679,23.188333333333336
236.44273624391192,452.2061,688.006,570.106,0.0583,0.6986,1.3672,680,23.220000000000002,235.91684643039258,452.7023,688.006,570.3541,0.0083,1.0847,1.3672,680,23.220000000000002,237.84342287197728,451.4345,688.7062,570.0703,0.0167,0.6261,1.3971,680,23.220000000000002,237.9769441918084,451.4086,688.8912,570.1499,0.0,0.5906,1.4015,680,23.220000000000002,236.44790100060663,452.2019,688.006,570.104,0.05,0.6429,1.3672,680,23.220000000000002
236.36697960041843,452.2639,688.03,570.147,0.0583,0.7209,1.3498,681,23.263333333333335,235.88761548080612,452.7302,688.03,570.3801,0.0083,1.0621,1.3498,681,23.263333333333335,237.8457134031005,451.4338,688.7084,570.0711,0.0167,0.6346,1.3973,681,23.263333333333335,237.98149144602144,451.4079,688.8968,570.1524,0.0,0.6097,1.3878,681,23.263333333333335,236.47153737321327,452.1954,688.03,570.1127,0.0583,0.64,1.3498,681,23.263333333333335
236.23249996531476,452.3634,687.9921,570.1777,0.0417,0.8419,1.3749,682,23.28666666666667,235.8671452754628,452.7278,687.9921,570.36,0.0083,1.1137,1.3749,682,23.28666666666667,237.8429453193397,451.4335,688.7047,570.0691,0.0167,0.6266,1.3998,682,23.28666666666667,237.97725750383768,451.4076,688.8909,570.1493,0.0,0.5969,1.3895,682,23.28666666666667,236.3059403662177,452.2999,687.9921,570.146,0.05,0.6324,1.3749,682,23.28666666666667
236.1668359834707,452.4274,687.9872,570.2073,0.0333,0.9597,1.3766,683,23.32,235.86790404098386,452.724,687.9872,570.3556,0.0083,1.138,1.3766,683,23.32,237.8429267177596,451.432,688.7046,570.0683,0.0167,0.5894,1.399,683,23.32,237.97625200916377,451.4065,688.8897,570.1481,0.0,0.5724,1.3814,683,23.32,236.18113727092964,452.4165,687.9872,570.2018,0.025,0.8959,1.3766,683,23.32
236.48747140679205,452.1845,688.0876,570.136,0.05,0.8027,1.3291,684,23.368333333333336,235.99541404968937,452.6263,688.0876,570.3569,0.0,0.9218,1.3291,684,23.368333333333336,237.8548185352436,451.4149,688.6832,570.0491,0.0167,0.5898,1.3927,684,23.368333333333336,237.98299004969357,451.3865,688.8584,570.1225,0.0,0.617,1.3787,684,23.368333333333336,236.48747140679205,452.1845,688.0876,570.136,0.05,0.8027,1.3291,684,23.368333333333336
236.48318058656318,452.1825,688.0826,570.1326,0.05,0.8042,1.4185,685,23.388333333333335,235.9904284588,452.6251,688.0826,570.3538,0.0,0.9234,1.4185,685,23.388333333333335,237.85693149308793,451.4159,688.6883,570.0521,0.0167,0.5899,1.4047,685,23.388333333333335,237.98430097944185,451.3874,688.8623,570.1249,0.0,0.6181,1.3754,685,23.388333333333335,236.48318058656318,452.1825,688.0826,570.1326,0.05,0.8042,1.4185,685,23.388333333333335
236.3307936252653,452.2977,688.0815,570.1896,0.0417,0.687,1.4453,686,23.42,235.97401577653838,452.6441,688.0815,570.3628,0.0,0.9332,1.4453,686,23.42,237.8445327248573,451.4146,688.6771,570.0459,0.0167,0.5389,1.4083,686,23.42,237.96986828125407,451.3864,688.8481,570.1172,0.0,0.6078,1.3833,686,23.42,236.3307936252653,452.2977,688.0815,570.1896,0.0417,0.687,1.4453,686,23.42
236.45946165510225,452.2035,688.0757,570.1396,0.0417,0.7863,1.4684,687,23.46666666666667,235.98457311290923,452.6401,688.0757,570.3579,0.0,0.9314,1.4684,687,23.46666666666667,237.8431676972818,451.4162,688.6759,570.0461,0.0167,0.5398,1.4009,687,23.46666666666667,237.96852790344312,451.3879,688.847,570.1175,0.0,0.6072,1.3824,687,23.46666666666667,236.45946165510225,452.2035,688.0757,570.1396,0.0417,0.7863,1.4684,687,23.46666666666667
236.33767854016133,452.297,688.0739,570.1854,0.0417,0.6683,1.4569,688,23.486666666666668,235.98123317781796,452.643,688.0739,570.3585,0.0,0.9344,1.4569,688,23.486666666666668,237.84782443956377,451.4134,688.6758,570.0446,0.0167,0.537,1.3971,688,23.486666666666668,237.9731630599486,451.3851,688.8468,570.116,0.0,0.6106,1.3801,688,23.486666666666668,236.33767854016133,452.297,688.0739,570.1854,0.0417,0.6683,1.4569,688,23.486666666666668
236.53577900741612,452.1401,688.0794,570.1098,0.0417,0.8098,1.4528,689,23.533333333333335,236.1779803769362,452.461,688.0794,570.2702,0.0,0.9547,1.4528,689,23.533333333333335,237.84517041472657,451.4157,688.6721,570.0439,0.0167,0.5607,1.3845,689,23.533333333333335,237.97052047322103,451.3874,688.8431,570.1153,0.0,0.6239,1.3835,689,23.533333333333335,236.53577900741612,452.1401,688.0794,570.1098,0.0417,0.8098,1.4528,689,23.533333333333335
236.34343184257207,452.3029,688.1037,570.2033,0.0417,0.6333,1.4085,690,23.555000000000003,235.9904128378685,452.6458,688.1037,570.3747,0.0,0.9621,1.4085,690,23.555000000000003,237.91665507103403,451.386,688.716,570.051,0.0167,0.4544,1.4038,690,23.555000000000003,237.8987951684949,451.3829,688.716,570.0495,0.0,0.5649,1.4038,690,23.555000000000003,236.34343184257207,452.3029,688.1037,570.2033,0.0417,0.6333,1.4085,690,23.555000000000003
236.34209501218297,452.3019,688.095,570.1985,0.0417,0.6465,1.418,691,23.588333333333335,235.98914041092482,452.6449,688.095,570.37,0.0,0.9465,1.418,691,23.588333333333335,237.88741723639197,451.4107,688.7146,570.0627,0.0083,0.5195,1.3742,691,23.588333333333335,237.9003187552179,451.3822,688.7146,570.0484,0.0,0.5765,1.3742,691,23.588333333333335,236.34209501218297,452.3019,688.095,570.1985,0.0417,0.6465,1.418,691,23.588333333333335
236.3425401697759,452.3041,688.0938,570.1989,0.0417,0.6435,1.4355,692,23.62,235.98925594527793,452.6473,688.0938,570.3705,0.0,0.9593,1.4355,692,23.62,237.890092184006,451.4097,688.7166,570.0632,0.0083,0.5192,1.3734,692,23.62,237.9029866774671,451.3812,688.7166,570.0489,0.0,0.5755,1.3734,692,23.62,236.3425401697759,452.3041,688.0938,570.1989,0.0417,0.6435,1.4355,692,23.62
236.3417985453439,452.3031,688.0919,570.1975,0.0417,0.6433,1.4208,693,23.653333333333336,235.98841279984174,452.6463,688.0919,570.3691,0.0,0.9852,1.4208,693,23.653333333333336,237.890092184006,451.4097,688.7166,570.0632,0.0083,0.5192,1.3734,693,23.653333333333336,237.9029866774671,451.3812,688.7166,570.0489,0.0,0.5755,1.3734,693,23.653333333333336,236.3417985453439,452.3031,688.0919,570.1975,0.0417,0.6433,1.4208,693,23.653333333333336
236.25661428502644,452.3801,688.0026,570.1914,0.025,1.007,1.3651,694,23.688333333333336,235.73685539003665,452.8856,688.0026,570.4441,0.0,1.0558,1.3651,694,23.688333333333336,237.88481988511006,451.3761,688.6808,570.0285,0.025,0.5364,1.3052,694,23.688333333333336,237.95587703047735,451.4068,688.8578,570.1323,0.0,0.634,1.3475,694,23.688333333333336,236.32791859858548,452.3085,688.0026,570.1556,0.0333,0.8766,1.3651,694,23.688333333333336
236.26311387787237,452.3752,687.9961,570.1857,0.025,1.008,1.3904,695,23.720000000000002,235.74113882729208,452.883,687.9961,570.4395,0.0,1.1738,1.3904,695,23.720000000000002,237.88737286084645,451.3678,688.6734,570.0206,0.0167,0.5104,1.3245,695,23.720000000000002,238.01733350250782,451.3382,688.8506,570.0944,0.0,0.5498,1.3289,695,23.720000000000002,236.33490752334896,452.3031,687.9961,570.1496,0.0333,0.8368,1.3904,695,23.720000000000002
236.26740639532358,452.3722,687.9951,570.1837,0.025,1.0261,1.3906,696,23.753333333333334,235.74491414998406,452.8804,687.9951,570.4378,0.0,1.1853,1.3906,696,23.753333333333334,237.88952890619336,451.3683,688.6769,570.0226,0.0167,0.5115,1.3267,696,23.753333333333334,238.0194272400396,451.3388,688.8539,570.0964,0.0,0.5629,1.3273,696,23.753333333333334,236.33888684929798,452.3004,687.9951,570.1478,0.0333,0.8328,1.3906,696,23.753333333333334
236.26400513922317,452.3835,688.0075,570.1955,0.025,1.0393,1.4312,697,23.788333333333334,235.74348958406637,452.8899,688.0075,570.4487,0.0,1.1754,1.4312,697,23.788333333333334,237.89197710404488,451.3669,688.6775,570.0222,0.0167,0.5197,1.3263,697,23.788333333333334,238.0218720419457,451.3374,688.8546,570.096,0.0,0.5626,1.3284,697,23.788333333333334,236.3355967853151,452.3116,688.0075,570.1596,0.0333,0.865,1.4312,697,23.788333333333334
236.2637777443858,452.382,688.0043,570.1931,0.025,1.0431,1.381,698,23.82,235.74173726355312,452.8897,688.0043,570.447,0.0,1.1658,1.381,698,23.82,237.89106505025308,451.3696,688.6785,570.024,0.0167,0.5217,1.3108,698,23.82,238.02104821661368,451.3399,688.8555,570.0977,0.0,0.5599,1.3403,698,23.82,236.3347579823358,452.3107,688.0043,570.1575,0.0333,0.8494,1.381,698,23.82
236.27032314613547,452.3775,688.0098,570.1936,0.025,1.0385,1.3987,699,23.855,235.74812649446054,452.8853,688.0098,570.4476,0.0,1.1683,1.3987,699,23.855,237.88884568688727,451.3682,688.6752,570.0217,0.0167,0.5366,1.3237,699,23.855,238.01882826806903,451.3386,688.8524,570.0955,0.0,0.5793,1.3498,699,23.855,236.34145504650178,452.306,688.0098,570.1579,0.0333,0.8451,1.3987,699,23.855
236.26639727038506,452.3802,688.0093,570.1948,0.025,1.0441,1.3986,700,23.888333333333335,235.74443395250077,452.8879,688.0093,570.4486,0.0,1.2214,1.3986,700,23.888333333333335,237.88886625852493,451.3686,688.6756,570.0221,0.0167,0.5365,1.3254,700,23.888333333333335,238.01885657495697,451.339,688.8527,570.0959,0.0,0.5792,1.3507,700,23.888333333333335,236.33745352653887,452.3089,688.0093,570.1591,0.0333,0.8435,1.3986,700,23.888333333333335
236.2646114013018,452.3836,688.0132,570.1984,0.025,0.9966,1.3956,701,23.921666666666667,235.742969163415,452.8909,688.0132,570.4521,0.0,1.1572,1.3956,701,23.921666666666667,237.89053501902436,451.3673,688.6761,570.0217,0.0167,0.5363,1.3243,701,23.921666666666667,238.0205177949025,451.3376,688.8532,570.0954,0.0,0.5793,1.3493,701,23.921666666666667,236.3355838904833,452.3123,688.0132,570.1628,0.0333,0.8708,1.3956,701,23.921666666666667
236.26582209856147,452.3767,688.004,570.1904,0.025,1.014,1.3756,702,23.956666666666667,235.74464403185786,452.8836,688.004,570.4438,0.0,1.1723,1.3756,702,23.956666666666667,237.89377045445528,451.3677,688.6811,570.0244,0.0167,0.5203,1.3287,702,23.956666666666667,238.0236602276187,451.3381,688.8581,570.0981,0.0,0.5649,1.3451,702,23.956666666666667,236.3370360450142,452.3052,688.004,570.1546,0.0333,0.849,1.3756,702,23.956666666666667
236.26663245550162,452.378,688.0055,570.1917,0.025,1.0239,1.3826,703,23.991666666666667,235.74553032370045,452.8848,688.0055,570.4451,0.0,1.1536,1.3826,703,23.991666666666667,237.89331903639973,451.3677,688.6808,570.0242,0.0167,0.5202,1.3286,703,23.991666666666667,238.02320979787498,451.3381,688.8577,570.0979,0.0,0.5649,1.3442,703,23.991666666666667,236.33779964084084,452.3065,688.0055,570.156,0.0333,0.8285,1.3826,703,23.991666666666667
236.39547521492008,452.2455,688.0721,570.1588,0.05,0.8227,1.4405,704,24.025000000000002,235.97279332303526,452.672,688.0721,570.372,0.0083,0.9535,1.4405,704,24.025000000000002,237.9006407849529,451.3377,688.6811,570.0094,0.0333,0.3625,1.3223,704,24.025000000000002,238.02252978549467,451.3263,688.8701,570.0982,0.0,0.4591,1.3067,704,24.025000000000002,236.3593999704151,452.2792,688.0721,570.1757,0.025,0.837,1.4405,704,24.025000000000002
236.3951167436967,452.246,688.0731,570.1596,0.05,0.8741,1.4416,705,24.055000000000003,235.9727717092281,452.6722,688.0731,570.3727,0.0083,0.9739,1.4416,705,24.055000000000003,237.87624912502096,451.36,688.6849,570.0225,0.025,0.4127,1.3184,705,24.055000000000003,238.02267258189008,451.3283,688.8738,570.101,0.0,0.4834,1.3005,705,24.055000000000003,236.42295967283556,452.2102,688.0731,570.1416,0.0333,0.8729,1.4416,705,24.055000000000003
236.46964675645614,452.1441,688.0601,570.1021,0.0417,0.8685,1.4299,706,24.08666666666667,236.19169049244027,452.4449,688.0601,570.2525,0.0083,1.0012,1.4299,706,24.08666666666667,237.88770467904425,451.3676,688.6913,570.0295,0.0417,0.3529,1.3449,706,24.08666666666667,238.0269791155976,451.3308,688.8824,570.1066,0.0,0.4745,1.307,706,24.08666666666667,236.44395471452304,452.1815,688.0601,570.1208,0.025,0.9075,1.4299,706,24.08666666666667
236.46496152836082,452.1485,688.0547,570.1016,0.05,0.7676,1.4159,707,24.12,235.9861735509656,452.6508,688.0547,570.3527,0.0083,0.9436,1.4159,707,24.12,237.87189744265837,451.3612,688.6789,570.0201,0.025,0.4051,1.325,707,24.12,238.01830070465408,451.3295,688.8679,570.0987,0.0,0.4681,1.3019,707,24.12,236.43721089159294,452.1878,688.0547,570.1212,0.0333,0.8349,1.4159,707,24.12
236.40584906992916,452.2284,688.0584,570.1434,0.05,0.8105,1.4126,708,24.153333333333336,235.98293493469188,452.6556,688.0584,570.357,0.0083,0.957,1.4126,708,24.153333333333336,237.89907199957122,451.3393,688.6808,570.0101,0.0333,0.3794,1.3228,708,24.153333333333336,238.02090657100382,451.328,688.8697,570.0988,0.0,0.4685,1.3012,708,24.153333333333336,236.43365201806202,452.1927,688.0584,570.1256,0.0333,0.8182,1.4126,708,24.153333333333336
236.43996065753666,452.201,688.0707,570.1359,0.0333,0.8816,1.4105,709,24.188333333333336,235.98790225823757,452.6568,688.0707,570.3638,0.0083,0.9868,1.4105,709,24.188333333333336,237.90250934167176,451.3358,688.6788,570.0073,0.0333,0.3631,1.3286,709,24.188333333333336,238.0243357757489,451.3245,688.8678,570.0962,0.0,0.4656,1.3031,709,24.188333333333336,236.43846395462705,452.194,688.0707,570.1324,0.0333,0.8191,1.4105,709,24.188333333333336
236.36859013213834,452.2694,688.072,570.1707,0.0417,0.8387,1.4434,710,24.220000000000002,235.78542337410894,452.8437,688.072,570.4579,0.0083,0.9827,1.4434,710,24.220000000000002,237.8743385354829,451.3593,688.6789,570.0191,0.025,0.3996,1.3272,710,24.220000000000002,238.0207406960724,451.3276,688.8679,570.0978,0.0,0.4827,1.3111,710,24.220000000000002,236.36919089322856,452.2607,688.072,570.1664,0.0417,0.8639,1.4434,710,24.220000000000002
236.33714704262462,452.3061,688.0556,570.1809,0.0417,0.8664,1.4108,711,24.253333333333334,235.97905941068797,452.6621,688.0556,570.3589,0.0083,0.9844,1.4108,711,24.253333333333334,237.89885377105793,451.3376,688.6765,570.007,0.0333,0.3739,1.3304,711,24.253333333333334,238.02072362361682,451.3262,688.8656,570.0959,0.0,0.4727,1.3038,711,24.253333333333334,236.4296242269186,452.1997,688.0556,570.1277,0.0333,0.8734,1.4108,711,24.253333333333334
236.36975267976936,452.2653,688.0711,570.1682,0.0417,0.8741,1.4093,712,24.28666666666667,235.78667607320716,452.8396,688.0711,570.4553,0.0083,0.9745,1.4093,712,24.28666666666667,237.8950458185262,451.3423,688.6762,570.0093,0.0333,0.3792,1.3329,712,24.28666666666667,238.01706446249867,451.3309,688.8653,570.0981,0.0,0.4668,1.3044,712,24.28666666666667,236.37071214432754,452.2563,688.0711,570.1637,0.0417,0.8354,1.4093,712,24.28666666666667
236.4157738373221,452.2139,688.0728,570.1433,0.05,0.8812,1.4088,713,24.32,235.7875116999459,452.8399,688.0728,570.4563,0.0083,0.95,1.4088,713,24.32,237.89431536789434,451.3421,688.6752,570.0087,0.0333,0.3789,1.3342,713,24.32,238.0163385444727,451.3307,688.8643,570.0975,0.0,0.467,1.305,713,24.32,236.30623166774123,452.3275,688.0728,570.2001,0.0333,0.8608,1.4088,713,24.32
236.2327385614754,452.4027,688.1036,570.2532,0.0167,0.9488,1.4491,714,24.355,236.00840913466976,452.6178,688.1036,570.3607,0.0,1.0064,1.4491,714,24.355,238.00035257733555,451.3739,688.8682,570.121,0.0083,0.4324,1.3037,714,24.355,238.01178480162673,451.3486,688.8682,570.1084,0.0,0.4801,1.3037,714,24.355,236.15533061489535,452.4633,688.1036,570.2834,0.025,0.9913,1.4491,714,24.355
236.30407935575337,452.3915,688.1776,570.2845,0.0167,0.9181,1.4538,715,24.39,236.08105636115656,452.6043,688.1776,570.3909,0.0,0.9325,1.4538,715,24.39,237.89874249642457,451.3737,688.7146,570.0442,0.0167,0.4333,1.3766,715,24.39,238.0078630650077,451.3488,688.8631,570.106,0.0,0.4794,1.2891,715,24.39,236.20984499959428,452.4683,688.1776,570.3229,0.0167,0.9771,1.4538,715,24.39
236.36933519278594,452.3242,688.1789,570.2515,0.025,0.9438,1.4538,716,24.42,236.0846231993155,452.6042,688.1789,570.3915,0.0,0.9452,1.4538,716,24.42,237.90117146785738,451.3726,688.7144,570.0435,0.0167,0.4424,1.3766,716,24.42,238.01011580408198,451.3478,688.8629,570.1053,0.0,0.487,1.2778,716,24.42,236.21345486400918,452.4681,688.1789,570.3235,0.0167,0.9535,1.4538,716,24.42
236.29329731826036,452.3406,688.0967,570.2186,0.0167,0.9736,1.4668,717,24.453333333333333,236.03957274857262,452.6016,688.0967,570.3491,0.0,0.9508,1.4668,717,24.453333333333333,237.90378538118574,451.3717,688.7171,570.0444,0.0167,0.4416,1.3794,717,24.453333333333333,238.0126395671723,451.3471,688.8655,570.1063,0.0,0.4866,1.2863,717,24.453333333333333,236.16823576709257,452.4657,688.0967,570.2812,0.0167,1.009,1.4668,717,24.453333333333333
236.16920593021953,452.5013,688.1823,570.3418,0.0167,1.015,1.4477,718,24.491666666666667,235.79160339111758,452.8783,688.1823,570.5303,0.0,1.0538,1.4477,718,24.491666666666667,238.00401813812374,451.3708,688.8687,570.1197,0.0083,0.4376,1.2928,718,24.491666666666667,238.0152286935945,451.346,688.8687,570.1073,0.0,0.4998,1.2928,718,24.491666666666667,236.19484590876675,452.4778,688.1823,570.3301,0.025,0.9772,1.4477,718,24.491666666666667
236.35033547666345,452.2353,688.0034,570.1194,0.025,0.8337,1.3559,719,24.520000000000003,236.2518000566424,452.3411,688.0034,570.1723,0.0,0.8881,1.3559,719,24.520000000000003,238.00268676073762,451.3627,688.8512,570.107,0.0083,0.4677,1.3233,719,24.520000000000003,238.01387938341526,451.338,688.8512,570.0946,0.0,0.508,1.3233,719,24.520000000000003,236.3078325024715,452.2823,688.0034,570.1428,0.025,0.7773,1.3559,719,24.520000000000003
236.30029910985243,452.283,688.0018,570.1424,0.0167,0.905,1.3559,720,24.553333333333335,236.208688356814,452.3678,688.0018,570.1848,0.0,0.9545,1.3559,720,24.553333333333335,238.00372885792592,451.3627,688.8529,570.1078,0.0083,0.4736,1.3222,720,24.553333333333335,238.0149405538267,451.3379,688.8529,570.0954,0.0,0.5185,1.3222,720,24.553333333333335,236.18241408654035,452.401,688.0018,570.2014,0.0167,0.8774,1.3559,720,24.553333333333335
236.30255566041885,452.2828,688.0041,570.1434,0.0167,0.9055,1.3557,721,24.595000000000002,236.21095466796527,452.3675,688.0041,570.1858,0.0,0.9568,1.3557,721,24.595000000000002,238.00484476982894,451.3627,688.8543,570.1085,0.0083,0.4736,1.3217,721,24.595000000000002,238.01605646572972,451.3379,688.8543,570.0961,0.0,0.5185,1.3217,721,24.595000000000002,236.15143986565334,452.4217,688.0041,570.2129,0.0083,0.9711,1.3557,721,24.595000000000002
236.35323608599558,452.2827,688.087,570.1849,0.0167,0.9116,1.4622,722,24.621666666666673,236.26160445293073,452.3675,688.087,570.2272,0.0,0.9899,1.4622,722,24.621666666666673,238.0055331666959,451.362,688.8543,570.1081,0.0083,0.4731,1.3217,722,24.621666666666673,238.01675044856708,451.3372,688.8543,570.0957,0.0,0.5199,1.3217,722,24.621666666666673,236.2020930681353,452.4216,688.087,570.2543,0.0083,0.9729,1.4622,722,24.621666666666673
236.30480580881564,452.2814,688.0057,570.1435,0.0167,0.912,1.3574,723,24.653333333333336,236.2131429970254,452.3662,688.0057,570.1859,0.0,0.9903,1.3574,723,24.653333333333336,238.01019089138927,451.3614,688.8612,570.1113,0.0083,0.473,1.3176,723,24.653333333333336,238.021407532071,451.3366,688.8612,570.0989,0.0,0.5215,1.3176,723,24.653333333333336,236.15366547879154,452.4203,688.0057,570.213,0.0083,0.9603,1.3574,723,24.653333333333336
236.2763102927886,452.3089,688.0567,570.1828,0.0333,0.848,1.568,724,24.700000000000003,236.0421634142752,452.5627,688.0567,570.3097,0.0083,1.1946,1.568,724,24.700000000000003,237.89918008553732,451.3482,688.6819,570.015,0.0167,0.5085,1.3928,724,24.700000000000003,238.03069420445456,451.3246,688.8654,570.095,0.0,0.5654,1.3256,724,24.700000000000003,236.27979276849865,452.3333,688.0567,570.195,0.0167,0.9783,1.568,724,24.700000000000003
236.27594869260653,452.3079,688.0528,570.1804,0.0333,0.8487,1.5718,725,24.720000000000002,236.04198438955072,452.5617,688.0528,570.3072,0.0083,1.1711,1.5718,725,24.720000000000002,237.89928302264644,451.3484,688.6807,570.0146,0.0167,0.5084,1.3975,725,24.720000000000002,238.03081545412567,451.3248,688.8643,570.0946,0.0,0.5655,1.326,725,24.720000000000002,236.39291956409906,452.2057,688.0528,570.1292,0.0417,0.6648,1.5718,725,24.720000000000002
236.27035396822072,452.3185,688.0643,570.1914,0.0333,0.824,1.5619,726,24.753333333333334,236.0367580903128,452.5719,688.0643,570.3181,0.0083,1.1663,1.5619,726,24.753333333333334,237.89976599196487,451.3488,688.6809,570.0148,0.0167,0.5081,1.3988,726,24.753333333333334,238.03126778009494,451.3252,688.8645,570.0949,0.0,0.5322,1.3441,726,24.753333333333334,236.2726218184271,452.3442,688.0643,570.2042,0.0167,0.9912,1.5619,726,24.753333333333334
236.4289121748509,452.2017,688.0593,570.1305,0.0417,0.8649,1.5638,727,24.8,236.0545635518066,452.556,688.0593,570.3076,0.0083,1.144,1.5638,727,24.8,237.89817695278455,451.3487,688.6796,570.0142,0.0167,0.5074,1.4071,727,24.8,238.02968770074702,451.3253,688.8633,570.0943,0.0,0.5602,1.3555,727,24.8,236.35598880631994,452.2712,688.0593,570.1652,0.025,0.9589,1.5638,727,24.8
236.2847007197502,452.3044,688.0567,570.1806,0.0333,0.7712,1.5114,728,24.82,236.05009006230915,452.5585,688.0567,570.3076,0.0083,1.1359,1.5114,728,24.82,237.90981604933245,451.3475,688.695,570.0212,0.0167,0.5112,1.3993,728,24.82,238.04107916080025,451.3238,688.8782,570.101,0.0,0.5566,1.345,728,24.82,236.35210476937456,452.2733,688.0567,570.165,0.025,0.8598,1.5114,728,24.82
236.26977725221838,452.3122,688.0558,570.184,0.0333,0.8017,1.5099,729,24.853333333333335,236.03590026597456,452.5662,688.0558,570.311,0.0083,1.1528,1.5099,729,24.853333333333335,237.9108077272863,451.3488,688.6999,570.0244,0.0167,0.5129,1.3724,729,24.853333333333335,238.0419361372141,451.3252,688.8829,570.1041,0.0,0.5597,1.3429,729,24.853333333333335,236.3135776154944,452.2896,688.0558,570.1727,0.0333,0.7728,1.5099,729,24.853333333333335
236.37595920871212,452.228,688.0548,570.1414,0.05,0.7435,1.5108,730,24.900000000000002,236.03329492386192,452.5681,688.0548,570.3115,0.0083,1.1501,1.5108,730,24.900000000000002,237.90926645674367,451.349,688.6981,570.0235,0.0167,0.5094,1.3753,730,24.900000000000002,238.04053115003757,451.3252,688.8811,570.1032,0.0,0.5525,1.3438,730,24.900000000000002,236.31091942079212,452.2915,688.0548,570.1732,0.0333,0.7473,1.5108,730,24.900000000000002
236.34882006061693,452.246,688.0562,570.1511,0.0417,0.7426,1.5671,731,24.92,236.04758443351983,452.5578,688.0562,570.307,0.0083,1.1608,1.5671,731,24.92,237.89966165154044,451.3476,688.6807,570.0142,0.0167,0.5086,1.3975,731,24.92,238.03129676847368,451.3238,688.8643,570.094,0.0,0.5491,1.326,731,24.92,236.40057244463856,452.2001,688.0562,570.1281,0.0417,0.712,1.5671,731,24.92
236.38611400638553,452.2205,688.0549,570.1377,0.05,0.7307,1.5119,732,24.955000000000005,236.04280207334048,452.5611,688.0549,570.308,0.0083,1.1991,1.5119,732,24.955000000000005,237.90580181180573,451.3482,688.6906,570.0194,0.0167,0.5088,1.3874,732,24.955000000000005,238.03722564514044,451.3244,688.8739,570.0991,0.0,0.5548,1.3476,732,24.955000000000005,236.29972706073806,452.3057,688.0549,570.1803,0.025,0.759,1.5119,732,24.955000000000005
236.33573843403843,452.2517,688.0466,570.1492,0.0417,0.7328,1.5595,733,24.988333333333333,236.0351362589526,452.5634,688.0466,570.305,0.0083,1.2106,1.5595,733,24.988333333333333,237.90507859518675,451.3486,688.6924,570.0205,0.0167,0.5092,1.417,733,24.988333333333333,238.03638928751266,451.3248,688.8755,570.1001,0.0,0.5622,1.3482,733,24.988333333333333,236.29311025591483,452.3073,688.0466,570.1769,0.025,0.8647,1.5595,733,24.988333333333333
236.34222291330124,452.3066,688.0999,570.2033,0.0333,0.9297,1.4208,734,25.023333333333333,235.78423747943643,452.8382,688.0999,570.469,0.0,1.1953,1.4208,734,25.023333333333333,237.8465191306424,451.4089,688.717,570.0629,0.0417,0.4397,1.4011,734,25.023333333333333,237.95707678103966,451.4101,688.8994,570.1547,0.0,0.5373,1.3638,734,25.023333333333333,236.34222291330124,452.3066,688.0999,570.2033,0.0333,0.9297,1.4208,734,25.023333333333333
236.37621930651187,452.2827,688.1012,570.192,0.0333,0.9765,1.3855,735,25.05666666666667,235.81531997388265,452.8168,688.1012,570.459,0.0,1.2055,1.3855,735,25.05666666666667,237.843841417605,451.4117,688.7167,570.0642,0.0417,0.4409,1.4035,735,25.05666666666667,237.95459544173468,451.4127,688.8991,570.1559,0.0,0.5391,1.3653,735,25.05666666666667,236.37621930651187,452.2827,688.1012,570.192,0.0333,0.9765,1.3855,735,25.05666666666667
236.38390918676504,452.2849,688.1135,570.1992,0.025,0.9669,1.3213,736,25.09,236.01733245776035,452.627,688.1135,570.3703,0.0,1.0727,1.3213,736,25.09,237.91953803200536,451.3567,688.7318,570.0442,0.0417,0.433,1.3677,736,25.09,237.96821786354607,451.4106,688.9151,570.1629,0.0,0.5341,1.3513,736,25.09,236.38390918676504,452.2849,688.1135,570.1992,0.025,0.9669,1.3213,736,25.09
236.41369038704136,452.2557,688.0936,570.1747,0.0333,0.8912,1.3241,737,25.123333333333335,236.0081938927842,452.625,688.0936,570.3593,0.0,1.0749,1.3241,737,25.123333333333335,237.92595148221255,451.3524,688.7257,570.0391,0.0333,0.4519,1.3792,737,25.123333333333335,237.96625683766354,451.4105,688.9092,570.1599,0.0,0.5519,1.3561,737,25.123333333333335,236.41369038704136,452.2557,688.0936,570.1747,0.0333,0.8912,1.3241,737,25.123333333333335
236.4271922168139,452.2531,688.1031,570.1781,0.0333,0.9682,1.3385,738,25.15666666666667,236.02106670204097,452.6228,688.1031,570.363,0.0,1.0836,1.3385,738,25.15666666666667,237.92681008799477,451.3538,688.7285,570.0412,0.0333,0.4519,1.3642,738,25.15666666666667,237.96713098748717,451.4117,688.912,570.1619,0.0,0.5472,1.3549,738,25.15666666666667,236.4271922168139,452.2531,688.1031,570.1781,0.0333,0.9682,1.3385,738,25.15666666666667
236.3857114029277,452.2792,688.0981,570.1887,0.0333,0.9994,1.3395,739,25.188333333333336,235.82409111970912,452.8139,688.0981,570.456,0.0,1.2916,1.3395,739,25.188333333333336,237.92339656184708,451.3547,688.7288,570.0418,0.0333,0.4584,1.3737,739,25.188333333333336,237.96349648361522,451.4129,688.9123,570.1626,0.0,0.548,1.3585,739,25.188333333333336,236.3857114029277,452.2792,688.0981,570.1887,0.0333,0.9994,1.3395,739,25.188333333333336
236.39113776442454,452.2781,688.1059,570.192,0.0333,0.9634,1.3417,740,25.220000000000002,235.82976294724563,452.8125,688.1059,570.4592,0.0,1.29,1.3417,740,25.220000000000002,237.91819513980505,451.3551,688.7292,570.0422,0.0417,0.4503,1.3757,740,25.220000000000002,237.96676006766597,451.4094,688.9127,570.161,0.0,0.5474,1.357,740,25.220000000000002,236.39113776442454,452.2781,688.1059,570.192,0.0333,0.9634,1.3417,740,25.220000000000002
236.38132649570866,452.2809,688.0996,570.1903,0.0333,0.9619,1.3279,741,25.253333333333334,235.82053795925782,452.8148,688.0996,570.4572,0.0,1.281,1.3279,741,25.253333333333334,237.92211162413602,451.3547,688.7352,570.0449,0.0417,0.4469,1.3825,741,25.253333333333334,237.9706147087423,451.4089,688.9186,570.1637,0.0,0.5592,1.3511,741,25.253333333333334,236.38132649570866,452.2809,688.0996,570.1903,0.0333,0.9619,1.3279,741,25.253333333333334
236.44840169653912,452.2361,688.1026,570.1694,0.0417,0.8753,1.3271,742,25.28666666666667,235.84759865424718,452.7996,688.1026,570.4511,0.0,1.1808,1.3271,742,25.28666666666667,237.9299197029755,451.352,688.7352,570.0436,0.0333,0.4514,1.3823,742,25.28666666666667,237.9699910408882,451.4102,688.9186,570.1644,0.0,0.5469,1.3516,742,25.28666666666667,236.44840169653912,452.2361,688.1026,570.1694,0.0417,0.8753,1.3271,742,25.28666666666667
236.43775940011233,452.2407,688.0934,570.167,0.0417,0.8584,1.3092,743,25.32166666666667,235.83730301779664,452.8037,688.0934,570.4485,0.0,1.1771,1.3092,743,25.32166666666667,237.9270580927469,451.3519,688.7313,570.0416,0.0333,0.4513,1.4083,743,25.32166666666667,237.96717103541627,451.4101,688.9147,570.1624,0.0,0.5563,1.3553,743,25.32166666666667,236.43775940011233,452.2407,688.0934,570.167,0.0417,0.8584,1.3092,743,25.32166666666667
236.1962980035093,452.4178,688.0731,570.2454,0.025,0.8601,1.3563,744,25.355,235.73741282000148,452.8448,688.0731,570.459,0.0,1.2003,1.3563,744,25.355,237.9018794680118,451.3976,688.755,570.0763,0.0333,0.476,1.4005,744,25.355,237.9333792260191,451.4607,688.9283,570.1945,0.0,0.6135,1.3369,744,25.355,236.18993342480888,452.4242,688.0731,570.2487,0.0333,0.9006,1.3563,744,25.355
236.27414044211483,452.3363,688.0742,570.2052,0.025,0.7973,1.3548,745,25.388333333333335,235.89146601092412,452.7105,688.0742,570.3923,0.0,1.0342,1.3548,745,25.388333333333335,237.90444260808036,451.3961,688.7548,570.0754,0.0333,0.4888,1.4008,745,25.388333333333335,237.93589639632157,451.4593,688.928,570.1937,0.0,0.6202,1.3369,745,25.388333333333335,236.20226054597953,452.4136,688.0742,570.2439,0.025,0.8201,1.3548,745,25.388333333333335
236.27412879682277,452.3364,688.0741,570.2052,0.025,0.811,1.3578,746,25.421666666666667,235.89153014680858,452.7106,688.0741,570.3923,0.0,1.0346,1.3578,746,25.421666666666667,237.85793675302543,451.4194,688.7547,570.0871,0.025,0.5616,1.4028,746,25.421666666666667,237.93945751165256,451.4572,688.928,570.1926,0.0,0.6216,1.3393,746,25.421666666666667,236.2022375976556,452.4138,688.0741,570.2439,0.025,0.937,1.3578,746,25.421666666666667
236.20694780748144,452.4063,688.0668,570.2365,0.0167,0.8915,1.3962,747,25.455000000000005,235.88981221954083,452.7096,688.0668,570.3882,0.0,1.0469,1.3962,747,25.455000000000005,237.87946209397106,451.3974,688.7523,570.0748,0.025,0.506,1.3789,747,25.455000000000005,237.93969439041496,451.4604,688.9298,570.1951,0.0,0.6371,1.3297,747,25.455000000000005,236.19712298532576,452.4162,688.0668,570.2415,0.025,0.9465,1.3962,747,25.455000000000005
236.09003565351682,452.5487,688.1413,570.345,0.025,1.107,1.4417,748,25.486666666666668,235.6462139956394,452.9657,688.1413,570.5535,0.0,1.469,1.4417,748,25.486666666666668,237.89097339050824,451.4273,688.7794,570.1034,0.025,0.4288,1.4101,748,25.486666666666668,237.95301916222795,451.4643,688.9513,570.2078,0.0,0.6141,1.2697,748,25.486666666666668,236.15661807258988,452.4812,688.1413,570.3113,0.0333,1.0567,1.4417,748,25.486666666666668
236.14278322823523,452.506,688.1399,570.3229,0.025,1.0756,1.4419,749,25.533333333333335,235.6941718128816,452.9247,688.1399,570.5323,0.0,1.3032,1.4419,749,25.533333333333335,237.88932392314658,451.4267,688.7757,570.1012,0.025,0.4436,1.4179,749,25.533333333333335,237.9513912149301,451.4637,688.9476,570.2057,0.0,0.606,1.2808,749,25.533333333333335,236.20835970133598,452.4396,688.1399,570.2897,0.0333,1.0514,1.4419,749,25.533333333333335
236.09710527078025,452.5327,688.1354,570.334,0.025,1.0266,1.4436,750,25.553333333333335,235.6496578946994,452.9536,688.1354,570.5445,0.0,1.3774,1.4436,750,25.553333333333335,237.88734742864082,451.4273,688.7735,570.1004,0.025,0.4435,1.4214,750,25.553333333333335,237.9477741878064,451.4642,688.9429,570.2035,0.0,0.6057,1.2801,750,25.553333333333335,236.1634498304896,452.4655,688.1354,570.3004,0.0333,1.0174,1.4436,750,25.553333333333335
236.10868494946132,452.5294,688.1325,570.331,0.025,1.0174,1.441,751,25.588333333333335,235.66095798462464,452.9504,688.1325,570.5414,0.0,1.3961,1.441,751,25.588333333333335,237.8887253689314,451.4269,688.7737,570.1003,0.025,0.4435,1.4183,751,25.588333333333335,237.94915334364651,451.4639,688.9431,570.2035,0.0,0.6059,1.29,751,25.588333333333335,236.17547551209026,452.4618,688.1325,570.2971,0.0333,0.9731,1.441,751,25.588333333333335
236.15103225181878,452.5023,688.1364,570.3193,0.025,1.0033,1.4385,752,25.62,235.7022162958723,452.9212,688.1364,570.5288,0.0,1.3007,1.4385,752,25.62,237.86750833609042,451.4279,688.7745,570.1012,0.025,0.5498,1.4175,752,25.62,237.9471216860009,451.4651,688.9439,570.2045,0.0,0.5994,1.2889,752,25.62,236.21691950718014,452.4356,688.1364,570.286,0.0333,0.9245,1.4385,752,25.62
236.14519190611625,452.5077,688.1364,570.3221,0.025,1.0271,1.4384,753,25.653333333333336,235.69671577686105,452.9264,688.1364,570.5314,0.0,1.2999,1.4384,753,25.653333333333336,237.86750833609042,451.4279,688.7745,570.1012,0.025,0.5498,1.4175,753,25.653333333333336,237.9471216860009,451.4651,688.9439,570.2045,0.0,0.5994,1.2889,753,25.653333333333336,236.2104882803793,452.4416,688.1364,570.289,0.0333,0.9814,1.4384,753,25.653333333333336
236.32732667059545,452.3411,688.0991,570.2201,0.0333,0.8655,1.4626,754,25.688333333333336,235.9616267136494,452.6771,688.0991,570.3881,0.0083,1.1124,1.4626,754,25.688333333333336,237.91549239975916,451.366,688.7346,570.0503,0.025,0.5429,1.4299,754,25.688333333333336,237.97244990038223,451.4289,688.9088,570.1689,0.0,0.5951,1.3961,754,25.688333333333336,236.3452113496221,452.3274,688.0991,570.2133,0.025,0.8967,1.4626,754,25.688333333333336
236.38781682370617,452.3002,688.1086,570.2044,0.0333,0.8209,1.4731,755,25.721666666666668,236.01798966876834,452.639,688.1086,570.3738,0.0083,1.1024,1.4731,755,25.721666666666668,237.91410550006512,451.3681,688.7368,570.0525,0.025,0.5526,1.4248,755,25.721666666666668,237.97108755539944,451.431,688.911,570.171,0.0,0.5911,1.3901,755,25.721666666666668,236.4030964609669,452.2885,688.1086,570.1985,0.025,0.8258,1.4731,755,25.721666666666668
236.34756371652378,452.328,688.1123,570.2202,0.025,0.8753,1.5061,756,25.753333333333334,236.02136952840658,452.639,688.1123,570.3757,0.0083,1.129,1.5061,756,25.753333333333334,237.91353151130735,451.3717,688.7434,570.0575,0.025,0.5351,1.4787,756,25.753333333333334,237.97101086532288,451.4342,688.9174,570.1758,0.0,0.6159,1.4289,756,25.753333333333334,236.40664343013262,452.2886,688.1123,570.2005,0.025,0.85,1.5061,756,25.753333333333334
236.3496743297115,452.2979,688.1076,570.2027,0.0333,0.8304,1.4829,757,25.788333333333334,235.9605799003571,452.677,688.1076,570.3923,0.0083,1.1027,1.4829,757,25.788333333333334,237.9069023797079,451.393,688.7339,570.0634,0.025,0.472,1.444,757,25.788333333333334,237.97071911899724,451.4303,688.9081,570.1692,0.0,0.5843,1.3992,757,25.788333333333334,236.3440923000374,452.3275,688.1076,570.2175,0.025,0.8912,1.4829,757,25.788333333333334
236.3259030630868,452.3399,688.1025,570.2212,0.0333,0.8448,1.496,758,25.823333333333334,235.96004425488522,452.6759,688.1025,570.3892,0.0083,1.0522,1.496,758,25.823333333333334,237.9071705072082,451.392,688.7339,570.0629,0.025,0.4719,1.4411,758,25.823333333333334,237.97096210141206,451.4293,688.9082,570.1688,0.0,0.5851,1.3894,758,25.823333333333334,236.34387881806717,452.3261,688.1025,570.2143,0.025,0.8316,1.496,758,25.823333333333334
236.38209556527283,452.2995,688.0956,570.1975,0.0333,0.8471,1.4888,759,25.853333333333335,236.01179378464266,452.6386,688.0956,570.3671,0.0083,1.1352,1.4888,759,25.853333333333335,237.91607150924222,451.3673,688.7371,570.0522,0.025,0.5486,1.4235,759,25.853333333333335,237.97298928780745,451.4302,688.9113,570.1707,0.0,0.5846,1.3891,759,25.853333333333335,236.39673610000455,452.2883,688.0956,570.1919,0.025,0.8307,1.4888,759,25.853333333333335
236.39131357803117,452.2964,688.1022,570.1993,0.0333,0.8409,1.4598,760,25.886666666666667,236.02064762297212,452.6359,688.1022,570.369,0.0083,1.1101,1.4598,760,25.886666666666667,237.9157610345913,451.3666,688.7362,570.0514,0.025,0.545,1.4277,760,25.886666666666667,237.97270830725193,451.4295,688.9103,570.1699,0.0,0.5963,1.3935,760,25.886666666666667,236.4058303418957,452.2853,688.1022,570.1937,0.025,0.832,1.4598,760,25.886666666666667
236.3284727696169,452.3413,688.1018,570.2216,0.0333,0.8541,1.4744,761,25.92666666666667,235.96274163207414,452.6773,688.1018,570.3895,0.0083,1.062,1.4744,761,25.92666666666667,237.91473871268732,451.3681,688.7347,570.0514,0.025,0.5453,1.4311,761,25.92666666666667,237.97170461995904,451.4309,688.9089,570.1699,0.0,0.5944,1.3985,761,25.92666666666667,236.34680416432064,452.3273,688.1018,570.2145,0.025,0.8723,1.4744,761,25.92666666666667
236.38871004225507,452.2977,688.1047,570.2012,0.0417,0.8469,1.4639,762,25.953333333333337,235.94953082634768,452.7202,688.1047,570.4124,0.0083,1.0574,1.4639,762,25.953333333333337,237.91540373588248,451.3664,688.7313,570.0488,0.025,0.5589,1.4386,762,25.953333333333337,237.9723482501019,451.4292,688.9056,570.1674,0.0,0.5921,1.4065,762,25.953333333333337,236.40397084078964,452.286,688.1047,570.1953,0.0333,0.8498,1.4639,762,25.953333333333337
236.34512418145076,452.299,688.0982,570.1986,0.0333,0.8368,1.4634,763,25.988333333333333,235.95571404419124,452.6784,688.0982,570.3883,0.0083,1.0742,1.4634,763,25.988333333333333,237.91399284825448,451.3676,688.7313,570.0495,0.025,0.5631,1.4386,763,25.988333333333333,237.9709777250989,451.4305,688.9056,570.168,0.0,0.593,1.4065,763,25.988333333333333,236.33988103067898,452.3283,688.0982,570.2132,0.025,0.8989,1.4634,763,25.988333333333333
236.3503564595113,452.317,688.1036,570.2103,0.05,0.8301,1.4645,764,26.033333333333335,235.73059354793463,452.9138,688.1036,570.5087,0.0083,1.0785,1.4645,764,26.033333333333335,237.9562992081797,451.3852,688.7764,570.0808,0.05,0.3819,1.3056,764,26.033333333333335,238.0615753502384,451.3808,688.9663,570.1735,0.0,0.458,1.1717,764,26.033333333333335,236.36713992085024,452.304,688.1036,570.2038,0.0417,0.8274,1.4645,764,26.033333333333335
236.3674414334895,452.3078,688.1146,570.2112,0.05,0.8413,1.4517,765,26.053333333333335,235.74783294768918,452.9045,688.1146,570.5095,0.0083,1.1079,1.4517,765,26.053333333333335,237.9522746724588,451.375,688.774,570.0745,0.025,0.4757,1.3123,765,26.053333333333335,238.0610351028866,451.3741,688.9628,570.1685,0.0,0.5354,1.2045,765,26.053333333333335,236.3838063552333,452.2952,688.1146,570.2049,0.0417,0.8453,1.4517,765,26.053333333333335
236.37185528992794,452.3102,688.1271,570.2186,0.05,0.8058,1.4917,766,26.08666666666667,235.75065332216118,452.9085,688.1271,570.5178,0.0083,1.12,1.4917,766,26.08666666666667,237.95177714963236,451.375,688.7752,570.0751,0.025,0.4756,1.3458,766,26.08666666666667,238.06052948050953,451.3741,688.964,570.1691,0.0,0.5358,1.2432,766,26.08666666666667,236.38737967777024,452.2982,688.1271,570.2127,0.0417,0.8474,1.4917,766,26.08666666666667
236.1504073859841,452.4805,688.1075,570.294,0.0417,0.8967,1.456,767,26.133333333333336,235.6652148422744,452.967,688.1075,570.5373,0.0083,1.2472,1.456,767,26.133333333333336,237.98623514832352,451.3483,688.7777,570.063,0.0333,0.4491,1.3088,767,26.133333333333336,238.06671889561682,451.3711,688.9665,570.1688,0.0,0.5356,1.2329,767,26.133333333333336,236.17452261153267,452.462,688.1075,570.2848,0.0333,0.9451,1.456,767,26.133333333333336
236.17590221016778,452.4587,688.1099,570.2843,0.0333,0.9633,1.4543,768,26.155,235.69257565564965,452.9438,688.1099,570.5269,0.0,1.229,1.4543,768,26.155,237.9930754365502,451.3461,688.7814,570.0638,0.0333,0.4382,1.3151,768,26.155,238.0731551445301,451.3694,688.9701,570.1698,0.0,0.5288,1.2319,768,26.155,236.17590221016778,452.4587,688.1099,570.2843,0.0333,0.9633,1.4543,768,26.155
236.12964412489097,452.4928,688.1142,570.3035,0.05,0.8988,1.4609,769,26.19,235.67836933961178,452.9564,688.1142,570.5353,0.0083,1.1696,1.4609,769,26.19,237.9532318417325,451.3785,688.7807,570.0796,0.0333,0.4782,1.3392,769,26.19,237.99550662572304,451.4458,688.9693,570.2076,0.0,0.5493,1.2816,769,26.19,236.15521002680327,452.4733,688.1142,570.2938,0.0417,0.9136,1.4609,769,26.19
236.1253512593176,452.4917,688.1064,570.299,0.05,0.8865,1.4472,770,26.236666666666668,235.67403417794327,452.9554,688.1064,570.5309,0.0083,1.1707,1.4472,770,26.236666666666668,237.95495704942294,451.379,688.7841,570.0815,0.0333,0.4486,1.3337,770,26.236666666666668,237.99706917308276,451.4464,688.9726,570.2095,0.0,0.5478,1.3007,770,26.236666666666668,236.18237706339133,452.4511,688.1064,570.2788,0.0333,0.8869,1.4472,770,26.236666666666668
236.36992250105703,452.2992,688.1108,570.205,0.05,0.8296,1.4384,771,26.256666666666668,235.74869619861317,452.8975,688.1108,570.5042,0.0083,1.0525,1.4384,771,26.256666666666668,237.95968027977906,451.372,688.7843,570.0782,0.025,0.4732,1.3258,771,26.256666666666668,238.0682484306965,451.371,688.9729,570.1719,0.0,0.5354,1.2938,771,26.256666666666668,236.38513590919587,452.2875,688.1108,570.1991,0.0417,0.8675,1.4384,771,26.256666666666668
236.37137106543008,452.3,688.1104,570.2052,0.05,0.8347,1.4524,772,26.290000000000003,235.7502229780869,452.8983,688.1104,570.5043,0.0083,1.021,1.4524,772,26.290000000000003,237.95474423547708,451.3747,688.7788,570.0767,0.025,0.4835,1.3383,772,26.290000000000003,238.06349814893284,451.3735,688.9675,570.1705,0.0,0.5349,1.296,772,26.290000000000003,236.3866265569332,452.2883,688.1104,570.1993,0.0417,0.8676,1.4524,772,26.290000000000003
236.36782812869953,452.3003,688.1061,570.2032,0.05,0.8394,1.4456,773,26.333333333333336,235.74675243287777,452.8984,688.1061,570.5023,0.0083,1.0766,1.4456,773,26.333333333333336,237.95474423547708,451.3747,688.7788,570.0767,0.025,0.4835,1.3383,773,26.333333333333336,238.06349814893284,451.3735,688.9675,570.1705,0.0,0.5349,1.296,773,26.333333333333336,236.38302438357678,452.2886,688.1061,570.1974,0.0417,0.8615,1.4456,773,26.333333333333336
236.42957567479198,452.2661,688.1096,570.1879,0.0417,0.8228,1.4103,774,26.355,235.97037447374174,452.6659,688.1096,570.3877,0.0,1.1524,1.4103,774,26.355,237.90266305287997,451.4093,688.7055,570.0574,0.0167,0.5134,1.3493,774,26.355,238.03775640928097,451.374,688.8865,570.1303,0.0,0.5765,1.2226,774,26.355,236.22672398889287,452.4145,688.1096,570.2621,0.0333,1.0459,1.4103,774,26.355
236.50937481759456,452.183,688.1036,570.1433,0.0417,0.7898,1.3688,775,26.388333333333335,236.02077426718097,452.6275,688.1036,570.3655,0.0,1.166,1.3688,775,26.388333333333335,237.90786517935337,451.4069,688.7091,570.058,0.0167,0.5183,1.3489,775,26.388333333333335,238.04286535332756,451.3717,688.89,570.1308,0.0,0.568,1.2217,775,26.388333333333335,236.38258131294597,452.3069,688.1036,570.2053,0.0417,0.8821,1.3688,775,26.388333333333335
236.45667337732175,452.2405,688.0954,570.168,0.0333,0.8964,1.357,776,26.421666666666667,236.16367326765402,452.491,688.0954,570.2932,0.0,1.0219,1.357,776,26.421666666666667,237.9008715871732,451.4133,688.7006,570.0569,0.0167,0.5123,1.3477,776,26.421666666666667,238.0375321223964,451.3781,688.884,570.131,0.0,0.5512,1.2054,776,26.421666666666667,236.375079357266,452.302,688.0954,570.1987,0.0333,0.8179,1.357,776,26.421666666666667
236.4136389501114,452.2897,688.0977,570.1937,0.05,0.7982,1.3628,777,26.453333333333337,235.79914184031145,452.8509,688.0977,570.4743,0.0,1.003,1.3628,777,26.453333333333337,237.92998479889343,451.3976,688.7392,570.0684,0.0167,0.5417,1.2918,777,26.453333333333337,238.06595969059623,451.3638,688.9226,570.1432,0.0,0.6049,1.2053,777,26.453333333333337,236.4136389501114,452.2897,688.0977,570.1937,0.05,0.7982,1.3628,777,26.453333333333337
236.42781274822607,452.2826,688.1133,570.1979,0.05,0.7707,1.3526,778,26.486666666666668,235.8118971274715,452.845,688.1133,570.4791,0.0,1.0406,1.3526,778,26.486666666666668,237.93136743940713,451.3976,688.7439,570.0707,0.0167,0.5413,1.2922,778,26.486666666666668,238.0674927676728,451.3634,688.9272,570.1453,0.0,0.6077,1.2084,778,26.486666666666668,236.42781274822607,452.2826,688.1133,570.1979,0.05,0.7707,1.3526,778,26.486666666666668
236.43311670512927,452.2783,688.1141,570.1962,0.05,0.7685,1.3524,779,26.53166666666667,235.81720457314086,452.8406,688.1141,570.4773,0.0,1.0373,1.3524,779,26.53166666666667,237.93251966829868,451.3974,688.7453,570.0713,0.0167,0.5412,1.292,779,26.53166666666667,238.0686233203805,451.3632,688.9286,570.1459,0.0,0.6076,1.2087,779,26.53166666666667,236.43311670512927,452.2783,688.1141,570.1962,0.05,0.7685,1.3524,779,26.53166666666667
236.4229889928599,452.2817,688.117,570.1994,0.05,0.7772,1.3511,780,26.553333333333335,235.80726218705928,452.8434,688.117,570.4802,0.0,1.039,1.3511,780,26.553333333333335,237.9331383265817,451.397,688.7448,570.0709,0.0167,0.5412,1.2922,780,26.553333333333335,238.06926001709192,451.3627,688.9281,570.1454,0.0,0.6067,1.2088,780,26.553333333333335,236.4229889928599,452.2817,688.117,570.1994,0.05,0.7772,1.3511,780,26.553333333333335
236.4242972331485,452.2843,688.1225,570.2034,0.05,0.7806,1.3504,781,26.588333333333335,235.80826418954925,452.8462,688.1225,570.4843,0.0,1.0087,1.3504,781,26.588333333333335,237.9354673321917,451.3953,688.7438,570.0696,0.0167,0.541,1.291,781,26.588333333333335,238.07182307099467,451.3606,688.9272,570.1439,0.0,0.6065,1.2093,781,26.588333333333335,236.4242972331485,452.2843,688.1225,570.2034,0.05,0.7806,1.3504,781,26.588333333333335
236.42105329427181,452.28,688.1128,570.1964,0.05,0.7688,1.3403,782,26.62,235.8040124424245,452.8426,688.1128,570.4777,0.0,1.037,1.3403,782,26.62,237.93422616028502,451.397,688.7429,570.0699,0.0167,0.5408,1.2934,782,26.62,238.07056643129619,451.3623,688.9262,570.1443,0.0,0.6097,1.2082,782,26.62,236.42105329427181,452.28,688.1128,570.1964,0.05,0.7688,1.3403,782,26.62
236.42210343600257,452.281,688.102,570.1915,0.05,0.766,1.345,783,26.653333333333336,235.80721887618873,452.8425,688.102,570.4723,0.0,1.0336,1.345,783,26.653333333333336,237.93332790666358,451.3963,688.7404,570.0683,0.0167,0.5409,1.2938,783,26.653333333333336,238.06971913303587,451.3617,688.9238,570.1427,0.0,0.6089,1.2081,783,26.653333333333336,236.42210343600257,452.281,688.102,570.1915,0.05,0.766,1.345,783,26.653333333333336
236.3914930926322,452.4152,688.3895,570.4023,0.0167,1.0329,1.3312,784,26.69166666666667,236.01592024765742,452.7901,688.3895,570.5898,0.0,0.9263,1.3312,784,26.69166666666667,237.88740280980582,451.4169,688.7718,570.0943,0.0167,0.453,1.3964,784,26.69166666666667,238.01652371153273,451.383,688.9441,570.1636,0.0,0.5215,1.28,784,26.69166666666667,236.3914930926322,452.4152,688.3895,570.4023,0.0167,1.0329,1.3312,784,26.69166666666667
236.274915536605,452.4701,688.2579,570.364,0.025,0.9879,1.4076,785,26.720000000000002,235.77368688154402,452.9594,688.2579,570.6086,0.0,0.9696,1.4076,785,26.720000000000002,237.88540037887353,451.4177,688.7659,570.0918,0.0167,0.4427,1.3835,785,26.720000000000002,238.01464324858418,451.3839,688.9384,570.1611,0.0,0.5224,1.2963,785,26.720000000000002,236.274915536605,452.4701,688.2579,570.364,0.025,0.9879,1.4076,785,26.720000000000002
236.35095878277573,452.3928,688.2593,570.326,0.0333,0.9136,1.408,786,26.753333333333334,235.7837235060363,452.9529,688.2593,570.6061,0.0,0.9603,1.408,786,26.753333333333334,237.9124797239341,451.3948,688.7639,570.0793,0.025,0.436,1.29,786,26.753333333333334,238.01779905609973,451.381,688.937,570.159,0.0,0.5328,1.2865,786,26.753333333333334,236.35095878277573,452.3928,688.2593,570.326,0.0333,0.9136,1.408,786,26.753333333333334
236.41811230043052,452.3381,688.2596,570.2989,0.0417,0.8993,1.4079,787,26.788333333333334,235.81313643283437,452.9226,688.2596,570.5911,0.0,0.9483,1.4079,787,26.788333333333334,237.91310837090256,451.3939,688.7641,570.079,0.025,0.4382,1.289,787,26.788333333333334,238.01836254212347,451.3802,688.9373,570.1588,0.0,0.5273,1.2864,787,26.788333333333334,236.41811230043052,452.3381,688.2596,570.2989,0.0417,0.8993,1.4079,787,26.788333333333334
236.35571511898758,452.4059,688.2604,570.3332,0.0333,0.9481,1.4168,788,26.82,235.81555403146737,452.9203,688.2604,570.5904,0.0,0.9628,1.4168,788,26.82,237.92085365044625,451.3895,688.7678,570.0787,0.025,0.4437,1.2835,788,26.82,238.02689958498073,451.3761,688.9428,570.1595,0.0,0.5226,1.29,788,26.82,236.35571511898758,452.4059,688.2604,570.3332,0.0333,0.9481,1.4168,788,26.82
236.35671724302873,452.4048,688.2582,570.3315,0.0333,0.9462,1.3794,789,26.853333333333335,235.81679294881283,452.9189,688.2582,570.5886,0.0,0.9802,1.3794,789,26.853333333333335,237.89787185671904,451.4098,688.7729,570.0913,0.0167,0.4628,1.3326,789,26.853333333333335,238.0297271965858,451.3762,688.9498,570.163,0.0,0.5276,1.2701,789,26.853333333333335,236.35671724302873,452.4048,688.2582,570.3315,0.0333,0.9462,1.3794,789,26.853333333333335
236.35162644566577,452.4108,688.2604,570.3356,0.0333,0.9602,1.4165,790,26.886666666666667,235.81265326835822,452.9241,688.2604,570.5922,0.0,0.9141,1.4165,790,26.886666666666667,237.91889683334054,451.3917,688.773,570.0824,0.025,0.457,1.2737,790,26.886666666666667,238.02483140270738,451.3785,688.9478,570.1632,0.0,0.5392,1.2786,790,26.886666666666667,236.35162644566577,452.4108,688.2604,570.3356,0.0333,0.9602,1.4165,790,26.886666666666667
236.35063015882145,452.4111,688.2609,570.336,0.0333,0.9522,1.4153,791,26.92,235.81166522193888,452.9245,688.2609,570.5927,0.0,0.8815,1.4153,791,26.92,237.89117471989246,451.413,688.7711,570.092,0.0167,0.4518,1.2465,791,26.92,238.02184079571683,451.3794,688.946,570.1627,0.0,0.5399,1.2794,791,26.92,236.35063015882145,452.4111,688.2609,570.336,0.0333,0.9522,1.4153,791,26.92
236.3401181208984,452.4194,688.2546,570.337,0.0333,0.9468,1.417,792,26.953333333333337,235.8008162862471,452.933,688.2546,570.5938,0.0,0.9621,1.417,792,26.953333333333337,237.90481366876446,451.4061,688.77,570.088,0.025,0.4563,1.2463,792,26.953333333333337,238.01122774794086,451.3919,688.9449,570.1684,0.0,0.5851,1.2819,792,26.953333333333337,236.3401181208984,452.4194,688.2546,570.337,0.0333,0.9468,1.417,792,26.953333333333337
236.36966979580723,452.3852,688.2526,570.3189,0.0417,0.9336,1.4082,793,26.988333333333337,235.7703868634058,452.9639,688.2526,570.6083,0.0,1.0362,1.4082,793,26.988333333333337,237.90300124408924,451.4044,688.7638,570.0841,0.025,0.4479,1.2851,793,26.988333333333337,238.00826213046142,451.3901,688.937,570.1635,0.0,0.5784,1.2894,793,26.988333333333337,236.36966979580723,452.3852,688.2526,570.3189,0.0417,0.9336,1.4082,793,26.988333333333337
236.2024661302552,452.4617,688.1257,570.2937,0.0333,0.9635,1.4615,794,27.02166666666667,235.89721229276793,452.763,688.1257,570.4444,0.0083,1.0604,1.4615,794,27.02166666666667,237.93751704488847,451.3996,688.787,570.0933,0.025,0.4462,1.4556,794,27.02166666666667,238.03948025336345,451.3875,688.9612,570.1743,0.0,0.6149,1.3085,794,27.02166666666667,236.18451328275512,452.486,688.1257,570.3058,0.0333,0.9935,1.4615,794,27.02166666666667
236.1291089916906,452.5234,688.1166,570.32,0.0333,1.0235,1.4626,795,27.053333333333335,235.75047985122868,452.8923,688.1166,570.5045,0.0083,1.0976,1.4626,795,27.053333333333335,237.93292121286058,451.3991,688.7771,570.0881,0.025,0.4465,1.4787,795,27.053333333333335,238.03504604225392,451.387,688.9516,570.1693,0.0,0.6153,1.3625,795,27.053333333333335,236.13234476369098,452.5191,688.1166,570.3179,0.0333,0.9118,1.4626,795,27.053333333333335
236.11536020303737,452.5333,688.1137,570.3235,0.0333,0.9582,1.4626,796,27.08666666666667,235.73761771243196,452.9013,688.1137,570.5075,0.0083,1.0977,1.4626,796,27.08666666666667,237.92457623617963,451.4044,688.7743,570.0893,0.025,0.4639,1.4785,796,27.08666666666667,238.02691521234658,451.3921,688.9489,570.1705,0.0,0.5803,1.389,796,27.08666666666667,236.1198175536327,452.5277,688.1137,570.3207,0.0333,0.887,1.4626,796,27.08666666666667
236.17036470450566,452.526,688.1822,570.3541,0.0333,0.9976,1.5002,797,27.12,235.79388833063632,452.8926,688.1822,570.5374,0.0083,1.131,1.5002,797,27.12,237.86483161337043,451.4519,688.7699,570.1109,0.025,0.4631,1.4776,797,27.12,238.02587399913494,451.3907,688.9446,570.1677,0.0,0.5807,1.3992,797,27.12,236.17172343527167,452.5216,688.1822,570.3519,0.0333,0.9824,1.5002,797,27.12
236.05285026792507,452.6023,688.1297,570.366,0.0333,0.9766,1.4687,798,27.155,235.75753406434868,452.8954,688.1297,570.5125,0.0083,1.0993,1.4687,798,27.155,237.86688758856042,451.4547,688.7748,570.1148,0.025,0.4459,1.4774,798,27.155,238.02864460908123,451.392,688.9494,570.1707,0.0,0.5802,1.391,798,27.155,236.13751390776477,452.5227,688.1297,570.3262,0.0333,0.9168,1.4687,798,27.155
236.13102232829624,452.518,688.1089,570.3134,0.0333,1.0146,1.4841,799,27.186666666666667,235.75192925603986,452.8873,688.1089,570.4981,0.0083,1.0909,1.4841,799,27.186666666666667,237.93411075732487,451.399,688.7769,570.0879,0.025,0.4466,1.477,799,27.186666666666667,238.03622103743263,451.3869,688.9513,570.1691,0.0,0.6154,1.3655,799,27.186666666666667,236.13463228583092,452.5133,688.1089,570.3111,0.0333,0.8926,1.4841,799,27.186666666666667
236.03934976351286,452.5949,688.0955,570.3452,0.0333,0.9549,1.5411,800,27.221666666666668,235.7432592517239,452.8885,688.0955,570.492,0.0083,1.08,1.5411,800,27.221666666666668,237.9289204910826,451.405,688.7766,570.0908,0.025,0.482,1.476,800,27.221666666666668,238.031341519667,451.3928,688.9514,570.1721,0.0,0.5894,1.3673,800,27.221666666666668,236.1230519136157,452.5161,688.0955,570.3058,0.0333,0.8973,1.5411,800,27.221666666666668
236.18148833487,452.4873,688.1043,570.2958,0.0417,1.0237,1.5421,801,27.258333333333336,235.6224656922073,453.0378,688.1043,570.5711,0.0083,1.089,1.5421,801,27.258333333333336,237.905688048682,451.4234,688.7778,570.1006,0.0167,0.4426,1.4798,801,27.258333333333336,238.03717007535278,451.3871,688.9526,570.1698,0.0,0.6377,1.3926,801,27.258333333333336,236.1861413203631,452.4831,688.1043,570.2937,0.0417,1.0583,1.5421,801,27.258333333333336
236.03362323356424,452.5994,688.095,570.3472,0.0417,1.0141,1.5152,802,27.288333333333334,235.55302359151733,453.0775,688.095,570.5862,0.0083,1.2829,1.5152,802,27.288333333333334,237.90536701214054,451.4236,688.7789,570.1013,0.0167,0.4428,1.4796,802,27.288333333333334,238.0368185847827,451.3873,688.9536,570.1704,0.0,0.6278,1.3926,802,27.288333333333334,236.11998852539915,452.5179,688.095,570.3064,0.0417,0.9261,1.5152,802,27.288333333333334
236.03435800987822,452.5997,688.0973,570.3485,0.0417,0.9961,1.5329,803,27.32166666666667,235.5527022887988,453.079,688.0973,570.5882,0.0083,1.2881,1.5329,803,27.32166666666667,237.90676082662696,451.4225,688.7781,570.1003,0.0167,0.4437,1.478,803,27.32166666666667,238.0380420223996,451.3862,688.9526,570.1694,0.0,0.6255,1.3953,803,27.32166666666667,236.1208222591095,452.5182,688.0973,570.3078,0.0417,0.9354,1.5329,803,27.32166666666667
236.42166469957817,452.2964,688.1278,570.2121,0.0417,0.8564,1.4202,804,27.366666666666667,235.995945921922,452.6856,688.1278,570.4067,0.0083,1.1516,1.4202,804,27.366666666666667,237.8899462995739,451.4232,688.794,570.1086,0.0333,0.4409,1.3516,804,27.366666666666667,238.00507517099797,451.4024,688.9694,570.1859,0.0,0.542,1.2385,804,27.366666666666667,236.36515241772724,452.3467,688.1278,570.2372,0.0333,0.9097,1.4202,804,27.366666666666667
236.4238012401741,452.2948,688.1261,570.2104,0.0417,0.8257,1.4204,805,27.39166666666667,235.99820105113452,452.6845,688.1261,570.4053,0.0083,1.1116,1.4204,805,27.39166666666667,237.88843314867697,451.4241,688.7928,570.1084,0.0333,0.4379,1.3541,805,27.39166666666667,238.0032994635292,451.4036,688.9681,570.1858,0.0,0.5605,1.2395,805,27.39166666666667,236.42412850326772,452.2965,688.1261,570.2113,0.0417,0.7775,1.4204,805,27.39166666666667
236.43079914006046,452.286,688.1625,570.2243,0.0333,0.9165,1.3937,806,27.423333333333336,236.0400974625461,452.6663,688.1625,570.4144,0.0083,1.1405,1.3937,806,27.423333333333336,237.86321961860034,451.4612,688.7894,570.1253,0.05,0.3902,1.3547,806,27.423333333333336,238.0022380578719,451.4005,688.9625,570.1815,0.0,0.4977,1.2482,806,27.423333333333336,236.4730502070529,452.2717,688.1625,570.2171,0.0417,0.9085,1.3937,806,27.423333333333336
236.34910888475346,452.3312,688.16,570.2456,0.0417,0.8088,1.4151,807,27.465000000000003,235.98027370125945,452.7037,688.16,570.4319,0.0083,1.2023,1.4151,807,27.465000000000003,237.8669496885113,451.4559,688.7907,570.1233,0.05,0.3881,1.3441,807,27.465000000000003,238.00524142158096,451.396,688.9638,570.1799,0.0,0.531,1.2508,807,27.465000000000003,236.31709013657866,452.3867,688.16,570.2734,0.025,0.9816,1.4151,807,27.465000000000003
236.37121162266465,452.3252,688.1593,570.2423,0.0333,0.8604,1.4165,808,27.486666666666668,235.9800108360941,452.7061,688.1593,570.4327,0.0083,1.2473,1.4165,808,27.486666666666668,237.8675513698489,451.4544,688.7894,570.1219,0.05,0.3886,1.3431,808,27.486666666666668,238.00508201749008,451.3954,688.9625,570.179,0.0,0.5313,1.2525,808,27.486666666666668,236.39483028180194,452.3373,688.1593,570.2483,0.0417,0.877,1.4165,808,27.486666666666668
236.36689696886458,452.3278,688.1602,570.244,0.0333,0.8569,1.4157,809,27.53166666666667,235.97560714264722,452.7088,688.1602,570.4345,0.0083,1.2081,1.4157,809,27.53166666666667,237.86754796697,451.4546,688.7899,570.1222,0.05,0.3885,1.3424,809,27.53166666666667,238.00510746458792,451.3956,688.963,570.1793,0.0,0.5302,1.2525,809,27.53166666666667,236.31212450233477,452.3921,688.1602,570.2762,0.025,0.9668,1.4157,809,27.53166666666667
236.35343999341114,452.3301,688.1611,570.2456,0.0417,0.846,1.4171,810,27.565,235.98451834993813,452.7026,688.1611,570.4318,0.0083,1.2153,1.4171,810,27.565,237.86829220871067,451.454,688.7896,570.1218,0.05,0.3882,1.3419,810,27.565,238.00621597241252,451.3955,688.964,570.1797,0.0,0.5234,1.2531,810,27.565,236.32131648816744,452.3854,688.1611,570.2733,0.025,0.9973,1.4171,810,27.565
236.38041373334065,452.3181,688.1635,570.2408,0.0333,0.858,1.4209,811,27.588333333333335,235.98831573716967,452.6999,688.1635,570.4317,0.0083,1.2465,1.4209,811,27.588333333333335,237.86796583537262,451.4535,688.788,570.1208,0.05,0.3889,1.3436,811,27.588333333333335,238.00762335030754,451.3942,688.9637,570.179,0.0,0.5211,1.2538,811,27.588333333333335,236.4697714188855,452.2604,688.1635,570.212,0.05,0.9131,1.4209,811,27.588333333333335
236.37987052216386,452.3183,688.1636,570.241,0.0333,0.8591,1.4206,812,27.62,235.98769430747373,452.7002,688.1636,570.4319,0.0083,1.2518,1.4206,812,27.62,237.86794858250235,451.4535,688.788,570.1208,0.05,0.3889,1.3437,812,27.62,238.0076040518165,451.3942,688.9637,570.179,0.0,0.5212,1.2536,812,27.62,236.3918942624321,452.3103,688.1636,570.237,0.0333,0.8877,1.4206,812,27.62
236.38170668978776,452.3168,688.1636,570.2402,0.0333,0.852,1.4207,813,27.663333333333334,235.9894336011132,452.6987,688.1636,570.4312,0.0083,1.2514,1.4207,813,27.663333333333334,237.86794858250235,451.4535,688.788,570.1208,0.05,0.3889,1.3437,813,27.663333333333334,238.0076040518165,451.3942,688.9637,570.179,0.0,0.5212,1.2536,813,27.663333333333334,236.42903368915586,452.2873,688.1636,570.2255,0.0417,0.956,1.4207,813,27.663333333333334
236.56037165620748,452.1657,688.1256,570.1457,0.0417,0.712,1.4995,814,27.688333333333336,236.07955610354398,452.6114,688.1256,570.3685,0.0,0.8836,1.4995,814,27.688333333333336,237.8857353996226,451.4261,688.7775,570.1018,0.0333,0.515,1.3808,814,27.688333333333336,238.07012039138633,451.356,688.968,570.162,0.0,0.5858,1.3218,814,27.688333333333336,236.56037165620748,452.1657,688.1256,570.1457,0.0417,0.712,1.4995,814,27.688333333333336
236.4136478913515,452.2691,688.0577,570.1634,0.0417,0.8755,1.4863,815,27.720000000000002,235.81395989604022,452.8331,688.0577,570.4454,0.0,1.0284,1.4863,815,27.720000000000002,237.9264414942296,451.3991,688.7899,570.0945,0.025,0.5108,1.3607,815,27.720000000000002,238.07892883708175,451.3567,688.9803,570.1685,0.0,0.6041,1.3121,815,27.720000000000002,236.4136478913515,452.2691,688.0577,570.1634,0.0417,0.8755,1.4863,815,27.720000000000002
236.36233730817284,452.3085,688.0607,570.1846,0.0333,0.8401,1.4804,816,27.765,235.8100923126863,452.8348,688.0607,570.4477,0.0,1.0276,1.4804,816,27.765,237.9279296309675,451.3986,688.79,570.0943,0.025,0.5106,1.3627,816,27.765,238.08042506764565,451.3561,688.9805,570.1683,0.0,0.6039,1.3127,816,27.765,236.36233730817284,452.3085,688.0607,570.1846,0.0333,0.8401,1.4804,816,27.765
236.36487905572866,452.3063,688.0588,570.1825,0.0333,0.828,1.5206,817,27.788333333333334,235.81146221219646,452.8336,688.0588,570.4462,0.0,0.9979,1.5206,817,27.788333333333334,237.8898233363224,451.4288,688.7843,570.1065,0.0333,0.5182,1.374,817,27.788333333333334,238.0749846158033,451.3584,688.9749,570.1667,0.0,0.5849,1.3031,817,27.788333333333334,236.36487905572866,452.3063,688.0588,570.1825,0.0333,0.828,1.5206,817,27.788333333333334
236.45593055343517,452.2029,688.0563,570.1296,0.05,0.8525,1.5218,818,27.82,235.82863417251227,452.8229,688.0563,570.4396,0.0083,0.9633,1.5218,818,27.82,237.88788843060559,451.4277,688.779,570.1033,0.0333,0.5172,1.3743,818,27.82,238.07293252290333,451.3578,688.9698,570.1638,0.0,0.5856,1.2591,818,27.82,236.44668626914978,452.2467,688.0563,570.1515,0.0417,0.7407,1.5218,818,27.82
236.45209182428982,452.243,688.0575,570.1502,0.0417,0.7961,1.5234,819,27.853333333333335,235.8447752498031,452.8106,688.0575,570.4341,0.0,0.9945,1.5234,819,27.853333333333335,237.9037885368388,451.4244,688.7791,570.1017,0.0333,0.4611,1.3731,819,27.853333333333335,238.06848284570577,451.3611,688.9698,570.1655,0.0,0.583,1.2591,819,27.853333333333335,236.45209182428982,452.243,688.0575,570.1502,0.0417,0.7961,1.5234,819,27.853333333333335
236.46709484976526,452.2136,688.0585,570.1361,0.0417,0.8555,1.5232,820,27.886666666666667,235.84608679741075,452.8115,688.0585,570.435,0.0,0.9768,1.5232,820,27.886666666666667,237.90520649831768,451.4242,688.7811,570.1027,0.0333,0.461,1.3695,820,27.886666666666667,238.06986336958002,451.361,688.9719,570.1664,0.0,0.5775,1.2584,820,27.886666666666667,236.46709484976526,452.2136,688.0585,570.1361,0.0417,0.8555,1.5232,820,27.886666666666667
236.3619750117968,452.3124,688.0592,570.1858,0.0333,0.92,1.5203,821,27.92,235.8079645870478,452.8403,688.0592,570.4497,0.0,1.0267,1.5203,821,27.92,237.90314496275224,451.4258,688.7812,570.1035,0.0333,0.4627,1.3692,821,27.92,238.0678285886056,451.3626,688.9719,570.1673,0.0,0.5762,1.2584,821,27.92,236.3619750117968,452.3124,688.0592,570.1858,0.0333,0.92,1.5203,821,27.92
236.3641394040352,452.3094,688.0591,570.1842,0.0333,0.9111,1.5242,822,27.953333333333337,235.80977175549717,452.8376,688.0591,570.4484,0.0,1.028,1.5242,822,27.953333333333337,237.90365075922847,451.4251,688.7812,570.1032,0.0333,0.4627,1.3692,822,27.953333333333337,238.06828990130256,451.3619,688.9719,570.1669,0.0,0.5758,1.2584,822,27.953333333333337,236.3641394040352,452.3094,688.0591,570.1842,0.0333,0.9111,1.5242,822,27.953333333333337
236.36471030826394,452.3097,688.0602,570.185,0.0333,0.9135,1.5228,823,27.988333333333337,235.81034603709747,452.838,688.0602,570.4491,0.0,1.028,1.5228,823,27.988333333333337,237.90535137831623,451.4238,688.7812,570.1025,0.0333,0.4593,1.3692,823,27.988333333333337,238.0699845825449,451.3606,688.9719,570.1663,0.0,0.5768,1.2584,823,27.988333333333337,236.36471030826394,452.3097,688.0602,570.185,0.0333,0.9135,1.5228,823,27.988333333333337
236.3888956792902,452.3201,688.1317,570.2259,0.025,0.8044,1.3903,824,28.02166666666667,236.15070569321634,452.5642,688.1317,570.3479,0.0,0.9857,1.3903,824,28.02166666666667,237.92205817251104,451.4337,688.8153,570.1245,0.0167,0.577,1.3946,824,28.02166666666667,238.04994764174282,451.4013,688.9874,570.1943,0.0,0.6062,1.267,824,28.02166666666667,236.4492107227934,452.2984,688.1317,570.215,0.0417,0.8063,1.3903,824,28.02166666666667
236.4023748534669,452.3442,688.132,570.2381,0.025,0.8921,1.3916,825,28.053333333333335,236.15221712493508,452.5648,688.132,570.3484,0.0,1.002,1.3916,825,28.053333333333335,237.9227141767478,451.4333,688.8153,570.1243,0.0167,0.5662,1.3969,825,28.053333333333335,238.05056242949223,451.401,688.9873,570.1941,0.0,0.5972,1.2705,825,28.053333333333335,236.45042653560733,452.2989,688.132,570.2155,0.0417,0.8189,1.3916,825,28.053333333333335
236.39568239383186,452.3174,688.1185,570.2179,0.025,0.8137,1.3651,826,28.08666666666667,236.15751513249393,452.5616,688.1185,570.34,0.0,0.9772,1.3651,826,28.08666666666667,237.93111853454113,451.4296,688.8199,570.1247,0.0167,0.5773,1.4321,826,28.08666666666667,238.06010603559452,451.3973,688.9936,570.1954,0.0,0.5858,1.2914,826,28.08666666666667,236.4233934987922,452.2893,688.1185,570.2039,0.0333,0.7602,1.3651,826,28.08666666666667
236.445258813368,452.2752,688.1157,570.1955,0.0333,0.847,1.3267,827,28.12,236.1521998626275,452.5731,688.1157,570.3444,0.0083,0.9865,1.3267,827,28.12,237.92531840930732,451.4342,688.8224,570.1283,0.0167,0.5657,1.3887,827,28.12,238.05300971548422,451.4019,688.9942,570.198,0.0,0.5878,1.2637,827,28.12,236.45786504353106,452.3017,688.1157,570.2087,0.0417,0.846,1.3267,827,28.12
236.40404610066653,452.32,688.1179,570.2189,0.025,0.7851,1.3323,828,28.153333333333336,236.1661405119614,452.5638,688.1179,570.3408,0.0,0.9963,1.3323,828,28.153333333333336,237.92307980844598,451.4349,688.8205,570.1277,0.0167,0.5773,1.3889,828,28.153333333333336,238.05084853032653,451.4025,688.9924,570.1974,0.0,0.6072,1.2636,828,28.153333333333336,236.46969162591972,452.2618,688.1179,570.1898,0.0333,0.7019,1.3323,828,28.153333333333336
236.4002628336827,452.3254,688.1161,570.2208,0.025,0.8666,1.3625,829,28.188333333333336,236.15033752183106,452.5753,688.1161,570.3457,0.0083,1.0098,1.3625,829,28.188333333333336,237.9243575150803,451.4335,688.8216,570.1276,0.0167,0.5842,1.3841,829,28.188333333333336,238.05209260341152,451.4012,688.9934,570.1973,0.0,0.5963,1.2622,829,28.188333333333336,236.464833371529,452.2643,688.1161,570.1902,0.0333,0.7135,1.3625,829,28.188333333333336
236.40699862769443,452.3206,688.116,570.2183,0.025,0.8646,1.3679,830,28.221666666666668,236.1568854219261,452.5707,688.116,570.3433,0.0083,1.0114,1.3679,830,28.221666666666668,237.92619010788712,451.4325,688.8213,570.1269,0.0167,0.5822,1.3934,830,28.221666666666668,238.05370580261953,451.4006,688.9931,570.1969,0.0,0.5868,1.2638,830,28.221666666666668,236.47290787733556,452.2581,688.116,570.187,0.0333,0.7298,1.3679,830,28.221666666666668
236.40749956273203,452.3183,688.1146,570.2164,0.025,0.8286,1.3571,831,28.253333333333334,236.1572167703456,452.5685,688.1146,570.3416,0.0083,1.0141,1.3571,831,28.253333333333334,237.9249978110023,451.4336,688.8227,570.1282,0.0167,0.5933,1.39,831,28.253333333333334,238.0524466992189,451.4018,688.9945,570.1981,0.0,0.5827,1.2624,831,28.253333333333334,236.4713704141616,452.2578,688.1146,570.1862,0.0333,0.7183,1.3571,831,28.253333333333334
236.45418417969034,452.2679,688.1163,570.1921,0.0333,0.8398,1.3621,832,28.28666666666667,236.1609000390838,452.566,688.1163,570.3412,0.0083,1.031,1.3621,832,28.28666666666667,237.92403174235187,451.4336,688.8222,570.1279,0.0167,0.5943,1.3878,832,28.28666666666667,238.05136229197888,451.4021,688.994,570.1981,0.0,0.5803,1.2616,832,28.28666666666667,236.47521753016355,452.2551,688.1163,570.1857,0.0333,0.7293,1.3621,832,28.28666666666667
236.45391055900174,452.268,688.1166,570.1923,0.0333,0.8409,1.3616,833,28.32,236.16056067666335,452.5662,688.1166,570.3414,0.0083,1.0306,1.3616,833,28.32,237.92403174235187,451.4336,688.8222,570.1279,0.0167,0.5943,1.3878,833,28.32,238.05136229197888,451.4021,688.994,570.1981,0.0,0.5803,1.2616,833,28.32,236.46791838951475,452.2939,688.1166,570.2053,0.0417,0.8399,1.3616,833,28.32
236.43445084003702,452.2797,688.1592,570.2194,0.05,0.6772,1.3757,834,28.355,235.9248939084814,452.7384,688.1592,570.4488,0.0,0.9634,1.3757,834,28.355,237.89717923709816,451.4629,688.7926,570.1278,0.0167,0.5066,1.3923,834,28.355,238.02846211497982,451.4445,688.9793,570.2119,0.0,0.5916,1.3252,834,28.355,236.43445084003702,452.2797,688.1592,570.2194,0.05,0.6772,1.3757,834,28.355
236.46608394455592,452.2809,688.2103,570.2456,0.0583,0.6993,1.3869,835,28.388333333333335,235.7639343251203,452.9372,688.2103,570.5737,0.0,1.0112,1.3869,835,28.388333333333335,237.89939720757033,451.4629,688.8012,570.132,0.0167,0.5149,1.4618,835,28.388333333333335,238.0340823686536,451.4402,688.9902,570.2152,0.0,0.5264,1.3462,835,28.388333333333335,236.46608394455592,452.2809,688.2103,570.2456,0.0583,0.6993,1.3869,835,28.388333333333335
236.46760406026758,452.2806,688.2161,570.2484,0.05,0.6643,1.4008,836,28.421666666666667,235.8037579534795,452.9116,688.2161,570.5638,0.0,0.9541,1.4008,836,28.421666666666667,237.90371276828142,451.4624,688.7998,570.1311,0.0167,0.5156,1.4133,836,28.421666666666667,238.03846193331344,451.4397,688.9889,570.2143,0.0,0.5265,1.3429,836,28.421666666666667,236.46760406026758,452.2806,688.2161,570.2484,0.05,0.6643,1.4008,836,28.421666666666667
236.4674330953222,452.2804,688.2144,570.2474,0.05,0.6725,1.3998,837,28.456666666666667,235.80448802591064,452.9105,688.2144,570.5624,0.0,0.9497,1.3998,837,28.456666666666667,237.90467887308833,451.4617,688.7998,570.1307,0.0167,0.4811,1.4126,837,28.456666666666667,238.03964688733407,451.4389,688.9892,570.214,0.0,0.5263,1.3428,837,28.456666666666667,236.4674330953222,452.2804,688.2144,570.2474,0.05,0.6725,1.3998,837,28.456666666666667
236.4651332931947,452.2824,688.2139,570.2481,0.05,0.6734,1.3946,838,28.490000000000002,235.8028006934743,452.912,688.2139,570.5629,0.0,0.9143,1.3946,838,28.490000000000002,237.90456234090598,451.4623,688.7991,570.1307,0.0167,0.4814,1.4128,838,28.490000000000002,238.03955494539355,451.4395,688.9886,570.214,0.0,0.5264,1.3431,838,28.490000000000002,236.4651332931947,452.2824,688.2139,570.2481,0.05,0.6734,1.3946,838,28.490000000000002
236.46237213688343,452.2851,688.2143,570.2497,0.05,0.6622,1.3941,839,28.533333333333335,235.79908028099416,452.9153,688.2143,570.5648,0.0,0.925,1.3941,839,28.533333333333335,237.9046363695233,451.4622,688.7991,570.1307,0.0167,0.4811,1.4128,839,28.533333333333335,238.03962960582885,451.4394,688.9886,570.214,0.0,0.5264,1.3431,839,28.533333333333335,236.46237213688343,452.2851,688.2143,570.2497,0.05,0.6622,1.3941,839,28.533333333333335
236.46286817643394,452.2843,688.2144,570.2493,0.05,0.666,1.401,840,28.55666666666667,235.79938423680073,452.9145,688.2144,570.5645,0.0,0.9245,1.401,840,28.55666666666667,237.90493220815645,451.4623,688.7984,570.1303,0.0167,0.4814,1.4125,840,28.55666666666667,238.03994697950702,451.4395,688.9878,570.2137,0.0,0.5264,1.3432,840,28.55666666666667,236.46286817643394,452.2843,688.2144,570.2493,0.05,0.666,1.401,840,28.55666666666667
236.46309068871557,452.2845,688.2153,570.2499,0.05,0.6643,1.4003,841,28.590000000000003,235.79954961593825,452.9148,688.2153,570.565,0.0,0.9254,1.4003,841,28.590000000000003,237.90468809508596,451.4623,688.798,570.1301,0.0167,0.4814,1.4123,841,28.590000000000003,238.03970706541367,451.4395,688.9875,570.2135,0.0,0.5264,1.3432,841,28.590000000000003,236.46309068871557,452.2845,688.2153,570.2499,0.05,0.6643,1.4003,841,28.590000000000003
236.46756305883545,452.2806,688.2153,570.248,0.05,0.6712,1.3995,842,28.62,235.80356540083915,452.9114,688.2153,570.5634,0.0,0.9558,1.3995,842,28.62,237.9042543708397,451.4623,688.7976,570.1299,0.0167,0.4814,1.4121,842,28.62,238.03927625101818,451.4395,688.9871,570.2133,0.0,0.5264,1.3432,842,28.62,236.46756305883545,452.2806,688.2153,570.248,0.05,0.6712,1.3995,842,28.62
236.46159392196847,452.2809,688.2054,570.2431,0.05,0.6666,1.3895,843,28.653333333333336,235.79747678494425,452.9117,688.2054,570.5585,0.0,0.9586,1.3895,843,28.653333333333336,237.90289495599725,451.4623,688.7968,570.1295,0.0167,0.4814,1.4117,843,28.653333333333336,238.03792032364998,451.4395,688.9863,570.2129,0.0,0.5264,1.343,843,28.653333333333336,236.46159392196847,452.2809,688.2054,570.2431,0.05,0.6666,1.3895,843,28.653333333333336
236.12601614797052,452.5721,688.2292,570.4006,0.025,1.046,1.4792,844,28.693333333333335,235.80296805331682,452.8824,688.2292,570.5558,0.0083,1.2365,1.4792,844,28.693333333333335,237.84443807632437,451.5035,688.8029,570.1532,0.0333,0.456,1.4262,844,28.693333333333335,238.01248458439414,451.4355,688.9717,570.2036,0.0,0.5545,1.4298,844,28.693333333333335,236.12624004281065,452.5623,688.2292,570.3957,0.025,0.9433,1.4792,844,28.693333333333335
236.12590411139195,452.5723,688.227,570.3997,0.025,1.0449,1.5037,845,28.721666666666668,235.8028019360433,452.8826,688.227,570.5548,0.0083,1.2405,1.5037,845,28.721666666666668,237.8389181931917,451.504,688.8103,570.1571,0.0333,0.4539,1.4317,845,28.721666666666668,238.00678956230385,451.436,688.9787,570.2074,0.0,0.5554,1.4295,845,28.721666666666668,236.12504123134067,452.5633,688.227,570.3951,0.025,0.944,1.5037,845,28.721666666666668
236.12218908387857,452.5719,688.2226,570.3972,0.025,1.0363,1.5079,846,28.753333333333334,235.79857443869696,452.8826,688.2226,570.5526,0.0083,1.2279,1.5079,846,28.753333333333334,237.83267234073435,451.5072,688.8082,570.1577,0.0333,0.4282,1.4318,846,28.753333333333334,238.00075083844385,451.4392,688.9767,570.2079,0.0,0.558,1.4294,846,28.753333333333334,236.12070873168645,452.5633,688.2226,570.393,0.025,0.9328,1.5079,846,28.753333333333334
236.12733578363296,452.5737,688.2313,570.4025,0.025,0.8667,1.4856,847,28.793333333333337,235.80271780087085,452.8853,688.2313,570.5583,0.0083,1.2296,1.4856,847,28.793333333333337,237.83704634548033,451.5126,688.8232,570.1679,0.0333,0.4247,1.4499,847,28.793333333333337,238.00323538300958,451.4459,688.9892,570.2175,0.0,0.5129,1.443,847,28.793333333333337,236.12539025067773,452.5655,688.2313,570.3984,0.025,0.8841,1.4856,847,28.793333333333337
236.12408611445377,452.5736,688.2305,570.402,0.025,0.8909,1.4956,848,28.82,235.80110481271356,452.884,688.2305,570.5572,0.0083,1.2539,1.4956,848,28.82,237.83762464728466,451.5073,688.816,570.1617,0.0333,0.4152,1.4308,848,28.82,238.00557712340603,451.4392,688.9843,570.2118,0.0,0.5579,1.4329,848,28.82,236.12384204789922,452.5642,688.2305,570.3973,0.025,0.9286,1.4956,848,28.82
236.1282223173961,452.573,688.2348,570.4039,0.025,0.9496,1.4951,849,28.853333333333335,235.80533722767774,452.8831,688.2348,570.5589,0.0083,1.2642,1.4951,849,28.853333333333335,237.84104328601822,451.5044,688.8153,570.1599,0.0333,0.4312,1.4314,849,28.853333333333335,238.00887527789737,451.4364,688.9836,570.21,0.0,0.5561,1.4313,849,28.853333333333335,236.12742887117577,452.5639,688.2348,570.3994,0.025,0.9463,1.4951,849,28.853333333333335
236.12477048365014,452.5755,688.2377,570.4066,0.025,0.9323,1.4903,850,28.895000000000003,235.8024681091496,452.8854,688.2377,570.5616,0.0083,1.2476,1.4903,850,28.895000000000003,237.8387641109415,451.5053,688.8146,570.16,0.0333,0.4536,1.4624,850,28.895000000000003,238.00255580502363,451.4388,688.9777,570.2083,0.0,0.5522,1.4266,850,28.895000000000003,236.1238547066353,452.5666,688.2377,570.4022,0.025,0.9575,1.4903,850,28.895000000000003
236.11908040399166,452.5775,688.2343,570.4059,0.025,0.9105,1.4677,851,28.92,235.7969616992178,452.8873,688.2343,570.5608,0.0083,1.2415,1.4677,851,28.92,237.8376580723157,451.5059,688.8146,570.1603,0.0333,0.4465,1.462,851,28.92,238.00143470709858,451.4395,688.9778,570.2086,0.0,0.5529,1.4277,851,28.92,236.11836673635213,452.5684,688.2343,570.4013,0.025,0.9169,1.4677,851,28.92
236.1217362311194,452.5779,688.2341,570.406,0.025,0.9108,1.4949,852,28.953333333333337,235.79960790790432,452.8876,688.2341,570.5609,0.0083,1.243,1.4949,852,28.953333333333337,237.8309284938348,451.5092,688.8133,570.1612,0.0417,0.4474,1.4627,852,28.953333333333337,237.99838346794226,451.441,688.9764,570.2087,0.0,0.5586,1.4445,852,28.953333333333337,236.12205982466537,452.5681,688.2341,570.4011,0.025,0.9214,1.4949,852,28.953333333333337
236.12603407989826,452.575,688.2372,570.4061,0.025,0.9331,1.4898,853,28.998333333333335,235.803210413801,452.8852,688.2372,570.5612,0.0083,1.1726,1.4898,853,28.998333333333335,237.8370874021923,451.5081,688.8174,570.1628,0.0333,0.4602,1.4615,853,28.998333333333335,238.00098223476863,451.4415,688.9805,570.211,0.0,0.5593,1.4472,853,28.998333333333335,236.1248671249658,452.5662,688.2372,570.4017,0.025,0.9384,1.4898,853,28.998333333333335
236.34502414596443,452.4291,688.3229,570.376,0.05,0.8689,1.4137,854,29.03166666666667,235.6806216781513,453.066,688.3229,570.6945,0.0,1.1004,1.4137,854,29.03166666666667,237.87109691530748,451.4937,688.8367,570.1652,0.0167,0.4534,1.3993,854,29.03166666666667,238.00640199055738,451.4661,689.0233,570.2447,0.0,0.5297,1.3277,854,29.03166666666667,236.34502414596443,452.4291,688.3229,570.376,0.05,0.8689,1.4137,854,29.03166666666667
236.3703729314192,452.407,688.3146,570.3608,0.05,0.8161,1.516,855,29.053333333333335,235.70207015864565,453.045,688.3146,570.6798,0.0,1.127,1.516,855,29.053333333333335,237.87026264240893,451.492,688.8325,570.1623,0.0167,0.4516,1.4391,855,29.053333333333335,238.00562707999867,451.4645,689.0192,570.2418,0.0,0.5297,1.3295,855,29.053333333333335,236.3703729314192,452.407,688.3146,570.3608,0.05,0.8161,1.516,855,29.053333333333335
236.29771372077795,452.4607,688.3047,570.3827,0.05,0.9223,1.5283,856,29.096666666666668,235.68236711489067,453.055,688.3047,570.6799,0.0083,1.1282,1.5283,856,29.096666666666668,237.87178931622557,451.4934,688.8422,570.1678,0.0167,0.4407,1.4265,856,29.096666666666668,238.00760981948417,451.4659,689.0297,570.2478,0.0,0.5099,1.3226,856,29.096666666666668,236.3734653832926,452.3988,688.3047,570.3518,0.05,0.8295,1.5283,856,29.096666666666668
236.36396176448088,452.4079,688.3096,570.3588,0.0583,0.805,1.4999,857,29.12,235.68674960190478,453.0532,688.3096,570.6814,0.0083,1.1658,1.4999,857,29.12,237.87448132014376,451.4909,688.8431,570.167,0.0167,0.4392,1.4149,857,29.12,238.01030378727046,451.4634,689.0305,570.247,0.0,0.5082,1.3219,857,29.12,236.3781421251498,452.3969,688.3096,570.3533,0.05,0.8304,1.4999,857,29.12
236.35529985235456,452.4049,688.3023,570.3536,0.0583,0.8448,1.4921,858,29.153333333333336,235.74058684132984,453.0135,688.3023,570.6579,0.0083,1.0822,1.4921,858,29.153333333333336,237.87198270431026,451.4921,688.8401,570.1661,0.0167,0.4388,1.4177,858,29.153333333333336,238.0078408460259,451.4647,689.0276,570.2461,0.0,0.5037,1.3249,858,29.153333333333336,236.42455464052665,452.3638,688.3023,570.333,0.05,0.8152,1.4921,858,29.153333333333336
236.35766401736606,452.4114,688.3046,570.358,0.0583,0.813,1.4906,859,29.200000000000003,235.68195216933248,453.0555,688.3046,570.6801,0.0083,1.1063,1.4906,859,29.200000000000003,237.87436443058223,451.4889,688.8391,570.164,0.0167,0.4517,1.4293,859,29.200000000000003,238.01023119966365,451.4615,689.0267,570.2441,0.0,0.5023,1.3351,859,29.200000000000003,236.371988019473,452.4003,688.3046,570.3525,0.05,0.8318,1.4906,859,29.200000000000003
236.34475189750725,452.4234,688.3061,570.3648,0.0667,0.7984,1.4701,860,29.220000000000002,235.69238953918557,453.0582,688.3061,570.6821,0.0083,1.1202,1.4701,860,29.220000000000002,237.86761065563644,451.4982,688.8385,570.1683,0.0167,0.4705,1.4317,860,29.220000000000002,238.00361416736328,451.4705,689.0261,570.2483,0.0,0.5011,1.3353,860,29.220000000000002,236.4217036923284,452.3776,688.3061,570.3419,0.0583,0.8164,1.4701,860,29.220000000000002
236.34199815985482,452.4227,688.3026,570.3627,0.0667,0.7958,1.4794,861,29.253333333333334,235.691443024381,453.0559,688.3026,570.6793,0.0083,1.1151,1.4794,861,29.253333333333334,237.86868686799596,451.4971,688.8385,570.1678,0.0167,0.465,1.4317,861,29.253333333333334,238.00469747387658,451.4694,689.0261,570.2477,0.0,0.5,1.3353,861,29.253333333333334,236.41898926869487,452.3769,688.3026,570.3398,0.0583,0.8246,1.4794,861,29.253333333333334
236.3440594247465,452.4237,688.3069,570.3653,0.0667,0.7987,1.4765,862,29.28666666666667,235.69337760793377,453.0569,688.3069,570.6819,0.0083,1.1186,1.4765,862,29.28666666666667,237.86495580063084,451.5004,688.8385,570.1694,0.0167,0.4654,1.4317,862,29.28666666666667,238.00092914329008,451.4728,689.0261,570.2494,0.0,0.5027,1.3353,862,29.28666666666667,236.4210266471368,452.3779,688.3069,570.3424,0.0583,0.8251,1.4765,862,29.28666666666667
236.26278432979868,452.4975,688.3038,570.4006,0.05,0.8694,1.5082,863,29.32,235.651981589083,453.0894,688.3038,570.6966,0.0083,1.1731,1.5082,863,29.32,237.86676220994514,451.4989,688.8385,570.1687,0.0167,0.4633,1.4317,863,29.32,238.00275921864102,451.4713,689.0261,570.2487,0.0,0.5012,1.3353,863,29.32,236.33917503364628,452.4352,688.3038,570.3695,0.05,0.8316,1.5082,863,29.32
236.23696089386493,452.5308,688.2873,570.4091,0.0333,0.9864,1.4124,864,29.355,235.84111244053813,452.9208,688.2873,570.604,0.0083,1.2765,1.4124,864,29.355,237.95057404347352,451.4028,688.7841,570.0934,0.0333,0.4541,1.3719,864,29.355,238.0702765287456,451.3967,688.976,570.1864,0.0,0.4995,1.3321,864,29.355,236.15820865946014,452.5951,688.2873,570.4412,0.0333,0.8794,1.4124,864,29.355
236.16562976906073,452.5319,688.1944,570.3631,0.0333,1.0128,1.413,865,29.388333333333335,235.76389222043602,452.9287,688.1944,570.5615,0.0083,1.1557,1.413,865,29.388333333333335,237.94890229081687,451.4054,688.7863,570.0958,0.0333,0.4487,1.3954,865,29.388333333333335,238.06863640705052,451.3992,688.9782,570.1887,0.0,0.476,1.3291,865,29.388333333333335,236.16671773823,452.522,688.1944,570.3582,0.0333,0.9967,1.413,865,29.388333333333335
236.1678371932767,452.5312,688.2004,570.3658,0.0333,1.0132,1.416,866,29.42,235.76606336646597,452.9281,688.2004,570.5642,0.0083,1.1808,1.416,866,29.42,237.94704418265107,451.4072,688.7872,570.0972,0.0333,0.4452,1.3972,866,29.42,238.0668073390595,451.401,688.9791,570.19,0.0,0.4732,1.3273,866,29.42,236.1689164990026,452.5214,688.2004,570.3609,0.0333,0.9769,1.416,866,29.42
236.1156930733499,452.5686,688.1973,570.3829,0.0333,1.001,1.4131,867,29.453333333333337,235.71523355534717,452.9674,688.1973,570.5824,0.0083,1.1493,1.4131,867,29.453333333333337,237.95093860300082,451.4051,688.79,570.0976,0.0333,0.4637,1.3986,867,29.453333333333337,238.07058619333094,451.399,688.9819,570.1905,0.0,0.4774,1.3253,867,29.453333333333337,236.05231586463705,452.6283,688.1973,570.4128,0.025,0.9998,1.4131,867,29.453333333333337
236.11801413239698,452.5657,688.1968,570.3813,0.0333,1.0386,1.4132,868,29.486666666666668,235.71759524380388,452.9646,688.1968,570.5807,0.0083,1.1538,1.4132,868,29.486666666666668,237.95516502215756,451.4006,688.7882,570.0944,0.0333,0.4713,1.3963,868,29.486666666666668,238.0747233301401,451.3946,688.9801,570.1873,0.0,0.4694,1.3281,868,29.486666666666668,236.1190984221733,452.5557,688.1968,570.3763,0.0333,0.915,1.4132,868,29.486666666666668
236.12299111770662,452.5635,688.2006,570.382,0.0333,1.0143,1.4143,869,29.53166666666667,235.7224077875935,452.9625,688.2006,570.5816,0.0083,1.1532,1.4143,869,29.53166666666667,237.9533762038871,451.4012,688.7873,570.0943,0.0333,0.4717,1.3964,869,29.53166666666667,238.07297170161902,451.3952,688.9792,570.1872,0.0,0.4796,1.3279,869,29.53166666666667,236.12404797526355,452.5535,688.2006,570.377,0.0333,0.9146,1.4143,869,29.53166666666667
236.14131881393362,452.5408,688.2015,570.3712,0.0333,0.8847,1.4147,870,29.555000000000003,235.7392345060721,452.942,688.2015,570.5718,0.0083,1.1498,1.4147,870,29.555000000000003,237.95260355898628,451.4018,688.7881,570.095,0.0333,0.4699,1.3981,870,29.555000000000003,238.0722133829143,451.3958,688.98,570.1879,0.0,0.479,1.3259,870,29.555000000000003,236.1424031759206,452.5312,688.2015,570.3664,0.0333,0.8189,1.4147,870,29.555000000000003
236.1233353478509,452.5631,688.2017,570.3824,0.0333,1.0141,1.4158,871,29.590000000000003,235.72241851652205,452.9626,688.2017,570.5821,0.0083,1.1573,1.4158,871,29.590000000000003,237.95224001637402,451.4024,688.7875,570.095,0.0333,0.4693,1.3966,871,29.590000000000003,238.07185583230662,451.3964,688.9794,570.1879,0.0,0.4792,1.3277,871,29.590000000000003,236.12487962976576,452.5529,688.2017,570.3773,0.0333,0.9192,1.4158,871,29.590000000000003
236.1227401683858,452.5634,688.2015,570.3825,0.0333,1.0141,1.4147,872,29.623333333333335,235.72181636052179,452.9629,688.2015,570.5822,0.0083,1.1464,1.4147,872,29.623333333333335,237.9517848664715,451.4028,688.7874,570.0951,0.0333,0.4692,1.3964,872,29.623333333333335,238.07140849105843,451.3968,688.9793,570.1881,0.0,0.4795,1.3279,872,29.623333333333335,236.05912831034536,452.6234,688.2015,570.4124,0.025,0.9932,1.4147,872,29.623333333333335
236.12794489129067,452.557,688.1971,570.377,0.0333,1.0343,1.4482,873,29.65666666666667,235.72651827465754,452.9566,688.1971,570.5768,0.0083,1.2332,1.4482,873,29.65666666666667,237.9517848664715,451.4028,688.7874,570.0951,0.0333,0.4692,1.3964,873,29.65666666666667,238.07140849105843,451.3968,688.9793,570.1881,0.0,0.4795,1.3279,873,29.65666666666667,236.06357946836746,452.6174,688.1971,570.4073,0.025,1.0027,1.4482,873,29.65666666666667
236.34843184960872,452.4585,688.294,570.3763,0.025,1.0819,1.4793,874,29.69166666666667,235.99079182342467,452.7939,688.294,570.544,0.0,1.1156,1.4793,874,29.69166666666667,237.9136078286955,451.5007,688.8639,570.1823,0.025,0.4722,1.4583,874,29.69166666666667,238.0831220758859,451.4392,689.0525,570.2459,0.0,0.5188,1.2986,874,29.69166666666667,236.34843184960872,452.4585,688.294,570.3763,0.025,1.0819,1.4793,874,29.69166666666667
236.30234493741372,452.4839,688.2756,570.3797,0.0167,1.0784,1.5032,875,29.723333333333336,235.98068005358175,452.7957,688.2756,570.5356,0.0,1.0802,1.5032,875,29.723333333333336,237.91201641790656,451.4992,688.8607,570.18,0.025,0.4867,1.4591,875,29.723333333333336,238.08155647798014,451.4378,689.0493,570.2436,0.0,0.5189,1.3166,875,29.723333333333336,236.30234493741372,452.4839,688.2756,570.3797,0.0167,1.0784,1.5032,875,29.723333333333336
236.26286257437607,452.5288,688.2791,570.4039,0.025,1.1525,1.5123,876,29.753333333333334,235.9107407317358,452.86,688.2791,570.5695,0.0,1.1471,1.5123,876,29.753333333333334,237.90506372927808,451.5036,688.8603,570.1819,0.025,0.4886,1.4541,876,29.753333333333334,238.0751104468588,451.4418,689.049,570.2454,0.0,0.5344,1.3417,876,29.753333333333334,236.26286257437607,452.5288,688.2791,570.4039,0.025,1.1525,1.5123,876,29.753333333333334
236.27760363072707,452.5106,688.2722,570.3914,0.0167,1.1549,1.5092,877,29.788333333333334,235.95766218857952,452.8208,688.2722,570.5465,0.0,1.0999,1.5092,877,29.788333333333334,237.9134457704417,451.4981,688.8631,570.1806,0.025,0.4823,1.455,877,29.788333333333334,238.08234570869047,451.4373,689.0517,570.2445,0.0,0.5234,1.3134,877,29.788333333333334,236.27760363072707,452.5106,688.2722,570.3914,0.0167,1.1549,1.5092,877,29.788333333333334
236.27225460345622,452.5134,688.2733,570.3933,0.0167,1.1755,1.5151,878,29.82,235.95261714189593,452.8233,688.2733,570.5483,0.0,1.1664,1.5151,878,29.82,237.91165442873353,451.5017,688.8651,570.1834,0.025,0.487,1.4559,878,29.82,238.08062173736596,451.4408,689.0536,570.2472,0.0,0.5212,1.297,878,29.82,236.27225460345622,452.5134,688.2733,570.3933,0.0167,1.1755,1.5151,878,29.82
236.27288478027324,452.5136,688.2713,570.3925,0.0167,1.1684,1.5166,879,29.853333333333335,235.95480812096946,452.8221,688.2713,570.5467,0.0,1.1693,1.5166,879,29.853333333333335,237.91388851618885,451.501,688.8651,570.1831,0.025,0.4606,1.4573,879,29.853333333333335,238.0828323694814,451.4401,689.0536,570.2468,0.0,0.4856,1.2978,879,29.853333333333335,236.27288478027324,452.5136,688.2713,570.3925,0.0167,1.1684,1.5166,879,29.853333333333335
236.2791408259268,452.5101,688.2756,570.3928,0.0167,1.1621,1.514,880,29.88666666666667,235.96102003964316,452.8186,688.2756,570.5471,0.0,1.2222,1.514,880,29.88666666666667,237.91840457202568,451.4979,688.8671,570.1825,0.025,0.4532,1.4552,880,29.88666666666667,238.08722125756523,451.4371,689.0555,570.2463,0.0,0.5048,1.3183,880,29.88666666666667,236.2791408259268,452.5101,688.2756,570.3928,0.0167,1.1621,1.514,880,29.88666666666667
236.27976219551522,452.5115,688.2762,570.3939,0.0167,1.1636,1.5275,881,29.92,235.9616788779087,452.82,688.2762,570.5481,0.0,1.1869,1.5275,881,29.92,237.91787231079945,451.497,688.8641,570.1805,0.025,0.4575,1.4591,881,29.92,238.08670882112952,451.4361,689.0526,570.2444,0.0,0.5046,1.3245,881,29.92,236.27976219551522,452.5115,688.2762,570.3939,0.0167,1.1636,1.5275,881,29.92
236.26528806434106,452.5131,688.2581,570.3856,0.0167,1.1844,1.4947,882,29.953333333333337,235.94731267621003,452.8215,688.2581,570.5398,0.0,1.2067,1.4947,882,29.953333333333337,237.90655362025652,451.4978,688.8479,570.1729,0.025,0.4742,1.4146,882,29.953333333333337,238.07567959383783,451.4369,689.0369,570.2369,0.0,0.5047,1.3815,882,29.953333333333337,236.26528806434106,452.5131,688.2581,570.3856,0.0167,1.1844,1.4947,882,29.953333333333337
236.2685464130144,452.5093,688.2588,570.3841,0.0167,1.1869,1.4419,883,29.988333333333337,235.9502736759055,452.818,688.2588,570.5384,0.0,1.1902,1.4419,883,29.988333333333337,237.90824279919556,451.4982,688.8462,570.1722,0.025,0.4743,1.4207,883,29.988333333333337,238.0774405891615,451.4373,689.0353,570.2363,0.0,0.5047,1.4081,883,29.988333333333337,236.2685464130144,452.5093,688.2588,570.3841,0.0167,1.1869,1.4419,883,29.988333333333337
236.46749979719678,452.2469,688.207,570.2269,0.05,0.7457,1.5196,884,30.023333333333337,236.00775297282138,452.7242,688.207,570.4656,0.0083,1.1191,1.5196,884,30.023333333333337,237.9496507384691,451.4021,688.7867,570.0944,0.025,0.4097,1.4221,884,30.023333333333337,238.06231759581866,451.3895,688.9766,570.1831,0.0,0.5319,1.4182,884,30.023333333333337,236.46925397374523,452.3093,688.207,570.2582,0.0417,0.9199,1.5196,884,30.023333333333337
236.48036740459233,452.229,688.1961,570.2126,0.05,0.7393,1.5234,885,30.053333333333335,236.01873110582557,452.7082,688.1961,570.4522,0.0083,1.1196,1.5234,885,30.053333333333335,237.94070470467761,451.4149,688.7735,570.0942,0.0333,0.3258,1.4147,885,30.053333333333335,238.06214611394657,451.3827,688.9608,570.1718,0.0,0.5328,1.4383,885,30.053333333333335,236.4785597064331,452.2939,688.1961,570.245,0.0417,0.9023,1.5234,885,30.053333333333335
236.47426857571864,452.2337,688.1984,570.2161,0.05,0.7262,1.541,886,30.08666666666667,236.01167777614995,452.7142,688.1984,570.4563,0.0083,1.2397,1.541,886,30.08666666666667,237.88112010126756,451.4525,688.7735,570.113,0.0333,0.441,1.4139,886,30.08666666666667,238.06086054570113,451.3849,688.9608,570.1729,0.0,0.5279,1.4387,886,30.08666666666667,236.50142720431734,452.2867,688.1984,570.2425,0.05,0.8545,1.541,886,30.08666666666667
236.45216530214685,452.2815,688.2053,570.2434,0.0417,0.9534,1.5053,887,30.125000000000004,235.97290201615814,452.7642,688.2053,570.4847,0.0083,1.1238,1.5053,887,30.125000000000004,237.8945767544913,451.4606,688.7641,570.1123,0.025,0.4733,1.4892,887,30.125000000000004,238.00499921484422,451.4515,688.9522,570.2018,0.0,0.5131,1.488,887,30.125000000000004,236.35182826450702,452.3685,688.2053,570.2869,0.0417,0.7794,1.5053,887,30.125000000000004
236.36646351271892,452.3738,688.2049,570.2893,0.0417,0.9549,1.5278,888,30.155,235.89554136393406,452.8474,688.2049,570.5261,0.0083,1.1396,1.5278,888,30.155,237.7769016290594,451.5678,688.7637,570.1657,0.0333,0.4671,1.4921,888,30.155,237.9527193784633,451.5063,688.9525,570.2294,0.0,0.5216,1.4887,888,30.155,236.22396520706997,452.5168,688.2049,570.3609,0.025,0.9519,1.5278,888,30.155
236.361175524053,452.3817,688.1958,570.2887,0.0417,0.9567,1.5433,889,30.186666666666667,235.89013760394684,452.8554,688.1958,570.5256,0.0083,1.1003,1.5433,889,30.186666666666667,237.82677186597402,451.532,688.7642,570.1481,0.025,0.4278,1.5044,889,30.186666666666667,237.93813480362712,451.5213,688.9511,570.2362,0.0,0.4941,1.4901,889,30.186666666666667,236.21346551914866,452.5421,688.1958,570.369,0.0333,0.9219,1.5433,889,30.186666666666667
236.3606102874277,452.3812,688.1913,570.2863,0.0417,0.9459,1.5506,890,30.22666666666667,235.88969093793233,452.8551,688.1913,570.5232,0.0083,1.0916,1.5506,890,30.22666666666667,237.8255860590735,451.5326,688.7625,570.1475,0.025,0.4265,1.5085,890,30.22666666666667,237.93664909402943,451.5226,688.9494,570.236,0.0,0.4957,1.4904,890,30.22666666666667,236.2187199466675,452.524,688.1913,570.3576,0.025,0.9323,1.5506,890,30.22666666666667
236.37460555935664,452.3692,688.1948,570.282,0.0417,0.8949,1.549,891,30.253333333333334,235.90253265604247,452.8443,688.1948,570.5196,0.0083,1.1953,1.549,891,30.253333333333334,237.8469591334645,451.5126,688.7627,570.1377,0.025,0.4161,1.5082,891,30.253333333333334,237.95773358601195,451.5027,688.9497,570.2262,0.0,0.5314,1.4902,891,30.253333333333334,236.2874985059127,452.4633,688.1948,570.3291,0.0417,0.7699,1.549,891,30.253333333333334
236.37098558273615,452.3591,688.1746,570.2669,0.0417,0.9345,1.5333,892,30.28666666666667,235.8975420610067,452.8356,688.1746,570.5051,0.0083,1.1291,1.5333,892,30.28666666666667,237.85040057880187,451.5035,688.7597,570.1316,0.025,0.3998,1.5118,892,30.28666666666667,237.95993307745337,451.4942,688.9451,570.2197,0.0,0.4961,1.4827,892,30.28666666666667,236.2913227557306,452.4341,688.1746,570.3044,0.0333,0.8055,1.5333,892,30.28666666666667
236.49994621043203,452.2691,688.1662,570.2177,0.05,0.7871,1.4973,893,30.330000000000005,236.15823598290547,452.5525,688.1662,570.3593,0.0,1.0562,1.4973,893,30.330000000000005,237.84665861115815,451.5092,688.7578,570.1335,0.025,0.3877,1.536,893,30.330000000000005,237.95841884306537,451.5005,688.9457,570.2231,0.0,0.4848,1.4902,893,30.330000000000005,236.49994621043203,452.2691,688.1662,570.2177,0.05,0.7871,1.4973,893,30.330000000000005
236.4612031803544,452.3622,688.2095,570.2859,0.05,0.9368,1.4101,894,30.355,235.80050231949255,452.977,688.2095,570.5933,0.0,1.067,1.4101,894,30.355,237.96895932615473,451.4939,688.9528,570.2234,0.0083,0.5002,1.3226,894,30.355,237.98259859598244,451.4637,688.9528,570.2083,0.0,0.583,1.3226,894,30.355,236.4612031803544,452.3622,688.2095,570.2859,0.05,0.9368,1.4101,894,30.355
236.52645336406013,452.2967,688.2147,570.2557,0.0583,0.8788,1.4553,895,30.388333333333335,235.80242172402737,452.979,688.2147,570.5968,0.0,1.0779,1.4553,895,30.388333333333335,237.9686820730828,451.4936,688.952,570.2228,0.0083,0.4998,1.3235,895,30.388333333333335,237.9823159811609,451.4635,688.952,570.2077,0.0,0.5833,1.3235,895,30.388333333333335,236.52645336406013,452.2967,688.2147,570.2557,0.0583,0.8788,1.4553,895,30.388333333333335
236.5766054854204,452.2472,688.2138,570.2305,0.0583,0.7836,1.4167,896,30.43166666666667,235.84444851193018,452.9368,688.2138,570.5753,0.0,1.0812,1.4167,896,30.43166666666667,237.96775695665585,451.494,688.9509,570.2225,0.0083,0.5008,1.3365,896,30.43166666666667,237.98136664574332,451.4639,688.9509,570.2074,0.0,0.5859,1.3365,896,30.43166666666667,236.5766054854204,452.2472,688.2138,570.2305,0.0583,0.7836,1.4167,896,30.43166666666667
236.57095155250653,452.2488,688.2112,570.23,0.0583,0.7911,1.4161,897,30.455000000000005,235.8379597361669,452.9391,688.2112,570.5751,0.0,1.0686,1.4161,897,30.455000000000005,237.96542187017081,451.4958,688.95,570.2229,0.0083,0.5337,1.3267,897,30.455000000000005,237.97902525281324,451.4657,688.95,570.2078,0.0,0.5673,1.3267,897,30.455000000000005,236.50416138151922,452.3192,688.2112,570.2652,0.05,0.8961,1.4161,897,30.455000000000005
236.52463856833666,452.2922,688.2033,570.2478,0.0583,0.8699,1.4712,898,30.488333333333337,235.7978133065372,452.9765,688.2033,570.5899,0.0,1.1327,1.4712,898,30.488333333333337,237.95925430278328,451.4908,688.9344,570.2126,0.0083,0.5206,1.3642,898,30.488333333333337,237.97298592028707,451.4605,688.9344,570.1975,0.0,0.6133,1.3642,898,30.488333333333337,236.52463856833666,452.2922,688.2033,570.2478,0.0583,0.8699,1.4712,898,30.488333333333337
236.4719843537958,452.3571,688.2177,570.2874,0.05,0.8946,1.4778,899,30.53,235.81152216753,452.9718,688.2177,570.5947,0.0,1.0988,1.4778,899,30.53,237.95864295622778,451.4891,688.9309,570.21,0.0083,0.543,1.3698,899,30.53,237.97215124971996,451.4592,688.9309,570.195,0.0,0.5924,1.3698,899,30.53,236.53742948860432,452.2881,688.2177,570.2529,0.0583,0.8663,1.4778,899,30.53
236.534284833448,452.2917,688.2183,570.255,0.0583,0.865,1.4705,900,30.555000000000003,235.80885759834447,452.9749,688.2183,570.5966,0.0,1.0988,1.4705,900,30.555000000000003,237.95964910257175,451.4896,688.9314,570.2105,0.0083,0.4825,1.3713,900,30.555000000000003,237.9732340120326,451.4596,688.9314,570.1955,0.0,0.556,1.3713,900,30.555000000000003,236.534284833448,452.2917,688.2183,570.255,0.0583,0.865,1.4705,900,30.555000000000003
236.51201106045954,452.3187,688.2233,570.271,0.05,0.8705,1.4691,901,30.588333333333335,235.84681570859823,452.9376,688.2233,570.5804,0.0,1.0732,1.4691,901,30.588333333333335,237.96123210181872,451.4935,688.9377,570.2156,0.0083,0.493,1.3391,901,30.588333333333335,237.97486899632815,451.4633,688.9377,570.2005,0.0,0.5576,1.3391,901,30.588333333333335,236.51201106045954,452.3187,688.2233,570.271,0.05,0.8705,1.4691,901,30.588333333333335
236.4394360760863,452.393,688.2166,570.3048,0.05,0.9577,1.4738,902,30.633333333333336,235.78097485436263,453.0062,688.2166,570.6114,0.0,1.0976,1.4738,902,30.633333333333336,237.95555229487,451.4936,688.9298,570.2117,0.0083,0.4878,1.3701,902,30.633333333333336,237.96917934382915,451.4635,688.9298,570.1966,0.0,0.5552,1.3701,902,30.633333333333336,236.4394360760863,452.393,688.2166,570.3048,0.05,0.9577,1.4738,902,30.633333333333336
236.50890422528803,452.322,688.2211,570.2715,0.0583,0.891,1.4646,903,30.655,235.7857685002762,453.0033,688.2211,570.6122,0.0,1.0972,1.4646,903,30.655,237.95816013089038,451.4902,688.931,570.2106,0.0083,0.5563,1.3766,903,30.655,237.97177279340045,451.4601,688.931,570.1956,0.0,0.6148,1.3766,903,30.655,236.50890422528803,452.322,688.2211,570.2715,0.0583,0.891,1.4646,903,30.655
236.1008486723585,452.6239,688.1234,570.3736,0.0417,0.9454,1.3593,904,30.688333333333336,235.50435442103094,453.1861,688.1234,570.6547,0.0,1.3228,1.3593,904,30.688333333333336,237.87498997154748,451.5068,688.7715,570.1392,0.025,0.5175,1.3207,904,30.688333333333336,238.01447170047746,451.4683,688.9434,570.2058,0.0,0.5524,1.5258,904,30.688333333333336,236.1008486723585,452.6239,688.1234,570.3736,0.0417,0.9454,1.3593,904,30.688333333333336
236.16580604246795,452.5748,688.1269,570.3509,0.05,0.9559,1.3579,905,30.721666666666668,235.5284027803364,453.1653,688.1269,570.6461,0.0,1.4422,1.3579,905,30.721666666666668,237.88858461171202,451.5015,688.7744,570.1379,0.0167,0.5483,1.3198,905,30.721666666666668,238.01645820955358,451.4688,688.9462,570.2075,0.0,0.5532,1.5229,905,30.721666666666668,236.16580604246795,452.5748,688.1269,570.3509,0.05,0.9559,1.3579,905,30.721666666666668
236.04033887995655,452.6662,688.1222,570.3942,0.0333,0.9664,1.4213,906,30.756666666666668,235.5015402492604,453.1809,688.1222,570.6515,0.0,1.3912,1.4213,906,30.756666666666668,237.88415383005227,451.5017,688.7714,570.1365,0.0167,0.5658,1.355,906,30.756666666666668,238.01098790081335,451.469,688.9416,570.2053,0.0,0.5306,1.5387,906,30.756666666666668,236.04033887995655,452.6662,688.1222,570.3942,0.0333,0.9664,1.4213,906,30.756666666666668
236.17179306918516,452.5572,688.1237,570.3404,0.05,0.987,1.405,907,30.790000000000003,235.5329097360688,453.1489,688.1237,570.6363,0.0,1.4624,1.405,907,30.790000000000003,237.88984116212433,451.4962,688.7732,570.1347,0.0167,0.5687,1.3591,907,30.790000000000003,238.0166188595041,451.4636,688.9434,570.2035,0.0,0.5526,1.539,907,30.790000000000003,236.17179306918516,452.5572,688.1237,570.3404,0.05,0.987,1.405,907,30.790000000000003
236.1779698793994,452.5516,688.1209,570.3362,0.05,1.0106,1.4147,908,30.823333333333334,235.5391695180435,453.1434,688.1209,570.6321,0.0,1.4404,1.4147,908,30.823333333333334,237.88983131041704,451.4974,688.7733,570.1353,0.0167,0.5685,1.3546,908,30.823333333333334,238.0166076148151,451.4647,688.9435,570.2041,0.0,0.5513,1.5373,908,30.823333333333334,236.1779698793994,452.5516,688.1209,570.3362,0.05,1.0106,1.4147,908,30.823333333333334
236.17697196213103,452.5578,688.1227,570.3403,0.05,1.0184,1.4119,909,30.853333333333335,235.5367735198279,453.1508,688.1227,570.6367,0.0,1.4474,1.4119,909,30.853333333333335,237.8732329592564,451.5049,688.7693,570.1371,0.025,0.5187,1.3529,909,30.853333333333335,238.01238492771057,451.4664,688.9406,570.2035,0.0,0.5458,1.5422,909,30.853333333333335,236.17697196213103,452.5578,688.1227,570.3403,0.05,1.0184,1.4119,909,30.853333333333335
236.1398949163021,452.5769,688.1235,570.3502,0.0417,0.9863,1.4119,910,30.88666666666667,235.53762722090718,453.1443,688.1235,570.6339,0.0,1.4497,1.4119,910,30.88666666666667,237.88707218677328,451.4975,688.7709,570.1342,0.0167,0.5709,1.3531,910,30.88666666666667,238.01386569508287,451.4649,688.9411,570.203,0.0,0.5604,1.538,910,30.88666666666667,236.1398949163021,452.5769,688.1235,570.3502,0.0417,0.9863,1.4119,910,30.88666666666667
236.14677748122497,452.5741,688.1292,570.3517,0.0417,0.9688,1.3975,911,30.92,235.54415917801484,453.1419,688.1292,570.6356,0.0,1.4557,1.3975,911,30.92,237.88639476069704,451.4972,688.7702,570.1337,0.0167,0.572,1.3547,911,30.92,238.0132060735543,451.4646,688.9405,570.2025,0.0,0.5671,1.5387,911,30.92,236.14677748122497,452.5741,688.1292,570.3517,0.0417,0.9688,1.3975,911,30.92
236.17934997492108,452.5518,688.1262,570.339,0.05,1.0079,1.4198,912,30.953333333333337,235.53760920298197,453.1455,688.1262,570.6359,0.0,1.4541,1.4198,912,30.953333333333337,237.88557610737115,451.4979,688.7698,570.1339,0.0167,0.569,1.3547,912,30.953333333333337,238.01237241617125,451.4654,688.9401,570.2027,0.0,0.5669,1.5404,912,30.953333333333337,236.17934997492108,452.5518,688.1262,570.339,0.05,1.0079,1.4198,912,30.953333333333337
236.1852351814678,452.5485,688.1311,570.3398,0.05,1.0074,1.3938,913,30.988333333333337,235.54295534785285,453.1427,688.1311,570.6369,0.0,1.4468,1.3938,913,30.988333333333337,237.88827894231972,451.4962,688.7702,570.1332,0.0167,0.558,1.3527,913,30.988333333333337,238.01509335349692,451.4636,688.9405,570.2021,0.0,0.5443,1.5411,913,30.988333333333337,236.1852351814678,452.5485,688.1311,570.3398,0.05,1.0074,1.3938,913,30.988333333333337
236.3907890649788,453.7326,689.5134,571.623,0.025,0.8675,1.4109,914,31.02166666666667,236.04666616862912,454.0539,689.5134,571.7837,0.0,1.2139,1.4109,914,31.02166666666667,238.14665929463982,452.6803,690.3077,571.494,0.0167,0.5833,1.4084,914,31.02166666666667,238.29205023146193,452.663,690.5152,571.5891,0.0,0.6394,1.3112,914,31.02166666666667,236.3907890649788,453.7326,689.5134,571.623,0.025,0.8675,1.4109,914,31.02166666666667
236.23496192905824,454.4902,690.1578,572.324,0.025,0.8531,1.5208,915,31.055000000000003,236.05309379169515,454.6664,690.1578,572.4121,0.0083,1.0763,1.5208,915,31.055000000000003,238.01367060512695,453.4368,690.9039,572.1703,0.025,0.6444,1.2982,915,31.055000000000003,238.13010283252032,453.4442,691.0872,572.2657,0.0083,0.6155,1.2597,915,31.055000000000003,236.17437046550862,454.5557,690.1578,572.3567,0.0167,0.9721,1.5208,915,31.055000000000003
236.26058575494247,454.9421,690.5986,572.7703,0.0167,0.7977,1.515,916,31.08666666666667,236.1561314412474,455.0498,690.5986,572.8242,0.0,0.9034,1.515,916,31.08666666666667,237.84596011593874,453.9474,691.2653,572.6063,0.0167,0.5385,1.3569,916,31.08666666666667,237.97495308097945,453.9277,691.4467,572.6872,0.0,0.5466,1.3838,916,31.08666666666667,236.23117849385977,454.96,690.5986,572.7793,0.0167,0.9328,1.515,916,31.08666666666667
236.23607605761913,455.1988,690.8195,573.0092,0.0083,0.8627,1.3983,917,31.12,236.16648774462678,455.2829,690.8195,573.0512,0.0,0.9332,1.3983,917,31.12,237.9515184399283,454.1813,691.6287,572.905,0.0083,0.6073,1.3425,917,31.12,238.06252934151487,454.1813,691.7997,572.9905,0.0,0.6073,1.2483,917,31.12,236.31125995012906,455.1184,690.8195,572.969,0.025,0.708,1.3983,917,31.12
236.23679022227066,455.3423,691.015,573.1786,0.0083,0.9537,1.4083,918,31.153333333333336,236.16708904105863,455.4265,691.015,573.2207,0.0,1.0142,1.4083,918,31.153333333333336,238.02031318280348,454.2673,691.7899,573.0286,0.0083,0.6318,1.2657,918,31.153333333333336,238.13375907142571,454.2673,691.9652,573.1163,0.0,0.6318,1.2823,918,31.153333333333336,236.2508858689527,455.3283,691.015,573.1716,0.0167,0.9164,1.4083,918,31.153333333333336
236.18647407585684,455.5523,691.1858,573.369,0.0167,0.953,1.3651,919,31.188333333333336,236.00227033382825,455.7396,691.1858,573.4627,0.0,0.9095,1.3651,919,31.188333333333336,237.98701275164657,454.4729,691.9777,573.2253,0.0083,0.6148,1.2651,919,31.188333333333336,238.09696612455843,454.4729,692.1465,573.3097,0.0,0.6148,1.1233,919,31.188333333333336,236.1970229440808,455.5419,691.1858,573.3638,0.025,0.932,1.3651,919,31.188333333333336
236.46160766059438,455.4712,691.3114,573.3913,0.0583,0.5589,1.5065,920,31.220000000000002,236.12832035096477,455.7664,691.3114,573.5389,0.0,0.715,1.5065,920,31.220000000000002,238.03666101350143,454.5857,692.163,573.3744,0.0083,0.5681,1.3443,920,31.220000000000002,238.14922814238722,454.5857,692.3369,573.4613,0.0,0.5681,1.1879,920,31.220000000000002,236.46924116754104,455.4635,691.3114,573.3875,0.0667,0.5397,1.5065,920,31.220000000000002
236.4333595676825,455.4734,691.3021,573.3877,0.0583,0.6297,1.5292,921,31.253333333333334,236.0759085576555,455.7863,691.3021,573.5442,0.0,0.7563,1.5292,921,31.253333333333334,237.97253104160674,454.599,692.098,573.3485,0.0083,0.564,1.2703,921,31.253333333333334,238.08517629632328,454.599,692.2731,573.436,0.0,0.564,1.0767,921,31.253333333333334,236.44188386916545,455.4648,691.3021,573.3834,0.0667,0.5581,1.5292,921,31.253333333333334
236.37467824533582,455.5773,691.415,573.4961,0.0417,0.6828,1.3371,922,31.288333333333334,235.98123880278962,455.927,691.415,573.671,0.0,0.9713,1.3371,922,31.288333333333334,237.92248253306042,454.6304,692.0861,573.3582,0.0083,0.5008,1.2771,922,31.288333333333334,238.04087167738734,454.6304,692.2701,573.4502,0.0,0.5008,1.1881,922,31.288333333333334,236.22879354589008,455.7236,691.415,573.5693,0.0333,0.7487,1.3371,922,31.288333333333334
236.26869213254676,455.3573,691.0541,573.2057,0.0417,0.7099,1.551,923,31.32,235.98677180792288,455.5859,691.0541,573.32,0.0,0.8289,1.551,923,31.32,237.7521571083708,454.5128,691.8106,573.1617,0.0083,0.4633,1.2204,923,31.32,237.87384809135375,454.5128,691.9997,573.2563,0.0,0.4633,1.2449,923,31.32,236.22347999913558,455.4082,691.0541,573.2311,0.0417,0.7881,1.551,923,31.32
236.454868339825,454.8521,690.7191,572.7856,0.0417,0.6871,1.2512,924,31.358333333333334,236.1770129761918,455.0947,690.7191,572.9069,0.0083,0.8345,1.2512,924,31.358333333333334,237.82083193463924,454.0756,691.3747,572.7251,0.0083,0.4939,1.2917,924,31.358333333333334,237.94502317649543,454.0756,691.5674,572.8215,0.0,0.4939,1.1707,924,31.358333333333334,236.42532442698348,454.8647,690.7191,572.7919,0.0333,0.8142,1.2512,924,31.358333333333334
236.2403668535973,454.6789,690.3795,572.5292,0.0417,0.6435,1.4598,925,31.388333333333335,235.96798621994876,454.9197,690.3795,572.6496,0.0083,0.7483,1.4598,925,31.388333333333335,237.7839257941656,453.7883,691.0705,572.4294,0.0083,0.5611,1.2648,925,31.388333333333335,237.90811390937344,453.7883,691.2634,572.5259,0.0,0.5611,1.3136,925,31.388333333333335,236.17218333319605,454.7222,690.3795,572.5508,0.025,0.8063,1.4598,925,31.388333333333335
236.4810757658561,454.1405,690.1252,572.1328,0.025,0.9284,1.3204,926,31.42,236.2801975295523,454.3344,690.1252,572.2298,0.0083,1.0121,1.3204,926,31.42,237.93088940889925,453.2807,690.7222,572.0015,0.0083,0.5105,1.1182,926,31.42,238.06468574647928,453.2807,690.9272,572.104,0.0,0.5105,1.1224,926,31.42,236.49483784912033,454.1592,690.1252,572.1422,0.0333,0.9243,1.3204,926,31.42
236.38041322778142,453.7064,689.5308,571.6186,0.025,1.0121,1.4514,927,31.455000000000005,235.98729032198156,454.0904,689.5308,571.8106,0.0,1.102,1.4514,927,31.455000000000005,237.81371187701953,452.9014,690.156,571.5287,0.0167,0.4583,1.2594,927,31.455000000000005,237.96446126387485,452.8785,690.3662,571.6224,0.0,0.5163,1.265,927,31.455000000000005,236.38041322778142,453.7064,689.5308,571.6186,0.025,1.0121,1.4514,927,31.455000000000005
236.21857311118134,453.5618,689.19,571.3759,0.0333,0.9719,1.4222,928,31.486666666666668,235.8377146126809,453.9046,689.19,571.5473,0.0,1.1523,1.4222,928,31.486666666666668,237.77952808137601,452.6431,689.8571,571.2501,0.025,0.4499,1.2102,928,31.486666666666668,237.95042887221737,452.5893,690.0475,571.3184,0.0,0.4981,1.1275,928,31.486666666666668,236.21857311118134,453.5618,689.19,571.3759,0.0333,0.9719,1.4222,928,31.486666666666668
236.2304032644698,453.2893,688.9517,571.1205,0.0167,1.0845,1.4793,929,31.53166666666667,235.91307737602975,453.5933,688.9517,571.2725,0.0,1.2902,1.4793,929,31.53166666666667,237.87333495979388,452.2867,689.5738,570.9302,0.0167,0.5015,1.2276,929,31.53166666666667,238.01425936696825,452.2629,689.7684,571.0157,0.0,0.5013,1.2621,929,31.53166666666667,236.2304032644698,453.2893,688.9517,571.1205,0.0167,1.0845,1.4793,929,31.53166666666667
236.4464627616775,452.882,688.7494,570.8157,0.0167,0.791,1.4314,930,31.558333333333337,236.18613073792378,453.1461,688.7494,570.9478,0.0,1.0034,1.4314,930,31.558333333333337,237.88401075118065,452.0791,689.4039,570.7415,0.0167,0.6368,1.2604,930,31.558333333333337,237.9840383650145,452.0874,689.5749,570.8311,0.0,0.6122,1.2531,930,31.558333333333337,236.4464627616775,452.882,688.7494,570.8157,0.0167,0.791,1.4314,930,31.558333333333337
236.24948946554494,452.8663,688.5316,570.6989,0.0333,0.8597,1.3924,931,31.588333333333335,235.78292667651334,453.3387,688.5316,570.9352,0.0083,1.0643,1.3924,931,31.588333333333335,237.71690808149202,452.0203,689.1448,570.5826,0.0083,0.5428,1.3151,931,31.588333333333335,237.8343365703836,452.0203,689.3232,570.6718,0.0,0.5428,1.2173,931,31.588333333333335,236.1973503289633,452.9132,688.5316,570.7224,0.0333,0.8815,1.3924,931,31.588333333333335
236.31162386213117,452.702,688.4194,570.5607,0.025,1.0013,1.4175,932,31.62,235.85655513717856,453.1624,688.4194,570.7909,0.0,1.0662,1.4175,932,31.62,237.82405384913864,451.8369,689.0854,570.4611,0.0083,0.5617,1.3976,932,31.62,237.9430193985394,451.8369,689.2661,570.5515,0.0,0.5617,1.2154,932,31.62,236.31162386213117,452.702,688.4194,570.5607,0.025,1.0013,1.4175,932,31.62
236.1651252211273,452.6656,688.2033,570.4344,0.025,0.9246,1.3105,933,31.660000000000004,235.71175492811307,453.123,688.2033,570.6631,0.0,1.1863,1.3105,933,31.660000000000004,237.65994484874295,451.7899,688.8454,570.3177,0.0083,0.6033,1.3751,933,31.660000000000004,237.77440924488522,451.7899,689.0193,570.4046,0.0,0.6033,1.3057,933,31.660000000000004,236.1651252211273,452.6656,688.2033,570.4344,0.025,0.9246,1.3105,933,31.660000000000004
236.3549600779191,452.5265,688.2527,570.3896,0.0417,0.8625,1.3786,934,31.688333333333336,235.9061766257147,452.9234,688.2527,570.588,0.0,1.2034,1.3786,934,31.688333333333336,237.89715101250525,451.5733,688.9013,570.2373,0.0167,0.5164,1.3709,934,31.688333333333336,238.02311561768926,451.5521,689.0778,570.315,0.0,0.5496,1.338,934,31.688333333333336,236.3549600779191,452.5265,688.2527,570.3896,0.0417,0.8625,1.3786,934,31.688333333333336
236.39032358737091,452.5003,688.2514,570.3758,0.0333,1.0878,1.382,935,31.720000000000002,235.99339130143667,452.8556,688.2514,570.5535,0.0,1.2951,1.382,935,31.720000000000002,237.92902404376065,451.5478,688.8991,570.2235,0.0167,0.5298,1.3489,935,31.720000000000002,238.05456953868963,451.5274,689.0758,570.3016,0.0,0.5407,1.3425,935,31.720000000000002,236.39032358737091,452.5003,688.2514,570.3758,0.0333,1.0878,1.382,935,31.720000000000002
236.4741644633686,452.4348,688.2491,570.342,0.0333,1.0455,1.3822,936,31.763333333333335,236.0753193552193,452.7904,688.2491,570.5197,0.0,1.2229,1.3822,936,31.763333333333335,237.95831294723624,451.5211,688.8973,570.2092,0.0167,0.5045,1.3719,936,31.763333333333335,238.08397916401242,451.5004,689.074,570.2872,0.0,0.5422,1.3456,936,31.763333333333335,236.4741644633686,452.4348,688.2491,570.342,0.0333,1.0455,1.3822,936,31.763333333333335
236.37249869433242,452.5136,688.2484,570.381,0.0333,1.1013,1.3785,937,31.788333333333334,235.98207034064362,452.8623,688.2484,570.5553,0.0,1.3556,1.3785,937,31.788333333333334,237.96632623196766,451.5099,688.8964,570.2031,0.0167,0.5351,1.3554,937,31.788333333333334,238.09167211095723,451.4899,689.0732,570.2816,0.0,0.536,1.3461,937,31.788333333333334,236.37249869433242,452.5136,688.2484,570.381,0.0333,1.1013,1.3785,937,31.788333333333334
236.32627549601344,452.5466,688.2493,570.3979,0.025,1.1827,1.3736,938,31.82166666666667,235.97335129550058,452.871,688.2493,570.5602,0.0,1.3664,1.3736,938,31.82166666666667,237.96437099704812,451.5136,688.8984,570.206,0.0167,0.5413,1.357,938,31.82166666666667,238.08958375359353,451.4939,689.0751,570.2845,0.0,0.54,1.3475,938,31.82166666666667,236.32627549601344,452.5466,688.2493,570.3979,0.025,1.1827,1.3736,938,31.82166666666667
236.39040462146136,452.4914,688.2454,570.3684,0.0333,1.118,1.3851,939,31.866666666666667,235.99712157410934,452.843,688.2454,570.5442,0.0,1.3949,1.3851,939,31.866666666666667,237.9486044003286,451.5267,688.8953,570.211,0.0167,0.5371,1.3583,939,31.866666666666667,238.0739380841505,451.5068,689.0721,570.2894,0.0,0.5535,1.355,939,31.866666666666667,236.39040462146136,452.4914,688.2454,570.3684,0.0333,1.118,1.3851,939,31.866666666666667
236.36479135222507,452.5048,688.2565,570.3806,0.0333,1.0942,1.3914,940,31.89,235.9729769113217,452.8551,688.2565,570.5558,0.0,1.411,1.3914,940,31.89,237.92894060342488,451.5326,688.9054,570.219,0.0167,0.5349,1.3898,940,31.89,238.05441306454853,451.5129,689.0825,570.2977,0.0,0.5559,1.3127,940,31.89,236.36479135222507,452.5048,688.2565,570.3806,0.0333,1.0942,1.3914,940,31.89
236.33583117425687,452.5191,688.2472,570.3832,0.0333,1.0473,1.3829,941,31.925,235.94867654777727,452.867,688.2472,570.5571,0.0,1.3325,1.3829,941,31.925,237.94129154450923,451.5319,688.9234,570.2276,0.0167,0.5428,1.3653,941,31.925,238.06649949027994,451.5122,689.1001,570.3062,0.0,0.5559,1.3004,941,31.925,236.33583117425687,452.5191,688.2472,570.3832,0.0333,1.0473,1.3829,941,31.925
236.3133939114593,452.5406,688.2517,570.3962,0.0333,1.0355,1.4074,942,31.96666666666667,235.92815783175286,452.8864,688.2517,570.5691,0.0,1.2335,1.4074,942,31.96666666666667,237.95436991005514,451.5085,688.908,570.2082,0.0167,0.5664,1.3915,942,31.96666666666667,238.08021318228884,451.4882,689.0852,570.2867,0.0,0.5688,1.3022,942,31.96666666666667,236.3133939114593,452.5406,688.2517,570.3962,0.0333,1.0355,1.4074,942,31.96666666666667
236.33952687092872,452.5115,688.2501,570.3808,0.0417,1.049,1.3942,943,31.988333333333337,235.76159813167774,453.0528,688.2501,570.6515,0.0,1.3639,1.3942,943,31.988333333333337,237.96541462056038,451.498,688.9076,570.2028,0.0167,0.5413,1.3858,943,31.988333333333337,238.09121802831478,451.4778,689.0848,570.2813,0.0,0.5466,1.2924,943,31.988333333333337,236.33952687092872,452.5115,688.2501,570.3808,0.0417,1.049,1.3942,943,31.988333333333337
236.4015996377232,452.3629,688.2001,570.2815,0.0417,0.8965,1.3922,944,32.02166666666667,236.0224178756675,452.7504,688.2001,570.4753,0.0083,1.0569,1.3922,944,32.02166666666667,237.95105273046838,451.5042,688.8372,570.1707,0.0167,0.5568,1.4467,944,32.02166666666667,238.07151446951295,451.4884,689.0093,570.2488,0.0,0.5453,1.406,944,32.02166666666667,236.40159963772325,452.3629,688.2001,570.2815,0.0417,0.8965,1.3922,944,32.02166666666667
236.40154689811902,452.362,688.1991,570.2806,0.0417,0.896,1.392,945,32.06666666666667,236.02304300288932,452.749,688.1991,570.4741,0.0083,1.1226,1.392,945,32.06666666666667,237.94265126371354,451.507,688.8272,570.1671,0.0167,0.565,1.4071,945,32.06666666666667,238.06323988080476,451.4913,688.9996,570.2454,0.0,0.5291,1.3871,945,32.06666666666667,236.33707204636337,452.4319,688.1991,570.3155,0.0333,0.9399,1.392,945,32.06666666666667
236.4021821564752,452.3729,688.1958,570.2843,0.0417,0.8713,1.3985,946,32.086666666666666,236.02550709723508,452.7559,688.1958,570.4758,0.0083,1.0561,1.3985,946,32.086666666666666,237.90744490906917,451.5412,688.8284,570.1848,0.0167,0.5134,1.3381,946,32.086666666666666,238.02782930597732,451.5259,689.0008,570.2633,0.0,0.4944,1.4436,946,32.086666666666666,236.40218215647516,452.3729,688.1958,570.2843,0.0417,0.8713,1.3985,946,32.086666666666666
236.2988491673866,452.4743,688.2055,570.3399,0.0333,0.9126,1.4055,947,32.120000000000005,235.98690825527237,452.7891,688.2055,570.4973,0.0083,1.2302,1.4055,947,32.120000000000005,237.8968451280491,451.5431,688.8281,570.1856,0.0083,0.5596,1.3691,947,32.120000000000005,238.0103167368036,451.5431,689.0005,570.2718,0.0,0.5596,1.382,947,32.120000000000005,236.31805588367456,452.4678,688.2055,570.3367,0.025,0.8894,1.4055,947,32.120000000000005
236.32076830916307,452.4408,688.1795,570.3101,0.025,0.8772,1.3299,948,32.153333333333336,235.81114086326582,452.9382,688.1795,570.5589,0.0,1.189,1.3299,948,32.153333333333336,238.00729968854182,451.5121,688.9606,570.2364,0.0,0.5458,1.3777,948,32.153333333333336,238.0072996885418,451.5121,688.9606,570.2364,0.0,0.5458,1.3777,948,32.153333333333336,236.32076830916307,452.4408,688.1795,570.3101,0.025,0.8772,1.3299,948,32.153333333333336
236.27109943972744,452.4414,688.1165,570.279,0.025,0.8788,1.4436,949,32.18833333333333,235.761421331109,452.9389,688.1165,570.5277,0.0,1.1612,1.4436,949,32.18833333333333,237.84400071409814,451.5149,688.7285,570.1217,0.0083,0.5495,1.4697,949,32.18833333333333,237.95905672901267,451.5149,688.9033,570.2091,0.0,0.5495,1.4219,949,32.18833333333333,236.27109943972744,452.4414,688.1165,570.279,0.025,0.8788,1.4436,949,32.18833333333333
236.42746857916046,452.3564,688.1936,570.275,0.0417,0.8211,1.4507,950,32.22,235.87150586963364,452.9154,688.1936,570.5545,0.0,1.1448,1.4507,950,32.22,238.03996943834105,451.512,688.9878,570.2499,0.0,0.5524,1.414,950,32.22,238.0399694383411,451.512,688.9878,570.2499,0.0,0.5524,1.414,950,32.22,236.42746857916046,452.3564,688.1936,570.275,0.0417,0.8211,1.4507,950,32.22
236.56059832615645,452.29,688.1987,570.2443,0.0417,0.6643,1.3816,951,32.25333333333334,236.12695383561297,452.6695,688.1987,570.4341,0.0,0.8794,1.3816,951,32.25333333333334,237.92656925723344,451.5228,688.8288,570.1758,0.0083,0.5361,1.4864,951,32.25333333333334,238.04084714262228,451.5228,689.0024,570.2626,0.0,0.5361,1.4403,951,32.25333333333334,236.56059832615645,452.29,688.1987,570.2443,0.0417,0.6643,1.3816,951,32.25333333333334
236.59226437363046,452.2404,688.1927,570.2166,0.05,0.7154,1.4135,952,32.28666666666667,236.08959742683788,452.6968,688.1927,570.4448,0.0,1.0222,1.4135,952,32.28666666666667,237.93304268916094,451.5193,688.8335,570.1764,0.0083,0.5458,1.4794,952,32.28666666666667,238.04725385251658,451.5193,689.007,570.2631,0.0,0.5458,1.4564,952,32.28666666666667,236.59226437363046,452.2404,688.1927,570.2166,0.05,0.7154,1.4135,952,32.28666666666667
236.55199510778456,452.2744,688.2045,570.2394,0.0417,0.7115,1.4226,953,32.32,236.09482752627792,452.6975,688.2045,570.451,0.0,1.0175,1.4226,953,32.32,237.93858297810405,451.5191,688.8418,570.1805,0.0083,0.5347,1.4667,953,32.32,238.05267990481715,451.5191,689.0151,570.2671,0.0,0.5347,1.4566,953,32.32,236.55199510778456,452.2744,688.2045,570.2394,0.0417,0.7115,1.4226,953,32.32
236.26907254638837,452.4747,688.1929,570.3338,0.0333,0.785,1.5103,954,32.355000000000004,235.77300581915506,452.969,688.1929,570.5809,0.0,1.0775,1.5103,954,32.355000000000004,237.8690522814503,451.5644,688.9101,570.2373,0.025,0.5251,1.3997,954,32.355000000000004,238.02291821104572,451.5313,689.0795,570.3054,0.0,0.5361,1.3129,954,32.355000000000004,236.26907254638837,452.4747,688.1929,570.3338,0.0333,0.785,1.5103,954,32.355000000000004
236.16992641698144,452.5099,688.1239,570.3169,0.0333,0.8501,1.4814,955,32.388333333333335,235.6779403707277,453.0005,688.1239,570.5622,0.0,1.1901,1.4814,955,32.388333333333335,237.7749717744222,451.5635,688.81,570.1867,0.025,0.5233,1.3937,955,32.388333333333335,237.93058316691753,451.5305,688.9821,570.2563,0.0,0.5364,1.4651,955,32.388333333333335,236.16992641698144,452.5099,688.1239,570.3169,0.0333,0.8501,1.4814,955,32.388333333333335
236.195513687097,452.4958,688.1294,570.3126,0.0417,0.8577,1.4993,956,32.42,235.63715113123448,453.0662,688.1294,570.5978,0.0,1.1722,1.4993,956,32.42,237.7841074668929,451.5729,688.8326,570.2028,0.0333,0.453,1.4437,956,32.42,237.95105272734548,451.5318,689.0049,570.2683,0.0,0.521,1.4179,956,32.42,236.195513687097,452.4958,688.1294,570.3126,0.0417,0.8577,1.4993,956,32.42
236.21802409795905,452.4756,688.1307,570.3032,0.0417,0.8561,1.5067,957,32.45333333333333,235.65711081214118,453.0481,688.1307,570.5894,0.0,1.0215,1.5067,957,32.45333333333333,237.87547311472085,451.5159,688.8339,570.1749,0.025,0.439,1.4436,957,32.45333333333333,237.97672308894096,451.5084,689.0062,570.2573,0.0,0.5859,1.4165,957,32.45333333333333,236.21802409795905,452.4756,688.1307,570.3032,0.0417,0.8561,1.5067,957,32.45333333333333
236.41673440873058,452.3104,688.1264,570.2184,0.05,0.7609,1.4486,958,32.48666666666667,235.73181193988995,452.9594,688.1264,570.5429,0.0,1.0684,1.4486,958,32.48666666666667,237.84090945631678,451.5399,688.8329,570.1864,0.025,0.4491,1.4426,958,32.48666666666667,237.97693264006335,451.5069,689.0052,570.256,0.0,0.5826,1.42,958,32.48666666666667,236.41673440873058,452.3104,688.1264,570.2184,0.05,0.7609,1.4486,958,32.48666666666667
236.43469339265988,452.324,688.1674,570.2457,0.0583,0.82,1.4744,959,32.531666666666666,235.71392246620363,452.9962,688.1674,570.5818,0.0,1.1058,1.4744,959,32.531666666666666,237.8374973625273,451.5874,688.8894,570.2384,0.0417,0.416,1.3659,959,32.531666666666666,238.01611250875132,451.5186,689.06,570.2893,0.0,0.4954,1.374,959,32.531666666666666,236.43469339265988,452.324,688.1674,570.2457,0.0583,0.82,1.4744,959,32.531666666666666
236.17312104951907,452.5205,688.1568,570.3387,0.0333,0.8009,1.4662,960,32.553333333333335,235.68161372168262,453.0113,688.1568,570.5841,0.0,1.0814,1.4662,960,32.553333333333335,237.8400729103496,451.5881,688.8938,570.2409,0.0417,0.4082,1.461,960,32.553333333333335,238.01833705015903,451.5196,689.0643,570.2919,0.0,0.5004,1.3831,960,32.553333333333335,236.17312104951907,452.5205,688.1568,570.3387,0.0333,0.8009,1.4662,960,32.553333333333335
236.15270367489285,452.5236,688.1302,570.3269,0.0333,0.7906,1.5196,961,32.58833333333334,235.6617669419447,453.0137,688.1302,570.572,0.0,1.1342,1.5196,961,32.58833333333334,237.816351506726,451.5876,688.8697,570.2286,0.0417,0.409,1.4474,961,32.58833333333334,237.99517188612427,451.5191,689.0413,570.2802,0.0,0.5005,1.4234,961,32.58833333333334,236.1449739689972,452.5432,688.1302,570.3367,0.0417,0.7376,1.5196,961,32.58833333333334
236.15590267958208,452.5199,688.1398,570.3299,0.0333,0.7983,1.4983,962,32.620000000000005,235.66452504027328,453.0105,688.1398,570.5752,0.0,1.081,1.4983,962,32.620000000000005,237.8207897522019,451.5903,688.8729,570.2316,0.0417,0.4096,1.3783,962,32.620000000000005,237.99970582860715,451.5218,689.0445,570.2831,0.0,0.5004,1.4154,962,32.620000000000005,236.14822610173312,452.5394,688.1398,570.3396,0.0417,0.7782,1.4983,962,32.620000000000005
236.15477579729563,452.523,688.1359,570.3295,0.0417,0.7969,1.508,963,32.655,235.59889585905256,453.0921,688.1359,570.614,0.0,1.1423,1.508,963,32.655,237.8154928198854,451.5897,688.8796,570.2347,0.0417,0.3918,1.396,963,32.655,237.99397630144477,451.5214,689.0509,570.2862,0.0,0.5168,1.3967,963,32.655,236.15477579729563,452.523,688.1359,570.3295,0.0417,0.7969,1.508,963,32.655
236.2126017822892,452.5862,688.2718,570.429,0.0333,1.0003,1.4049,964,32.68833333333333,235.69467204296404,453.0786,688.2718,570.6752,0.0,1.2652,1.4049,964,32.68833333333333,237.90311637069368,451.4267,688.798,570.1123,0.025,0.4798,1.3819,964,32.68833333333333,238.05847190223582,451.3707,688.9673,570.169,0.0,0.5238,1.3152,964,32.68833333333333,236.2126017822892,452.5862,688.2718,570.429,0.0333,1.0003,1.4049,964,32.68833333333333
236.18880728107632,452.6183,688.2728,570.4455,0.0333,0.9754,1.3718,965,32.72166666666667,235.67349394692226,453.109,688.2728,570.6909,0.0,1.2294,1.3718,965,32.72166666666667,237.87438409862494,451.4626,688.7974,570.13,0.025,0.4341,1.3574,965,32.72166666666667,238.03078414436422,451.4051,688.9668,570.1859,0.0,0.4855,1.3045,965,32.72166666666667,236.18880728107632,452.6183,688.2728,570.4455,0.0333,0.9754,1.3718,965,32.72166666666667
236.26211779236107,452.5253,688.2612,570.3933,0.0417,1.0371,1.3566,966,32.75333333333334,235.67123120136168,453.1026,688.2612,570.6819,0.0,1.2717,1.3566,966,32.75333333333334,237.92058927917094,451.4137,688.7981,570.1059,0.0333,0.5546,1.3701,966,32.75333333333334,238.02368118133967,451.4136,688.9675,570.1906,0.0,0.5116,1.3248,966,32.75333333333334,236.26211779236107,452.5253,688.2612,570.3933,0.0417,1.0371,1.3566,966,32.75333333333334
236.26579996313433,452.5191,688.2629,570.391,0.0417,1.0028,1.368,967,32.788333333333334,235.67416156998652,453.0969,688.2629,570.6799,0.0,1.3177,1.368,967,32.788333333333334,237.87218074085553,451.4636,688.7935,570.1285,0.025,0.5061,1.3521,967,32.788333333333334,238.02742757765466,451.4055,688.9599,570.1827,0.0,0.5491,1.3638,967,32.788333333333334,236.26579996313433,452.5191,688.2629,570.391,0.0417,1.0028,1.368,967,32.788333333333334
236.27825284731122,452.5078,688.2638,570.3858,0.0417,0.9322,1.3812,968,32.82,235.68629069478882,453.0859,688.2638,570.6748,0.0,1.2949,1.3812,968,32.82,237.91827429677087,451.4123,688.7971,570.1047,0.0333,0.5398,1.3835,968,32.82,238.02186423942615,451.412,688.9665,570.1892,0.0,0.5329,1.3383,968,32.82,236.27825284731122,452.5078,688.2638,570.3858,0.0417,0.9322,1.3812,968,32.82
236.2385481262235,452.5322,688.2621,570.3972,0.0333,1.0633,1.3739,969,32.85333333333334,235.68879538103934,453.0848,688.2621,570.6734,0.0,1.2932,1.3739,969,32.85333333333334,237.89351114174272,451.4425,688.7927,570.1176,0.0167,0.4943,1.3906,969,32.85333333333334,238.01897016826618,451.4118,688.9622,570.187,0.0,0.5732,1.3255,969,32.85333333333334,236.2385481262235,452.5322,688.2621,570.3972,0.0333,1.0633,1.3739,969,32.85333333333334
236.29179332059027,452.4915,688.2528,570.3722,0.0417,0.9277,1.3723,970,32.89,235.69793174820654,453.0716,688.2528,570.6622,0.0,1.3702,1.3723,970,32.89,237.92509256938126,451.4033,688.7933,570.0983,0.0333,0.5102,1.4262,970,32.89,238.0287066396388,451.4031,688.9628,570.1829,0.0,0.5366,1.319,970,32.89,236.29179332059027,452.4915,688.2528,570.3722,0.0417,0.9277,1.3723,970,32.89
236.29509865937118,452.4952,688.2648,570.38,0.0417,0.9595,1.3688,971,32.92,235.70146386893202,453.0751,688.2648,570.67,0.0,1.3619,1.3688,971,32.92,237.9289382869537,451.403,688.7973,570.1002,0.0333,0.4882,1.3574,971,32.92,238.03217723412908,451.4032,688.9668,570.185,0.0,0.505,1.3048,971,32.92,236.29509865937118,452.4952,688.2648,570.38,0.0417,0.9595,1.3688,971,32.92
236.2941263482294,452.4882,688.2539,570.3711,0.0417,0.9014,1.377,972,32.955000000000005,235.69990706490964,453.0687,688.2539,570.6613,0.0,1.3538,1.377,972,32.955000000000005,237.93251140599287,451.4036,688.801,570.1023,0.0333,0.5107,1.4067,972,32.955000000000005,238.0355978917569,451.4038,688.9703,570.1871,0.0,0.5183,1.3708,972,32.955000000000005,236.2941263482294,452.4882,688.2539,570.3711,0.0417,0.9014,1.377,972,32.955000000000005
236.33587813399782,452.4493,688.25,570.3497,0.0417,0.9023,1.3863,973,32.99166666666667,235.73616854555684,453.035,688.25,570.6425,0.0,1.4212,1.3863,973,32.99166666666667,237.929924181656,451.4029,688.797,570.1,0.0333,0.5109,1.407,973,32.99166666666667,238.03303617250793,451.4032,688.9665,570.1848,0.0,0.5178,1.3445,973,32.99166666666667,236.33587813399782,452.4493,688.25,570.3497,0.0417,0.9023,1.3863,973,32.99166666666667
236.3594211710083,452.3943,688.2281,570.3112,0.0417,0.802,1.4265,974,33.02333333333333,235.9075597790448,452.8363,688.2281,570.5322,0.0083,0.9638,1.4265,974,33.02333333333333,237.89671606795326,451.4888,688.8449,570.1669,0.025,0.4686,1.3684,974,33.02333333333333,238.03547717640637,451.4425,689.0181,570.2303,0.0,0.5122,1.4049,974,33.02333333333333,236.32973530575853,452.4565,688.2281,570.3423,0.0333,0.943,1.4265,974,33.02333333333333
236.29026033992326,452.4821,688.2335,570.3578,0.0333,0.9314,1.4261,975,33.05666666666667,235.98077255056353,452.7858,688.2335,570.5097,0.0083,0.9637,1.4261,975,33.05666666666667,237.90923889953388,451.4678,688.8451,570.1564,0.0167,0.4856,1.3685,975,33.05666666666667,238.03389082937815,451.4443,689.0183,570.2313,0.0,0.5342,1.4057,975,33.05666666666667,236.40360668702922,452.4021,688.2335,570.3178,0.0333,0.9102,1.4261,975,33.05666666666667
236.23326234337964,452.4862,688.1405,570.3134,0.0333,0.929,1.3536,976,33.09666666666667,235.9242109164836,452.7886,688.1405,570.4646,0.0083,1.0128,1.3536,976,33.09666666666667,237.9204543833814,451.4687,688.8633,570.166,0.0167,0.4906,1.3917,976,33.09666666666667,238.04517083780286,451.4457,689.037,570.2414,0.0,0.519,1.3626,976,33.09666666666667,236.34561717264208,452.4061,688.1405,570.2733,0.0333,0.9437,1.3536,976,33.09666666666667
236.19093074636146,452.5239,688.1534,570.3387,0.0333,0.8705,1.3518,977,33.123333333333335,235.88639513923707,452.824,688.1534,570.4887,0.0083,0.9604,1.3518,977,33.123333333333335,237.92028210416564,451.4686,688.8627,570.1656,0.0167,0.5011,1.4547,977,33.123333333333335,238.04502179582775,451.4456,689.0364,570.241,0.0,0.5253,1.3891,977,33.123333333333335,236.30567601958742,452.4444,688.1534,570.2989,0.0333,0.9809,1.3518,977,33.123333333333335
236.40093037474347,452.356,688.1578,570.2569,0.05,0.9938,1.3567,978,33.153333333333336,235.92675128021463,452.7941,688.1578,570.476,0.0083,1.0116,1.3567,978,33.153333333333336,237.92064024371976,451.4688,688.8637,570.1663,0.0167,0.5013,1.4792,978,33.153333333333336,238.0453536145539,451.4459,689.0374,570.2416,0.0,0.5299,1.3992,978,33.153333333333336,236.3482123158322,452.4116,688.1578,570.2847,0.0333,0.9664,1.3567,978,33.153333333333336
236.467424433983,452.3493,688.2525,570.3009,0.0417,0.9954,1.3984,979,33.196666666666665,236.0312714622324,452.7589,688.2525,570.5057,0.0083,1.0036,1.3984,979,33.196666666666665,237.92540521258448,451.4659,688.8654,570.1656,0.0167,0.4852,1.471,979,33.196666666666665,238.05027193331975,451.4426,689.0391,570.2408,0.0,0.5317,1.3912,979,33.196666666666665,236.4136807633368,452.4057,688.2525,570.3291,0.025,1.0499,1.3984,979,33.196666666666665
236.38999139484596,452.338,688.1033,570.2206,0.0417,0.8524,1.3196,980,33.22166666666667,235.94795979131254,452.7534,688.1033,570.4284,0.0083,0.9981,1.3196,980,33.22166666666667,237.93477073953338,451.4564,688.8628,570.1596,0.0167,0.4467,1.3835,980,33.22166666666667,238.05850779311513,451.4334,689.0349,570.2342,0.0,0.5008,1.3339,980,33.22166666666667,236.35773017882067,452.3815,688.1033,570.2424,0.0333,0.8828,1.3196,980,33.22166666666667
236.39410093378743,452.338,688.1046,570.2213,0.0417,0.8957,1.3201,981,33.25333333333334,235.95220753123738,452.7533,688.1046,570.4289,0.0083,0.9915,1.3201,981,33.25333333333334,237.9349607288832,451.4554,688.8606,570.158,0.0167,0.4188,1.3874,981,33.25333333333334,238.05874519897444,451.4323,689.0328,570.2326,0.0,0.4786,1.3358,981,33.25333333333334,236.36112616160653,452.3819,688.1046,570.2433,0.0333,0.8413,1.3201,981,33.25333333333334
236.379864044012,452.3462,688.0974,570.2218,0.0417,0.8555,1.321,982,33.29833333333333,235.93853121083097,452.761,688.0974,570.4292,0.0083,1.0051,1.321,982,33.29833333333333,237.93202934811345,451.4562,688.8571,570.1567,0.0167,0.4181,1.3918,982,33.29833333333333,238.05585919597834,451.4332,689.0294,570.2313,0.0,0.4836,1.34,982,33.29833333333333,236.34735183552158,452.3899,688.0974,570.2437,0.0333,0.8219,1.321,982,33.29833333333333
236.3804481537508,452.3457,688.0974,570.2216,0.0417,0.8555,1.321,983,33.32,235.93905907642022,452.7605,688.0974,570.429,0.0083,1.0051,1.321,983,33.32,237.93241863790684,451.4559,688.8571,570.1565,0.0167,0.4176,1.3918,983,33.32,238.05624878131795,451.4329,689.0294,570.2311,0.0,0.4831,1.34,983,33.32,236.34791376942889,452.3894,688.0974,570.2434,0.0333,0.822,1.321,983,33.32
236.27468383048773,452.3633,688.1061,570.2347,0.0417,1.0378,1.4209,984,33.35666666666667,235.8815320374183,452.7444,688.1061,570.4253,0.0167,1.0968,1.4209,984,33.35666666666667,237.7097589702574,451.5149,688.7151,570.115,0.0333,0.4548,1.3145,984,33.35666666666667,237.8775601275409,451.4518,688.8856,570.1687,0.0,0.5132,1.3625,984,33.35666666666667,236.31228348942489,452.3569,688.1061,570.2315,0.0333,0.9401,1.4209,984,33.35666666666667
236.2865057301091,452.3926,688.1276,570.2601,0.05,0.9935,1.5143,985,33.39833333333333,235.69759222616142,452.9703,688.1276,570.549,0.0167,1.1309,1.5143,985,33.39833333333333,237.74687297533737,451.5095,688.7501,570.1298,0.0333,0.5406,1.4353,985,33.39833333333333,237.91541663685214,451.4465,688.9219,570.1842,0.0,0.5379,1.4359,985,33.39833333333333,236.32249802042907,452.3863,688.1276,570.257,0.0417,0.9443,1.5143,985,33.39833333333333
236.47887308266,452.1875,688.1024,570.1449,0.05,0.7942,1.4162,986,33.42,235.84235147469627,452.8189,688.1024,570.4607,0.0083,1.1407,1.4162,986,33.42,237.94921287308293,451.3118,688.7279,570.0198,0.0167,0.4652,1.285,986,33.42,238.07719527012662,451.2802,688.9006,570.0904,0.0,0.5846,1.3982,986,33.42,236.517343816452,452.178,688.1024,570.1402,0.05,0.8254,1.4162,986,33.42
236.50329523423255,452.1508,688.0858,570.1183,0.05,0.7938,1.426,987,33.45333333333333,235.86219090803408,452.7878,688.0858,570.4368,0.0083,1.2044,1.426,987,33.45333333333333,237.90040987401537,451.349,688.7174,570.0332,0.025,0.4899,1.3034,987,33.45333333333333,238.063161608829,451.2875,688.8903,570.0889,0.0,0.5369,1.4075,987,33.45333333333333,236.5410301772807,452.1429,688.0858,570.1144,0.05,0.8579,1.426,987,33.45333333333333
236.21303879504185,452.5097,688.1802,570.345,0.025,1.135,1.3616,988,33.48666666666667,235.8859074954877,452.8213,688.1802,570.5008,0.0083,1.1715,1.3616,988,33.48666666666667,237.84668713185897,451.506,688.8019,570.1539,0.0167,0.5316,1.4792,988,33.48666666666667,237.97357378379107,451.4738,688.9726,570.2232,0.0,0.5589,1.4916,988,33.48666666666667,236.2193487944042,452.5049,688.1802,570.3425,0.0167,1.0523,1.3616,988,33.48666666666667
236.20269702967406,452.5188,688.1744,570.3466,0.025,1.1119,1.3677,989,33.531666666666666,235.87649906166226,452.8296,688.1744,570.502,0.0083,1.0329,1.3677,989,33.531666666666666,237.80216657380274,451.521,688.7793,570.1501,0.0333,0.5069,1.5134,989,33.531666666666666,237.97035570915202,451.4584,688.9504,570.2044,0.0,0.5201,1.4785,989,33.531666666666666,236.2093960087078,452.5137,688.1744,570.344,0.0167,1.0284,1.3677,989,33.531666666666666
236.14428734701522,452.5156,688.1033,570.3095,0.025,1.106,1.301,990,33.553333333333335,235.81825437587253,452.8261,688.1033,570.4647,0.0083,1.034,1.301,990,33.553333333333335,237.7554628419812,451.5137,688.7266,570.1202,0.025,0.5152,1.3831,990,33.553333333333335,237.91600829033888,451.4555,688.9001,570.1778,0.0,0.5402,1.4131,990,33.553333333333335,236.1518086057935,452.5098,688.1033,570.3066,0.0167,1.0386,1.301,990,33.553333333333335
236.1497618458336,452.5087,688.1031,570.3059,0.025,1.2191,1.2962,991,33.58833333333334,235.8233309841425,452.8196,688.1031,570.4614,0.0083,1.1023,1.2962,991,33.58833333333334,237.7941012874377,451.4642,688.7257,570.095,0.0083,0.5846,1.3831,991,33.58833333333334,237.90830251652324,451.4642,688.8992,570.1817,0.0,0.5846,1.4109,991,33.58833333333334,236.157668119753,452.5026,688.1031,570.3028,0.0167,1.1641,1.2962,991,33.58833333333334
236.16378450923952,452.4987,688.1079,570.3033,0.025,1.1379,1.2663,992,33.620000000000005,235.836827894386,452.8101,688.1079,570.459,0.0083,1.1256,1.2663,992,33.620000000000005,237.78612226411246,451.4908,688.7316,570.1112,0.0167,0.4982,1.3913,992,33.620000000000005,237.91391647267275,451.4609,688.9049,570.1829,0.0,0.5878,1.4147,992,33.620000000000005,236.17303139163727,452.4916,688.1079,570.2997,0.0167,1.0498,1.2663,992,33.620000000000005
236.1653626505231,452.4961,688.1069,570.3015,0.025,1.0983,1.2754,993,33.653333333333336,235.83811704024683,452.8078,688.1069,570.4574,0.0083,1.1987,1.2754,993,33.653333333333336,237.8507961399517,451.4245,688.7304,570.0774,0.0333,0.495,1.3892,993,33.653333333333336,237.92203087759222,451.4514,688.9038,570.1776,0.0,0.5333,1.4148,993,33.653333333333336,236.21030604484875,452.4658,688.1069,570.2864,0.025,1.0205,1.2754,993,33.653333333333336
236.37609183738033,452.3182,688.1119,570.2151,0.0333,0.894,1.4255,994,33.68833333333333,235.85128162400534,452.8276,688.1119,570.4698,0.0083,1.0539,1.4255,994,33.68833333333333,237.9649699387146,451.4103,688.8491,570.1297,0.025,0.4601,1.3708,994,33.68833333333333,238.0708120508696,451.4065,689.0348,570.2207,0.0,0.5302,1.2904,994,33.68833333333333,236.39391422235198,452.3036,688.1119,570.2078,0.025,0.9099,1.4255,994,33.68833333333333
236.38146921587182,452.3161,688.1136,570.2148,0.0333,0.8939,1.4298,995,33.72,235.85673508158058,452.8254,688.1136,570.4695,0.0083,1.0522,1.4298,995,33.72,237.96270766221735,451.4084,688.8424,570.1254,0.025,0.4547,1.3658,995,33.72,238.06857170254406,451.4046,689.0282,570.2164,0.0,0.5327,1.3304,995,33.72,236.46250260882243,452.235,688.1136,570.1743,0.0333,0.8662,1.4298,995,33.72
236.36015176189298,452.3383,688.1057,570.222,0.0333,0.9283,1.3966,996,33.75333333333334,235.83601620839784,452.8471,688.1057,570.4764,0.0083,1.0375,1.3966,996,33.75333333333334,237.95626102492142,451.4142,688.8381,570.1261,0.025,0.4618,1.3149,996,33.75333333333334,238.06282388741067,451.4093,689.0241,570.2167,0.0,0.5402,1.3141,996,33.75333333333334,236.3771802625872,452.3244,688.1057,570.2151,0.025,0.9475,1.3966,996,33.75333333333334
236.39341557062784,452.3134,688.1202,570.2168,0.0417,0.8529,1.4278,997,33.78666666666667,235.80831947602195,452.8864,688.1202,570.5033,0.0083,0.9862,1.4278,997,33.78666666666667,237.8427723395854,451.5401,688.8539,570.197,0.0167,0.5676,1.3413,997,33.78666666666667,237.97837944812173,451.5105,689.0396,570.275,0.0,0.5803,1.3165,997,33.78666666666667,236.34864708885968,452.3645,688.1202,570.2424,0.025,0.883,1.4278,997,33.78666666666667
236.34431707002116,452.3621,688.1198,570.241,0.0333,0.9026,1.4291,998,33.82,235.821012696244,452.8701,688.1198,570.495,0.0083,1.0028,1.4291,998,33.82,237.87961928961076,451.5017,688.8492,570.1754,0.025,0.5633,1.3648,998,33.82,237.98766893931352,451.4955,689.0349,570.2652,0.0,0.5459,1.2859,998,33.82,236.36114197040058,452.3484,688.1198,570.2341,0.025,0.9166,1.4291,998,33.82
236.21825464812648,452.3358,687.8989,570.1173,0.0333,0.8546,1.3349,999,33.855000000000004,235.69126043499358,452.8473,687.8989,570.3731,0.0083,1.0249,1.3349,999,33.855000000000004,237.7247794378673,451.4741,688.5999,570.037,0.0167,0.5758,1.418,999,33.855000000000004,237.86398007071122,451.4451,688.7915,570.1183,0.0,0.5766,1.3579,999,33.855000000000004,236.2347788260346,452.3223,687.8989,570.1106,0.025,0.8735,1.3349,999,33.855000000000004
236.30586419519418,452.3528,688.0773,570.215,0.0333,0.8539,1.4143,1000,33.88666666666667,235.78120269500934,452.862,688.0773,570.4697,0.0083,1.0325,1.4143,1000,33.88666666666667,237.84147688036063,451.4858,688.791,570.1384,0.0167,0.576,1.4124,1000,33.88666666666667,237.97759242957306,451.4568,688.9778,570.2173,0.0,0.5754,1.3336,1000,33.88666666666667,236.3210213670806,452.3404,688.0773,570.2089,0.025,0.9131,1.4143,1000,33.88666666666667
236.5432986520891,452.138,688.1013,570.1196,0.0333,0.8342,1.4145,1001,33.92166666666667,236.14773133381135,452.5214,688.1013,570.3113,0.0083,0.8345,1.4145,1001,33.92166666666667,238.0861464179707,451.2678,688.805,570.0364,0.025,0.4864,1.4295,1001,33.92166666666667,238.19524201214978,451.2627,688.9916,570.1271,0.0,0.4987,1.3522,1001,33.92166666666667,236.55674496512032,452.1271,688.1013,570.1142,0.025,0.8323,1.4145,1001,33.92166666666667
236.35423303729695,452.3017,688.1019,570.2018,0.0417,0.6914,1.3964,1002,33.95333333333333,235.96587062792455,452.6637,688.1019,570.3828,0.0083,1.124,1.3964,1002,33.95333333333333,237.95494652662975,451.3637,688.7749,570.0693,0.0083,0.5226,1.3527,1002,33.95333333333333,238.07878869634322,451.3637,688.963,570.1634,0.0,0.5226,1.3265,1002,33.95333333333333,236.37557409682236,452.2853,688.1019,570.1936,0.0333,0.6896,1.3964,1002,33.95333333333333
236.2361733431133,452.6396,688.2326,570.4361,0.0417,0.9129,1.5078,1003,33.98833333333334,235.78520978488606,453.0639,688.2326,570.6482,0.0,1.1613,1.5078,1003,33.98833333333334,237.97060240591992,451.6268,689.0489,570.3379,0.025,0.4631,1.3745,1003,33.98833333333334,238.07638769627462,451.6219,689.2359,570.4289,0.0,0.5298,1.4265,1003,33.98833333333334,236.16932966151245,452.7057,688.2326,570.4691,0.0333,0.8983,1.5078,1003,33.98833333333334
236.34307737776362,452.4187,688.1421,570.2804,0.0333,0.8862,1.6132,1004,34.02166666666667,235.8147719796149,452.9178,688.1421,570.53,0.0,1.043,1.6132,1004,34.02166666666667,237.93429905136574,451.4696,688.8542,570.1619,0.025,0.4696,1.4505,1004,34.02166666666667,238.08900772455831,451.437,689.0267,570.2319,0.0,0.4541,1.4633,1004,34.02166666666667,236.34307737776362,452.4187,688.1421,570.2804,0.0333,0.8862,1.6132,1004,34.02166666666667
236.08109475555287,452.4039,687.8661,570.135,0.025,0.8248,1.5149,1005,34.055,235.69313820752194,452.7824,687.8661,570.3243,0.0,1.0237,1.5149,1005,34.055,237.75972498403593,451.3846,688.5584,569.9715,0.0417,0.3743,1.4326,1005,34.055,237.80957321897841,451.4308,688.7399,570.0853,0.0,0.4832,1.4058,1005,34.055,236.08109475555287,452.4039,687.8661,570.135,0.025,0.8248,1.5149,1005,34.055
236.22365239994053,452.412,688.0394,570.2257,0.025,0.8503,1.5841,1006,34.08833333333334,235.83618759386064,452.79,688.0394,570.4147,0.0,0.9959,1.5841,1006,34.08833333333334,237.88765167024513,451.5082,688.8892,570.1987,0.025,0.486,1.5518,1006,34.08833333333334,237.9434984721827,451.4436,688.8892,570.1664,0.0,0.4838,1.5518,1006,34.08833333333334,236.22365239994053,452.412,688.0394,570.2257,0.025,0.8503,1.5841,1006,34.08833333333334
236.22968949604424,452.4066,688.0436,570.2251,0.025,0.8144,1.5099,1007,34.12166666666667,235.84182545643088,452.7852,688.0436,570.4144,0.0,0.9473,1.5099,1007,34.12166666666667,237.82766288330166,451.4807,688.7405,570.1106,0.0333,0.3588,1.6267,1007,34.12166666666667,238.01306727076093,451.3992,688.9195,570.1594,0.0,0.4514,1.4965,1007,34.12166666666667,236.22968949604424,452.4066,688.0436,570.2251,0.025,0.8144,1.5099,1007,34.12166666666667
236.23301140256476,452.4086,688.0492,570.2289,0.0333,0.8714,1.4856,1008,34.156666666666666,235.8069865843037,452.8106,688.0492,570.4299,0.0,1.0454,1.4856,1008,34.156666666666666,237.86473402814428,451.4419,688.7478,570.0948,0.05,0.4169,1.6563,1008,34.156666666666666,238.0479077132761,451.371,688.9243,570.1476,0.0,0.5039,1.4886,1008,34.156666666666666,236.23301140256476,452.4086,688.0492,570.2289,0.0333,0.8714,1.4856,1008,34.156666666666666
236.27916051338775,452.3819,688.0729,570.2274,0.025,0.9239,1.3694,1009,34.190000000000005,235.88579935446555,452.7656,688.0729,570.4193,0.0,1.0522,1.3694,1009,34.190000000000005,237.9384225208866,451.4339,688.8137,570.1238,0.0333,0.461,1.501,1009,34.190000000000005,238.02458701981035,451.4408,688.9957,570.2183,0.0,0.5831,1.5062,1009,34.190000000000005,236.19864309160948,452.4645,688.0729,570.2687,0.025,0.9738,1.3694,1009,34.190000000000005
236.21876321709374,452.4413,688.0786,570.26,0.0167,0.9525,1.4382,1010,34.225,235.89098851003806,452.7541,688.0786,570.4163,0.0,1.1059,1.4382,1010,34.225,237.95225535055016,451.4261,688.8304,570.1283,0.0417,0.4382,1.483,1010,34.225,238.04765162405647,451.4287,689.0121,570.2204,0.0,0.5545,1.5312,1010,34.225,236.20162045672657,452.4545,688.0786,570.2666,0.025,0.9468,1.4382,1010,34.225
236.22526602628824,452.4412,688.0885,570.2649,0.0167,0.9453,1.4238,1011,34.25666666666667,235.89750616460927,452.7539,688.0885,570.4212,0.0,1.105,1.4238,1011,34.25666666666667,237.85673258917058,451.5043,688.8311,570.1677,0.05,0.4812,1.4852,1011,34.25666666666667,238.04740464550613,451.4297,689.0129,570.2213,0.0,0.548,1.534,1011,34.25666666666667,236.20815528830857,452.4543,688.0885,570.2714,0.025,0.9444,1.4238,1011,34.25666666666667
236.28431937853523,452.3663,688.083,570.2247,0.025,0.873,1.4118,1012,34.288333333333334,235.88922704711726,452.7518,688.083,570.4174,0.0,1.0814,1.4118,1012,34.288333333333334,237.87824400113453,451.4904,688.8332,570.1618,0.025,0.4889,1.4843,1012,34.288333333333334,238.02037550562818,451.4576,689.015,570.2363,0.0,0.5573,1.532,1012,34.288333333333334,236.28431937853523,452.3663,688.083,570.2247,0.025,0.873,1.4118,1012,34.288333333333334
236.32372200332574,452.3464,688.0943,570.2204,0.0333,0.8785,1.4109,1013,34.32333333333334,235.89431052480117,452.7531,688.0943,570.4237,0.0,1.1083,1.4109,1013,34.32333333333334,237.88494036543597,451.4897,688.8293,570.1595,0.025,0.5145,1.4726,1013,34.32333333333334,238.02730006486524,451.4568,689.0113,570.2341,0.0,0.5628,1.4976,1013,34.32333333333334,236.32372200332574,452.3464,688.0943,570.2204,0.0333,0.8785,1.4109,1013,34.32333333333334
236.49557072893842,452.1866,688.1469,570.1668,0.075,0.5951,1.4638,1014,34.358333333333334,236.06165629084356,452.5946,688.1469,570.3707,0.0083,0.8674,1.4638,1014,34.358333333333334,237.80887710202316,451.4439,688.7023,570.0731,0.0167,0.4964,1.2507,1014,34.358333333333334,237.937491325748,451.4189,688.8805,570.1497,0.0,0.5396,1.2628,1014,34.358333333333334,236.4662130447609,452.2082,688.1469,570.1775,0.0583,0.6076,1.4638,1014,34.358333333333334
236.5132988806971,452.1755,688.1323,570.1539,0.0833,0.6008,1.4675,1015,34.388333333333335,236.0514642979998,452.5964,688.1323,570.3643,0.0083,0.8673,1.4675,1015,34.388333333333335,237.8094305900757,451.4452,688.7039,570.0746,0.0167,0.4969,1.252,1015,34.388333333333335,237.9380263308332,451.4203,688.8822,570.1512,0.0,0.5418,1.2624,1015,34.388333333333335,236.45621580756273,452.2097,688.1323,570.171,0.0583,0.6064,1.4675,1015,34.388333333333335
236.45521981692653,452.2089,688.1309,570.1699,0.075,0.6434,1.4531,1016,34.425000000000004,236.14751265062844,452.5317,688.1309,570.3313,0.0083,0.7322,1.4531,1016,34.425000000000004,237.810117679188,451.4479,688.7041,570.076,0.0167,0.4992,1.4212,1016,34.425000000000004,237.93984727478716,451.4228,688.884,570.1534,0.0,0.5439,1.2947,1016,34.425000000000004,236.51998968603206,452.1681,688.1309,570.1495,0.05,0.648,1.4531,1016,34.425000000000004
236.3802035423327,452.255,688.1231,570.189,0.0583,0.637,1.4612,1017,34.45333333333333,236.08982170487943,452.5697,688.1231,570.3464,0.0083,0.8423,1.4612,1017,34.45333333333333,237.81384232390366,451.446,688.7046,570.0753,0.0167,0.4951,1.4355,1017,34.45333333333333,237.94453567632624,451.421,688.8859,570.1534,0.0,0.5288,1.3118,1017,34.45333333333333,236.49546901386083,452.1842,688.1231,570.1536,0.0583,0.6224,1.4612,1017,34.45333333333333
236.474675099645,452.1925,688.1287,570.1606,0.075,0.5434,1.4369,1018,34.48666666666667,235.9129989932481,452.7324,688.1287,570.4305,0.0083,0.7773,1.4369,1018,34.48666666666667,237.8290114659768,451.4482,688.7254,570.0868,0.0167,0.4364,1.3947,1018,34.48666666666667,237.95841902804162,451.4232,688.9049,570.1641,0.0,0.5208,1.2984,1018,34.48666666666667,236.510471204696,452.1727,688.1287,570.1507,0.0583,0.6498,1.4369,1018,34.48666666666667
236.39484226006962,452.2493,688.1401,570.1947,0.0583,0.5134,1.4259,1019,34.531666666666666,235.9158569560227,452.7355,688.1401,570.4378,0.0083,0.9079,1.4259,1019,34.531666666666666,237.82796035057817,451.4496,688.7263,570.088,0.0167,0.4311,1.3937,1019,34.531666666666666,237.95734424956163,451.4247,688.9057,570.1652,0.0,0.528,1.3021,1019,34.531666666666666,236.51310935191918,452.176,688.1401,570.158,0.0583,0.6538,1.4259,1019,34.531666666666666
236.39559338521246,452.2633,688.1374,570.2003,0.05,0.6549,1.4306,1020,34.553333333333335,235.89216000892918,452.7595,688.1374,570.4485,0.0083,0.9223,1.4306,1020,34.553333333333335,237.80858516879843,451.4716,688.7238,570.0977,0.0167,0.514,1.4024,1020,34.553333333333335,237.9383272088176,451.446,688.9034,570.1747,0.0,0.5745,1.3052,1020,34.553333333333335,236.4897241752967,452.1994,688.1374,570.1684,0.0583,0.6171,1.4306,1020,34.553333333333335
236.36830919051863,452.2797,688.1428,570.2113,0.0417,0.7615,1.4538,1021,34.58833333333334,236.08388531579126,452.5869,688.1428,570.3649,0.0083,0.9122,1.4538,1021,34.58833333333334,237.80954856258205,451.4709,688.7238,570.0974,0.0167,0.5438,1.2943,1021,34.58833333333334,237.9382974500843,451.4453,688.9018,570.1736,0.0,0.6333,1.3043,1021,34.58833333333334,236.49581811607737,452.1952,688.1428,570.169,0.0583,0.6184,1.4538,1021,34.58833333333334
236.40180665962976,452.2576,688.1399,570.1988,0.05,0.6706,1.4574,1022,34.63,236.08807783663394,452.5807,688.1399,570.3603,0.0083,0.9014,1.4574,1022,34.63,237.82343537661856,451.4535,688.7229,570.0882,0.0167,0.4323,1.3663,1022,34.63,237.9519138755593,451.4285,688.9009,570.1647,0.0,0.5333,1.3092,1022,34.63,236.49578242403445,452.1938,688.1399,570.1669,0.0583,0.6279,1.4574,1022,34.63
236.40463449290323,452.2576,688.1443,570.2009,0.05,0.6702,1.4285,1023,34.653333333333336,236.09096869982173,452.5806,688.1443,570.3625,0.0083,0.9012,1.4285,1023,34.653333333333336,237.8214789342668,451.4548,688.724,570.0894,0.0167,0.4337,1.3978,1023,34.653333333333336,237.9498791452813,451.4299,688.902,570.1659,0.0,0.5357,1.3041,1023,34.653333333333336,236.49861020357102,452.1938,688.1443,570.1691,0.0583,0.6293,1.4285,1023,34.653333333333336
236.35078998913698,452.4217,688.1868,570.3043,0.0417,0.9954,1.5729,1024,34.69166666666667,235.91686915485474,452.8388,688.1868,570.5128,0.0083,1.1561,1.5729,1024,34.69166666666667,237.9571183257506,451.4339,688.8403,570.1371,0.0167,0.5241,1.3379,1024,34.69166666666667,237.96933820509346,451.4288,688.8403,570.1345,0.0,0.5288,1.3379,1024,34.69166666666667,236.36729164391735,452.4084,688.1868,570.2976,0.0333,0.994,1.5729,1024,34.69166666666667
236.34743917192847,452.4253,688.1861,570.3057,0.0417,0.9567,1.5751,1025,34.73166666666667,235.91387519948452,452.8421,688.1861,570.5141,0.0083,1.1565,1.5751,1025,34.73166666666667,237.95678123084443,451.4368,688.8404,570.1386,0.0083,0.4742,1.3379,1025,34.73166666666667,237.96651804001422,451.4326,688.8404,570.1365,0.0,0.5491,1.3379,1025,34.73166666666667,236.3639594807609,452.412,688.1861,570.299,0.0333,0.9716,1.5751,1025,34.73166666666667
236.29280515872125,452.4788,688.2003,570.3395,0.0417,0.9647,1.5459,1026,34.75333333333334,235.86462236630422,452.8903,688.2003,570.5453,0.0083,1.2148,1.5459,1026,34.75333333333334,237.9430931533293,451.4384,688.8567,570.1475,0.0083,0.5052,1.355,1026,34.75333333333334,237.9525868694384,451.4343,688.8567,570.1455,0.0,0.5364,1.355,1026,34.75333333333334,236.31225041255266,452.4639,688.2003,570.3321,0.0333,1.0168,1.5459,1026,34.75333333333334
236.35650158546576,452.4267,688.1983,570.3125,0.0417,0.9421,1.5566,1027,34.788333333333334,235.92471923192412,452.8422,688.1983,570.5202,0.0083,1.2147,1.5566,1027,34.788333333333334,237.93179703058536,451.4403,688.8423,570.1413,0.0083,0.5197,1.3623,1027,34.788333333333334,237.94150161872673,451.4361,688.8423,570.1392,0.0,0.5448,1.3623,1027,34.788333333333334,236.3736568803274,452.4128,688.1983,570.3056,0.0333,0.9192,1.5566,1027,34.788333333333334
236.29702696390882,452.4774,688.2039,570.3407,0.0417,0.9601,1.5638,1028,34.83166666666667,235.86884551257236,452.8891,688.2039,570.5465,0.0083,1.2392,1.5638,1028,34.83166666666667,237.91583161932525,451.441,688.8195,570.1302,0.0083,0.522,1.2711,1028,34.83166666666667,237.92532697690243,451.4369,688.8195,570.1282,0.0,0.5399,1.2711,1028,34.83166666666667,236.31753267765322,452.4617,688.2039,570.3328,0.0333,1.0199,1.5638,1028,34.83166666666667
236.31094990552825,452.4622,688.2059,570.3341,0.0417,0.943,1.5578,1029,34.85333333333334,235.88167325828408,452.8752,688.2059,570.5406,0.0083,1.2093,1.5578,1029,34.85333333333334,237.91448368244548,451.4409,688.8172,570.129,0.0083,0.5106,1.2697,1029,34.85333333333334,237.9241307665445,451.4367,688.8172,570.1269,0.0,0.5418,1.2697,1029,34.85333333333334,236.33052886238963,452.4472,688.2059,570.3266,0.0333,0.9348,1.5578,1029,34.85333333333334
236.25516882155082,452.5432,688.2054,570.3743,0.0333,0.9941,1.5591,1030,34.88666666666667,235.89694865196626,452.8754,688.2054,570.5404,0.0083,1.1345,1.5591,1030,34.88666666666667,237.9176454497462,451.4396,688.8196,570.1296,0.0083,0.5167,1.2932,1030,34.88666666666667,237.92709702093643,451.4356,688.8196,570.1276,0.0,0.5378,1.2932,1030,34.88666666666667,236.30364125436074,452.4755,688.2054,570.3404,0.025,1.0443,1.5591,1030,34.88666666666667
236.36394012318306,452.4255,688.2074,570.3164,0.0417,0.9462,1.558,1031,34.92166666666667,235.932425250545,452.8411,688.2074,570.5242,0.0083,1.1204,1.558,1031,34.92166666666667,237.92079154186936,451.4411,688.8289,570.135,0.0167,0.5101,1.3364,1031,34.92166666666667,237.93297068822056,451.4361,688.8289,570.1325,0.0,0.5205,1.3364,1031,34.92166666666667,236.38086522583842,452.4118,688.2074,570.3096,0.0333,0.9289,1.558,1031,34.92166666666667
236.3631693623596,452.4281,688.2095,570.3188,0.0417,0.891,1.5509,1032,34.95333333333333,235.9315818825279,452.8436,688.2095,570.5265,0.0083,1.1703,1.5509,1032,34.95333333333333,237.91822740543128,451.4391,688.8192,570.1291,0.0083,0.5163,1.2932,1032,34.95333333333333,237.9276684060671,451.435,688.8192,570.1271,0.0,0.5391,1.2932,1032,34.95333333333333,236.3791424335979,452.4152,688.2095,570.3124,0.0333,0.9257,1.5509,1032,34.95333333333333
236.35095301352837,452.4324,688.2037,570.318,0.05,0.9104,1.5508,1033,34.98833333333334,235.8815410636616,452.8756,688.2037,570.5396,0.0083,1.1937,1.5508,1033,34.98833333333334,237.9172887333204,451.4384,688.818,570.1282,0.0083,0.5178,1.2829,1033,34.98833333333334,237.92694250603418,451.4342,688.818,570.1261,0.0,0.539,1.2829,1033,34.98833333333334,236.33039566654242,452.448,688.2037,570.3258,0.0333,0.926,1.5508,1033,34.98833333333334
236.15697922795522,452.513,688.1317,570.3224,0.0333,1.1185,1.4887,1034,35.02166666666667,235.70902005021003,452.9737,688.1317,570.5527,0.0083,1.1214,1.4887,1034,35.02166666666667,237.81740760254775,451.5077,688.7652,570.1365,0.0167,0.5069,1.3611,1034,35.02166666666667,237.94696632396816,451.4792,688.9425,570.2108,0.0,0.5659,1.3012,1034,35.02166666666667,236.1690375667895,452.5077,688.1317,570.3197,0.0417,1.0625,1.4887,1034,35.02166666666667
236.16441336160608,452.513,688.1299,570.3215,0.0333,1.1253,1.4903,1035,35.053333333333335,235.7159134824402,452.9742,688.1299,570.5521,0.0083,1.1412,1.4903,1035,35.053333333333335,237.82613933529828,451.5073,688.7724,570.1399,0.0167,0.5061,1.3579,1035,35.053333333333335,237.95563775631297,451.4788,688.9495,570.2142,0.0,0.5661,1.3063,1035,35.053333333333335,236.153069701983,452.5291,688.1299,570.3295,0.0333,1.0977,1.4903,1035,35.053333333333335
236.16547193049814,452.5089,688.1292,570.319,0.0333,1.1136,1.4954,1036,35.086666666666666,235.71691485983266,452.9702,688.1292,570.5497,0.0083,1.1509,1.4954,1036,35.086666666666666,237.82559553337336,451.5031,688.7711,570.1371,0.0167,0.5088,1.3531,1036,35.086666666666666,237.95511536596715,451.4745,688.9482,570.2113,0.0,0.5491,1.3036,1036,35.086666666666666,236.17909102442758,452.5023,688.1292,570.3157,0.0417,1.059,1.4954,1036,35.086666666666666
236.16569862901216,452.5148,688.1366,570.3257,0.0333,1.1121,1.4873,1037,35.120000000000005,235.71750244518185,452.9756,688.1366,570.5561,0.0083,1.1581,1.4873,1037,35.120000000000005,237.85023671237073,451.5003,688.7832,570.1417,0.0333,0.4013,1.3689,1037,35.120000000000005,237.96395022913256,451.4737,688.96,570.2168,0.0,0.4995,1.3046,1037,35.120000000000005,236.18029819422762,452.5072,688.1366,570.3219,0.0417,1.0338,1.4873,1037,35.120000000000005
236.0178541891572,452.6088,688.0643,570.3365,0.025,1.0526,1.2969,1038,35.153333333333336,235.5799582560535,453.06,688.0643,570.5621,0.0,1.0845,1.2969,1038,35.153333333333336,237.8114907126413,451.5123,688.7605,570.1364,0.0167,0.4746,1.3623,1038,35.153333333333336,237.94001107936987,451.4812,688.9343,570.2078,0.0,0.5516,1.2965,1038,35.153333333333336,236.10291788567113,452.5241,688.0643,570.2942,0.0417,0.9658,1.2969,1038,35.153333333333336
236.0286586304923,452.6083,688.0781,570.3432,0.025,1.0545,1.2871,1039,35.18833333333333,235.59107623462478,453.0592,688.0781,570.5686,0.0,1.0839,1.2871,1039,35.18833333333333,237.81262677087568,451.511,688.7607,570.1358,0.0167,0.4431,1.3632,1039,35.18833333333333,237.94113541013346,451.4799,688.9345,570.2072,0.0,0.5548,1.2965,1039,35.18833333333333,236.11367263065793,452.5237,688.0781,570.3009,0.0417,1.0155,1.2871,1039,35.18833333333333
236.03250761471463,452.6081,688.0814,570.3448,0.025,1.053,1.2997,1040,35.22166666666667,235.59363636757428,453.0602,688.0814,570.5708,0.0,1.0851,1.2997,1040,35.22166666666667,237.815468189808,451.5121,688.7633,570.1377,0.0167,0.4402,1.3591,1040,35.22166666666667,237.9439098987022,451.481,688.9371,570.209,0.0,0.5552,1.292,1040,35.22166666666667,236.11787442102286,452.5231,688.0814,570.3023,0.0417,0.9455,1.2997,1040,35.22166666666667
236.035250698153,452.6057,688.0831,570.3444,0.025,1.0527,1.297,1041,35.255,235.59743229757996,453.0567,688.0831,570.5699,0.0,1.0786,1.297,1041,35.255,237.8149216819535,451.5111,688.7614,570.1362,0.0167,0.4409,1.3602,1041,35.255,237.9433960982047,451.48,688.9352,570.2076,0.0,0.5539,1.2932,1041,35.255,236.12058196310602,452.5208,688.0831,570.3019,0.0417,0.9521,1.297,1041,35.255
236.03165300135788,452.6046,688.0764,570.3405,0.025,1.0913,1.2947,1042,35.288333333333334,235.59373845495688,453.0557,688.0764,570.5661,0.0,1.0949,1.2947,1042,35.288333333333334,237.81496010747142,451.5117,688.7617,570.1367,0.0167,0.4253,1.3593,1042,35.288333333333334,237.94343726673415,451.4806,688.9355,570.2081,0.0,0.555,1.293,1042,35.288333333333334,236.1171722915108,452.5195,688.0764,570.2979,0.0417,0.9631,1.2947,1042,35.288333333333334
236.02176766399,452.6061,688.0631,570.3346,0.025,1.0865,1.3282,1043,35.32333333333334,235.5838029776508,453.0573,688.0631,570.5602,0.0,1.0984,1.3282,1043,35.32333333333334,237.81496010747142,451.5117,688.7617,570.1367,0.0167,0.4253,1.3593,1043,35.32333333333334,237.94343726673415,451.4806,688.9355,570.2081,0.0,0.555,1.293,1043,35.32333333333334,236.10716953633684,452.5211,688.0631,570.2921,0.0417,1.0436,1.3282,1043,35.32333333333334
236.27816858553942,452.4155,688.0681,570.2418,0.05,1.0043,1.2704,1044,35.36,235.65388043626282,453.0001,688.0681,570.5341,0.0083,1.1891,1.2704,1044,35.36,237.84484310547222,451.5099,688.7394,570.1247,0.025,0.4218,1.393,1044,35.36,237.84487546904347,451.4736,688.7394,570.1065,0.0,0.4892,1.393,1044,35.36,236.3558609155907,452.3424,688.0681,570.2053,0.05,0.9568,1.2704,1044,35.36
236.23633798545896,452.4436,688.0636,570.2536,0.0417,0.9869,1.2853,1045,35.39,235.65330879409075,452.9983,688.0636,570.531,0.0083,1.1969,1.2853,1045,35.39,237.7944470663432,451.541,688.7365,570.1387,0.025,0.4454,1.4058,1045,35.39,237.96871215408135,451.4712,688.9234,570.1973,0.0,0.4872,1.4234,1045,35.39,236.35523780695038,452.3405,688.0636,570.2021,0.05,0.9166,1.2853,1045,35.39
236.2262263790274,452.4472,688.06,570.2536,0.0417,0.9623,1.3289,1046,35.42166666666667,235.64115780446883,453.003,688.06,570.5315,0.0083,1.2434,1.3289,1046,35.42166666666667,237.78265921800175,451.5435,688.7238,570.1336,0.025,0.4513,1.4608,1046,35.42166666666667,237.95764619460667,451.4742,688.9123,570.1933,0.0,0.476,1.4136,1046,35.42166666666667,236.30618413198326,452.3707,688.06,570.2153,0.0417,0.9231,1.3289,1046,35.42166666666667
236.21749521766327,452.4523,688.0489,570.2506,0.0417,0.9594,1.2962,1047,35.45333333333333,235.6370459534844,453.0044,688.0489,570.5267,0.0083,1.185,1.2962,1047,35.45333333333333,237.78578410969234,451.5413,688.7226,570.132,0.025,0.45,1.4034,1047,35.45333333333333,237.96054664272756,451.4714,688.9103,570.1908,0.0,0.4789,1.3974,1047,35.45333333333333,236.3337634048273,452.3509,688.0489,570.1999,0.05,0.8937,1.2962,1047,35.45333333333333
236.2215543934459,452.4494,688.0479,570.2487,0.0417,0.9277,1.2948,1048,35.48666666666667,235.6408641358748,453.0022,688.0479,570.5251,0.0083,1.2304,1.2948,1048,35.48666666666667,237.78635718924087,451.5411,688.7228,570.132,0.025,0.4503,1.4039,1048,35.48666666666667,237.96138006322138,451.4712,688.9109,570.191,0.0,0.4732,1.3976,1048,35.48666666666667,236.33968875497914,452.3466,688.0479,570.1973,0.05,0.8729,1.2948,1048,35.48666666666667
236.23216700265243,452.4401,688.0504,570.2453,0.0417,0.9198,1.2945,1049,35.52,235.64994192888366,452.9943,688.0504,570.5224,0.0083,1.2041,1.2945,1049,35.52,237.78948791817243,451.5405,688.7287,570.1346,0.025,0.4486,1.4045,1049,35.52,237.96388347087392,451.4711,688.9161,570.1936,0.0,0.468,1.4049,1049,35.52,236.35055982440835,452.3376,688.0504,570.194,0.05,0.8609,1.2945,1049,35.52
236.24324607703153,452.44,688.0671,570.2535,0.0417,0.9343,1.3265,1050,35.553333333333335,235.66030974096674,452.9952,688.0671,570.5311,0.0083,1.1585,1.3265,1050,35.553333333333335,237.79622349178945,451.5389,688.7346,570.1368,0.025,0.4413,1.4052,1050,35.553333333333335,237.97151088243064,451.4693,688.9233,570.1963,0.0,0.5038,1.4113,1050,35.553333333333335,236.3631234810448,452.3367,688.0671,570.2019,0.05,0.8602,1.3265,1050,35.553333333333335
236.26585222847186,452.4247,688.0598,570.2422,0.0417,0.9799,1.3283,1051,35.58833333333334,235.68427646042326,452.9788,688.0598,570.5193,0.0083,1.1151,1.3283,1051,35.58833333333334,237.78807799845853,451.5417,688.7299,570.1358,0.0333,0.4204,1.4039,1051,35.58833333333334,237.96893964800017,451.4691,688.9173,570.1932,0.0,0.4884,1.4063,1051,35.58833333333334,236.38267593632662,452.3263,688.0598,570.193,0.05,0.7786,1.3283,1051,35.58833333333334
236.31590236064244,452.3929,688.065,570.2289,0.05,0.7447,1.3198,1052,35.620000000000005,235.6899829735592,452.9761,688.065,570.5205,0.0083,1.0807,1.3198,1052,35.620000000000005,237.79280774895963,451.5431,688.7395,570.1413,0.0333,0.4101,1.494,1052,35.620000000000005,237.97417791614274,451.4699,688.927,570.1984,0.0,0.4727,1.4538,1052,35.620000000000005,236.38838532259277,452.3241,688.065,570.1945,0.05,0.7666,1.3198,1052,35.620000000000005
236.31973749257642,452.39,688.0648,570.2274,0.05,0.7352,1.3213,1053,35.653333333333336,235.69340326568093,452.9735,688.0648,570.5191,0.0083,1.0862,1.3213,1053,35.653333333333336,237.793145278389,451.5431,688.7388,570.141,0.0333,0.4101,1.4969,1053,35.653333333333336,237.97426593276307,451.4699,688.9259,570.1979,0.0,0.4727,1.455,1053,35.653333333333336,236.39217337416153,452.3212,688.0648,570.193,0.05,0.7647,1.3213,1053,35.653333333333336
236.35704407331582,452.4092,688.2538,570.3315,0.0583,0.6787,1.4945,1054,35.69166666666667,235.8442055010718,452.8969,688.2538,570.5754,0.0167,0.9225,1.4945,1054,35.69166666666667,237.86301016603997,451.5437,688.8346,570.1892,0.0167,0.5152,1.4288,1054,35.69166666666667,238.00308142716528,451.5059,689.0215,570.2637,0.0,0.5958,1.3609,1054,35.69166666666667,236.34733084771358,452.4408,688.2538,570.3473,0.05,0.7312,1.4945,1054,35.69166666666667
236.3992570331235,452.3877,688.2507,570.3192,0.0667,0.7271,1.5375,1055,35.72,235.84149156658916,452.9042,688.2507,570.5775,0.0167,0.9978,1.5375,1055,35.72,237.93025572349444,451.5132,688.8958,570.2045,0.025,0.4627,1.4659,1055,35.72,238.03925630525697,451.5086,689.0805,570.2946,0.0,0.597,1.3911,1055,35.72,236.34330533596872,452.4492,688.2507,570.3499,0.05,0.7291,1.5375,1055,35.72
236.40374358213242,452.385,688.25,570.3175,0.0667,0.7389,1.5569,1056,35.75666666666667,235.8455103684651,452.902,688.25,570.576,0.0167,0.9939,1.5569,1056,35.75666666666667,237.966797165058,451.4832,688.896,570.1896,0.0333,0.4068,1.4649,1056,35.75666666666667,238.0507140513888,451.4994,689.0807,570.29,0.0,0.597,1.3832,1056,35.75666666666667,236.41319937109205,452.3775,688.25,570.3138,0.05,0.6993,1.5569,1056,35.75666666666667
236.2946304876709,452.4584,688.2393,570.3488,0.05,0.7079,1.5538,1057,35.788333333333334,235.84077827137497,452.9014,688.2393,570.5703,0.0167,1.0224,1.5538,1057,35.788333333333334,237.8747930872279,451.5672,688.8917,570.2295,0.025,0.4482,1.4646,1057,35.788333333333334,238.04605097324608,451.5009,689.0765,570.2887,0.0,0.5724,1.3925,1057,35.788333333333334,236.38066428194927,452.4201,688.2393,570.3297,0.05,0.7357,1.5538,1057,35.788333333333334
236.3120324844494,452.4519,688.2376,570.3447,0.05,0.802,1.552,1058,35.82,235.86313637120855,452.8899,688.2376,570.5637,0.0167,0.995,1.552,1058,35.82,237.86373003225475,451.5731,688.8837,570.2284,0.025,0.4884,1.4709,1058,35.82,238.0353251314056,451.5067,689.0688,570.2877,0.0,0.5928,1.3907,1058,35.82,236.30003319756145,452.4998,688.2376,570.3687,0.0333,0.8078,1.552,1058,35.82
236.2830343634585,452.4671,688.2372,570.3522,0.05,0.795,1.548,1059,35.858333333333334,235.83014690872778,452.9092,688.2372,570.5732,0.0167,1.0278,1.548,1059,35.858333333333334,237.86723243406223,451.5716,688.8879,570.2297,0.025,0.4777,1.4677,1059,35.858333333333334,238.03871651710253,451.5053,689.0729,570.2891,0.0,0.5635,1.3986,1059,35.858333333333334,236.33800881317634,452.4495,688.2372,570.3433,0.0417,0.8177,1.548,1059,35.858333333333334
236.27500694151732,452.4717,688.2314,570.3515,0.05,0.8006,1.5551,1060,35.88666666666667,235.82259401486724,452.9133,688.2314,570.5724,0.0167,1.0306,1.5551,1060,35.88666666666667,237.86830697688617,451.5714,688.8892,570.2303,0.025,0.4797,1.4712,1060,35.88666666666667,238.03975995574055,451.5052,689.0741,570.2897,0.0,0.5627,1.3941,1060,35.88666666666667,236.3297373822694,452.4542,688.2314,570.3428,0.0417,0.8312,1.5551,1060,35.88666666666667
236.27717025670992,452.4688,688.2297,570.3492,0.05,0.8146,1.5527,1061,35.92,235.82444844324203,452.9107,688.2297,570.5702,0.0167,1.0193,1.5527,1061,35.92,237.86686160624194,451.5728,688.8877,570.2303,0.025,0.48,1.4735,1061,35.92,238.0383831082387,451.5065,689.0726,570.2896,0.0,0.5623,1.403,1061,35.92,236.33194472066043,452.4513,688.2297,570.3405,0.0417,0.8942,1.5527,1061,35.92
236.29388691019912,452.4648,688.2476,570.3562,0.05,0.8021,1.5441,1062,35.961666666666666,235.84154162496793,452.9064,688.2476,570.577,0.0167,0.9821,1.5441,1062,35.961666666666666,237.8655942022385,451.574,688.8882,570.2311,0.025,0.495,1.473,1062,35.961666666666666,238.03712552808216,451.5077,689.0732,570.2904,0.0,0.5789,1.394,1062,35.961666666666666,236.28219454626668,452.5151,688.2476,570.3813,0.0333,0.9211,1.5441,1062,35.961666666666666
236.28666180485996,452.4642,688.2383,570.3512,0.05,0.8045,1.5432,1063,35.98666666666667,235.83431389210867,452.9057,688.2383,570.572,0.0167,0.985,1.5432,1063,35.98666666666667,237.85612172472625,451.574,688.8775,570.2258,0.025,0.495,1.4693,1063,35.98666666666667,238.02795069057018,451.5077,689.0629,570.2853,0.0,0.5789,1.4031,1063,35.98666666666667,236.2749637580698,452.5144,688.2383,570.3763,0.0333,0.9233,1.5432,1063,35.98666666666667
236.05449145649874,452.6504,688.1356,570.393,0.0417,1.0272,1.5139,1064,36.02166666666667,235.49818334211315,453.2073,688.1356,570.6714,0.0083,1.3284,1.5139,1064,36.02166666666667,237.87483639135252,451.503,688.8092,570.1561,0.0167,0.5648,1.3733,1064,36.02166666666667,238.01814760195197,451.4684,689.0032,570.2358,0.0,0.6283,1.3363,1064,36.02166666666667,236.14605120412924,452.5725,688.1356,570.354,0.0417,1.0398,1.5139,1064,36.02166666666667
236.0572194025398,452.6501,688.1366,570.3934,0.0417,1.0126,1.506,1065,36.065000000000005,235.50004169177035,453.2078,688.1366,570.6722,0.0083,1.2764,1.506,1065,36.065000000000005,237.87966923617176,451.5002,688.8125,570.1564,0.0167,0.5781,1.3736,1065,36.065000000000005,238.0221904801421,451.4656,689.0053,570.2355,0.0,0.6229,1.3345,1065,36.065000000000005,236.14846219229366,452.5725,688.1366,570.3546,0.0417,1.0439,1.506,1065,36.065000000000005
236.12538565314273,452.5824,688.1342,570.3583,0.05,1.063,1.4818,1066,36.086666666666666,235.4954584186868,453.2035,688.1342,570.6689,0.0083,1.2959,1.4818,1066,36.086666666666666,237.87691011089558,451.5053,688.8127,570.159,0.0167,0.571,1.3033,1066,36.086666666666666,238.01893246934725,451.4701,689.0043,570.2372,0.0,0.6345,1.3252,1066,36.086666666666666,236.14597304928537,452.5664,688.1342,570.3503,0.0417,1.1219,1.4818,1066,36.086666666666666
236.19872288765345,452.5374,688.1524,570.3449,0.0417,1.0297,1.4956,1067,36.120000000000005,235.57632367050266,453.1497,688.1524,570.651,0.0,1.2217,1.4956,1067,36.120000000000005,237.89262902055103,451.4781,688.812,570.1451,0.025,0.5042,1.3773,1067,36.120000000000005,238.00175214588444,451.48,689.0035,570.2417,0.0,0.5862,1.3101,1067,36.120000000000005,236.19872288765345,452.5374,688.1524,570.3449,0.0417,1.0297,1.4956,1067,36.120000000000005
236.20491161592457,452.5311,688.1545,570.3428,0.0417,1.0166,1.4969,1068,36.165,235.5817041524176,453.1446,688.1545,570.6495,0.0,1.1717,1.4969,1068,36.165,237.86304809601066,451.5128,688.8142,570.1635,0.0167,0.561,1.3792,1068,36.165,238.00467954357282,451.4782,689.0056,570.2419,0.0,0.6097,1.3098,1068,36.165,236.20491161592457,452.5311,688.1545,570.3428,0.0417,1.0166,1.4969,1068,36.165
236.2025118988495,452.534,688.1556,570.3448,0.0417,1.1097,1.4963,1069,36.18833333333333,235.57971115769018,453.1472,688.1556,570.6514,0.0,1.1624,1.4963,1069,36.18833333333333,237.86350171267497,451.5129,688.815,570.1639,0.0167,0.5613,1.3777,1069,36.18833333333333,238.00513006140926,451.4783,689.0064,570.2423,0.0,0.6096,1.3094,1069,36.18833333333333,236.2025118988495,452.534,688.1556,570.3448,0.0417,1.1097,1.4963,1069,36.18833333333333
236.20663469805453,452.531,688.1552,570.3431,0.0417,1.0958,1.4963,1070,36.22,235.58316202090114,453.1445,688.1552,570.6498,0.0,1.1851,1.4963,1070,36.22,237.86174363343395,451.5142,688.8142,570.1642,0.0167,0.5638,1.3792,1070,36.22,238.00338094013122,451.4796,689.0056,570.2426,0.0,0.6111,1.3098,1070,36.22,236.20663469805453,452.531,688.1552,570.3431,0.0417,1.0958,1.4963,1070,36.22
236.21054272238078,452.5279,688.1554,570.3416,0.0417,1.1045,1.4957,1071,36.265,235.58709250176904,453.1412,688.1554,570.6483,0.0,1.2567,1.4957,1071,36.265,237.89343326471325,451.4788,688.814,570.1464,0.025,0.5045,1.3805,1071,36.265,238.0025389390266,451.4806,689.0054,570.243,0.0,0.5915,1.3103,1071,36.265,236.21054272238078,452.5279,688.1554,570.3416,0.0417,1.1045,1.4957,1071,36.265
236.20923648396212,452.5283,688.1559,570.3421,0.0417,1.062,1.4946,1072,36.28666666666667,235.58547426964898,453.142,688.1559,570.649,0.0,1.1861,1.4946,1072,36.28666666666667,237.8623136185556,451.5139,688.8146,570.1642,0.0167,0.5648,1.3798,1072,36.28666666666667,238.00391613090696,451.4793,689.006,570.2426,0.0,0.6055,1.3195,1072,36.28666666666667,236.20923648396212,452.5283,688.1559,570.3421,0.0417,1.062,1.4946,1072,36.28666666666667
236.2320159189784,452.5088,688.1553,570.332,0.0417,0.9815,1.4949,1073,36.32,235.6059254513946,453.1246,688.1553,570.6399,0.0,1.1811,1.4949,1073,36.32,237.86382988879961,451.5125,688.8145,570.1635,0.0167,0.5662,1.375,1073,36.32,238.00544543550993,451.4779,689.0059,570.2419,0.0,0.5574,1.3195,1073,36.32,236.2320159189784,452.5088,688.1553,570.332,0.0417,0.9815,1.4949,1073,36.32
236.17014724647584,452.5013,688.0725,570.2869,0.025,1.0438,1.5141,1074,36.36833333333333,235.84650130068553,452.8095,688.0725,570.441,0.0083,1.0293,1.5141,1074,36.36833333333333,237.91668901182427,451.4782,688.8886,570.1834,0.0167,0.5438,1.2965,1074,36.36833333333333,238.03653926524305,451.4745,689.0578,570.2661,0.0,0.5728,1.3475,1074,36.36833333333333,236.18128522632594,452.4927,688.0725,570.2826,0.0167,0.9907,1.5141,1074,36.36833333333333
236.251780457727,452.4341,688.0738,570.2539,0.0333,0.9944,1.5407,1075,36.388333333333335,235.8639933980344,452.8116,688.0738,570.4427,0.0083,1.0659,1.5407,1075,36.388333333333335,237.92157262411627,451.4798,688.8937,570.1867,0.0167,0.5459,1.2956,1075,36.388333333333335,238.0402745907864,451.4766,689.0628,570.2697,0.0,0.5682,1.351,1075,36.388333333333335,236.20060658611615,452.4933,688.0738,570.2835,0.0167,0.9833,1.5407,1075,36.388333333333335
236.2574463580691,452.4346,688.083,570.2588,0.0333,1.0008,1.5418,1076,36.42166666666667,235.86989589254276,452.8119,688.083,570.4475,0.0083,1.1551,1.5418,1076,36.42166666666667,237.93058010323082,451.4747,688.8939,570.1843,0.0167,0.5395,1.3671,1076,36.42166666666667,238.04760437410488,451.4716,689.0606,570.2661,0.0,0.5518,1.3454,1076,36.42166666666667,236.32723543866936,452.3755,688.083,570.2293,0.0333,0.9249,1.5418,1076,36.42166666666667
236.25472998898553,452.4358,688.079,570.2574,0.0333,0.9524,1.5016,1077,36.45666666666667,235.86735693903492,452.8129,688.079,570.4459,0.0083,1.1556,1.5016,1077,36.45666666666667,237.93118013940713,451.4757,688.8951,570.1854,0.0167,0.5492,1.3624,1077,36.45666666666667,238.0480682277262,451.4727,689.0619,570.2673,0.0,0.5493,1.3528,1077,36.45666666666667,236.265639091099,452.4273,688.079,570.2532,0.025,0.9448,1.5016,1077,36.45666666666667
236.2558810483922,452.4362,688.0802,570.2582,0.0333,0.9886,1.4926,1078,36.49,235.8683236500622,452.8135,688.0802,570.4469,0.0083,1.1274,1.4926,1078,36.49,237.92990262350995,451.4778,688.8964,570.1871,0.0167,0.5475,1.3611,1078,36.49,238.04681762182037,451.4747,689.0631,570.2689,0.0,0.5507,1.3473,1078,36.49,236.31744146505585,452.3993,688.0802,570.2397,0.0417,0.8886,1.4926,1078,36.49
236.37439376476905,452.3496,688.0747,570.2122,0.0417,0.9638,1.5533,1079,36.531666666666666,235.98961864944562,452.7116,688.0747,570.3932,0.0083,0.9848,1.5533,1079,36.531666666666666,237.9298333881372,451.4806,688.8954,570.188,0.0083,0.5633,1.3407,1079,36.531666666666666,238.0396115597284,451.4806,689.0621,570.2714,0.0,0.5633,1.3485,1079,36.531666666666666,236.43036915893975,452.2939,688.0747,570.1843,0.0333,0.7733,1.5533,1079,36.531666666666666
236.32070200376506,452.3869,688.0801,570.2335,0.0333,0.996,1.5047,1080,36.553333333333335,235.9304697702685,452.7664,688.0801,570.4232,0.0083,1.0441,1.5047,1080,36.553333333333335,237.93049199254747,451.4775,688.8964,570.187,0.0167,0.5585,1.3592,1080,36.553333333333335,238.04745276188163,451.4744,689.0631,570.2688,0.0,0.5612,1.348,1080,36.553333333333335,236.38857077556167,452.3278,688.0801,570.2039,0.0333,0.895,1.5047,1080,36.553333333333335
236.24294744002162,452.448,688.0793,570.2637,0.0333,1.0026,1.5003,1081,36.58833333333334,235.85759893146061,452.823,688.0793,570.4512,0.0083,1.1172,1.5003,1081,36.58833333333334,237.9315263343684,451.4763,688.8962,570.1863,0.0167,0.5578,1.3597,1081,36.58833333333334,238.04849708432772,451.4732,689.063,570.2681,0.0,0.5595,1.348,1081,36.58833333333334,236.19002430475473,452.5085,688.0793,570.2939,0.0167,0.9661,1.5003,1081,36.58833333333334
236.31277388437402,452.3906,688.0748,570.2327,0.0333,0.9481,1.5093,1082,36.62166666666667,235.92260349205944,452.7703,688.0748,570.4225,0.0083,1.0521,1.5093,1082,36.62166666666667,237.93035143631514,451.4766,688.8945,570.1856,0.0167,0.5506,1.3611,1082,36.62166666666667,238.0473153770602,451.4735,689.0613,570.2674,0.0,0.5583,1.3481,1082,36.62166666666667,236.38208836301044,452.3305,688.0748,570.2026,0.0333,0.8681,1.5093,1082,36.62166666666667
236.31150980773324,452.391,688.0729,570.2319,0.0333,0.9251,1.516,1083,36.653333333333336,235.92120490032772,452.7707,688.0729,570.4218,0.0083,1.061,1.516,1083,36.653333333333336,237.92845779962144,451.4759,688.8918,570.1838,0.0167,0.5492,1.3649,1083,36.653333333333336,238.0454331763471,451.4728,689.0586,570.2657,0.0,0.558,1.346,1083,36.653333333333336,236.38052309347083,452.331,688.0729,570.2019,0.0333,0.8819,1.516,1083,36.653333333333336
236.46858887477774,452.322,688.1996,570.2608,0.05,0.8263,1.3978,1084,36.68833333333333,235.8124124975903,452.9777,688.1996,570.5886,0.0083,0.8994,1.3978,1084,36.68833333333333,238.00081779750963,451.5082,689.0039,570.256,0.0167,0.5613,1.3083,1084,36.68833333333333,238.1321329618658,451.4747,689.1804,570.3276,0.0,0.5955,1.3667,1084,36.68833333333333,236.3497480871516,452.459,688.1996,570.3293,0.025,0.9622,1.3978,1084,36.68833333333333
236.45019222340827,452.3238,688.1677,570.2457,0.05,0.8243,1.4075,1085,36.72,235.79422142059983,452.979,688.1677,570.5733,0.0083,0.8732,1.4075,1085,36.72,237.98204115292535,451.5076,688.9705,570.2391,0.0167,0.5602,1.3048,1085,36.72,238.11396157149667,451.4741,689.148,570.311,0.0,0.5961,1.2953,1085,36.72,236.3308339680502,452.461,688.1677,570.3143,0.025,0.9742,1.4075,1085,36.72
236.29394549732083,452.5156,688.1737,570.3446,0.05,0.8687,1.3961,1086,36.75333333333334,235.71897401073858,453.0734,688.1737,570.6235,0.0083,1.0564,1.3961,1086,36.75333333333334,237.93364427339705,451.557,688.9831,570.27,0.025,0.6341,1.2965,1086,36.75333333333334,238.05761234346366,451.554,689.1602,570.3571,0.0,0.5648,1.2926,1086,36.75333333333334,236.31408411245457,452.5005,688.1737,570.3371,0.0417,0.912,1.3961,1086,36.75333333333334
236.32542355309505,452.4565,688.1634,570.31,0.0417,0.8338,1.4727,1087,36.78666666666667,235.73964655186913,453.0377,688.1634,570.6005,0.0083,1.1212,1.4727,1087,36.78666666666667,237.95491652761572,451.5433,688.9768,570.2601,0.0167,0.5361,1.3144,1087,36.78666666666667,238.08548633065553,451.5139,689.155,570.3345,0.0,0.5698,1.2869,1087,36.78666666666667,236.2710516597628,452.5257,688.1634,570.3446,0.025,0.8981,1.4727,1087,36.78666666666667
236.40166159665566,452.2598,688.0524,570.1561,0.05,0.7998,1.4329,1088,36.82,235.74045226482707,452.9192,688.0524,570.4858,0.0083,1.1864,1.4329,1088,36.82,237.91141333585134,451.4291,688.8111,570.1201,0.0167,0.5663,1.3335,1088,36.82,238.04443013584427,451.3999,688.9932,570.1966,0.0,0.6033,1.3572,1088,36.82,236.3918330813049,452.2899,688.0524,570.1711,0.0417,0.8693,1.4329,1088,36.82
236.4305676111229,452.284,688.1168,570.2004,0.05,0.8099,1.4837,1089,36.85333333333334,235.7598066805288,452.9534,688.1168,570.5351,0.0083,0.8231,1.4837,1089,36.85333333333334,237.9390800350877,451.4679,688.8987,570.1833,0.0083,0.5475,1.2397,1089,36.85333333333334,238.05701627933163,451.4679,689.0779,570.2729,0.0,0.5475,1.3055,1089,36.85333333333334,236.3028663835895,452.4301,688.1168,570.2735,0.025,0.7967,1.4837,1089,36.85333333333334
236.39469785786605,452.3608,688.1808,570.2708,0.05,0.9522,1.4438,1090,36.88666666666667,235.73433175529618,453.02,688.1808,570.6004,0.0083,0.9681,1.4438,1090,36.88666666666667,237.95789910608158,451.4902,688.9487,570.2195,0.0167,0.4945,1.2878,1090,36.88666666666667,238.1017103572284,451.4664,689.1262,570.2963,0.0,0.5151,1.2338,1090,36.88666666666667,236.27066790119707,452.502,688.1808,570.3414,0.025,0.9541,1.4438,1090,36.88666666666667
236.4798199542575,452.2883,688.1777,570.233,0.05,0.8426,1.3472,1091,36.92,235.8103241293308,452.9566,688.1777,570.5672,0.0083,0.7579,1.3472,1091,36.92,237.97096818316345,451.4814,688.9551,570.2183,0.0167,0.5297,1.3183,1091,36.92,238.1146055575065,451.4575,689.1322,570.2949,0.0,0.5183,1.3303,1091,36.92,236.35150449273584,452.4349,688.1777,570.3063,0.025,0.7931,1.3472,1091,36.92
236.14571007437397,452.6207,688.1756,570.3981,0.0417,0.8913,1.3996,1092,36.95333333333333,235.6008573579841,453.1412,688.1756,570.6584,0.0083,1.122,1.3996,1092,36.95333333333333,237.91677408303815,451.5628,688.9729,570.2678,0.0167,0.5174,1.298,1092,36.95333333333333,238.0456863515385,451.535,689.1496,570.3423,0.0,0.5253,1.253,1092,36.95333333333333,236.19054819427413,452.5492,688.1756,570.3624,0.0417,0.8588,1.3996,1092,36.95333333333333
236.33600567400984,452.409,688.1703,570.2897,0.05,0.7727,1.375,1093,36.98833333333334,235.67633457969987,453.0715,688.1703,570.6209,0.0083,1.0781,1.375,1093,36.98833333333334,237.9330033769329,451.5595,688.9942,570.2768,0.0167,0.5263,1.3033,1093,36.98833333333334,238.06121610861746,451.5323,689.1703,570.3513,0.0,0.532,1.2459,1093,36.98833333333334,236.24916865627137,452.5271,688.1703,570.3487,0.0333,0.7667,1.375,1093,36.98833333333334
236.19425097533943,452.4115,688.0593,570.2354,0.0667,0.642,1.6036,1094,37.02166666666667,235.6059893756267,452.9742,688.0593,570.5167,0.0083,0.8819,1.6036,1094,37.02166666666667,237.5827350167675,451.6234,688.6227,570.123,0.0333,0.3586,1.3201,1094,37.02166666666667,237.77597894174392,451.5335,688.7937,570.1636,0.0,0.4147,1.1879,1094,37.02166666666667,236.21692994945255,452.403,688.0593,570.2312,0.0667,0.5573,1.6036,1094,37.02166666666667
236.2456591998298,452.3629,688.0657,570.2143,0.075,0.7109,1.6097,1095,37.053333333333335,235.6119816767301,452.9765,688.0657,570.5211,0.0083,0.974,1.6097,1095,37.053333333333335,237.61936930818663,451.6234,688.6678,570.1456,0.0333,0.3595,1.3161,1095,37.053333333333335,237.81852741677213,451.5336,688.8477,570.1907,0.0,0.4145,1.1834,1095,37.053333333333335,236.22187613624473,452.4065,688.0657,570.2361,0.0667,0.5618,1.6097,1095,37.053333333333335
236.12688615142153,452.5572,688.1283,570.3427,0.05,0.7012,1.4742,1096,37.086666666666666,235.55107057274574,453.0897,688.1283,570.609,0.0083,1.0014,1.4742,1096,37.086666666666666,237.77862639253235,451.5688,688.7949,570.1818,0.0333,0.3647,1.2073,1096,37.086666666666666,237.91729801882272,451.5316,688.9707,570.2511,0.0,0.4206,1.1788,1096,37.086666666666666,236.1096608230508,452.5785,688.1283,570.3534,0.05,0.6565,1.4742,1096,37.086666666666666
236.23446122863623,452.4457,688.1264,570.2861,0.0583,0.7318,1.4574,1097,37.120000000000005,235.98401208460564,452.6791,688.1264,570.4027,0.0083,0.8808,1.4574,1097,37.120000000000005,237.89959221066434,451.4399,688.7884,570.1141,0.0167,0.4196,1.2025,1097,37.120000000000005,238.02669594074086,451.4152,688.9645,570.1898,0.0,0.4994,1.1611,1097,37.120000000000005,236.282200577102,452.3994,688.1264,570.2629,0.05,0.7351,1.4574,1097,37.120000000000005
236.31438560871595,452.4379,688.2651,570.3515,0.05,0.8189,1.4023,1098,37.153333333333336,235.8827645105981,452.8837,688.2651,570.5744,0.0083,1.0883,1.4023,1098,37.153333333333336,237.8047136097873,451.6029,688.892,570.2475,0.0167,0.5015,1.2578,1098,37.153333333333336,237.9568188481268,451.569,689.0648,570.3169,0.0,0.4682,1.2113,1098,37.153333333333336,236.31108299154036,452.5018,688.2651,570.3834,0.0417,0.7126,1.4023,1098,37.153333333333336
236.2833143033275,452.4378,688.2146,570.3262,0.05,0.7824,1.3898,1099,37.190000000000005,235.85179475073065,452.8835,688.2146,570.5491,0.0083,1.0735,1.3898,1099,37.190000000000005,237.82784645164588,451.6037,688.9085,570.2561,0.0167,0.504,1.2703,1099,37.190000000000005,237.97967678810096,451.5698,689.0809,570.3254,0.0,0.4478,1.2159,1099,37.190000000000005,236.2783046930077,452.5033,688.2146,570.359,0.0417,0.7315,1.3898,1099,37.190000000000005
236.45928270634113,452.3164,688.2253,570.2709,0.05,0.7936,1.3218,1100,37.22,236.0515508867109,452.7053,688.2253,570.4653,0.0083,0.9254,1.3218,1100,37.22,237.81983078574427,451.6073,688.9045,570.2559,0.0167,0.507,1.2704,1100,37.22,237.97185906640456,451.5733,689.077,570.3252,0.0,0.4688,1.2154,1100,37.22,236.2896098776176,452.499,688.2253,570.3622,0.0417,0.7683,1.3218,1100,37.22
236.27652708901715,452.4627,688.229,570.3458,0.05,0.7524,1.3279,1101,37.25333333333334,236.02622287998818,452.7211,688.229,570.4751,0.0083,0.8884,1.3279,1101,37.25333333333334,237.81778032827003,451.6044,688.8994,570.2519,0.0167,0.4825,1.2755,1101,37.25333333333334,237.96912365264464,451.5711,689.072,570.3216,0.0,0.4581,1.2207,1101,37.25333333333334,236.3157682574929,452.4258,688.229,570.3274,0.05,0.7488,1.3279,1101,37.25333333333334
236.38133496645406,452.3751,688.2952,570.3351,0.0417,0.8328,1.3704,1102,37.29166666666667,235.92537475529977,452.8347,688.2952,570.565,0.0083,1.1189,1.3704,1102,37.29166666666667,238.02258854711948,451.4229,688.8978,570.1603,0.025,0.4548,1.2742,1102,37.29166666666667,238.12240426777134,451.4197,689.0705,570.2451,0.0,0.502,1.2282,1102,37.29166666666667,236.43054429153804,452.3299,688.2952,570.3126,0.0417,0.8401,1.3704,1102,37.29166666666667
236.10461160135415,452.4783,688.0839,570.2811,0.05,0.8845,1.4265,1103,37.32,235.74546567726696,452.8341,688.0839,570.459,0.0083,1.1396,1.4265,1103,37.32,237.7404127959602,451.4665,688.6808,570.0737,0.0167,0.4809,1.2958,1103,37.32,237.8930106361722,451.4362,688.8605,570.1483,0.0,0.5138,1.2141,1103,37.32,236.13682854248555,452.4713,688.0839,570.2776,0.0333,0.9994,1.4265,1103,37.32
236.44707956375598,452.4735,688.2868,570.3802,0.0667,0.6905,1.4997,1104,37.355000000000004,235.74244586838572,453.1334,688.2868,570.7101,0.0083,1.0076,1.4997,1104,37.355000000000004,237.84486263558009,451.6893,689.0026,570.346,0.0167,0.4563,1.3336,1104,37.355000000000004,237.96444256495752,451.6601,689.1642,570.4121,0.0,0.4803,1.356,1104,37.355000000000004,236.44812851393647,452.4727,688.2868,570.3798,0.0583,0.6867,1.4997,1104,37.355000000000004
236.63254888658105,452.2732,688.281,570.2771,0.0417,0.8437,1.5078,1105,37.395,235.99801147391977,452.8769,688.281,570.579,0.0,1.0636,1.5078,1105,37.395,238.1322270087237,451.4091,688.9959,570.2025,0.025,0.4458,1.3306,1105,37.395,238.25906100907275,451.3777,689.1576,570.2676,0.0,0.4841,1.3549,1105,37.395,236.67409478324274,452.2434,688.281,570.2622,0.05,0.8134,1.5078,1105,37.395
236.3217475040038,452.2772,687.9755,570.1263,0.0417,0.8739,1.3883,1106,37.42166666666667,235.68834878929675,452.8802,687.9755,570.4278,0.0,1.0664,1.3883,1106,37.42166666666667,237.847080064336,451.4105,688.7287,570.0696,0.025,0.452,1.4122,1106,37.42166666666667,237.98814869958036,451.3791,688.9119,570.1455,0.0,0.4953,1.3797,1106,37.42166666666667,236.36279892173792,452.2474,687.9755,570.1114,0.05,0.8325,1.3883,1106,37.42166666666667
236.2637645951743,452.5247,688.2163,570.3705,0.05,0.7602,1.386,1107,37.45333333333333,235.63473076133806,453.1325,688.2163,570.6744,0.0083,1.0927,1.386,1107,37.45333333333333,237.80084146830418,451.6893,688.9468,570.3181,0.0167,0.5573,1.4766,1107,37.45333333333333,237.93226053671765,451.6632,689.1286,570.3959,0.0,0.5638,1.3035,1107,37.45333333333333,236.21114887088652,452.5516,688.2163,570.384,0.0417,0.6661,1.386,1107,37.45333333333333
236.09459298422973,452.6866,688.2105,570.4485,0.0333,0.9305,1.4231,1108,37.498333333333335,235.58367497903637,453.1844,688.2105,570.6974,0.0083,1.2038,1.4231,1108,37.498333333333335,237.81510725870547,451.6715,688.9476,570.3096,0.025,0.4633,1.4577,1108,37.498333333333335,237.95404147845923,451.6411,689.1277,570.3844,0.0,0.4998,1.2597,1108,37.498333333333335,236.25086496208027,452.5352,688.2105,570.3728,0.0417,0.7342,1.4231,1108,37.498333333333335
236.09914018063708,452.4881,687.9529,570.2205,0.0583,0.7643,1.3216,1109,37.531666666666666,235.36914500065672,453.1755,687.9529,570.5642,0.0,1.2256,1.3216,1109,37.531666666666666,237.61246427036983,451.6682,688.742,570.2051,0.025,0.4557,1.533,1109,37.531666666666666,237.7581215079116,451.6331,688.9292,570.2811,0.0,0.5118,1.351,1109,37.531666666666666,236.09914018063708,452.4881,687.9529,570.2205,0.0583,0.7643,1.3216,1109,37.531666666666666
236.13155965155255,452.4557,687.9533,570.2045,0.0667,0.7726,1.3251,1110,37.555,235.35973724090476,453.1721,687.9533,570.5627,0.0,1.2331,1.3251,1110,37.555,237.6156077539062,451.6663,688.7509,570.2086,0.025,0.4577,1.5132,1110,37.555,237.76103514664743,451.6312,688.9377,570.2844,0.0,0.513,1.3438,1110,37.555,236.13155965155255,452.4557,687.9533,570.2045,0.0667,0.7726,1.3251,1110,37.555
235.89192556370173,452.6421,687.9501,570.2961,0.0417,0.8763,1.437,1111,37.60333333333334,235.6286649084493,452.9174,687.9501,570.4337,0.0083,1.119,1.437,1111,37.60333333333334,237.67381883263172,451.6059,688.7501,570.178,0.0167,0.5143,1.3798,1111,37.60333333333334,237.8097608714511,451.5772,688.9369,570.257,0.0,0.5435,1.3452,1111,37.60333333333334,236.13474092885247,452.4289,687.9501,570.1895,0.05,0.7527,1.437,1111,37.60333333333334
236.13459376152358,452.357,687.8502,570.1036,0.0417,0.6876,1.482,1112,37.623333333333335,235.67634683697702,452.816,687.8502,570.3331,0.0,0.9659,1.482,1112,37.623333333333335,237.8269214644123,451.4581,688.7444,570.1013,0.0167,0.5278,1.3889,1112,37.623333333333335,237.9640689043283,451.4292,688.9329,570.1811,0.0,0.5577,1.3397,1112,37.623333333333335,236.13459376152358,452.357,687.8502,570.1036,0.0417,0.6876,1.482,1112,37.623333333333335
236.00008985199628,452.603,688.0418,570.3224,0.05,0.8504,1.4454,1113,37.656666666666666,235.7710509719144,452.8557,688.0418,570.4487,0.0083,1.1547,1.4454,1113,37.656666666666666,237.88500462272006,451.4807,688.8228,570.1518,0.0167,0.4941,1.4234,1113,37.656666666666666,238.0199226232808,451.4522,689.0082,570.2302,0.0,0.5181,1.3633,1113,37.656666666666666,236.30949877187544,452.3472,688.0418,570.1945,0.0417,0.6975,1.4454,1113,37.656666666666666
236.52229816610594,452.2691,688.207,570.238,0.025,0.7906,1.4674,1114,37.70333333333333,236.31343664828012,452.4448,688.207,570.3259,0.0,0.9007,1.4674,1114,37.70333333333333,237.94940615012536,451.4498,688.8089,570.1293,0.0167,0.5572,1.3436,1114,37.70333333333333,238.07658535646937,451.4158,688.9787,570.1973,0.0,0.5788,1.2798,1114,37.70333333333333,236.52138773415246,452.27,688.207,570.2385,0.0333,0.7882,1.4674,1114,37.70333333333333
236.55697559407267,452.2362,688.2308,570.2335,0.025,0.7442,1.4423,1115,37.720000000000006,236.33019633581875,452.4432,688.2308,570.337,0.0,0.8828,1.4423,1115,37.720000000000006,237.94744790772404,451.4491,688.8062,570.1276,0.0167,0.5623,1.3462,1115,37.720000000000006,238.0744499592634,451.4156,688.9761,570.1958,0.0,0.5761,1.2806,1115,37.720000000000006,236.5379749756102,452.2683,688.2308,570.2496,0.0333,0.7825,1.4423,1115,37.720000000000006
236.52614639675025,452.2819,688.221,570.2515,0.0333,0.7877,1.4008,1116,37.755,236.25079683498555,452.5166,688.221,570.3688,0.0,0.9981,1.4008,1116,37.755,238.0131221769419,451.4488,688.913,570.1809,0.0167,0.5979,1.3354,1116,37.755,238.13936384784705,451.4154,689.0818,570.2486,0.0,0.5758,1.2733,1116,37.755,236.52702554664086,452.281,688.221,570.251,0.0417,0.7594,1.4008,1116,37.755
236.5410116354055,452.2634,688.2261,570.2447,0.025,0.7863,1.4414,1117,37.788333333333334,236.33199880795,452.439,688.2261,570.3325,0.0,0.8729,1.4414,1117,37.788333333333334,237.94778539851993,451.45,688.8076,570.1288,0.0167,0.5665,1.3452,1117,37.788333333333334,238.0747820510411,451.4164,688.9774,570.1969,0.0,0.5751,1.2688,1117,37.788333333333334,236.5400909549617,452.2643,688.2261,570.2452,0.0333,0.7724,1.4414,1117,37.788333333333334
236.5047181931809,452.2913,688.2095,570.2504,0.025,0.7899,1.4685,1118,37.82166666666667,236.2961296346438,452.4659,688.2095,570.3377,0.0,0.8753,1.4685,1118,37.82166666666667,237.92737687300456,451.4757,688.8103,570.143,0.0167,0.5775,1.3416,1118,37.82166666666667,238.05481703537782,451.441,688.9801,570.2105,0.0,0.5708,1.2677,1118,37.82166666666667,236.50290363886074,452.2931,688.2095,570.2513,0.0333,0.7946,1.4685,1118,37.82166666666667
236.51783981447565,452.2721,688.2216,570.2469,0.025,0.7072,1.441,1119,37.85333333333334,236.29293478683243,452.4766,688.2216,570.3491,0.0,0.876,1.441,1119,37.85333333333334,237.9298383226761,451.4752,688.8144,570.1448,0.0167,0.5782,1.3344,1119,37.85333333333334,238.0573422752391,451.4403,688.9841,570.2122,0.0,0.5441,1.2688,1119,37.85333333333334,236.5241798136574,452.2658,688.2216,570.2437,0.0333,0.7138,1.441,1119,37.85333333333334
236.5104489836447,452.2949,688.2155,570.2552,0.025,0.7947,1.4515,1120,37.88666666666667,236.30149881792858,452.4696,688.2155,570.3426,0.0,0.8351,1.4515,1120,37.88666666666667,237.9143118007628,451.4616,688.7679,570.1148,0.0167,0.572,1.43,1120,37.88666666666667,238.04134978948457,451.4293,688.9387,570.184,0.0,0.5596,1.2847,1120,37.88666666666667,236.51535419232442,452.29,688.2155,570.2528,0.0333,0.7996,1.4515,1120,37.88666666666667
236.2698019998383,452.5195,688.2552,570.3874,0.0417,0.7597,1.4461,1121,37.92,235.9511077756882,452.7718,688.2552,570.5135,0.0,0.9528,1.4461,1121,37.92,237.7401371006686,451.6494,688.804,570.2267,0.0167,0.5112,1.3701,1121,37.92,237.8657225578426,451.619,688.974,570.2965,0.0,0.5054,1.2728,1121,37.92,236.2698019998383,452.5195,688.2552,570.3874,0.0417,0.7597,1.4461,1121,37.92
236.55950416723516,452.402,688.4224,570.4122,0.0417,0.7105,1.6086,1122,37.95333333333333,236.2596915150269,452.6376,688.4224,570.53,0.0,0.8865,1.6086,1122,37.95333333333333,237.9242473839406,451.6087,688.9271,570.2679,0.0167,0.522,1.3473,1122,37.95333333333333,238.04713517129372,451.5787,689.0931,570.3359,0.0,0.5365,1.3151,1122,37.95333333333333,236.55950416723516,452.402,688.4224,570.4122,0.0417,0.7105,1.6086,1122,37.95333333333333
236.4356635540127,452.3521,688.2301,570.2911,0.025,0.7729,1.458,1123,37.98833333333334,236.2310002637987,452.5274,688.2301,570.3788,0.0,0.9325,1.458,1123,37.98833333333334,237.96235919007324,451.4592,688.8522,570.1557,0.0167,0.5533,1.4062,1123,37.98833333333334,238.0876365006733,451.4286,689.0215,570.225,0.0,0.4947,1.3811,1123,37.98833333333334,236.4356635540127,452.3521,688.2301,570.2911,0.025,0.7729,1.458,1123,37.98833333333334
236.22469056326494,452.5662,688.217,570.3916,0.025,0.9772,1.2561,1124,38.02166666666667,235.83426913446402,452.9584,688.217,570.5877,0.0,1.0256,1.2561,1124,38.02166666666667,237.839668996295,451.6864,688.9616,570.324,0.0167,0.481,1.4278,1124,38.02166666666667,237.96927915444866,451.6549,689.1369,570.3959,0.0,0.5552,1.3543,1124,38.02166666666667,236.22469056326494,452.5662,688.217,570.3916,0.025,0.9772,1.2561,1124,38.02166666666667
236.28265250433273,452.5232,688.2397,570.3815,0.0417,0.9474,1.3866,1125,38.053333333333335,235.69074221261616,453.1067,688.2397,570.6732,0.0083,1.0539,1.3866,1125,38.053333333333335,237.87736761131868,451.671,689.0031,570.337,0.025,0.4238,1.4638,1125,38.053333333333335,237.9848558123888,451.6604,689.1848,570.4226,0.0,0.5427,1.315,1125,38.053333333333335,236.28981589021376,452.5176,688.2397,570.3787,0.0333,0.9202,1.3866,1125,38.053333333333335
235.9939940594582,452.5073,687.9227,570.215,0.05,0.9163,1.3457,1126,38.08833333333334,235.33921222901978,453.1658,687.9227,570.5443,0.0083,1.1229,1.3457,1126,38.08833333333334,237.59532253902887,451.674,688.7609,570.2175,0.0167,0.5016,1.3823,1126,38.08833333333334,237.72815751334983,451.642,688.9407,570.2914,0.0,0.5415,1.427,1126,38.08833333333334,236.00255833941958,452.5007,687.9227,570.2117,0.0417,0.8631,1.3457,1126,38.08833333333334
235.9600398106989,452.5159,687.887,570.2014,0.0417,0.9053,1.2952,1127,38.120000000000005,235.3681621513402,453.1005,687.887,570.4937,0.0083,1.0326,1.2952,1127,38.120000000000005,237.57654430937063,451.684,688.7526,570.2183,0.0167,0.5031,1.38,1127,38.120000000000005,237.7075818875747,451.6514,688.9292,570.2903,0.0,0.581,1.4055,1127,38.120000000000005,235.95273486910017,452.5136,687.887,570.2003,0.0417,0.8444,1.2952,1127,38.120000000000005
236.03311770424585,452.4671,687.8928,570.1799,0.0333,1.0816,1.2855,1128,38.155,235.50882402204078,452.9769,687.8928,570.4349,0.0083,1.1405,1.2855,1128,38.155,237.8056345608651,451.4482,688.7518,570.1,0.0167,0.5436,1.4279,1128,38.155,237.93862218291534,451.4137,688.9301,570.1719,0.0,0.572,1.4056,1128,38.155,236.05308022575664,452.4508,687.8928,570.1718,0.025,1.0718,1.2855,1128,38.155
236.3929955579819,452.1398,687.9182,570.029,0.0417,0.9713,1.4329,1129,38.18833333333333,235.94563189965817,452.5741,687.9182,570.2461,0.0083,1.2209,1.4329,1129,38.18833333333333,238.12897446930205,451.1359,688.7318,569.9339,0.025,0.5093,1.3872,1129,38.18833333333333,238.23486485443976,451.1258,688.9124,570.0191,0.0,0.5765,1.4529,1129,38.18833333333333,236.4021524666618,452.133,687.9182,570.0256,0.0333,0.9131,1.4329,1129,38.18833333333333
236.13604550714902,452.6522,688.239,570.4456,0.0333,1.1296,1.4612,1130,38.22166666666667,235.63197791403098,453.1423,688.239,570.6906,0.0083,1.4447,1.4612,1130,38.22166666666667,238.14175042879907,451.4415,689.1004,570.271,0.0333,0.4139,1.2851,1130,38.22166666666667,238.28059638966525,451.4014,689.2784,570.3399,0.0,0.5273,1.255,1130,38.22166666666667,236.21586335791628,452.5638,688.239,570.4014,0.0333,1.1436,1.4612,1130,38.22166666666667
236.34976371623517,452.6559,688.438,570.547,0.0417,1.0836,1.5929,1131,38.25333333333334,235.857543073797,453.1402,688.438,570.7891,0.0083,1.472,1.5929,1131,38.25333333333334,238.3474725305541,451.4058,689.1922,570.299,0.025,0.4166,1.4438,1131,38.25333333333334,238.4555033125241,451.3953,689.3749,570.3851,0.0,0.5294,1.4037,1131,38.25333333333334,236.37020594367974,452.6432,688.438,570.5406,0.025,1.0712,1.5929,1131,38.25333333333334
236.10896445588352,452.6932,688.2767,570.485,0.0417,1.1228,1.4324,1132,38.28666666666667,235.62084608019265,453.175,688.2767,570.7259,0.0083,1.408,1.4324,1132,38.28666666666667,238.15431063013514,451.4039,688.9628,570.1833,0.025,0.4141,1.5353,1132,38.28666666666667,238.2622521015159,451.3934,689.1453,570.2694,0.0,0.5295,1.4124,1132,38.28666666666667,236.1211142719032,452.6839,688.2767,570.4803,0.0333,1.1173,1.4324,1132,38.28666666666667
236.05475699547455,452.7679,688.2755,570.5217,0.0333,0.9885,1.4379,1133,38.32,235.51157482713577,453.2886,688.2755,570.7821,0.0,1.1906,1.4379,1133,38.32,237.8130825625291,451.7449,688.9925,570.3687,0.0167,0.4835,1.5271,1133,38.32,237.94902970666428,451.709,689.1743,570.4416,0.0,0.551,1.4289,1133,38.32,236.05475699547455,452.7679,688.2755,570.5217,0.0333,0.9885,1.4379,1133,38.32
236.08277197291315,452.6792,688.2098,570.4445,0.0167,1.0492,1.394,1134,38.35666666666667,235.89591710543218,452.8687,688.2098,570.5392,0.0,1.0402,1.394,1134,38.35666666666667,237.85477906520944,451.6387,688.9141,570.2764,0.025,0.4554,1.3593,1134,38.35666666666667,237.95676035180006,451.6328,689.0939,570.3634,0.0,0.5489,1.3779,1134,38.35666666666667,236.08277197291315,452.6792,688.2098,570.4445,0.0167,1.0492,1.394,1134,38.35666666666667
235.9665035420491,452.4982,687.8653,570.1817,0.0167,1.1261,1.4162,1135,38.388333333333335,235.7818610114591,452.6848,687.8653,570.275,0.0,1.2134,1.4162,1135,38.388333333333335,237.9095422331258,451.3233,688.6491,569.9862,0.0333,0.4452,1.2522,1135,38.388333333333335,237.98360175811905,451.3474,688.8255,570.0865,0.0,0.5217,1.2535,1135,38.388333333333335,235.9665035420491,452.4982,687.8653,570.1817,0.0167,1.1261,1.4162,1135,38.388333333333335
236.08500152539975,452.4838,687.9254,570.2046,0.025,0.8865,1.2861,1136,38.42,235.8949710407734,452.6447,687.9254,570.285,0.0,0.9321,1.2861,1136,38.42,237.82641978824276,451.4664,688.6927,570.0795,0.0167,0.546,1.3401,1136,38.42,237.9652805374548,451.4285,688.8776,570.153,0.0,0.6633,1.2328,1136,38.42,236.08500152539975,452.4838,687.9254,570.2046,0.025,0.8865,1.2861,1136,38.42
236.23034788564794,452.4658,688.117,570.2914,0.025,0.995,1.3886,1137,38.455000000000005,236.22892558861554,452.4519,688.117,570.2844,0.0,0.9476,1.3886,1137,38.455000000000005,238.04988034474545,451.4349,688.9304,570.1827,0.025,0.4811,1.3465,1137,38.455000000000005,238.15431385835268,451.42,689.1053,570.2626,0.0,0.6311,1.3245,1137,38.455000000000005,236.19569268802894,452.4912,688.117,570.3041,0.0167,1.0254,1.3886,1137,38.455000000000005
236.25462811558347,452.4537,688.1246,570.2891,0.025,0.8763,1.467,1138,38.48666666666667,236.2524158725797,452.4411,688.1246,570.2829,0.0,0.9051,1.467,1138,38.48666666666667,238.09968231379364,451.3922,688.9476,570.1699,0.025,0.4477,1.2795,1138,38.48666666666667,238.2033197726773,451.3853,689.1206,570.253,0.0,0.5751,1.2819,1138,38.48666666666667,236.25462811558347,452.4537,688.1246,570.2891,0.025,0.8763,1.467,1138,38.48666666666667
236.0050605859742,452.7099,688.1288,570.4194,0.0083,0.9216,1.2708,1139,38.531666666666666,235.8780985401248,452.8254,688.1288,570.4771,0.0,1.0603,1.2708,1139,38.531666666666666,237.8923887053815,451.6288,688.9606,570.2947,0.0333,0.3882,1.2668,1139,38.531666666666666,238.00470262758643,451.6116,689.1327,570.3721,0.0,0.5122,1.2609,1139,38.531666666666666,236.0050605859742,452.7099,688.1288,570.4194,0.0083,0.9216,1.2708,1139,38.531666666666666
236.01328656490017,452.7038,688.1285,570.4162,0.0083,0.9446,1.2656,1140,38.553333333333335,235.88890247580366,452.817,688.1285,570.4728,0.0,1.023,1.2656,1140,38.553333333333335,237.86905721941,451.6501,688.9604,570.3053,0.025,0.4589,1.275,1140,38.553333333333335,238.00539365277842,451.6123,689.1311,570.3717,0.0,0.5245,1.267,1140,38.553333333333335,236.01328656490017,452.7038,688.1285,570.4162,0.0083,0.9446,1.2656,1140,38.553333333333335
235.9068931948703,452.7041,687.981,570.3426,0.0083,0.971,1.4635,1141,38.58833333333334,235.7823435863703,452.8175,687.981,570.3992,0.0,0.9987,1.4635,1141,38.58833333333334,237.7337891071543,451.6345,688.7882,570.2113,0.0333,0.4119,1.3065,1141,38.58833333333334,237.84942684593233,451.617,688.9637,570.2904,0.0,0.5636,1.2522,1141,38.58833333333334,235.9068931948703,452.7041,687.981,570.3426,0.0083,0.971,1.4635,1141,38.58833333333334
235.82721929110835,452.7116,687.9474,570.3295,0.0083,0.9798,1.3158,1142,38.625,235.70288417156172,452.8247,687.9474,570.3861,0.0,0.9987,1.3158,1142,38.625,237.65939695670218,451.6249,688.7371,570.181,0.0333,0.4268,1.3293,1142,38.625,237.77131487468122,451.6068,688.9071,570.257,0.0,0.5348,1.2662,1142,38.625,235.82721929110835,452.7116,687.9474,570.3295,0.0083,0.9798,1.3158,1142,38.625
235.94485189519816,452.594,687.9583,570.2761,0.0167,1.0418,1.3001,1143,38.655,235.75594323279435,452.7769,687.9583,570.3676,0.0,1.0716,1.3001,1143,38.655,237.71618167099328,451.5759,688.7367,570.1563,0.025,0.4398,1.3284,1143,38.655,237.8173041654251,451.5635,688.9068,570.2351,0.0,0.4806,1.2664,1143,38.655,235.94485189519816,452.594,687.9583,570.2761,0.0167,1.0418,1.3001,1143,38.655
236.31680180026356,452.2428,687.959,570.1009,0.0333,0.8969,1.3294,1144,38.690000000000005,235.7518442633772,452.7826,687.959,570.3708,0.0,1.1568,1.3294,1144,38.690000000000005,237.99199702785828,451.2906,688.7422,570.0164,0.0417,0.4609,1.3013,1144,38.690000000000005,238.20554216708337,451.1789,688.9145,570.0467,0.0,0.5089,1.2811,1144,38.690000000000005,236.31680180026356,452.2428,687.959,570.1009,0.0333,0.8969,1.3294,1144,38.690000000000005
236.3484111028198,452.3291,688.1225,570.2258,0.025,0.9644,1.4329,1145,38.72666666666667,235.8262650931844,452.8371,688.1225,570.4798,0.0,1.2368,1.4329,1145,38.72666666666667,238.11931559942502,451.3462,688.9022,570.1242,0.0333,0.4345,1.4869,1145,38.72666666666667,238.22325793128414,451.2302,688.9022,570.0662,0.0,0.4273,1.4869,1145,38.72666666666667,236.3484111028198,452.3291,688.1225,570.2258,0.025,0.9644,1.4329,1145,38.72666666666667
236.42657381679643,452.3686,688.3002,570.3344,0.025,1.0163,1.4758,1146,38.75666666666667,235.91294568092383,452.8698,688.3002,570.585,0.0,1.2662,1.4758,1146,38.75666666666667,238.1793250590227,451.3589,688.9533,570.1561,0.0333,0.4046,1.3238,1146,38.75666666666667,238.28869835478397,451.2381,688.9533,570.0957,0.0,0.3801,1.3238,1146,38.75666666666667,236.42657381679643,452.3686,688.3002,570.3344,0.025,1.0163,1.4758,1146,38.75666666666667
236.54531759807224,452.265,688.2808,570.2729,0.05,0.6714,1.4539,1147,38.79166666666667,235.93887605966648,452.8342,688.2808,570.5575,0.0,1.0575,1.4539,1147,38.79166666666667,238.20868805506763,451.3474,688.9404,570.1439,0.0333,0.4215,1.2955,1147,38.79166666666667,238.22233961856753,451.3041,688.9404,570.1223,0.0,0.4602,1.2955,1147,38.79166666666667,236.54531759807224,452.265,688.2808,570.2729,0.05,0.6714,1.4539,1147,38.79166666666667
236.19930162415517,452.5131,688.1617,570.3374,0.025,0.9739,1.4497,1148,38.83166666666667,235.8017181509945,452.9154,688.1617,570.5385,0.0,0.9076,1.4497,1148,38.83166666666667,237.94506941220433,451.5907,688.9277,570.2592,0.025,0.3594,1.3065,1148,38.83166666666667,238.02986759418633,451.4927,688.9277,570.2102,0.0,0.457,1.3065,1148,38.83166666666667,236.19930162415517,452.5131,688.1617,570.3374,0.025,0.9739,1.4497,1148,38.83166666666667
236.18152675469744,452.5373,688.1604,570.3489,0.025,0.9437,1.452,1149,38.85333333333334,235.78655490572228,452.9369,688.1604,570.5486,0.0,1.0455,1.452,1149,38.85333333333334,237.9189311982153,451.5987,688.9874,570.293,0.025,0.3833,1.4849,1149,38.85333333333334,238.0043856204425,451.5001,688.9874,570.2437,0.0,0.5191,1.4849,1149,38.85333333333334,236.18152675469744,452.5373,688.1604,570.3489,0.025,0.9437,1.452,1149,38.85333333333334
236.10995047198645,452.3762,687.9211,570.1487,0.0417,0.735,1.4247,1150,38.88666666666667,235.7542519992069,452.7201,687.9211,570.3206,0.0,0.9169,1.4247,1150,38.88666666666667,237.8361908606143,451.4561,688.6889,570.0725,0.0417,0.3851,1.3533,1150,38.88666666666667,237.85968930602107,451.3949,688.6889,570.0419,0.0,0.4818,1.3533,1150,38.88666666666667,236.10995047198645,452.3762,687.9211,570.1487,0.0417,0.735,1.4247,1150,38.88666666666667
236.12415670549896,452.3825,687.9477,570.1651,0.0417,0.7334,1.2332,1151,38.93166666666667,235.76920452352923,452.7264,687.9477,570.337,0.0,0.8854,1.2332,1151,38.93166666666667,237.866722399065,451.4562,688.7266,570.0914,0.0417,0.3805,1.2257,1151,38.93166666666667,237.89040381821314,451.3947,688.7266,570.0607,0.0,0.4828,1.2257,1151,38.93166666666667,236.12415670549896,452.3825,687.9477,570.1651,0.0417,0.7334,1.2332,1151,38.93166666666667
236.1986253999031,452.371,687.9849,570.1779,0.0417,0.7336,1.4445,1152,38.95333333333333,235.8419084382674,452.7162,687.9849,570.3505,0.0,0.9097,1.4445,1152,38.95333333333333,237.92562337545934,451.4532,688.76,570.1066,0.0417,0.3896,1.431,1152,38.95333333333333,237.9489985614432,451.3922,688.76,570.0761,0.0,0.4814,1.431,1152,38.95333333333333,236.1986253999031,452.371,687.9849,570.1779,0.0417,0.7336,1.4445,1152,38.95333333333333
236.1906700348605,452.3642,687.9715,570.1679,0.0167,0.9573,1.4595,1153,38.98833333333334,235.8624366389081,452.6822,687.9715,570.3269,0.0,1.0513,1.4595,1153,38.98833333333334,237.98001292086389,451.3788,688.7699,570.0743,0.025,0.4161,1.4033,1153,38.98833333333334,238.01580230801184,451.3224,688.7699,570.0461,0.0,0.421,1.4033,1153,38.98833333333334,236.1906700348605,452.3642,687.9715,570.1679,0.0167,0.9573,1.4595,1153,38.98833333333334
236.1891340934593,452.4987,688.113,570.3058,0.025,1.1066,1.4563,1154,39.03500000000001,235.96663083991075,452.6804,688.113,570.3967,0.0,1.1561,1.4563,1154,39.03500000000001,237.91521305346265,451.4772,688.8593,570.1682,0.0333,0.455,1.3594,1154,39.03500000000001,238.01905013600316,451.4707,689.0361,570.2534,0.0,0.508,1.3698,1154,39.03500000000001,236.1891340934593,452.4987,688.113,570.3058,0.025,1.1066,1.4563,1154,39.03500000000001
236.09846838320087,452.5671,688.0856,570.3264,0.0333,1.0478,1.5361,1155,39.053333333333335,235.70196610766553,452.959,688.0856,570.5223,0.0083,1.2125,1.5361,1155,39.053333333333335,237.95372877921352,451.4961,688.9009,570.1985,0.0333,0.4302,1.5115,1155,39.053333333333335,238.05712309030673,451.4882,689.0758,570.282,0.0,0.4928,1.372,1155,39.053333333333335,236.0567359641433,452.6143,688.0856,570.35,0.0167,1.0651,1.5361,1155,39.053333333333335
236.09157540049304,452.5388,688.0727,570.3058,0.025,1.0866,1.4446,1156,39.086666666666666,235.89461776562982,452.7294,688.0727,570.4011,0.0083,1.1427,1.4446,1156,39.086666666666666,237.855140105148,451.5047,688.8541,570.1794,0.025,0.5441,1.4204,1156,39.086666666666666,238.01487766605797,451.4697,689.0315,570.2506,0.0,0.562,1.3828,1156,39.086666666666666,236.142102025087,452.5225,688.0727,570.2976,0.025,1.0514,1.4446,1156,39.086666666666666
236.22052651015827,452.4362,688.0996,570.2679,0.0333,1.0288,1.3905,1157,39.13166666666667,235.9744383223731,452.683,688.0996,570.3913,0.0083,1.0184,1.3905,1157,39.13166666666667,237.82692194923698,451.514,688.8258,570.1699,0.025,0.5511,1.385,1157,39.13166666666667,237.98759082519538,451.4787,689.0038,570.2412,0.0,0.5906,1.3344,1157,39.13166666666667,236.17253500999595,452.5091,688.0996,570.3043,0.0167,1.0655,1.3905,1157,39.13166666666667
236.28592950676693,452.4308,688.1967,570.3138,0.0333,1.0323,1.4156,1158,39.153333333333336,236.03929803337059,452.6781,688.1967,570.4374,0.0083,1.0423,1.4156,1158,39.153333333333336,237.8344666271825,451.5119,688.8268,570.1693,0.0167,0.5623,1.4137,1158,39.153333333333336,237.98843532487874,451.4793,689.0047,570.242,0.0,0.6023,1.3378,1158,39.153333333333336,236.23713655066334,452.505,688.1967,570.3509,0.0167,1.0562,1.4156,1158,39.153333333333336
236.20671482556568,452.3618,687.9757,570.1687,0.05,0.904,1.4678,1159,39.18666666666667,235.8936189586703,452.6949,687.9757,570.3353,0.0083,1.0657,1.4678,1159,39.18666666666667,237.86104945712586,451.4627,688.7623,570.1125,0.0333,0.5227,1.4061,1159,39.18666666666667,237.96665975629443,451.455,688.9417,570.1984,0.0,0.555,1.4114,1159,39.18666666666667,236.22602776821537,452.3716,687.9757,570.1736,0.0333,0.8156,1.4678,1159,39.18666666666667
236.18748623966067,452.365,687.959,570.162,0.05,0.907,1.4333,1160,39.220000000000006,235.8738517171997,452.6977,687.959,570.3283,0.0083,1.0026,1.4333,1160,39.220000000000006,237.82583166925892,451.472,688.7417,570.1068,0.0333,0.5007,1.4592,1160,39.220000000000006,237.93375952019872,451.4629,688.9221,570.1925,0.0,0.527,1.3816,1160,39.220000000000006,236.20534200042724,452.3751,687.959,570.167,0.0333,0.8267,1.4333,1160,39.220000000000006
236.18974240875437,452.3638,687.9594,570.1616,0.05,0.889,1.4323,1161,39.25333333333334,235.87588326672454,452.6965,687.9594,570.3279,0.0083,1.0061,1.4323,1161,39.25333333333334,237.83587803893167,451.4647,688.7423,570.1035,0.0333,0.4623,1.4573,1161,39.25333333333334,237.94339167182366,451.4558,688.9227,570.1893,0.0,0.4917,1.3815,1161,39.25333333333334,236.20743523030873,452.3739,687.9594,570.1666,0.0333,0.8313,1.4323,1161,39.25333333333334
236.50113860061617,452.1026,687.9567,570.0296,0.075,0.661,1.437,1162,39.288333333333334,236.0560982011558,452.5218,687.9567,570.2392,0.0167,0.8691,1.437,1162,39.288333333333334,237.93315151708268,451.3356,688.742,570.0388,0.0167,0.5982,1.4363,1162,39.288333333333334,238.0894469895447,451.3012,688.9224,570.1118,0.0,0.5897,1.381,1162,39.288333333333334,236.46131699054672,452.1379,687.9567,570.0473,0.0417,0.7404,1.437,1162,39.288333333333334
236.3975073497905,452.3531,688.1945,570.2738,0.0667,0.6408,1.303,1163,39.32,235.96581022182272,452.7502,688.1945,570.4724,0.0167,0.981,1.303,1163,39.32,237.96339347339924,451.424,688.8588,570.1414,0.025,0.5092,1.3738,1163,39.32,238.0670731548039,451.4111,689.0361,570.2236,0.0,0.5187,1.2728,1163,39.32,236.35405345142408,452.3869,688.1945,570.2907,0.0417,0.5885,1.303,1163,39.32
236.6245737868673,452.3101,688.4144,570.3622,0.0583,0.6845,1.4354,1164,39.355000000000004,236.13969921031077,452.7761,688.4144,570.5953,0.0083,0.9595,1.4354,1164,39.355000000000004,237.98926066371325,451.5437,688.9609,570.2523,0.0167,0.5335,1.4345,1164,39.355000000000004,238.1103014847652,451.5174,689.1267,570.322,0.0,0.5521,1.356,1164,39.355000000000004,236.631443181811,452.3049,688.4144,570.3597,0.05,0.6914,1.4354,1164,39.355000000000004
236.57525319556996,452.3138,688.338,570.3259,0.0583,0.6802,1.4641,1165,39.388333333333335,236.0918108598205,452.7788,688.338,570.5584,0.0083,0.9459,1.4641,1165,39.388333333333335,237.96842653381157,451.5461,688.9458,570.2459,0.0167,0.5359,1.4361,1165,39.388333333333335,238.08958299893945,451.5198,689.1118,570.3158,0.0,0.5536,1.3764,1165,39.388333333333335,236.58029015472712,452.3101,688.338,570.3241,0.05,0.6805,1.4641,1165,39.388333333333335
236.52282450215634,452.2981,688.2777,570.2879,0.0667,0.7526,1.4535,1166,39.42,236.01397568543064,452.7722,688.2777,570.525,0.0083,0.9329,1.4535,1166,39.42,237.87214214989245,451.5426,688.8588,570.2007,0.0167,0.5601,1.3533,1166,39.42,237.99581635669713,451.5162,689.0286,570.2724,0.0,0.5605,1.2926,1166,39.42,236.57850433175489,452.2484,688.2777,570.2631,0.05,0.737,1.4535,1166,39.42
236.49994739713537,452.3093,688.258,570.2837,0.0667,0.7241,1.4858,1167,39.45333333333333,235.99848555029217,452.7784,688.258,570.5182,0.0083,1.0083,1.4858,1167,39.45333333333333,237.85964102723693,451.5446,688.854,570.1993,0.0167,0.5494,1.3629,1167,39.45333333333333,237.98264163950665,451.5185,689.0229,570.2707,0.0,0.5473,1.3108,1167,39.45333333333333,236.55631966789593,452.2591,688.258,570.2586,0.05,0.7044,1.4858,1167,39.45333333333333
236.45690571662146,452.3297,688.2276,570.2787,0.0667,0.7333,1.5039,1168,39.48666666666667,235.9603699571754,452.7959,688.2276,570.5118,0.0083,0.9395,1.5039,1168,39.48666666666667,237.86037849950893,451.5446,688.8562,570.2004,0.0167,0.5493,1.3531,1168,39.48666666666667,237.983374093942,451.5186,689.0251,570.2718,0.0,0.5473,1.2868,1168,39.48666666666667,236.51543231721004,452.2778,688.2276,570.2527,0.05,0.7346,1.5039,1168,39.48666666666667
236.33683903428013,452.3778,688.2037,570.2908,0.05,0.766,1.5255,1169,39.52166666666667,235.9308066513776,452.8087,688.2037,570.5062,0.0083,0.9666,1.5255,1169,39.52166666666667,237.85576308437228,451.5444,688.8426,570.1935,0.0167,0.5468,1.3506,1169,39.52166666666667,237.97909670925358,451.5183,689.012,570.2651,0.0,0.5478,1.274,1169,39.52166666666667,236.4150922040104,452.3432,688.2037,570.2734,0.05,0.6901,1.5255,1169,39.52166666666667
236.41129406935622,452.3436,688.1972,570.2704,0.0583,0.7187,1.5265,1170,39.553333333333335,235.93059439710828,452.8066,688.1972,570.5019,0.0083,0.9703,1.5265,1170,39.553333333333335,237.86447672434898,451.5418,688.8564,570.1991,0.0167,0.5342,1.3738,1170,39.553333333333335,237.98767226390086,451.5155,689.0255,570.2705,0.0,0.5506,1.2436,1170,39.553333333333335,236.4171228206568,452.3389,688.1972,570.2681,0.05,0.6979,1.5265,1170,39.553333333333335
236.38288948428254,452.345,688.1525,570.2488,0.0583,0.672,1.4124,1171,39.58833333333334,235.9040431241759,452.8064,688.1525,570.4794,0.0083,0.9725,1.4124,1171,39.58833333333334,237.8631791978308,451.545,688.859,570.202,0.0167,0.5449,1.376,1171,39.58833333333334,237.98622147266096,451.5189,689.028,570.2735,0.0,0.5457,1.2453,1171,39.58833333333334,236.38984560150215,452.3394,688.1525,570.2459,0.05,0.6596,1.4124,1171,39.58833333333334
236.41991250534196,452.3268,688.1584,570.2426,0.0583,0.7191,1.3988,1172,39.620000000000005,236.11844635237534,452.5985,688.1584,570.3784,0.0083,0.8364,1.3988,1172,39.620000000000005,237.84611465347686,451.5595,688.8558,570.2076,0.0167,0.5354,1.3861,1172,39.620000000000005,237.96909488073186,451.5336,689.0249,570.2793,0.0,0.5454,1.2467,1172,39.620000000000005,236.4763414797364,452.2769,688.1584,570.2176,0.0417,0.707,1.3988,1172,39.620000000000005
236.42323925153383,452.3268,688.1639,570.2453,0.0583,0.7191,1.3944,1173,39.653333333333336,236.12177309856745,452.5985,688.1639,570.3812,0.0083,0.8364,1.3944,1173,39.653333333333336,237.84839731411412,451.5595,688.8596,570.2096,0.0167,0.5354,1.3864,1173,39.653333333333336,237.97130474861552,451.5336,689.0286,570.2811,0.0,0.5454,1.2475,1173,39.653333333333336,236.47966822592826,452.2769,688.1639,570.2204,0.0417,0.707,1.3944,1173,39.653333333333336
236.34646618721408,452.37,688.1272,570.2486,0.0583,0.6494,1.3355,1174,39.69166666666667,235.8178526998838,452.853,688.1272,570.4901,0.0083,0.7407,1.3355,1174,39.69166666666667,237.7422217784772,451.5902,688.7688,570.1795,0.025,0.4192,1.4695,1174,39.69166666666667,237.8752656293962,451.554,688.933,570.2435,0.0,0.5015,1.439,1174,39.69166666666667,236.35695988997878,452.3622,688.1272,570.2447,0.05,0.6708,1.3355,1174,39.69166666666667
236.39297255229465,452.3146,688.112,570.2133,0.075,0.5289,1.4146,1175,39.720000000000006,235.80054377809978,452.8571,688.112,570.4845,0.0083,0.6294,1.4146,1175,39.720000000000006,237.73939122442738,451.5836,688.7444,570.164,0.0167,0.4694,1.4789,1175,39.720000000000006,237.8626894447615,451.5511,688.9093,570.2302,0.0,0.525,1.4236,1175,39.720000000000006,236.337899379499,452.3672,688.112,570.2396,0.05,0.6334,1.4146,1175,39.720000000000006
236.35347704469493,452.3319,688.1216,570.2268,0.0583,0.5902,1.4517,1176,39.75333333333334,235.84183254328573,452.814,688.1216,570.4678,0.0083,0.6641,1.4517,1176,39.75333333333334,237.6994718431809,451.6163,688.7401,570.1782,0.0417,0.3949,1.4783,1176,39.75333333333334,237.8898529485846,451.5283,688.9052,570.2168,0.0,0.4673,1.4592,1176,39.75333333333334,236.3610303084172,452.3258,688.1216,570.2237,0.05,0.5968,1.4517,1176,39.75333333333334
236.16903608714085,452.4618,688.1457,570.3037,0.0583,0.8612,1.4478,1177,39.788333333333334,235.80283462771897,452.8499,688.1457,570.4978,0.0083,0.8116,1.4478,1177,39.788333333333334,237.93823261717486,451.4982,688.9094,570.2038,0.0167,0.4218,1.5436,1177,39.788333333333334,237.96309156707412,451.4614,688.9094,570.1854,0.0,0.4717,1.5436,1177,39.788333333333334,236.4057590312175,452.302,688.1457,570.2239,0.0667,0.5947,1.4478,1177,39.788333333333334
236.2788318403324,452.4572,688.2696,570.3634,0.0583,0.8787,1.611,1178,39.82166666666667,235.91237096517014,452.8455,688.2696,570.5575,0.0083,0.8141,1.611,1178,39.82166666666667,237.9410492757787,451.5266,688.9284,570.2275,0.0333,0.4394,1.4873,1178,39.82166666666667,238.0939349727446,451.4628,689.0972,570.28,0.0,0.4884,1.2987,1178,39.82166666666667,236.5129832442317,452.298,688.2696,570.2838,0.0667,0.6164,1.611,1178,39.82166666666667
236.4018548557694,452.4083,688.3307,570.3695,0.0583,0.8525,1.5665,1179,39.855000000000004,235.92276968126538,452.908,688.3307,570.6194,0.0083,0.8162,1.5665,1179,39.855000000000004,237.83999419199287,451.6464,688.9649,570.3057,0.05,0.3296,1.3171,1179,39.855000000000004,238.06379609907933,451.5302,689.1331,570.3316,0.0,0.4171,1.2555,1179,39.855000000000004,236.50598333509078,452.3758,688.3307,570.3532,0.0667,0.6028,1.5665,1179,39.855000000000004
236.37353287587842,452.4116,688.2923,570.3519,0.0583,0.865,1.5222,1180,39.89,235.895721004683,452.9106,688.2923,570.6015,0.0083,0.8773,1.5222,1180,39.89,237.83724682481582,451.6497,688.9643,570.307,0.05,0.3207,1.3185,1180,39.89,238.06112231262324,451.5333,689.1324,570.3329,0.0,0.3941,1.2585,1180,39.89,236.47940862458847,452.3781,688.2923,570.3352,0.0667,0.5876,1.5222,1180,39.89
236.26069204405366,452.5463,688.2129,570.3796,0.05,0.7173,1.4958,1181,39.92333333333334,235.83825490684586,452.9145,688.2129,570.5637,0.0083,0.8376,1.4958,1181,39.92333333333334,237.817106978288,451.6559,688.9424,570.2991,0.05,0.3249,1.5007,1181,39.92333333333334,238.04192459366215,451.5389,689.1111,570.325,0.0,0.4034,1.3885,1181,39.92333333333334,236.2677543843584,452.5411,688.2129,570.377,0.0417,0.649,1.4958,1181,39.92333333333334
236.20746974854526,452.4852,688.1472,570.3162,0.05,0.9298,1.4008,1182,39.95666666666667,235.7797214694755,452.9261,688.1472,570.5367,0.0083,0.919,1.4008,1182,39.95666666666667,237.76436150511725,451.6558,688.8949,570.2754,0.05,0.346,1.5083,1182,39.95666666666667,237.98980695109532,451.5389,689.0647,570.3018,0.0,0.4003,1.3473,1182,39.95666666666667,236.36038039426876,452.3959,688.1472,570.2716,0.0667,0.6856,1.4008,1182,39.95666666666667
236.15715299533576,452.5191,688.1251,570.3221,0.0583,1.0134,1.3717,1183,39.98833333333334,235.6955135049152,453.0032,688.1251,570.5642,0.0083,0.7244,1.3717,1183,39.98833333333334,237.7850501200864,451.6211,688.8655,570.2433,0.0417,0.3243,1.5092,1183,39.98833333333334,237.98586137355863,451.5271,689.0356,570.2814,0.0,0.3922,1.4566,1183,39.98833333333334,236.1215801438223,452.5599,688.1251,570.3425,0.05,1.0775,1.3717,1183,39.98833333333334
236.24465414115562,452.5794,688.2034,570.3914,0.0417,0.9004,1.3266,1184,40.02166666666667,235.6963994667789,453.1004,688.2034,570.6519,0.0083,1.0209,1.3266,1184,40.02166666666667,237.89552896120927,451.5042,688.8095,570.1569,0.0167,0.5729,1.4276,1184,40.02166666666667,238.0184705182373,451.4717,688.974,570.2228,0.0,0.5926,1.3467,1184,40.02166666666667,236.25993346801062,452.5679,688.2034,570.3857,0.0333,0.9298,1.3266,1184,40.02166666666667
236.24356872644898,452.5801,688.2036,570.3919,0.0417,0.8801,1.3261,1185,40.05666666666667,235.6953556674013,453.1011,688.2036,570.6524,0.0083,1.0151,1.3261,1185,40.05666666666667,237.89509487833,451.5043,688.8091,570.1567,0.0167,0.5728,1.4271,1185,40.05666666666667,238.01804863553113,451.4718,688.9736,570.2227,0.0,0.5927,1.3465,1185,40.05666666666667,236.25887232555448,452.5686,688.2036,570.3861,0.0333,0.9155,1.3261,1185,40.05666666666667
236.2427123822368,452.5822,688.2043,570.3933,0.0417,0.8996,1.3428,1186,40.086666666666666,235.69559051769102,453.1025,688.2043,570.6534,0.0083,1.0123,1.3428,1186,40.086666666666666,237.8929591946858,451.5049,688.8067,570.1558,0.0167,0.5766,1.4313,1186,40.086666666666666,238.01592104897276,451.4725,688.9713,570.2219,0.0,0.5897,1.3482,1186,40.086666666666666,236.25819836491854,452.5706,688.2043,570.3874,0.0333,0.9283,1.3428,1186,40.086666666666666
236.3908568421659,452.3876,688.2042,570.2959,0.05,0.8065,1.3361,1187,40.120000000000005,235.8200152656245,452.9593,688.2042,570.5818,0.0083,0.9089,1.3361,1187,40.120000000000005,237.89142097802707,451.5032,688.8057,570.1545,0.0167,0.5963,1.4342,1187,40.120000000000005,238.01751385695786,451.4704,688.9748,570.2226,0.0,0.5919,1.3778,1187,40.120000000000005,236.49284807236947,452.3215,688.2042,570.2628,0.05,0.8364,1.3361,1187,40.120000000000005
236.34629308880898,452.452,688.2024,570.3272,0.05,0.8771,1.3659,1188,40.16000000000001,235.69611943508323,453.1013,688.2024,570.6519,0.0083,1.0311,1.3659,1188,40.16000000000001,237.89452789348815,451.5043,688.8118,570.1581,0.0167,0.5502,1.4155,1188,40.16000000000001,238.02037646708936,451.472,688.9808,570.2264,0.0,0.5924,1.3187,1188,40.16000000000001,236.24505218052647,452.5802,688.2024,570.3913,0.0417,0.83,1.3659,1188,40.16000000000001
236.3481781031909,452.449,688.1985,570.3237,0.05,0.8784,1.355,1189,40.18833333333333,235.69765517645243,453.0986,688.1985,570.6485,0.0083,1.0305,1.355,1189,40.18833333333333,237.8973053244857,451.5015,688.8116,570.1566,0.0167,0.5437,1.4156,1189,40.18833333333333,238.02314121635723,451.4692,688.9806,570.2249,0.0,0.5858,1.3188,1189,40.18833333333333,236.24676745775005,452.5773,688.1985,570.3879,0.0417,0.8299,1.355,1189,40.18833333333333
236.35376301459564,452.4469,688.204,570.3254,0.0417,0.88,1.3553,1190,40.220000000000006,235.77121187186964,453.0182,688.204,570.6111,0.0083,1.0701,1.3553,1190,40.220000000000006,237.89645061546264,451.5022,688.8113,570.1568,0.0167,0.5566,1.4312,1190,40.220000000000006,238.0222851206416,451.47,688.9803,570.2252,0.0,0.5862,1.3325,1190,40.220000000000006,236.32547481841607,452.4902,688.204,570.3471,0.0417,0.8281,1.3553,1190,40.220000000000006
236.39788877679308,452.3944,688.2031,570.2987,0.05,0.8786,1.3367,1191,40.26166666666667,235.76842056221804,453.0195,688.2031,570.6113,0.0083,0.945,1.3367,1191,40.26166666666667,237.89339066174682,451.5058,688.809,570.1574,0.0167,0.5649,1.4275,1191,40.26166666666667,238.01630037822025,451.4734,688.9735,570.2235,0.0,0.5953,1.3471,1191,40.26166666666667,236.32260216259232,452.4915,688.2031,570.3473,0.0417,0.8219,1.3367,1191,40.26166666666667
236.39806274527868,452.3942,688.2041,570.2991,0.05,0.8577,1.3406,1192,40.28666666666667,235.7668242804009,453.0214,688.2041,570.6127,0.0083,1.0482,1.3406,1192,40.28666666666667,237.9015289261402,451.5033,688.8187,570.161,0.0167,0.553,1.4293,1192,40.28666666666667,238.02420502393082,451.4711,688.983,570.227,0.0,0.587,1.3395,1192,40.28666666666667,236.32177655856339,452.4927,688.2041,570.3484,0.0417,0.8144,1.3406,1192,40.28666666666667
236.34598432106563,452.4523,688.2026,570.3274,0.05,0.9051,1.3404,1193,40.32,235.69506629360464,453.1025,688.2026,570.6525,0.0083,1.0493,1.3404,1193,40.32,237.9021696512073,451.5025,688.8184,570.1604,0.0167,0.553,1.4259,1193,40.32,238.02486873054949,451.4702,688.9827,570.2264,0.0,0.5863,1.3277,1193,40.32,236.24488216598496,452.5804,688.2026,570.3915,0.0417,0.8251,1.3404,1193,40.32
236.34789146505224,452.3476,688.1206,570.2341,0.05,0.693,1.4779,1194,40.36666666666667,236.06643111223784,452.6342,688.1206,570.3774,0.0083,1.0415,1.4779,1194,40.36666666666667,237.92152197332328,451.4961,688.8419,570.169,0.0167,0.5434,1.3268,1194,40.36666666666667,238.050962613209,451.4634,689.0161,570.2397,0.0,0.5969,1.2563,1194,40.36666666666667,236.40096743348056,452.3593,688.1206,570.24,0.0417,0.6692,1.4779,1194,40.36666666666667
236.50576435116378,452.266,688.1267,570.1963,0.0667,0.6183,1.49,1195,40.388333333333335,236.07615990801634,452.6295,688.1267,570.3781,0.0083,0.9952,1.49,1195,40.388333333333335,237.92547415770207,451.4946,688.8404,570.1675,0.0167,0.5447,1.3383,1195,40.388333333333335,238.05389222377713,451.4619,689.013,570.2374,0.0,0.5963,1.2555,1195,40.388333333333335,236.47002357396,452.2912,688.1267,570.2089,0.05,0.6712,1.49,1195,40.388333333333335
236.46523865794342,452.2924,688.1252,570.2088,0.0667,0.7741,1.4353,1196,40.42,235.8912160082338,452.8088,688.1252,570.467,0.0083,1.1674,1.4353,1196,40.42,237.92096168582367,451.4899,688.8315,570.1607,0.0167,0.5368,1.4,1196,40.42,238.04972774956562,451.4572,689.0047,570.2309,0.0,0.6124,1.2659,1196,40.42,236.3627932734439,452.3875,688.1252,570.2564,0.0417,0.8228,1.4353,1196,40.42
236.48183748736702,452.2805,688.1265,570.2035,0.0583,0.7398,1.4245,1197,40.465,236.0892938925934,452.6185,688.1265,570.3725,0.0083,1.0669,1.4245,1197,40.465,237.9193358991138,451.491,688.8339,570.1624,0.0167,0.5373,1.3763,1197,40.465,238.04805046471267,451.4583,689.007,570.2327,0.0,0.6123,1.2552,1197,40.465,236.482096084205,452.2803,688.1265,570.2034,0.05,0.7098,1.4245,1197,40.465
236.47692093497375,452.2843,688.1273,570.2058,0.0583,0.7772,1.4381,1198,40.48666666666667,236.08387341756045,452.6224,688.1273,570.3749,0.0083,1.0707,1.4381,1198,40.48666666666667,237.91911426168255,451.4926,688.8353,570.1639,0.0167,0.5073,1.3618,1198,40.48666666666667,238.04775410806883,451.46,689.0083,570.2342,0.0,0.6024,1.2718,1198,40.48666666666667,236.4775826581672,452.2838,688.1273,570.2055,0.05,0.7391,1.4381,1198,40.48666666666667
236.52071311453727,452.2611,688.1366,570.1989,0.0667,0.749,1.4671,1199,40.531666666666666,236.08741068270922,452.6278,688.1366,570.3822,0.0083,0.9574,1.4671,1199,40.531666666666666,237.92589775662054,451.4896,688.84,570.1648,0.0167,0.5369,1.3494,1199,40.531666666666666,238.05444737144703,451.457,689.0129,570.2349,0.0,0.6046,1.284,1199,40.531666666666666,236.48183822336176,452.2882,688.1366,570.2124,0.05,0.7263,1.4671,1199,40.531666666666666
236.4764774866318,452.2902,688.1306,570.2104,0.0583,0.7087,1.4123,1200,40.565000000000005,236.08393209506843,452.628,688.1306,570.3793,0.0083,0.9558,1.4123,1200,40.565000000000005,237.9244408907084,451.49,688.838,570.164,0.0167,0.5291,1.3555,1200,40.565000000000005,238.0517540682758,451.4602,689.011,570.2356,0.0,0.5826,1.2884,1200,40.565000000000005,236.43825017858322,452.3175,688.1306,570.2241,0.0417,0.685,1.4123,1200,40.565000000000005
236.41236300256256,452.2902,688.1305,570.2103,0.0583,0.7616,1.4356,1201,40.58833333333334,236.07925468426166,452.6312,688.1305,570.3808,0.0083,1.1086,1.4356,1201,40.58833333333334,237.9215023365763,451.4917,688.8344,570.163,0.0167,0.5209,1.3718,1201,40.58833333333334,238.048891443784,451.4619,689.0074,570.2346,0.0,0.5836,1.2968,1201,40.58833333333334,236.47231635651949,452.293,688.1305,570.2117,0.05,0.6931,1.4356,1201,40.58833333333334
236.33251262937307,452.3825,688.1323,570.2574,0.0333,0.7205,1.4184,1202,40.620000000000005,236.08767195449545,452.6261,688.1323,570.3792,0.0083,0.9979,1.4184,1202,40.620000000000005,237.91965591905384,451.4923,688.834,570.1632,0.0167,0.5077,1.3714,1202,40.620000000000005,238.04758198282477,451.4614,689.0071,570.2342,0.0,0.5894,1.2962,1202,40.620000000000005,236.48197876328123,452.2865,688.1323,570.2094,0.05,0.7336,1.4184,1202,40.620000000000005
236.51798138754188,452.2617,688.1321,570.1969,0.0667,0.7349,1.4457,1203,40.653333333333336,236.08639566369192,452.6273,688.1321,570.3797,0.0083,0.9636,1.4457,1203,40.653333333333336,237.92247455934998,451.4907,688.8371,570.1639,0.0167,0.5379,1.3806,1203,40.653333333333336,238.05065730052584,451.4591,689.0102,570.2346,0.0,0.6047,1.2939,1203,40.653333333333336,236.44014473611185,452.3171,688.1321,570.2246,0.0417,0.6737,1.4457,1203,40.653333333333336
236.51786987524463,452.3057,688.2449,570.2753,0.05,0.7353,1.4627,1204,40.68833333333333,235.88490043343847,452.9156,688.2449,570.5803,0.0083,0.9888,1.4627,1204,40.68833333333333,237.99649584757628,451.4779,688.8652,570.1715,0.025,0.5342,1.4074,1204,40.68833333333333,238.1339251878932,451.4433,689.0382,570.2407,0.0,0.5949,1.4175,1204,40.68833333333333,236.54317489795093,452.2827,688.2449,570.2638,0.05,0.7352,1.4627,1204,40.68833333333333
236.49702954903717,452.3116,688.2286,570.2701,0.05,0.7311,1.4564,1205,40.720000000000006,235.86459365772856,452.9212,688.2286,570.5749,0.0083,0.9485,1.4564,1205,40.720000000000006,237.99001952662363,451.4791,688.8578,570.1685,0.025,0.5361,1.416,1205,40.720000000000006,238.1268237391554,451.4449,689.0309,570.2379,0.0,0.5944,1.4162,1205,40.720000000000006,236.48916548943043,452.3087,688.2286,570.2686,0.0417,0.737,1.4564,1205,40.720000000000006
236.48094246828055,452.328,688.2283,570.2781,0.05,0.6917,1.4412,1206,40.75333333333334,235.85063349560411,452.9355,688.2283,570.5819,0.0083,0.9588,1.4412,1206,40.75333333333334,237.98422797326174,451.466,688.8585,570.1623,0.025,0.5679,1.4152,1206,40.75333333333334,238.11011722461657,451.4612,689.0316,570.2464,0.0,0.5698,1.4156,1206,40.75333333333334,236.50692961407074,452.305,688.2283,570.2666,0.05,0.6871,1.4412,1206,40.75333333333334
236.5018721061697,452.3004,688.2162,570.2583,0.05,0.6435,1.4073,1207,40.788333333333334,235.865766222229,452.9135,688.2162,570.5648,0.0083,0.9593,1.4073,1207,40.788333333333334,237.94856223254783,451.4688,688.8479,570.1584,0.025,0.6036,1.4951,1207,40.788333333333334,238.07513809582818,451.4637,689.021,570.2423,0.0,0.5998,1.4105,1207,40.788333333333334,236.5286860750975,452.2765,688.2162,570.2463,0.05,0.6307,1.4073,1207,40.788333333333334
236.34481831986474,452.4574,688.2213,570.3394,0.0333,0.7842,1.4436,1208,40.82,235.82053030418825,452.9681,688.2213,570.5947,0.0083,1.0057,1.4436,1208,40.82,237.96914342531934,451.465,688.8286,570.1468,0.025,0.5694,1.575,1208,40.82,238.09527732570552,451.46,689.0016,570.2308,0.0,0.5909,1.4529,1208,40.82,236.369531889355,452.4363,688.2213,570.3288,0.0333,0.901,1.4436,1208,40.82
236.33375774041295,452.4601,688.2119,570.336,0.0333,0.753,1.4869,1209,40.85333333333334,235.81018680649174,452.9701,688.2119,570.591,0.0083,0.9988,1.4869,1209,40.85333333333334,237.9735667461593,451.4662,688.8349,570.1505,0.025,0.5632,1.5754,1209,40.85333333333334,238.09979524508088,451.4612,689.0079,570.2345,0.0,0.5739,1.4483,1209,40.85333333333334,236.35840567251876,452.4391,688.2119,570.3255,0.0333,0.8857,1.4869,1209,40.85333333333334
236.489437639577,452.3091,688.2077,570.2584,0.05,0.7798,1.4044,1210,40.88666666666667,235.85716403597388,452.9186,688.2077,570.5631,0.0083,0.9223,1.4044,1210,40.88666666666667,237.9833219226701,451.4642,688.822,570.1431,0.0167,0.5718,1.5802,1210,40.88666666666667,238.11046566164643,451.4351,688.9951,570.2151,0.0,0.5607,1.4588,1210,40.88666666666667,236.43314661797044,452.37,688.2077,570.2888,0.05,0.7828,1.4044,1210,40.88666666666667
236.469793231581,452.3155,688.1935,570.2545,0.05,0.7437,1.4232,1211,40.92166666666667,235.838021572056,452.9245,688.1935,570.559,0.0083,0.9221,1.4232,1211,40.92166666666667,237.98175887267618,451.4662,688.8589,570.1625,0.0167,0.5389,1.5305,1211,40.92166666666667,238.10860158478485,451.4369,689.0315,570.2342,0.0,0.5683,1.4659,1211,40.92166666666667,236.41395708998107,452.3763,688.1935,570.2849,0.05,0.7408,1.4232,1211,40.92166666666667
236.523287934427,452.2841,688.2086,570.2463,0.0583,0.6838,1.528,1212,40.955000000000005,235.86054089653013,452.9148,688.2086,570.5617,0.0083,0.9171,1.528,1212,40.955000000000005,237.99277824021337,451.4541,688.8575,570.1558,0.0167,0.5493,1.5208,1212,40.955000000000005,238.1203508395979,451.4254,689.0316,570.2285,0.0,0.5476,1.437,1212,40.955000000000005,236.43311396665752,452.3691,688.2086,570.2889,0.05,0.7275,1.528,1212,40.955000000000005
236.49219185306913,452.3081,688.21,570.2591,0.05,0.6979,1.5167,1213,40.99,235.8610359302154,452.9162,688.21,570.5631,0.0083,0.9012,1.5167,1213,40.99,237.99308331978523,451.4538,688.8575,570.1556,0.0167,0.5499,1.5208,1213,40.99,238.120659488586,451.4252,689.0316,570.2284,0.0,0.547,1.437,1213,40.99,236.4334833549888,452.3707,688.21,570.2904,0.05,0.7442,1.5167,1213,40.99
236.51745913446064,453.7011,689.645,571.6731,0.025,0.8635,1.4549,1214,41.02333333333333,236.13500715609007,454.0744,689.645,571.8597,0.0,1.0757,1.4549,1214,41.02333333333333,238.0246042757374,452.7916,690.3098,571.5507,0.025,0.4972,1.2553,1214,41.02333333333333,238.17120710981766,452.7472,690.4952,571.6212,0.0,0.594,1.2758,1214,41.02333333333333,236.51745913446064,453.7011,689.645,571.6731,0.025,0.8635,1.4549,1214,41.02333333333333
236.31969812164107,454.4424,690.2765,572.3595,0.025,0.9018,1.3993,1215,41.05666666666667,236.10900103929254,454.646,690.2765,572.4613,0.0083,1.0837,1.3993,1215,41.05666666666667,237.88123855713582,453.5363,690.8243,572.1803,0.025,0.5064,1.2828,1215,41.05666666666667,238.023165423492,453.5004,691.0109,572.2556,0.0,0.5847,1.2452,1215,41.05666666666667,236.2901551928034,454.4902,690.2765,572.3834,0.025,0.9313,1.3993,1215,41.05666666666667
236.12240168274775,454.9412,690.622,572.7816,0.0417,0.9047,1.4795,1216,41.09,235.87147325687897,455.2172,690.622,572.9196,0.0083,1.0189,1.4795,1216,41.09,237.79563192785028,453.9466,691.2308,572.5887,0.0083,0.5696,1.3091,1216,41.09,237.91465058646256,453.9466,691.4117,572.6792,0.0,0.5696,1.2038,1216,41.09,236.08349567956404,455.0023,690.622,572.8122,0.025,0.9318,1.4795,1216,41.09
236.14597165235898,455.2386,690.8412,573.0399,0.0417,0.7583,1.398,1217,41.120000000000005,236.06543405812917,455.3044,690.8412,573.0728,0.0,0.7699,1.398,1217,41.120000000000005,237.81244401433852,454.225,691.5522,572.8886,0.0083,0.6701,1.2501,1217,41.120000000000005,237.92785899423606,454.225,691.7316,572.9783,0.0,0.6701,1.2335,1217,41.120000000000005,236.20539346871038,455.1438,690.8412,572.9925,0.025,0.8026,1.398,1217,41.120000000000005
236.12317696006713,455.4677,691.1168,573.2922,0.025,0.8961,1.3535,1218,41.153333333333336,235.86366005716985,455.7373,691.1168,573.427,0.0,1.0539,1.3535,1218,41.153333333333336,237.91906458676965,454.4419,691.8584,573.1502,0.025,0.5856,1.1443,1218,41.153333333333336,238.06266005587406,454.4013,692.0466,573.224,0.0,0.5551,1.1776,1218,41.153333333333336,236.05085282456992,455.547,691.1168,573.3319,0.025,1.0073,1.3535,1218,41.153333333333336
236.1125053570357,455.5259,691.1363,573.3311,0.025,1.0063,1.3064,1219,41.18833333333333,235.85864269376518,455.7924,691.1363,573.4644,0.0,1.0323,1.3064,1219,41.18833333333333,237.77809321478466,454.5825,691.9009,573.2417,0.0667,0.403,1.146,1219,41.18833333333333,238.04234641869428,454.4633,692.078,573.2706,0.0,0.4069,1.2098,1219,41.18833333333333,236.10736023015963,455.531,691.1363,573.3337,0.0333,1.0172,1.3064,1219,41.18833333333333
235.9358281898146,455.754,691.1578,573.4559,0.0333,1.0172,1.2438,1220,41.220000000000006,235.6742785687075,455.9921,691.1578,573.575,0.0,1.1281,1.2438,1220,41.220000000000006,237.63594413173158,454.7454,691.9655,573.3555,0.0417,0.5243,1.0689,1220,41.220000000000006,237.8236718809287,454.7235,692.122,573.4228,0.0,0.5014,1.1512,1220,41.220000000000006,235.926146088031,455.7636,691.1578,573.4607,0.0417,1.0596,1.2438,1220,41.220000000000006
235.92826311427143,455.7703,691.1744,573.4723,0.0333,1.0513,1.2727,1221,41.25333333333334,235.66926511283498,456.0066,691.1744,573.5905,0.0,1.1488,1.2727,1221,41.25333333333334,237.61733483432295,454.7997,691.9284,573.3641,0.0417,0.4642,1.1283,1221,41.25333333333334,237.82581233018826,454.7302,692.1218,573.426,0.0,0.4774,1.1668,1221,41.25333333333334,235.81498872039177,455.8849,691.1744,573.5297,0.025,1.0728,1.2727,1221,41.25333333333334
236.15278513665612,455.5803,691.1817,573.381,0.0417,0.7996,1.2736,1222,41.28666666666667,235.8675646485247,455.8298,691.1817,573.5058,0.0,1.022,1.2736,1222,41.28666666666667,237.73347127450808,454.6949,691.9475,573.3212,0.05,0.4565,1.0706,1222,41.28666666666667,237.9337562712112,454.6271,692.1248,573.376,0.0,0.5429,1.1537,1222,41.28666666666667,235.9995073578695,455.7334,691.1817,573.4575,0.0333,0.737,1.2736,1222,41.28666666666667
235.99481355558035,455.4272,690.955,573.1911,0.0167,1.0047,1.4902,1223,41.32,235.80357978254807,455.6237,690.955,573.2893,0.0,1.077,1.4902,1223,41.32,237.72299072949545,454.4359,691.6809,573.0584,0.025,0.5291,1.2111,1223,41.32,237.86749997608962,454.3935,691.8646,573.129,0.0,0.5141,1.1617,1223,41.32,236.00210079719625,455.4199,690.955,573.1874,0.025,0.944,1.4902,1223,41.32
236.49852916597226,454.8806,690.7974,572.839,0.05,0.4889,1.28,1224,41.355000000000004,236.22190028525011,455.1144,690.7974,572.9559,0.0,0.7867,1.28,1224,41.355000000000004,237.79818553787206,454.1311,691.4177,572.7744,0.0167,0.4983,1.1795,1224,41.355000000000004,237.84971944780415,454.2148,691.6163,572.9155,0.0,0.6333,1.2754,1224,41.355000000000004,236.50026429199298,454.8789,690.7974,572.8382,0.0583,0.5055,1.28,1224,41.355000000000004
236.53608384129473,454.4812,690.4688,572.475,0.0417,0.8555,1.2346,1225,41.388333333333335,236.19664491297488,454.8155,690.4688,572.6421,0.0083,0.9662,1.2346,1225,41.388333333333335,237.83311832937144,453.7394,691.0209,572.3802,0.0167,0.5671,1.2964,1225,41.388333333333335,237.87442488297222,453.8283,691.2119,572.5201,0.0,0.5905,1.2222,1225,41.388333333333335,236.32026321223313,454.7258,690.4688,572.5973,0.0417,0.8285,1.2346,1225,41.388333333333335
236.52323807719378,454.0861,690.0658,572.0759,0.05,0.672,1.4384,1226,41.42,236.23328183530776,454.3442,690.0658,572.205,0.0167,0.9816,1.4384,1226,41.42,237.74500888420584,453.3677,690.5448,571.9563,0.025,0.5795,1.3047,1226,41.42,237.91350746026546,453.3328,690.7483,572.0406,0.0083,0.6039,1.2689,1226,41.42,236.5386583068209,454.0696,690.0658,572.0677,0.0417,0.705,1.4384,1226,41.42
236.35887775299622,453.8425,689.7342,571.7883,0.0333,1.0112,1.5436,1227,41.45333333333333,235.88171130811241,454.2928,689.7342,572.0135,0.0083,1.1757,1.5436,1227,41.45333333333333,237.740091841106,453.022,690.2545,571.6382,0.025,0.4812,1.3453,1227,41.45333333333333,237.90509905145632,452.964,690.4391,571.7015,0.0,0.5142,1.3268,1227,41.45333333333333,236.4665377723126,453.765,689.7342,571.7496,0.0417,0.7921,1.5436,1227,41.45333333333333
236.43962584904799,453.3874,689.2775,571.3325,0.05,0.7411,1.4469,1228,41.49,235.8052960204133,453.9615,689.2775,571.6195,0.0,1.1919,1.4469,1228,41.49,237.74211010287138,452.6504,689.809,571.2297,0.0167,0.5182,1.2379,1228,41.49,237.88398891345895,452.6256,690.0048,571.3152,0.0,0.576,1.2291,1228,41.49,236.43962584904799,453.3874,689.2775,571.3325,0.05,0.7411,1.4469,1228,41.49
236.36738964631977,453.1278,688.9455,571.0367,0.0417,0.7714,1.3456,1229,41.531666666666666,235.78566859508499,453.6649,688.9455,571.3052,0.0,1.0523,1.3456,1229,41.531666666666666,237.68616238125966,452.3705,689.4634,570.9169,0.0167,0.5959,1.223,1229,41.531666666666666,237.82413912941396,452.3469,689.6546,571.0008,0.0,0.6524,1.199,1229,41.531666666666666,236.36738964631977,453.1278,688.9455,571.0367,0.0417,0.7714,1.3456,1229,41.531666666666666
236.24533192410127,452.97,688.6117,570.7909,0.0333,0.9007,1.4195,1230,41.553333333333335,235.59676552114445,453.5874,688.6117,571.0996,0.0,1.1869,1.4195,1230,41.553333333333335,237.75713274350161,452.0589,689.1689,570.6139,0.0167,0.5732,1.3117,1230,41.553333333333335,237.89698533332282,452.0278,689.3593,570.6936,0.0,0.6549,1.4077,1230,41.553333333333335,236.24533192410127,452.97,688.6117,570.7909,0.0333,0.9007,1.4195,1230,41.553333333333335
236.4235717345567,452.7161,688.4893,570.6027,0.05,0.8689,1.4671,1231,41.593333333333334,235.70137963879753,453.3841,688.4893,570.9367,0.0,1.032,1.4671,1231,41.593333333333334,237.87470912350682,451.8673,689.095,570.4811,0.0167,0.5215,1.416,1231,41.593333333333334,238.01443761683606,451.8384,689.2874,570.5629,0.0,0.5624,1.3279,1231,41.593333333333334,236.4235717345567,452.7161,688.4893,570.6027,0.05,0.8689,1.4671,1231,41.593333333333334
236.43873641884943,452.6504,688.4418,570.5461,0.0417,0.8461,1.5156,1232,41.620000000000005,235.7426543280309,453.3049,688.4418,570.8734,0.0,1.037,1.5156,1232,41.620000000000005,237.9460218562953,451.7302,689.0492,570.3897,0.0083,0.5521,1.3877,1232,41.620000000000005,238.0648585084594,451.7302,689.2298,570.48,0.0,0.5521,1.3558,1232,41.620000000000005,236.43873641884943,452.6504,688.4418,570.5461,0.0417,0.8461,1.5156,1232,41.620000000000005
236.32271597839357,452.6272,688.3267,570.477,0.0417,0.8656,1.4699,1233,41.653333333333336,235.62650417746636,453.2789,688.3267,570.8028,0.0,1.0593,1.4699,1233,41.653333333333336,237.85593665620246,451.7398,689.0005,570.3701,0.0167,0.5207,1.3653,1233,41.653333333333336,237.98822867943161,451.71,689.181,570.4455,0.0,0.575,1.2832,1233,41.653333333333336,236.32271597839357,452.6272,688.3267,570.477,0.0417,0.8656,1.4699,1233,41.653333333333336
236.33559869744352,452.5718,688.3933,570.4826,0.025,1.0764,1.4314,1234,41.69833333333334,235.95157376151883,452.9461,688.3933,570.6697,0.0,1.1677,1.4314,1234,41.69833333333334,237.9784282383137,451.6901,689.1302,570.4102,0.0167,0.5569,1.2975,1234,41.69833333333334,238.097135787684,451.6708,689.2973,570.4841,0.0,0.5979,1.2871,1234,41.69833333333334,236.37307487013618,452.5272,688.3933,570.4603,0.0417,1.106,1.4314,1234,41.69833333333334
236.29656087314268,452.6051,688.3962,570.5007,0.025,0.9923,1.425,1235,41.720000000000006,235.91437389957613,452.9776,688.3962,570.6869,0.0,1.2004,1.425,1235,41.720000000000006,237.97723384939988,451.6908,689.1282,570.4095,0.0167,0.6303,1.3013,1235,41.720000000000006,238.0959805931705,451.6716,689.2953,570.4834,0.0,0.6304,1.2791,1235,41.720000000000006,236.33603895831953,452.558,688.3962,570.4771,0.0417,0.9821,1.425,1235,41.720000000000006
236.00623278957627,452.6545,688.0614,570.358,0.0167,0.9969,1.3006,1236,41.755,235.68348899068206,452.9627,688.0614,570.512,0.0,1.03,1.3006,1236,41.755,237.73000155082624,451.6973,688.8729,570.2851,0.0167,0.6134,1.3815,1236,41.755,237.8543074266574,451.678,689.0486,570.3633,0.0,0.5946,1.2712,1236,41.755,236.05726999712513,452.5981,688.0614,570.3298,0.0333,0.9963,1.3006,1236,41.755
236.07222506426538,452.604,688.1259,570.3649,0.025,0.9899,1.4136,1237,41.79833333333334,235.6898491663876,452.9767,688.1259,570.5513,0.0,1.1842,1.4136,1237,41.79833333333334,237.75892770888288,451.6859,688.9059,570.2959,0.0167,0.6211,1.3348,1237,41.79833333333334,237.88214161294013,451.6667,689.0799,570.3733,0.0,0.6247,1.2945,1237,41.79833333333334,236.11404996613646,452.5542,688.1259,570.3401,0.0417,0.9376,1.4136,1237,41.79833333333334
236.03734112832504,452.6468,688.1373,570.3921,0.0167,1.0194,1.4305,1238,41.82166666666667,235.71159037853303,452.9579,688.1373,570.5476,0.0,1.1512,1.4305,1238,41.82166666666667,237.76858042618696,451.6752,688.8969,570.2861,0.0167,0.6622,1.3622,1238,41.82166666666667,237.89195967078453,451.656,689.0712,570.3636,0.0,0.6601,1.2905,1238,41.82166666666667,236.0911467226757,452.5876,688.1373,570.3625,0.0333,1.0116,1.4305,1238,41.82166666666667
236.0711043890479,452.5928,688.1154,570.3541,0.0167,1.0672,1.4114,1239,41.855000000000004,235.74537987694922,452.9038,688.1154,570.5096,0.0,1.1432,1.4114,1239,41.855000000000004,237.88242503873178,451.5489,688.8713,570.2101,0.0167,0.5228,1.4254,1239,41.855000000000004,238.005439029365,451.5314,689.0461,570.2887,0.0,0.4665,1.3101,1239,41.855000000000004,236.17534777556185,452.4758,688.1154,570.2956,0.0417,0.99,1.4114,1239,41.855000000000004
236.03489673193639,452.6142,688.08,570.3471,0.0167,0.9413,1.2971,1240,41.89833333333333,235.70944906789396,452.9249,688.08,570.5025,0.0,1.153,1.2971,1240,41.89833333333333,237.84902308496117,451.5761,688.8779,570.227,0.0083,0.6199,1.4314,1240,41.89833333333333,237.96403953510728,451.5761,689.0526,570.3143,0.0,0.6199,1.3122,1240,41.89833333333333,236.13703168938645,452.4996,688.08,570.2898,0.0417,0.9094,1.2971,1240,41.89833333333333
236.11611455351277,452.5771,688.1479,570.3625,0.0167,0.9785,1.3412,1241,41.92166666666667,235.7873293783335,452.8909,688.1479,570.5194,0.0,1.1404,1.3412,1241,41.92166666666667,237.86346835399138,451.5714,688.8768,570.2241,0.0083,0.6704,1.4871,1241,41.92166666666667,237.9780185944065,451.5714,689.0509,570.3111,0.0,0.6704,1.3438,1241,41.92166666666667,236.10197586471205,452.5904,688.1479,570.3691,0.025,1.0566,1.3412,1241,41.92166666666667
236.1713070102433,452.5225,688.1578,570.3402,0.025,0.7331,1.3417,1242,41.955000000000005,235.7786604216172,452.9055,688.1578,570.5317,0.0,1.138,1.3417,1242,41.955000000000005,237.83680546366037,451.5988,688.8765,570.2376,0.0083,0.6261,1.4782,1242,41.955000000000005,237.95132609036733,451.5988,689.0504,570.3246,0.0,0.6261,1.3406,1242,41.955000000000005,236.1601846198919,452.533,688.1578,570.3454,0.0333,0.8774,1.3417,1242,41.955000000000005
236.10793641647032,452.5921,688.158,570.375,0.0167,0.9264,1.3453,1243,41.998333333333335,235.77986023934844,452.9053,688.158,570.5316,0.0,1.12,1.3453,1243,41.998333333333335,237.83747694649784,451.599,688.8765,570.2378,0.0083,0.626,1.4779,1243,41.998333333333335,237.9520015030368,451.599,689.0505,570.3247,0.0,0.626,1.3421,1243,41.998333333333335,236.09491069700502,452.6043,688.158,570.3811,0.025,1.0167,1.3453,1243,41.998333333333335
236.3591108052512,452.4186,688.2448,570.3317,0.0417,0.9296,1.4612,1244,42.031666666666666,236.13489483963912,452.655,688.2448,570.4499,0.0083,0.9267,1.4612,1244,42.031666666666666,237.88683107210292,451.5596,688.9082,570.2339,0.0167,0.5239,1.3788,1244,42.031666666666666,238.016420094245,451.5431,689.0936,570.3183,0.0,0.539,1.3624,1244,42.031666666666666,236.35903151348185,452.4696,688.2448,570.3572,0.025,0.7723,1.4612,1244,42.031666666666666
236.262299488314,452.4038,688.1448,570.2743,0.05,0.8762,1.3586,1245,42.055,236.06102408796875,452.6233,688.1448,570.3841,0.0083,0.8083,1.3586,1245,42.055,237.73073674659207,451.5677,688.7552,570.1615,0.025,0.463,1.4376,1245,42.055,237.88129091885844,451.5204,688.9456,570.233,0.0,0.394,1.3645,1245,42.055,236.29651777484509,452.4065,688.1448,570.2757,0.025,0.7522,1.3586,1245,42.055
236.24851335750293,452.4173,688.1432,570.2802,0.0417,0.9282,1.3928,1246,42.08833333333334,236.02779088756782,452.6486,688.1432,570.3959,0.0083,0.7953,1.3928,1246,42.08833333333334,237.72965290900788,451.5732,688.7761,570.1747,0.0417,0.4208,1.4249,1246,42.08833333333334,237.8854088316806,451.5291,688.967,570.2481,0.0,0.4273,1.3546,1246,42.08833333333334,236.24459616284707,452.4629,688.1432,570.3031,0.025,0.7885,1.3928,1246,42.08833333333334
236.40911320682665,452.397,688.3033,570.3502,0.05,0.8331,1.4006,1247,42.123333333333335,236.2083957697639,452.615,688.3033,570.4592,0.0083,0.8279,1.4006,1247,42.123333333333335,237.88861617425883,451.5532,688.9297,570.2415,0.0167,0.4353,1.2985,1247,42.123333333333335,238.02216052667495,451.5294,689.1162,570.3228,0.0,0.4384,1.2913,1247,42.123333333333335,236.4400193402714,452.4007,688.3033,570.352,0.025,0.7593,1.4006,1247,42.123333333333335
236.38967409177974,452.4178,688.3055,570.3617,0.0417,0.9547,1.3946,1248,42.15833333333334,236.1696469641018,452.6486,688.3055,570.4771,0.0083,0.8309,1.3946,1248,42.15833333333334,237.87391473223306,451.5711,688.927,570.249,0.0417,0.4006,1.2702,1248,42.15833333333334,238.0253025322344,451.5279,689.1129,570.3204,0.0,0.4226,1.3073,1248,42.15833333333334,236.34520392193653,452.4953,688.3055,570.4004,0.0167,0.8012,1.3946,1248,42.15833333333334
236.34537114470857,452.4277,688.2449,570.3363,0.0417,0.9385,1.4033,1249,42.19166666666667,236.12527431429766,452.6587,688.2449,570.4518,0.0083,0.7925,1.4033,1249,42.19166666666667,237.8983084386004,451.5534,688.9279,570.2407,0.05,0.4311,1.3238,1249,42.19166666666667,238.0246795528673,451.5288,689.1129,570.3209,0.0,0.4474,1.3082,1249,42.19166666666667,236.29575513856136,452.5102,688.2449,570.3775,0.025,0.8044,1.4033,1249,42.19166666666667
236.33203481253352,452.4613,688.2841,570.3727,0.0417,0.9365,1.3937,1250,42.223333333333336,236.1146198590557,452.6898,688.2841,570.4869,0.0083,0.8171,1.3937,1250,42.223333333333336,237.89427075691032,451.5595,688.9387,570.2491,0.0167,0.4479,1.3332,1250,42.223333333333336,238.0285046765822,451.5329,689.1243,570.3286,0.0,0.4517,1.2982,1250,42.223333333333336,236.29031411464558,452.5371,688.2841,570.4106,0.0167,0.8418,1.3937,1250,42.223333333333336
236.29767996510083,452.4641,688.2554,570.3598,0.0417,0.9386,1.4983,1251,42.255,236.08046618560263,452.6925,688.2554,570.474,0.0083,0.8158,1.4983,1251,42.255,237.81542983683838,451.5591,688.8492,570.2042,0.0167,0.4481,1.4897,1251,42.255,237.95154017508645,451.5325,689.0377,570.2851,0.0,0.4495,1.343,1251,42.255,236.25516654221485,452.5399,688.2554,570.3977,0.0167,0.8417,1.4983,1251,42.255
236.29649053230847,452.4612,688.2485,570.3549,0.0417,0.9345,1.5089,1252,42.28666666666667,236.0788955578119,452.6896,688.2485,570.4691,0.0083,0.8147,1.5089,1252,42.28666666666667,237.83853548367807,451.5401,688.8507,570.1954,0.025,0.4476,1.4903,1252,42.28666666666667,237.95079740794682,451.5329,689.0392,570.286,0.0,0.449,1.3432,1252,42.28666666666667,236.2541833789036,452.5362,688.2485,570.3924,0.0167,0.8424,1.5089,1252,42.28666666666667
236.3371352923448,452.4254,688.2537,570.3396,0.0417,0.9414,1.4944,1253,42.32166666666667,236.1141638398298,452.6593,688.2537,570.4565,0.0083,0.7758,1.4944,1253,42.32166666666667,237.8395826443512,451.5395,688.8515,570.1955,0.025,0.4478,1.4737,1253,42.32166666666667,237.95216703960142,451.5323,689.0404,570.2864,0.0,0.4501,1.3422,1253,42.32166666666667,236.28967142321196,452.5054,688.2537,570.3796,0.0167,0.8156,1.4944,1253,42.32166666666667
236.22466769230036,452.4244,688.0308,570.2276,0.0333,1.0283,1.4839,1254,42.355000000000004,235.86190216563466,452.7982,688.0308,570.4145,0.0083,1.1037,1.4839,1254,42.355000000000004,237.98809448121335,451.404,688.8329,570.1184,0.025,0.4619,1.4538,1254,42.355000000000004,238.13143675766827,451.3555,689.0115,570.1835,0.0,0.501,1.4812,1254,42.355000000000004,236.325841142649,452.3232,688.0308,570.177,0.0417,0.9497,1.4839,1254,42.355000000000004
236.21618694876912,452.4332,688.0208,570.227,0.0333,1.0853,1.5186,1255,42.388333333333335,235.8546158500304,452.8054,688.0208,570.4131,0.0083,1.132,1.5186,1255,42.388333333333335,237.93367484921328,451.4242,688.8282,570.1262,0.0333,0.5457,1.4519,1255,42.388333333333335,238.12164140359522,451.3649,689.0068,570.1859,0.0,0.5221,1.4836,1255,42.388333333333335,236.25295697209694,452.4016,688.0208,570.2112,0.0333,0.9977,1.5186,1255,42.388333333333335
236.36486678619977,452.5,688.1752,570.3376,0.0417,0.7942,1.5404,1256,42.42,235.90903692261696,452.9272,688.1752,570.5512,0.0083,0.9255,1.5404,1256,42.42,238.0278148509781,451.5866,689.0869,570.3368,0.0333,0.4247,1.3724,1256,42.42,238.22419047617026,451.5103,689.2724,570.3914,0.0,0.4413,1.3684,1256,42.42,236.49492316173507,452.3825,688.1752,570.2788,0.0583,0.7345,1.5404,1256,42.42
236.1361872948006,452.5082,688.0247,570.2664,0.025,1.0136,1.3997,1257,42.45333333333333,235.96709689526838,452.6849,688.0247,570.3548,0.0083,1.0601,1.3997,1257,42.45333333333333,237.8016097964309,451.5751,688.8348,570.205,0.025,0.4699,1.4787,1257,42.45333333333333,237.9926592612994,451.5139,689.0215,570.2677,0.0,0.4777,1.4179,1257,42.45333333333333,236.2578493394448,452.4216,688.0247,570.2231,0.0333,0.8176,1.3997,1257,42.45333333333333
236.2144468267736,452.4269,687.9644,570.1956,0.0333,0.9118,1.3715,1258,42.48666666666667,235.94767831554734,452.6676,687.9644,570.316,0.0083,1.0404,1.3715,1258,42.48666666666667,237.75418822141478,451.5888,688.7697,570.1792,0.0333,0.455,1.4988,1258,42.48666666666667,237.9522431983154,451.5122,688.9576,570.2349,0.0,0.4677,1.3674,1258,42.48666666666667,236.24144455878752,452.4027,687.9644,570.1835,0.0333,0.8116,1.3715,1258,42.48666666666667
236.20396511988713,452.4368,687.9596,570.1982,0.0417,0.8954,1.3186,1259,42.531666666666666,235.74579854608075,452.8682,687.9596,570.4139,0.0083,1.02,1.3186,1259,42.531666666666666,237.7859822154799,451.5582,688.7696,570.1639,0.025,0.4454,1.4924,1259,42.531666666666666,237.9507656028023,451.5114,688.9574,570.2344,0.0,0.4672,1.3584,1259,42.531666666666666,236.23335126050168,452.4109,687.9596,570.1852,0.0417,0.8171,1.3186,1259,42.531666666666666
236.19543077453622,452.4073,687.9575,570.1824,0.0333,0.9974,1.3196,1260,42.553333333333335,235.75446715064393,452.8489,687.9575,570.4032,0.0083,1.159,1.3196,1260,42.553333333333335,237.88981591949675,451.4691,688.7694,570.1192,0.0333,0.4543,1.4909,1260,42.553333333333335,238.05129145645742,451.3998,688.9572,570.1785,0.0,0.4659,1.3585,1260,42.553333333333335,236.15524154800454,452.4457,687.9575,570.2016,0.0333,0.9512,1.3196,1260,42.553333333333335
236.15182913455962,452.4531,687.947,570.2,0.025,1.0941,1.3399,1261,42.58833333333334,235.76885960520056,452.832,687.947,570.3895,0.0083,1.1387,1.3399,1261,42.58833333333334,237.9178255571027,451.4332,688.7779,570.1055,0.025,0.4253,1.419,1261,42.58833333333334,238.0670380839838,451.3855,688.9655,570.1755,0.0,0.4452,1.4187,1261,42.58833333333334,236.16868242921652,452.4299,687.947,570.1884,0.0333,0.995,1.3399,1261,42.58833333333334
236.20741522854794,452.3931,687.9476,570.1703,0.0333,0.9878,1.3418,1262,42.620000000000005,235.76547123934273,452.8353,687.9476,570.3914,0.0083,1.1351,1.3418,1262,42.620000000000005,237.885335441594,451.4629,688.7783,570.1206,0.0333,0.4063,1.4209,1262,42.620000000000005,238.0646062552197,451.3891,688.9659,570.1775,0.0,0.4571,1.4266,1262,42.620000000000005,236.1651100179073,452.4337,687.9476,570.1906,0.0333,0.988,1.3418,1262,42.620000000000005
236.145664420913,452.4612,687.9524,570.2068,0.025,1.1121,1.3367,1263,42.653333333333336,235.76368577925888,452.8391,687.9524,570.3958,0.0083,1.1776,1.3367,1263,42.653333333333336,237.91636346341727,451.4357,688.7785,570.1071,0.025,0.4513,1.4981,1263,42.653333333333336,238.06574514699776,451.3877,688.9662,570.1769,0.0,0.4526,1.3965,1263,42.653333333333336,236.16411429609866,452.4367,687.9524,570.1946,0.0333,0.98,1.3367,1263,42.653333333333336
236.18384651903463,452.4569,688.0676,570.2622,0.0333,0.9978,1.3792,1264,42.690000000000005,235.7963926329628,452.8433,688.0676,570.4555,0.0083,1.2302,1.3792,1264,42.690000000000005,237.93121563077725,451.4007,688.8148,570.1078,0.0083,0.5847,1.2257,1264,42.690000000000005,238.04964095459297,451.4007,688.9947,570.1977,0.0,0.5847,1.2754,1264,42.690000000000005,236.20665369007065,452.4393,688.0676,570.2535,0.025,1.0635,1.3792,1264,42.690000000000005
236.37982985980702,452.2716,688.0683,570.17,0.0333,0.9208,1.384,1265,42.720000000000006,236.05717184791402,452.6109,688.0683,570.3396,0.0083,1.1103,1.384,1265,42.720000000000006,237.92444568089903,451.4053,688.8105,570.1079,0.0083,0.5813,1.2248,1265,42.720000000000006,238.04293666353666,451.4053,688.9904,570.1979,0.0,0.5813,1.2901,1265,42.720000000000006,236.27248695947273,452.3834,688.0683,570.2259,0.025,1.0375,1.384,1265,42.720000000000006
236.30503336245658,452.3292,688.0583,570.1937,0.0333,1.0166,1.3358,1266,42.75333333333334,235.98608661953662,452.6648,688.0583,570.3615,0.0083,1.1671,1.3358,1266,42.75333333333334,237.9148247252354,451.429,688.8152,570.1221,0.0167,0.521,1.241,1266,42.75333333333334,238.04275971183068,451.4078,688.995,570.2014,0.0,0.5591,1.2566,1266,42.75333333333334,236.20038693519555,452.4384,688.0583,570.2484,0.025,1.0559,1.3358,1266,42.75333333333334
236.24399740005643,452.3999,688.0631,570.2315,0.0333,1.0993,1.3405,1267,42.788333333333334,235.79724916961797,452.859,688.0631,570.461,0.0083,1.3301,1.3405,1267,42.788333333333334,237.91551799093915,451.4299,688.8174,570.1237,0.0167,0.5217,1.2421,1267,42.788333333333334,238.04237147780043,451.4094,688.996,570.2027,0.0,0.5588,1.2567,1267,42.788333333333334,236.19738652447134,452.4458,688.0631,570.2544,0.0333,1.0969,1.3405,1267,42.788333333333334
236.30824183664845,452.3246,688.0513,570.1879,0.0333,1.0276,1.3122,1268,42.82166666666667,235.98934959095448,452.6601,688.0513,570.3557,0.0083,1.181,1.3122,1268,42.82166666666667,237.90829208299724,451.4312,688.8055,570.1183,0.0167,0.5208,1.2319,1268,42.82166666666667,238.03497127782416,451.41,688.9834,570.1967,0.0,0.5591,1.25,1268,42.82166666666667,236.2033673651291,452.434,688.0513,570.2426,0.025,1.083,1.3122,1268,42.82166666666667
236.19725907739132,452.3961,687.9759,570.186,0.0333,1.0831,1.3116,1269,42.85333333333334,235.75070730227057,452.8547,687.9759,570.4153,0.0083,1.3242,1.3116,1269,42.85333333333334,237.91834626812278,451.4287,688.8171,570.1229,0.0167,0.5211,1.169,1269,42.85333333333334,238.04505572646002,451.4071,688.9947,570.2009,0.0,0.5662,1.2557,1269,42.85333333333334,236.15226226666468,452.4406,687.9759,570.2082,0.0333,1.0817,1.3116,1269,42.85333333333334
236.251103992604,452.3592,688.0313,570.1952,0.0417,0.9008,1.4338,1270,42.88666666666667,235.73818504289594,452.8905,688.0313,570.4609,0.0083,1.089,1.4338,1270,42.88666666666667,237.9139773661104,451.4135,688.8051,570.1093,0.0083,0.5819,1.2399,1270,42.88666666666667,238.0312703330748,451.4135,688.9833,570.1984,0.0,0.5819,1.274,1270,42.88666666666667,236.04742281933036,452.5768,688.0313,570.304,0.0333,1.045,1.4338,1270,42.88666666666667
236.2989678142504,452.3257,688.0304,570.1781,0.0417,1.0022,1.4314,1271,42.925000000000004,235.7866636058538,452.8544,688.0304,570.4424,0.0083,1.2663,1.4314,1271,42.925000000000004,237.89341091575164,451.4417,688.8037,570.1227,0.0167,0.5907,1.2477,1271,42.925000000000004,238.02113963681168,451.4186,688.9818,570.2002,0.0,0.5792,1.2753,1271,42.925000000000004,236.09697025659554,452.5415,688.0304,570.286,0.0333,1.1205,1.4314,1271,42.925000000000004
236.30904232028004,452.3244,688.044,570.1842,0.0417,0.9806,1.4217,1272,42.95333333333333,235.79760410478164,452.8521,688.044,570.4481,0.0083,1.2556,1.4217,1272,42.95333333333333,237.89739718262223,451.4411,688.8088,570.1249,0.0167,0.5909,1.2647,1272,42.95333333333333,238.0250383078077,451.418,688.9868,570.2024,0.0,0.5794,1.2719,1272,42.95333333333333,236.10702237206388,452.5402,688.044,570.2921,0.0333,1.1198,1.4217,1272,42.95333333333333
236.29654230606033,452.325,688.031,570.178,0.0417,0.9768,1.4153,1273,42.98833333333334,235.78511602040294,452.8527,688.031,570.4419,0.0083,1.2546,1.4153,1273,42.98833333333334,237.88427992340053,451.4411,688.7966,570.1188,0.0167,0.5909,1.2709,1273,42.98833333333334,238.01215421413482,451.418,688.975,570.1965,0.0,0.5794,1.1995,1273,42.98833333333334,236.09434770402393,452.541,688.031,570.286,0.0333,1.1149,1.4153,1273,42.98833333333334
236.04965107325862,452.5788,688.1193,570.349,0.0333,1.0645,1.4785,1274,43.028333333333336,235.56085610037914,453.0687,688.1193,570.594,0.0,1.2301,1.4785,1274,43.028333333333336,237.79878564462845,451.5337,688.7718,570.1528,0.0167,0.5656,1.4089,1274,43.028333333333336,237.92909052909454,451.5015,688.9476,570.2246,0.0,0.5796,1.4245,1274,43.028333333333336,236.04965107325862,452.5788,688.1193,570.349,0.0333,1.0645,1.4785,1274,43.028333333333336
236.19430990969457,452.4386,688.0988,570.2687,0.05,0.8369,1.4658,1275,43.053333333333335,235.63841393536038,452.993,688.0988,570.5459,0.0083,1.0181,1.4658,1275,43.053333333333335,237.8000499284884,451.5201,688.7531,570.1366,0.0167,0.5394,1.4397,1275,43.053333333333335,237.93035295286847,451.487,688.9283,570.2077,0.0,0.6186,1.4304,1275,43.053333333333335,236.32935152714725,452.3446,688.0988,570.2217,0.05,0.7134,1.4658,1275,43.053333333333335
236.3636942086288,452.3116,688.0979,570.2047,0.05,0.728,1.4653,1276,43.086666666666666,235.7948358046623,452.8445,688.0979,570.4712,0.0,0.9685,1.4653,1276,43.086666666666666,237.8260696555739,451.5009,688.7601,570.1305,0.0167,0.5182,1.4223,1276,43.086666666666666,237.95646627539713,451.4674,688.9352,570.2013,0.0,0.5989,1.4261,1276,43.086666666666666,236.3636942086288,452.3116,688.0979,570.2047,0.05,0.728,1.4653,1276,43.086666666666666
236.3647486509386,452.3075,688.0929,570.2002,0.0583,0.7204,1.4883,1277,43.13166666666667,235.75098875998833,452.8686,688.0929,570.4808,0.0,1.0125,1.4883,1277,43.13166666666667,237.8377735004061,451.4845,688.7539,570.1192,0.025,0.4745,1.4401,1277,43.13166666666667,237.942996696564,451.4719,688.929,570.2005,0.0,0.5641,1.4238,1277,43.13166666666667,236.3647486509386,452.3075,688.0929,570.2002,0.0583,0.7204,1.4883,1277,43.13166666666667
236.36418751417315,452.3023,688.0874,570.1949,0.0583,0.6937,1.5042,1278,43.155,235.75032946170478,452.8635,688.0874,570.4754,0.0,1.0167,1.5042,1278,43.155,237.84639042449777,451.4832,688.7631,570.1231,0.025,0.4832,1.4274,1278,43.155,237.95099760455102,451.4706,688.9374,570.204,0.0,0.5223,1.422,1278,43.155,236.36418751417315,452.3023,688.0874,570.1949,0.0583,0.6937,1.5042,1278,43.155
236.38551907840798,452.2913,688.0975,570.1944,0.05,0.704,1.5139,1279,43.18833333333333,235.82211118825336,452.8215,688.0975,570.4595,0.0,0.9547,1.5139,1279,43.18833333333333,237.84125872558832,451.485,688.7586,570.1218,0.025,0.4672,1.4348,1279,43.18833333333333,237.9459909293697,451.4724,688.933,570.2027,0.0,0.545,1.4233,1279,43.18833333333333,236.38551907840798,452.2913,688.0975,570.1944,0.05,0.704,1.5139,1279,43.18833333333333
236.38650819769933,452.2939,688.1029,570.1984,0.05,0.637,1.524,1280,43.23166666666667,235.82246214319338,452.8243,688.1029,570.4636,0.0,0.9275,1.524,1280,43.23166666666667,237.8375810483112,451.4879,688.7587,570.1233,0.025,0.5012,1.4348,1280,43.23166666666667,237.94240832860893,451.4753,688.9331,570.2042,0.0,0.5604,1.4232,1280,43.23166666666667,236.38650819769933,452.2939,688.1029,570.1984,0.05,0.637,1.524,1280,43.23166666666667
236.38508455498433,452.2955,688.1031,570.1993,0.05,0.6355,1.4903,1281,43.255,235.8219282304063,452.8252,688.1031,570.4642,0.0,0.9362,1.4903,1281,43.255,237.83806201793197,451.4876,688.7561,570.1218,0.025,0.5052,1.4403,1281,43.255,237.94290052647702,451.475,688.9306,570.2028,0.0,0.5687,1.4257,1281,43.255,236.38508455498433,452.2955,688.1031,570.1993,0.05,0.6355,1.4903,1281,43.255
236.39054754111547,452.2932,688.1024,570.1978,0.05,0.6346,1.4894,1282,43.288333333333334,235.8267968789622,452.8239,688.1024,570.4631,0.0,0.9485,1.4894,1282,43.288333333333334,237.83880626195742,451.4867,688.755,570.1208,0.025,0.5047,1.445,1282,43.288333333333334,237.94364187922372,451.4741,688.9295,570.2018,0.0,0.5671,1.4268,1282,43.288333333333334,236.39054754111547,452.2932,688.1024,570.1978,0.05,0.6346,1.4894,1282,43.288333333333334
236.3848986129256,452.2994,688.1019,570.2006,0.05,0.6651,1.4896,1283,43.333333333333336,235.82292147874372,452.8286,688.1019,570.4652,0.0,0.956,1.4896,1283,43.333333333333336,237.83897493312588,451.4866,688.755,570.1208,0.025,0.505,1.445,1283,43.333333333333336,237.9438048768483,451.474,688.9295,570.2017,0.0,0.5672,1.4268,1283,43.333333333333336,236.3848986129256,452.2994,688.1019,570.2006,0.05,0.6651,1.4896,1283,43.333333333333336
236.13710459216307,452.52,688.0779,570.2989,0.0417,1.1036,1.3931,1284,43.35666666666667,235.56365068227103,453.0931,688.0779,570.5855,0.0083,1.137,1.3931,1284,43.35666666666667,237.82184389177294,451.4697,688.7593,570.1145,0.0167,0.5175,1.3369,1284,43.35666666666667,237.94733470663687,451.4437,688.9321,570.1879,0.0,0.5416,1.2696,1284,43.35666666666667,236.11000698256433,452.5735,688.0779,570.3257,0.0333,0.8613,1.3931,1284,43.35666666666667
236.11532906591685,452.5195,688.0654,570.2925,0.0417,1.113,1.4222,1285,43.388333333333335,235.54113311235355,453.0943,688.0654,570.5799,0.0083,1.1764,1.4222,1285,43.388333333333335,237.81353066062158,451.4737,688.7462,570.1099,0.0167,0.5206,1.3315,1285,43.388333333333335,237.93933550269415,451.4475,688.9194,570.1834,0.0,0.5394,1.2732,1285,43.388333333333335,236.16449468409832,452.4865,688.0654,570.276,0.0417,0.9867,1.4222,1285,43.388333333333335
236.13524120330706,452.5083,688.0746,570.2915,0.0417,1.0468,1.3803,1286,43.43333333333334,235.56046453958106,453.0838,688.0746,570.5792,0.0083,1.2658,1.3803,1286,43.43333333333334,237.82340389799452,451.4708,688.7574,570.1141,0.0167,0.5389,1.3229,1286,43.43333333333334,237.95097763242424,451.4447,688.9333,570.189,0.0,0.5359,1.2818,1286,43.43333333333334,236.07868739703434,452.583,688.0746,570.3288,0.025,0.9727,1.3803,1286,43.43333333333334
236.118848311825,452.5137,688.0638,570.2887,0.0417,1.0868,1.3843,1287,43.45333333333333,235.5440205099628,453.0891,688.0638,570.5764,0.0083,1.1844,1.3843,1287,43.45333333333333,237.82040416997847,451.4747,688.757,570.1158,0.0167,0.5424,1.3305,1287,43.45333333333333,237.94601373884177,451.4487,688.9299,570.1893,0.0,0.5382,1.2716,1287,43.45333333333333,236.16781220761936,452.4808,688.0638,570.2723,0.0417,0.9986,1.3843,1287,43.45333333333333
236.02212258440426,452.5172,687.9435,570.2303,0.0417,1.0865,1.4306,1288,43.48666666666667,235.44709558397525,453.0906,687.9435,570.5171,0.0083,1.1603,1.4306,1288,43.48666666666667,237.67048353883823,451.4707,688.5931,570.0319,0.0167,0.5435,1.3602,1288,43.48666666666667,237.79931299137792,451.4446,688.7709,570.1078,0.0,0.5377,1.312,1288,43.48666666666667,235.99371584155534,452.5708,687.9435,570.2571,0.0333,0.8446,1.4306,1288,43.48666666666667
236.01850868054356,452.5142,687.9548,570.2345,0.0417,1.1124,1.4738,1289,43.52166666666667,235.4447223970349,453.0886,687.9548,570.5217,0.0083,1.1879,1.4738,1289,43.52166666666667,237.6848559481284,451.4695,688.6042,570.0368,0.0167,0.5487,1.367,1289,43.52166666666667,237.81330196880458,451.4435,688.7814,570.1124,0.0,0.5683,1.3435,1289,43.52166666666667,236.06747455058638,452.4814,687.9548,570.2181,0.0417,0.9688,1.4738,1289,43.52166666666667
236.17232010524168,452.3759,687.9727,570.1743,0.05,0.9431,1.4841,1290,43.553333333333335,235.5209383118325,453.0333,687.9727,570.503,0.0083,1.0014,1.4841,1290,43.553333333333335,237.74180963191677,451.4535,688.6489,570.0512,0.025,0.5019,1.4003,1290,43.553333333333335,237.8819865728855,451.4159,688.8236,570.1197,0.0,0.5449,1.3756,1290,43.553333333333335,236.1215064294034,452.436,687.9727,570.2043,0.0333,0.9671,1.4841,1290,43.553333333333335
236.40416541721802,452.2369,688.0592,570.148,0.0583,0.7791,1.4601,1291,43.58833333333334,235.70399495679965,452.9487,688.0592,570.5039,0.0083,0.9183,1.4601,1291,43.58833333333334,237.90256987710333,451.4277,688.8115,570.1196,0.0167,0.5617,1.3186,1291,43.58833333333334,238.0287621192163,451.3956,688.9811,570.1883,0.0,0.6279,1.173,1291,43.58833333333334,236.34448867345924,452.325,688.0592,570.1921,0.0417,0.8168,1.4601,1291,43.58833333333334
236.3430275316902,452.3673,688.1019,570.2346,0.0333,0.9417,1.4946,1292,43.620000000000005,235.80230616120957,452.8837,688.1019,570.4928,0.0,0.9304,1.4946,1292,43.620000000000005,237.92866461005008,451.4422,688.8625,570.1523,0.0167,0.601,1.2898,1292,43.620000000000005,238.0541038524944,451.41,689.031,570.2205,0.0,0.6637,1.2726,1292,43.620000000000005,236.31004901828385,452.39,688.1019,570.2459,0.025,0.9696,1.4946,1292,43.620000000000005
236.356062943168,452.3656,688.1117,570.2386,0.0417,0.8522,1.5125,1293,43.653333333333336,235.7749327700168,452.9106,688.1117,570.5112,0.0,1.0338,1.5125,1293,43.653333333333336,237.9118377470851,451.4577,688.8617,570.1597,0.0167,0.5972,1.317,1293,43.653333333333336,238.0424402169874,451.4256,689.0381,570.2319,0.0,0.6056,1.273,1293,43.653333333333336,236.356062943168,452.3656,688.1117,570.2386,0.0417,0.8522,1.5125,1293,43.653333333333336
236.2306401404519,452.5198,688.2035,570.3616,0.0417,1.0269,1.468,1294,43.68833333333334,235.7398361254027,453.0084,688.2035,570.606,0.0083,1.3677,1.468,1294,43.68833333333334,237.8642839909649,451.4731,688.771,570.122,0.025,0.538,1.3047,1294,43.68833333333334,237.92766933095223,451.5129,688.9483,570.2306,0.0,0.5965,1.2532,1294,43.68833333333334,236.2549366317089,452.5084,688.2035,570.356,0.025,0.9701,1.468,1294,43.68833333333334
236.36657358227794,452.3966,688.2199,570.3083,0.05,0.8998,1.4703,1295,43.72166666666667,235.8093770999834,452.9561,688.2199,570.588,0.0083,1.1217,1.4703,1295,43.72166666666667,237.85595922890826,451.4753,688.7651,570.1202,0.025,0.5629,1.3203,1295,43.72166666666667,237.9191534979415,451.5155,688.9424,570.229,0.0,0.6247,1.286,1295,43.72166666666667,236.32844260147388,452.4524,688.2199,570.3361,0.025,0.9219,1.4703,1295,43.72166666666667
236.30140102484862,452.4735,688.2224,570.348,0.0417,0.9734,1.4641,1296,43.75333333333334,235.80590163493247,452.9659,688.2224,570.5942,0.0083,1.1237,1.4641,1296,43.75333333333334,237.85782034166184,451.4748,688.7651,570.12,0.025,0.5608,1.3205,1296,43.75333333333334,237.9210350234873,451.5151,688.9424,570.2287,0.0,0.6172,1.276,1296,43.75333333333334,236.32441105211254,452.463,688.2224,570.3427,0.025,0.9187,1.4641,1296,43.75333333333334
236.34588668065513,452.4631,688.2675,570.3653,0.0417,0.7192,1.5114,1297,43.788333333333334,236.0516397180577,452.7464,688.2675,570.507,0.0083,0.8297,1.5114,1297,43.788333333333334,237.94691346707165,451.4704,688.8649,570.1677,0.025,0.5123,1.2539,1297,43.788333333333334,238.0106553996206,451.5124,689.0443,570.2783,0.0,0.6312,1.2833,1297,43.788333333333334,236.48420353294884,452.3539,688.2675,570.3107,0.0417,0.7627,1.5114,1297,43.788333333333334
236.3395671580204,452.4647,688.2632,570.3639,0.0417,0.6802,1.5313,1298,43.82,236.0455888830974,452.748,688.2632,570.5056,0.0083,0.9049,1.5313,1298,43.82,237.89035260179045,451.4694,688.7668,570.1181,0.025,0.5173,1.2995,1298,43.82,237.95568308126042,451.5113,688.9486,570.23,0.0,0.6306,1.379,1298,43.82,236.457875542179,452.3653,688.2632,570.3142,0.0333,0.8262,1.5313,1298,43.82
236.4598659280264,452.3518,688.262,570.3069,0.0417,0.8081,1.5304,1299,43.85333333333334,236.04435466256015,452.7493,688.262,570.5056,0.0083,0.9438,1.5304,1299,43.85333333333334,237.8879725582186,451.469,688.7668,570.1179,0.025,0.5145,1.2963,1299,43.85333333333334,237.95330973654634,451.511,688.9486,570.2298,0.0,0.6317,1.3745,1299,43.85333333333334,236.45804358312571,452.3653,688.262,570.3137,0.0333,0.8129,1.5304,1299,43.85333333333334
236.33978805559158,452.4665,688.2632,570.3648,0.0417,0.7479,1.5351,1300,43.88666666666667,236.04350442133372,452.7514,688.2632,570.5073,0.0083,0.9449,1.5351,1300,43.88666666666667,237.89204417548788,451.4635,688.7645,570.114,0.0167,0.5166,1.2976,1300,43.88666666666667,238.0234502657869,451.4377,688.9464,570.192,0.0,0.5552,1.3763,1300,43.88666666666667,236.4575792100292,452.3672,688.2632,570.3152,0.0333,0.8074,1.5351,1300,43.88666666666667
236.3218149531476,452.4709,688.2502,570.3605,0.0417,0.713,1.5269,1301,43.92,236.0260969985478,452.756,688.2502,570.5031,0.0083,0.8762,1.5269,1301,43.92,237.88393762912165,451.4624,688.756,570.1092,0.0167,0.516,1.2926,1301,43.92,238.01540921994012,451.4366,688.938,570.1873,0.0,0.5538,1.3676,1301,43.92,236.43971686682048,452.3721,688.2502,570.3111,0.0333,0.8091,1.5269,1301,43.92
236.4497147955847,452.3561,688.2534,570.3047,0.0417,0.8501,1.5289,1302,43.95333333333333,236.0356011690418,452.7523,688.2534,570.5028,0.0083,0.8755,1.5289,1302,43.95333333333333,237.88442928250242,451.4622,688.7548,570.1085,0.0167,0.5161,1.3051,1302,43.95333333333333,238.01591584586475,451.4363,688.9368,570.1865,0.0,0.5533,1.3684,1302,43.95333333333333,236.39179535875905,452.4174,688.2534,570.3354,0.025,0.8962,1.5289,1302,43.95333333333333
236.45690331600318,452.3521,688.2556,570.3038,0.0417,0.8024,1.5244,1303,43.98833333333334,236.04306717139005,452.748,688.2556,570.5018,0.0083,0.9187,1.5244,1303,43.98833333333334,237.88489816755887,451.462,688.756,570.109,0.0167,0.5156,1.3044,1303,43.98833333333334,238.01635206841883,451.4361,688.9379,570.187,0.0,0.5531,1.3658,1303,43.98833333333334,236.4551601529286,452.3656,688.2556,570.3106,0.0333,0.8406,1.5244,1303,43.98833333333334
236.50425974783127,452.2447,688.1842,570.2144,0.0417,0.8678,1.4533,1304,44.02333333333333,236.19874674366196,452.5593,688.1842,570.3717,0.0083,0.9611,1.4533,1304,44.02333333333333,237.77181705264456,451.4937,688.7011,570.0974,0.025,0.4545,1.3913,1304,44.02333333333333,237.9376629213803,451.4316,688.8763,570.154,0.0,0.4992,1.4211,1304,44.02333333333333,236.44797297540563,452.321,688.1842,570.2526,0.0333,0.7762,1.4533,1304,44.02333333333333
236.37115058610613,452.3732,688.1927,570.2829,0.0417,0.8776,1.4728,1305,44.053333333333335,236.05476231132897,452.6856,688.1927,570.4391,0.0083,1.0223,1.4728,1305,44.053333333333335,237.80650539968693,451.4636,688.7015,570.0826,0.0167,0.511,1.39,1305,44.053333333333335,237.93531963667456,451.4337,688.8767,570.1552,0.0,0.4996,1.4209,1305,44.053333333333335,236.22323542528906,452.5382,688.1927,570.3654,0.025,0.9524,1.4728,1305,44.053333333333335
236.50544598021128,452.2371,688.1895,570.2133,0.0417,0.9376,1.4432,1306,44.086666666666666,236.19988722096744,452.552,688.1895,570.3708,0.0083,0.9703,1.4432,1306,44.086666666666666,237.80913126937116,451.4703,688.7187,570.0945,0.025,0.4719,1.3819,1306,44.086666666666666,237.83481177506386,451.429,688.7187,570.0738,0.0,0.4725,1.3819,1306,44.086666666666666,236.44613951989894,452.3163,688.1895,570.2529,0.0333,0.7748,1.4432,1306,44.086666666666666
236.48633019591324,452.2475,688.1921,570.2198,0.05,0.8991,1.4794,1307,44.120000000000005,236.1960719426175,452.5565,688.1921,570.3743,0.0083,0.9759,1.4794,1307,44.120000000000005,237.7773045572326,451.495,688.7196,570.1073,0.025,0.4101,1.3823,1307,44.120000000000005,237.83690733768415,451.4288,688.7196,570.0742,0.0,0.4725,1.3823,1307,44.120000000000005,236.44337242230696,452.3198,688.1921,570.256,0.0333,0.7324,1.4794,1307,44.120000000000005
236.48539760435554,452.2466,688.1908,570.2187,0.05,0.8379,1.443,1308,44.153333333333336,236.19519705245554,452.5559,688.1908,570.3734,0.0083,0.9198,1.443,1308,44.153333333333336,237.77711622063734,451.4954,688.72,570.1077,0.025,0.4105,1.382,1308,44.153333333333336,237.8361345201524,451.4296,688.72,570.0748,0.0,0.4722,1.382,1308,44.153333333333336,236.4417824310272,452.3199,688.1908,570.2554,0.0333,0.7331,1.443,1308,44.153333333333336
236.49399757465434,452.2492,688.1901,570.2196,0.0417,0.9164,1.4735,1309,44.18833333333334,236.18875125632104,452.5637,688.1901,570.3769,0.0083,0.9449,1.4735,1309,44.18833333333334,237.77754058597253,451.496,688.7188,570.1074,0.025,0.4126,1.3829,1309,44.18833333333334,237.83654890447932,451.4302,688.7188,570.0745,0.0,0.4755,1.3829,1309,44.18833333333334,236.43544378526303,452.3278,688.1901,570.259,0.0333,0.7677,1.4735,1309,44.18833333333334
236.48043999419173,452.2461,688.1837,570.2149,0.05,0.8746,1.4518,1310,44.220000000000006,236.19021757445077,452.5554,688.1837,570.3696,0.0083,0.9717,1.4518,1310,44.220000000000006,237.76730538610775,451.4974,688.7099,570.1036,0.025,0.4113,1.3845,1310,44.220000000000006,237.82634501639922,451.4315,688.7099,570.0707,0.0,0.4864,1.3845,1310,44.220000000000006,236.4377121681132,452.3185,688.1837,570.2511,0.0333,0.7215,1.4518,1310,44.220000000000006
236.48101086189325,452.2468,688.1851,570.2159,0.05,0.9367,1.4885,1311,44.255,236.19087989805928,452.5562,688.1851,570.3707,0.0083,0.9782,1.4885,1311,44.255,237.76632009217337,451.4991,688.71,570.1045,0.025,0.412,1.3848,1311,44.255,237.82548465527844,451.4331,688.71,570.0715,0.0,0.4825,1.3848,1311,44.255,236.43860184643037,452.3191,688.1851,570.2521,0.0333,0.7369,1.4885,1311,44.255
236.48225532026348,452.2421,688.1815,570.2118,0.05,0.8801,1.4544,1312,44.28666666666667,236.191706590829,452.5519,688.1815,570.3667,0.0083,0.9583,1.4544,1312,44.28666666666667,237.7660030951206,451.4967,688.7087,570.1027,0.025,0.4105,1.3847,1312,44.28666666666667,237.82499834688107,451.4309,688.7087,570.0698,0.0,0.4728,1.3847,1312,44.28666666666667,236.43855081549293,452.3156,688.1815,570.2486,0.0333,0.7344,1.4544,1312,44.28666666666667
236.55363387197045,452.2001,688.1854,570.1927,0.05,0.7802,1.4887,1313,44.32,236.20721960009132,452.5441,688.1854,570.3648,0.0083,0.9083,1.4887,1313,44.32,237.80662726876213,451.4673,688.7103,570.0888,0.025,0.4116,1.3845,1313,44.32,237.83152937833933,451.4269,688.7103,570.0686,0.0,0.4568,1.3845,1313,44.32,236.45404034749401,452.3079,688.1854,570.2467,0.0333,0.7505,1.4887,1313,44.32
236.34234328073825,452.3365,688.1149,570.2257,0.05,0.8015,1.2899,1314,44.36166666666667,235.7201181342258,452.9332,688.1149,570.5241,0.0083,0.9887,1.2899,1314,44.36166666666667,237.94947034348715,451.3873,688.8101,570.0987,0.025,0.4569,1.2794,1314,44.36166666666667,237.9489128186482,451.3689,688.8101,570.0895,0.0,0.533,1.2794,1314,44.36166666666667,236.38392249494507,452.3269,688.1149,570.2209,0.05,0.8672,1.2899,1314,44.36166666666667
236.3306734584947,452.3421,688.1061,570.2241,0.05,0.8139,1.3807,1315,44.388333333333335,235.7085108184665,452.9388,688.1061,570.5224,0.0083,0.9584,1.3807,1315,44.388333333333335,237.94869846661746,451.3884,688.8101,570.0993,0.025,0.4528,1.2794,1315,44.388333333333335,237.94813974554845,451.3699,688.8101,570.09,0.0,0.5317,1.2794,1315,44.388333333333335,236.37202655931017,452.3327,688.1061,570.2194,0.05,0.849,1.3807,1315,44.388333333333335
236.33811323948882,452.3371,688.1071,570.2221,0.05,0.7986,1.3714,1316,44.42333333333334,235.71572701911268,452.9339,688.1071,570.5205,0.0083,0.9624,1.3714,1316,44.42333333333334,237.9500779280785,451.3864,688.8087,570.0975,0.025,0.455,1.2795,1316,44.42333333333334,237.9495146971642,451.3679,688.8087,570.0883,0.0,0.5304,1.2795,1316,44.42333333333334,236.33690768704724,452.3589,688.1071,570.233,0.0417,0.8816,1.3714,1316,44.42333333333334
236.34509055719113,452.333,688.1066,570.2198,0.05,0.8332,1.3523,1317,44.46333333333334,235.7218935997097,452.9303,688.1066,570.5185,0.0083,0.9718,1.3523,1317,44.46333333333334,237.95022754216956,451.3803,688.7996,570.09,0.0333,0.4633,1.3468,1317,44.46333333333334,238.06207288743047,451.362,688.9718,570.1669,0.0,0.5248,1.27,1317,44.46333333333334,236.38762987141038,452.3219,688.1066,570.2143,0.05,0.8929,1.3523,1317,44.46333333333334
236.3353750033317,452.3342,688.1258,570.23,0.05,0.8024,1.3484,1318,44.49,235.71309335050424,452.9308,688.1258,570.5283,0.0083,0.9966,1.3484,1318,44.49,237.94660002699214,451.387,688.8255,570.1063,0.025,0.4557,1.3683,1318,44.49,237.94606100342313,451.3684,688.8255,570.097,0.0,0.5296,1.3683,1318,44.49,236.37933536074073,452.3231,688.1258,570.2245,0.05,0.8755,1.3484,1318,44.49
236.3138766484442,452.3394,688.1039,570.2216,0.05,0.8071,1.3879,1319,44.531666666666666,235.69196612314138,452.9358,688.1039,570.5198,0.0083,0.985,1.3879,1319,44.531666666666666,237.90239339955187,451.4138,688.8049,570.1094,0.0167,0.5007,1.3306,1319,44.531666666666666,237.92913093707918,451.373,688.8049,570.0889,0.0,0.5377,1.3306,1319,44.531666666666666,236.35738063953522,452.329,688.1039,570.2165,0.05,0.8222,1.3879,1319,44.531666666666666
236.30606536330905,452.3517,688.1113,570.2315,0.0417,0.7993,1.3964,1320,44.565000000000005,235.73044444675725,452.9179,688.1113,570.5146,0.0083,1.1061,1.3964,1320,44.565000000000005,237.90292600824637,451.4146,688.8054,570.11,0.0167,0.4992,1.3336,1320,44.565000000000005,237.92963350500864,451.3738,688.8054,570.0896,0.0,0.5365,1.3336,1320,44.565000000000005,236.30380533558233,452.375,688.1113,570.2431,0.0333,0.8946,1.3964,1320,44.565000000000005
236.41434868281817,452.3519,688.2427,570.2973,0.05,0.8028,1.527,1321,44.58833333333334,235.79647540003145,452.945,688.2427,570.5939,0.0083,0.9758,1.527,1321,44.58833333333334,238.0029115292501,451.4145,688.9277,570.1711,0.0167,0.561,1.4405,1321,44.58833333333334,238.02962968989914,451.3738,688.9277,570.1508,0.0,0.5856,1.4405,1321,44.58833333333334,236.4591756235481,452.3394,688.2427,570.2911,0.05,0.8256,1.527,1321,44.58833333333334
236.42862357456792,452.3545,688.2299,570.2922,0.0583,0.8219,1.4233,1322,44.620000000000005,235.78077988572977,452.9485,688.2299,570.5892,0.0083,0.9974,1.4233,1322,44.620000000000005,237.99732940720708,451.414,688.9208,570.1674,0.0167,0.5606,1.4323,1322,44.620000000000005,238.02403014943133,451.3732,688.9208,570.147,0.0,0.5842,1.4323,1322,44.620000000000005,236.44212680698124,452.3437,688.2299,570.2868,0.05,0.828,1.4233,1322,44.620000000000005
236.0755911734243,452.6668,688.2193,570.4431,0.025,1.012,1.4254,1323,44.665000000000006,235.5646275335422,453.1648,688.2193,570.6921,0.0,1.1263,1.4254,1323,44.665000000000006,237.72719821217245,451.6578,688.904,570.2809,0.0167,0.5136,1.4306,1323,44.665000000000006,237.7656391446935,451.6275,688.904,570.2658,0.0,0.5394,1.4306,1323,44.665000000000006,236.0755911734243,452.6668,688.2193,570.4431,0.025,1.012,1.4254,1323,44.665000000000006
235.92788962634515,452.637,688.0284,570.3327,0.0,1.0612,1.2501,1324,44.690000000000005,235.9278896263451,452.637,688.0284,570.3327,0.0,1.0612,1.2501,1324,44.690000000000005,237.79932199385127,451.5264,688.7383,570.1324,0.0167,0.5687,1.3884,1324,44.690000000000005,237.9256141946234,451.499,688.9114,570.2052,0.0,0.6562,1.2542,1324,44.690000000000005,235.92788962634515,452.637,688.0284,570.3327,0.0,1.0612,1.2501,1324,44.690000000000005
236.0574565906416,452.4236,687.8832,570.1534,0.0167,1.0614,1.294,1325,44.720000000000006,236.00604869115529,452.457,687.8832,570.1701,0.0,1.0406,1.294,1325,44.720000000000006,237.69293075319302,451.4075,688.5283,569.9679,0.0167,0.4573,1.3984,1325,44.720000000000006,237.82066533018426,451.378,688.7021,570.04,0.0,0.5575,1.2411,1325,44.720000000000006,236.0574565906416,452.4236,687.8832,570.1534,0.0167,1.0614,1.294,1325,44.720000000000006
236.03104311287623,452.4212,687.8436,570.1324,0.0167,1.1863,1.4113,1326,44.765,235.80301805195583,452.6348,687.8436,570.2392,0.0,1.2511,1.4113,1326,44.765,237.70502419215535,451.4022,688.5448,569.9735,0.0167,0.5687,1.3723,1326,44.765,237.8308293990373,451.3742,688.7167,570.0454,0.0,0.5646,1.3791,1326,44.765,236.05154221043745,452.4022,687.8436,570.1229,0.025,1.1373,1.4113,1326,44.765
236.3383408045519,452.3987,688.1763,570.2875,0.0167,1.0869,1.3403,1327,44.788333333333334,236.10848665736836,452.6134,688.1763,570.3948,0.0,1.1913,1.3403,1327,44.788333333333334,237.99920277266193,451.4036,688.8526,570.1281,0.0167,0.5463,1.3007,1327,44.788333333333334,238.1201796904749,451.3756,689.0171,570.1963,0.0,0.56,1.2308,1327,44.788333333333334,236.359486712775,452.3792,688.1763,570.2777,0.025,1.0413,1.3403,1327,44.788333333333334
236.3525033420673,452.4194,688.2411,570.3302,0.0167,1.1022,1.3406,1328,44.82,236.12180760350984,452.6333,688.2411,570.4372,0.0,1.0755,1.3406,1328,44.82,238.00226601560112,451.3875,688.8323,570.1099,0.0167,0.5055,1.3196,1328,44.82,238.1235158382704,451.3597,688.9974,570.1786,0.0,0.5539,1.2483,1328,44.82,236.36840221496203,452.4047,688.2411,570.3229,0.025,1.0647,1.3406,1328,44.82
236.34759981559523,452.4251,688.2487,570.3369,0.0167,1.0644,1.3331,1329,44.86666666666667,236.1191790684587,452.6383,688.2487,570.4435,0.0,1.1454,1.3331,1329,44.86666666666667,237.9530667740528,451.4348,688.8367,570.1357,0.0167,0.4727,1.2961,1329,44.86666666666667,238.07453160540894,451.4066,689.0019,570.2042,0.0,0.5724,1.211,1329,44.86666666666667,236.36847547273166,452.4058,688.2487,570.3272,0.025,1.0132,1.3331,1329,44.86666666666667
236.40884591391256,452.3753,688.2509,570.3131,0.0333,0.7976,1.3498,1330,44.88666666666667,236.07072074018538,452.7039,688.2509,570.4774,0.0,0.9474,1.3498,1330,44.88666666666667,237.81109427091698,451.5671,688.8376,570.2024,0.0167,0.5954,1.2694,1330,44.88666666666667,237.93140921219415,451.5415,689.0027,570.2721,0.0,0.6238,1.221,1330,44.88666666666667,236.4343457241764,452.3518,688.2509,570.3013,0.0417,0.8458,1.3498,1330,44.88666666666667
236.2203114102485,452.4749,688.117,570.296,0.025,0.87,1.342,1331,44.92,235.9754195009513,452.6936,688.117,570.4053,0.0,1.105,1.342,1331,44.92,237.73870962874187,451.5267,688.6971,570.1119,0.0167,0.597,1.3736,1331,44.92,237.8648743240954,451.4936,688.866,570.1798,0.0,0.6703,1.3703,1331,44.92,236.24072219695563,452.4568,688.117,570.2869,0.0333,0.8816,1.342,1331,44.92
236.23881625162792,452.4194,688.0548,570.2371,0.025,0.8283,1.3661,1332,44.95333333333333,235.99100439339983,452.6381,688.0548,570.3465,0.0,1.022,1.3661,1332,44.95333333333333,237.77335892989294,451.5054,688.7389,570.1221,0.0167,0.5813,1.3331,1332,44.95333333333333,237.89789826435643,451.4726,688.9055,570.1891,0.0,0.6003,1.3365,1332,44.95333333333333,236.20374235806725,452.4315,688.0548,570.2431,0.0167,0.8641,1.3661,1332,44.95333333333333
236.22033181197182,452.4173,688.0182,570.2178,0.025,0.779,1.3909,1333,44.98833333333334,235.9723864998686,452.636,688.0182,570.3271,0.0,0.9921,1.3909,1333,44.98833333333334,237.7600405521059,451.504,688.7145,570.1093,0.0167,0.5811,1.3724,1333,44.98833333333334,237.88498100058038,451.4712,688.8818,570.1765,0.0,0.5983,1.3078,1333,44.98833333333334,236.1853687076834,452.4293,688.0182,570.2238,0.0167,0.8966,1.3909,1333,44.98833333333334
236.4387579668616,452.1477,687.9503,570.049,0.0417,0.7228,1.5541,1334,45.02333333333333,235.9594085719797,452.5913,687.9503,570.2708,0.0,0.9997,1.5541,1334,45.02333333333333,237.9238012746235,451.3495,688.7265,570.038,0.0167,0.3979,1.3936,1334,45.02333333333333,238.0509620239588,451.3195,688.8991,570.1093,0.0,0.5316,1.3715,1334,45.02333333333333,236.4387579668616,452.1477,687.9503,570.049,0.0417,0.7228,1.5541,1334,45.02333333333333
236.4105597690548,452.1545,687.9158,570.0351,0.0417,0.7794,1.4852,1335,45.053333333333335,235.9305197075244,452.5987,687.9158,570.2572,0.0,0.9315,1.4852,1335,45.053333333333335,237.91568086708668,451.3614,688.7388,570.0501,0.0167,0.3983,1.4095,1335,45.053333333333335,238.03930918491602,451.3313,688.9059,570.1186,0.0,0.5348,1.367,1335,45.053333333333335,236.4105597690548,452.1545,687.9158,570.0351,0.0417,0.7794,1.4852,1335,45.053333333333335
236.41302338970044,452.2676,688.0402,570.1539,0.0417,0.7719,1.5298,1336,45.08666666666667,235.94237263211866,452.7026,688.0402,570.3714,0.0,0.9605,1.5298,1336,45.08666666666667,237.9774290142705,451.4362,688.901,570.1686,0.025,0.4509,1.523,1336,45.08666666666667,238.1242573384083,451.3825,689.0631,570.2228,0.0,0.5351,1.3536,1336,45.08666666666667,236.41302338970044,452.2676,688.0402,570.1539,0.0417,0.7719,1.5298,1336,45.08666666666667
236.42005032443126,452.254,688.0451,570.1496,0.0417,0.7648,1.5422,1337,45.120000000000005,235.9485964390612,452.69,688.0451,570.3676,0.0,0.9466,1.5422,1337,45.120000000000005,237.97105641990808,451.4397,688.9071,570.1734,0.025,0.4357,1.4835,1337,45.120000000000005,238.11814266214057,451.3858,689.0695,570.2276,0.0,0.4738,1.3699,1337,45.120000000000005,236.42005032443126,452.254,688.0451,570.1496,0.0417,0.7648,1.5422,1337,45.120000000000005
236.3503582784249,452.2515,687.9549,570.1032,0.0417,0.7657,1.5639,1338,45.153333333333336,235.8796212856847,452.6878,687.9549,570.3214,0.0,0.9473,1.5639,1338,45.153333333333336,237.89879422573136,451.4397,688.8105,570.1251,0.025,0.43,1.4094,1338,45.153333333333336,238.05677955135462,451.3859,688.9893,570.1876,0.0,0.4943,1.4138,1338,45.153333333333336,236.3503582784249,452.2515,687.9549,570.1032,0.0417,0.7657,1.5639,1338,45.153333333333336
236.34259509059916,452.2502,687.944,570.0971,0.0417,0.8448,1.5386,1339,45.18833333333334,235.87134748370178,452.6866,687.944,570.3153,0.0,1.0513,1.5386,1339,45.18833333333334,237.8764951016273,451.4391,688.7852,570.1121,0.025,0.4287,1.4341,1339,45.18833333333334,238.0347486522343,451.3853,688.9644,570.1748,0.0,0.4954,1.4409,1339,45.18833333333334,236.34259509059916,452.2502,687.944,570.0971,0.0417,0.8448,1.5386,1339,45.18833333333334
236.34426778175546,452.2508,687.9532,570.102,0.0417,0.828,1.5483,1340,45.220000000000006,235.87209386035445,452.6877,687.9532,570.3204,0.0,1.0063,1.5483,1340,45.220000000000006,237.88367546399198,451.4388,688.7457,570.0923,0.025,0.4304,1.4629,1340,45.220000000000006,238.04282654672278,451.3851,688.9263,570.1557,0.0,0.4966,1.5182,1340,45.220000000000006,236.34426778175546,452.2508,687.9532,570.102,0.0417,0.828,1.5483,1340,45.220000000000006
236.37832315339736,452.2371,687.9908,570.1139,0.0417,0.8491,1.5345,1341,45.25333333333334,235.90514543095455,452.675,687.9908,570.3329,0.0,0.9926,1.5345,1341,45.25333333333334,237.89440240804313,451.4273,688.7434,570.0853,0.025,0.4526,1.464,1341,45.25333333333334,238.05326240317882,451.3736,688.924,570.1488,0.0,0.4965,1.5202,1341,45.25333333333334,236.37832315339736,452.2371,687.9908,570.1139,0.0417,0.8491,1.5345,1341,45.25333333333334
236.43238894992535,452.2033,687.9904,570.0969,0.05,0.711,1.5459,1342,45.28666666666667,235.91534629383938,452.6737,687.9904,570.3321,0.0,0.9833,1.5459,1342,45.28666666666667,237.9039942961703,451.4301,688.742,570.0861,0.025,0.4562,1.4633,1342,45.28666666666667,238.0521936867428,451.3745,688.9227,570.1486,0.0,0.498,1.5254,1342,45.28666666666667,236.43238894992535,452.2033,687.9904,570.0969,0.05,0.711,1.5459,1342,45.28666666666667
236.37259108339526,452.2449,687.9921,570.1185,0.0417,0.8251,1.5422,1343,45.32,235.9012672927154,452.6815,687.9921,570.3368,0.0,0.9878,1.5422,1343,45.32,237.906557652574,451.4302,688.7462,570.0882,0.025,0.4569,1.4632,1343,45.32,238.0546963630349,451.3746,688.9267,570.1507,0.0,0.4964,1.527,1343,45.32,236.37259108339526,452.2449,687.9921,570.1185,0.0417,0.8251,1.5422,1343,45.32
236.44772797178848,452.2438,688.1019,570.1728,0.0583,0.6644,1.1853,1344,45.355000000000004,235.87079947502997,452.7833,688.1019,570.4426,0.0,0.9152,1.1853,1344,45.355000000000004,237.91014023192,451.41,688.7684,570.0892,0.0083,0.4168,1.3546,1344,45.355000000000004,237.92413759208202,451.379,688.7684,570.0737,0.0,0.4766,1.3546,1344,45.355000000000004,236.44772797178848,452.2438,688.1019,570.1728,0.0583,0.6644,1.1853,1344,45.355000000000004
236.46688597649103,452.2426,688.1311,570.1868,0.0583,0.6669,1.4488,1345,45.388333333333335,235.88952390714215,452.7822,688.1311,570.4567,0.0,0.9069,1.4488,1345,45.388333333333335,237.87949055144776,451.4305,688.7384,570.0844,0.0167,0.4764,1.4608,1345,45.388333333333335,237.90745271437882,451.377,688.7384,570.0577,0.0,0.4949,1.4608,1345,45.388333333333335,236.46688597649103,452.2426,688.1311,570.1868,0.0583,0.6669,1.4488,1345,45.388333333333335
236.36247257473562,452.3282,688.0855,570.2069,0.0417,0.7405,1.3086,1346,45.42,235.93054801294653,452.7323,688.0855,570.4089,0.0,0.8453,1.3086,1346,45.42,237.90824448983034,451.4079,688.7685,570.0882,0.0083,0.4437,1.3737,1346,45.42,237.9226827373403,451.376,688.7685,570.0722,0.0,0.4971,1.3737,1346,45.42,236.36247257473562,452.3282,688.0855,570.2069,0.0417,0.7405,1.3086,1346,45.42
236.3126437011314,452.3253,688.0811,570.2032,0.05,0.762,1.2446,1347,45.45333333333333,235.8760209306341,452.7637,688.0811,570.4224,0.0,0.9336,1.2446,1347,45.45333333333333,237.9004675382375,451.4067,688.7453,570.076,0.0083,0.4485,1.4981,1347,45.45333333333333,237.9147087456132,451.3752,688.7453,570.0602,0.0,0.4924,1.4981,1347,45.45333333333333,236.3126437011314,452.3253,688.0811,570.2032,0.05,0.762,1.2446,1347,45.45333333333333
236.47950724804286,452.2133,688.0794,570.1464,0.0583,0.6842,1.2357,1348,45.48833333333334,235.89962599033316,452.7555,688.0794,570.4175,0.0,0.8946,1.2357,1348,45.48833333333334,237.88114763691803,451.434,688.7452,570.0896,0.0167,0.4147,1.4979,1348,45.48833333333334,237.90927627596642,451.3801,688.7452,570.0627,0.0,0.4329,1.4979,1348,45.48833333333334,236.47950724804286,452.2133,688.0794,570.1464,0.0583,0.6842,1.2357,1348,45.48833333333334
236.42140960799406,452.2552,688.074,570.1646,0.0583,0.7104,1.2468,1349,45.531666666666666,235.84782868133325,452.792,688.074,570.433,0.0,0.8978,1.2468,1349,45.531666666666666,237.88265070061604,451.4337,688.7455,570.0896,0.0167,0.4353,1.4975,1349,45.531666666666666,237.91073310613828,451.3799,688.7455,570.0627,0.0,0.4313,1.4975,1349,45.531666666666666,236.42140960799406,452.2552,688.074,570.1646,0.0583,0.7104,1.2468,1349,45.531666666666666
236.4111798273633,452.2541,688.0567,570.1554,0.0583,0.7155,1.2312,1350,45.555,235.8365615738346,452.7915,688.0567,570.4241,0.0,0.922,1.2312,1350,45.555,237.87860494873254,451.4396,688.7569,570.0983,0.025,0.4466,1.403,1350,45.555,237.91664488625426,451.3804,688.7569,570.0687,0.0,0.4425,1.403,1350,45.555,236.4111798273633,452.2541,688.0567,570.1554,0.0583,0.7155,1.2312,1350,45.555
236.22299375200623,452.474,688.0708,570.2724,0.05,0.6766,1.2731,1351,45.59,235.85315496019894,452.7861,688.0708,570.4284,0.0,0.9239,1.2731,1351,45.59,237.88893356777268,451.4346,688.7572,570.0959,0.0167,0.4354,1.3909,1351,45.59,237.9170895666729,451.3807,688.7572,570.069,0.0,0.4274,1.3909,1351,45.59,236.22299375200623,452.474,688.0708,570.2724,0.05,0.6766,1.2731,1351,45.59
236.47604415426366,452.2113,688.0722,570.1417,0.0583,0.7052,1.2715,1352,45.623333333333335,235.89661494146415,452.7536,688.0722,570.4129,0.0,0.9092,1.2715,1352,45.623333333333335,237.85811243223984,451.4606,688.756,570.1083,0.025,0.4215,1.3769,1352,45.623333333333335,237.91642815548778,451.3806,688.756,570.0683,0.0,0.4276,1.3769,1352,45.623333333333335,236.47604415426366,452.2113,688.0722,570.1417,0.0583,0.7052,1.2715,1352,45.623333333333335
236.4604970394453,452.2216,688.0721,570.1469,0.05,0.6927,1.2715,1353,45.655,235.93194744909178,452.7289,688.0721,570.4005,0.0,0.8893,1.2715,1353,45.655,237.85811243223984,451.4606,688.756,570.1083,0.025,0.4215,1.3769,1353,45.655,237.91642815548778,451.3806,688.756,570.0683,0.0,0.4276,1.3769,1353,45.655,236.4604970394453,452.2216,688.0721,570.1469,0.05,0.6927,1.2715,1353,45.655
236.41142533723436,452.3823,688.2714,570.3268,0.0333,0.9467,1.4056,1354,45.690000000000005,236.01802437959873,452.7376,688.2714,570.5045,0.0,1.1667,1.4056,1354,45.690000000000005,237.86484678830618,451.4405,688.7687,570.1046,0.0333,0.4917,1.3843,1354,45.690000000000005,237.97303890957792,451.4235,688.9347,570.1791,0.0,0.5053,1.3373,1354,45.690000000000005,236.41142533723436,452.3823,688.2714,570.3268,0.0333,0.9467,1.4056,1354,45.690000000000005
236.25402547242405,452.4718,688.2241,570.3479,0.0333,1.0307,1.4385,1355,45.720000000000006,235.88854277284472,452.8493,688.2241,570.5367,0.0,1.2199,1.4385,1355,45.720000000000006,237.89790062615492,451.4083,688.7433,570.0758,0.0333,0.4718,1.3888,1355,45.720000000000006,237.96798168977563,451.4173,688.9059,570.1616,0.0,0.4935,1.3354,1355,45.720000000000006,236.25402547242405,452.4718,688.2241,570.3479,0.0333,1.0307,1.4385,1355,45.720000000000006
236.22540794752896,452.4968,688.2252,570.361,0.025,1.0253,1.4294,1356,45.75333333333334,235.93264294080592,452.7883,688.2252,570.5068,0.0,1.1124,1.4294,1356,45.75333333333334,237.80494369319496,451.4816,688.7376,570.1096,0.0333,0.4814,1.3835,1356,45.75333333333334,237.9686926040307,451.4148,688.9004,570.1576,0.0,0.5002,1.3371,1356,45.75333333333334,236.22540794752896,452.4968,688.2252,570.361,0.025,1.0253,1.4294,1356,45.75333333333334
236.22594877794188,452.4977,688.2263,570.362,0.025,1.0244,1.4303,1357,45.79166666666667,235.9331822338207,452.7891,688.2263,570.5077,0.0,1.1144,1.4303,1357,45.79166666666667,237.80370204839863,451.4835,688.7385,570.111,0.0333,0.4842,1.384,1357,45.79166666666667,237.96746809617434,451.4166,688.9013,570.1589,0.0,0.4984,1.3366,1357,45.79166666666667,236.22594877794188,452.4977,688.2263,570.362,0.025,1.0244,1.4303,1357,45.79166666666667
236.23093005368585,452.494,688.2293,570.3616,0.025,1.0392,1.4203,1358,45.82,235.93823201829548,452.7856,688.2293,570.5075,0.0,1.1613,1.4203,1358,45.82,237.8040456147294,451.4832,688.7377,570.1104,0.0333,0.4505,1.3693,1358,45.82,237.96780933213086,451.4163,688.9004,570.1584,0.0,0.4966,1.338,1358,45.82,236.23093005368585,452.494,688.2293,570.3616,0.025,1.0392,1.4203,1358,45.82
236.2766238975543,452.4675,688.227,570.3473,0.0333,0.9833,1.4071,1359,45.85333333333334,235.9072482186969,452.8433,688.227,570.5352,0.0,1.2596,1.4071,1359,45.85333333333334,237.80665119053256,451.484,688.7413,570.1126,0.0333,0.4532,1.3722,1359,45.85333333333334,237.97032308177006,451.4171,688.9039,570.1605,0.0,0.4942,1.3385,1359,45.85333333333334,236.2766238975543,452.4675,688.227,570.3473,0.0333,0.9833,1.4071,1359,45.85333333333334
236.28241083659378,452.4681,688.2247,570.3464,0.025,0.982,1.4064,1360,45.89333333333334,235.9848177420967,452.7604,688.2247,570.4926,0.0,1.2087,1.4064,1360,45.89333333333334,237.8069533201324,451.483,688.739,570.111,0.0333,0.4527,1.3722,1360,45.89333333333334,237.97065333688388,451.4162,688.9018,570.159,0.0,0.4947,1.3413,1360,45.89333333333334,236.28241083659378,452.4681,688.2247,570.3464,0.025,0.982,1.4064,1360,45.89333333333334
236.2828460183639,452.4689,688.2265,570.3477,0.025,0.9812,1.4064,1361,45.92166666666667,235.9853287587446,452.7611,688.2265,570.4938,0.0,1.2097,1.4064,1361,45.92166666666667,237.80685734712918,451.4835,688.7399,570.1117,0.0333,0.4893,1.3731,1361,45.92166666666667,237.97055561213318,451.4167,688.9026,570.1596,0.0,0.4951,1.341,1361,45.92166666666667,236.2828460183639,452.4689,688.2265,570.3477,0.025,0.9812,1.4064,1361,45.92166666666667
236.38475106943494,452.4073,688.2267,570.317,0.0417,0.9745,1.4074,1362,45.95333333333333,235.98921245197056,452.7576,688.2267,570.4922,0.0,1.1757,1.4074,1362,45.95333333333333,237.80651492036836,451.4837,688.7399,570.1118,0.0333,0.4917,1.3738,1362,45.95333333333333,237.97023590786495,451.4169,688.9026,570.1598,0.0,0.4955,1.3411,1362,45.95333333333333,236.38475106943494,452.4073,688.2267,570.317,0.0417,0.9745,1.4074,1362,45.95333333333333
236.27507521609624,452.4668,688.2303,570.3486,0.0333,0.9778,1.4163,1363,45.99666666666667,235.90552605533244,452.8429,688.2303,570.5366,0.0,1.2448,1.4163,1363,45.99666666666667,237.80142040520306,451.4841,688.7437,570.1139,0.0333,0.4867,1.3634,1363,45.99666666666667,237.96498487811533,451.4172,688.9062,570.1617,0.0,0.5125,1.3194,1363,45.99666666666667,236.27507521609624,452.4668,688.2303,570.3486,0.0333,0.9778,1.4163,1363,45.99666666666667
236.26157972829895,452.3982,688.1509,570.2745,0.0167,0.8411,1.431,1364,46.03,236.29944116531706,452.3585,688.1509,570.2547,0.0,1.0455,1.431,1364,46.03,237.93251113502902,451.4027,688.8018,570.1022,0.025,0.5185,1.4785,1364,46.03,238.0715881110675,451.3535,688.9763,570.1649,0.0,0.5575,1.3122,1364,46.03,236.26157972829895,452.3982,688.1509,570.2745,0.0167,0.8411,1.431,1364,46.03
236.29669948889787,452.3609,688.1508,570.2558,0.0167,0.9175,1.4206,1365,46.055,236.18844284337172,452.4704,688.1508,570.3106,0.0,1.2153,1.4206,1365,46.055,237.92593190536726,451.4015,688.7869,570.0942,0.025,0.5193,1.4876,1365,46.055,238.06530553268365,451.3524,688.9619,570.1571,0.0,0.5561,1.3226,1365,46.055,236.29669948889787,452.3609,688.1508,570.2558,0.0167,0.9175,1.4206,1365,46.055
236.31792603336535,452.355,688.1706,570.2628,0.0167,0.8893,1.3943,1366,46.098333333333336,236.2099141680932,452.4647,688.1706,570.3177,0.0,1.1508,1.3943,1366,46.098333333333336,237.93191792610276,451.4032,688.7955,570.0993,0.025,0.5259,1.4834,1366,46.098333333333336,238.07100719691547,451.3542,688.9701,570.1622,0.0,0.5572,1.3186,1366,46.098333333333336,236.31792603336535,452.355,688.1706,570.2628,0.0167,0.8893,1.3943,1366,46.098333333333336
236.35315726571952,452.3306,688.1696,570.2501,0.025,0.7064,1.4198,1367,46.12166666666667,236.25501010207253,452.4149,688.1696,570.2923,0.0,1.1098,1.4198,1367,46.12166666666667,237.909433528557,451.3928,688.7973,570.0951,0.025,0.5205,1.4607,1367,46.12166666666667,238.06524339989392,451.3592,688.9699,570.1645,0.0,0.5577,1.3481,1367,46.12166666666667,236.35315726571952,452.3306,688.1696,570.2501,0.025,0.7064,1.4198,1367,46.12166666666667
236.37158661826115,452.2929,688.1657,570.2293,0.0083,0.9,1.3947,1368,46.153333333333336,236.39531612808582,452.2826,688.1657,570.2241,0.0,0.9973,1.3947,1368,46.153333333333336,237.94227828479262,451.3895,688.8029,570.0962,0.0167,0.5216,1.461,1368,46.153333333333336,238.0708636773291,451.3592,688.9774,570.1683,0.0,0.5704,1.3079,1368,46.153333333333336,236.37158661826115,452.2929,688.1657,570.2293,0.0083,0.9,1.3947,1368,46.153333333333336
236.52339706275666,452.1926,688.1618,570.1772,0.025,1.0487,1.4054,1369,46.19666666666667,236.39514601142395,452.2816,688.1618,570.2217,0.0,0.9177,1.4054,1369,46.19666666666667,237.9436257189841,451.3868,688.8021,570.0944,0.0167,0.5277,1.4641,1369,46.19666666666667,238.07204722386942,451.3568,688.9765,570.1667,0.0,0.5681,1.3094,1369,46.19666666666667,236.52339706275666,452.1926,688.1618,570.1772,0.025,1.0487,1.4054,1369,46.19666666666667
236.34532344364754,452.3228,688.1572,570.24,0.0083,0.9517,1.4147,1370,46.22166666666667,236.36880543656875,452.3126,688.1572,570.2349,0.0,1.0404,1.4147,1370,46.22166666666667,237.9309447800105,451.3986,688.8008,570.0997,0.0167,0.5313,1.4832,1370,46.22166666666667,238.05934762962863,451.3687,688.9753,570.172,0.0,0.5773,1.3122,1370,46.22166666666667,236.34532344364754,452.3228,688.1572,570.24,0.0083,0.9517,1.4147,1370,46.22166666666667
236.39560095160132,452.3144,688.1663,570.2404,0.025,1.1066,1.5041,1371,46.25333333333334,236.18363375813408,452.4864,688.1663,570.3264,0.0,1.2246,1.5041,1371,46.25333333333334,237.92064004343,451.3982,688.7819,570.0901,0.0167,0.5545,1.5187,1371,46.25333333333334,238.0493804389392,451.3682,688.9569,570.1625,0.0,0.5754,1.3479,1371,46.25333333333334,236.39560095160132,452.3144,688.1663,570.2404,0.025,1.1066,1.5041,1371,46.25333333333334
236.22898263063888,452.4369,688.1648,570.3008,0.0083,1.1497,1.504,1372,46.300000000000004,236.10105186355244,452.5533,688.1648,570.359,0.0,1.2291,1.504,1372,46.300000000000004,237.91854104836685,451.3979,688.7785,570.0882,0.0167,0.5385,1.5277,1372,46.300000000000004,238.04732042489238,451.3679,688.9536,570.1607,0.0,0.578,1.3526,1372,46.300000000000004,236.22898263063888,452.4369,688.1648,570.3008,0.0083,1.1497,1.504,1372,46.300000000000004
236.35458640269326,452.3125,688.1704,570.2415,0.0083,0.9728,1.5055,1373,46.32,236.37816110113278,452.3023,688.1704,570.2363,0.0,1.0191,1.5055,1373,46.32,237.92159213537312,451.3962,688.7811,570.0886,0.0167,0.5569,1.5223,1373,46.32,238.0503085530617,451.3662,688.956,570.1611,0.0,0.5779,1.3472,1373,46.32,236.35458640269326,452.3125,688.1704,570.2415,0.0083,0.9728,1.5055,1373,46.32
236.0704955814938,452.5763,688.1063,570.3413,0.025,1.143,1.3297,1374,46.355000000000004,235.69181366255623,452.9591,688.1063,570.5327,0.0,1.1226,1.3297,1374,46.355000000000004,237.9535623969143,451.4112,688.7631,570.0872,0.025,0.4392,1.4084,1374,46.355000000000004,238.04536589458274,451.4013,688.9235,570.1624,0.0,0.5574,1.3486,1374,46.355000000000004,236.0704955814938,452.5763,688.1063,570.3413,0.025,1.143,1.3297,1374,46.355000000000004
236.13801442187952,452.5072,688.1038,570.3055,0.0167,1.112,1.3459,1375,46.388333333333335,235.88274948282753,452.7782,688.1038,570.441,0.0,1.056,1.3459,1375,46.388333333333335,237.95546152338494,451.4115,688.767,570.0893,0.025,0.4495,1.4089,1375,46.388333333333335,238.04720185458993,451.4016,688.9274,570.1645,0.0,0.5571,1.3502,1375,46.388333333333335,236.13801442187952,452.5072,688.1038,570.3055,0.0167,1.112,1.3459,1375,46.388333333333335
236.27205802402722,452.4374,688.1432,570.2903,0.0333,0.9197,1.3244,1376,46.42,235.94161402550807,452.7572,688.1432,570.4502,0.0,1.0209,1.3244,1376,46.42,237.9525483931727,451.4119,688.7617,570.0868,0.025,0.4495,1.4025,1376,46.42,238.04510559193812,451.4005,688.9222,570.1614,0.0,0.5334,1.3626,1376,46.42,236.27205802402722,452.4374,688.1432,570.2903,0.0333,0.9197,1.3244,1376,46.42
236.31053554899958,452.4037,688.1385,570.2711,0.0417,0.8976,1.3282,1377,46.45333333333333,235.9387040661777,452.7525,688.1385,570.4455,0.0,1.0207,1.3282,1377,46.45333333333333,237.94953554960023,451.4127,688.7584,570.0856,0.025,0.4355,1.3974,1377,46.45333333333333,238.04198357433341,451.4014,688.919,570.1602,0.0,0.5312,1.3637,1377,46.45333333333333,236.31053554899958,452.4037,688.1385,570.2711,0.0417,0.8976,1.3282,1377,46.45333333333333
236.31385603317764,452.4024,688.1346,570.2685,0.0417,0.8879,1.3347,1378,46.48666666666667,235.941558248507,452.752,688.1346,570.4433,0.0,0.9557,1.3347,1378,46.48666666666667,237.95037383437398,451.4132,688.7602,570.0867,0.025,0.4452,1.3961,1378,46.48666666666667,238.04273426805705,451.4019,688.9207,570.1613,0.0,0.5338,1.3638,1378,46.48666666666667,236.31385603317764,452.4024,688.1346,570.2685,0.0417,0.8879,1.3347,1378,46.48666666666667
236.2951873621012,452.4032,688.1045,570.2538,0.0417,0.8637,1.3497,1379,46.53,235.9222919677056,452.7527,688.1045,570.4286,0.0,0.9704,1.3497,1379,46.53,237.94897371762866,451.4143,688.7621,570.0882,0.0333,0.4496,1.3869,1379,46.53,238.05054222739096,451.3986,688.9226,570.1606,0.0,0.5433,1.38,1379,46.53,236.2951873621012,452.4032,688.1045,570.2538,0.0417,0.8637,1.3497,1379,46.53
236.40673060674237,452.3888,688.2071,570.298,0.0417,0.8078,1.4493,1380,46.555,236.03244717345436,452.7391,688.2071,570.4731,0.0,0.9901,1.4493,1380,46.555,238.03300778255792,451.4126,688.837,570.1248,0.025,0.4191,1.4374,1380,46.555,238.12523257996307,451.4013,688.9973,570.1993,0.0,0.5409,1.4015,1380,46.555,236.40673060674237,452.3888,688.2071,570.298,0.0417,0.8078,1.4493,1380,46.555
236.36361392128435,452.3877,688.1661,570.2769,0.0417,0.8129,1.3278,1381,46.58833333333334,235.99210092766577,452.7376,688.1661,570.4518,0.0,1.0092,1.3278,1381,46.58833333333334,237.94941615786612,451.4138,688.7528,570.0833,0.025,0.4112,1.3883,1381,46.58833333333334,238.04734631839003,451.4025,688.9217,570.1621,0.0,0.5218,1.3757,1381,46.58833333333334,236.36361392128435,452.3877,688.1661,570.2769,0.0417,0.8129,1.3278,1381,46.58833333333334
236.38596565097598,452.2303,688.0345,570.1324,0.0583,0.8183,1.2982,1382,46.62166666666667,235.92443897243277,452.6601,688.0345,570.3473,0.0,0.9523,1.2982,1382,46.62166666666667,237.7997054928481,451.4139,688.5909,570.0024,0.025,0.4119,1.55,1382,46.62166666666667,237.90105011898686,451.4025,688.765,570.0838,0.0,0.5218,1.4154,1382,46.62166666666667,236.38596565097598,452.2303,688.0345,570.1324,0.0583,0.8183,1.2982,1382,46.62166666666667
236.29538322855285,452.3893,688.1016,570.2455,0.0417,0.7922,1.3094,1383,46.655,235.92453995182774,452.7388,688.1016,570.4202,0.0,1.0402,1.3094,1383,46.655,237.91541913892266,451.4117,688.7261,570.0689,0.025,0.4187,1.2607,1383,46.655,238.01385247898716,451.4004,688.8959,570.1482,0.0,0.5089,1.3317,1383,46.655,236.29538322855285,452.3893,688.1016,570.2455,0.0417,0.7922,1.3094,1383,46.655
236.43231125502868,452.258,688.1246,570.1913,0.0667,0.7502,1.4022,1384,46.690000000000005,235.84057090768587,452.8179,688.1246,570.4712,0.0083,0.9942,1.4022,1384,46.690000000000005,237.9366464165759,451.3623,688.7159,570.0391,0.0167,0.5133,1.4943,1384,46.690000000000005,238.07030931318118,451.3274,688.8949,570.1112,0.0,0.5828,1.3773,1384,46.690000000000005,236.27246213720656,452.385,688.1246,570.2548,0.05,0.9408,1.4022,1384,46.690000000000005
236.43141338231297,452.2586,688.1236,570.1911,0.0667,0.7544,1.4055,1385,46.725,235.83901013059358,452.8188,688.1236,570.4712,0.0083,0.9981,1.4055,1385,46.725,237.93421251049475,451.364,688.715,570.0395,0.0167,0.4962,1.4943,1385,46.725,238.06792497943866,451.329,688.894,570.1115,0.0,0.599,1.3776,1385,46.725,236.23806369096317,452.4734,688.1236,570.2985,0.0417,0.7765,1.4055,1385,46.725
236.31683630715304,452.504,688.3489,570.4265,0.0417,0.9613,1.581,1386,46.75666666666667,235.8934482311464,452.9168,688.3489,570.6329,0.0083,1.1785,1.581,1386,46.75666666666667,238.06839083344323,451.4824,688.9612,570.2218,0.0167,0.6978,1.4577,1386,46.75666666666667,238.18788535183006,451.4545,689.1236,570.2891,0.0,0.6745,1.4862,1386,46.75666666666667,236.27624570397313,452.5235,688.3489,570.4362,0.0333,0.9868,1.581,1386,46.75666666666667
236.33828549110052,452.46,688.2429,570.3514,0.05,0.9121,1.6035,1387,46.790000000000006,235.85909114033026,452.9337,688.2429,570.5883,0.0083,0.9536,1.6035,1387,46.790000000000006,238.11596225300937,451.4784,689.0834,570.2809,0.0083,0.6199,1.5058,1387,46.790000000000006,238.12832958919304,451.451,689.0834,570.2672,0.0,0.6569,1.5058,1387,46.790000000000006,236.25515642143085,452.5849,688.2429,570.4139,0.0417,0.9236,1.6035,1387,46.790000000000006
235.97960628409507,452.5327,687.887,570.2099,0.0333,0.8931,1.354,1388,46.82166666666667,235.73591269407268,452.7645,687.887,570.3258,0.0083,0.9533,1.354,1388,46.82166666666667,237.75016341404233,451.4993,688.6623,570.0808,0.0167,0.5676,1.3605,1388,46.82166666666667,237.88772546658825,451.4709,688.8518,570.1613,0.0,0.6241,1.3704,1388,46.82166666666667,235.9562957281552,452.5947,687.887,570.2409,0.0333,0.9391,1.354,1388,46.82166666666667
235.9856172115363,452.6428,688.0394,570.3411,0.0417,0.8851,1.4135,1389,46.855000000000004,235.60397537808626,452.9905,688.0394,570.5149,0.0083,0.91,1.4135,1389,46.855000000000004,237.76233179604532,451.5125,688.7018,570.1072,0.0167,0.6025,1.3583,1389,46.855000000000004,237.89910524400435,451.4843,688.8903,570.1873,0.0,0.5884,1.3342,1389,46.855000000000004,236.0076339200234,452.625,688.0394,570.3322,0.0333,0.9317,1.4135,1389,46.855000000000004
236.19497560685969,452.3969,688.0389,570.2179,0.025,1.0553,1.4141,1390,46.88666666666667,235.9918878004531,452.6031,688.0389,570.321,0.0083,1.1315,1.4141,1390,46.88666666666667,237.9123869578538,451.369,688.7149,570.042,0.0167,0.5163,1.3645,1390,46.88666666666667,238.05014748495248,451.3381,688.903,570.1206,0.0,0.5087,1.3282,1390,46.88666666666667,236.21823729804217,452.3791,688.0389,570.209,0.0167,1.0556,1.4141,1390,46.88666666666667
236.12933811005038,452.3845,687.9985,570.1915,0.0667,0.9,1.3781,1391,46.92,235.95874350355126,452.5857,687.9985,570.2921,0.0083,1.0222,1.3781,1391,46.92,237.86673887994556,451.3321,688.645,569.9885,0.0167,0.5835,1.291,1391,46.92,238.0052080960764,451.3031,688.8354,570.0693,0.0,0.5966,1.276,1391,46.92,236.16209826156066,452.3603,687.9985,570.1794,0.0583,0.8949,1.3781,1391,46.92
236.42702849366265,452.3697,688.2028,570.2863,0.0417,0.6388,1.3875,1392,46.95333333333333,236.08549627975466,452.6944,688.2028,570.4486,0.0,0.8554,1.3875,1392,46.95333333333333,237.89552479761934,451.5189,688.8628,570.1909,0.0167,0.5175,1.3857,1392,46.95333333333333,238.03217564851101,451.4919,689.0519,570.2719,0.0,0.5735,1.3545,1392,46.95333333333333,236.42702849366265,452.3697,688.2028,570.2863,0.0417,0.6388,1.3875,1392,46.95333333333333
236.6143793328937,452.2416,688.2513,570.2464,0.075,0.7426,1.3696,1393,46.98666666666667,236.15431427243118,452.6448,688.2513,570.4481,0.0083,0.8731,1.3696,1393,46.98666666666667,237.9900516273071,451.4617,688.8648,570.1632,0.0167,0.4944,1.3779,1393,46.98666666666667,238.1276079284818,451.4329,689.054,570.2435,0.0,0.5008,1.4079,1393,46.98666666666667,236.45466050894544,452.3593,688.2513,570.3053,0.05,0.6638,1.3696,1393,46.98666666666667
236.36364790410306,452.3272,688.078,570.2026,0.05,0.8084,1.5281,1394,47.02333333333333,236.03008769108123,452.6251,688.078,570.3515,0.0,0.9118,1.5281,1394,47.02333333333333,238.00580384520896,451.3473,688.808,570.0776,0.0167,0.4968,1.3345,1394,47.02333333333333,238.13543853768581,451.3211,688.987,570.154,0.0,0.578,1.2987,1394,47.02333333333333,236.36364790410306,452.3272,688.078,570.2026,0.05,0.8084,1.5281,1394,47.02333333333333
236.17033239979304,452.543,688.1019,570.3224,0.0417,0.7905,1.4636,1395,47.053333333333335,235.73246016026752,452.9524,688.1019,570.5272,0.0,0.9338,1.4636,1395,47.053333333333335,237.7506138629055,451.619,688.8268,570.2229,0.025,0.4256,1.3102,1395,47.053333333333335,237.8510583553215,451.6177,689.0052,570.3114,0.0,0.5323,1.3029,1395,47.053333333333335,236.17033239979304,452.543,688.1019,570.3224,0.0417,0.7905,1.4636,1395,47.053333333333335
236.25807521579432,452.5314,688.1755,570.3534,0.05,0.6882,1.5281,1396,47.08666666666667,235.76543816991352,453.0051,688.1755,570.5903,0.0,0.8288,1.5281,1396,47.08666666666667,237.8178543137726,451.6743,688.952,570.3132,0.0167,0.5724,1.2685,1396,47.08666666666667,237.95034811695845,451.6492,689.136,570.3926,0.0,0.6533,1.2697,1396,47.08666666666667,236.25807521579432,452.5314,688.1755,570.3534,0.05,0.6882,1.5281,1396,47.08666666666667
236.30071952486847,452.2593,687.954,570.1067,0.025,0.8343,1.4611,1397,47.12166666666667,236.11969333839505,452.4391,687.954,570.1966,0.0,0.8916,1.4611,1397,47.12166666666667,237.8945861650824,451.3995,688.7132,570.0564,0.025,0.4371,1.2402,1397,47.12166666666667,238.03704594084797,451.3451,688.8868,570.116,0.0,0.5568,1.2287,1397,47.12166666666667,236.3116246730668,452.2546,687.954,570.1043,0.0167,0.8996,1.4611,1397,47.12166666666667
236.2623557960698,452.2555,687.9252,570.0903,0.025,0.8308,1.454,1398,47.153333333333336,236.08331375933847,452.4348,687.9252,570.18,0.0,0.8716,1.454,1398,47.153333333333336,237.87542577642466,451.4001,688.7018,570.0509,0.025,0.4371,1.2162,1398,47.153333333333336,238.0180357443471,451.3458,688.8756,570.1107,0.0,0.5531,1.2248,1398,47.153333333333336,236.27469564102068,452.2508,687.9252,570.088,0.0167,0.9019,1.454,1398,47.153333333333336
236.31536126688175,452.2571,687.9957,570.1264,0.0167,0.8818,1.5139,1399,47.18666666666667,236.1245274765224,452.4402,687.9957,570.218,0.0,0.8713,1.5139,1399,47.18666666666667,237.93552237682,451.3993,688.7857,570.0925,0.025,0.4367,1.2651,1399,47.18666666666667,238.07654769777295,451.345,688.9571,570.151,0.0,0.5534,1.2996,1399,47.18666666666667,236.31536126688175,452.2571,687.9957,570.1264,0.0167,0.8818,1.5139,1399,47.18666666666667
236.29528656728345,452.2835,687.9994,570.1414,0.0167,0.95,1.5391,1400,47.225,235.96042091298182,452.608,687.9994,570.3037,0.0,1.0541,1.5391,1400,47.225,238.05989020649506,451.2903,688.8025,570.0464,0.0167,0.5735,1.2393,1400,47.225,238.19079298000074,451.259,688.9799,570.1195,0.0,0.5775,1.2463,1400,47.225,236.29528656728345,452.2835,687.9994,570.1414,0.0167,0.95,1.5391,1400,47.225
236.2321973275059,452.3711,688.0043,570.1877,0.0,0.9106,1.5447,1401,47.25333333333334,236.23219732750593,452.3711,688.0043,570.1877,0.0,0.9106,1.5447,1401,47.25333333333334,237.9328150536165,451.4139,688.8046,570.1093,0.0167,0.6873,1.2363,1401,47.25333333333334,238.06186745841833,451.3863,688.9817,570.184,0.0,0.6987,1.2443,1401,47.25333333333334,236.2321973275059,452.3711,688.0043,570.1877,0.0,0.9106,1.5447,1401,47.25333333333334
236.33270107653544,452.5139,688.2954,570.4046,0.0167,0.9092,1.5234,1402,47.28666666666667,236.11017856955607,452.7216,688.2954,570.5085,0.0,1.0018,1.5234,1402,47.28666666666667,238.11899681574704,451.5318,689.0729,570.3024,0.0167,0.5363,1.434,1402,47.28666666666667,238.23750048873075,451.5014,689.2319,570.3666,0.0,0.5728,1.3482,1402,47.28666666666667,236.33270107653544,452.5139,688.2954,570.4046,0.0167,0.9092,1.5234,1402,47.28666666666667
236.21366277333019,452.3617,687.9532,570.1574,0.025,0.9897,1.3227,1403,47.32666666666667,236.0727965313823,452.482,687.9532,570.2176,0.0,0.9989,1.3227,1403,47.32666666666667,237.85623011937616,451.4536,688.7339,570.0938,0.0167,0.4975,1.2246,1403,47.32666666666667,237.9894830828934,451.4198,688.9132,570.1665,0.0,0.5764,1.166,1403,47.32666666666667,236.21366277333019,452.3617,687.9532,570.1574,0.025,0.9897,1.3227,1403,47.32666666666667
235.8362387083378,452.5677,687.7689,570.1683,0.025,1.0674,1.5782,1404,47.358333333333334,235.33356178489674,453.0574,687.7689,570.4132,0.0,1.1403,1.5782,1404,47.358333333333334,237.64359717244295,451.4858,688.5916,570.0387,0.0167,0.5087,1.3181,1404,47.358333333333334,237.78725681628632,451.455,688.757,570.106,0.0,0.4628,1.2978,1404,47.358333333333334,235.8362387083378,452.5677,687.7689,570.1683,0.025,1.0674,1.5782,1404,47.358333333333334
236.0745037733896,452.5609,688.0123,570.2866,0.025,1.0775,1.6012,1405,47.388333333333335,235.5698976838419,453.0525,688.0123,570.5324,0.0,1.1266,1.6012,1405,47.388333333333335,237.91260258054567,451.4846,688.8928,570.1887,0.0167,0.5093,1.2207,1405,47.388333333333335,238.055514548478,451.4538,689.057,570.2554,0.0,0.4629,1.1331,1405,47.388333333333335,236.0745037733896,452.5609,688.0123,570.2866,0.025,1.0775,1.6012,1405,47.388333333333335
236.2892858567075,452.2841,687.9529,570.1185,0.025,0.8907,1.5715,1406,47.43,235.77949533928708,452.7803,687.9529,570.3666,0.0,0.9852,1.5715,1406,47.43,238.14370632562074,451.2111,688.8192,570.0152,0.025,0.5148,1.2835,1406,47.43,238.19686530154738,451.2544,688.9855,570.12,0.0,0.619,1.102,1406,47.43,236.2892858567075,452.2841,687.9529,570.1185,0.025,0.8907,1.5715,1406,47.43
236.27344508106555,452.2839,687.9387,570.1113,0.025,0.8821,1.6914,1407,47.45333333333333,235.76323189511263,452.7805,687.9387,570.3596,0.0,1.0436,1.6914,1407,47.45333333333333,238.10980510308664,451.218,688.789,570.0035,0.025,0.5145,1.2774,1407,47.45333333333333,238.16365757123197,451.2611,688.9561,570.1086,0.0,0.6046,1.1241,1407,47.45333333333333,236.27344508106555,452.2839,687.9387,570.1113,0.025,0.8821,1.6914,1407,47.45333333333333
236.36684420863241,452.4319,688.1861,570.309,0.0333,0.9053,1.6011,1408,47.48666666666667,235.87419774588503,452.9176,688.1861,570.5518,0.0,1.0304,1.6011,1408,47.48666666666667,238.1052707525151,451.4495,689.0155,570.2325,0.025,0.4577,1.2772,1408,47.48666666666667,238.19661890809186,451.4415,689.1793,570.3104,0.0,0.5922,1.2581,1408,47.48666666666667,236.36684420863241,452.4319,688.1861,570.309,0.0333,0.9053,1.6011,1408,47.48666666666667
236.34469432458354,452.451,688.1624,570.3067,0.0417,0.8186,1.5863,1409,47.531666666666666,235.8601872158742,452.918,688.1624,570.5402,0.0,0.9818,1.5863,1409,47.531666666666666,238.0750073458332,451.4351,688.9537,570.1944,0.025,0.4694,1.2844,1409,47.531666666666666,238.16693974807671,451.4275,689.1189,570.2732,0.0,0.5586,1.2827,1409,47.531666666666666,236.34469432458354,452.451,688.1624,570.3067,0.0417,0.8186,1.5863,1409,47.531666666666666
236.26206155807984,452.4287,688.0888,570.2587,0.0333,0.9074,1.455,1410,47.553333333333335,235.76258006437507,452.9208,688.0888,570.5048,0.0,1.0006,1.455,1410,47.553333333333335,237.88267064090235,451.4467,688.769,570.1078,0.025,0.469,1.3219,1410,47.553333333333335,237.97880255748765,451.439,688.9401,570.1896,0.0,0.5577,1.3621,1410,47.553333333333335,236.26206155807984,452.4287,688.0888,570.2587,0.0333,0.9074,1.455,1410,47.553333333333335
236.22419957805437,452.4398,688.0687,570.2542,0.0333,0.9645,1.3496,1411,47.58833333333334,235.72485709429728,452.9325,688.0687,570.5006,0.0,1.0873,1.3496,1411,47.58833333333334,237.88714628494898,451.4359,688.7626,570.0993,0.025,0.4647,1.291,1411,47.58833333333334,237.98311276700528,451.4282,688.9339,570.1811,0.0,0.5437,1.3712,1411,47.58833333333334,236.22419957805437,452.4398,688.0687,570.2542,0.0333,0.9645,1.3496,1411,47.58833333333334
236.22623383319518,452.4337,688.0728,570.2533,0.0333,1.0249,1.329,1412,47.63166666666667,235.72688835579768,452.9264,688.0728,570.4996,0.0,1.0495,1.329,1412,47.63166666666667,237.8755514511096,451.4452,688.7717,570.1084,0.025,0.46,1.2962,1412,47.63166666666667,237.97174499803887,451.4375,688.943,570.1903,0.0,0.5211,1.2878,1412,47.63166666666667,236.22623383319518,452.4337,688.0728,570.2533,0.0333,1.0249,1.329,1412,47.63166666666667
236.06351029137812,452.5923,688.0752,570.3338,0.0167,0.9575,1.3555,1413,47.653333333333336,235.7445303983207,452.9009,688.0752,570.4881,0.0,1.1955,1.3555,1413,47.653333333333336,237.88879367882913,451.4437,688.8027,570.1232,0.0167,0.4292,1.2481,1413,47.653333333333336,237.87429760907273,451.4353,688.8027,570.119,0.0,0.5659,1.2481,1413,47.653333333333336,236.06351029137812,452.5923,688.0752,570.3338,0.0167,0.9575,1.3555,1413,47.653333333333336
236.33472480007802,452.3797,688.1194,570.2496,0.05,0.8671,1.449,1414,47.68833333333334,235.83384429210065,452.8557,688.1194,570.4876,0.0083,1.1108,1.449,1414,47.68833333333334,237.91031939537314,451.4581,688.8742,570.1662,0.025,0.3947,1.3918,1414,47.68833333333334,238.0152271885604,451.3431,688.8742,570.1086,0.0,0.4744,1.3918,1414,47.68833333333334,236.35971900638324,452.3431,688.1194,570.2313,0.0333,0.8822,1.449,1414,47.68833333333334
236.6005550898836,452.1355,688.116,570.1257,0.0667,0.7079,1.4511,1415,47.720000000000006,235.897474106972,452.7852,688.116,570.4506,0.0083,0.995,1.4511,1415,47.720000000000006,237.9097712491607,451.4594,688.874,570.1667,0.025,0.3969,1.3919,1415,47.720000000000006,238.01476039328887,451.3442,688.874,570.1091,0.0,0.4619,1.3919,1415,47.720000000000006,236.54547743609908,452.1956,688.116,570.1558,0.05,0.7415,1.4511,1415,47.720000000000006
236.35052273565202,452.3486,688.1181,570.2333,0.0417,0.9228,1.4505,1416,47.755,235.83544581894424,452.8526,688.1181,570.4853,0.0083,1.1161,1.4505,1416,47.755,237.91095080199952,451.4563,688.8715,570.1639,0.025,0.4338,1.3953,1416,47.755,238.01581611280832,451.3413,688.8715,570.1064,0.0,0.4696,1.3953,1416,47.755,236.47917186118974,452.2685,688.1181,570.1933,0.05,0.8502,1.4505,1416,47.755
236.30970293097195,452.383,688.0337,570.2083,0.0667,0.8241,1.4393,1417,47.788333333333334,235.62934421349706,453.011,688.0337,570.5224,0.0083,1.1326,1.4393,1417,47.788333333333334,237.78834512496687,451.5816,688.8693,570.2254,0.0333,0.3771,1.3781,1417,47.788333333333334,237.93431750019406,451.5278,689.0215,570.2746,0.0,0.4463,1.2907,1417,47.788333333333334,236.2276278565968,452.4537,688.0337,570.2437,0.0417,0.7625,1.4393,1417,47.788333333333334
236.34402395180354,452.4119,688.1215,570.2667,0.05,0.8753,1.4584,1418,47.82166666666667,235.7244871527439,452.9744,688.1215,570.548,0.0,1.0833,1.4584,1418,47.82166666666667,237.7549050964523,451.5685,688.7918,570.1802,0.0333,0.3025,1.3652,1418,47.82166666666667,237.90359070322572,451.5156,688.9501,570.2329,0.0,0.4111,1.3236,1418,47.82166666666667,236.34402395180354,452.4119,688.1215,570.2667,0.05,0.8753,1.4584,1418,47.82166666666667
236.3146314402964,452.4249,688.1253,570.2751,0.0333,0.7637,1.4588,1419,47.85666666666667,235.7563807340536,452.9516,688.1253,570.5385,0.0,1.0334,1.4588,1419,47.85666666666667,237.7483343575511,451.5606,688.7761,570.1683,0.0333,0.3147,1.4124,1419,47.85666666666667,237.89822719588324,451.5071,688.9345,570.2208,0.0,0.4029,1.3261,1419,47.85666666666667,236.3146314402964,452.4249,688.1253,570.2751,0.0333,0.7637,1.4588,1419,47.85666666666667
236.35485657452745,452.3783,688.1002,570.2393,0.0417,0.7542,1.4807,1420,47.89,235.75732152101043,452.9318,688.1002,570.516,0.0,1.0095,1.4807,1420,47.89,237.74529402606098,451.5498,688.7548,570.1523,0.0333,0.3071,1.3754,1420,47.89,237.89529261098085,451.4967,688.9138,570.2052,0.0,0.4285,1.3816,1420,47.89,236.35485657452745,452.3783,688.1002,570.2393,0.0417,0.7542,1.4807,1420,47.89
236.52740053846853,452.1951,688.0942,570.1447,0.0667,0.6991,1.4778,1421,47.92333333333334,235.77882531774327,452.8827,688.0942,570.4885,0.0,1.0481,1.4778,1421,47.92333333333334,237.78761603895134,451.5086,688.768,570.1383,0.025,0.3131,1.329,1421,47.92333333333334,237.8336913083946,451.4526,688.768,570.1103,0.0,0.4563,1.329,1421,47.92333333333334,236.52740053846853,452.1951,688.0942,570.1447,0.0667,0.6991,1.4778,1421,47.92333333333334
236.54004293574107,452.1852,688.0955,570.1403,0.075,0.6152,1.4826,1422,47.955000000000005,235.7391339777899,452.9282,688.0955,570.5118,0.0,1.0666,1.4826,1422,47.955000000000005,237.8015541909032,451.5035,688.7549,570.1292,0.05,0.2974,1.3653,1422,47.955000000000005,237.93728848571587,451.4479,688.9139,570.1809,0.0,0.4662,1.3387,1422,47.955000000000005,236.54004293574107,452.1852,688.0955,570.1403,0.075,0.6152,1.4826,1422,47.955000000000005
236.2524115297142,452.4284,688.1016,570.265,0.0333,0.801,1.4349,1423,47.98833333333334,235.74571792469473,452.9271,688.1016,570.5143,0.0,1.0693,1.4349,1423,47.98833333333334,237.8131438531134,451.4773,688.7476,570.1125,0.0417,0.3306,1.3913,1423,47.98833333333334,237.93394182082065,451.4463,688.9068,570.1766,0.0,0.4663,1.3405,1423,47.98833333333334,236.2524115297142,452.4284,688.1016,570.265,0.0333,0.801,1.4349,1423,47.98833333333334
236.4348527524505,452.3198,688.2017,570.2607,0.05,0.8612,1.4053,1424,48.025000000000006,235.86381803149607,452.8841,688.2017,570.5429,0.0083,0.9164,1.4053,1424,48.025000000000006,238.00156657783,451.4525,688.9272,570.1898,0.0333,0.4175,1.4286,1424,48.025000000000006,238.01571729867027,451.3956,688.9272,570.1614,0.0,0.5564,1.4286,1424,48.025000000000006,236.36511796924177,452.3922,688.2017,570.2969,0.0333,0.8708,1.4053,1424,48.025000000000006
236.3997656878104,452.3191,688.1889,570.254,0.05,0.8371,1.3937,1425,48.053333333333335,235.8290428804597,452.8832,688.1889,570.5361,0.0083,0.9201,1.3937,1425,48.053333333333335,237.99549567222735,451.4308,688.9308,570.1808,0.025,0.4224,1.4332,1425,48.053333333333335,237.9980060355399,451.395,688.9308,570.1629,0.0,0.5569,1.4332,1425,48.053333333333335,236.40707749205842,452.3471,688.1889,570.268,0.0417,0.7934,1.3937,1425,48.053333333333335
236.4631096591369,452.2732,688.1915,570.2323,0.05,0.727,1.4465,1426,48.08666666666667,235.834212670933,452.8739,688.1915,570.5327,0.0083,0.9269,1.4465,1426,48.08666666666667,238.05263171811478,451.4313,689.017,570.2241,0.025,0.4116,1.4367,1426,48.08666666666667,238.05434814553485,451.3959,689.017,570.2065,0.0,0.5602,1.4367,1426,48.08666666666667,236.454251432308,452.2799,688.1915,570.2357,0.0417,0.7341,1.4465,1426,48.08666666666667
236.4618335557886,452.2679,688.181,570.2244,0.05,0.7368,1.369,1427,48.120000000000005,235.8318563886906,452.8691,688.181,570.5251,0.0083,0.8904,1.369,1427,48.120000000000005,238.0453819112329,451.4321,689.0098,570.221,0.025,0.4097,1.403,1427,48.120000000000005,238.0471146915093,451.3967,689.0098,570.2033,0.0,0.5601,1.403,1427,48.120000000000005,236.4526974300371,452.2748,688.181,570.2279,0.0417,0.7457,1.369,1427,48.120000000000005
236.46658873724138,452.2601,688.1777,570.2189,0.05,0.7662,1.3565,1428,48.153333333333336,235.8359187369254,452.8622,688.1777,570.5199,0.0083,0.8378,1.3565,1428,48.153333333333336,237.9927224089128,451.4321,688.9287,570.1804,0.025,0.4086,1.3776,1428,48.153333333333336,237.9944478191838,451.3967,688.9287,570.1627,0.0,0.5601,1.3776,1428,48.153333333333336,236.45738653579454,452.2671,688.1777,570.2224,0.0417,0.7797,1.3565,1428,48.153333333333336
236.40944363909645,452.2963,688.1714,570.2338,0.0417,0.8773,1.4012,1429,48.18666666666667,235.82769825576386,452.8663,688.1714,570.5188,0.0083,0.9354,1.4012,1429,48.18666666666667,237.99722054473426,451.428,688.9267,570.1774,0.025,0.4142,1.4047,1429,48.18666666666667,237.9988301705625,451.3928,688.9267,570.1597,0.0,0.5572,1.4047,1429,48.18666666666667,236.40302997823542,452.3015,688.1714,570.2365,0.0333,0.8871,1.4012,1429,48.18666666666667
236.41145503765318,452.4943,688.328,570.4111,0.0417,0.8096,1.5045,1430,48.220000000000006,235.85982491898406,453.0145,688.328,570.6712,0.0083,1.0736,1.5045,1430,48.220000000000006,238.03063099917972,451.5728,689.0591,570.3159,0.0167,0.4832,1.4333,1430,48.220000000000006,238.01391051985024,451.5686,689.0591,570.3138,0.0,0.5765,1.4333,1430,48.220000000000006,236.40835796165908,452.4966,688.328,570.4123,0.0333,0.7653,1.5045,1430,48.220000000000006
236.42236958592596,452.4252,688.2208,570.323,0.05,0.88,1.4729,1431,48.25333333333334,235.81107183969678,453.0083,688.2208,570.6145,0.0083,1.1367,1.4729,1431,48.25333333333334,237.89932371589322,451.5685,688.8668,570.2177,0.025,0.4811,1.4559,1431,48.25333333333334,238.0000291534605,451.5645,689.0455,570.305,0.0,0.5644,1.4486,1431,48.25333333333334,236.3607517646967,452.4896,688.2208,570.3552,0.0333,0.9307,1.4729,1431,48.25333333333334
236.11306419189518,452.4293,687.9379,570.1836,0.05,0.8961,1.4202,1432,48.28666666666667,235.50142440774113,453.0128,687.9379,570.4753,0.0083,1.0863,1.4202,1432,48.28666666666667,237.53167043144083,451.5751,688.4862,570.0307,0.025,0.4964,1.3323,1432,48.28666666666667,237.63822264419602,451.5681,688.6684,570.1183,0.0,0.5646,1.3628,1432,48.28666666666667,236.04972640674805,452.495,687.9379,570.2164,0.0333,0.9167,1.4202,1432,48.28666666666667
236.12895929927552,452.426,687.9531,570.1896,0.05,0.865,1.4319,1433,48.32,235.51710791085645,453.0095,687.9531,570.4813,0.0083,1.0788,1.4319,1433,48.32,237.56559473324424,451.56,688.5031,570.0316,0.025,0.5141,1.3807,1433,48.32,237.67118131234724,451.5534,688.6848,570.1191,0.0,0.5411,1.3609,1433,48.32,236.06544985658925,452.4918,687.9531,570.2225,0.0333,0.925,1.4319,1433,48.32
236.5397633491908,452.081,687.9959,570.0384,0.0583,0.7444,1.5143,1434,48.355000000000004,236.10950345718098,452.496,687.9959,570.246,0.0083,0.7884,1.5143,1434,48.355000000000004,237.85326698964857,451.394,688.6904,570.0422,0.0167,0.3531,1.2325,1434,48.355000000000004,237.84364451824518,451.3803,688.6904,570.0353,0.0,0.5098,1.2325,1434,48.355000000000004,236.4588284398939,452.1843,687.9959,570.0901,0.0417,0.815,1.5143,1434,48.355000000000004
236.47740239440367,452.1208,687.9982,570.0595,0.0417,0.7565,1.4369,1435,48.38666666666667,236.10025262827244,452.5055,687.9982,570.2518,0.0083,0.8164,1.4369,1435,48.38666666666667,237.86428666981126,451.3867,688.6914,570.039,0.0167,0.3691,1.2477,1435,48.38666666666667,237.85625031970264,451.3719,688.6914,570.0317,0.0,0.4554,1.2477,1435,48.38666666666667,236.45005225139175,452.1934,687.9982,570.0958,0.0417,0.8005,1.4369,1435,48.38666666666667
236.5565675488859,452.1611,688.1377,570.1494,0.05,0.6621,1.4636,1436,48.42,236.2951555502778,452.4382,688.1377,570.288,0.0083,0.7063,1.4636,1436,48.42,238.0977000472132,451.406,689.0074,570.2067,0.0083,0.4626,1.3336,1436,48.42,238.11364027791817,451.3707,689.0074,570.189,0.0,0.4621,1.3336,1436,48.42,236.68521852108694,452.0707,688.1377,570.1042,0.0417,0.6975,1.4636,1436,48.42
236.5431553469022,452.1554,688.1303,570.1429,0.0583,0.6854,1.5258,1437,48.45333333333333,236.21243134653182,452.5142,688.1303,570.3222,0.0083,0.7523,1.5258,1437,48.45333333333333,238.07478114374732,451.4315,688.9982,570.2149,0.0167,0.3855,1.3609,1437,48.45333333333333,238.1169281425023,451.3739,688.9982,570.186,0.0,0.4198,1.3609,1437,48.45333333333333,236.48028147682854,452.2849,688.1303,570.2076,0.05,0.7947,1.5258,1437,48.45333333333333
236.6282789440757,452.1207,688.1461,570.1334,0.0417,0.6175,1.5085,1438,48.48666666666667,236.55773281782888,452.1772,688.1461,570.1617,0.0083,0.7011,1.5085,1438,48.48666666666667,238.05778607528288,451.4422,688.9879,570.2151,0.0167,0.363,1.3476,1438,48.48666666666667,238.1001586162299,451.3836,688.9879,570.1858,0.0,0.4502,1.3476,1438,48.48666666666667,236.69904376835498,452.0672,688.1461,570.1067,0.0417,0.6871,1.5085,1438,48.48666666666667
236.50615387313576,452.2052,688.1517,570.1784,0.025,0.8143,1.5203,1439,48.53,236.3962694955999,452.3256,688.1517,570.2387,0.0083,0.9094,1.5203,1439,48.53,238.0500148507463,451.4486,688.9892,570.2189,0.0083,0.433,1.3476,1439,48.53,238.06537958883254,451.4146,688.9892,570.2019,0.0,0.5045,1.3476,1439,48.53,236.50586741659123,452.2583,688.1517,570.205,0.0333,0.9393,1.5203,1439,48.53
236.49795903541337,452.1997,688.1428,570.1712,0.025,0.835,1.531,1440,48.55666666666667,236.38927322765238,452.3188,688.1428,570.2308,0.0083,0.9003,1.531,1440,48.55666666666667,238.03515726216477,451.4496,688.9951,570.2224,0.0083,0.4309,1.3903,1440,48.55666666666667,238.0507974512302,451.415,688.9951,570.205,0.0,0.5045,1.3903,1440,48.55666666666667,236.49537730623155,452.2534,688.1428,570.1981,0.0333,0.8881,1.531,1440,48.55666666666667
236.53424888351802,452.1723,688.1279,570.1501,0.0333,0.7367,1.5437,1441,48.58833333333334,236.36393225077802,452.3505,688.1279,570.2392,0.0083,0.9172,1.5437,1441,48.58833333333334,238.02990191502073,451.4505,688.9892,570.2198,0.0083,0.4729,1.4019,1441,48.58833333333334,238.04555162464928,451.4159,688.9892,570.2025,0.0,0.5074,1.4019,1441,48.58833333333334,236.49212503404536,452.2486,688.1279,570.1883,0.025,0.8308,1.5437,1441,48.58833333333334
236.56019179840723,452.1384,688.0906,570.1145,0.0333,0.7295,1.5283,1442,48.620000000000005,236.24366133182656,452.4622,688.0906,570.2764,0.0083,0.9702,1.5283,1442,48.620000000000005,238.0184995988271,451.4412,688.9708,570.206,0.0083,0.5659,1.2848,1442,48.620000000000005,238.0343731461968,451.406,688.9708,570.1884,0.0,0.5807,1.2848,1442,48.620000000000005,236.4886613008899,452.2399,688.0906,570.1653,0.0417,0.9119,1.5283,1442,48.620000000000005
236.5624278066309,452.1408,688.1001,570.1204,0.0333,0.7472,1.5188,1443,48.65833333333334,236.24612133773743,452.4644,688.1001,570.2822,0.0083,1.0093,1.5188,1443,48.65833333333334,238.01930363636666,451.4412,688.9716,570.2064,0.0083,0.558,1.2849,1443,48.65833333333334,238.03515350629638,451.4061,688.9716,570.1888,0.0,0.58,1.2849,1443,48.65833333333334,236.4914722019939,452.2417,688.1001,570.1709,0.0417,0.9816,1.5188,1443,48.65833333333334
236.1517609432537,452.5041,688.0608,570.2825,0.0417,0.9171,1.3226,1444,48.68833333333334,235.7526644106156,452.8626,688.0608,570.4617,0.0083,0.9253,1.3226,1444,48.68833333333334,237.98983615383432,451.4625,688.914,570.1883,0.0083,0.4959,1.27,1444,48.68833333333334,238.00329514107236,451.4327,688.914,570.1734,0.0,0.5857,1.27,1444,48.68833333333334,236.15176094325372,452.5041,688.0608,570.2825,0.0417,0.9171,1.3226,1444,48.68833333333334
236.16140732203434,452.4603,688.0637,570.262,0.0417,0.9526,1.3562,1445,48.720000000000006,235.79152207511868,452.8441,688.0637,570.4539,0.0083,0.8988,1.3562,1445,48.720000000000006,237.99842441852957,451.4347,688.9158,570.1752,0.0083,0.551,1.238,1445,48.720000000000006,238.00652042931887,451.4312,688.9158,570.1735,0.0,0.5783,1.238,1445,48.720000000000006,236.16140732203434,452.4603,688.0637,570.262,0.0417,0.9526,1.3562,1445,48.720000000000006
236.1418623475048,452.4734,688.0617,570.2676,0.0417,0.9407,1.3469,1446,48.76166666666667,235.65301298172812,452.9609,688.0617,570.5113,0.0083,1.0841,1.3469,1446,48.76166666666667,238.00449004216898,451.431,688.9178,570.1744,0.0083,0.5433,1.3116,1446,48.76166666666667,238.01216971244187,451.4278,688.9178,570.1728,0.0,0.584,1.3116,1446,48.76166666666667,236.1418623475048,452.4734,688.0617,570.2676,0.0417,0.9407,1.3469,1446,48.76166666666667
236.22530109534443,452.414,688.062,570.238,0.05,1.006,1.4026,1447,48.788333333333334,235.61212878118985,453.0135,688.062,570.5377,0.0083,0.9572,1.4026,1447,48.788333333333334,238.00292256947787,451.4333,688.8869,570.1601,0.0083,0.5509,1.3301,1447,48.788333333333334,238.01109330906309,451.4298,688.8869,570.1583,0.0,0.5809,1.3301,1447,48.788333333333334,236.15198699438065,452.5015,688.062,570.2817,0.0417,0.9751,1.4026,1447,48.788333333333334
236.18173713249934,452.402,688.0674,570.2347,0.05,0.8714,1.3488,1448,48.82,235.7487906506875,452.8591,688.0674,570.4633,0.0083,0.9328,1.3488,1448,48.82,237.9976616753318,451.4609,688.8878,570.1743,0.0083,0.534,1.334,1448,48.82,238.01155220277653,451.4302,688.8878,570.159,0.0,0.5877,1.334,1448,48.82,236.11087956519677,452.4793,688.0674,570.2734,0.0417,0.9196,1.3488,1448,48.82
236.136365196909,452.5082,688.0687,570.2885,0.0333,0.9023,1.3711,1449,48.86333333333334,235.7818521275741,452.8381,688.0687,570.4534,0.0083,0.9555,1.3711,1449,48.86333333333334,237.996436155998,451.4617,688.8889,570.1753,0.0083,0.5273,1.3278,1449,48.86333333333334,238.00999241456228,451.4316,688.8889,570.1603,0.0,0.5877,1.3278,1449,48.86333333333334,236.14997208523894,452.456,688.0687,570.2624,0.0417,0.8936,1.3711,1449,48.86333333333334
236.14800113174684,452.4995,688.0662,570.2828,0.0417,0.9144,1.3676,1450,48.888333333333335,235.74905402206076,452.858,688.0662,570.4621,0.0083,0.9272,1.3676,1450,48.888333333333335,237.9963967842303,451.4621,688.8911,570.1766,0.0083,0.5128,1.3242,1450,48.888333333333335,238.00987100297618,451.4323,688.8911,570.1617,0.0,0.5885,1.3242,1450,48.888333333333335,236.14800113174684,452.4995,688.0662,570.2828,0.0417,0.9144,1.3676,1450,48.888333333333335
236.1513066516901,452.4965,688.0654,570.2809,0.0417,0.9175,1.3866,1451,48.92166666666667,235.75314595766437,452.8544,688.0654,570.4599,0.0083,0.9351,1.3866,1451,48.92166666666667,238.0023858417132,451.4606,688.8972,570.1789,0.0083,0.5098,1.3195,1451,48.92166666666667,238.0158448554538,451.4308,688.8972,570.164,0.0,0.5882,1.3195,1451,48.92166666666667,236.12036949504727,452.4719,688.0654,570.2686,0.0417,0.9158,1.3866,1451,48.92166666666667
236.36392206621554,452.2807,688.0639,570.1723,0.0667,0.9016,1.3733,1452,48.96666666666667,235.7632357047795,452.8496,688.0639,570.4568,0.0083,0.9228,1.3733,1452,48.96666666666667,238.00474746790064,451.4592,688.8978,570.1785,0.0083,0.5135,1.3212,1452,48.96666666666667,238.0181827417147,451.4295,688.8978,570.1636,0.0,0.5884,1.3212,1452,48.96666666666667,236.12795594075686,452.4682,688.0639,570.2661,0.0417,0.9148,1.3733,1452,48.96666666666667
236.36308178730226,452.2814,688.0639,570.1727,0.0667,0.882,1.3733,1453,48.99,235.76258812678043,452.8501,688.0639,570.457,0.0083,0.9199,1.3733,1453,48.99,238.00474746790064,451.4592,688.8978,570.1785,0.0083,0.5135,1.3212,1453,48.99,238.0181827417147,451.4295,688.8978,570.1636,0.0,0.5884,1.3212,1453,48.99,236.12726289534004,452.4687,688.0639,570.2663,0.0417,0.9144,1.3733,1453,48.99
236.21323956510727,452.4149,688.0787,570.2468,0.0417,0.9461,1.4098,1454,49.02666666666667,235.64437502506007,452.9745,688.0787,570.5266,0.0083,1.1089,1.4098,1454,49.02666666666667,237.88656117058966,451.4611,688.7769,570.119,0.0083,0.5228,1.3808,1454,49.02666666666667,237.899794900265,451.4318,688.7769,570.1043,0.0,0.5462,1.3808,1454,49.02666666666667,236.25339321089203,452.4081,688.0787,570.2434,0.0417,0.995,1.4098,1454,49.02666666666667
236.1677551116084,452.4397,688.0355,570.2376,0.0333,0.9837,1.41,1455,49.06666666666667,235.6496400688194,452.9443,688.0355,570.4899,0.0083,1.0311,1.41,1455,49.06666666666667,237.88619049469372,451.4592,688.7781,570.1186,0.0083,0.5046,1.3813,1455,49.06666666666667,237.89915721102878,451.4305,688.7781,570.1043,0.0,0.5862,1.3813,1455,49.06666666666667,236.2628286661088,452.3739,688.0355,570.2047,0.0417,0.9088,1.41,1455,49.06666666666667
236.1734338703066,452.4401,688.047,570.2436,0.0333,1.0096,1.3961,1456,49.08666666666667,235.6538551025119,452.9462,688.047,570.4966,0.0083,1.071,1.3961,1456,49.08666666666667,237.88828162652575,451.4573,688.7782,570.1178,0.0083,0.5102,1.3815,1456,49.08666666666667,237.90117796376134,451.4288,688.7782,570.1035,0.0,0.5839,1.3815,1456,49.08666666666667,236.26829225198787,452.3744,688.047,570.2107,0.0417,0.9395,1.3961,1456,49.08666666666667
236.1321929897217,452.4752,688.054,570.2646,0.0333,1.0077,1.383,1457,49.120000000000005,235.6160450586431,452.9779,688.054,570.516,0.0083,1.2452,1.383,1457,49.120000000000005,237.88415512276387,451.4592,688.7785,570.1189,0.0083,0.541,1.3801,1457,49.120000000000005,237.8970480622899,451.4307,688.7785,570.1046,0.0,0.585,1.3801,1457,49.120000000000005,236.2286096918001,452.4092,688.054,570.2316,0.0417,0.9986,1.383,1457,49.120000000000005
236.22533006722688,452.4798,688.1601,570.3199,0.0333,1.024,1.4692,1458,49.153333333333336,235.70937452867102,452.9824,688.1601,570.5712,0.0083,1.2196,1.4692,1458,49.153333333333336,237.94201118293884,451.4671,688.8393,570.1532,0.0167,0.5481,1.4796,1458,49.153333333333336,238.06098277488857,451.438,689.0001,570.2191,0.0,0.5512,1.4128,1458,49.153333333333336,236.32143283027028,452.4141,688.1601,570.2871,0.0417,1.0013,1.4692,1458,49.153333333333336
236.131371372958,452.4757,688.0101,570.2429,0.0333,1.0407,1.4654,1459,49.18833333333334,235.61535298878053,452.9784,688.0101,570.4943,0.0083,1.2381,1.4654,1459,49.18833333333334,237.9435332329825,451.4654,688.8436,570.1545,0.0083,0.5116,1.491,1459,49.18833333333334,237.95669781783857,451.4363,688.8436,570.1399,0.0,0.5618,1.491,1459,49.18833333333334,236.22857293786808,452.41,688.0101,570.2101,0.0417,1.0015,1.4654,1459,49.18833333333334
235.96790866148862,452.4457,687.804,570.1249,0.0333,0.9872,1.4069,1460,49.220000000000006,235.44882398872244,452.9514,687.804,570.3777,0.0083,1.0593,1.4069,1460,49.220000000000006,237.6381917343972,451.4649,688.5035,569.9842,0.0167,0.5113,1.4085,1460,49.220000000000006,237.76538983589643,451.4358,688.6767,570.0562,0.0,0.554,1.2633,1460,49.220000000000006,235.96796752949098,452.4382,687.804,570.1211,0.0333,0.9477,1.4069,1460,49.220000000000006
236.06462669048545,452.4445,687.9642,570.2043,0.0333,0.9855,1.4178,1461,49.25333333333334,235.54529083287503,452.9503,687.9642,570.4573,0.0083,1.1084,1.4178,1461,49.25333333333334,237.71875984004149,451.4654,688.6075,570.0364,0.0167,0.5115,1.4019,1461,49.25333333333334,237.84402588170525,451.4362,688.7778,570.107,0.0,0.5538,1.3612,1461,49.25333333333334,236.06429205371526,452.4371,687.9642,570.2006,0.0333,0.9746,1.4178,1461,49.25333333333334
236.18912220192658,452.3303,687.9511,570.1407,0.0333,0.9668,1.4424,1462,49.28666666666667,235.6787627450151,452.8382,687.9511,570.3946,0.0,1.2415,1.4424,1462,49.28666666666667,237.86800259235088,451.3374,688.618,569.9777,0.0167,0.4472,1.4015,1462,49.28666666666667,237.99238436455624,451.3095,688.7878,570.0487,0.0,0.5511,1.3557,1462,49.28666666666667,236.18912220192658,452.3303,687.9511,570.1407,0.0333,0.9668,1.4424,1462,49.28666666666667
236.2080421986052,452.3183,687.9556,570.137,0.0333,0.9646,1.4284,1463,49.32,235.6974856077155,452.8269,687.9556,570.3913,0.0,1.1514,1.4284,1463,49.32,237.87390010544289,451.3358,688.6222,569.979,0.0167,0.4506,1.406,1463,49.32,237.99817675804104,451.3079,688.7918,570.0498,0.0,0.5484,1.3536,1463,49.32,236.2080421986052,452.3183,687.9556,570.137,0.0333,0.9646,1.4284,1463,49.32
236.38732207103382,452.3538,688.1956,570.2747,0.0417,0.8147,1.527,1464,49.355000000000004,235.73035874921098,453.018,688.1956,570.6068,0.0,0.9398,1.527,1464,49.355000000000004,237.924037192257,451.518,688.9027,570.2104,0.025,0.481,1.3497,1464,49.355000000000004,238.0293725681144,451.5116,689.0875,570.2996,0.0,0.6015,1.3972,1464,49.355000000000004,236.38732207103382,452.3538,688.1956,570.2747,0.0417,0.8147,1.527,1464,49.355000000000004
236.39414135417837,452.333,688.1783,570.2557,0.05,0.7287,1.5854,1465,49.38666666666667,235.75031614643535,452.9959,688.1783,570.5871,0.0,0.9557,1.5854,1465,49.38666666666667,237.88896396261842,451.5266,688.8983,570.2124,0.0167,0.5834,1.358,1465,49.38666666666667,238.0444523393259,451.4962,689.0832,570.2897,0.0,0.5676,1.4006,1465,49.38666666666667,236.28566003922347,452.4852,688.1783,570.3318,0.0417,0.8947,1.5854,1465,49.38666666666667
236.2789299218534,452.3359,688.0556,570.1957,0.05,0.7819,1.499,1466,49.42,235.6340632957784,452.9982,688.0556,570.5269,0.0,0.9623,1.499,1466,49.42,237.75945320149438,451.5224,688.7575,570.1399,0.0167,0.5819,1.4041,1466,49.42,237.9170814397998,451.4923,688.9459,570.2191,0.0,0.5714,1.2975,1466,49.42,236.24877208259082,452.3964,688.0556,570.226,0.05,0.8778,1.499,1466,49.42
236.2471468569718,452.4873,688.1828,570.3351,0.0583,0.8099,1.5812,1467,49.45333333333333,235.5392694880394,453.177,688.1828,570.6799,0.0,1.1035,1.5812,1467,49.45333333333333,237.66767957226074,451.6811,688.821,570.251,0.025,0.5727,1.4509,1467,49.45333333333333,237.8147424924786,451.6411,689.008,570.3245,0.0,0.624,1.3595,1467,49.45333333333333,236.1424989731984,452.5865,688.1828,570.3847,0.05,0.8337,1.5812,1467,49.45333333333333
236.27621701771938,452.4252,688.1819,570.3036,0.0333,0.7897,1.5819,1468,49.48666666666667,235.77731007331712,452.9227,688.1819,570.5523,0.0,1.0178,1.5819,1468,49.48666666666667,237.84224440667884,451.5006,688.8196,570.1601,0.0167,0.5735,1.4416,1468,49.48666666666667,237.97967428166643,451.469,689.0067,570.2378,0.0,0.6348,1.3597,1468,49.48666666666667,236.31991713246063,452.4057,688.1819,570.2938,0.0417,0.9552,1.5819,1468,49.48666666666667
236.09242137085388,452.4113,687.9373,570.1743,0.0333,0.7948,1.4632,1469,49.53,235.59352601691182,452.9091,687.9373,570.4232,0.0,1.0099,1.4632,1469,49.53,237.70791307203484,451.4445,688.6049,570.0247,0.0167,0.5072,1.3164,1469,49.53,237.6913769940303,451.4391,688.6049,570.022,0.0,0.5504,1.3164,1469,49.53,236.08560815456056,452.4182,687.9373,570.1777,0.0417,0.8117,1.4632,1469,49.53
236.12046136843028,452.4242,687.9733,570.1988,0.0333,0.8501,1.573,1470,49.553333333333335,235.62035197676224,452.9221,687.9733,570.4477,0.0,1.0721,1.573,1470,49.553333333333335,237.6977157212465,451.4949,688.6784,570.0867,0.0083,0.5842,1.3627,1470,49.553333333333335,237.73233486068332,451.4644,688.6784,570.0714,0.0,0.5701,1.3627,1470,49.553333333333335,236.11298889474241,452.4319,687.9733,570.2026,0.0417,0.8619,1.573,1470,49.553333333333335
236.22677203964477,452.3562,688.0789,570.2176,0.05,0.7458,1.4719,1471,49.58833333333334,235.56776045702472,452.9823,688.0789,570.5306,0.0,0.8695,1.4719,1471,49.58833333333334,237.7606025102172,451.4911,688.7492,570.1202,0.0083,0.5931,1.3609,1471,49.58833333333334,237.7965081779914,451.4587,688.7492,570.1039,0.0,0.5977,1.3609,1471,49.58833333333334,236.13232983765073,452.4118,688.0789,570.2454,0.05,0.7056,1.4719,1471,49.58833333333334
236.1825413537611,452.3824,688.0739,570.2281,0.0417,0.744,1.4773,1472,49.620000000000005,235.55722633533924,452.9876,688.0739,570.5307,0.0,0.9584,1.4773,1472,49.620000000000005,237.7610601318177,451.4905,688.7488,570.1196,0.0083,0.5919,1.3611,1472,49.620000000000005,237.79691379039915,451.4582,688.7488,570.1035,0.0,0.5962,1.3611,1472,49.620000000000005,236.1370149740929,452.4146,688.0739,570.2443,0.0417,0.8159,1.4773,1472,49.620000000000005
236.14703647769937,452.4159,688.0782,570.2471,0.0333,0.7839,1.4923,1473,49.653333333333336,235.56429113777747,452.9919,688.0782,570.5351,0.0,0.9563,1.4923,1473,49.653333333333336,237.76557556414534,451.492,688.7487,570.1203,0.0083,0.5923,1.3682,1473,49.653333333333336,237.80147903835123,451.4596,688.7487,570.1041,0.0,0.5975,1.3682,1473,49.653333333333336,236.14319909972087,452.4199,688.0782,570.249,0.0417,0.8181,1.4923,1473,49.653333333333336
236.3006389787108,452.4046,688.1438,570.2742,0.0417,0.8212,1.3835,1474,49.68833333333334,235.86079358408105,452.8385,688.1438,570.4911,0.0083,0.936,1.3835,1474,49.68833333333334,237.84179621010406,451.5113,688.8169,570.1641,0.025,0.4176,1.3049,1474,49.68833333333334,237.89356956752678,451.4499,688.8169,570.1334,0.0,0.4911,1.3049,1474,49.68833333333334,236.25716099710968,452.4462,688.1438,570.295,0.0417,0.8267,1.3835,1474,49.68833333333334
236.3074035116057,452.3999,688.125,570.2624,0.0417,0.7952,1.4069,1475,49.720000000000006,235.86707670654317,452.8341,688.125,570.4795,0.0083,0.9235,1.4069,1475,49.720000000000006,237.8372225130811,451.5103,688.8006,570.1555,0.025,0.4103,1.2446,1475,49.720000000000006,237.88895833106025,451.4489,688.8006,570.1248,0.0,0.4885,1.2446,1475,49.720000000000006,236.26468514456113,452.4407,688.125,570.2829,0.0417,0.8075,1.4069,1475,49.720000000000006
236.3093234754002,452.394,688.1317,570.2629,0.0417,0.776,1.3428,1476,49.75333333333334,235.86834961731324,452.8291,688.1317,570.4804,0.0083,1.0104,1.3428,1476,49.75333333333334,237.83562909041746,451.5078,688.8038,570.1558,0.025,0.4412,1.2884,1476,49.75333333333334,237.88780584087317,451.4462,688.8038,570.125,0.0,0.5028,1.2884,1476,49.75333333333334,236.26659320733393,452.4349,688.1317,570.2833,0.0417,0.808,1.3428,1476,49.75333333333334
236.35699851910448,452.3653,688.1348,570.2501,0.05,0.7841,1.3202,1477,49.788333333333334,235.87449768068527,452.8267,688.1348,570.4807,0.0083,1.0103,1.3202,1477,49.788333333333334,237.83594944936283,451.5072,688.8041,570.1557,0.025,0.4413,1.2879,1477,49.788333333333334,237.88810580657798,451.4455,688.8041,570.1248,0.0,0.5027,1.2879,1477,49.788333333333334,236.27267319617854,452.4326,688.1348,570.2837,0.0417,0.8089,1.3202,1477,49.788333333333334
236.40411121165621,452.3079,688.1238,570.2159,0.05,0.9298,1.3435,1478,49.82,235.86255876206644,452.8297,688.1238,570.4768,0.0083,0.9979,1.3435,1478,49.82,237.80106428152453,451.5303,688.7909,570.1606,0.0333,0.4254,1.2761,1478,49.82,237.87777296773655,451.4461,688.7909,570.1185,0.0,0.5023,1.2761,1478,49.82,236.26068464700404,452.4356,688.1238,570.2797,0.0417,0.8115,1.3435,1478,49.82
236.39018543082085,452.3083,688.1063,570.2073,0.05,0.8862,1.3074,1479,49.85333333333334,235.848885868571,452.8297,688.1063,570.468,0.0083,1.0344,1.3074,1479,49.85333333333334,237.77607983483347,451.5306,688.772,570.1513,0.0333,0.4327,1.2577,1479,49.85333333333334,237.8527610511469,451.4464,688.772,570.1092,0.0,0.5264,1.2577,1479,49.85333333333334,236.34166881509788,452.3535,688.1063,570.2299,0.05,0.8518,1.3074,1479,49.85333333333334
236.38735746633645,452.3683,688.2047,570.2865,0.0417,0.8011,1.3349,1480,49.88666666666667,235.9479516021407,452.7993,688.2047,570.502,0.0083,0.9836,1.3349,1480,49.88666666666667,237.86243490047949,451.5062,688.8375,570.1718,0.025,0.4,1.3325,1480,49.88666666666667,237.91460078724026,451.4446,688.8375,570.141,0.0,0.5116,1.3325,1480,49.88666666666667,236.34190280189162,452.4098,688.2047,570.3072,0.0417,0.7733,1.3349,1480,49.88666666666667
236.3492964183495,452.3878,688.2026,570.2952,0.0417,0.7308,1.3393,1481,49.92166666666667,235.9073500077161,452.824,688.2026,570.5133,0.0083,0.9726,1.3393,1481,49.92166666666667,237.8649309281943,451.5057,688.842,570.1738,0.025,0.4282,1.3315,1481,49.92166666666667,237.91713436176337,451.444,688.842,570.143,0.0,0.5108,1.3315,1481,49.92166666666667,236.3064386401161,452.4288,688.2026,570.3157,0.0417,0.7578,1.3393,1481,49.92166666666667
236.44582929528505,452.3072,688.177,570.2421,0.05,0.8023,1.3222,1482,49.95333333333333,235.90419516476587,452.8291,688.177,570.503,0.0083,1.0002,1.3222,1482,49.95333333333333,237.8634834570913,451.5063,688.842,570.1741,0.025,0.4308,1.3284,1482,49.95333333333333,237.91570905733585,451.4446,688.842,570.1433,0.0,0.5114,1.3284,1482,49.95333333333333,236.30296746374464,452.4345,688.177,570.3057,0.0417,0.7572,1.3222,1482,49.95333333333333
236.11636971054517,452.6158,688.1807,570.3982,0.025,0.9294,1.3347,1483,49.99,235.87012335074272,452.8628,688.1807,570.5217,0.0083,1.0612,1.3347,1483,49.99,237.67229079184068,451.7032,688.8435,570.2734,0.025,0.4425,1.3288,1483,49.99,237.7226546074821,451.6426,688.8435,570.2431,0.0,0.5378,1.3288,1483,49.99,236.13894184876028,452.6123,688.1807,570.3965,0.05,0.8806,1.3347,1483,49.99
236.49681384726225,452.2564,688.1333,570.1948,0.0667,0.558,1.4617,1484,50.02166666666667,235.78737439663857,452.9141,688.1333,570.5237,0.0083,0.762,1.4617,1484,50.02166666666667,237.86891673131117,451.4655,688.7972,570.1313,0.0167,0.4861,1.4994,1484,50.02166666666667,238.01363381744966,451.4354,688.9653,570.2004,0.0,0.4854,1.3358,1484,50.02166666666667,236.55559380178994,452.195,688.1333,570.1641,0.0667,0.5007,1.4617,1484,50.02166666666667
236.31367487377926,452.2513,687.9158,570.0835,0.0667,0.6018,1.4429,1485,50.055,235.6049757558229,452.909,687.9158,570.4124,0.0083,0.829,1.4429,1485,50.055,237.65550982441533,451.4565,688.5312,569.9938,0.0167,0.5076,1.3942,1485,50.055,237.77763669737902,451.4261,688.6958,570.061,0.0,0.5249,1.4139,1485,50.055,236.37227162557795,452.1901,687.9158,570.0529,0.0667,0.5752,1.4429,1485,50.055
236.49480621404487,452.2492,688.1193,570.1842,0.0667,0.6048,1.5399,1486,50.093333333333334,235.78674713533817,452.9065,688.1193,570.5129,0.0083,0.8315,1.5399,1486,50.093333333333334,237.98821066842632,451.4577,688.9541,570.2059,0.0083,0.4897,1.34,1486,50.093333333333334,238.00194562116005,451.4273,688.9541,570.1907,0.0,0.5253,1.34,1486,50.093333333333334,236.55460517389506,452.1869,688.1193,570.1531,0.0667,0.5543,1.5399,1486,50.093333333333334
236.54104402646016,452.2038,688.1365,570.1701,0.075,0.6372,1.6316,1487,50.123333333333335,235.77741613377708,452.9209,688.1365,570.5287,0.0083,0.891,1.6316,1487,50.123333333333335,237.88962380862202,451.459,688.7933,570.1262,0.0167,0.4899,1.5357,1487,50.123333333333335,238.0154648270862,451.4294,688.9641,570.1967,0.0,0.5272,1.4194,1487,50.123333333333335,236.4945540348105,452.2564,688.1365,570.1964,0.0583,0.6135,1.6316,1487,50.123333333333335
236.54386784794187,452.2018,688.1368,570.1693,0.075,0.6235,1.6343,1488,50.155,235.78752633689277,452.9148,688.1368,570.5258,0.0083,0.9039,1.6343,1488,50.155,237.87695384329825,451.4598,688.7817,570.1207,0.0167,0.4867,1.5639,1488,50.155,238.00119695418496,451.43,688.95,570.19,0.0,0.5343,1.3862,1488,50.155,236.55110092688125,452.1965,688.1368,570.1667,0.0667,0.6061,1.6343,1488,50.155
236.33601290459472,452.4052,688.1551,570.2802,0.0583,0.6536,1.5421,1489,50.19666666666667,235.81724594608608,452.8805,688.1551,570.5178,0.0083,0.9402,1.5421,1489,50.19666666666667,237.66872903879667,451.6733,688.8021,570.2377,0.0333,0.3518,1.45,1489,50.19666666666667,237.83651816200577,451.608,688.9685,570.2883,0.0,0.3745,1.3774,1489,50.19666666666667,236.34314459727628,452.3999,688.1551,570.2775,0.05,0.6484,1.5421,1489,50.19666666666667
236.1794740474037,452.5264,688.1546,570.3405,0.05,0.9754,1.5417,1490,50.22166666666667,235.61362316284894,453.0929,688.1546,570.6238,0.0083,1.1784,1.5417,1490,50.22166666666667,237.8488131363253,451.5124,688.8034,570.1579,0.025,0.4561,1.4414,1490,50.22166666666667,237.94286197268414,451.5096,688.9698,570.2397,0.0,0.5134,1.377,1490,50.22166666666667,236.2009954305683,452.5089,688.1546,570.3318,0.0417,0.983,1.5417,1490,50.22166666666667
236.1350473497793,452.3518,687.8688,570.1103,0.05,0.8892,1.3659,1491,50.255,235.4772873675722,453.0107,687.8688,570.4397,0.0083,1.0331,1.3659,1491,50.255,237.75188431784434,451.4855,688.7101,570.0978,0.0083,0.5258,1.359,1491,50.255,237.7858326091115,451.4555,688.7101,570.0828,0.0,0.5328,1.359,1491,50.255,236.1693880541629,452.3537,687.8688,570.1112,0.05,0.7819,1.3659,1491,50.255
236.16001347243443,452.345,687.8704,570.1077,0.05,0.9172,1.4076,1492,50.29666666666667,235.50047773261383,453.0042,687.8704,570.4373,0.0083,1.0295,1.4076,1492,50.29666666666667,237.80805960784917,451.4544,688.7019,570.0782,0.0167,0.4583,1.3644,1492,50.29666666666667,237.79090843920685,451.4534,688.7019,570.0776,0.0,0.5166,1.3644,1492,50.29666666666667,236.11715039964938,452.4361,687.8704,570.1532,0.0417,0.7714,1.4076,1492,50.29666666666667
236.22620666442157,452.3123,687.9266,570.1194,0.05,0.882,1.3879,1493,50.32,235.56620356012007,452.9733,687.9266,570.4499,0.0083,1.0285,1.3879,1493,50.32,237.8421306893027,451.4712,688.778,570.1246,0.0167,0.4558,1.4266,1493,50.32,237.87009219346183,451.4181,688.778,570.098,0.0,0.5092,1.4266,1493,50.32,236.16303846010538,452.4332,687.9266,570.1799,0.05,0.789,1.3879,1493,50.32
236.4464505401779,452.2044,688.1137,570.1591,0.05,1.0249,1.4427,1494,50.355000000000004,235.8071903720479,452.837,688.1137,570.4753,0.0083,1.2391,1.4427,1494,50.355000000000004,237.89896160466594,451.3751,688.6892,570.0322,0.0167,0.5424,1.475,1494,50.355000000000004,238.02589545342408,451.342,688.8593,570.1007,0.0,0.5697,1.4006,1494,50.355000000000004,236.4202470622627,452.2657,688.1137,570.1897,0.0417,1.0932,1.4427,1494,50.355000000000004
236.3373371726084,452.3078,688.1005,570.2042,0.0417,1.0861,1.4418,1495,50.400000000000006,235.7605541090241,452.8758,688.1005,570.4882,0.0083,1.189,1.4418,1495,50.400000000000006,237.90467936715874,451.3728,688.6943,570.0335,0.0167,0.5372,1.4653,1495,50.400000000000006,238.0315568402294,451.3397,688.8643,570.102,0.0,0.5689,1.3944,1495,50.400000000000006,236.36898318927203,452.3088,688.1005,570.2047,0.0417,1.1193,1.4418,1495,50.400000000000006
236.30563317121812,452.3569,688.1105,570.2337,0.0417,0.9644,1.4368,1496,50.42,235.7314910659225,452.9223,688.1105,570.5164,0.0083,1.1401,1.4368,1496,50.42,237.84196554539383,451.4388,688.6933,570.066,0.0167,0.5804,1.4462,1496,50.42,237.97074251582006,451.4025,688.864,570.1333,0.0,0.6268,1.3869,1496,50.42,236.33419312303752,452.3581,688.1105,570.2343,0.0417,1.0805,1.4368,1496,50.42
236.30428925273102,452.359,688.1136,570.2363,0.05,1.0297,1.4319,1497,50.45333333333333,235.65878005555092,453.009,688.1136,570.5613,0.0083,1.2095,1.4319,1497,50.45333333333333,237.84234656643108,451.4383,688.6932,570.0658,0.0167,0.5807,1.4454,1497,50.45333333333333,237.97112471655186,451.4021,688.864,570.133,0.0,0.6259,1.3869,1497,50.45333333333333,236.18592145199239,452.5002,688.1136,570.3069,0.025,1.0766,1.4319,1497,50.45333333333333
236.30222522905717,452.3605,688.111,570.2357,0.0417,0.9736,1.4287,1498,50.498333333333335,235.72850439212735,452.9254,688.111,570.5182,0.0083,1.1777,1.4287,1498,50.498333333333335,237.84348539563317,451.4368,688.6982,570.0675,0.0167,0.5448,1.4881,1498,50.498333333333335,237.97225684922537,451.4005,688.8688,570.1347,0.0,0.6294,1.3542,1498,50.498333333333335,236.33513467811233,452.3582,688.111,570.2346,0.0417,1.0752,1.4287,1498,50.498333333333335
236.30484248197376,452.3549,688.1053,570.2301,0.0417,1.0893,1.4264,1499,50.53,235.7312454856043,452.9196,688.1053,570.5124,0.0083,1.1868,1.4264,1499,50.53,237.8447584875278,451.4355,688.6989,570.0672,0.0167,0.5433,1.487,1499,50.53,237.97306728514033,451.3997,688.8692,570.1344,0.0,0.6099,1.3567,1499,50.53,236.33795500763594,452.3522,688.1053,570.2287,0.0417,1.0865,1.4264,1499,50.53
236.30085898786686,452.3472,688.087,570.2171,0.025,1.1345,1.4194,1500,50.553333333333335,236.11007271441684,452.5301,688.087,570.3085,0.0083,1.0983,1.4194,1500,50.553333333333335,237.83499673137914,451.4399,688.6981,570.069,0.0167,0.5862,1.4775,1500,50.553333333333335,237.96385255525928,451.4033,688.8687,570.136,0.0,0.6079,1.3463,1500,50.553333333333335,236.33883807089828,452.3379,688.087,570.2124,0.025,0.976,1.4194,1500,50.553333333333335
236.23414253708725,452.4138,688.0883,570.2511,0.0167,1.1436,1.4239,1501,50.58666666666667,236.09845620757642,452.537,688.0883,570.3126,0.0083,1.062,1.4239,1501,50.58666666666667,237.83081010584792,451.4436,688.6981,570.0708,0.0167,0.5668,1.4686,1501,50.58666666666667,237.959685447206,451.4069,688.8686,570.1378,0.0,0.5968,1.3436,1501,50.58666666666667,236.3278311228183,452.3447,688.0883,570.2165,0.025,0.9644,1.4239,1501,50.58666666666667
236.22432662494495,452.3937,688.0881,570.2409,0.025,1.0739,1.4473,1502,50.620000000000005,236.0319583542146,452.5784,688.0881,570.3333,0.0083,1.072,1.4473,1502,50.620000000000005,237.8287394616307,451.4443,688.6959,570.0701,0.0167,0.5697,1.467,1502,50.620000000000005,237.95763285703003,451.4076,688.8666,570.1371,0.0,0.5974,1.3457,1502,50.620000000000005,236.31251085622304,452.3544,688.0881,570.2213,0.0333,1.044,1.4473,1502,50.620000000000005
236.28333424479294,452.3567,688.0881,570.2224,0.025,1.0789,1.4473,1503,50.653333333333336,236.0913462416452,452.5409,688.0881,570.3145,0.0083,1.0478,1.4473,1503,50.653333333333336,237.8279322142641,451.4451,688.6959,570.0705,0.0167,0.5681,1.467,1503,50.653333333333336,237.9568246007788,451.4084,688.8666,570.1375,0.0,0.5974,1.3457,1503,50.653333333333336,236.32080694179788,452.3487,688.0881,570.2184,0.025,0.9774,1.4473,1503,50.653333333333336
236.26219566460153,452.373,688.0918,570.2324,0.05,0.6639,1.5226,1504,50.690000000000005,235.82943053115616,452.8084,688.0918,570.4501,0.0,1.093,1.5226,1504,50.690000000000005,237.78072321807446,451.4702,688.6623,570.0663,0.0167,0.5677,1.4357,1504,50.690000000000005,237.93029310279184,451.4415,688.8401,570.1408,0.0,0.5577,1.4106,1504,50.690000000000005,236.26219566460153,452.373,688.0918,570.2324,0.05,0.6639,1.5226,1504,50.690000000000005
236.26341337414362,452.3692,688.0958,570.2325,0.05,0.6595,1.5187,1505,50.720000000000006,235.83055973231936,452.8048,688.0958,570.4503,0.0,1.0419,1.5187,1505,50.720000000000006,237.77461607715804,451.4671,688.6761,570.0716,0.0167,0.5836,1.5258,1505,50.720000000000006,237.92434685542824,451.4383,688.8542,570.1463,0.0,0.5519,1.4106,1505,50.720000000000006,236.26341337414362,452.3692,688.0958,570.2325,0.05,0.6595,1.5187,1505,50.720000000000006
236.26660489215718,452.3627,688.0943,570.2285,0.05,0.6389,1.5328,1506,50.75333333333334,235.83350518392308,452.7988,688.0943,570.4465,0.0,1.006,1.5328,1506,50.75333333333334,237.77462794924676,451.4677,688.6784,570.073,0.0167,0.5522,1.5274,1506,50.75333333333334,237.92435366442996,451.4389,688.8565,570.1477,0.0,0.5654,1.4647,1506,50.75333333333334,236.26660489215718,452.3627,688.0943,570.2285,0.05,0.6389,1.5328,1506,50.75333333333334
236.2772359133859,452.3604,688.1048,570.2326,0.05,0.6758,1.5181,1507,50.788333333333334,235.84417268227284,452.7966,688.1048,570.4507,0.0,1.0329,1.5181,1507,50.788333333333334,237.77391442265284,451.4656,688.6736,570.0696,0.0167,0.5825,1.5253,1507,50.788333333333334,237.9236496474634,451.4369,688.8518,570.1443,0.0,0.5656,1.4334,1507,50.788333333333334,236.2772359133859,452.3604,688.1048,570.2326,0.05,0.6758,1.5181,1507,50.788333333333334
236.28837853338987,452.3363,688.1094,570.2228,0.0417,0.7183,1.5242,1508,50.82,235.84267287720763,452.801,688.1094,570.4552,0.0,1.0613,1.5242,1508,50.82,237.7783252701307,451.4665,688.6814,570.074,0.0167,0.6017,1.5367,1508,50.82,237.92787568277396,451.4378,688.8593,570.1486,0.0,0.5672,1.4152,1508,50.82,236.28837853338987,452.3363,688.1094,570.2228,0.0417,0.7183,1.5242,1508,50.82
236.27596741068044,452.364,688.1062,570.2351,0.05,0.6641,1.5244,1509,50.85333333333334,235.84255423708237,452.8003,688.1062,570.4532,0.0,1.0813,1.5244,1509,50.85333333333334,237.77751371306027,451.4654,688.6803,570.0728,0.0167,0.5813,1.5413,1509,50.85333333333334,237.9271519464436,451.4367,688.8583,570.1475,0.0,0.5657,1.4131,1509,50.85333333333334,236.3103407908718,452.313,688.1062,570.2096,0.05,0.7137,1.5244,1509,50.85333333333334
236.27924547620822,452.3602,688.1056,570.2329,0.05,0.672,1.524,1510,50.88666666666667,235.84586699242573,452.7967,688.1056,570.4511,0.0,1.0569,1.524,1510,50.88666666666667,237.77722052851703,451.4657,688.6803,570.073,0.0167,0.5818,1.5413,1510,50.88666666666667,237.92686757406727,451.437,688.8583,570.1476,0.0,0.5657,1.4131,1510,50.88666666666667,236.31357429240416,452.3094,688.1056,570.2075,0.05,0.7296,1.524,1510,50.88666666666667
236.27856146371744,452.3627,688.106,570.2344,0.05,0.6596,1.5206,1511,50.92,235.84499073308095,452.799,688.106,570.4525,0.0,1.0808,1.5206,1511,50.92,237.77739441442966,451.4661,688.6803,570.0732,0.0167,0.5575,1.5413,1511,50.92,237.92699074351566,451.4375,688.8583,570.1479,0.0,0.5491,1.4131,1511,50.92,236.27856146371744,452.3627,688.106,570.2344,0.05,0.6596,1.5206,1511,50.92
236.28147701476573,452.358,688.1046,570.2313,0.05,0.6709,1.5053,1512,50.95333333333333,235.84791376661966,452.7945,688.1046,570.4496,0.0,1.0428,1.5053,1512,50.95333333333333,237.78000705657414,451.4673,688.6869,570.0771,0.0167,0.5261,1.5446,1512,50.95333333333333,237.92953614206115,451.4386,688.8647,570.1517,0.0,0.5469,1.4187,1512,50.95333333333333,236.28147701476573,452.358,688.1046,570.2313,0.05,0.6709,1.5053,1512,50.95333333333333
236.28273243613828,452.3589,688.1069,570.2329,0.05,0.647,1.5226,1513,50.98666666666667,235.84869245432301,452.7955,688.1069,570.4512,0.0,1.0528,1.5226,1513,50.98666666666667,237.78009895011093,451.4672,688.6869,570.0771,0.0167,0.5263,1.5446,1513,50.98666666666667,237.92962630643686,451.4385,688.8647,570.1516,0.0,0.5468,1.4187,1513,50.98666666666667,236.28273243613828,452.3589,688.1069,570.2329,0.05,0.647,1.5226,1513,50.98666666666667
236.29168119195813,453.7828,689.4571,571.62,0.0167,1.107,1.4076,1514,51.02166666666667,235.95998712608693,454.0997,689.4571,571.7784,0.0,1.3662,1.4076,1514,51.02166666666667,237.8911770269846,452.8085,690.125,571.4668,0.0167,0.4632,1.3784,1514,51.02166666666667,238.03128642215972,452.7813,690.2924,571.5368,0.0,0.4685,1.4029,1514,51.02166666666667,236.29168119195813,453.7828,689.4571,571.62,0.0167,1.107,1.4076,1514,51.02166666666667
236.23257708789097,454.5097,690.145,572.3273,0.0167,1.027,1.4536,1515,51.053333333333335,236.0905148928322,454.6393,690.145,572.3922,0.0083,1.0616,1.4536,1515,51.053333333333335,237.8068380443543,453.5518,690.7419,572.1468,0.0167,0.5013,1.3506,1515,51.053333333333335,237.92987889026014,453.534,690.9142,572.2241,0.0,0.5668,1.2686,1515,51.053333333333335,236.21679534864174,454.5158,690.145,572.3304,0.025,1.0244,1.4536,1515,51.053333333333335
236.3150639678759,454.7482,690.5193,572.6338,0.025,1.0042,1.4786,1516,51.08666666666667,236.11798155882428,454.9387,690.5193,572.729,0.0083,1.1149,1.4786,1516,51.08666666666667,237.76066465493074,453.9283,691.1044,572.5164,0.0167,0.539,1.1772,1516,51.08666666666667,237.91559390753216,453.8946,691.2842,572.5894,0.0,0.5049,1.1729,1516,51.08666666666667,236.29401418663704,454.7887,690.5193,572.654,0.025,1.0215,1.4786,1516,51.08666666666667
236.35446127150848,455.1402,690.9403,573.0402,0.025,0.7681,1.351,1517,51.120000000000005,236.1145530240063,455.3684,690.9403,573.1544,0.0,0.9773,1.351,1517,51.120000000000005,237.78873880657773,454.3395,691.6393,572.9894,0.0167,0.5281,1.2216,1517,51.120000000000005,237.9361069998365,454.3078,691.811,573.0594,0.0,0.5376,1.0734,1517,51.120000000000005,236.36316828173105,455.1315,690.9403,573.0359,0.0333,0.8064,1.351,1517,51.120000000000005
236.42344803532583,455.2887,691.1399,573.2143,0.05,0.8012,1.3059,1518,51.155,236.06077755889055,455.6069,691.1399,573.3734,0.0,1.0295,1.3059,1518,51.155,237.77376923956493,454.4905,691.7532,573.1218,0.0083,0.5599,1.1486,1518,51.155,237.88480445040594,454.4905,691.9238,573.2072,0.0,0.5599,1.1231,1518,51.155,236.34786016725553,455.3423,691.1399,573.2411,0.0417,0.8086,1.3059,1518,51.155
236.28962005122514,455.4198,691.1365,573.2781,0.0333,0.9614,1.3615,1519,51.18833333333334,236.00490253706562,455.6809,691.1365,573.4087,0.0,0.9749,1.3615,1519,51.18833333333334,237.7881484352868,454.5131,691.793,573.153,0.0083,0.5281,1.3624,1519,51.18833333333334,237.90213923966323,454.5131,691.9676,573.2404,0.0,0.5281,1.1433,1519,51.18833333333334,236.30318215132792,455.4064,691.1365,573.2715,0.0417,1.0304,1.3615,1519,51.18833333333334
236.30455716536608,455.4163,691.1497,573.283,0.0333,0.7723,1.3689,1520,51.22166666666667,236.02107106774855,455.6777,691.1497,573.4137,0.0,0.9027,1.3689,1520,51.22166666666667,237.75676573632373,454.5425,691.8085,573.1755,0.0083,0.5032,1.2959,1520,51.22166666666667,237.86857414022623,454.5425,691.9823,573.2624,0.0,0.5032,1.1277,1520,51.22166666666667,236.31693604172318,455.4041,691.1497,573.2769,0.0417,0.772,1.3689,1520,51.22166666666667
236.2967871080437,455.4262,691.1401,573.2832,0.0417,0.7808,1.4013,1521,51.25666666666667,235.97562028249803,455.7116,691.1401,573.4259,0.0,1.0704,1.4013,1521,51.25666666666667,237.7501819952984,454.5458,691.7927,573.1693,0.0083,0.5555,1.2139,1521,51.25666666666667,237.8617062420118,454.5458,691.9661,573.256,0.0,0.5555,1.1318,1521,51.25666666666667,236.09391931350768,455.6178,691.1401,573.379,0.025,0.9645,1.4013,1521,51.25666666666667
236.25133881616625,455.4321,691.0757,573.2539,0.0417,0.8655,1.3555,1522,51.290000000000006,235.9323046589937,455.7147,691.0757,573.3952,0.0,1.1323,1.3555,1522,51.290000000000006,237.77054972344422,454.5346,691.8038,573.1692,0.0083,0.6057,1.1985,1522,51.290000000000006,237.88188576547353,454.5346,691.9769,573.2557,0.0,0.6057,1.1172,1522,51.290000000000006,236.2209254585178,455.449,691.0757,573.2624,0.0417,1.0111,1.3555,1522,51.290000000000006
236.20510092744908,455.1974,690.7856,572.9915,0.0417,0.8031,1.3789,1523,51.32333333333334,235.87550163410307,455.4897,690.7856,573.1377,0.0,0.9965,1.3789,1523,51.32333333333334,237.69414379668837,454.3208,691.5014,572.9111,0.0167,0.5154,1.3445,1523,51.32333333333334,237.84135286828408,454.2899,691.6775,572.9837,0.0,0.5375,1.1299,1523,51.32333333333334,236.0836174374327,455.2791,690.7856,573.0323,0.025,0.9422,1.3789,1523,51.32333333333334
236.30825696001787,454.8772,690.6576,572.7674,0.0167,0.8194,1.4755,1524,51.355000000000004,236.24438487218185,454.9466,690.6576,572.8021,0.0083,0.9085,1.4755,1524,51.355000000000004,237.9588319247298,453.9908,691.5168,572.7538,0.0083,0.6026,1.0903,1524,51.355000000000004,238.0700335231306,453.9908,691.6884,572.8396,0.0,0.6026,1.2414,1524,51.355000000000004,236.3795641109208,454.8322,690.6576,572.7449,0.0333,0.809,1.4755,1524,51.355000000000004
236.32260188029343,454.4165,690.2593,572.3379,0.0167,1.0007,1.4758,1525,51.388333333333335,236.25771696777664,454.4877,690.2593,572.3735,0.0083,1.0011,1.4758,1525,51.388333333333335,237.8050668023781,453.6324,690.9535,572.293,0.0167,0.5071,1.1989,1525,51.388333333333335,237.9518964565047,453.5956,691.1204,572.358,0.0,0.5603,1.1845,1525,51.388333333333335,236.35768752495161,454.3941,690.2593,572.3267,0.025,0.9001,1.4758,1525,51.388333333333335
236.11545239204798,454.1614,689.7486,571.955,0.0167,0.9617,1.3535,1526,51.42333333333334,236.05808217585877,454.2259,689.7486,571.9872,0.0083,1.0078,1.3535,1526,51.42333333333334,237.74458983401715,453.2296,690.4693,571.8494,0.0083,0.6047,1.1341,1526,51.42333333333334,237.8754249647031,453.2296,690.6727,571.9511,0.0,0.6047,1.1505,1526,51.42333333333334,236.08987301176842,454.2062,689.7486,571.9774,0.0167,0.9799,1.3535,1526,51.42333333333334
236.1917807776897,453.8108,689.5291,571.6699,0.0333,0.8334,1.3292,1527,51.45333333333333,235.88685373241154,454.1238,689.5291,571.8265,0.0083,1.2337,1.3292,1527,51.45333333333333,237.77068518396425,452.9224,690.1648,571.5436,0.0083,0.611,1.2912,1527,51.45333333333333,237.89531857385637,452.9224,690.3541,571.6383,0.0,0.611,1.2415,1527,51.45333333333333,236.06445445701036,453.9485,689.5291,571.7388,0.0083,0.9246,1.3292,1527,51.45333333333333
236.31671821689972,453.332,689.1645,571.2482,0.025,0.9514,1.4463,1528,51.48833333333334,235.94073989268102,453.7003,689.1645,571.4324,0.0,1.1584,1.4463,1528,51.48833333333334,237.86033655817027,452.3985,689.6346,571.0165,0.0083,0.5864,1.2478,1528,51.48833333333334,237.99084634574473,452.3985,689.8328,571.1156,0.0,0.5864,1.2339,1528,51.48833333333334,236.31671821689972,453.332,689.1645,571.2482,0.025,0.9514,1.4463,1528,51.48833333333334
236.2119287105021,453.0534,688.7253,570.8893,0.025,0.8048,1.2783,1529,51.53,235.84339764436928,453.4149,688.7253,571.0701,0.0,1.0713,1.2783,1529,51.53,237.80408176531333,452.1391,689.4283,570.7837,0.0083,0.583,1.1592,1529,51.53,237.9321919732461,452.1391,689.6229,570.881,0.0,0.583,1.144,1529,51.53,236.2119287105021,453.0534,688.7253,570.8893,0.025,0.8048,1.2783,1529,51.53
236.41340301536886,452.7277,688.535,570.6313,0.0417,0.6455,1.5174,1530,51.553333333333335,235.9541214905532,453.1667,688.535,570.8508,0.0,0.9086,1.5174,1530,51.553333333333335,237.8410653816957,451.9237,689.2182,570.5709,0.0083,0.5219,1.1611,1530,51.553333333333335,237.97317432213924,451.9237,689.4189,570.6713,0.0,0.5219,1.2582,1530,51.553333333333335,236.41340301536886,452.7277,688.535,570.6313,0.0417,0.6455,1.5174,1530,51.553333333333335
236.37067301374057,452.6238,688.3814,570.5026,0.0417,0.7417,1.4386,1531,51.58833333333334,235.8324117659223,453.1388,688.3814,570.7601,0.0,1.0093,1.4386,1531,51.58833333333334,237.8566467891783,451.7563,689.0035,570.3799,0.0167,0.5952,1.4046,1531,51.58833333333334,238.00242980969335,451.7353,689.2105,570.4729,0.0,0.6705,1.3144,1531,51.58833333333334,236.37067301374057,452.6238,688.3814,570.5026,0.0417,0.7417,1.4386,1531,51.58833333333334
236.33003780418343,452.5845,688.3292,570.4568,0.0417,0.7406,1.5431,1532,51.62833333333334,235.7977002127407,453.0948,688.3292,570.712,0.0,1.0622,1.5431,1532,51.62833333333334,237.81423431710158,451.7103,688.8941,570.3022,0.0167,0.5703,1.3535,1532,51.62833333333334,237.95347143833771,451.6841,689.087,570.3855,0.0,0.5794,1.3371,1532,51.62833333333334,236.33003780418343,452.5845,688.3292,570.4568,0.0417,0.7406,1.5431,1532,51.62833333333334
236.31965242020243,452.5612,688.291,570.4261,0.0417,0.7226,1.5372,1533,51.653333333333336,235.78433075022167,453.0741,688.291,570.6825,0.0,0.961,1.5372,1533,51.653333333333336,237.8044157742351,451.7044,688.9326,570.3185,0.0167,0.5145,1.3192,1533,51.653333333333336,237.94274992319723,451.6791,689.1244,570.4017,0.0,0.5411,1.1833,1533,51.653333333333336,236.31965242020243,452.5612,688.291,570.4261,0.0417,0.7226,1.5372,1533,51.653333333333336
236.152933428932,452.6207,688.1894,570.405,0.0167,1.0175,1.4025,1534,51.68833333333334,235.83510415346421,452.9243,688.1894,570.5569,0.0,1.0902,1.4025,1534,51.68833333333334,237.78105891193516,451.6426,688.8832,570.2629,0.0167,0.4877,1.2988,1534,51.68833333333334,237.90651988644134,451.6227,689.0601,570.3414,0.0,0.5419,1.2083,1534,51.68833333333334,236.152933428932,452.6207,688.1894,570.405,0.0167,1.0175,1.4025,1534,51.68833333333334
236.16808147922072,452.5892,688.1662,570.3777,0.0167,0.9882,1.4267,1535,51.730000000000004,235.8464896236132,452.8964,688.1662,570.5313,0.0,1.1513,1.4267,1535,51.730000000000004,237.77815212343634,451.6401,688.8819,570.261,0.0167,0.4592,1.2,1535,51.730000000000004,237.90358953651676,451.6202,689.0588,570.3395,0.0,0.5376,1.1567,1535,51.730000000000004,236.16808147922072,452.5892,688.1662,570.3777,0.0167,0.9882,1.4267,1535,51.730000000000004
236.16703534921842,452.588,688.1882,570.3881,0.0167,0.971,1.4562,1536,51.75333333333334,235.84448924795618,452.8962,688.1882,570.5422,0.0,1.1283,1.4562,1536,51.75333333333334,237.77065531101084,451.659,688.8887,570.2738,0.025,0.4469,1.179,1536,51.75333333333334,237.90990045062688,451.6167,689.0653,570.341,0.0,0.4964,1.1559,1536,51.75333333333334,236.16703534921842,452.588,688.1882,570.3881,0.0167,0.971,1.4562,1536,51.75333333333334
236.1353434440285,452.5872,688.1858,570.3865,0.0167,1.066,1.4812,1537,51.788333333333334,235.81623219054555,452.8921,688.1858,570.5389,0.0,1.1628,1.4812,1537,51.788333333333334,237.7881696688246,451.6311,688.8807,570.2559,0.0167,0.4669,1.1347,1537,51.788333333333334,237.91388089499767,451.6105,689.0576,570.3341,0.0,0.5316,1.1429,1537,51.788333333333334,236.1353434440285,452.5872,688.1858,570.3865,0.0167,1.066,1.4812,1537,51.788333333333334
236.17085878699007,452.5813,688.1778,570.3795,0.0167,0.9814,1.4598,1538,51.833333333333336,235.84933471010368,452.8885,688.1778,570.5331,0.0,1.1536,1.4598,1538,51.833333333333336,237.79789687813175,451.6255,688.8875,570.2565,0.0167,0.4368,1.2219,1538,51.833333333333336,237.9231076932373,451.6058,689.0642,570.335,0.0,0.5183,1.1092,1538,51.833333333333336,236.17085878699007,452.5813,688.1778,570.3795,0.0167,0.9814,1.4598,1538,51.833333333333336
236.23797944205066,452.5309,688.1838,570.3574,0.0167,0.8929,1.4713,1539,51.85333333333334,235.91492046050067,452.8395,688.1838,570.5117,0.0,1.1195,1.4713,1539,51.85333333333334,237.8081975486118,451.6137,688.8911,570.2524,0.0167,0.4559,1.2563,1539,51.85333333333334,237.9333148266739,451.5939,689.0676,570.3307,0.0,0.5485,1.1358,1539,51.85333333333334,236.23797944205066,452.5309,688.1838,570.3574,0.0167,0.8929,1.4713,1539,51.85333333333334
236.23608722970434,452.5363,688.1879,570.3621,0.0167,0.9576,1.4721,1540,51.88666666666667,235.91278649478843,452.8451,688.1879,570.5165,0.0,1.1188,1.4721,1540,51.88666666666667,237.80763023668473,451.6126,688.8891,570.2509,0.0167,0.4707,1.2572,1540,51.88666666666667,237.93280249891387,451.5927,689.0656,570.3292,0.0,0.5436,1.1545,1540,51.88666666666667,236.23608722970434,452.5363,688.1879,570.3621,0.0167,0.9576,1.4721,1540,51.88666666666667
236.29314199100645,452.4663,688.1826,570.3245,0.025,0.8956,1.5212,1541,51.93166666666667,235.9074605578239,452.8427,688.1826,570.5127,0.0,1.0943,1.5212,1541,51.93166666666667,237.81233590823388,451.6174,688.9135,570.2655,0.0167,0.4394,1.2352,1541,51.93166666666667,237.93716893219096,451.5977,689.0896,570.3437,0.0,0.5047,1.1544,1541,51.93166666666667,236.29314199100645,452.4663,688.1826,570.3245,0.025,0.8956,1.5212,1541,51.93166666666667
236.12504003049352,452.6347,688.1815,570.4081,0.0167,1.0391,1.5677,1542,51.95333333333333,235.80867211645355,452.937,688.1815,570.5593,0.0,1.1511,1.5677,1542,51.95333333333333,237.81385358131251,451.6132,688.9057,570.2595,0.0167,0.4269,1.2811,1542,51.95333333333333,237.93893302458198,451.5935,689.0822,570.3378,0.0,0.5034,1.218,1542,51.95333333333333,236.12504003049352,452.6347,688.1815,570.4081,0.0167,1.0391,1.5677,1542,51.95333333333333
236.34006404104903,452.4271,688.1654,570.2962,0.0333,0.8625,1.6005,1543,51.98666666666667,235.9825768603739,452.7824,688.1654,570.4739,0.0,1.0281,1.6005,1543,51.98666666666667,237.80533504075464,451.6074,688.8904,570.2489,0.0167,0.424,1.3268,1543,51.98666666666667,237.92462107602665,451.5876,689.058,570.3228,0.0,0.498,1.1582,1543,51.98666666666667,236.34006404104903,452.4271,688.1654,570.2962,0.0333,0.8625,1.6005,1543,51.98666666666667
236.32206181181317,452.4607,688.2757,570.3682,0.025,1.0223,1.4631,1544,52.02166666666667,235.94042169543678,452.8423,688.2757,570.559,0.0,1.0788,1.4631,1544,52.02166666666667,237.838882233917,451.5211,688.7939,570.1575,0.0167,0.503,1.3314,1544,52.02166666666667,237.9691335742823,451.4984,688.9763,570.2373,0.0,0.5368,1.3841,1544,52.02166666666667,236.32206181181317,452.4607,688.2757,570.3682,0.025,1.0223,1.4631,1544,52.02166666666667
236.36016129258795,452.4213,688.2776,570.3495,0.025,1.0433,1.4642,1545,52.05500000000001,235.97521830377636,452.8063,688.2776,570.542,0.0,1.0489,1.4642,1545,52.05500000000001,237.83943129246785,451.5213,688.7949,570.1581,0.0167,0.5043,1.3319,1545,52.05500000000001,237.96967666177179,451.4986,688.9772,570.2379,0.0,0.5516,1.3833,1545,52.05500000000001,236.36016129258795,452.4213,688.2776,570.3495,0.025,1.0433,1.4642,1545,52.05500000000001
236.32939605938424,452.4623,688.2837,570.373,0.025,1.0248,1.4652,1546,52.08833333333334,235.9484850998022,452.8432,688.2837,570.5635,0.0,1.0726,1.4652,1546,52.08833333333334,237.84902350003762,451.5186,688.7988,570.1587,0.0167,0.5288,1.3576,1546,52.08833333333334,237.97925326056287,451.4959,688.981,570.2384,0.0,0.538,1.3837,1546,52.08833333333334,236.32939605938424,452.4623,688.2837,570.373,0.025,1.0248,1.4652,1546,52.08833333333334
236.28790990470034,452.49,688.2838,570.3869,0.025,1.0126,1.4676,1547,52.120000000000005,235.9074101260957,452.8707,688.2838,570.5773,0.0,1.0564,1.4676,1547,52.120000000000005,237.84796639133864,451.5175,688.7952,570.1563,0.0167,0.5299,1.3541,1547,52.120000000000005,237.97828810881128,451.4947,688.9775,570.2361,0.0,0.5357,1.3852,1547,52.120000000000005,236.28790990470034,452.49,688.2838,570.3869,0.025,1.0126,1.4676,1547,52.120000000000005
236.44469640392177,452.3522,688.2773,570.3147,0.025,0.8791,1.4699,1548,52.153333333333336,236.0550906068588,452.7418,688.2773,570.5096,0.0,1.0921,1.4699,1548,52.153333333333336,237.84618465168995,451.5188,688.7931,570.1559,0.0167,0.5224,1.3533,1548,52.153333333333336,237.97649957922528,451.4961,688.9754,570.2358,0.0,0.5398,1.386,1548,52.153333333333336,236.44469640392177,452.3522,688.2773,570.3147,0.025,0.8791,1.4699,1548,52.153333333333336
236.45073390201358,452.3487,688.2844,570.3166,0.025,0.8763,1.4645,1549,52.18666666666667,236.06072607932114,452.7387,688.2844,570.5116,0.0,1.0966,1.4645,1549,52.18666666666667,237.84800927985427,451.5174,688.7961,570.1567,0.0167,0.5113,1.3397,1549,52.18666666666667,237.97822363930146,451.4948,688.9784,570.2366,0.0,0.5409,1.3853,1549,52.18666666666667,236.45073390201358,452.3487,688.2844,570.3166,0.025,0.8763,1.4645,1549,52.18666666666667
236.4484722401281,452.3515,688.284,570.3178,0.025,0.9136,1.4681,1550,52.22166666666667,236.05902826602806,452.741,688.284,570.5125,0.0,1.0595,1.4681,1550,52.22166666666667,237.85107783666925,451.5193,688.8018,570.1605,0.0167,0.5157,1.3412,1550,52.22166666666667,237.98122033883607,451.4966,688.9839,570.2402,0.0,0.5402,1.3833,1550,52.22166666666667,236.4484722401281,452.3515,688.284,570.3178,0.025,0.9136,1.4681,1550,52.22166666666667
236.45907538187132,452.3461,688.2939,570.32,0.025,0.8779,1.4604,1551,52.25333333333334,236.0690793519639,452.7361,688.2939,570.515,0.0,1.0967,1.4604,1551,52.25333333333334,237.8539916066792,451.5186,688.8068,570.1627,0.0167,0.5188,1.3488,1551,52.25333333333334,237.98407318049053,451.4959,688.9888,570.2423,0.0,0.5388,1.3793,1551,52.25333333333334,236.45907538187132,452.3461,688.2939,570.32,0.025,0.8779,1.4604,1551,52.25333333333334
236.4070336713127,452.3834,688.2932,570.3383,0.025,0.9371,1.4578,1552,52.288333333333334,236.0174854852983,452.7731,688.2932,570.5332,0.0,1.0352,1.4578,1552,52.288333333333334,237.85224214644452,451.5184,688.7999,570.1592,0.0167,0.5196,1.3343,1552,52.288333333333334,237.98244744132367,451.4957,688.9821,570.2389,0.0,0.5386,1.3839,1552,52.288333333333334,236.4070336713127,452.3834,688.2932,570.3383,0.025,0.9371,1.4578,1552,52.288333333333334
236.41446786490414,452.3945,688.2954,570.3449,0.025,0.9852,1.4576,1553,52.32166666666667,236.02804140133563,452.7808,688.2954,570.5381,0.0,1.0085,1.4576,1553,52.32166666666667,237.85334253237428,451.5179,688.801,570.1595,0.0167,0.5191,1.3336,1553,52.32166666666667,237.983548122668,451.4951,688.9832,570.2391,0.0,0.5368,1.3835,1553,52.32166666666667,236.41446786490414,452.3945,688.2954,570.3449,0.025,0.9852,1.4576,1553,52.32166666666667
236.27024041482423,452.423,688.1444,570.2837,0.0417,0.9532,1.3436,1554,52.358333333333334,235.67966158300297,453.0141,688.1444,570.5792,0.0083,0.9526,1.3436,1554,52.358333333333334,237.79790633632948,451.5318,688.753,570.1424,0.0167,0.5572,1.2859,1554,52.358333333333334,237.90007946007032,451.5076,688.8915,570.1996,0.0,0.6666,1.2202,1554,52.358333333333334,236.2900680413712,452.4077,688.1444,570.276,0.0333,0.921,1.3436,1554,52.358333333333334
236.26788257776474,452.4238,688.1391,570.2815,0.0417,0.9525,1.3363,1555,52.39,235.67756980282712,453.0146,688.1391,570.5769,0.0083,0.9559,1.3363,1555,52.39,237.79892444469107,451.5314,688.7535,570.1424,0.0167,0.557,1.2859,1555,52.39,237.90108052912373,451.5072,688.8921,570.1996,0.0,0.6667,1.2202,1555,52.39,236.2877223210434,452.4085,688.1391,570.2738,0.0333,0.9442,1.3363,1555,52.39
236.27203721426207,452.4208,688.1437,570.2823,0.0417,0.9282,1.3259,1556,52.42166666666667,235.68138772567104,453.012,688.1437,570.5778,0.0083,0.9809,1.3259,1556,52.42166666666667,237.802945197,451.529,688.7567,570.1429,0.0167,0.5635,1.2985,1556,52.42166666666667,237.9050220289176,451.5048,688.8952,570.2,0.0,0.6635,1.2186,1556,52.42166666666667,236.29062447261342,452.4064,688.1437,570.2751,0.0333,0.9502,1.3259,1556,52.42166666666667
236.25519264774152,452.4289,688.1389,570.2839,0.0417,0.9038,1.381,1557,52.45666666666667,235.66221886678167,453.0223,688.1389,570.5806,0.0083,1.0432,1.381,1557,52.45666666666667,237.90322601752536,451.5242,688.9021,570.2132,0.0083,0.5401,1.2549,1557,52.45666666666667,237.9141919403339,451.4999,688.9021,570.201,0.0,0.5894,1.2549,1557,52.45666666666667,236.2716673129389,452.4162,688.1389,570.2775,0.0333,0.9145,1.381,1557,52.45666666666667
236.29935790866517,452.3659,688.1185,570.2422,0.05,0.729,1.3296,1558,52.48833333333334,235.85736671867565,452.8286,688.1185,570.4735,0.0083,1.1251,1.3296,1558,52.48833333333334,237.87515091392856,451.5334,688.8526,570.193,0.0083,0.5404,1.3126,1558,52.48833333333334,237.88558919891332,451.5103,688.8526,570.1815,0.0,0.6495,1.3126,1558,52.48833333333334,236.32281474505845,452.3481,688.1185,570.2333,0.0417,0.7799,1.3296,1558,52.48833333333334
236.28962754094158,452.3708,688.1232,570.247,0.05,0.7173,1.3639,1559,52.53,235.84799054544587,452.8332,688.1232,570.4782,0.0083,1.1249,1.3639,1559,52.53,237.87507337765635,451.5336,688.8545,570.1941,0.0083,0.5406,1.313,1559,52.53,237.88549973029865,451.5105,688.8545,570.1825,0.0,0.6505,1.313,1559,52.53,236.31321206336008,452.3529,688.1232,570.238,0.0417,0.7759,1.3639,1559,52.53
236.2880277952067,452.3766,688.1312,570.2539,0.05,0.6813,1.3633,1560,52.553333333333335,235.84845350739963,452.8372,688.1312,570.4842,0.0083,1.1075,1.3633,1560,52.553333333333335,237.87490891754834,451.5342,688.8562,570.1952,0.0083,0.5405,1.3159,1560,52.553333333333335,237.88533541209375,451.5112,688.8562,570.1837,0.0,0.6508,1.3159,1560,52.553333333333335,236.21984071491667,452.4509,688.1312,570.2911,0.0417,0.824,1.3633,1560,52.553333333333335
236.21848553357782,452.454,688.1247,570.2893,0.0417,0.8196,1.3358,1561,52.58833333333334,235.84738413947767,452.84,688.1247,570.4823,0.0083,1.128,1.3358,1561,52.58833333333334,237.8757517447904,451.5343,688.8533,570.1938,0.0083,0.5405,1.3141,1561,52.58833333333334,237.8861792960347,451.5112,688.8533,570.1822,0.0,0.6508,1.3141,1561,52.58833333333334,236.21848553357782,452.454,688.1247,570.2893,0.0417,0.8196,1.3358,1561,52.58833333333334
236.29358506436972,452.3749,688.127,570.251,0.05,0.7229,1.3376,1562,52.620000000000005,235.85386789771857,452.8357,688.127,570.4813,0.0083,1.1283,1.3376,1562,52.620000000000005,237.87582401227303,451.5339,688.8516,570.1927,0.0083,0.5403,1.3776,1562,52.620000000000005,237.88624125348815,451.5108,688.8516,570.1812,0.0,0.6508,1.3776,1562,52.620000000000005,236.31753152061944,452.3567,688.127,570.2418,0.0417,0.7671,1.3376,1562,52.620000000000005
236.29234388231478,452.3744,688.1264,570.2504,0.05,0.6837,1.3296,1563,52.653333333333336,235.8525568185801,452.8352,688.1264,570.4808,0.0083,1.1273,1.3296,1563,52.653333333333336,237.87582401227303,451.5339,688.8516,570.1927,0.0083,0.5403,1.3776,1563,52.653333333333336,237.88624125348815,451.5108,688.8516,570.1812,0.0,0.6508,1.3776,1563,52.653333333333336,236.29234388231475,452.3744,688.1264,570.2504,0.05,0.6837,1.3296,1563,52.653333333333336
236.12971037291373,452.476,688.0694,570.2727,0.0333,1.0347,1.3268,1564,52.68833333333334,235.60814911169876,452.9831,688.0694,570.5262,0.0083,1.0637,1.3268,1564,52.68833333333334,237.8298476350362,451.469,688.7417,570.1054,0.0333,0.3727,1.3624,1564,52.68833333333334,237.94864851372375,451.4425,688.9206,570.1815,0.0,0.4626,1.3485,1564,52.68833333333334,236.1530678922783,452.4579,688.0694,570.2636,0.025,1.0026,1.3268,1564,52.68833333333334
236.12615835828265,452.4808,688.0799,570.2804,0.0333,1.0395,1.2898,1565,52.720000000000006,235.6054340660787,452.9871,688.0799,570.5335,0.0083,1.0741,1.2898,1565,52.720000000000006,237.83298248990695,451.4665,688.7481,570.1073,0.0333,0.3934,1.2774,1565,52.720000000000006,237.95175101760415,451.4399,688.9268,570.1833,0.0,0.4477,1.3112,1565,52.720000000000006,236.1497565945272,452.4625,688.0799,570.2712,0.025,1.0048,1.2898,1565,52.720000000000006
236.1675919108259,452.4454,688.083,570.2642,0.0333,0.9406,1.2795,1566,52.755,235.64327274239412,452.9552,688.083,570.5191,0.0083,0.9754,1.2795,1566,52.755,237.83923226054378,451.4661,688.7599,570.113,0.0333,0.3858,1.3228,1566,52.755,237.95538261327425,451.4406,688.936,570.1883,0.0,0.4715,1.2888,1566,52.755,236.18974006119979,452.4283,688.083,570.2557,0.025,0.9574,1.2795,1566,52.755
236.16319577861677,452.4461,688.0723,570.2592,0.0333,1.0427,1.273,1567,52.78666666666667,235.6401965704289,452.9545,688.0723,570.5134,0.0083,0.9921,1.273,1567,52.78666666666667,237.82734661073644,451.47,688.7536,570.1118,0.0417,0.4477,1.4402,1567,52.78666666666667,237.95482028540212,451.4391,688.9322,570.1856,0.0,0.4132,1.351,1567,52.78666666666667,236.18461429921837,452.4295,688.0723,570.2509,0.025,1.0418,1.273,1567,52.78666666666667
236.17397031062987,452.4418,688.0801,570.2609,0.0333,1.0352,1.2826,1568,52.82,235.65052672593225,452.9507,688.0801,570.5154,0.0083,0.9686,1.2826,1568,52.82,237.84873423128224,451.4523,688.7529,570.1026,0.05,0.4286,1.4417,1568,52.82,237.95609353617075,451.4377,688.9315,570.1846,0.0,0.4079,1.3473,1568,52.82,236.19525406222417,452.4254,688.0801,570.2527,0.025,1.0255,1.2826,1568,52.82
236.17016087315758,452.4422,688.0709,570.2565,0.0333,1.0302,1.2909,1569,52.85666666666667,235.6467386385613,452.951,688.0709,570.5109,0.0083,0.9886,1.2909,1569,52.85666666666667,237.8361680212566,451.4665,688.7518,570.1091,0.0333,0.3871,1.3237,1569,52.85666666666667,237.95425893012464,451.4406,688.9304,570.1855,0.0,0.4276,1.352,1569,52.85666666666667,236.19141462581848,452.4257,688.0709,570.2483,0.025,1.014,1.2909,1569,52.85666666666667
236.1161087511574,452.4843,688.0721,570.2782,0.0333,1.0551,1.296,1570,52.88666666666667,235.5949227279331,452.991,688.0721,570.5316,0.0083,1.0685,1.296,1570,52.88666666666667,237.82565175700734,451.4624,688.7501,570.1062,0.0167,0.454,1.32,1570,52.88666666666667,237.95393738188972,451.4387,688.9287,570.1837,0.0,0.5081,1.3489,1570,52.88666666666667,236.13965605903908,452.4661,688.0721,570.2691,0.025,1.0192,1.296,1570,52.88666666666667
236.11297484617944,452.4835,688.0673,570.2754,0.0333,1.0581,1.2783,1571,52.92,235.59190813953515,452.9901,688.0673,570.5287,0.0083,1.148,1.2783,1571,52.92,237.84671266969508,451.4457,688.7502,570.0979,0.025,0.4204,1.3227,1571,52.92,237.9515662244499,451.4414,688.9288,570.1851,0.0,0.4619,1.3503,1571,52.92,236.1363339423841,452.4654,688.0673,570.2663,0.025,1.0245,1.2783,1571,52.92
236.11697542799206,452.4819,688.0747,570.2783,0.0333,1.0364,1.2719,1572,52.96,235.595701805931,452.9887,688.0747,570.5317,0.0083,1.1152,1.2719,1572,52.96,237.85322865530574,451.444,688.7586,570.1013,0.025,0.4206,1.4351,1572,52.96,237.95789146495605,451.4398,688.937,570.1884,0.0,0.4685,1.3613,1572,52.96,236.1403505415496,452.4639,688.0747,570.2693,0.025,1.0215,1.2719,1572,52.96
236.1147954325081,452.4835,688.074,570.2787,0.0333,1.0366,1.2721,1573,52.98666666666667,235.59366470997585,452.9901,688.074,570.5321,0.0083,1.1186,1.2721,1573,52.98666666666667,237.8515110166206,451.4459,688.7586,570.1022,0.025,0.42,1.4351,1573,52.98666666666667,237.9562174381279,451.4417,688.937,570.1893,0.0,0.4673,1.3613,1573,52.98666666666667,236.13817910891413,452.4654,688.074,570.2697,0.025,1.0195,1.2721,1573,52.98666666666667
236.30840596999576,452.4394,688.2186,570.329,0.075,0.9689,1.2933,1574,53.02166666666667,235.9807860660572,452.7309,688.2186,570.4748,0.0167,0.9875,1.2933,1574,53.02166666666667,237.84037105684922,451.4249,688.695,570.06,0.025,0.4941,1.3793,1574,53.02166666666667,237.98337443436472,451.3733,688.8708,570.1221,0.0,0.5307,1.3845,1574,53.02166666666667,236.37059385958707,452.3475,688.2186,570.283,0.025,1.0716,1.2933,1574,53.02166666666667
236.3173192660333,452.4439,688.2295,570.3367,0.0583,1.0555,1.3373,1575,53.06333333333334,235.93817094071628,452.7846,688.2295,570.5071,0.0167,1.1329,1.3373,1575,53.06333333333334,237.8499820980768,451.402,688.6936,570.0478,0.0167,0.5384,1.3932,1575,53.06333333333334,237.9792398510362,451.374,688.8707,570.1224,0.0,0.5621,1.3692,1575,53.06333333333334,236.32573752213514,452.4043,688.2295,570.3169,0.025,1.1113,1.3373,1575,53.06333333333334
236.2501902981172,452.4768,688.2285,570.3526,0.0333,1.0626,1.3474,1576,53.08666666666667,235.91542134272117,452.7966,688.2285,570.5126,0.0167,1.1987,1.3474,1576,53.08666666666667,237.83098234732034,451.4315,688.6936,570.0626,0.025,0.5154,1.3929,1576,53.08666666666667,237.97502298588068,451.3796,688.8708,570.1252,0.0,0.5475,1.3514,1576,53.08666666666667,236.30453371692687,452.4142,688.2285,570.3214,0.025,1.0696,1.3474,1576,53.08666666666667
236.24888138130714,452.4791,688.2298,570.3544,0.0333,1.0371,1.3439,1577,53.120000000000005,235.91422975775757,452.7988,688.2298,570.5143,0.0167,1.2069,1.3439,1577,53.120000000000005,237.83097361057148,451.4307,688.6934,570.062,0.025,0.5244,1.445,1577,53.120000000000005,237.97500278408322,451.3788,688.8705,570.1247,0.0,0.5478,1.3507,1577,53.120000000000005,236.3033141929116,452.4164,688.2298,570.3231,0.025,1.063,1.3439,1577,53.120000000000005
236.25233306411386,452.4723,688.2252,570.3487,0.0333,1.0671,1.3782,1578,53.163333333333334,235.9173317965409,452.7924,688.2252,570.5088,0.0167,1.2266,1.3782,1578,53.163333333333334,237.81655699023054,451.4325,688.6786,570.0556,0.025,0.5253,1.429,1578,53.163333333333334,237.95972505208132,451.3806,688.8544,570.1175,0.0,0.5484,1.3621,1578,53.163333333333334,236.30586846955296,452.4104,688.2252,570.3178,0.025,1.0664,1.3782,1578,53.163333333333334
236.25078223420655,452.4742,688.2242,570.3492,0.0333,1.0577,1.3795,1579,53.18666666666667,235.91589257542955,452.7941,688.2242,570.5092,0.0167,1.2252,1.3795,1579,53.18666666666667,237.8205970617328,451.432,688.6838,570.0579,0.025,0.5249,1.4471,1579,53.18666666666667,237.96466352110738,451.3801,688.861,570.1206,0.0,0.5344,1.3621,1579,53.18666666666667,236.30441257350827,452.4122,688.2242,570.3182,0.025,1.065,1.3795,1579,53.18666666666667
236.25379006904134,452.4736,688.2205,570.3471,0.0333,1.0717,1.3929,1580,53.220000000000006,235.91868967846483,452.7938,688.2205,570.5072,0.0167,1.221,1.3929,1580,53.220000000000006,237.8167825518258,451.4311,688.6852,570.0581,0.025,0.5244,1.4207,1580,53.220000000000006,237.96070089807543,451.3794,688.8623,570.1208,0.0,0.536,1.3676,1580,53.220000000000006,236.30731415012178,452.4118,688.2205,570.3162,0.025,1.0674,1.3929,1580,53.220000000000006
236.26293216163307,452.4694,688.224,570.3467,0.0333,1.0568,1.3853,1581,53.263333333333335,235.92880373378765,452.7892,688.224,570.5066,0.0167,1.2004,1.3853,1581,53.263333333333335,237.81663672605052,451.4318,688.6863,570.059,0.025,0.5246,1.4139,1581,53.263333333333335,237.96059972036468,451.38,688.8634,570.1217,0.0,0.5353,1.3511,1581,53.263333333333335,236.31700106861135,452.4077,688.224,570.3159,0.025,1.0889,1.3853,1581,53.263333333333335
236.2581947675834,452.4751,688.2244,570.3497,0.0333,1.068,1.3907,1582,53.28666666666667,235.92445434690174,452.7946,688.2244,570.5095,0.0167,1.1855,1.3907,1582,53.28666666666667,237.8163393633124,451.4317,688.6862,570.059,0.025,0.5139,1.4191,1582,53.28666666666667,237.96025654281394,451.38,688.8633,570.1216,0.0,0.5306,1.334,1582,53.28666666666667,236.31234530053493,452.4133,688.2244,570.3188,0.025,1.0963,1.3907,1582,53.28666666666667
236.2633634308505,452.4707,688.2238,570.3473,0.0333,1.0553,1.395,1583,53.32,235.92933561857203,452.7905,688.2238,570.5071,0.0167,1.1777,1.395,1583,53.32,237.8163393633124,451.4317,688.6862,570.059,0.025,0.5139,1.4191,1583,53.32,237.96025654281394,451.38,688.8633,570.1216,0.0,0.5306,1.334,1583,53.32,236.31773486781816,452.4089,688.2238,570.3163,0.025,1.0902,1.395,1583,53.32
236.17722242735462,452.4017,688.0576,570.2297,0.0417,0.9271,1.59,1584,53.36666666666667,235.59096891731085,452.9788,688.0576,570.5182,0.0083,1.1414,1.59,1584,53.36666666666667,237.79509336600594,451.4293,688.6588,570.0441,0.025,0.4643,1.3315,1584,53.36666666666667,237.95781577080407,451.395,688.8402,570.1176,0.0,0.5522,1.3622,1584,53.36666666666667,236.18100226037447,452.3886,688.0576,570.2231,0.0417,0.8309,1.59,1584,53.36666666666667
236.18461269990968,452.3955,688.0557,570.2256,0.0417,0.8992,1.5892,1585,53.388333333333335,235.59678335059118,452.9742,688.0557,570.5149,0.0083,1.1487,1.5892,1585,53.388333333333335,237.79568949343678,451.4276,688.6577,570.0427,0.025,0.4643,1.3338,1585,53.388333333333335,237.95837432912128,451.3934,688.839,570.1162,0.0,0.5088,1.3628,1585,53.388333333333335,236.18834590337227,452.3824,688.0557,570.2191,0.0417,0.8066,1.5892,1585,53.388333333333335
236.21498499219192,452.4002,688.0893,570.2447,0.0333,0.9617,1.5387,1586,53.42166666666667,235.82230853105082,452.7823,688.0893,570.4358,0.0083,1.0552,1.5387,1586,53.42166666666667,237.82486708015819,451.4118,688.6528,570.0323,0.0167,0.5709,1.3127,1586,53.42166666666667,237.95135672513982,451.3943,688.833,570.1136,0.0,0.5733,1.323,1586,53.42166666666667,236.15365031698312,452.4592,688.0893,570.2742,0.025,0.9309,1.5387,1586,53.42166666666667
236.36846950138008,452.2541,688.1148,570.1844,0.0417,0.8349,1.5514,1587,53.455000000000005,235.93567395447351,452.7056,688.1148,570.4102,0.0083,1.0803,1.5514,1587,53.455000000000005,237.83627871943793,451.398,688.6595,570.0287,0.025,0.5317,1.4067,1587,53.455000000000005,237.97651556504832,451.3682,688.8407,570.1045,0.0,0.5769,1.3919,1587,53.455000000000005,236.33116743003885,452.2918,688.1148,570.2033,0.0417,0.8594,1.5514,1587,53.455000000000005
236.34824577073,452.2682,688.1108,570.1895,0.0417,0.7253,1.5488,1588,53.48833333333334,235.91549462868903,452.7201,688.1108,570.4154,0.0083,1.0337,1.5488,1588,53.48833333333334,237.83668262684432,451.3984,688.6624,570.0304,0.025,0.535,1.3957,1588,53.48833333333334,237.976896015159,451.3686,688.8436,570.1061,0.0,0.5844,1.3887,1588,53.48833333333334,236.31165625675638,452.3055,688.1108,570.2082,0.0417,0.7626,1.5488,1588,53.48833333333334
236.31129862470385,452.3155,688.1115,570.2135,0.0417,0.8726,1.5523,1589,53.53,235.71893998987179,452.899,688.1115,570.5052,0.0083,1.1354,1.5523,1589,53.53,237.84285583094544,451.3959,688.661,570.0284,0.0167,0.5837,1.3969,1589,53.53,237.97341547454778,451.371,688.8423,570.1066,0.0,0.586,1.3891,1589,53.53,236.31308364044952,452.3048,688.1115,570.2081,0.0417,0.7605,1.5523,1589,53.53
236.25661504725994,452.3575,688.1118,570.2347,0.0417,0.9188,1.5451,1590,53.55666666666667,235.66671511760387,452.9387,688.1118,570.5253,0.0083,1.1387,1.5451,1590,53.55666666666667,237.84207602853445,451.3947,688.658,570.0264,0.0167,0.5857,1.3764,1590,53.55666666666667,237.9727223534032,451.3698,688.8393,570.1046,0.0,0.6008,1.3901,1590,53.55666666666667,236.25947442574406,452.3455,688.1118,570.2287,0.0417,0.7784,1.5451,1590,53.55666666666667
236.30014980512055,452.3077,688.1169,570.2123,0.0417,0.6971,1.5404,1591,53.59,235.8698485425064,452.7576,688.1169,570.4373,0.0083,1.0956,1.5404,1591,53.59,237.84385263571778,451.3952,688.6615,570.0283,0.0167,0.5867,1.3747,1591,53.59,237.97446060049333,451.3703,688.8427,570.1065,0.0,0.5997,1.3888,1591,53.59,236.2624256257982,452.3464,688.1169,570.2316,0.0417,0.7589,1.5404,1591,53.59
236.37468409057294,452.2626,688.1188,570.1907,0.0333,0.8335,1.5452,1592,53.62166666666667,235.91943680862187,452.7222,688.1188,570.4205,0.0083,1.0067,1.5452,1592,53.62166666666667,237.84129863409166,451.3949,688.657,570.026,0.0167,0.5869,1.3774,1592,53.62166666666667,237.97197665657157,451.3699,688.8384,570.1041,0.0,0.5993,1.3906,1592,53.62166666666667,236.31406520814176,452.3095,688.1188,570.2141,0.0417,0.7331,1.5452,1592,53.62166666666667
236.34687133906766,452.2733,688.1191,570.1962,0.0417,0.7525,1.5499,1593,53.653333333333336,235.91392499968248,452.725,688.1191,570.422,0.0083,1.0307,1.5499,1593,53.653333333333336,237.8424289019852,451.3946,688.658,570.0263,0.0167,0.5852,1.377,1593,53.653333333333336,237.97306995808214,451.3697,688.8394,570.1045,0.0,0.5848,1.3902,1593,53.653333333333336,236.30833506376675,452.3124,688.1191,570.2157,0.0417,0.7341,1.5499,1593,53.653333333333336
236.32910039498685,452.2668,688.0409,570.1538,0.0417,0.8563,1.4362,1594,53.690000000000005,235.8888938317958,452.6938,688.0409,570.3673,0.0083,0.9428,1.4362,1594,53.690000000000005,237.78833803632114,451.3725,688.5965,569.9845,0.0167,0.5431,1.3599,1594,53.690000000000005,237.9176779160434,451.3483,688.7764,570.0624,0.0,0.5894,1.3581,1594,53.690000000000005,236.34811892726142,452.2514,688.0409,570.1461,0.0333,0.8554,1.4362,1594,53.690000000000005
236.3364077832764,452.2611,688.0448,570.153,0.0417,0.8501,1.4271,1595,53.720000000000006,235.89565529666874,452.6886,688.0448,570.3667,0.0083,0.9532,1.4271,1595,53.720000000000006,237.79192419970016,451.3716,688.5996,569.9856,0.0167,0.5877,1.3624,1595,53.720000000000006,237.92123583325215,451.3473,688.7793,570.0633,0.0,0.6063,1.3536,1595,53.720000000000006,236.35494259127364,452.2461,688.0448,570.1454,0.0333,0.8444,1.4271,1595,53.720000000000006
236.34873347279583,452.2293,688.0406,570.1349,0.0333,0.8128,1.4838,1596,53.75333333333334,235.94630068585684,452.6307,688.0406,570.3356,0.0083,0.9334,1.4838,1596,53.75333333333334,237.79425683826946,451.3797,688.6119,569.9958,0.0167,0.5365,1.3697,1596,53.75333333333334,237.92205163125166,451.3559,688.7897,570.0728,0.0,0.5857,1.3572,1596,53.75333333333334,236.3696277460514,452.2132,688.0406,570.1269,0.025,0.8408,1.4838,1596,53.75333333333334
236.35033856732062,452.2278,688.0379,570.1329,0.0333,0.8137,1.4842,1597,53.788333333333334,235.94729777560576,452.6298,688.0379,570.3338,0.0083,0.9304,1.4842,1597,53.788333333333334,237.7943798660619,451.3803,688.6124,569.9963,0.0167,0.5372,1.3735,1597,53.788333333333334,237.92220199528728,451.3565,688.7901,570.0733,0.0,0.5849,1.3591,1597,53.788333333333334,236.37120586159332,452.2117,688.0379,570.1248,0.025,0.8494,1.4842,1597,53.788333333333334
236.35081009370808,452.2259,688.0363,570.1311,0.0333,0.8121,1.4768,1598,53.82,235.94749158135082,452.6282,688.0363,570.3322,0.0083,0.9321,1.4768,1598,53.82,237.79486011069147,451.3781,688.6118,569.9949,0.0167,0.5462,1.3786,1598,53.82,237.9227373768375,451.3542,688.7896,570.0719,0.0,0.5884,1.3403,1598,53.82,236.3717364236772,452.2098,688.0363,570.1231,0.025,0.8365,1.4768,1598,53.82
236.35260410890606,452.2277,688.0409,570.1343,0.0333,0.7997,1.4341,1599,53.85333333333334,235.94834615025923,452.6307,688.0409,570.3358,0.0083,0.911,1.4341,1599,53.85333333333334,237.79845703008587,451.3727,688.6094,569.9911,0.0167,0.5432,1.3785,1599,53.85333333333334,237.9266448602904,451.3486,688.7877,570.0682,0.0,0.5856,1.3677,1599,53.85333333333334,236.37350749326737,452.2116,688.0409,570.1262,0.025,0.8336,1.4341,1599,53.85333333333334
236.35083805193003,452.2281,688.0384,570.1332,0.0333,0.7761,1.4771,1600,53.88666666666667,235.94655352386434,452.6312,688.0384,570.3348,0.0083,0.9173,1.4771,1600,53.88666666666667,237.7965894331914,451.3731,688.6046,569.9889,0.0167,0.5456,1.3792,1600,53.88666666666667,237.9244348381129,451.3495,688.7826,570.0661,0.0,0.5848,1.3678,1600,53.88666666666667,236.3718102318661,452.212,688.0384,570.1252,0.025,0.8372,1.4771,1600,53.88666666666667
236.34350737145297,452.234,688.0401,570.1371,0.0333,0.7831,1.4745,1601,53.92166666666667,235.9397144809223,452.6366,688.0401,570.3384,0.0083,0.9228,1.4745,1601,53.92166666666667,237.79329194141215,451.3761,688.6052,569.9907,0.0167,0.5363,1.3756,1601,53.92166666666667,237.92119537387634,451.3524,688.7832,570.0678,0.0,0.5813,1.3616,1601,53.92166666666667,236.36456268108637,452.2177,688.0401,570.1289,0.025,0.8445,1.4745,1601,53.92166666666667
236.34648756316608,452.2311,688.0362,570.1336,0.0333,0.8065,1.4735,1602,53.95333333333334,235.94389362770556,452.6326,688.0362,570.3344,0.0083,0.918,1.4735,1602,53.95333333333334,237.79182470794828,451.3784,688.6054,569.9919,0.0167,0.5372,1.378,1602,53.95333333333334,237.91965637800973,451.3548,688.7834,570.0691,0.0,0.5821,1.3667,1602,53.95333333333334,236.3675223490054,452.2149,688.0362,570.1255,0.025,0.8373,1.4735,1602,53.95333333333334
236.34788112244428,452.2307,688.0411,570.1359,0.0333,0.8266,1.4947,1603,53.98833333333334,235.9449296560499,452.6325,688.0411,570.3368,0.0083,0.9157,1.4947,1603,53.98833333333334,237.7914150263677,451.3788,688.6056,569.9922,0.0167,0.5369,1.3653,1603,53.98833333333334,237.91939464559545,451.3548,688.7835,570.0691,0.0,0.5822,1.3507,1603,53.98833333333334,236.36886090042552,452.2145,688.0411,570.1278,0.025,0.8475,1.4947,1603,53.98833333333334
236.25939295362684,452.2973,688.0165,570.1569,0.0417,0.8935,1.4151,1604,54.02166666666667,235.80375003837125,452.7432,688.0165,570.3798,0.0083,1.0172,1.4151,1604,54.02166666666667,237.80898176425495,451.4146,688.6652,570.0399,0.025,0.5026,1.2593,1604,54.02166666666667,237.87407576228165,451.4589,688.8498,570.1543,0.0,0.527,1.3378,1604,54.02166666666667,236.22144953369545,452.3445,688.0165,570.1805,0.025,0.872,1.4151,1604,54.02166666666667
236.24554893454217,452.2982,687.9947,570.1465,0.0417,0.8228,1.3665,1605,54.053333333333335,235.78992061842084,452.744,687.9947,570.3694,0.0083,0.9953,1.3665,1605,54.053333333333335,237.8131085950293,451.4146,688.6716,570.0431,0.025,0.5026,1.2506,1605,54.053333333333335,237.87810881116414,451.4589,688.8561,570.1575,0.0,0.527,1.3167,1605,54.053333333333335,236.18189088187432,452.3525,687.9947,570.1736,0.0417,0.7863,1.3665,1605,54.053333333333335
236.19951124142298,452.3574,688.0094,570.1834,0.0417,0.8368,1.4246,1606,54.08666666666667,235.7313185157139,452.826,688.0094,570.4177,0.0083,1.035,1.4246,1606,54.08666666666667,237.81724870117395,451.4147,688.6789,570.0468,0.025,0.4997,1.3075,1606,54.08666666666667,237.88215639277936,451.459,688.8632,570.1611,0.0,0.5278,1.3027,1606,54.08666666666667,236.2061311389595,452.3457,688.0094,570.1776,0.0417,0.8403,1.4246,1606,54.08666666666667
236.1679613162445,452.3605,687.9812,570.1708,0.0417,0.8305,1.3713,1607,54.120000000000005,235.78414880789705,452.7541,687.9812,570.3677,0.0083,0.9806,1.3713,1607,54.120000000000005,237.8075580663349,451.4195,688.6709,570.0452,0.025,0.5056,1.3947,1607,54.120000000000005,237.87173252034697,451.4636,688.8539,570.1588,0.0,0.5368,1.2996,1607,54.120000000000005,236.19100049366637,452.343,687.9812,570.1621,0.0333,0.8779,1.3713,1607,54.120000000000005
236.30144262504803,452.2374,688.006,570.1217,0.05,0.6709,1.418,1608,54.153333333333336,235.79392383402663,452.7419,688.006,570.374,0.0083,0.9888,1.418,1608,54.153333333333336,237.81010580859365,451.4174,688.6677,570.0425,0.025,0.5041,1.3768,1608,54.153333333333336,237.875089916899,451.4617,688.8523,570.157,0.0,0.519,1.3013,1608,54.153333333333336,236.2607115261652,452.2787,688.006,570.1424,0.0417,0.6908,1.418,1608,54.153333333333336
236.29417136635146,452.2386,687.9989,570.1187,0.05,0.6617,1.4361,1609,54.18833333333334,235.78691641045387,452.7429,687.9989,570.3709,0.0083,1.0031,1.4361,1609,54.18833333333334,237.80773993548465,451.4161,688.6625,570.0393,0.025,0.5083,1.3759,1609,54.18833333333334,237.87275713465107,451.4606,688.8473,570.1539,0.0,0.5222,1.2996,1609,54.18833333333334,236.2534844666379,452.2799,687.9989,570.1394,0.0417,0.6529,1.4361,1609,54.18833333333334
236.29806348505755,452.2408,688.0054,570.1231,0.05,0.6997,1.433,1610,54.220000000000006,235.7919200532458,452.744,688.0054,570.3747,0.0083,0.9809,1.433,1610,54.220000000000006,237.80956861126668,451.4154,688.6635,570.0394,0.025,0.5059,1.3772,1610,54.220000000000006,237.87456364694665,451.4598,688.8482,570.154,0.0,0.522,1.3078,1610,54.220000000000006,236.2573065395431,452.2822,688.0054,570.1438,0.0417,0.7088,1.433,1610,54.220000000000006
236.3374672607647,452.2415,688.0687,570.1551,0.05,0.6985,1.4315,1611,54.255,235.83167189444194,452.7443,688.0687,570.4065,0.0083,0.9956,1.4315,1611,54.255,237.81400842559276,451.4127,688.6632,570.0379,0.025,0.507,1.35,1611,54.255,237.8791806570806,451.457,688.848,570.1525,0.0,0.5396,1.2974,1611,54.255,236.2367775109779,452.348,688.0687,570.2084,0.0333,0.7501,1.4315,1611,54.255
236.2423329613094,452.2937,687.9893,570.1415,0.0417,0.7293,1.3584,1612,54.290000000000006,235.78296372087658,452.7433,687.9893,570.3663,0.0083,0.9947,1.3584,1612,54.290000000000006,237.8119786952565,451.4146,688.663,570.0388,0.025,0.5052,1.3452,1612,54.290000000000006,237.87721097170407,451.4588,688.8478,570.1533,0.0,0.5374,1.2741,1612,54.290000000000006,236.15612114283292,452.3699,687.9893,570.1796,0.0417,0.6905,1.3584,1612,54.290000000000006
236.2925383428087,452.2384,687.991,570.1147,0.05,0.6831,1.3598,1613,54.32166666666667,235.7859758264983,452.742,687.991,570.3665,0.0083,0.9578,1.3598,1613,54.32166666666667,237.81159110519727,451.4145,688.6625,570.0385,0.025,0.5054,1.3448,1613,54.32166666666667,237.87682763042886,451.4588,688.8473,570.153,0.0,0.5363,1.2741,1613,54.32166666666667,236.29784374696314,452.2568,687.991,570.1239,0.0417,0.7597,1.3598,1613,54.32166666666667
236.50058727671853,452.1508,688.1157,570.1332,0.025,0.7662,1.532,1614,54.355000000000004,236.39809831314372,452.2413,688.1157,570.1785,0.0083,0.7886,1.532,1614,54.355000000000004,237.8030840158105,451.4487,688.6676,570.0581,0.0167,0.4914,1.4893,1614,54.355000000000004,237.93875524279414,451.4251,688.8575,570.1413,0.0,0.5525,1.3707,1614,54.355000000000004,236.53822603004423,452.1253,688.1157,570.1205,0.025,0.7372,1.532,1614,54.355000000000004
236.4140648481426,452.2172,688.092,570.1546,0.0417,0.735,1.5364,1615,54.39333333333334,236.17270193264255,452.4527,688.092,570.2723,0.0083,0.8264,1.5364,1615,54.39333333333334,237.79772324155005,451.4493,688.6594,570.0543,0.0167,0.4915,1.4836,1615,54.39333333333334,237.93352737938727,451.4258,688.8495,570.1376,0.0,0.5561,1.3716,1615,54.39333333333334,236.45694325882792,452.1953,688.092,570.1437,0.025,0.8289,1.5364,1615,54.39333333333334
236.2471408221561,452.357,688.0924,570.2247,0.025,0.9346,1.4732,1616,54.42,235.97751736733863,452.6429,688.0924,570.3676,0.0083,1.025,1.4732,1616,54.42,237.74250432201913,451.473,688.6091,570.0411,0.0167,0.4872,1.3575,1616,54.42,237.8789636422313,451.4489,688.7999,570.1244,0.0,0.4788,1.4479,1616,54.42,236.24433359091705,452.3633,688.0924,570.2278,0.025,0.9404,1.4732,1616,54.42
236.2315216678333,452.3666,688.0829,570.2248,0.025,0.9445,1.4731,1617,54.45333333333334,235.96238629897414,452.652,688.0829,570.3674,0.0083,1.0218,1.4731,1617,54.45333333333334,237.7446319796124,451.4719,688.6115,570.0417,0.0167,0.4859,1.3707,1617,54.45333333333334,237.88095569634123,451.4479,688.8021,570.125,0.0,0.478,1.4441,1617,54.45333333333334,236.22867512008492,452.3731,688.0829,570.228,0.025,0.936,1.4731,1617,54.45333333333334
236.3315243665589,452.3019,688.0823,570.1921,0.0333,0.8466,1.4731,1618,54.49666666666667,236.01384571335475,452.6172,688.0823,570.3498,0.0083,1.0508,1.4731,1618,54.49666666666667,237.74554112270567,451.4714,688.6116,570.0415,0.0167,0.4901,1.3708,1618,54.49666666666667,237.88185816829656,451.4474,688.8021,570.1247,0.0,0.4978,1.4441,1618,54.49666666666667,236.38251653820595,452.2596,688.0823,570.1709,0.0417,0.7868,1.4731,1618,54.49666666666667
236.33689862544452,452.2995,688.0914,570.1955,0.0333,0.8434,1.4733,1619,54.53,236.01924865827746,452.6148,688.0914,570.3531,0.0083,1.0603,1.4733,1619,54.53,237.74558527213964,451.4715,688.6118,570.0417,0.0167,0.4898,1.3718,1619,54.53,237.88189058372322,451.4475,688.8023,570.1249,0.0,0.4977,1.4448,1619,54.53,236.32195564570623,452.3158,688.0914,570.2036,0.0333,0.8308,1.4733,1619,54.53
236.23185359011936,452.3668,688.0851,570.226,0.025,0.9372,1.4731,1620,54.89333333333334,235.96258132354004,452.6523,688.0851,570.3687,0.0083,1.0033,1.4731,1620,54.89333333333334,237.7468810704844,451.4712,688.6125,570.0418,0.0167,0.4908,1.3725,1620,54.89333333333334,237.883181430324,451.4471,688.803,570.125,0.0,0.4839,1.4453,1620,54.89333333333334,236.2428303876151,452.3584,688.0851,570.2218,0.0167,0.9272,1.4731,1620,54.89333333333334
236.23507385818388,452.3671,688.09,570.2285,0.025,0.9366,1.4608,1621,54.89833333333333,235.96580670492165,452.6525,688.09,570.3713,0.0083,1.0012,1.4608,1621,54.89833333333333,237.7457555668848,451.4722,688.6125,570.0423,0.0167,0.4914,1.3725,1621,54.89833333333333,237.88204456596108,451.4481,688.803,570.1256,0.0,0.4838,1.4453,1621,54.89833333333333,236.24606397630816,452.3586,688.09,570.2243,0.0167,0.9281,1.4608,1621,54.89833333333333
236.21827461667507,452.3173,688.0293,570.1733,0.0417,0.9244,1.4357,1622,54.913333333333334,235.91345688099895,452.6355,688.0293,570.3324,0.0083,0.8941,1.4357,1622,54.913333333333334,237.75557710405963,451.423,688.6444,570.0337,0.025,0.4984,1.4012,1622,54.913333333333334,237.91788693524,451.3881,688.8262,570.1072,0.0,0.4872,1.3197,1622,54.913333333333334,236.18024007140008,452.4154,688.0293,570.2224,0.0333,0.8141,1.4357,1622,54.913333333333334
236.22708112520547,452.3127,688.0423,570.1775,0.0417,0.936,1.387,1623,54.93000000000001,235.92175970997724,452.6314,688.0423,570.3369,0.0083,0.8739,1.387,1623,54.93000000000001,237.8435960185755,451.3597,688.6377,569.9987,0.0333,0.4887,1.4077,1623,54.93000000000001,237.91884287952865,451.3874,688.8197,570.1036,0.0,0.4866,1.3543,1623,54.93000000000001,236.18900883012975,452.4112,688.0423,570.2268,0.0333,0.7921,1.387,1623,54.93000000000001
236.09838733884246,452.4304,688.0385,570.2344,0.0333,0.9318,1.4277,1624,54.95333333333334,235.84036197325412,452.695,688.0385,570.3668,0.0083,0.8726,1.4277,1624,54.95333333333334,237.83374184261652,451.3626,688.6236,569.9931,0.0333,0.4956,1.439,1624,54.95333333333334,237.9101221254656,451.3902,688.8071,570.0987,0.0,0.492,1.3314,1624,54.95333333333334,236.06342380992405,452.5115,688.0385,570.275,0.025,0.8089,1.4277,1624,54.95333333333334
236.15746969640912,452.3835,688.0381,570.2108,0.0417,0.9112,1.3942,1625,54.98833333333334,235.84565609248114,452.6924,688.0381,570.3653,0.0083,0.8897,1.3942,1625,54.98833333333334,237.83237736313916,451.3636,688.6233,569.9935,0.0333,0.508,1.4395,1625,54.98833333333334,237.90880897638883,451.3912,688.8069,570.099,0.0,0.4921,1.3318,1625,54.98833333333334,236.0687571382203,452.5088,688.0381,570.2735,0.025,0.7967,1.3942,1625,54.98833333333334
236.32475601791535,452.2769,688.1109,570.1939,0.0333,0.7675,1.3981,1626,55.025000000000006,235.93000597214197,452.6602,688.1109,570.3856,0.0083,1.0197,1.3981,1626,55.025000000000006,237.79676719070557,451.437,688.6765,570.0568,0.0167,0.5599,1.4483,1626,55.025000000000006,237.92412773243865,451.4119,688.8528,570.1324,0.0,0.5786,1.33,1626,55.025000000000006,236.28685342569463,452.3239,688.1109,570.2174,0.0167,0.8962,1.3981,1626,55.025000000000006
236.2893400328176,452.3318,688.1265,570.2291,0.0167,0.8996,1.3906,1627,55.053333333333335,235.95559788199216,452.6504,688.1265,570.3884,0.0,1.0361,1.3906,1627,55.053333333333335,237.79931398998178,451.4361,688.6803,570.0582,0.0167,0.5554,1.4239,1627,55.053333333333335,237.92659555496925,451.411,688.8564,570.1337,0.0,0.5828,1.3247,1627,55.053333333333335,236.2893400328176,452.3318,688.1265,570.2291,0.0167,0.8996,1.3906,1627,55.053333333333335
236.17287705425463,452.4281,688.1209,570.2745,0.0333,0.8148,1.4223,1628,55.08666666666667,235.89238376736643,452.7136,688.1209,570.4172,0.0,1.1261,1.4223,1628,55.08666666666667,237.7947444459067,451.4388,688.6811,570.0599,0.0167,0.5541,1.3966,1628,55.08666666666667,237.92190775978386,451.4131,688.8567,570.1349,0.0,0.5907,1.3164,1628,55.08666666666667,236.17287705425463,452.4281,688.1209,570.2745,0.0333,0.8148,1.4223,1628,55.08666666666667
236.28921100955526,452.327,688.1221,570.2246,0.0167,0.8996,1.3862,1629,55.12166666666667,235.95515492882828,452.646,688.1221,570.384,0.0,1.0629,1.3862,1629,55.12166666666667,237.80039241188004,451.4346,688.6819,570.0583,0.0167,0.5543,1.4413,1629,55.12166666666667,237.92771305782077,451.4094,688.858,570.1337,0.0,0.5835,1.3202,1629,55.12166666666667,236.35547358498619,452.2846,688.1221,570.2034,0.0333,0.9116,1.3862,1629,55.12166666666667
236.2901689192381,452.3255,688.1239,570.2247,0.0167,0.9027,1.3878,1630,55.153333333333336,235.95611075315654,452.6445,688.1239,570.3842,0.0,1.036,1.3878,1630,55.153333333333336,237.79808918978864,451.4362,688.6805,570.0584,0.0167,0.5584,1.4506,1630,55.153333333333336,237.92541628796067,451.411,688.8567,570.1338,0.0,0.584,1.3222,1630,55.153333333333336,236.35593868127646,452.2834,688.1239,570.2037,0.0333,0.8849,1.3878,1630,55.153333333333336
236.29137248220206,452.3282,688.126,570.2271,0.0167,0.9104,1.3943,1631,55.18833333333334,235.95729304590395,452.6471,688.126,570.3866,0.0,1.0986,1.3943,1631,55.18833333333334,237.79688910147095,451.4353,688.6776,570.0564,0.0167,0.5087,1.4766,1631,55.18833333333334,237.9242370704919,451.4102,688.8538,570.132,0.0,0.5798,1.3216,1631,55.18833333333334,236.29137248220206,452.3282,688.126,570.2271,0.0167,0.9104,1.3943,1631,55.18833333333334
236.33401847744614,452.2756,688.1267,570.2011,0.0333,0.802,1.3944,1632,55.220000000000006,235.93910875985,452.6591,688.1267,570.3929,0.0083,1.1231,1.3944,1632,55.220000000000006,237.79906792010837,451.4369,688.685,570.0609,0.0167,0.5099,1.4428,1632,55.220000000000006,237.92624199062084,451.4118,688.861,570.1364,0.0,0.5813,1.2989,1632,55.220000000000006,236.39885956624835,452.252,688.1267,570.1893,0.0417,0.8603,1.3944,1632,55.220000000000006
236.31100614187383,452.2928,688.1205,570.2067,0.0333,0.8806,1.3848,1633,55.25333333333334,235.91776337461548,452.6747,688.1205,570.3976,0.0083,1.1343,1.3848,1633,55.25333333333334,237.80101044284973,451.4349,688.6849,570.0599,0.0167,0.5108,1.4431,1633,55.25333333333334,237.92820850126031,451.4098,688.8609,570.1353,0.0,0.5789,1.2989,1633,55.25333333333334,236.30639197802503,452.3191,688.1205,570.2198,0.025,0.9925,1.3848,1633,55.25333333333334
236.30524883300578,452.2973,688.1159,570.2066,0.0333,0.8814,1.3818,1634,55.28666666666667,235.9122334847273,452.679,688.1159,570.3974,0.0083,1.1427,1.3818,1634,55.28666666666667,237.80441571025193,451.4335,688.6856,570.0595,0.0167,0.4999,1.4413,1634,55.28666666666667,237.93162435763773,451.4083,688.8616,570.135,0.0,0.5667,1.2993,1634,55.28666666666667,236.3003288073864,452.3238,688.1159,570.2199,0.025,0.955,1.3818,1634,55.28666666666667
236.301479587156,452.3009,688.1161,570.2085,0.0333,0.9147,1.3811,1635,55.32,235.90880833381377,452.6822,688.1161,570.3991,0.0083,1.157,1.3811,1635,55.32,237.80548967239187,451.4324,688.6856,570.059,0.0167,0.4985,1.4413,1635,55.32,237.93270147038612,451.4073,688.8616,570.1345,0.0,0.5655,1.2993,1635,55.32,236.29700777134934,452.327,688.1161,570.2216,0.025,0.9731,1.3811,1635,55.32
236.44684948576727,452.1513,688.0121,570.0817,0.0333,0.8007,1.3602,1636,55.35666666666667,236.14808178362466,452.4381,688.0121,570.2251,0.0083,0.8942,1.3602,1636,55.35666666666667,237.79286751923166,451.4437,688.6498,570.0468,0.0167,0.5397,1.3371,1636,55.35666666666667,237.92535720425428,451.4142,688.8309,570.1226,0.0,0.5462,1.287,1636,55.35666666666667,236.39843889772257,452.1973,688.0121,570.1047,0.0333,0.8423,1.3602,1636,55.35666666666667
236.40190679622825,452.1914,688.014,570.1027,0.0333,0.8056,1.3675,1637,55.388333333333335,236.3573315843424,452.2323,688.014,570.1232,0.0083,0.8137,1.3675,1637,55.388333333333335,237.78868586337038,451.4421,688.6395,570.0408,0.0167,0.5375,1.3376,1637,55.388333333333335,237.9216400984142,451.412,688.8209,570.1164,0.0,0.5507,1.2748,1637,55.388333333333335,236.41219834150206,452.183,688.014,570.0985,0.025,0.8136,1.3675,1637,55.388333333333335
236.41316165275995,452.1841,688.0226,570.1034,0.0333,0.8261,1.38,1638,55.42,236.3679236497339,452.2257,688.0226,570.1241,0.0083,0.8829,1.38,1638,55.42,237.7945967788063,451.4376,688.6425,570.04,0.0167,0.4868,1.3533,1638,55.42,237.92760427538613,451.4073,688.8238,570.1155,0.0,0.5333,1.2763,1638,55.42,236.42359329235498,452.1757,688.0226,570.0992,0.025,0.8044,1.38,1638,55.42
236.4538801351447,452.1457,688.0165,570.0811,0.025,0.7946,1.3681,1639,55.45333333333334,236.3520863295753,452.2391,688.0165,570.1278,0.0083,0.8491,1.3681,1639,55.45333333333334,237.79542290987249,451.4378,688.6431,570.0405,0.0167,0.4863,1.3535,1639,55.45333333333334,237.92827998954863,451.4079,688.8244,570.1161,0.0,0.5412,1.2765,1639,55.45333333333334,236.46321323839783,452.1385,688.0165,570.0775,0.0167,0.7743,1.3681,1639,55.45333333333334
236.46366346575252,452.1424,688.0247,570.0836,0.025,0.8468,1.3777,1640,55.48666666666667,236.3622002071698,452.2355,688.0247,570.1301,0.0083,0.859,1.3777,1640,55.48666666666667,237.80226120658614,451.4361,688.6355,570.0358,0.0167,0.4815,1.341,1640,55.48666666666667,237.9352681351493,451.4063,688.8171,570.1117,0.0,0.5413,1.2573,1640,55.48666666666667,236.41722303099698,452.1864,688.0247,570.1056,0.025,0.7928,1.3777,1640,55.48666666666667
236.40984965942147,452.1979,688.0253,570.1116,0.0333,0.7889,1.3762,1641,55.53,236.36493808822826,452.2388,688.0253,570.132,0.0083,0.846,1.3762,1641,55.53,237.8018226353119,451.4373,688.6366,570.037,0.0167,0.4821,1.3404,1641,55.53,237.93480070495434,451.4075,688.8182,570.1129,0.0,0.5409,1.2562,1641,55.53,236.4202918995025,452.1895,688.0253,570.1074,0.025,0.8045,1.3762,1641,55.53
236.46411904499914,452.1434,688.0272,570.0853,0.025,0.8386,1.3779,1642,55.553333333333335,236.36265613247485,452.2365,688.0272,570.1319,0.0083,0.8183,1.3779,1642,55.553333333333335,237.80215409610977,451.4369,688.6373,570.0371,0.0167,0.4826,1.3208,1642,55.553333333333335,237.93511914577476,451.4071,688.8189,570.113,0.0,0.5407,1.2551,1642,55.553333333333335,236.47321023674212,452.1361,688.0272,570.0817,0.0167,0.8112,1.3779,1642,55.553333333333335
236.40457927968706,452.1991,688.0262,570.1127,0.0333,0.7855,1.3782,1643,55.58666666666667,236.35901869517468,452.2406,688.0262,570.1334,0.0083,0.8471,1.3782,1643,55.58666666666667,237.79990564213725,451.4373,688.6341,570.0357,0.0167,0.4822,1.3232,1643,55.58666666666667,237.93293325146746,451.4075,688.8158,570.1116,0.0,0.5409,1.2583,1643,55.58666666666667,236.46944931713793,452.1404,688.0262,570.0833,0.0167,0.7971,1.3782,1643,55.58666666666667
236.46532885522763,452.1416,688.0255,570.0836,0.025,0.8401,1.3777,1644,55.62166666666667,236.3638243675805,452.2348,688.0255,570.1301,0.0083,0.841,1.3777,1644,55.62166666666667,237.79872482012075,451.4369,688.6396,570.0383,0.0167,0.4827,1.3209,1644,55.62166666666667,237.93172900449522,451.4069,688.821,570.114,0.0,0.5405,1.2854,1644,55.62166666666667,236.47441464604393,452.1343,688.0255,570.0799,0.0167,0.8073,1.3777,1644,55.62166666666667
236.47079873846337,452.1598,688.083,570.1214,0.025,0.7394,1.284,1645,55.653333333333336,236.2951063770844,452.3388,688.083,570.2109,0.0,0.8006,1.284,1645,55.653333333333336,237.81829871781494,451.428,688.6623,570.0452,0.0167,0.4519,1.2891,1645,55.653333333333336,237.95510365908098,451.3982,688.8497,570.124,0.0,0.5105,1.2608,1645,55.653333333333336,236.47079873846337,452.1598,688.083,570.1214,0.025,0.7394,1.284,1645,55.653333333333336
236.1212836261229,452.4762,688.0328,570.2545,0.0333,0.8891,1.4316,1646,55.68833333333334,235.89430555275453,452.6811,688.0328,570.357,0.0083,1.1013,1.4316,1646,55.68833333333334,237.6737842586088,451.5821,688.6511,570.1166,0.05,0.3349,1.3624,1646,55.68833333333334,237.79914486688287,451.5222,688.8031,570.1626,0.0,0.4729,1.3126,1646,55.68833333333334,236.08359028724894,452.5227,688.0328,570.2777,0.0167,0.9101,1.4316,1646,55.68833333333334
236.1865906767272,452.4183,688.0356,570.227,0.0333,0.8987,1.4294,1647,55.725,235.94932088606302,452.6338,688.0356,570.3347,0.0083,1.0874,1.4294,1647,55.725,237.68084773579534,451.5617,688.6479,570.1048,0.0333,0.4018,1.3633,1647,55.725,237.81614020046106,451.5052,688.7999,570.1526,0.0,0.5089,1.315,1647,55.725,236.13895876571254,452.441,688.0356,570.2383,0.025,0.9426,1.4294,1647,55.725
236.07177758948396,452.3907,687.8888,570.1398,0.025,0.9682,1.4273,1648,55.755,235.87157695461704,452.584,687.8888,570.2364,0.0083,1.0403,1.4273,1648,55.755,237.73028746640102,451.4558,688.5844,570.0201,0.0333,0.4339,1.3768,1648,55.755,237.8662272799789,451.3989,688.7388,570.0688,0.0,0.55,1.3051,1648,55.755,236.02171495285634,452.4499,687.8888,570.1694,0.0083,1.1105,1.4273,1648,55.755
236.0396186047664,452.4348,687.8996,570.1672,0.025,0.9698,1.4412,1649,55.790000000000006,235.8417862505572,452.6258,687.8996,570.2627,0.0083,1.1854,1.4412,1649,55.790000000000006,237.7327772337574,451.4759,688.6017,570.0388,0.0417,0.4352,1.3742,1649,55.790000000000006,237.84357638683477,451.4391,688.7556,570.0974,0.0,0.572,1.356,1649,55.790000000000006,236.02588596543367,452.4709,687.8996,570.1852,0.0167,0.9133,1.4412,1649,55.790000000000006
236.07432840647226,452.4215,687.9181,570.1698,0.0333,0.962,1.393,1650,55.830000000000005,235.83895845730152,452.6361,687.9181,570.2771,0.0083,1.143,1.393,1650,55.830000000000005,237.7242880772584,451.4789,688.6235,570.0512,0.025,0.4526,1.3563,1650,55.830000000000005,237.84875603491298,451.4425,688.777,570.1097,0.0,0.5708,1.3072,1650,55.830000000000005,236.08759797037413,452.4114,687.9181,570.1647,0.025,0.9551,1.393,1650,55.830000000000005
236.03470532675155,452.444,687.912,570.178,0.025,1.0236,1.3772,1651,55.85666666666667,235.837022724609,452.6348,687.912,570.2734,0.0083,1.1047,1.3772,1651,55.85666666666667,237.7390008090299,451.4453,688.6217,570.0335,0.0167,0.5803,1.358,1651,55.85666666666667,237.84812582698632,451.4419,688.7752,570.1085,0.0,0.5782,1.3087,1651,55.85666666666667,236.02309080065112,452.4784,687.912,570.1952,0.0167,0.9257,1.3772,1651,55.85666666666667
236.06049580745122,452.4281,687.9099,570.169,0.0333,0.9638,1.3761,1652,55.89,235.82458519547964,452.6429,687.9099,570.2764,0.0083,1.1039,1.3761,1652,55.89,237.70945423270283,451.492,688.6216,570.0568,0.025,0.4728,1.3564,1652,55.89,237.83371077533428,451.4559,688.7751,570.1155,0.0,0.5614,1.3082,1652,55.89,236.01082619288172,452.4866,687.9099,570.1982,0.0167,0.9349,1.3761,1652,55.89
236.0382684651614,452.4367,687.9137,570.1752,0.0417,1.0088,1.42,1653,55.93000000000001,235.832320473736,452.6376,687.9137,570.2757,0.0083,1.0607,1.42,1653,55.93000000000001,237.71418962133495,451.4889,688.6219,570.0554,0.025,0.5173,1.3506,1653,55.93000000000001,237.83854174259343,451.4524,688.7754,570.1139,0.0,0.567,1.3078,1653,55.93000000000001,236.0165777226234,452.4826,687.9137,570.1982,0.0167,0.9223,1.42,1653,55.93000000000001
236.03444280887865,452.4421,687.9153,570.1787,0.0417,1.056,1.4314,1654,55.95333333333334,235.82892704591876,452.6427,687.9153,570.279,0.0083,1.1028,1.4314,1654,55.95333333333334,237.70306963363402,451.5087,688.6234,570.066,0.0333,0.4133,1.3533,1654,55.95333333333334,237.83815034776035,451.4531,688.7769,570.115,0.0,0.548,1.306,1654,55.95333333333334,235.97728761423932,452.5103,687.9153,570.2128,0.0083,0.9906,1.4314,1654,55.95333333333334
236.03026600221094,452.4455,687.9117,570.1786,0.0417,1.0439,1.43,1655,55.98666666666667,235.8238922162107,452.6467,687.9117,570.2792,0.0083,1.1017,1.43,1655,55.98666666666667,237.70523520161672,451.5075,688.6253,570.0664,0.0333,0.4142,1.3443,1655,55.98666666666667,237.84030653188952,451.452,688.7788,570.1154,0.0,0.5456,1.3249,1655,55.98666666666667,236.00969324436514,452.4906,687.9117,570.2012,0.0167,0.93,1.43,1655,55.98666666666667
236.31860694541197,452.2792,688.0964,570.1878,0.0417,0.8178,1.4938,1656,56.03333333333334,235.884491303391,452.7086,688.0964,570.4025,0.0083,0.9024,1.4938,1656,56.03333333333334,237.83626579800625,451.4329,688.7628,570.0979,0.0167,0.6006,1.3562,1656,56.03333333333334,237.96814403192477,451.4031,688.9427,570.1729,0.0,0.6723,1.2453,1656,56.03333333333334,236.27417982089386,452.322,688.0964,570.2092,0.0333,0.7713,1.4938,1656,56.03333333333334
236.31512370101774,452.2817,688.098,570.1899,0.0417,0.8122,1.4855,1657,56.053333333333335,235.880990627175,452.7112,688.098,570.4046,0.0083,0.9027,1.4855,1657,56.053333333333335,237.83706092785462,451.4335,688.7651,570.0993,0.0167,0.6012,1.3576,1657,56.053333333333335,237.96890616255024,451.4037,688.9449,570.1743,0.0,0.6719,1.2426,1657,56.053333333333335,236.26877932801966,452.326,688.098,570.212,0.0333,0.7688,1.4855,1657,56.053333333333335
236.345775745654,452.2666,688.114,570.1903,0.05,0.8051,1.4198,1658,56.08666666666667,235.8377651238946,452.7851,688.114,570.4496,0.0083,0.9271,1.4198,1658,56.08666666666667,237.8402081357034,451.433,688.7685,570.1008,0.0167,0.6103,1.3926,1658,56.08666666666667,237.97163128720635,451.404,688.9482,570.1761,0.0,0.6466,1.2415,1658,56.08666666666667,236.296026855161,452.3138,688.114,570.2139,0.0417,0.7686,1.4198,1658,56.08666666666667
236.29397472482106,452.3236,688.1099,570.2168,0.0417,0.8816,1.4012,1659,56.13,235.83029612916724,452.7912,688.1099,570.4506,0.0083,0.9287,1.4012,1659,56.13,237.84063502226104,451.433,688.7691,570.1011,0.0167,0.6105,1.3931,1659,56.13,237.9720475511007,451.4039,688.9488,570.1764,0.0,0.6469,1.2408,1659,56.13,236.28799196671062,452.3205,688.1099,570.2152,0.0417,0.7831,1.4012,1659,56.13
236.29049495195977,452.3272,688.11,570.2186,0.0417,0.8685,1.4107,1660,56.153333333333336,235.8635540602463,452.7302,688.11,570.4201,0.0083,1.0157,1.4107,1660,56.153333333333336,237.84233392323196,451.4312,688.7682,570.0997,0.0167,0.6111,1.3775,1660,56.153333333333336,237.97377552419096,451.4021,688.9479,570.175,0.0,0.6513,1.2405,1660,56.153333333333336,236.2493500955137,452.3457,688.11,570.2278,0.0333,0.8781,1.4107,1660,56.153333333333336
236.24437973871653,452.3524,688.1139,570.2331,0.0333,0.9475,1.4155,1661,56.18833333333334,235.84942097231703,452.7364,688.1139,570.4251,0.0083,0.9563,1.4155,1661,56.18833333333334,237.84036798721235,451.4319,688.7677,570.0998,0.0167,0.5965,1.3899,1661,56.18833333333334,237.97207899942347,451.4022,688.9474,570.1748,0.0,0.6514,1.2349,1661,56.18833333333334,236.23955546715692,452.347,688.1139,570.2304,0.0333,0.9318,1.4155,1661,56.18833333333334
236.29546385012392,452.3243,688.1199,570.2221,0.0417,0.8641,1.4295,1662,56.233333333333334,235.86842097545082,452.7276,688.1199,570.4238,0.0083,1.0342,1.4295,1662,56.233333333333334,237.83877974661357,451.4318,688.7662,570.099,0.0167,0.6065,1.3984,1662,56.233333333333334,237.97024729522278,451.4026,688.9459,570.1742,0.0,0.6023,1.2278,1662,56.233333333333334,236.2565547254897,452.341,688.1199,570.2305,0.0333,0.8699,1.4295,1662,56.233333333333334
236.32706039302556,452.2828,688.1179,570.2004,0.0417,0.8368,1.4247,1663,56.25333333333334,235.8929718587194,452.7123,688.1179,570.4151,0.0083,0.9478,1.4247,1663,56.25333333333334,237.83700698051143,451.4331,688.7659,570.0995,0.0167,0.6051,1.4151,1663,56.25333333333334,237.96846495772016,451.404,688.9456,570.1748,0.0,0.6003,1.2293,1663,56.25333333333334,236.28029697214296,452.3272,688.1179,570.2226,0.0333,0.8429,1.4247,1663,56.25333333333334
236.27264080744843,452.3343,688.1127,570.2235,0.0333,0.8909,1.4323,1664,56.28666666666667,235.87878194459822,452.7172,688.1127,570.4149,0.0083,1.0701,1.4323,1664,56.28666666666667,237.83842004244292,451.434,688.7658,570.0999,0.0167,0.6054,1.3882,1664,56.28666666666667,237.96989959102703,451.4048,688.9455,570.1752,0.0,0.6002,1.2435,1664,56.28666666666667,236.26790770478138,452.3297,688.1127,570.2212,0.0333,0.8679,1.4323,1664,56.28666666666667
236.27893380620134,452.3275,688.1148,570.2212,0.0417,0.8687,1.4636,1665,56.32,235.81265607514334,452.7978,688.1148,570.4563,0.0083,1.0562,1.4636,1665,56.32,237.8400036312558,451.4333,688.7672,570.1003,0.0167,0.6036,1.3899,1665,56.32,237.9714749921869,451.4042,688.9469,570.1756,0.0,0.6456,1.2472,1665,56.32,236.27482222243208,452.3222,688.1148,570.2185,0.0417,0.8405,1.4636,1665,56.32
236.13896257495057,452.5327,688.1243,570.3285,0.0333,0.9001,1.3051,1666,56.355000000000004,235.7877227927693,452.8582,688.1243,570.4913,0.0083,1.1026,1.3051,1666,56.355000000000004,237.8157970047742,451.4398,688.685,570.0624,0.0083,0.5492,1.3851,1666,56.355000000000004,237.8299612795849,451.4085,688.685,570.0468,0.0,0.6104,1.3851,1666,56.355000000000004,236.16695371173674,452.5101,688.1243,570.3172,0.025,0.9009,1.3051,1666,56.355000000000004
236.1395265017377,452.5284,688.1151,570.3217,0.0333,0.9155,1.3117,1667,56.388333333333335,235.78830946267354,452.8543,688.1151,570.4847,0.0083,1.119,1.3117,1667,56.388333333333335,237.81578608889632,451.4392,688.684,570.0616,0.0083,0.5731,1.3847,1667,56.388333333333335,237.82996277207215,451.4078,688.684,570.0459,0.0,0.6087,1.3847,1667,56.388333333333335,236.16718276392803,452.506,688.1151,570.3106,0.025,0.8893,1.3117,1667,56.388333333333335
236.14074072660947,452.5285,688.1194,570.324,0.0333,1.0047,1.2935,1668,56.42,235.78884167146776,452.8548,688.1194,570.4871,0.0083,1.1579,1.2935,1668,56.42,237.81310587640323,451.4414,688.6858,570.0636,0.0083,0.5612,1.3812,1668,56.42,237.8272544020306,451.41,688.6858,570.0479,0.0,0.6102,1.3812,1668,56.42,236.16838086971438,452.5061,688.1194,570.3128,0.025,0.9576,1.2935,1668,56.42
236.2348296951469,452.4296,688.1179,570.2737,0.0333,0.9354,1.2335,1669,56.45333333333334,235.8732891301975,452.7635,688.1179,570.4407,0.0083,1.1506,1.2335,1669,56.45333333333334,237.798492437216,451.4422,688.6609,570.0515,0.0167,0.5694,1.3332,1669,56.45333333333334,237.92479220350253,451.4094,688.8303,570.1199,0.0,0.6043,1.2908,1669,56.45333333333334,236.33689735783082,452.3215,688.1179,570.2197,0.0333,1.0027,1.2335,1669,56.45333333333334
236.12635222102205,452.5427,688.1173,570.33,0.0333,0.9696,1.3032,1670,56.48666666666667,235.77577059136854,452.868,688.1173,570.4926,0.0083,1.1691,1.3032,1670,56.48666666666667,237.80783361340588,451.4384,688.6735,570.0559,0.0167,0.5557,1.3656,1670,56.48666666666667,237.93434890200072,451.4058,688.8434,570.1246,0.0,0.5876,1.3107,1670,56.48666666666667,236.30638174965998,452.3566,688.1173,570.2369,0.0417,0.9599,1.3032,1670,56.48666666666667
236.11956623255773,452.547,688.1151,570.331,0.0333,0.9433,1.3118,1671,56.53,235.76929763175843,452.8717,688.1151,570.4934,0.0083,1.184,1.3118,1671,56.53,237.81104899525687,451.4371,688.6736,570.0553,0.0167,0.5582,1.4007,1671,56.53,237.93703448812516,451.4058,688.8434,570.1246,0.0,0.5827,1.2926,1671,56.53,236.29981860063884,452.3606,688.1151,570.2378,0.0417,0.9041,1.3118,1671,56.53
236.10104160686134,452.5434,688.0428,570.2931,0.0333,0.9333,1.3835,1672,56.553333333333335,235.74412653960636,452.8738,688.0428,570.4583,0.0083,1.1005,1.3835,1672,56.553333333333335,237.78959730126346,451.4414,688.6415,570.0414,0.0167,0.6634,1.286,1672,56.553333333333335,237.9153463430751,451.4059,688.8082,570.107,0.0,0.6475,1.3119,1672,56.553333333333335,236.12720340015576,452.5232,688.0428,570.283,0.025,0.9406,1.3835,1672,56.553333333333335
236.09824906252103,452.5445,688.045,570.2948,0.0333,0.9476,1.3929,1673,56.58666666666667,235.7415200519821,452.8748,688.045,570.4599,0.0083,1.1148,1.3929,1673,56.58666666666667,237.7901096416612,451.4397,688.6422,570.0409,0.0167,0.6622,1.2885,1673,56.58666666666667,237.9155749657427,451.4048,688.8088,570.1068,0.0,0.6488,1.3088,1673,56.58666666666667,236.1239518229045,452.5245,688.045,570.2847,0.025,0.9776,1.3929,1673,56.58666666666667
236.09450442532128,452.5456,688.0403,570.293,0.0333,0.9349,1.3863,1674,56.620000000000005,235.7378459971549,452.8758,688.0403,570.4581,0.0083,1.1154,1.3863,1674,56.620000000000005,237.78758147443577,451.4413,688.6417,570.0415,0.0167,0.6608,1.2884,1674,56.620000000000005,237.91306987346366,451.4063,688.8084,570.1073,0.0,0.6494,1.3083,1674,56.620000000000005,236.1207695388639,452.5251,688.0403,570.2827,0.025,0.9535,1.3863,1674,56.620000000000005
236.093375251363,452.5452,688.0379,570.2915,0.0333,0.9332,1.374,1675,56.653333333333336,235.73660493571305,452.8755,688.0379,570.4567,0.0083,1.1327,1.374,1675,56.653333333333336,237.78758147443577,451.4413,688.6417,570.0415,0.0167,0.6608,1.2884,1675,56.653333333333336,237.91306987346366,451.4063,688.8084,570.1073,0.0,0.6494,1.3083,1675,56.653333333333336,236.1196602352619,452.5246,688.0379,570.2812,0.025,0.9501,1.374,1675,56.653333333333336
236.21180894911296,452.4267,688.1412,570.2839,0.05,0.7819,1.2138,1676,56.68833333333334,236.18719860685204,452.4772,688.1412,570.3092,0.0083,0.7976,1.2138,1676,56.68833333333334,237.78408322361233,451.4861,688.7362,570.1112,0.0167,0.5257,1.3145,1676,56.68833333333334,237.93335723391047,451.4534,688.9067,570.18,0.0,0.5397,1.1874,1676,56.68833333333334,236.2236342744677,452.4178,688.1412,570.2795,0.0417,0.7591,1.2138,1676,56.68833333333334
236.26325572916303,452.3932,688.1368,570.265,0.05,0.7435,1.2363,1677,56.720000000000006,236.2360515887304,452.4462,688.1368,570.2915,0.0083,0.8008,1.2363,1677,56.720000000000006,237.78138418160447,451.4883,688.7334,570.1109,0.0167,0.5617,1.3063,1677,56.720000000000006,237.93074503425473,451.4555,688.904,570.1798,0.0,0.5378,1.2054,1677,56.720000000000006,236.2732019941396,452.3857,688.1368,570.2612,0.0417,0.7345,1.2363,1677,56.720000000000006
236.20637418344182,452.4201,688.1,570.26,0.05,0.5954,1.278,1678,56.75333333333334,236.28521285128008,452.363,688.1,570.2315,0.0083,0.7516,1.278,1678,56.75333333333334,237.78093799715592,451.4898,688.7352,570.1125,0.0167,0.551,1.3062,1678,56.75333333333334,237.93029428771317,451.4571,688.9058,570.1814,0.0,0.5435,1.2051,1678,56.75333333333334,236.40472275302952,452.2749,688.1,570.1874,0.0417,0.7347,1.278,1678,56.75333333333334
236.2386367490359,452.3902,688.0978,570.244,0.0417,0.7089,1.2773,1679,56.788333333333334,236.28023441099296,452.3595,688.0978,570.2287,0.0083,0.7867,1.2773,1679,56.788333333333334,237.77350289907446,451.4901,688.7305,570.1103,0.0167,0.551,1.2673,1679,56.788333333333334,237.92331404909666,451.4573,688.9018,570.1795,0.0,0.5435,1.1847,1679,56.788333333333334,236.40172780332966,452.27,688.0978,570.1839,0.0417,0.7303,1.2773,1679,56.788333333333334
236.2786269585479,452.3497,688.0916,570.2206,0.05,0.6288,1.2786,1680,56.82,236.24083234132831,452.3881,688.0916,570.2398,0.0083,0.754,1.2786,1680,56.82,237.77316475363764,451.4906,688.7303,570.1104,0.0167,0.5509,1.2717,1680,56.82,237.922549301347,451.4579,688.9008,570.1794,0.0,0.5454,1.1882,1680,56.82,236.35724367643257,452.3021,688.0916,570.1968,0.0417,0.704,1.2786,1680,56.82
236.19815302106198,452.4192,688.0935,570.2564,0.05,0.5831,1.2795,1681,56.855000000000004,236.2778375885654,452.3613,688.0935,570.2274,0.0083,0.7713,1.2795,1681,56.855000000000004,237.77340147795124,451.4909,688.7312,570.111,0.0167,0.5509,1.2722,1681,56.855000000000004,237.92277088194936,451.4581,688.9017,570.1799,0.0,0.5443,1.1908,1681,56.855000000000004,236.3988693826303,452.2721,688.0935,570.1828,0.0417,0.7347,1.2795,1681,56.855000000000004
236.32290194546457,452.3176,688.0927,570.2052,0.05,0.6062,1.2576,1682,56.888333333333335,236.27843330398352,452.3604,688.0927,570.2265,0.0083,0.7685,1.2576,1682,56.888333333333335,237.77171660700847,451.4909,688.7294,570.1101,0.0167,0.5509,1.2665,1682,56.888333333333335,237.92113461405947,451.4581,688.9,570.1791,0.0,0.5443,1.1908,1682,56.888333333333335,236.39908511043214,452.2714,688.0927,570.1821,0.0417,0.732,1.2576,1682,56.888333333333335
236.32790443857704,452.3181,688.0995,570.2088,0.05,0.6067,1.2776,1683,56.92166666666667,236.28343915616512,452.3608,688.0995,570.2302,0.0083,0.7712,1.2776,1683,56.92166666666667,237.77327310757687,451.4906,688.7305,570.1105,0.0167,0.551,1.2709,1683,56.92166666666667,237.9226558949424,451.4578,688.901,570.1794,0.0,0.5441,1.1876,1683,56.92166666666667,236.40408015509965,452.2719,688.0995,570.1857,0.0417,0.7333,1.2776,1683,56.92166666666667
236.2820737511489,452.3526,688.1009,570.2268,0.05,0.6262,1.2775,1684,56.95666666666667,236.24398054768494,452.3914,688.1009,570.2461,0.0083,0.776,1.2775,1684,56.95666666666667,237.7721193016297,451.4913,688.7303,570.1108,0.0167,0.5511,1.2702,1684,56.95666666666667,237.9215419815014,451.4585,688.9009,570.1797,0.0,0.5434,1.1876,1684,56.95666666666667,236.3614276335378,452.3045,688.1009,570.2027,0.0417,0.6906,1.2775,1684,56.95666666666667
236.1241211520564,452.511,688.1015,570.3062,0.0333,0.9208,1.2772,1685,56.99,235.91965813766606,452.7357,688.1015,570.4186,0.0083,0.949,1.2772,1685,56.99,237.66603179124638,451.6338,688.7303,570.182,0.0167,0.5691,1.2702,1685,56.99,237.7930468392729,451.6012,688.9009,570.251,0.0,0.5772,1.1876,1685,56.99,236.07715374755784,452.5652,688.1015,570.3334,0.0167,0.9312,1.2772,1685,56.99
236.4797447377935,452.1765,688.0415,570.109,0.0583,0.5326,1.548,1686,57.02333333333334,236.09981326558224,452.5318,688.0415,570.2866,0.0083,0.6893,1.548,1686,57.02333333333334,237.87137910128254,451.4626,688.825,570.1438,0.0167,0.4814,1.4799,1686,57.02333333333334,238.0048607472044,451.4386,688.9864,570.2125,0.0,0.4779,1.4347,1686,57.02333333333334,236.47525202889173,452.1801,688.0415,570.1108,0.05,0.5242,1.548,1686,57.02333333333334
236.29543768225983,452.2093,687.903,570.0561,0.05,0.6909,1.2524,1687,57.05666666666667,235.96188037909076,452.516,687.903,570.2095,0.0083,0.8045,1.2524,1687,57.05666666666667,237.69050955382508,451.4595,688.6389,570.0492,0.0167,0.4834,1.4296,1687,57.05666666666667,237.82518334790115,451.4355,688.8022,570.1189,0.0,0.4897,1.371,1687,57.05666666666667,236.34444232240423,452.1584,687.903,570.0307,0.05,0.6648,1.2524,1687,57.05666666666667
236.16764444865922,452.3395,687.9081,570.1238,0.0417,0.7828,1.3794,1688,57.08666666666667,235.88870393054032,452.5683,687.9081,570.2382,0.0083,1.0485,1.3794,1688,57.08666666666667,237.71147155971062,451.4574,688.6284,570.0429,0.0167,0.5298,1.4093,1688,57.08666666666667,237.8373088691262,451.4279,688.7993,570.1136,0.0,0.5298,1.3925,1688,57.08666666666667,236.1667260542391,452.3402,687.9081,570.1241,0.0333,0.7252,1.3794,1688,57.08666666666667
236.37769999989976,452.322,688.064,570.193,0.05,0.7854,1.5773,1689,57.120000000000005,236.07090487010603,452.5663,688.064,570.3152,0.0083,1.057,1.5773,1689,57.120000000000005,237.93119921536476,451.4392,688.8636,570.1514,0.0083,0.5093,1.5382,1689,57.120000000000005,238.05234670219457,451.4392,689.0477,570.2434,0.0,0.5093,1.4491,1689,57.120000000000005,236.34702005152465,452.3382,688.064,570.2011,0.0333,0.7365,1.5773,1689,57.120000000000005
236.41532899150545,452.2517,688.0405,570.1461,0.0417,0.7181,1.4113,1690,57.15833333333334,236.127866334305,452.5088,688.0405,570.2746,0.0083,0.8258,1.4113,1690,57.15833333333334,237.90491689682312,451.4398,688.8299,570.1348,0.0083,0.5082,1.5591,1690,57.15833333333334,238.0268131222228,451.4398,689.015,570.2274,0.0,0.5082,1.4796,1690,57.15833333333334,236.45736278354983,452.2034,688.0405,570.122,0.0417,0.7021,1.4113,1690,57.15833333333334
236.42922060610175,452.2393,688.0386,570.1389,0.0333,0.7242,1.4112,1691,57.18666666666667,236.18899786294543,452.458,688.0386,570.2483,0.0083,0.7986,1.4112,1691,57.18666666666667,237.9050509844985,451.4396,688.8302,570.1349,0.0083,0.5088,1.5587,1691,57.18666666666667,238.02696002963222,451.4396,689.0154,570.2275,0.0,0.5088,1.4798,1691,57.18666666666667,236.52266433919962,452.1372,688.0386,570.0879,0.0417,0.6738,1.4112,1691,57.18666666666667
236.53115727326494,452.1336,688.0356,570.0846,0.05,0.5983,1.4051,1692,57.220000000000006,236.1964041208717,452.4541,688.0356,570.2448,0.0083,0.7135,1.4051,1692,57.220000000000006,237.82357799661915,451.5313,688.8191,570.1752,0.025,0.4372,1.5286,1692,57.220000000000006,237.9861662520011,451.4776,689.0046,570.2411,0.0,0.4735,1.4658,1692,57.220000000000006,236.43257851803597,452.239,688.0356,570.1373,0.025,0.6096,1.4051,1692,57.220000000000006
236.51241288766153,452.1548,688.0389,570.0968,0.0583,0.5784,1.3866,1693,57.260000000000005,236.12922215181933,452.5126,688.0389,570.2757,0.0083,0.6992,1.3866,1693,57.260000000000005,237.82134523808506,451.533,688.8199,570.1764,0.025,0.4544,1.548,1693,57.260000000000005,237.9848604736749,451.4784,689.0054,570.2419,0.0,0.4837,1.4801,1693,57.260000000000005,236.50752017982708,452.1587,688.0389,570.0988,0.05,0.5516,1.3866,1693,57.260000000000005
236.27110662212567,452.3401,688.0509,570.1955,0.0333,0.9742,1.5447,1694,57.288333333333334,236.03361048069138,452.5762,688.0509,570.3135,0.0083,1.072,1.5447,1694,57.288333333333334,237.82394465569277,451.534,688.8355,570.1847,0.025,0.4561,1.4027,1694,57.288333333333334,237.98749710752446,451.4794,689.021,570.2502,0.0,0.483,1.4332,1694,57.288333333333334,236.17091599845915,452.4673,688.0509,570.2591,0.0167,0.9047,1.5447,1694,57.288333333333334
236.25945443809107,452.3401,688.0414,570.1908,0.0333,0.9748,1.534,1695,57.32,236.02250010527635,452.5756,688.0414,570.3085,0.0083,1.0722,1.534,1695,57.32,237.82137866394103,451.534,688.8347,570.1844,0.025,0.4561,1.4495,1695,57.32,237.9849921700038,451.4794,689.0203,570.2499,0.0,0.483,1.471,1695,57.32,236.15926085422873,452.4672,688.0414,570.2543,0.0167,0.898,1.534,1695,57.32
236.14781551787152,452.4152,688.0608,570.238,0.0333,0.8335,1.5227,1696,57.365,235.7606463026189,452.7954,688.0608,570.4281,0.0083,1.0954,1.5227,1696,57.365,237.87478170095278,451.4297,688.7369,570.0833,0.0167,0.5131,1.5094,1696,57.365,238.00887340648507,451.4004,688.9205,570.1604,0.0,0.5632,1.4111,1696,57.365,236.2436952572894,452.3239,688.0608,570.1924,0.0417,0.7343,1.5227,1696,57.365
236.20020131494286,452.3846,687.9913,570.188,0.0333,0.8614,1.6147,1697,57.388333333333335,235.8163075239955,452.7614,687.9913,570.3764,0.0083,1.0301,1.6147,1697,57.388333333333335,237.88988745544316,451.4269,688.7546,570.0908,0.0167,0.5371,1.4901,1697,57.388333333333335,238.02298496858702,451.3974,688.9365,570.167,0.0,0.5995,1.3529,1697,57.388333333333335,236.23614398590405,452.355,687.9913,570.1732,0.0333,0.8073,1.6147,1697,57.388333333333335
236.11696077292908,452.4647,687.9852,570.2249,0.0333,0.8476,1.6171,1698,57.42,235.73628976598462,452.8382,687.9852,570.4117,0.0083,0.9558,1.6171,1698,57.42,237.83736854669195,451.4858,688.7534,570.1196,0.025,0.4864,1.4923,1698,57.42,237.94255191242743,451.4823,688.9378,570.2101,0.0,0.5194,1.3517,1698,57.42,236.15828253754313,452.4306,687.9852,570.2079,0.0333,0.8357,1.6171,1698,57.42
236.1264204348397,452.4607,687.9833,570.222,0.0333,0.8562,1.5979,1699,57.465,235.74655673129124,452.8335,687.9833,570.4084,0.0083,0.9787,1.5979,1699,57.465,237.84515487066173,451.4822,688.7568,570.1195,0.025,0.4345,1.4949,1699,57.465,237.95016398104627,451.4787,688.941,570.2099,0.0,0.5326,1.3514,1699,57.465,236.16786647037483,452.4265,687.9833,570.2049,0.0333,0.8122,1.5979,1699,57.465
236.05408729470585,452.4475,687.848,570.1477,0.0333,0.8211,1.5498,1700,57.48666666666667,235.6719331336725,452.8225,687.848,570.3353,0.0083,0.9874,1.5498,1700,57.48666666666667,237.75447029114795,451.4763,688.6134,570.0449,0.025,0.4148,1.3321,1700,57.48666666666667,237.86076961428938,451.4731,688.7999,570.1365,0.0,0.5245,1.3334,1700,57.48666666666667,236.09556627188832,452.4132,687.848,570.1306,0.0333,0.7981,1.5498,1700,57.48666666666667
236.11133371542078,452.4622,688.031,570.2466,0.0333,0.8966,1.5154,1701,57.53,235.73110813839546,452.8352,688.031,570.4331,0.0083,1.0086,1.5154,1701,57.53,237.81130264735285,451.4664,688.6827,570.0746,0.025,0.423,1.241,1701,57.53,237.9170307368267,451.4625,688.8665,570.1645,0.0,0.4735,1.2644,1701,57.53,236.158159050426,452.4231,688.031,570.227,0.0333,0.8704,1.5154,1701,57.53
236.13394378355198,452.4558,688.0621,570.259,0.0333,0.887,1.5347,1702,57.56333333333334,235.7537760080538,452.8287,688.0621,570.4454,0.0083,1.033,1.5347,1702,57.56333333333334,237.85210144803156,451.4427,688.7045,570.0736,0.0333,0.3691,1.2509,1702,57.56333333333334,237.92983746403235,451.4615,688.8878,570.1747,0.0,0.4708,1.2992,1702,57.56333333333334,236.12997777666934,452.4723,688.0621,570.2672,0.025,1.0152,1.5347,1702,57.56333333333334
236.17652359966672,452.3635,688.0015,570.1825,0.0333,0.7935,1.5179,1703,57.58666666666667,235.79047007197906,452.7424,688.0015,570.3719,0.0083,1.0155,1.5179,1703,57.58666666666667,237.86419498678245,451.4146,688.7061,570.0603,0.0167,0.5356,1.2526,1703,57.58666666666667,237.9970785032506,451.3874,688.8893,570.1384,0.0,0.5486,1.3032,1703,57.58666666666667,236.1073093226098,452.4432,688.0015,570.2223,0.0333,0.7661,1.5179,1703,57.58666666666667
236.06964925421164,452.5111,687.9409,570.226,0.025,1.0093,1.5185,1704,57.620000000000005,235.74187297648467,452.8273,687.9409,570.3841,0.0083,1.0661,1.5185,1704,57.620000000000005,237.83148476979358,451.456,688.7084,570.0822,0.0167,0.5103,1.2536,1704,57.620000000000005,237.9652271087819,451.4268,688.8915,570.1592,0.0,0.5852,1.2991,1704,57.620000000000005,236.08911630085544,452.4961,687.9409,570.2185,0.0167,1.0491,1.5185,1704,57.620000000000005
236.16416006806446,452.5017,688.0694,570.2856,0.025,1.0143,1.5145,1705,57.66666666666667,235.83567627975467,452.8186,688.0694,570.444,0.0083,1.053,1.5145,1705,57.66666666666667,237.88947571596515,451.4572,688.7795,570.1183,0.0167,0.5146,1.3769,1705,57.66666666666667,238.0209268649806,451.4307,688.961,570.1959,0.0,0.5918,1.3023,1705,57.66666666666667,236.1827904146,452.4874,688.0694,570.2784,0.0167,1.0505,1.5145,1705,57.66666666666667
236.3516871308633,452.4177,688.2118,570.3147,0.0333,0.8994,1.4821,1706,57.68833333333334,235.96603486640774,452.8001,688.2118,570.506,0.0083,1.0357,1.4821,1706,57.68833333333334,237.8779080311928,451.4565,688.7424,570.0995,0.0333,0.4488,1.394,1706,57.68833333333334,237.99994545616596,451.4424,688.9322,570.1873,0.0,0.4479,1.3307,1706,57.68833333333334,236.36432583754004,452.4074,688.2118,570.3096,0.025,0.8542,1.4821,1706,57.68833333333334
236.34580256389327,452.4212,688.2099,570.3155,0.0333,0.9267,1.4908,1707,57.720000000000006,235.9602954652951,452.8035,688.2099,570.5067,0.0083,1.0165,1.4908,1707,57.720000000000006,237.88182904842753,451.4574,688.7491,570.1032,0.0333,0.4481,1.3957,1707,57.720000000000006,238.00294626220472,451.4439,688.9386,570.1913,0.0,0.4464,1.2968,1707,57.720000000000006,236.35839068154817,452.4109,688.2099,570.3104,0.025,0.9251,1.4908,1707,57.720000000000006
236.2902408010136,452.4664,688.2022,570.3343,0.0333,1.0777,1.4982,1708,57.75333333333334,235.90789236278067,452.8457,688.2022,570.524,0.0083,1.0374,1.4982,1708,57.75333333333334,237.88237057175007,451.4575,688.742,570.0997,0.0333,0.4471,1.3923,1708,57.75333333333334,238.00325874634646,451.4439,688.9309,570.1874,0.0,0.4468,1.299,1708,57.75333333333334,236.3041428699442,452.4551,688.2022,570.3287,0.025,1.0418,1.4982,1708,57.75333333333334
236.39457761483237,452.3613,688.1912,570.2762,0.0333,0.8327,1.4547,1709,57.78666666666667,236.0232996551698,452.7219,688.1912,570.4565,0.0083,1.0121,1.4547,1709,57.78666666666667,237.82932957520532,451.4969,688.7252,570.1111,0.0417,0.431,1.3622,1709,57.78666666666667,237.9874264437876,451.4511,688.914,570.1826,0.0,0.4439,1.3371,1709,57.78666666666667,236.35045454517177,452.4109,688.1912,570.301,0.0167,0.9013,1.4547,1709,57.78666666666667
236.27563715412424,452.4327,688.1585,570.2956,0.025,0.8147,1.4239,1710,57.82,235.96066163169903,452.7338,688.1585,570.4462,0.0083,1.02,1.4239,1710,57.82,237.86049877044815,451.4573,688.7286,570.093,0.0333,0.4561,1.3908,1710,57.82,237.98243133988683,451.4429,688.9178,570.1804,0.0,0.4466,1.3055,1710,57.82,236.2864258910981,452.4239,688.1585,570.2912,0.0167,0.8231,1.4239,1710,57.82
236.32979670490323,452.3757,688.1677,570.2717,0.0333,0.8322,1.4063,1711,57.85333333333334,235.95786291791603,452.737,688.1677,570.4523,0.0083,1.0393,1.4063,1711,57.85333333333334,237.860007294253,451.4572,688.7285,570.0929,0.0333,0.4558,1.4045,1711,57.85333333333334,237.9819291904283,451.4428,688.9177,570.1803,0.0,0.4466,1.3047,1711,57.85333333333334,236.28279327924267,452.4277,688.1677,570.2977,0.0167,0.8426,1.4063,1711,57.85333333333334
236.27779470226375,452.4275,688.1594,570.2934,0.025,0.8337,1.4189,1712,57.88666666666667,235.9625325443716,452.729,688.1594,570.4442,0.0083,1.0487,1.4189,1712,57.88666666666667,237.8611052007083,451.4565,688.7284,570.0925,0.0333,0.4278,1.4075,1712,57.88666666666667,237.98288402094852,451.4424,688.9176,570.18,0.0,0.4425,1.3049,1712,57.88666666666667,236.27779470226378,452.4275,688.1594,570.2934,0.025,0.8337,1.4189,1712,57.88666666666667
236.2770156895529,452.4263,688.1595,570.2929,0.0333,0.8904,1.4193,1713,57.92166666666667,235.89198796984488,452.8081,688.1595,570.4838,0.0083,1.0135,1.4193,1713,57.92166666666667,237.86078493070255,451.4566,688.7346,570.0956,0.0333,0.4515,1.3951,1713,57.92166666666667,237.98295780948874,451.4425,688.9245,570.1835,0.0,0.4492,1.2972,1713,57.92166666666667,236.28687825238174,452.4183,688.1595,570.2889,0.025,0.8484,1.4193,1713,57.92166666666667
236.33901505016934,452.3676,688.1663,570.2669,0.0333,0.805,1.4351,1714,57.95333333333334,235.9665291482565,452.7294,688.1663,570.4478,0.0083,1.0339,1.4351,1714,57.95333333333334,237.85793063640128,451.4559,688.7287,570.0923,0.0333,0.4209,1.4017,1714,57.95333333333334,237.97944783999935,451.4418,688.9179,570.1798,0.0,0.4479,1.3007,1714,57.95333333333334,236.2934180918695,452.4185,688.1663,570.2924,0.0167,0.8278,1.4351,1714,57.95333333333334
236.33710531340265,452.3709,688.1648,570.2679,0.0333,0.7912,1.4381,1715,57.98833333333334,236.1573559184849,452.5553,688.1648,570.3601,0.0083,0.9831,1.4381,1715,57.98833333333334,237.86041704438736,451.4567,688.7338,570.0953,0.0333,0.4561,1.3858,1715,57.98833333333334,237.98138950335573,451.4425,688.9223,570.1824,0.0,0.4494,1.3006,1715,57.98833333333334,236.35932872380633,452.3592,688.1648,570.262,0.0083,0.8475,1.4381,1715,57.98833333333334
236.3011305349819,452.3746,688.1381,570.2563,0.0583,0.7318,1.2404,1716,58.02333333333334,236.1869696391783,452.5204,688.1381,570.3293,0.0083,0.7488,1.2404,1716,58.02333333333334,237.79522689132597,451.4431,688.6116,570.0273,0.0167,0.5548,1.3797,1716,58.02333333333334,237.74158809808299,451.4855,688.6116,570.0485,0.0,0.5573,1.3797,1716,58.02333333333334,236.51111887916116,452.2491,688.1381,570.1936,0.05,0.7346,1.2404,1716,58.02333333333334
236.55574282875924,452.1893,688.1549,570.1721,0.0667,0.7443,1.2453,1717,58.05666666666667,236.18142687791504,452.5168,688.1549,570.3358,0.0083,0.8115,1.2453,1717,58.05666666666667,237.7944689830009,451.4429,688.612,570.0274,0.0167,0.554,1.3783,1717,58.05666666666667,237.74083454196537,451.4854,688.612,570.0487,0.0,0.5576,1.3783,1717,58.05666666666667,236.56236680548585,452.1844,688.1549,570.1696,0.0583,0.7202,1.2453,1717,58.05666666666667
236.56934648369673,452.1802,688.1532,570.1667,0.0667,0.7097,1.3133,1718,58.09,236.0044450291417,452.6831,688.1532,570.4181,0.0083,0.7545,1.3133,1718,58.09,237.8000842944715,451.4355,688.6047,570.0201,0.0167,0.5496,1.3799,1718,58.09,237.746176566335,451.4784,688.6047,570.0416,0.0,0.5833,1.3799,1718,58.09,236.57576686467314,452.1755,688.1532,570.1643,0.0583,0.6959,1.3133,1718,58.09
236.5093216990547,452.2457,688.1519,570.1988,0.0583,0.7573,1.3179,1719,58.123333333333335,236.0027031852014,452.6859,688.1519,570.4189,0.0083,0.748,1.3179,1719,58.123333333333335,237.80062853008462,451.4354,688.6044,570.0199,0.0167,0.5496,1.3805,1719,58.123333333333335,237.74672798190758,451.4783,688.6044,570.0414,0.0,0.5836,1.3805,1719,58.123333333333335,236.51574475778358,452.241,688.1519,570.1964,0.05,0.7285,1.3179,1719,58.123333333333335
236.5194219191255,452.2417,688.1578,570.1998,0.0583,0.7403,1.3145,1720,58.15666666666667,236.01164550961204,452.6824,688.1578,570.4201,0.0083,0.7495,1.3145,1720,58.15666666666667,237.80080299070332,451.4357,688.6045,570.0201,0.0167,0.5491,1.3884,1720,58.15666666666667,237.74693198155433,451.4785,688.6045,570.0415,0.0,0.5842,1.3884,1720,58.15666666666667,236.583409366096,452.1751,688.1578,570.1664,0.0583,0.6802,1.3145,1720,58.15666666666667
236.3400578694575,452.3437,688.1546,570.2492,0.05,0.7621,1.3035,1721,58.190000000000005,236.0054829240865,452.6852,688.1546,570.4199,0.0083,0.7207,1.3035,1721,58.190000000000005,237.79834504326297,451.4398,688.6061,570.023,0.0167,0.5392,1.3771,1721,58.190000000000005,237.74463341098576,451.4825,688.6061,570.0443,0.0,0.5924,1.3771,1721,58.190000000000005,236.57701988257438,452.178,688.1546,570.1663,0.0583,0.6814,1.3035,1721,58.190000000000005
236.5296760753432,452.2346,688.1595,570.1971,0.0583,0.725,1.3134,1722,58.220000000000006,236.02020465967823,452.676,688.1595,570.4178,0.0083,0.7708,1.3134,1722,58.220000000000006,237.80570220656085,451.4327,688.6064,570.0196,0.0167,0.5423,1.3855,1722,58.220000000000006,237.7517832917261,451.4756,688.6064,570.041,0.0,0.5854,1.3855,1722,58.220000000000006,236.594158149889,452.1676,688.1595,570.1636,0.0583,0.6493,1.3134,1722,58.220000000000006
236.58662668586425,452.1703,688.1551,570.1627,0.0667,0.6568,1.3129,1723,58.25333333333334,236.01918345324432,452.6741,688.1551,570.4146,0.0083,0.7556,1.3129,1723,58.25333333333334,237.80595012539658,451.4324,688.6064,570.0194,0.0167,0.5432,1.3855,1723,58.25333333333334,237.75201703395547,451.4753,688.6064,570.0409,0.0,0.5852,1.3855,1723,58.25333333333334,236.59313625571752,452.1654,688.1551,570.1603,0.0583,0.6234,1.3129,1723,58.25333333333334
236.5280009234763,452.2325,688.1561,570.1943,0.0583,0.725,1.3021,1724,58.28666666666667,236.018515477399,452.6741,688.1561,570.4151,0.0083,0.761,1.3021,1724,58.28666666666667,237.806096869135,451.4319,688.607,570.0194,0.0167,0.5459,1.3781,1724,58.28666666666667,237.75213811634262,451.4749,688.607,570.0409,0.0,0.5849,1.3781,1724,58.28666666666667,236.592579838749,452.1654,688.1561,570.1608,0.0583,0.6426,1.3021,1724,58.28666666666667
236.52528788342167,452.2327,688.1529,570.1928,0.0583,0.7236,1.305,1725,58.32,236.0161441518279,452.6741,688.1529,570.4135,0.0083,0.7611,1.305,1725,58.32,237.804991714717,451.4325,688.6053,570.0189,0.0167,0.5461,1.3792,1725,58.32,237.75104810661784,451.4754,688.6053,570.0403,0.0,0.5849,1.3792,1725,58.32,236.58989752948358,452.1656,688.1529,570.1593,0.0583,0.6402,1.305,1725,58.32
236.18667602158126,452.3778,688.0021,570.1899,0.0333,0.8298,1.4397,1726,58.355000000000004,235.95174714284084,452.5898,688.0021,570.2959,0.0083,1.0075,1.4397,1726,58.355000000000004,237.89321094291435,451.4879,688.8355,570.1617,0.025,0.402,1.4715,1726,58.355000000000004,237.8972422975808,451.4497,688.8355,570.1426,0.0,0.5165,1.4715,1726,58.355000000000004,236.11977981477983,452.4494,688.0021,570.2257,0.0333,0.8968,1.4397,1726,58.355000000000004
236.21743060874994,452.3751,688.0397,570.2074,0.0333,0.8316,1.5573,1727,58.388333333333335,235.98264257941915,452.5872,688.0397,570.3134,0.0083,0.988,1.5573,1727,58.388333333333335,237.86659774735782,451.5113,688.8363,570.1738,0.0167,0.4215,1.471,1727,58.388333333333335,237.8949773367982,451.4532,688.8363,570.1448,0.0,0.5174,1.471,1727,58.388333333333335,236.1505928202945,452.4467,688.0397,570.2432,0.0333,0.8961,1.5573,1727,58.388333333333335
236.16690248326216,452.4114,688.045,570.2282,0.0333,0.8283,1.5506,1728,58.42,235.93436850175695,452.6215,688.045,570.3333,0.0083,0.9841,1.5506,1728,58.42,237.85052908809763,451.5128,688.8367,570.1748,0.025,0.4009,1.4709,1728,58.42,237.90285969357024,451.4473,688.8367,570.142,0.0,0.5218,1.4709,1728,58.42,236.0994934483819,452.4835,688.045,570.2643,0.0333,0.8783,1.5506,1728,58.42
236.16689615451884,452.4093,688.0377,570.2235,0.0333,0.8699,1.5466,1729,58.45333333333334,235.93385813188144,452.6199,688.0377,570.3288,0.0083,1.001,1.5466,1729,58.45333333333334,237.9023285865152,451.4818,688.8419,570.1619,0.025,0.3867,1.4377,1729,58.45333333333334,237.90562033402173,451.4448,688.8419,570.1434,0.0,0.5201,1.4377,1729,58.45333333333334,236.12207526447543,452.464,688.0377,570.2509,0.025,0.9017,1.5466,1729,58.45333333333334
236.17806355476108,452.4514,688.1252,570.2883,0.0333,0.8394,1.5888,1730,58.48833333333334,235.95036316514359,452.6573,688.1252,570.3912,0.0083,1.0956,1.5888,1730,58.48833333333334,237.83007826465868,451.5305,688.8544,570.1924,0.0333,0.4005,1.4845,1730,58.48833333333334,237.90694655114987,451.4431,688.8544,570.1487,0.0,0.5159,1.4845,1730,58.48833333333334,236.1014359181642,452.5328,688.1252,570.329,0.0333,0.9311,1.5888,1730,58.48833333333334
236.20629104412782,452.4276,688.1183,570.2729,0.0333,0.9109,1.5818,1731,58.53,236.04850760582238,452.5897,688.1183,570.354,0.0083,0.9402,1.5818,1731,58.53,237.83050412205785,451.5306,688.8552,570.1929,0.0333,0.3894,1.4843,1731,58.53,237.9078094015281,451.4428,688.8552,570.149,0.0,0.5049,1.4843,1731,58.53,236.1131888147673,452.526,688.1183,570.3221,0.0417,1.0164,1.5818,1731,58.53
236.20973900092994,452.4272,688.122,570.2746,0.0333,0.8748,1.5828,1732,58.553333333333335,236.05177968942655,452.5897,688.122,570.3558,0.0083,0.9172,1.5828,1732,58.553333333333335,237.85336093343398,451.5096,688.8552,570.1824,0.025,0.3788,1.4843,1732,58.553333333333335,237.90586168793666,451.4447,688.8552,570.1499,0.0,0.5058,1.4843,1732,58.553333333333335,236.11761598888964,452.5247,688.122,570.3233,0.0417,1.0179,1.5828,1732,58.553333333333335
236.17723826332028,452.467,688.1224,570.2947,0.0333,0.8756,1.5823,1733,58.59166666666667,235.93328854241702,452.6977,688.1224,570.4101,0.0083,1.0225,1.5823,1733,58.59166666666667,237.85197501479095,451.5101,688.8537,570.1819,0.025,0.3789,1.4855,1733,58.59166666666667,237.9046133489739,451.445,688.8537,570.1494,0.0,0.5061,1.4855,1733,58.59166666666667,236.02810160344347,452.6155,688.1224,570.369,0.0333,0.9662,1.5823,1733,58.59166666666667
236.2542594096725,452.4132,688.1248,570.269,0.0417,0.7449,1.5937,1734,58.620000000000005,236.00122923774595,452.6149,688.1248,570.3698,0.0083,1.0188,1.5937,1734,58.620000000000005,237.84959740681305,451.5099,688.8498,570.1799,0.025,0.3788,1.4875,1734,58.620000000000005,237.90223485680326,451.4449,688.8498,570.1473,0.0,0.5057,1.4875,1734,58.620000000000005,236.14036113945602,452.5029,688.1248,570.3138,0.0417,0.8254,1.5937,1734,58.620000000000005
236.2157301581184,452.4413,688.1247,570.283,0.0417,0.8433,1.5946,1735,58.653333333333336,235.93701551752716,452.6949,688.1247,570.4098,0.0083,1.025,1.5946,1735,58.653333333333336,237.84959740681305,451.5099,688.8498,570.1799,0.025,0.3788,1.4875,1735,58.653333333333336,237.90223485680326,451.4449,688.8498,570.1473,0.0,0.5057,1.4875,1735,58.653333333333336,236.03160225441349,452.613,688.1247,570.3689,0.0333,0.9777,1.5946,1735,58.653333333333336
236.35736240799773,452.3417,688.1912,570.2665,0.0417,0.6311,1.3644,1736,58.69666666666667,235.91790240184943,452.761,688.1912,570.4761,0.0083,0.9467,1.3644,1736,58.69666666666667,237.71372552188737,451.5286,688.6896,570.1091,0.0333,0.3912,1.3225,1736,58.69666666666667,237.87740289905034,451.4618,688.8556,570.1587,0.0,0.5179,1.3745,1736,58.69666666666667,236.32782974565617,452.3744,688.1912,570.2828,0.0333,0.6441,1.3644,1736,58.69666666666667
236.25973344586248,452.4249,688.2048,570.3149,0.0333,0.7528,1.3518,1737,58.720000000000006,235.86799112544057,452.8102,688.2048,570.5075,0.0083,0.9156,1.3518,1737,58.720000000000006,237.76913229695708,451.4825,688.6896,570.0861,0.0333,0.3565,1.3217,1737,58.720000000000006,237.88153853155939,451.4594,688.8557,570.1576,0.0,0.558,1.3747,1737,58.720000000000006,236.28306879109235,452.4069,688.2048,570.3058,0.025,0.7432,1.3518,1737,58.720000000000006
236.24132106774206,452.443,688.2086,570.3258,0.05,0.6868,1.4282,1738,58.75333333333334,235.87169661694716,452.8032,688.2086,570.5059,0.0083,0.904,1.4282,1738,58.75333333333334,237.77732384334246,451.4832,688.7007,570.0919,0.0333,0.3605,1.326,1738,58.75333333333334,237.8902998616538,451.4601,688.8676,570.1639,0.0,0.5394,1.352,1738,58.75333333333334,236.2860000332127,452.4007,688.2086,570.3047,0.025,0.8132,1.4282,1738,58.75333333333334
236.26478100272243,452.4235,688.2113,570.3174,0.0333,0.7634,1.3193,1739,58.796666666666674,235.87291857853316,452.8091,688.2113,570.5102,0.0083,0.9103,1.3193,1739,58.796666666666674,237.72330806278939,451.5245,688.6978,570.1112,0.0333,0.3968,1.3267,1739,58.796666666666674,237.88706105600676,451.4577,688.8636,570.1607,0.0,0.5527,1.3632,1739,58.796666666666674,236.28813462802947,452.4055,688.2113,570.3084,0.025,0.7587,1.3193,1739,58.796666666666674
236.2200395858369,452.4663,688.2072,570.3368,0.0333,0.8294,1.3188,1740,58.82,235.83175872130377,452.8484,688.2072,570.5278,0.0083,0.9868,1.3188,1740,58.82,237.7217242951718,451.5256,688.6977,570.1116,0.0333,0.3967,1.3266,1740,58.82,237.88555461379076,451.4588,688.8635,570.1612,0.0,0.526,1.3633,1740,58.82,236.24419703906074,452.4477,688.2072,570.3275,0.025,0.8291,1.3188,1740,58.82
236.25191510908874,452.4407,688.2014,570.321,0.0417,0.7532,1.3259,1741,58.85333333333334,235.86663532811426,452.8083,688.2014,570.5049,0.0083,0.9044,1.3259,1741,58.85333333333334,237.7196413784894,451.526,688.6948,570.1104,0.0333,0.3903,1.3251,1741,58.85333333333334,237.88354960545692,451.4591,688.8607,570.1599,0.0,0.5205,1.3665,1741,58.85333333333334,236.28292491373531,452.404,688.2014,570.3027,0.025,0.7563,1.3259,1741,58.85333333333334
236.25520158207883,452.4211,688.1915,570.3063,0.0333,0.7514,1.3418,1742,58.89833333333334,235.8634440047692,452.8064,688.1915,570.499,0.0083,0.9131,1.3418,1742,58.89833333333334,237.7164958009289,451.5276,688.6906,570.1091,0.0333,0.3927,1.3224,1742,58.89833333333334,237.8806066600037,451.4604,688.8566,570.1585,0.0,0.5163,1.3743,1742,58.89833333333334,236.2790601844713,452.4027,688.1915,570.2971,0.025,0.7461,1.3418,1742,58.89833333333334
236.25879340184136,452.4203,688.1958,570.3081,0.0333,0.746,1.3347,1743,58.92,235.86670231211525,452.8059,688.1958,570.5009,0.0083,0.9353,1.3347,1743,58.92,237.7206265459968,451.5253,688.6945,570.1099,0.0333,0.3919,1.3567,1743,58.92,237.88448401038653,451.4583,688.8604,570.1593,0.0,0.518,1.3617,1743,58.92,236.2813781517336,452.4028,688.1958,570.2993,0.025,0.7379,1.3347,1743,58.92
236.26482494027564,452.416,688.1977,570.3068,0.0333,0.7477,1.3334,1744,58.95333333333334,235.87221419978025,452.8023,688.1977,570.5,0.0083,0.9355,1.3334,1744,58.95333333333334,237.72235731067016,451.5252,688.6969,570.111,0.0333,0.3984,1.36,1744,58.95333333333334,237.88615373305186,451.4583,688.8628,570.1605,0.0,0.523,1.3604,1744,58.95333333333334,236.2881904296328,452.3979,688.1977,570.2978,0.025,0.7383,1.3334,1744,58.95333333333334
236.2619507733783,452.4181,688.1977,570.3079,0.0333,0.7477,1.3334,1745,58.99666666666667,235.8694094227483,452.8044,688.1977,570.501,0.0083,0.9277,1.3334,1745,58.99666666666667,237.72235731067016,451.5252,688.6969,570.111,0.0333,0.3984,1.36,1745,58.99666666666667,237.88615373305186,451.4583,688.8628,570.1605,0.0,0.523,1.3604,1745,58.99666666666667,236.28543964383852,452.4,688.1977,570.2989,0.025,0.7308,1.3334,1745,58.99666666666667
236.42225487780925,452.3058,688.1644,570.2351,0.05,0.7726,1.2516,1746,59.03,235.9489314764399,452.7469,688.1644,570.4556,0.0083,0.9245,1.2516,1746,59.03,237.81310160298256,451.4699,688.6922,570.0811,0.0167,0.5239,1.4103,1746,59.03,237.94377568574183,451.4353,688.867,570.1512,0.0,0.5694,1.439,1746,59.03,236.32120304726118,452.3747,688.1644,570.2695,0.0333,0.871,1.2516,1746,59.03
236.45698692287397,452.2856,688.176,570.2308,0.05,0.6421,1.2685,1747,59.053333333333335,235.98020259461615,452.729,688.176,570.4525,0.0083,0.8771,1.2685,1747,59.053333333333335,237.8198923840613,451.4642,688.6917,570.0779,0.0167,0.5057,1.4168,1747,59.053333333333335,237.94991947542107,451.4296,688.8654,570.1475,0.0,0.5798,1.4332,1747,59.053333333333335,236.44548879103948,452.2965,688.176,570.2363,0.05,0.6817,1.2685,1747,59.053333333333335
236.45410710925933,452.287,688.1761,570.2315,0.05,0.6442,1.2802,1748,59.08666666666667,235.97801499138927,452.7298,688.1761,570.453,0.0083,0.8651,1.2802,1748,59.08666666666667,237.8190829110072,451.465,688.692,570.0785,0.0167,0.5171,1.4148,1748,59.08666666666667,237.94909084184238,451.4304,688.8657,570.1481,0.0,0.5813,1.4332,1748,59.08666666666667,236.44421830070252,452.2967,688.1761,570.2364,0.05,0.6637,1.2802,1748,59.08666666666667
236.4481847007901,452.2897,688.1715,570.2306,0.05,0.6482,1.2807,1749,59.12166666666667,235.97149668953656,452.7331,688.1715,570.4523,0.0083,0.8762,1.2807,1749,59.12166666666667,237.82033162076598,451.4644,688.6938,570.0791,0.0167,0.5147,1.4203,1749,59.12166666666667,237.95031273040595,451.4298,688.8675,570.1487,0.0,0.5798,1.4316,1749,59.12166666666667,236.4307526938862,452.3052,688.1715,570.2383,0.05,0.6712,1.2807,1749,59.12166666666667
236.44978864633495,452.2921,688.1775,570.2348,0.05,0.6363,1.2796,1750,59.155,235.9735401551599,452.735,688.1775,570.4562,0.0083,0.8743,1.2796,1750,59.155,237.81592125394172,451.4648,688.6853,570.075,0.0167,0.5079,1.4108,1750,59.155,237.94570035416754,451.4301,688.8586,570.1443,0.0,0.5768,1.4391,1750,59.155,236.43265374878567,452.3073,688.1775,570.2424,0.05,0.6501,1.2796,1750,59.155
236.44805238467194,452.2886,688.1695,570.229,0.05,0.6462,1.2871,1751,59.190000000000005,235.97146734024327,452.7318,688.1695,570.4507,0.0083,0.8756,1.2871,1751,59.190000000000005,237.82123108760507,451.4636,688.693,570.0783,0.0167,0.5133,1.4141,1751,59.190000000000005,237.9512419481909,451.429,688.8667,570.1479,0.0,0.5789,1.4328,1751,59.190000000000005,236.43093597600793,452.3038,688.1695,570.2366,0.05,0.6666,1.2871,1751,59.190000000000005
236.45914846046819,452.2859,688.1803,570.2331,0.05,0.6421,1.2798,1752,59.223333333333336,235.9822950490761,452.7292,688.1803,570.4548,0.0083,0.8756,1.2798,1752,59.223333333333336,237.82433896156476,451.4619,688.695,570.0784,0.0167,0.5158,1.4198,1752,59.223333333333336,237.95428627185785,451.4273,688.8687,570.148,0.0,0.5792,1.4394,1752,59.223333333333336,236.44617996990112,452.2979,688.1803,570.2391,0.05,0.6594,1.2798,1752,59.223333333333336
236.460072945321,452.2867,688.1828,570.2347,0.05,0.6413,1.2796,1753,59.25666666666667,235.98327618324913,452.7299,688.1828,570.4563,0.0083,0.8757,1.2796,1753,59.25666666666667,237.82546627114655,451.4623,688.6973,570.0798,0.0167,0.5153,1.4108,1753,59.25666666666667,237.95540202049176,451.4277,688.871,570.1493,0.0,0.5788,1.4318,1753,59.25666666666667,236.44710508025287,452.2987,688.1828,570.2407,0.05,0.6586,1.2796,1753,59.25666666666667
236.39940125394813,452.3223,688.1842,570.2533,0.05,0.7073,1.2773,1754,59.290000000000006,235.92641051239596,452.7622,688.1842,570.4732,0.0083,0.8919,1.2773,1754,59.290000000000006,237.8437345059055,451.4634,688.6728,570.0681,0.0167,0.5163,1.3195,1754,59.290000000000006,237.97507352952803,451.4288,688.8486,570.1387,0.0,0.58,1.4315,1754,59.290000000000006,236.39081179934695,452.3312,688.1842,570.2577,0.05,0.7209,1.2773,1754,59.290000000000006
236.49130033683454,452.2297,688.1844,570.207,0.05,0.666,1.2772,1755,59.32166666666667,236.00946153664785,452.6777,688.1844,570.431,0.0083,0.7311,1.2772,1755,59.32166666666667,237.88794264329985,451.434,688.6728,570.0534,0.025,0.4504,1.3195,1755,59.32166666666667,238.03377428799618,451.3762,688.8486,570.1124,0.0,0.5063,1.4315,1755,59.32166666666667,236.4885482760259,452.2333,688.1844,570.2088,0.05,0.6478,1.2772,1755,59.32166666666667
236.3098450513641,452.3207,688.0859,570.2033,0.05,0.8271,1.4731,1756,59.358333333333334,235.82120198456502,452.7726,688.0859,570.4292,0.0083,0.9873,1.4731,1756,59.358333333333334,237.78867725062284,451.4197,688.6348,570.0273,0.0167,0.5111,1.4872,1756,59.358333333333334,237.92231837182953,451.3906,688.8179,570.1042,0.0,0.608,1.4229,1756,59.358333333333334,236.32681785982763,452.3078,688.0859,570.1969,0.0417,0.8579,1.4731,1756,59.358333333333334
236.2895778990345,452.3436,688.0704,570.207,0.05,0.7912,1.4924,1757,59.388333333333335,235.80185586161775,452.7944,688.0704,570.4324,0.0083,1.0546,1.4924,1757,59.388333333333335,237.75391854311647,451.4633,688.6384,570.0508,0.025,0.5053,1.51,1757,59.388333333333335,237.89884866943592,451.4269,688.8211,570.124,0.0,0.5833,1.4383,1757,59.388333333333335,236.30612773042452,452.3307,688.0704,570.2005,0.0417,0.8553,1.4924,1757,59.388333333333335
236.2497886202736,452.3583,688.0764,570.2174,0.05,0.8267,1.4801,1758,59.421666666666674,235.83204435745685,452.765,688.0764,570.4207,0.0083,1.0702,1.4801,1758,59.421666666666674,237.75643268677774,451.4623,688.6397,570.051,0.0167,0.5563,1.5125,1758,59.421666666666674,237.88920676043404,451.4318,688.8205,570.1261,0.0,0.5791,1.4525,1758,59.421666666666674,236.27712147806537,452.3683,688.0764,570.2224,0.0333,0.9237,1.4801,1758,59.421666666666674
236.29352749217014,452.3347,688.0645,570.1996,0.0417,0.8399,1.5526,1759,59.45333333333334,235.86321221920483,452.7423,688.0645,570.4034,0.0083,1.091,1.5526,1759,59.45333333333334,237.76244296455783,451.4855,688.6825,570.084,0.0167,0.5163,1.4945,1759,59.45333333333334,237.8987878132556,451.4545,688.8684,570.1614,0.0,0.5816,1.5153,1759,59.45333333333334,236.32876560806778,452.3249,688.0645,570.1947,0.0417,0.749,1.5526,1759,59.45333333333334
236.21818470236775,452.387,688.0621,570.2245,0.0417,0.8599,1.5355,1760,59.48666666666667,235.78150830255467,452.8012,688.0621,570.4316,0.0083,1.0202,1.5355,1760,59.48666666666667,237.765009934171,451.4867,688.6817,570.0842,0.0167,0.5362,1.4965,1760,59.48666666666667,237.90172779109855,451.4549,688.8675,570.1612,0.0,0.5683,1.5166,1760,59.48666666666667,236.22661211989058,452.4046,688.0621,570.2333,0.0333,0.8738,1.5355,1760,59.48666666666667
236.24512378219865,452.3718,688.0625,570.2171,0.0333,0.9504,1.5382,1761,59.53,235.86297060042025,452.7483,688.0625,570.4054,0.0083,1.0158,1.5382,1761,59.53,237.76594754854798,451.4866,688.6836,570.0851,0.0167,0.5342,1.5093,1761,59.53,237.90269004961687,451.4548,688.8694,570.1621,0.0,0.5663,1.5397,1761,59.53,236.32612202745463,452.3325,688.0625,570.1975,0.0417,0.7039,1.5382,1761,59.53
236.23937370718997,452.3709,688.0508,570.2108,0.0333,0.9642,1.5142,1762,59.553333333333335,235.8564182191915,452.7481,688.0508,570.3994,0.0083,1.0164,1.5142,1762,59.553333333333335,237.75560306440346,451.4863,688.6689,570.0776,0.0167,0.5372,1.4854,1762,59.553333333333335,237.89266046228104,451.4545,688.8553,570.1549,0.0,0.5693,1.4035,1762,59.553333333333335,236.3191060859345,452.3321,688.0508,570.1914,0.0417,0.7085,1.5142,1762,59.553333333333335
236.2699167409415,452.3409,688.0519,570.1964,0.025,0.9586,1.4993,1763,59.58666666666667,236.08365989157772,452.52,688.0519,570.286,0.0083,0.9528,1.4993,1763,59.58666666666667,237.7554770767075,451.4858,688.6661,570.0759,0.0167,0.5369,1.5033,1763,59.58666666666667,237.8925840271966,451.4541,688.8525,570.1533,0.0,0.569,1.403,1763,59.58666666666667,236.35119975791494,452.3008,688.0519,570.1764,0.0333,0.8347,1.4993,1763,59.58666666666667
236.2420694159995,452.3728,688.0585,570.2156,0.0333,0.9634,1.5464,1764,59.620000000000005,235.85937948232515,452.7497,688.0585,570.4041,0.0083,1.0,1.5464,1764,59.620000000000005,237.76156538424857,451.4859,688.675,570.0804,0.0167,0.5386,1.503,1764,59.620000000000005,237.89839772973292,451.4541,688.8611,570.1576,0.0,0.5707,1.4734,1764,59.620000000000005,236.32225982957166,452.3338,688.0585,570.1961,0.0417,0.7549,1.5464,1764,59.620000000000005
236.21649140160375,452.3871,688.0608,570.224,0.0417,0.8589,1.5391,1765,59.653333333333336,235.780380921672,452.8008,688.0608,570.4308,0.0083,1.043,1.5391,1765,59.653333333333336,237.76244036527552,451.4855,688.6764,570.0809,0.0167,0.5394,1.502,1765,59.653333333333336,237.89922226285273,451.4538,688.8624,570.1581,0.0,0.5714,1.4689,1765,59.653333333333336,236.2253234107002,452.4043,688.0608,570.2325,0.0333,0.8727,1.5391,1765,59.653333333333336
236.08240202541728,452.5051,688.0625,570.2838,0.025,0.9516,1.4638,1766,59.68833333333334,235.83368083842072,452.7605,688.0625,570.4115,0.0083,1.0507,1.4638,1766,59.68833333333334,237.66030739072585,451.5887,688.6562,570.1225,0.0167,0.5419,1.4602,1766,59.68833333333334,237.78728697277694,451.5572,688.8275,570.1924,0.0,0.5717,1.3957,1766,59.68833333333334,235.93923572097856,452.6557,688.0625,570.3591,0.0333,0.9558,1.4638,1766,59.68833333333334
236.0818661499561,452.4986,688.0519,570.2753,0.025,0.8865,1.463,1767,59.720000000000006,235.83292481232368,452.7542,688.0519,570.4031,0.0083,1.0491,1.463,1767,59.720000000000006,237.65972323232978,451.5876,688.6545,570.1211,0.0167,0.5418,1.463,1767,59.720000000000006,237.78670912937747,451.5562,688.8259,570.191,0.0,0.5742,1.3949,1767,59.720000000000006,235.9387355374056,452.6491,688.0519,570.3505,0.0333,0.9512,1.463,1767,59.720000000000006
236.2652177323385,452.3135,688.0274,570.1704,0.025,0.9223,1.4419,1768,59.75333333333334,236.01350154043334,452.5716,688.0274,570.2995,0.0083,1.0593,1.4419,1768,59.75333333333334,237.8638200405318,451.3734,688.6116,569.9925,0.0167,0.5961,1.4175,1768,59.75333333333334,237.99153516629858,451.3416,688.7839,570.0627,0.0,0.6824,1.3777,1768,59.75333333333334,236.1403881686268,452.4283,688.0274,570.2279,0.025,1.0029,1.4419,1768,59.75333333333334
236.23678581635076,452.3352,688.0145,570.1748,0.025,0.8492,1.445,1769,59.78666666666667,235.98244651378914,452.5962,688.0145,570.3053,0.0083,1.0647,1.445,1769,59.78666666666667,237.83461406824287,451.4076,688.6158,570.0117,0.0167,0.4838,1.4078,1769,59.78666666666667,237.9624218779254,451.3755,688.7879,570.0817,0.0,0.61,1.3753,1769,59.78666666666667,236.10758922809532,452.4546,688.0145,570.2346,0.025,0.9336,1.445,1769,59.78666666666667
236.25475840449678,452.3838,688.1265,570.2552,0.025,0.8278,1.4925,1770,59.82000000000001,236.0027504078766,452.6424,688.1265,570.3845,0.0083,1.0266,1.4925,1770,59.82000000000001,237.81178899275358,451.4808,688.7085,570.0947,0.025,0.491,1.3031,1770,59.82000000000001,237.96799312570883,451.4231,688.8783,570.1507,0.0,0.5679,1.3258,1770,59.82000000000001,236.12416113452278,452.5041,688.1265,570.3153,0.025,0.8967,1.4925,1770,59.82000000000001
236.28587063932224,452.3518,688.1084,570.2301,0.0333,0.7788,1.5026,1771,59.85333333333334,235.99645072008457,452.6358,688.1084,570.3721,0.0083,1.0249,1.5026,1771,59.85333333333334,237.83101726158202,451.452,688.6844,570.0682,0.0167,0.4989,1.3206,1771,59.85333333333334,237.95778901902167,451.4197,688.8547,570.1372,0.0,0.6115,1.3532,1771,59.85333333333334,236.17837765936406,452.4316,688.1084,570.27,0.0333,0.8367,1.5026,1771,59.85333333333334
236.25105551817077,452.3819,688.1031,570.2425,0.025,0.7956,1.4831,1772,59.88666666666667,235.9993500906299,452.6402,688.1031,570.3717,0.0083,1.0141,1.4831,1772,59.88666666666667,237.83356518567172,451.4532,688.6891,570.0712,0.0167,0.4999,1.3203,1772,59.88666666666667,237.96027839583277,451.4209,688.8594,570.1401,0.0,0.6068,1.3511,1772,59.88666666666667,236.18122921436938,452.436,688.1031,570.2696,0.0333,0.8785,1.4831,1772,59.88666666666667
236.05359929905967,452.5374,688.036,570.2867,0.0333,0.7714,1.3649,1773,59.92333333333334,235.8761371573314,452.737,688.036,570.3865,0.0,0.9001,1.3649,1773,59.92333333333334,237.75735905019405,451.5128,688.6764,570.0946,0.0333,0.4555,1.3321,1773,59.92333333333334,237.8630236306056,451.5016,688.847,570.1743,0.0,0.5203,1.3567,1773,59.92333333333334,236.08575566694807,452.4915,688.036,570.2638,0.05,0.7765,1.3649,1773,59.92333333333334
236.11488774108258,452.4745,688.0441,570.2593,0.0417,0.7827,1.3825,1774,59.95333333333334,235.87576367076383,452.7411,688.0441,570.3926,0.0,0.845,1.3825,1774,59.95333333333334,237.75645440640324,451.5136,688.6761,570.0948,0.0333,0.4438,1.3306,1774,59.95333333333334,237.861723790744,451.5031,688.8467,570.1749,0.0,0.5244,1.3565,1774,59.95333333333334,236.2429836972572,452.3982,688.0441,570.2211,0.0583,0.8022,1.3825,1774,59.95333333333334
236.09578207290815,452.5085,688.0412,570.2749,0.025,0.788,1.5005,1775,59.98666666666667,235.8489681469967,452.6911,687.9059,570.2985,0.0,0.8364,1.5501,1775,59.98666666666667,237.741261946984,451.5205,688.6922,570.1064,0.0167,0.5562,1.3248,1775,59.98666666666667,237.88667608073504,451.4911,688.8625,570.1768,0.0,0.5546,1.3481,1775,59.98666666666667,236.0590922153534,452.525,688.0412,570.2831,0.05,0.7852,1.5005,1775,59.98666666666667
236.28223788645852,452.353,688.0596,570.2063,0.05,0.7693,1.5107,1776,60.025000000000006,235.93033652545677,452.7188,688.0596,570.3892,0.0083,1.0065,1.5107,1776,60.025000000000006,237.84728998359083,451.472,688.7934,570.1327,0.0167,0.5031,1.3424,1776,60.025000000000006,237.91583070842682,451.4099,688.7934,570.1016,0.0,0.4703,1.3424,1776,60.025000000000006,236.38533877254767,452.3118,688.0596,570.1857,0.0417,0.8085,1.5107,1776,60.025000000000006
236.20495767927017,452.4381,688.0524,570.2452,0.0417,0.8505,1.5092,1777,60.053333333333335,235.9049801757759,452.744,688.0524,570.3982,0.0083,0.9587,1.5092,1777,60.053333333333335,237.8466762094134,451.4714,688.7855,570.1284,0.0167,0.5071,1.3573,1777,60.053333333333335,237.91509420656317,451.4094,688.7855,570.0974,0.0,0.4688,1.3573,1777,60.053333333333335,236.36102000052182,452.3376,688.0524,570.195,0.0417,0.7885,1.5092,1777,60.053333333333335
236.33192210605256,452.3228,688.0554,570.1891,0.05,0.7877,1.4949,1778,60.08666666666667,235.834166027623,452.8075,688.0554,570.4315,0.0083,1.0348,1.4949,1778,60.08666666666667,237.84901894489076,451.4718,688.7882,570.13,0.0167,0.4983,1.3564,1778,60.08666666666667,237.91756961084724,451.4097,688.7882,570.0989,0.0,0.4704,1.3564,1778,60.08666666666667,236.15383807738593,452.4885,688.0554,570.2719,0.0333,0.9236,1.4949,1778,60.08666666666667
236.1955463034612,452.4881,688.1105,570.2993,0.0333,0.8827,1.5926,1779,60.12666666666667,235.8230013333139,452.8535,688.1105,570.482,0.0083,1.0006,1.5926,1779,60.12666666666667,237.69367683076933,451.6224,688.7872,570.2048,0.0167,0.5792,1.3732,1779,60.12666666666667,237.74222931914477,451.583,688.7872,570.1851,0.0,0.5954,1.3732,1779,60.12666666666667,236.15133249745716,452.5371,688.1105,570.3238,0.0167,0.8969,1.5926,1779,60.12666666666667
236.27331101378678,452.4001,688.051,570.2255,0.0417,0.8338,1.5146,1780,60.153333333333336,235.9985316214809,452.6333,688.051,570.3421,0.0083,1.0504,1.5146,1780,60.153333333333336,237.81034743789442,451.5202,688.7893,570.1547,0.0083,0.5679,1.3621,1780,60.153333333333336,237.84820639037616,451.4867,688.7893,570.138,0.0,0.5937,1.3621,1780,60.153333333333336,236.2459336391853,452.4198,688.051,570.2354,0.025,0.9137,1.5146,1780,60.153333333333336
236.05540576508932,452.4947,687.9346,570.2147,0.025,0.9267,1.5078,1781,60.18666666666667,235.86171375294316,452.6676,687.9346,570.3011,0.0083,1.0566,1.5078,1781,60.18666666666667,237.68599611864028,451.5177,688.649,570.0833,0.0167,0.5476,1.347,1781,60.18666666666667,237.75764076102337,451.4527,688.649,570.0508,0.0,0.526,1.347,1781,60.18666666666667,236.07447018983206,452.4801,687.9346,570.2074,0.0167,0.9338,1.5078,1781,60.18666666666667
236.13273791635228,452.4402,687.9352,570.1877,0.0417,0.8591,1.4942,1782,60.230000000000004,235.86098556206582,452.6702,687.9352,570.3027,0.0083,1.0595,1.4942,1782,60.230000000000004,237.68147458842472,451.5186,688.6448,570.0817,0.0167,0.574,1.3454,1782,60.230000000000004,237.75256782817374,451.4542,688.6448,570.0495,0.0,0.5331,1.3454,1782,60.230000000000004,236.1476626805214,452.4281,687.9352,570.1817,0.0333,0.8597,1.4942,1782,60.230000000000004
236.2677594744544,452.4088,688.0501,570.2295,0.0417,0.8114,1.5281,1783,60.255,235.9916666717395,452.6415,688.0501,570.3458,0.0083,1.0366,1.5281,1783,60.255,237.7690831079048,451.5098,688.7235,570.1167,0.0167,0.5698,1.4557,1783,60.255,237.8389435387837,451.4465,688.7235,570.085,0.0,0.5189,1.4557,1783,60.255,236.28119576201587,452.3988,688.0501,570.2244,0.0333,0.8214,1.5281,1783,60.255
236.29243713490672,452.3916,688.0493,570.2204,0.0417,0.8012,1.5285,1784,60.288333333333334,236.01441614954598,452.6259,688.0493,570.3376,0.0083,1.002,1.5285,1784,60.288333333333334,237.7760087296241,451.5055,688.7306,570.1181,0.0167,0.5545,1.4479,1784,60.288333333333334,237.84671559596032,451.4414,688.7306,570.086,0.0,0.5452,1.4479,1784,60.288333333333334,236.30511536380146,452.3821,688.0493,570.2157,0.0333,0.8277,1.5285,1784,60.288333333333334
236.28981222211817,452.3955,688.051,570.2232,0.0417,0.7801,1.5268,1785,60.333333333333336,236.01239248638953,452.6295,688.051,570.3402,0.0083,1.0062,1.5268,1785,60.333333333333336,237.7782285561178,451.5038,688.7303,570.117,0.0167,0.5505,1.4468,1785,60.333333333333336,237.84957791610873,451.4391,688.7303,570.0847,0.0,0.5402,1.4468,1785,60.333333333333336,236.30221030188693,452.3862,688.051,570.2186,0.0333,0.7951,1.5268,1785,60.333333333333336
236.3203373621225,452.4336,688.2143,570.324,0.05,0.7849,1.4264,1786,60.358333333333334,235.83975268156692,452.8736,688.2143,570.544,0.0083,0.931,1.4264,1786,60.358333333333334,237.89438130429852,451.4838,688.8421,570.1629,0.0167,0.522,1.3885,1786,60.358333333333334,238.02397444106114,451.4556,689.0196,570.2376,0.0,0.5901,1.2812,1786,60.358333333333334,236.26138506877018,452.4673,688.2143,570.3408,0.0417,0.8258,1.4264,1786,60.358333333333334
236.33266857837117,452.4252,688.2108,570.318,0.05,0.7694,1.4408,1787,60.39,235.85128803410817,452.8658,688.2108,570.5383,0.0083,1.0186,1.4408,1787,60.39,237.88448527649965,451.4833,688.833,570.1582,0.0167,0.4767,1.3026,1787,60.39,238.01427026587788,451.455,689.0108,570.2329,0.0,0.5852,1.2864,1787,60.39,236.2733534219232,452.4592,688.2108,570.335,0.0417,0.9214,1.4408,1787,60.39
236.07347853934712,452.6383,688.2075,570.4229,0.05,0.9863,1.4668,1788,60.43333333333334,235.61391726023973,453.1054,688.2075,570.6565,0.0083,1.1539,1.4668,1788,60.43333333333334,237.87364562949048,451.499,688.8498,570.1744,0.0167,0.49,1.3742,1788,60.43333333333334,237.99664494865138,451.471,689.0174,570.2442,0.0,0.5501,1.3714,1788,60.43333333333334,236.1403909839753,452.5593,688.2075,570.3834,0.0583,0.932,1.4668,1788,60.43333333333334
236.35891206660276,452.4072,688.2101,570.3087,0.0583,0.8816,1.4981,1789,60.45333333333334,235.68052518001923,453.048,688.2101,570.6291,0.0083,1.1764,1.4981,1789,60.45333333333334,237.8388743864599,451.5145,688.8469,570.1807,0.025,0.5685,1.3769,1789,60.45333333333334,238.0170591001703,451.4494,689.0146,570.232,0.0,0.5291,1.3703,1789,60.45333333333334,236.37528235186963,452.4223,688.2101,570.3162,0.0583,0.8053,1.4981,1789,60.45333333333334
236.35723291098913,452.4064,688.2065,570.3064,0.0583,0.8251,1.4805,1790,60.49,235.67851143549296,453.0475,688.2065,570.627,0.0083,1.2118,1.4805,1790,60.49,237.84093317187416,451.514,688.8499,570.182,0.025,0.579,1.3743,1790,60.49,238.01902988576936,451.4491,689.0175,570.2333,0.0,0.5216,1.38,1790,60.49,236.37372468030784,452.4215,688.2065,570.314,0.0583,0.8603,1.4805,1790,60.49
236.35566660932693,452.4066,688.2048,570.3057,0.0583,0.8301,1.4813,1791,60.52,235.67699094359796,453.0475,688.2048,570.6262,0.0083,1.1928,1.4813,1791,60.52,237.86652687345207,451.4868,688.8493,570.1681,0.0167,0.5726,1.3747,1791,60.52,238.0114680033055,451.4563,689.0169,570.2366,0.0,0.5225,1.371,1791,60.52,236.37194989646784,452.4217,688.2048,570.3133,0.0583,0.8584,1.4813,1791,60.52
236.36080066252163,452.4044,688.2063,570.3054,0.0583,0.8573,1.4825,1792,60.553333333333335,235.68225358092334,453.0455,688.2063,570.6259,0.0083,1.0304,1.4825,1792,60.553333333333335,237.85737934885145,451.4955,688.8474,570.1714,0.0167,0.5669,1.3749,1792,60.553333333333335,238.00253034412825,451.4648,689.015,570.2399,0.0,0.5236,1.3706,1792,60.553333333333335,236.37780492409792,452.4195,688.2063,570.3129,0.0583,0.8069,1.4825,1792,60.553333333333335
236.36122006225617,452.4043,688.2061,570.3052,0.0583,0.8487,1.4821,1793,60.58833333333334,235.682991432273,453.0453,688.2061,570.6257,0.0083,1.0582,1.4821,1793,60.58833333333334,237.8623950809331,451.4894,688.8466,570.168,0.0167,0.5706,1.3759,1793,60.58833333333334,238.00739786575556,451.4588,689.0143,570.2366,0.0,0.5225,1.3705,1793,60.58833333333334,236.37856103689572,452.4192,688.2061,570.3127,0.0583,0.8098,1.4821,1793,60.58833333333334
236.35621889454288,452.4075,688.2055,570.3065,0.0583,0.8194,1.4913,1794,60.620000000000005,235.67778285608765,453.0483,688.2055,570.6269,0.0083,1.0499,1.4913,1794,60.620000000000005,237.83379193565278,451.519,688.8471,570.183,0.025,0.5789,1.3753,1794,60.620000000000005,238.0121332127264,451.4538,689.0148,570.2343,0.0,0.5155,1.3796,1794,60.620000000000005,236.3731601135372,452.4224,688.2055,570.3139,0.0583,0.8349,1.4913,1794,60.620000000000005
236.12124092685764,452.5832,688.2047,570.394,0.05,0.961,1.4906,1795,60.653333333333336,235.64870960142187,453.0638,688.2047,570.6342,0.0083,1.1919,1.4906,1795,60.653333333333336,237.83297983482535,451.519,688.8459,570.1825,0.025,0.5789,1.3759,1795,60.653333333333336,238.01134700867513,451.4538,689.0137,570.2337,0.0,0.5155,1.3794,1795,60.653333333333336,236.14416734332733,452.5661,688.2047,570.3854,0.0417,0.9857,1.4906,1795,60.653333333333336
236.2769950641346,452.3875,688.0479,570.2177,0.0417,0.6744,1.5429,1796,60.68833333333334,235.68088190361172,452.9452,688.0479,570.4966,0.0,0.9727,1.5429,1796,60.68833333333334,237.80300043926596,451.5132,688.7322,570.1227,0.0167,0.5465,1.5376,1796,60.68833333333334,237.94228634050847,451.4819,688.9224,570.2022,0.0,0.6247,1.4306,1796,60.68833333333334,236.2648468893809,452.3996,688.0479,570.2237,0.05,0.7789,1.5429,1796,60.68833333333334
236.30955907360922,452.3349,688.0477,570.1913,0.05,0.724,1.5043,1797,60.720000000000006,235.66088568352032,452.9489,688.0477,570.4983,0.0,1.0392,1.5043,1797,60.720000000000006,237.7853776751502,451.5169,688.7179,570.1174,0.0167,0.6257,1.557,1797,60.720000000000006,237.92495831150282,451.4858,688.9087,570.1972,0.0,0.6264,1.4407,1797,60.720000000000006,236.24278189682965,452.4046,688.0477,570.2262,0.05,0.7605,1.5043,1797,60.720000000000006
236.3093513061313,452.3302,688.0393,570.1848,0.05,0.6473,1.4801,1798,60.75333333333334,235.65993871188022,452.9445,688.0393,570.4919,0.0,0.9713,1.4801,1798,60.75333333333334,237.78364704961032,451.5166,688.7148,570.1157,0.0167,0.6184,1.555,1798,60.75333333333334,237.9232274078457,451.4857,688.9056,570.1957,0.0,0.6285,1.4435,1798,60.75333333333334,236.2994780177599,452.34,688.0393,570.1897,0.0583,0.6743,1.4801,1798,60.75333333333334
236.31587109012295,452.3265,688.0335,570.18,0.05,0.6252,1.5014,1799,60.788333333333334,235.66549828221335,452.9416,688.0335,570.4875,0.0,0.9578,1.5014,1799,60.788333333333334,237.78478697331198,451.516,688.7153,570.1157,0.0167,0.6176,1.5521,1799,60.788333333333334,237.9243695682183,451.4851,688.9061,570.1956,0.0,0.628,1.4432,1799,60.788333333333334,236.24929188630108,452.396,688.0335,570.2147,0.05,0.6581,1.5014,1799,60.788333333333334
236.25786009685746,452.3932,688.0373,570.2153,0.0417,0.6737,1.5052,1800,60.82000000000001,235.66352266188,452.9493,688.0373,570.4933,0.0,0.9234,1.5052,1800,60.82000000000001,237.7872083135745,451.5141,688.7144,570.1142,0.0167,0.6314,1.5588,1800,60.82000000000001,237.92681290394955,451.4831,688.9051,570.1941,0.0,0.6379,1.4391,1800,60.82000000000001,236.24582261268299,452.4051,688.0373,570.2212,0.05,0.7371,1.5052,1800,60.82000000000001
236.31080349837816,452.3314,688.0363,570.1838,0.05,0.6208,1.5086,1801,60.85333333333334,235.66085979383672,452.9461,688.0363,570.4912,0.0,0.922,1.5086,1801,60.85333333333334,237.7878832654236,451.5135,688.7136,570.1136,0.0167,0.6322,1.5566,1801,60.85333333333334,237.92791150708797,451.4825,688.9051,570.1938,0.0,0.6354,1.446,1801,60.85333333333334,236.24411208436462,452.401,688.0363,570.2187,0.05,0.6588,1.5086,1801,60.85333333333334
236.30577236786988,452.3347,688.0376,570.1861,0.05,0.6478,1.5049,1802,60.88666666666667,235.65658366398776,452.9488,688.0376,570.4932,0.0,0.9762,1.5049,1802,60.88666666666667,237.78817646910377,451.5134,688.7138,570.1136,0.0167,0.6275,1.5564,1802,60.88666666666667,237.92880943688627,451.4824,688.9061,570.1943,0.0,0.6357,1.4452,1802,60.88666666666667,236.23906995981775,452.4043,688.0376,570.2209,0.05,0.6665,1.5049,1802,60.88666666666667
236.29783202137742,452.338,688.0383,570.1881,0.05,0.6602,1.4991,1803,60.92,235.64995431600806,452.951,688.0383,570.4946,0.0,0.985,1.4991,1803,60.92,237.78652178625836,451.5139,688.7141,570.114,0.0167,0.6256,1.556,1803,60.92,237.92652850758068,451.4829,688.9055,570.1942,0.0,0.6349,1.4441,1803,60.92,236.23058933125108,452.4082,688.0383,570.2232,0.05,0.6754,1.4991,1803,60.92
236.3060564804457,452.3344,688.0418,570.1881,0.05,0.6443,1.5011,1804,60.95333333333334,235.65798515849715,452.9475,688.0418,570.4946,0.0,0.9769,1.5011,1804,60.95333333333334,237.783439480768,451.5165,688.7144,570.1155,0.0167,0.6257,1.5586,1804,60.95333333333334,237.92301743560998,451.4856,688.9053,570.1954,0.0,0.6339,1.4439,1804,60.95333333333334,236.239351180253,452.404,688.0418,570.2229,0.05,0.6653,1.5011,1804,60.95333333333334
236.32132725436955,452.3261,688.0406,570.1833,0.05,0.6417,1.536,1805,60.98666666666667,235.67166136242312,452.9405,688.0406,570.4905,0.0,0.9557,1.536,1805,60.98666666666667,237.78185232531123,451.5165,688.7144,570.1155,0.0167,0.6257,1.5634,1805,60.98666666666667,237.92141440313574,451.4856,688.9052,570.1954,0.0,0.6339,1.4416,1805,60.98666666666667,236.25472514268262,452.3956,688.0406,570.2181,0.05,0.6832,1.536,1805,60.98666666666667
236.39966116135173,453.5844,689.4754,571.5299,0.0667,0.9111,1.2823,1806,61.02166666666667,236.14782367229202,453.88,689.4475,571.6638,0.0,0.9144,1.3521,1806,61.02166666666667,237.9892831853082,452.7316,690.1905,571.461,0.0167,0.551,1.3239,1806,61.02166666666667,238.11521537407097,452.7113,690.3673,571.5393,0.0,0.6075,1.3987,1806,61.02166666666667,236.39966116135173,453.5844,689.4754,571.5299,0.0667,0.9111,1.2823,1806,61.02166666666667
236.16910110689966,454.4794,690.2718,572.3756,0.075,0.8014,1.5221,1807,61.053333333333335,236.001512827799,454.7575,690.1862,572.4719,0.0083,0.9937,1.547,1807,61.053333333333335,237.84807631362276,453.6335,690.9009,572.2672,0.025,0.5022,1.2963,1807,61.053333333333335,237.99219235043222,453.59,691.0857,572.3379,0.0,0.5931,1.307,1807,61.053333333333335,236.10210941350513,454.5703,690.2718,572.421,0.0667,0.9019,1.5221,1807,61.053333333333335
236.54363116622264,454.7814,690.8315,572.8064,0.025,0.7667,1.3908,1808,61.08666666666667,236.43048764304243,454.8536,690.8315,572.8425,0.0,0.8098,1.3908,1808,61.08666666666667,237.87644893738852,453.9967,691.3085,572.6526,0.0167,0.5723,1.1484,1808,61.08666666666667,238.0144448632544,453.9756,691.5008,572.7382,0.0,0.6112,1.2017,1808,61.08666666666667,236.5467211900454,454.7783,690.8315,572.8049,0.0333,0.8026,1.3908,1808,61.08666666666667
236.3293425810755,455.1571,690.99,573.0735,0.025,0.8423,1.2456,1809,61.12166666666667,236.10983895778344,455.3305,690.99,573.1602,0.0,1.0278,1.2456,1809,61.12166666666667,237.81451681124926,454.2566,691.5373,572.897,0.0083,0.57,1.2116,1809,61.12166666666667,237.94160164066867,454.2566,691.7303,572.9935,0.0,0.57,1.1491,1809,61.12166666666667,236.3311747838337,455.1553,690.99,573.0726,0.0333,0.8488,1.2456,1809,61.12166666666667
236.30698024845842,455.3846,691.1517,573.2681,0.0417,0.7115,1.2169,1810,61.153333333333336,236.21257411315548,455.4711,691.1517,573.3114,0.0083,0.8543,1.2169,1810,61.153333333333336,237.83598669865862,454.503,691.8507,573.1769,0.0167,0.6056,1.0713,1810,61.153333333333336,237.9588534836033,454.503,692.0387,573.2709,0.0083,0.6056,0.9796,1810,61.153333333333336,236.44247452375393,455.2477,691.1517,573.1997,0.0417,0.7317,1.2169,1810,61.153333333333336
236.51509550411936,455.2845,691.2642,573.2743,0.05,0.6991,1.1343,1811,61.18833333333334,236.211284688585,455.506,691.1649,573.3355,0.0,0.9854,1.2399,1811,61.18833333333334,237.83567432608046,454.5747,691.9307,573.2527,0.0083,0.6733,1.1647,1811,61.18833333333334,237.95603730443136,454.5747,692.1163,573.3455,0.0,0.6733,1.0613,1811,61.18833333333334,236.5337252407153,455.2659,691.2642,573.265,0.0583,0.6852,1.1343,1811,61.18833333333334
236.37525673770435,455.4059,691.2614,573.3337,0.0333,0.8731,1.2322,1812,61.220000000000006,236.1634426844437,455.5434,691.1615,573.3524,0.0,1.0158,1.3031,1812,61.220000000000006,237.75319797963382,454.6661,691.9501,573.3081,0.0167,0.5238,1.1167,1812,61.220000000000006,237.90724391692675,454.6334,692.1352,573.3843,0.0,0.5543,1.0325,1812,61.220000000000006,236.3874273140336,455.3938,691.2614,573.3276,0.0417,0.8759,1.2322,1812,61.220000000000006
236.38103080511527,455.4042,691.2719,573.338,0.0417,0.7792,1.1632,1813,61.25333333333334,236.09436711246485,455.617,691.1717,573.3944,0.0,0.9762,1.2662,1813,61.25333333333334,237.74535184093168,454.6698,691.9412,573.3055,0.0167,0.5662,1.1664,1813,61.25333333333334,237.90067509244696,454.6359,692.1265,573.3812,0.0,0.532,1.0538,1813,61.25333333333334,236.38103080511527,455.4042,691.2719,573.338,0.0417,0.7792,1.1632,1813,61.25333333333334
236.40465940966106,455.3677,691.2502,573.309,0.0583,0.6804,1.0925,1814,61.28666666666667,236.0747727857821,455.6191,691.1508,573.3849,0.0,0.8968,1.1999,1814,61.28666666666667,237.7825633099043,454.631,691.9401,573.2856,0.0083,0.5459,1.162,1814,61.28666666666667,237.90180126240062,454.631,692.1254,573.3782,0.0,0.5459,1.0538,1814,61.28666666666667,236.36056916489704,455.4065,691.2502,573.3284,0.0417,0.721,1.0925,1814,61.28666666666667
236.28493372785684,455.2318,690.9856,573.1087,0.025,0.7239,1.2894,1815,61.32000000000001,236.1649260684828,455.3102,690.9856,573.1479,0.0,0.9025,1.2894,1815,61.32000000000001,237.74778927703906,454.402,691.6494,573.0257,0.0083,0.561,1.2373,1815,61.32000000000001,237.86380473352892,454.402,691.8297,573.1158,0.0,0.561,1.1357,1815,61.32000000000001,236.19387321773843,455.3081,690.9856,573.1469,0.025,0.7981,1.2894,1815,61.32000000000001
236.47387019702708,454.7714,690.6578,572.7146,0.0333,0.7965,1.3627,1816,61.36333333333334,236.16767628273016,455.0644,690.6578,572.8611,0.0,0.9523,1.3627,1816,61.36333333333334,237.80869771830285,454.0665,691.3447,572.7056,0.0083,0.6011,1.2895,1816,61.36333333333334,237.93608331958535,454.0665,691.5392,572.8028,0.0,0.6011,1.3182,1816,61.36333333333334,236.48273810442225,454.7626,690.6578,572.7102,0.0417,0.8265,1.3627,1816,61.36333333333334
236.1589315234819,454.6126,690.2024,572.4075,0.025,0.8395,1.4217,1817,61.388333333333335,236.01881245281055,454.7737,690.2024,572.4881,0.0083,0.8972,1.4217,1817,61.388333333333335,237.75431793062498,453.7725,690.9763,572.3744,0.0083,0.6751,1.2944,1817,61.388333333333335,237.8801451068475,453.7725,691.1674,572.4699,0.0,0.6751,1.2231,1817,61.388333333333335,236.15893152348193,454.6126,690.2024,572.4075,0.025,0.8395,1.4217,1817,61.388333333333335
236.29571622482484,454.1048,689.8407,571.9728,0.0333,0.849,1.3512,1818,61.41833333333334,235.95671913479683,454.4631,689.8407,572.1519,0.0083,0.9188,1.3512,1818,61.41833333333334,237.78973058842962,453.2743,690.4901,571.8822,0.0083,0.516,1.2944,1818,61.41833333333334,237.9163248827895,453.2743,690.6864,571.9803,0.0,0.516,1.2406,1818,61.41833333333334,236.35047797373477,454.0738,689.8407,571.9573,0.0417,0.842,1.3512,1818,61.41833333333334
236.16014240142218,453.7876,689.4188,571.6032,0.0417,0.888,1.4073,1819,61.45666666666667,235.77425787479734,454.1639,689.4188,571.7913,0.0083,1.0871,1.4073,1819,61.45666666666667,237.75132771822453,452.9249,690.0609,571.4929,0.0333,0.4084,1.2768,1819,61.45666666666667,237.9253568949237,452.8411,690.2531,571.5471,0.0,0.5226,1.3168,1819,61.45666666666667,236.1981811878386,453.7514,689.4188,571.5851,0.0333,0.8945,1.4073,1819,61.45666666666667
236.16782806951633,453.5536,689.2344,571.394,0.025,0.7937,1.5079,1820,61.49,236.07276890414136,453.6526,689.2344,571.4435,0.0,0.8848,1.5079,1820,61.49,237.82944707321613,452.5767,689.8153,571.196,0.025,0.527,1.3459,1820,61.49,237.98088410603575,452.5458,690.0096,571.2777,0.0,0.5275,1.2891,1820,61.49,236.16782806951633,453.5536,689.2344,571.394,0.025,0.7937,1.5079,1820,61.49
236.40109092181837,453.0804,688.939,571.0097,0.0417,0.7942,1.5062,1821,61.53,236.06345843118837,453.3939,688.939,571.1665,0.0,0.9564,1.5062,1821,61.53,237.9075072601671,452.2065,689.5751,570.8908,0.0167,0.445,1.305,1821,61.53,238.04149207369954,452.1816,689.7609,570.9713,0.0,0.5167,1.3277,1821,61.53,236.40109092181837,453.0804,688.939,571.0097,0.0417,0.7942,1.5062,1821,61.53
235.89297890785576,453.2685,688.5382,570.9033,0.025,0.8589,1.5092,1822,61.56333333333334,235.61984011679584,453.5268,688.5382,571.0325,0.0,1.1126,1.5092,1822,61.56333333333334,237.8048999774789,452.1242,689.3957,570.7599,0.0167,0.4466,1.4095,1822,61.56333333333334,237.94135086039685,452.1015,689.5874,570.8445,0.0,0.5212,1.3296,1822,61.56333333333334,235.89297890785576,453.2685,688.5382,570.9033,0.025,0.8589,1.5092,1822,61.56333333333334
236.0631537167284,452.9444,688.42,570.6822,0.025,1.0212,1.4708,1823,61.58833333333334,235.68556598629377,453.3207,688.42,570.8703,0.0,1.0981,1.4708,1823,61.58833333333334,237.76877421696395,451.9436,689.104,570.5238,0.0167,0.4828,1.5362,1823,61.58833333333334,237.8987555738957,451.9186,689.2842,570.6014,0.0,0.5264,1.4098,1823,61.58833333333334,236.0631537167284,452.9444,688.42,570.6822,0.025,1.0212,1.4708,1823,61.58833333333334
236.2440786093391,452.6465,688.2883,570.4674,0.0417,0.8388,1.6687,1824,61.620000000000005,235.65862693346114,453.2149,688.2883,570.7516,0.0,1.0622,1.6687,1824,61.620000000000005,237.76676400034535,451.754,688.9528,570.3534,0.0083,0.5447,1.4669,1824,61.620000000000005,237.8887989738497,451.754,689.1382,570.4461,0.0,0.5447,1.2224,1824,61.620000000000005,236.2440786093391,452.6465,688.2883,570.4674,0.0417,0.8388,1.6687,1824,61.620000000000005
236.1611175845414,452.6526,688.2234,570.438,0.0417,0.8077,1.5806,1825,61.663333333333334,235.5798946607629,453.2172,688.2234,570.7203,0.0,1.1539,1.5806,1825,61.663333333333334,237.69617769476372,451.7384,688.8723,570.3053,0.0083,0.545,1.6124,1825,61.663333333333334,237.82031071284533,451.7384,689.0608,570.3996,0.0,0.545,1.4833,1825,61.663333333333334,236.1611175845414,452.6526,688.2234,570.438,0.0417,0.8077,1.5806,1825,61.663333333333334
236.22047914152992,452.568,688.186,570.377,0.0167,0.8555,1.3924,1826,61.68666666666667,235.99455928323653,452.7765,688.186,570.4812,0.0,1.0811,1.3924,1826,61.68666666666667,237.80619824212124,451.6794,688.904,570.2917,0.0167,0.5242,1.4374,1826,61.68666666666667,237.92906436366542,451.6571,689.0753,570.3662,0.0,0.5708,1.45,1826,61.68666666666667,236.22047914152992,452.568,688.186,570.377,0.0167,0.8555,1.3924,1826,61.68666666666667
236.2691750918675,452.525,688.1842,570.3546,0.0167,0.8478,1.4335,1827,61.720000000000006,236.04249557323928,452.7344,688.1842,570.4593,0.0,0.931,1.4335,1827,61.720000000000006,237.81130417984346,451.677,688.9053,570.2911,0.0167,0.524,1.453,1827,61.720000000000006,237.93419703280506,451.6546,689.0766,570.3656,0.0,0.5687,1.4656,1827,61.720000000000006,236.2691750918675,452.525,688.1842,570.3546,0.0167,0.8478,1.4335,1827,61.720000000000006
236.308600690735,452.4946,688.1806,570.3376,0.025,0.8015,1.4333,1828,61.765,236.0500699743046,452.7227,688.1806,570.4516,0.0,0.9045,1.4333,1828,61.765,237.82247337358274,451.6662,688.9041,570.2852,0.0167,0.4781,1.4583,1828,61.765,237.945390161218,451.6438,689.0755,570.3596,0.0,0.5162,1.4646,1828,61.765,236.308600690735,452.4946,688.1806,570.3376,0.025,0.8015,1.4333,1828,61.765
236.27112061004735,452.5407,688.1851,570.3629,0.025,0.8474,1.4184,1829,61.788333333333334,236.01220498561275,452.7689,688.1851,570.477,0.0,0.9626,1.4184,1829,61.788333333333334,237.8203476233753,451.6664,688.8998,570.2831,0.0167,0.4628,1.4517,1829,61.788333333333334,237.9433289723533,451.6443,689.0714,570.3578,0.0,0.5074,1.4839,1829,61.788333333333334,236.27112061004735,452.5407,688.1851,570.3629,0.025,0.8474,1.4184,1829,61.788333333333334
236.1902180196569,452.5929,688.1595,570.3762,0.025,0.8933,1.4402,1830,61.82000000000001,235.83850513448368,452.9149,688.1595,570.5372,0.0,1.0376,1.4402,1830,61.82000000000001,237.82840117834442,451.6598,688.9191,570.2895,0.0167,0.4622,1.5486,1830,61.82000000000001,237.95098980989326,451.6375,689.09,570.3638,0.0,0.5133,1.4568,1830,61.82000000000001,236.1902180196569,452.5929,688.1595,570.3762,0.025,0.8933,1.4402,1830,61.82000000000001
236.2022081077135,452.5854,688.168,570.3767,0.025,0.9315,1.4338,1831,61.865,235.85039945759334,452.9076,688.168,570.5378,0.0,1.144,1.4338,1831,61.865,237.82088994289242,451.661,688.9083,570.2847,0.0167,0.4657,1.553,1831,61.865,237.94364676105783,451.6387,689.0795,570.3591,0.0,0.5191,1.4733,1831,61.865,236.2022081077135,452.5854,688.168,570.3767,0.025,0.9315,1.4338,1831,61.865
236.15809217459312,452.5722,688.1449,570.3585,0.025,0.9564,1.5349,1832,61.88666666666667,235.80556497079164,452.8955,688.1449,570.5202,0.0,1.1393,1.5349,1832,61.88666666666667,237.73065119679623,451.6561,688.8097,570.2329,0.0167,0.483,1.5987,1832,61.88666666666667,237.85570232448285,451.6338,688.9844,570.3091,0.0,0.5381,1.5717,1832,61.88666666666667,236.15809217459312,452.5722,688.1449,570.3585,0.025,0.9564,1.5349,1832,61.88666666666667
236.20714841115228,452.4897,688.0633,570.2765,0.025,0.9754,1.4868,1833,61.92,235.9486461372174,452.7183,688.0633,570.3908,0.0,1.0493,1.4868,1833,61.92,237.69994215779263,451.6314,688.728,570.1797,0.025,0.3967,1.4609,1833,61.92,237.69609572823606,451.6095,688.728,570.1687,0.0,0.5251,1.4609,1833,61.92,236.20714841115228,452.4897,688.0633,570.2765,0.025,0.9754,1.4868,1833,61.92
236.14943191606577,452.5291,688.057,570.293,0.025,1.0027,1.4665,1834,61.95333333333334,235.79918455870245,452.8539,688.057,570.4554,0.0,1.1797,1.4665,1834,61.95333333333334,237.70563957323566,451.61,688.7353,570.1727,0.0083,0.5215,1.4566,1834,61.95333333333334,237.71547937236465,451.5882,688.7353,570.1618,0.0,0.5517,1.4566,1834,61.95333333333334,236.14943191606577,452.5291,688.057,570.293,0.025,1.0027,1.4665,1834,61.95333333333334
236.2785374452259,452.4054,688.0547,570.2301,0.025,0.9003,1.4675,1835,61.98666666666667,235.9199598126004,452.7367,688.0547,570.3957,0.0,1.0336,1.4675,1835,61.98666666666667,237.82670612187133,451.4907,688.7392,570.1149,0.0083,0.4881,1.4849,1835,61.98666666666667,237.83792148225749,451.4659,688.7392,570.1025,0.0,0.518,1.4849,1835,61.98666666666667,236.2785374452259,452.4054,688.0547,570.2301,0.025,0.9003,1.4675,1835,61.98666666666667
236.4203952795425,452.2426,688.0317,570.1372,0.0417,0.7558,1.3857,1836,62.025000000000006,235.88809519170312,452.7492,688.0317,570.3905,0.0,0.6886,1.3857,1836,62.025000000000006,237.79466483441865,451.4819,688.6884,570.0851,0.0333,0.5145,1.4435,1836,62.025000000000006,237.84106271340931,451.4481,688.6884,570.0683,0.0,0.5004,1.4435,1836,62.025000000000006,236.44818077328512,452.2178,688.0317,570.1248,0.05,0.7157,1.3857,1836,62.025000000000006
236.4452759115412,452.2574,688.1072,570.1823,0.0417,0.6953,1.3645,1837,62.053333333333335,235.9149773889033,452.7633,688.1072,570.4352,0.0,0.6851,1.3645,1837,62.053333333333335,237.78752425816114,451.4843,688.6811,570.0827,0.0333,0.5151,1.4474,1837,62.053333333333335,237.8341498518762,451.4504,688.6811,570.0658,0.0,0.502,1.4474,1837,62.053333333333335,236.4721571729046,452.2334,688.1072,570.1703,0.05,0.6868,1.3645,1837,62.053333333333335
236.4489393419008,452.209,688.0141,570.1116,0.05,0.5915,1.4286,1838,62.08666666666667,235.8752427418334,452.7455,688.0141,570.3798,0.0,0.6528,1.4286,1838,62.08666666666667,237.84631552388072,451.4502,688.6774,570.0638,0.0417,0.4214,1.4917,1838,62.08666666666667,237.82817853525836,451.4461,688.6774,570.0618,0.0,0.5003,1.4917,1838,62.08666666666667,236.4489393419008,452.209,688.0141,570.1116,0.05,0.5915,1.4286,1838,62.08666666666667
236.44136800398226,452.2137,688.0149,570.1143,0.05,0.6516,1.3975,1839,62.120000000000005,235.86908566972025,452.7492,688.0149,570.382,0.0,0.6822,1.3975,1839,62.120000000000005,237.84662840523393,451.4504,688.678,570.0642,0.0417,0.4213,1.4914,1839,62.120000000000005,237.82853346693435,451.4462,688.678,570.0621,0.0,0.5119,1.4914,1839,62.120000000000005,236.44136800398226,452.2137,688.0149,570.1143,0.05,0.6516,1.3975,1839,62.120000000000005
236.42875599444693,452.2247,688.0167,570.1207,0.05,0.6781,1.3925,1840,62.153333333333336,235.87499924684298,452.7447,688.0167,570.3807,0.0,0.6471,1.3925,1840,62.153333333333336,237.8486871066615,451.4504,688.6801,570.0652,0.0417,0.4225,1.4732,1840,62.153333333333336,237.83059304220305,451.4463,688.6801,570.0632,0.0,0.5021,1.4732,1840,62.153333333333336,236.42875599444693,452.2247,688.0167,570.1207,0.05,0.6781,1.3925,1840,62.153333333333336
236.4346202525989,452.2251,688.0146,570.1199,0.05,0.676,1.3925,1841,62.18833333333334,235.8632955410403,452.7599,688.0146,570.3872,0.0,0.646,1.3925,1841,62.18833333333334,237.8553856934596,451.448,688.6933,570.0707,0.0417,0.4251,1.4373,1841,62.18833333333334,237.8371120635758,451.444,688.6933,570.0687,0.0,0.4975,1.4373,1841,62.18833333333334,236.46500724008393,452.1981,688.0146,570.1063,0.0583,0.6316,1.3925,1841,62.18833333333334
236.43410199903633,452.2285,688.0158,570.1222,0.05,0.6824,1.4007,1842,62.22166666666667,235.86333215669177,452.7626,688.0158,570.3892,0.0,0.6449,1.4007,1842,62.22166666666667,237.85082876509563,451.4472,688.68,570.0636,0.0417,0.435,1.4651,1842,62.22166666666667,237.83248376828107,451.4433,688.68,570.0617,0.0,0.4967,1.4651,1842,62.22166666666667,236.4643665154724,452.2016,688.0158,570.1087,0.0583,0.6519,1.4007,1842,62.22166666666667
236.43568540830108,452.227,688.0159,570.1214,0.0417,0.6814,1.4021,1843,62.25333333333334,235.9056324480539,452.7328,688.0159,570.3744,0.0,0.6414,1.4021,1843,62.25333333333334,237.85015327576468,451.4475,688.6789,570.0632,0.0417,0.4346,1.4676,1843,62.25333333333334,237.83181920358317,451.4435,688.6789,570.0612,0.0,0.497,1.4676,1843,62.25333333333334,236.43568540830108,452.227,688.0159,570.1214,0.0417,0.6814,1.4021,1843,62.25333333333334
236.37571252469527,452.2934,688.0185,570.1559,0.05,0.7355,1.3783,1844,62.28666666666667,235.8402409490067,452.7747,688.0185,570.3966,0.0,0.7832,1.3783,1844,62.28666666666667,237.85147534197864,451.4474,688.681,570.0642,0.0417,0.4353,1.466,1844,62.28666666666667,237.83313388628412,451.4435,688.681,570.0622,0.0,0.4968,1.466,1844,62.28666666666667,236.37571252469527,452.2934,688.0185,570.1559,0.05,0.7355,1.3783,1844,62.28666666666667
236.43597859325112,452.2274,688.0147,570.121,0.05,0.6926,1.3821,1845,62.32000000000001,235.86632008490452,452.7604,688.0147,570.3876,0.0,0.6481,1.3821,1845,62.32000000000001,237.85613951654148,451.4462,688.6871,570.0667,0.0417,0.4315,1.457,1845,62.32000000000001,237.83781063657813,451.4423,688.6871,570.0647,0.0,0.5067,1.457,1845,62.32000000000001,236.43597859325112,452.2274,688.0147,570.121,0.05,0.6926,1.3821,1845,62.32000000000001
236.23743045832,452.3631,687.9964,570.1797,0.0333,1.0276,1.5242,1846,62.35666666666667,235.99280412372954,452.6098,687.9964,570.3031,0.0167,1.0899,1.5242,1846,62.35666666666667,237.85804033771242,451.4568,688.803,570.1299,0.0083,0.5481,1.3528,1846,62.35666666666667,237.8703684474425,451.4295,688.803,570.1163,0.0,0.5525,1.3528,1846,62.35666666666667,236.19496767531604,452.4178,688.0202,570.219,0.0167,1.0661,1.4709,1846,62.35666666666667
236.09047441661886,452.4869,687.9948,570.2409,0.025,1.0592,1.5313,1847,62.38666666666667,235.9026870361611,452.672,687.9948,570.3334,0.0167,1.0662,1.5313,1847,62.38666666666667,237.86014332597864,451.4573,688.8008,570.129,0.0083,0.4906,1.3572,1847,62.38666666666667,237.8724510870008,451.4301,688.8008,570.1154,0.0,0.547,1.3572,1847,62.38666666666667,236.12907204679547,452.47,688.0228,570.2464,0.0083,1.0738,1.4739,1847,62.38666666666667
236.08331634821317,452.495,687.9943,570.2447,0.025,1.0614,1.5366,1848,62.42,235.89577285217885,452.6798,687.9943,570.3371,0.0167,1.0706,1.5366,1848,62.42,237.85962940314883,451.4574,688.8008,570.1291,0.0083,0.4879,1.357,1848,62.42,237.87192042296695,451.4302,688.8008,570.1155,0.0,0.547,1.357,1848,62.42,236.1217349031708,452.4782,688.0224,570.2503,0.0083,1.0648,1.4736,1848,62.42
236.16456785751993,452.425,687.9962,570.2106,0.0333,1.0778,1.5389,1849,62.45333333333334,235.92247308038395,452.6691,687.9962,570.3326,0.0167,1.1256,1.5389,1849,62.45333333333334,237.85921685466204,451.4579,688.8008,570.1294,0.0083,0.4866,1.3572,1849,62.45333333333334,237.8714967645103,451.4308,688.8008,570.1158,0.0,0.5471,1.3572,1849,62.45333333333334,236.14406471973396,452.4711,688.0241,570.2476,0.0083,1.0598,1.4825,1849,62.45333333333334
236.46818674585643,452.16,687.9919,570.076,0.0667,0.6854,1.5362,1850,62.48833333333334,236.1656403762414,452.429,687.9919,570.2104,0.0167,0.8315,1.5362,1850,62.48833333333334,237.97304976690597,451.3388,688.7993,570.0691,0.0083,0.4812,1.3534,1850,62.48833333333334,238.01004461404577,451.3061,688.7993,570.0527,0.0,0.4679,1.3534,1850,62.48833333333334,236.49677794318336,452.1505,688.02,570.0852,0.05,0.7286,1.4941,1850,62.48833333333334
236.40046021947896,452.2149,687.9921,570.1035,0.025,0.6885,1.5335,1851,62.53,236.17512717998528,452.4233,687.9921,570.2077,0.0083,0.9353,1.5335,1851,62.53,237.95639303310668,451.3549,688.7986,570.0767,0.0083,0.4999,1.3857,1851,62.53,237.99379814013471,451.3218,688.7986,570.0602,0.0,0.518,1.3857,1851,62.53,236.41692296329634,452.2149,688.0202,570.1175,0.0167,0.6885,1.4956,1851,62.53
236.21888439211605,452.376,687.9991,570.1876,0.025,0.7817,1.4892,1852,62.55500000000001,236.09986657244895,452.4984,687.9991,570.2488,0.0083,0.9521,1.4892,1852,62.55500000000001,237.89638528005275,451.4205,688.8045,570.1125,0.0167,0.564,1.4596,1852,62.55500000000001,238.0515548245913,451.3855,688.9799,570.1827,0.0,0.5217,1.3559,1852,62.55500000000001,236.2352060467351,452.376,688.027,570.2015,0.0167,0.7817,1.4781,1852,62.55500000000001
235.9964738503272,452.5747,687.9975,570.2861,0.0417,0.8006,1.4923,1853,62.59,235.71685672978106,452.8387,687.9975,570.4181,0.0083,1.154,1.4923,1853,62.59,237.786213127786,451.535,688.8001,570.1675,0.0167,0.4926,1.4636,1853,62.59,237.91527078282965,451.5051,688.9757,570.2404,0.0,0.5705,1.3611,1853,62.59,236.01283027405216,452.5747,688.0254,570.3001,0.0333,0.8006,1.4686,1853,62.59
236.02694315620607,452.4929,688.0342,570.2636,0.0417,0.929,1.5494,1854,62.623333333333335,235.65599274926808,452.8533,688.0342,570.4438,0.0167,1.2437,1.5494,1854,62.623333333333335,237.7421934698781,451.5232,688.7769,570.15,0.0167,0.5393,1.2994,1854,62.623333333333335,237.86502343593688,451.4934,688.943,570.2182,0.0,0.5833,1.3694,1854,62.623333333333335,235.97903383791473,452.5685,688.0609,570.3147,0.0333,0.8109,1.5471,1854,62.623333333333335
235.9350247817538,452.4919,687.9157,570.2038,0.0333,0.9043,1.446,1855,62.65666666666667,235.56391121667374,452.8523,687.9157,570.384,0.0083,1.1337,1.446,1855,62.65666666666667,237.64547012699038,451.5151,688.6367,570.0759,0.0167,0.5142,1.2761,1855,62.65666666666667,237.7711198308063,451.485,688.8069,570.146,0.0,0.5722,1.1901,1855,62.65666666666667,235.87217191938876,452.567,687.9157,570.2413,0.0333,0.8185,1.446,1855,62.65666666666667
236.12256774299948,452.29,687.8264,570.0582,0.025,0.9361,1.4001,1856,62.690000000000005,235.93808531957683,452.4464,687.8264,570.1364,0.0083,0.9589,1.4001,1856,62.690000000000005,237.86330546263667,451.3284,688.6547,569.9915,0.0167,0.6256,1.3505,1856,62.690000000000005,237.9897011512238,451.305,688.8306,570.0678,0.0,0.6101,1.209,1856,62.690000000000005,236.1580707302248,452.2673,687.8264,570.0468,0.025,0.8734,1.4001,1856,62.690000000000005
236.1534570947908,452.2874,687.8276,570.0575,0.025,0.9439,1.4508,1857,62.72166666666667,235.96942941468575,452.444,687.8276,570.1358,0.0083,0.9372,1.4508,1857,62.72166666666667,237.87011695799154,451.3255,688.6529,569.9892,0.0167,0.6083,1.3596,1857,62.72166666666667,237.99657207434376,451.3022,688.8289,570.0655,0.0,0.6107,1.2411,1857,62.72166666666667,236.18727725042055,452.2647,687.8276,570.0461,0.025,0.8703,1.4508,1857,62.72166666666667
236.32805891054002,452.2514,688.0229,570.1372,0.0417,0.861,1.4102,1858,62.75333333333334,236.11177538225485,452.4555,688.0229,570.2392,0.0083,0.9487,1.4102,1858,62.75333333333334,237.990598714396,451.3271,688.7887,570.0579,0.0167,0.5964,1.2277,1858,62.75333333333334,238.1149536885386,451.3039,688.9617,570.1328,0.0,0.5798,1.2645,1858,62.75333333333334,236.37958998162856,452.2223,688.0229,570.1226,0.0333,0.8066,1.4102,1858,62.75333333333334
236.3788017128292,452.2224,688.0283,570.1253,0.0333,0.8691,1.4142,1859,62.790000000000006,236.14054530530134,452.437,688.0283,570.2326,0.0083,0.9147,1.4142,1859,62.790000000000006,238.0092963262678,451.3303,688.8017,570.066,0.0167,0.5162,1.3042,1859,62.790000000000006,238.13370838988735,451.307,688.9747,570.1409,0.0,0.5748,1.2283,1859,62.790000000000006,236.35832756759424,452.2576,688.0283,570.1429,0.025,0.8593,1.4142,1859,62.790000000000006
236.31263637931477,452.2952,688.0286,570.1619,0.025,0.8547,1.4267,1860,62.82000000000001,236.12933563509932,452.4518,688.0286,570.2402,0.0083,0.985,1.4267,1860,62.82000000000001,237.9962790859046,451.3482,688.8021,570.0751,0.0167,0.5496,1.2895,1860,62.82000000000001,238.12115777050832,451.3239,688.9751,570.1495,0.0,0.5757,1.1758,1860,62.82000000000001,236.34623803130984,452.2727,688.0286,570.1506,0.025,0.8975,1.4267,1860,62.82000000000001
236.26684428715706,452.2949,687.9539,570.1244,0.025,0.8795,1.3323,1861,62.85333333333334,236.08361092794507,452.4518,687.9539,570.2029,0.0083,0.8832,1.3323,1861,62.85333333333334,237.93850764002818,451.3494,688.7173,570.0334,0.0167,0.5643,1.3672,1861,62.85333333333334,238.06489611117473,451.3251,688.8926,570.1088,0.0,0.5732,1.3173,1861,62.85333333333334,236.30053897080614,452.2724,687.9539,570.1132,0.025,0.8356,1.3323,1861,62.85333333333334
236.16781306288365,452.3204,687.9197,570.1201,0.025,0.933,1.4035,1862,62.89166666666667,235.95742879051613,452.5329,687.9197,570.2263,0.0083,0.97,1.4035,1862,62.89166666666667,237.8716184645373,451.348,688.6733,570.0107,0.0167,0.5686,1.3675,1862,62.89166666666667,237.99921587065825,451.3237,688.8504,570.0871,0.0,0.5682,1.3125,1862,62.89166666666667,236.18254311817495,452.3091,687.9197,570.1144,0.0167,0.9795,1.4035,1862,62.89166666666667
236.21323181693626,452.2948,687.9135,570.1042,0.0333,0.9517,1.4294,1863,62.92,235.95749198218613,452.5384,687.9135,570.2259,0.0083,0.9519,1.4294,1863,62.92,237.8799257921078,451.3466,688.6744,570.0105,0.0167,0.5439,1.3779,1863,62.92,238.007390780311,451.3223,688.8513,570.0868,0.0,0.5661,1.2955,1863,62.92,236.2240895664523,452.2861,687.9135,570.0998,0.025,1.0036,1.4294,1863,62.92
236.2338262839882,452.2919,687.9421,570.117,0.0333,0.9214,1.4497,1864,62.955000000000005,235.9784486142586,452.5356,687.9421,570.2389,0.0083,0.9927,1.4497,1864,62.955000000000005,237.8912766408032,451.3465,688.6861,570.0163,0.0167,0.5423,1.2968,1864,62.955000000000005,238.01862422485755,451.3222,688.8629,570.0926,0.0,0.5653,1.2552,1864,62.955000000000005,236.24472719892793,452.2831,687.9421,570.1126,0.025,0.9759,1.4497,1864,62.955000000000005
236.23607813432008,452.2902,687.9421,570.1162,0.0333,0.9291,1.4493,1865,62.99666666666667,235.98011337357187,452.5346,687.9421,570.2383,0.0083,0.9889,1.4493,1865,62.99666666666667,237.89137815884786,451.3464,688.6861,570.0163,0.0167,0.5422,1.2968,1865,62.99666666666667,238.0187272716259,451.3222,688.8629,570.0925,0.0,0.5653,1.2552,1865,62.99666666666667,236.24690808503715,452.2815,687.9421,570.1118,0.025,0.9773,1.4493,1865,62.99666666666667
236.28148364509744,452.2476,687.9732,570.1104,0.0333,0.7624,1.4798,1866,63.03,235.83670807224638,452.6965,687.9732,570.3349,0.0083,1.0259,1.4798,1866,63.03,237.7317863358203,451.4762,688.67,570.0731,0.025,0.5052,1.262,1866,63.03,237.91709777206395,451.4146,688.8486,570.1316,0.0,0.5241,1.2428,1866,63.03,236.28148364509744,452.2476,687.9732,570.1104,0.0333,0.7624,1.4798,1866,63.03
236.22142384032688,452.3009,687.9624,570.1317,0.0417,0.8855,1.4403,1867,63.053333333333335,235.6464833578517,452.8675,687.9624,570.4149,0.0083,1.0361,1.4403,1867,63.053333333333335,237.7364843684667,451.4739,688.6705,570.0722,0.025,0.4991,1.2646,1867,63.053333333333335,237.91907059809094,451.4144,688.8484,570.1314,0.0,0.5342,1.2385,1867,63.053333333333335,236.1539541109721,452.3736,687.9624,570.168,0.0333,0.9385,1.4403,1867,63.053333333333335
236.20383946365237,452.3084,687.9605,570.1344,0.0417,0.8024,1.4549,1868,63.09666666666667,235.62906332035607,452.8749,687.9605,570.4177,0.0083,1.0668,1.4549,1868,63.09666666666667,237.73809689652364,451.4739,688.6739,570.0739,0.025,0.5015,1.2629,1868,63.09666666666667,237.92103835262083,451.4141,688.8518,570.1329,0.0,0.5259,1.2379,1868,63.09666666666667,236.20383946365234,452.3084,687.9605,570.1344,0.0417,0.8024,1.4549,1868,63.09666666666667
236.21871597957303,452.3004,687.968,570.1342,0.0417,0.7763,1.4624,1869,63.123333333333335,235.6427554316919,452.868,687.968,570.418,0.0083,1.0742,1.4624,1869,63.123333333333335,237.7466904977921,451.4717,688.6828,570.0772,0.025,0.5128,1.2704,1869,63.123333333333335,237.92928961356245,451.412,688.8604,570.1362,0.0,0.5297,1.2381,1869,63.123333333333335,236.21871597957303,452.3004,687.968,570.1342,0.0417,0.7763,1.4624,1869,63.123333333333335
236.21839377299716,452.3053,687.9761,570.1407,0.0417,0.7609,1.4527,1870,63.153333333333336,235.64269637811577,452.8726,687.9761,570.4244,0.0083,1.0739,1.4527,1870,63.153333333333336,237.7424853738603,451.4743,688.6835,570.0789,0.025,0.5188,1.273,1870,63.153333333333336,237.92521239612475,451.4145,688.8611,570.1378,0.0,0.5128,1.2374,1870,63.153333333333336,236.21839377299713,452.3053,687.9761,570.1407,0.0417,0.7609,1.4527,1870,63.153333333333336
236.17314642820463,452.36,687.9693,570.1647,0.0333,0.8874,1.4621,1871,63.19833333333334,235.66512251435506,452.8545,687.9693,570.4119,0.0083,1.0249,1.4621,1871,63.19833333333334,237.74272261867873,451.4737,688.6809,570.0773,0.025,0.5195,1.2707,1871,63.19833333333334,237.92545646847398,451.414,688.8586,570.1363,0.0,0.522,1.2381,1871,63.19833333333334,236.24044676127573,452.2876,687.9693,570.1284,0.0417,0.8036,1.4621,1871,63.19833333333334
236.24369625476342,452.2907,687.9675,570.1291,0.0417,0.8027,1.4635,1872,63.220000000000006,235.66867130262017,452.8573,687.9675,570.4124,0.0083,1.0252,1.4635,1872,63.220000000000006,237.74325058649742,451.4742,688.6804,570.0773,0.025,0.5216,1.27,1872,63.220000000000006,237.92608011550152,451.4144,688.8581,570.1362,0.0,0.5199,1.239,1872,63.220000000000006,236.24369625476348,452.2907,687.9675,570.1291,0.0417,0.8027,1.4635,1872,63.220000000000006
236.17823713291165,452.3627,687.9695,570.1661,0.0333,0.8923,1.4631,1873,63.25333333333334,235.67046007213744,452.8569,687.9695,570.4132,0.0083,1.0228,1.4631,1873,63.25333333333334,237.7462840540396,451.4708,688.6798,570.0753,0.025,0.5163,1.2695,1873,63.25333333333334,237.9289224852452,451.4112,688.8576,570.1344,0.0,0.5265,1.239,1873,63.25333333333334,236.24543730824863,452.2903,687.9695,570.1299,0.0417,0.8075,1.4631,1873,63.25333333333334
236.2205818291269,452.3001,687.9663,570.1332,0.0417,0.7687,1.4686,1874,63.29833333333334,235.643670040105,452.8686,687.9663,570.4174,0.0083,1.1372,1.4686,1874,63.29833333333334,237.74400876331114,451.4735,688.6807,570.0771,0.025,0.5189,1.2719,1874,63.29833333333334,237.92683836213624,451.4137,688.8585,570.1361,0.0,0.5239,1.2403,1874,63.29833333333334,236.22058182912687,452.3001,687.9663,570.1332,0.0417,0.7687,1.4686,1874,63.29833333333334
236.32893346002624,452.2436,688.0237,570.1336,0.025,0.9245,1.5094,1875,63.32000000000001,236.07449710734022,452.5049,688.0237,570.2643,0.0083,1.1015,1.5094,1875,63.32000000000001,237.79033263510934,451.4407,688.6762,570.0585,0.0167,0.5655,1.314,1875,63.32000000000001,237.93839387405467,451.4119,688.8516,570.1318,0.0,0.5235,1.3123,1875,63.32000000000001,236.3195598404606,452.2568,688.0237,570.1403,0.0333,0.7445,1.5094,1875,63.32000000000001
236.3162280157597,452.2989,688.0871,570.193,0.0417,0.8235,1.4364,1876,63.355000000000004,235.7266946190263,452.8794,688.0871,570.4833,0.0083,1.0013,1.4364,1876,63.355000000000004,237.73518511169877,451.4324,688.5936,570.013,0.025,0.5882,1.3703,1876,63.355000000000004,237.91923354446882,451.3648,688.7604,570.0626,0.0,0.5662,1.3185,1876,63.355000000000004,236.23132601768359,452.3758,688.0871,570.2314,0.0417,0.7608,1.4364,1876,63.355000000000004
236.31555750567915,452.2991,688.0909,570.195,0.0417,0.83,1.4146,1877,63.38666666666667,235.72638660671043,452.8792,688.0909,570.4851,0.0083,0.9885,1.4146,1877,63.38666666666667,237.7405821003362,451.4319,688.5915,570.0117,0.025,0.5883,1.3939,1877,63.38666666666667,237.92468902993622,451.3643,688.7584,570.0614,0.0,0.567,1.3114,1877,63.38666666666667,236.23069554912317,452.3759,688.0909,570.2334,0.0417,0.7758,1.4146,1877,63.38666666666667
236.3207119674566,452.2985,688.0914,570.195,0.0417,0.8338,1.4321,1878,63.42,235.7315414443456,452.8787,688.0914,570.4851,0.0083,1.0045,1.4321,1878,63.42,237.74061678123138,451.4319,688.5915,570.0117,0.025,0.5883,1.3829,1878,63.42,237.92473222282948,451.3644,688.7586,570.0615,0.0,0.5637,1.3153,1878,63.42,236.23585764682304,452.3752,688.0914,570.2333,0.0417,0.7533,1.4321,1878,63.42
236.30129763620545,452.2956,688.0559,570.1758,0.0417,0.7814,1.4228,1879,63.45333333333334,235.71284114748954,452.8751,688.0559,570.4655,0.0083,1.0639,1.4228,1879,63.45333333333334,237.73313168986652,451.4312,688.5783,570.0048,0.025,0.5728,1.397,1879,63.45333333333334,237.91330733732843,451.3658,688.7428,570.0543,0.0,0.5617,1.3404,1879,63.45333333333334,236.21621862979876,452.3724,688.0559,570.2142,0.0417,0.7778,1.4228,1879,63.45333333333334
236.3145214534926,452.2998,688.0775,570.1886,0.0417,0.8111,1.4481,1880,63.48666666666667,235.7264162512996,452.8789,688.0775,570.4782,0.0083,1.0359,1.4481,1880,63.48666666666667,237.73745555159869,451.4287,688.5866,570.0076,0.025,0.5887,1.3938,1880,63.48666666666667,237.92293042648433,451.3613,688.7559,570.0586,0.0,0.5573,1.3238,1880,63.48666666666667,236.22999157569413,452.3763,688.0775,570.2269,0.0417,0.7534,1.4481,1880,63.48666666666667
236.2581272399868,452.3582,688.086,570.2221,0.0333,0.7765,1.4675,1881,63.528333333333336,235.7564734047765,452.8594,688.086,570.4727,0.0,1.0583,1.4675,1881,63.528333333333336,237.74023468964023,451.4258,688.5865,570.0061,0.025,0.5863,1.3941,1881,63.528333333333336,237.9255039669151,451.3587,688.7558,570.0572,0.0,0.5569,1.3229,1881,63.528333333333336,236.2581272399868,452.3582,688.086,570.2221,0.0333,0.7765,1.4675,1881,63.528333333333336
236.25503688037438,452.3618,688.0902,570.226,0.0333,0.7822,1.4439,1882,63.553333333333335,235.7530883683688,452.863,688.0902,570.4766,0.0,1.0588,1.4439,1882,63.553333333333335,237.7422672946554,451.4262,688.586,570.0061,0.025,0.5773,1.3926,1882,63.553333333333335,237.9275375658713,451.359,688.7553,570.0572,0.0,0.5718,1.3195,1882,63.553333333333335,236.25503688037438,452.3618,688.0902,570.226,0.0333,0.7822,1.4439,1882,63.553333333333335
236.24827518120958,452.364,688.0958,570.2299,0.0333,0.807,1.4206,1883,63.58833333333334,235.74614060154082,452.8658,688.0958,570.4808,0.0,1.0377,1.4206,1883,63.58833333333334,237.74738841094768,451.4275,688.5935,570.0105,0.025,0.5877,1.3948,1883,63.58833333333334,237.9311750415487,451.3602,688.7605,570.0604,0.0,0.5674,1.3092,1883,63.58833333333334,236.24827518120958,452.364,688.0958,570.2299,0.0333,0.807,1.4206,1883,63.58833333333334
236.25474418234418,452.3607,688.0886,570.2246,0.0333,0.7797,1.4478,1884,63.620000000000005,235.75285875854715,452.8621,688.0886,570.4753,0.0,1.0447,1.4478,1884,63.620000000000005,237.742448960773,451.4292,688.5871,570.0081,0.025,0.5878,1.3926,1884,63.620000000000005,237.92765261653227,451.3621,688.7564,570.0592,0.0,0.5754,1.3151,1884,63.620000000000005,236.25474418234418,452.3607,688.0886,570.2246,0.0333,0.7797,1.4478,1884,63.620000000000005
236.26362948729823,452.3457,688.0763,570.211,0.0333,0.753,1.4505,1885,63.653333333333336,235.76204550518122,452.8468,688.0763,570.4615,0.0,1.0449,1.4505,1885,63.653333333333336,237.74232070707188,451.4275,688.5876,570.0075,0.025,0.5839,1.3933,1885,63.653333333333336,237.92748855743505,451.3604,688.7569,570.0586,0.0,0.5539,1.3251,1885,63.653333333333336,236.26362948729823,452.3457,688.0763,570.211,0.0333,0.753,1.4505,1885,63.653333333333336
236.4472997723346,452.1474,688.007,570.0772,0.0417,0.5978,1.407,1886,63.68833333333334,236.22026792237352,452.3583,688.007,570.1826,0.0083,0.875,1.407,1886,63.68833333333334,238.0538060038983,451.3593,688.8739,570.1166,0.0167,0.4852,1.4138,1886,63.68833333333334,238.0451529339441,451.3442,688.8739,570.109,0.0,0.5221,1.4138,1886,63.68833333333334,236.45288760728485,452.1687,688.007,570.0879,0.025,0.77,1.407,1886,63.68833333333334
236.44985209970292,452.1593,688.031,570.0952,0.0417,0.637,1.3804,1887,63.72166666666667,236.22328883515567,452.3691,688.031,570.2001,0.0083,0.8925,1.3804,1887,63.72166666666667,238.06039104095348,451.3661,688.8911,570.1286,0.0167,0.4725,1.4065,1887,63.72166666666667,238.05131268774645,451.3519,688.8911,570.1215,0.0,0.4979,1.4065,1887,63.72166666666667,236.45582906459308,452.1802,688.031,570.1056,0.025,0.7856,1.3804,1887,63.72166666666667
236.37853133493306,452.2462,688.043,570.1446,0.0417,0.6755,1.4031,1888,63.75666666666667,236.15503537653277,452.4512,688.043,570.2471,0.0083,0.9449,1.4031,1888,63.75666666666667,237.87211218775383,451.4642,688.7402,570.1022,0.025,0.5379,1.4696,1888,63.75666666666667,238.0237333410212,451.4026,688.9217,570.1621,0.0,0.5906,1.4022,1888,63.75666666666667,236.38596206764967,452.2651,688.043,570.154,0.025,0.9247,1.4031,1888,63.75666666666667
236.32265132293952,452.309,688.0475,570.1782,0.0333,0.7895,1.3965,1889,63.79166666666667,236.15292340472317,452.456,688.0475,570.2517,0.0083,0.9604,1.3965,1889,63.79166666666667,237.86605115255193,451.4757,688.7401,570.1079,0.025,0.5355,1.4661,1889,63.79166666666667,238.01579809099744,451.4178,688.9216,570.1697,0.0,0.5474,1.4071,1889,63.79166666666667,236.3835842228067,452.2701,688.0475,570.1588,0.025,0.9273,1.3965,1889,63.79166666666667
236.3656702776027,452.2542,688.0337,570.144,0.0417,0.6154,1.4032,1890,63.82333333333334,236.14250173340324,452.4587,688.0337,570.2462,0.0083,0.9659,1.4032,1890,63.82333333333334,237.85482103750226,451.4751,688.722,570.0985,0.025,0.5366,1.4749,1890,63.82333333333334,238.00601286857446,451.4145,688.9039,570.1592,0.0,0.5444,1.4027,1890,63.82333333333334,236.3732425578068,452.2728,688.0337,570.1532,0.025,0.9081,1.4032,1890,63.82333333333334
236.33487894577544,452.2794,688.0065,570.143,0.025,0.8289,1.4303,1891,63.85333333333334,236.15159741947866,452.4328,688.0065,570.2197,0.0083,0.9101,1.4303,1891,63.85333333333334,237.97037979772037,451.4682,688.8752,570.1717,0.025,0.5336,1.4379,1891,63.85333333333334,238.01543670680184,451.3834,688.8752,570.1293,0.0,0.5385,1.4379,1891,63.85333333333334,236.3835058883987,452.2464,688.0065,570.1265,0.025,0.9313,1.4303,1891,63.85333333333334
236.34697456352143,452.2688,688.014,570.1414,0.025,0.8342,1.4282,1892,63.88666666666667,236.1637236875253,452.423,688.014,570.2185,0.0083,0.907,1.4282,1892,63.88666666666667,237.97817845604598,451.4614,688.8764,570.1689,0.025,0.4729,1.437,1892,63.88666666666667,238.02395490214815,451.3757,688.8764,570.126,0.0,0.5452,1.437,1892,63.88666666666667,236.39563990825297,452.2357,688.014,570.1248,0.025,0.9172,1.4282,1892,63.88666666666667
236.34967852968092,452.2671,688.0161,570.1416,0.025,0.8284,1.4042,1893,63.92,236.16637225483916,452.4214,688.0161,570.2187,0.0083,0.9103,1.4042,1893,63.92,237.97934038638704,451.4616,688.878,570.1698,0.025,0.4748,1.4365,1893,63.92,238.0238963564984,451.3785,688.878,570.1283,0.0,0.5329,1.4365,1893,63.92,236.3983250168542,452.2341,688.0161,570.1251,0.025,0.9143,1.4042,1893,63.92
236.34631503751905,452.2681,688.0119,570.14,0.025,0.813,1.3964,1894,63.95333333333334,236.16280254580897,452.4225,688.0119,570.2172,0.0083,0.9533,1.3964,1894,63.95333333333334,237.87192413870574,451.4609,688.7131,570.087,0.0333,0.4784,1.4767,1894,63.95333333333334,238.0262023171545,451.3778,688.8797,570.1288,0.0,0.5341,1.4365,1894,63.95333333333334,236.39502796334853,452.235,688.0119,570.1234,0.025,0.9022,1.3964,1894,63.95333333333334
236.34447491181854,452.2722,688.0124,570.1423,0.025,0.8459,1.4086,1895,63.98666666666667,236.1612661819994,452.4262,688.0124,570.2193,0.0083,0.9649,1.4086,1895,63.98666666666667,237.89855244685825,451.4389,688.7111,570.075,0.0417,0.4874,1.4777,1895,63.98666666666667,238.02774202569464,451.3766,688.8778,570.1272,0.0,0.5335,1.41,1895,63.98666666666667,236.3933353121516,452.239,688.0124,570.1257,0.025,0.8933,1.4086,1895,63.98666666666667
236.22848338118897,452.3951,688.0049,570.2,0.0417,0.949,1.4384,1896,64.02166666666668,235.7954670139464,452.8089,688.0049,570.4069,0.0083,0.9876,1.4384,1896,64.02166666666668,237.7567326741282,451.5522,688.7358,570.144,0.0167,0.4351,1.3955,1896,64.02166666666668,237.7365614576146,451.5561,688.7358,570.146,0.0,0.5641,1.3955,1896,64.02166666666668,236.2428402138608,452.3834,688.0049,570.1941,0.0333,0.9711,1.4384,1896,64.02166666666668
236.3063586011564,452.3295,688.0064,570.1679,0.05,0.8872,1.4386,1897,64.05333333333334,235.8516686264894,452.7534,688.0064,570.3799,0.0083,1.0242,1.4386,1897,64.05333333333334,237.82296254738034,451.4861,688.7365,570.1113,0.025,0.4124,1.3958,1897,64.05333333333334,237.77250894161222,451.5235,688.7365,570.13,0.0,0.4779,1.3958,1897,64.05333333333334,236.2559806211305,452.3855,688.0064,570.196,0.0333,0.8913,1.4386,1897,64.05333333333334
236.32998047463587,452.2967,688.01,570.1534,0.05,0.8161,1.5151,1898,64.08666666666667,235.87218527992232,452.7238,688.01,570.3669,0.0083,1.0402,1.5151,1898,64.08666666666667,237.7749200455942,451.5182,688.7326,570.1254,0.0167,0.4364,1.4571,1898,64.08666666666667,237.75387150624834,451.5228,688.7326,570.1277,0.0,0.49,1.4571,1898,64.08666666666667,236.2790083570825,452.3536,688.01,570.1818,0.0333,0.848,1.5151,1898,64.08666666666667
236.44947786094806,452.2548,688.0812,570.168,0.05,0.872,1.4149,1899,64.12,235.9815900278841,452.7022,688.0812,570.3917,0.0083,1.0657,1.4149,1899,64.12,237.94027125471544,451.4995,688.8757,570.1876,0.0333,0.4077,1.4771,1899,64.12,237.91280714271235,451.4945,688.8757,570.1851,0.0,0.5342,1.4771,1899,64.12,236.34945036454664,452.3615,688.0812,570.2214,0.025,0.8966,1.4149,1899,64.12
236.19189445187027,452.318,687.8814,570.0997,0.05,0.8659,1.4569,1900,64.15333333333334,235.73820168696645,452.7409,687.8814,570.3112,0.0083,1.0712,1.4569,1900,64.15333333333334,237.7199107457395,451.4972,688.6287,570.063,0.0333,0.3916,1.497,1900,64.15333333333334,237.69363067675786,451.4909,688.6287,570.0598,0.0,0.5598,1.497,1900,64.15333333333334,236.14253627277333,452.3732,687.8814,570.1273,0.0333,0.8386,1.4569,1900,64.15333333333334
236.03652770795665,452.3247,687.6998,570.0123,0.05,0.9021,1.3559,1901,64.18833333333333,235.58114822744216,452.7492,687.6998,570.2245,0.0083,1.0307,1.3559,1901,64.18833333333333,237.59341395567992,451.5136,688.5376,570.0256,0.0167,0.4569,1.5373,1901,64.18833333333333,237.57596701039483,451.51,688.5376,570.0238,0.0,0.5241,1.5373,1901,64.18833333333333,235.98616785577917,452.3808,687.6998,570.0403,0.0333,0.8834,1.3559,1901,64.18833333333333
236.28976141437394,452.5979,688.2546,570.4262,0.05,0.7454,1.542,1902,64.22333333333334,235.8283654320983,453.0292,688.2546,570.6419,0.0083,1.0376,1.542,1902,64.22333333333334,237.7565371490708,451.7851,688.9486,570.3668,0.0333,0.5153,1.3643,1902,64.22333333333334,237.85767551842156,451.7591,689.1105,570.4348,0.0,0.5423,1.4525,1902,64.22333333333334,236.301731743698,452.5882,688.2546,570.4214,0.0417,0.7815,1.542,1902,64.22333333333334
236.21273742083906,452.204,687.8394,570.0217,0.0417,0.8345,1.4921,1903,64.25333333333334,235.7763248980415,452.6564,687.8394,570.2479,0.0,1.0528,1.4921,1903,64.25333333333334,238.02330087925534,451.2009,688.6677,569.9343,0.0083,0.5348,1.4445,1903,64.25333333333334,238.06089776854967,451.1677,688.6677,569.9177,0.0,0.5159,1.4445,1903,64.25333333333334,236.21273742083906,452.204,687.8394,570.0217,0.0417,0.8345,1.4921,1903,64.25333333333334
235.9460013252467,452.1445,687.4533,569.7989,0.05,0.8785,1.4236,1904,64.28666666666668,235.28431843022494,452.8124,687.4533,570.1328,0.0083,1.1566,1.4236,1904,64.28666666666668,237.69573382987068,451.1744,688.2657,569.72,0.0167,0.5433,1.3672,1904,64.28666666666668,237.83566846371093,451.1588,688.4676,569.8132,0.0,0.5687,1.299,1904,64.28666666666668,235.95665495676147,452.1302,687.4533,569.7917,0.05,0.8242,1.4236,1904,64.28666666666668
236.1605483496055,452.4612,688.0103,570.2358,0.05,0.7405,1.6251,1905,64.325,235.77046195504425,452.8135,688.0103,570.4119,0.0,1.0312,1.6251,1905,64.325,237.6945272592867,451.6705,688.84,570.2552,0.0167,0.5391,1.355,1905,64.325,237.8546917638393,451.6391,689.0293,570.3342,0.0,0.5474,1.3012,1905,64.325,236.1605483496055,452.4612,688.0103,570.2358,0.05,0.7405,1.6251,1905,64.325
236.581820399987,452.1909,688.0853,570.1381,0.025,0.6946,1.3322,1906,64.355,236.49948878564192,452.2815,688.0853,570.1834,0.0,0.7266,1.3322,1906,64.355,238.17896729274287,451.2217,688.804,570.0129,0.0083,0.536,1.2875,1906,64.355,238.27949103572152,451.2217,688.9567,570.0892,0.0,0.536,1.3861,1906,64.355,236.581820399987,452.1909,688.0853,570.1381,0.025,0.6946,1.3322,1906,64.355
236.55654348770253,451.8946,687.7762,569.8354,0.0417,0.5749,1.3402,1907,64.38666666666667,236.49739505928298,451.9384,687.7762,569.8573,0.0,0.6678,1.3402,1907,64.38666666666667,238.14571131222928,451.0659,688.6778,569.8719,0.0167,0.5616,1.3578,1907,64.38666666666667,238.2717731921437,451.0445,688.8545,569.9495,0.0,0.587,1.2606,1907,64.38666666666667,236.55654348770253,451.8946,687.7762,569.8354,0.0417,0.5749,1.3402,1907,64.38666666666667
236.2203218261004,452.2663,687.7948,570.0306,0.0333,0.6244,1.551,1908,64.42833333333334,236.1308749918625,452.3456,687.7948,570.0702,0.0,0.6826,1.551,1908,64.42833333333334,237.72691749050432,451.5401,688.7357,570.1379,0.0167,0.5734,1.3702,1908,64.42833333333334,237.85505201630545,451.51,688.9097,570.2098,0.0,0.5653,1.2891,1908,64.42833333333334,236.2203218261004,452.2663,687.7948,570.0306,0.0333,0.6244,1.551,1908,64.42833333333334
236.39693062222253,452.2046,687.8975,570.0511,0.05,0.5655,1.6018,1909,64.45333333333333,236.23699610779514,452.3468,687.8975,570.1222,0.0,0.6366,1.6018,1909,64.45333333333333,237.82181708447771,451.5587,688.9146,570.2366,0.0083,0.593,1.3105,1909,64.45333333333333,237.85386462596023,451.5304,688.9146,570.2225,0.0,0.5658,1.3105,1909,64.45333333333333,236.39693062222253,452.2046,687.8975,570.0511,0.05,0.5655,1.6018,1909,64.45333333333333
236.42619264821727,452.0942,687.7557,569.9249,0.025,0.732,1.4769,1910,64.48666666666666,236.38247245520793,452.1333,687.7557,569.9445,0.0,0.7105,1.4769,1910,64.48666666666666,237.99537460559722,451.3527,688.8584,570.1056,0.0083,0.5814,1.2969,1910,64.48666666666666,238.02896131527532,451.3231,688.8584,570.0907,0.0,0.5703,1.2969,1910,64.48666666666666,236.42619264821727,452.0942,687.7557,569.9249,0.025,0.732,1.4769,1910,64.48666666666666
236.17845408394294,452.3713,687.865,570.1182,0.0167,0.9559,1.45,1911,64.53,235.97338141241735,452.5558,687.865,570.2104,0.0,1.0077,1.45,1911,64.53,237.8892466882726,451.5229,688.9452,570.2341,0.0083,0.48,1.3791,1911,64.53,237.90260218296567,451.4934,688.9452,570.2193,0.0,0.5804,1.3791,1911,64.53,236.17845408394294,452.3713,687.865,570.1182,0.0167,0.9559,1.45,1911,64.53
236.37671428825408,452.1838,687.881,570.0324,0.025,0.8882,1.412,1912,64.55333333333334,236.1534090160911,452.3683,687.881,570.1247,0.0,0.7493,1.412,1912,64.55333333333334,237.9766815483318,451.3762,688.8259,570.1011,0.0167,0.4906,1.4028,1912,64.55333333333334,237.96414121989807,451.3663,688.8259,570.0961,0.0,0.5303,1.4028,1912,64.55333333333334,236.37671428825408,452.1838,687.881,570.0324,0.025,0.8882,1.412,1912,64.55333333333334
236.27521196629988,452.1534,687.6927,569.923,0.075,0.7433,1.346,1913,64.58833333333334,235.83394121399942,452.5286,687.6927,570.1106,0.0083,1.0354,1.346,1913,64.58833333333334,237.92554329749134,451.2339,688.6533,569.9436,0.0083,0.5682,1.5182,1913,64.58833333333334,237.93792343098042,451.2065,688.6533,569.9299,0.0,0.5415,1.5182,1913,64.58833333333334,236.33184516314475,452.0404,687.6927,569.8665,0.0417,0.7822,1.346,1913,64.58833333333334
236.10330304138495,452.5375,687.9491,570.2433,0.025,0.9848,1.4518,1914,64.63333333333334,235.77100481388467,452.8689,687.9491,570.409,0.0,0.9549,1.4518,1914,64.63333333333334,237.89866980398645,451.664,689.0969,570.3805,0.0083,0.527,1.3116,1914,64.63333333333334,237.91054640215546,451.6378,689.0969,570.3673,0.0,0.5813,1.3116,1914,64.63333333333334,236.10330304138495,452.5375,687.9491,570.2433,0.025,0.9848,1.4518,1914,64.63333333333334
236.32093439973642,452.3803,688.0607,570.2205,0.025,0.8415,1.3837,1915,64.655,236.01517191560822,452.6811,688.0607,570.3709,0.0,0.97,1.3837,1915,64.655,238.09044610333498,451.4404,689.0358,570.2381,0.0083,0.4508,1.2176,1915,64.655,238.1040501300569,451.4103,689.0358,570.223,0.0,0.5581,1.2176,1915,64.655,236.32093439973642,452.3803,688.0607,570.2205,0.025,0.8415,1.3837,1915,64.655
236.60747159294726,451.8423,687.8038,569.823,0.05,0.6172,1.4856,1916,64.68833333333333,236.21152336782237,452.2105,687.8038,570.0072,0.0,0.6013,1.4856,1916,64.68833333333333,238.00505006959756,451.0483,688.517,569.7826,0.0083,0.5981,1.2329,1916,64.68833333333333,238.01559778704825,451.0249,688.517,569.771,0.0,0.6267,1.2329,1916,64.68833333333333,236.60747159294726,451.8423,687.8038,569.823,0.05,0.6172,1.4856,1916,64.68833333333333
236.02333527124995,452.6293,688.0887,570.359,0.025,0.8734,1.5054,1917,64.73166666666667,235.6477305237855,452.9945,688.0887,570.5416,0.0,0.967,1.5054,1917,64.73166666666667,237.67473948902486,451.744,688.9408,570.3424,0.0167,0.4752,1.1315,1917,64.73166666666667,237.65882129772726,451.7379,688.9408,570.3394,0.0,0.5517,1.1315,1917,64.73166666666667,236.02333527124995,452.6293,688.0887,570.359,0.025,0.8734,1.5054,1917,64.73166666666667
236.10203219168318,452.6964,688.2292,570.4628,0.025,0.8399,1.7238,1918,64.75333333333334,235.74527592774743,453.0255,688.2292,570.6273,0.0,1.0492,1.7238,1918,64.75333333333334,237.88205152509616,451.7448,689.1294,570.4371,0.0167,0.4755,1.2289,1918,64.75333333333334,237.8661544080633,451.7387,689.1294,570.4341,0.0,0.5523,1.2289,1918,64.75333333333334,236.10203219168318,452.6964,688.2292,570.4628,0.025,0.8399,1.7238,1918,64.75333333333334
236.4435567192028,452.0022,687.7799,569.891,0.05,0.5483,1.3692,1919,64.78833333333334,235.916742579926,452.4935,687.7799,570.1367,0.0,0.81,1.3692,1919,64.78833333333334,237.9851803122703,451.1702,688.6191,569.8947,0.025,0.4808,1.1372,1919,64.78833333333334,238.071357727404,451.1747,688.7859,569.9803,0.0,0.5349,1.1052,1919,64.78833333333334,236.4435567192028,452.0022,687.7799,569.891,0.05,0.5483,1.3692,1919,64.78833333333334
236.23612008586204,452.1672,687.755,569.9611,0.0333,0.7626,1.3994,1920,64.82166666666667,235.82224960744313,452.5628,687.755,570.1589,0.0,0.8188,1.3994,1920,64.82166666666667,237.89324676321922,451.2548,688.6109,569.9329,0.025,0.4662,1.1214,1920,64.82166666666667,237.983696302535,451.2531,688.7779,570.0155,0.0,0.5604,1.1029,1920,64.82166666666667,236.23612008586204,452.1672,687.755,569.9611,0.0333,0.7626,1.3994,1920,64.82166666666667
236.55583359804305,452.2034,688.1074,570.1554,0.025,0.6802,1.4785,1921,64.855,236.33203195079827,452.3844,688.1074,570.2459,0.0,0.8665,1.4785,1921,64.855,238.0787891152998,451.346,688.9261,570.1361,0.0167,0.6063,1.2724,1921,64.855,238.186524214766,451.3431,689.0794,570.2112,0.0,0.5907,1.217,1921,64.855,236.55583359804305,452.2034,688.1074,570.1554,0.025,0.6802,1.4785,1921,64.855
236.59100816576807,452.1302,688.083,570.1066,0.0333,0.5789,1.4971,1922,64.89,236.32119081729837,452.3657,688.083,570.2244,0.0,0.7013,1.4971,1922,64.89,238.12519604103494,451.2765,688.9127,570.0946,0.0167,0.5883,1.2934,1922,64.89,238.23307479671453,451.2736,689.0663,570.17,0.0,0.5858,1.2232,1922,64.89,236.59100816576807,452.1302,688.083,570.1066,0.0333,0.5789,1.4971,1922,64.89
236.21666386071493,452.4851,688.0783,570.2817,0.025,0.7894,1.4805,1923,64.92333333333333,236.02857730797857,452.6402,688.0783,570.3593,0.0,0.8938,1.4805,1923,64.92333333333333,237.9038864656998,451.535,688.9143,570.2247,0.025,0.4894,1.2929,1923,64.92333333333333,237.98454314744112,451.5355,689.0678,570.3016,0.0,0.5079,1.2222,1923,64.92333333333333,236.21666386071493,452.4851,688.0783,570.2817,0.025,0.7894,1.4805,1923,64.92333333333333
236.22567190923712,452.4717,688.0819,570.2768,0.0167,0.858,1.4905,1924,64.95666666666668,236.0561172782281,452.6192,688.0819,570.3505,0.0,0.9628,1.4905,1924,64.95666666666668,237.90027714516071,451.5349,688.9154,570.2251,0.0333,0.4532,1.2809,1924,64.95666666666668,237.98781488072774,451.5318,689.0688,570.3003,0.0,0.51,1.2013,1924,64.95666666666668,236.22567190923712,452.4717,688.0819,570.2768,0.0167,0.858,1.4905,1924,64.95666666666668
236.1434923098126,452.2456,687.7879,570.0168,0.05,0.7159,1.4134,1925,64.98833333333334,235.89552494524398,452.4863,687.7946,570.1405,0.0,0.9798,1.4484,1925,64.98833333333334,237.76389735802871,451.3603,688.6144,569.9873,0.0083,0.5919,1.1774,1925,64.98833333333334,237.85791803475234,451.3603,688.7572,570.0588,0.0,0.5919,1.2243,1925,64.98833333333334,236.1434923098126,452.2456,687.7879,570.0168,0.05,0.7159,1.4134,1925,64.98833333333334
235.61611442866143,452.6874,687.6848,570.1861,0.0333,0.9485,1.4156,1926,65.02166666666668,235.31574910073667,452.9826,687.6848,570.3337,0.0083,1.0808,1.4156,1926,65.02166666666668,237.708197201399,451.3539,688.5698,569.9618,0.0167,0.5589,1.2212,1926,65.02166666666668,237.83324047229115,451.3316,688.7444,570.038,0.0,0.5806,1.2515,1926,65.02166666666668,235.63011394922026,452.6794,687.6848,570.1821,0.0167,0.9578,1.4156,1926,65.02166666666668
235.94557552860914,452.7046,688.0684,570.3865,0.0333,0.975,1.4934,1927,65.05333333333334,235.64729233160017,452.9985,688.0684,570.5335,0.0083,1.0999,1.4934,1927,65.05333333333334,237.97511263945836,451.3772,688.8481,570.1127,0.0167,0.6225,1.2817,1927,65.05333333333334,238.10736365222843,451.3538,689.0329,570.1934,0.0,0.6288,1.2421,1927,65.05333333333334,235.96093098498378,452.696,688.0684,570.3822,0.0167,0.9356,1.4934,1927,65.05333333333334
236.29001777257136,452.0026,687.6091,569.8058,0.025,0.952,1.3698,1928,65.08666666666667,235.90682258027704,452.3567,687.6091,569.9829,0.0,1.1279,1.3698,1928,65.08666666666667,238.1773631815907,450.887,688.5337,569.7103,0.0167,0.5277,1.1119,1928,65.08666666666667,238.30091077556236,450.8683,688.7085,569.7884,0.0,0.5611,1.2123,1928,65.08666666666667,236.29001777257136,452.0026,687.6091,569.8058,0.025,0.952,1.3698,1928,65.08666666666667
236.06482422541174,452.3611,687.7946,570.0779,0.025,0.736,1.5627,1929,65.12,235.69799786919867,452.701,687.7946,570.2478,0.0,0.9956,1.5627,1929,65.12,237.9045645764946,451.3542,688.7728,570.0635,0.0167,0.5364,1.2486,1929,65.12,238.03348794099463,451.3198,688.945,570.1324,0.0,0.6067,1.2454,1929,65.12,236.06482422541174,452.3611,687.7946,570.0779,0.025,0.736,1.5627,1929,65.12
236.1946357342761,452.4126,687.968,570.1903,0.025,0.6506,1.5664,1930,65.15333333333334,235.98037491045915,452.5892,687.968,570.2786,0.0,0.9434,1.5664,1930,65.15333333333334,238.09774042930897,451.4049,688.9929,570.1989,0.0167,0.5196,1.2789,1930,65.15333333333334,238.2285895218078,451.378,689.1732,570.2756,0.0,0.5358,1.3518,1930,65.15333333333334,236.1946357342761,452.4126,687.968,570.1903,0.025,0.6506,1.5664,1930,65.15333333333334
236.20251858530943,452.3743,687.9638,570.1691,0.0167,0.8258,1.413,1931,65.18666666666667,236.0205541672847,452.5289,687.9638,570.2464,0.0,0.9072,1.413,1931,65.18666666666667,238.20739378302562,451.3187,689.0541,570.1864,0.0167,0.4938,1.4101,1931,65.18666666666667,238.2302556075393,451.2853,689.0541,570.1697,0.0,0.6066,1.4101,1931,65.18666666666667,236.20251858530943,452.3743,687.9638,570.1691,0.0167,0.8258,1.413,1931,65.18666666666667
236.0119950099935,452.6314,687.9973,570.3143,0.05,0.7998,1.3873,1932,65.22,235.37189019956978,453.2477,687.9973,570.6225,0.0,1.0216,1.3873,1932,65.22,237.88978418859855,451.6286,689.0312,570.3299,0.0167,0.4911,1.3618,1932,65.22,237.9145418435256,451.5916,689.0312,570.3114,0.0,0.5473,1.3618,1932,65.22,236.0119950099935,452.6314,687.9973,570.3143,0.05,0.7998,1.3873,1932,65.22
236.24943242492472,452.4133,688.0318,570.2226,0.0667,0.7448,1.3955,1933,65.25333333333334,235.558243010668,453.0638,688.0318,570.5478,0.0083,1.137,1.3955,1933,65.25333333333334,237.8035242534325,451.5907,688.8009,570.1958,0.0167,0.5286,1.1942,1933,65.25333333333334,237.92402764869738,451.5666,688.9674,570.267,0.0,0.6147,1.286,1933,65.25333333333334,236.14965174154602,452.5083,688.0318,570.27,0.0417,0.8098,1.3955,1933,65.25333333333334
236.1550095633355,452.3526,687.8787,570.1156,0.05,0.715,1.3236,1934,65.28666666666668,235.47670238833933,453.0237,687.8787,570.4512,0.0,0.9864,1.3236,1934,65.28666666666668,237.8223751236485,451.3908,688.5805,569.9857,0.0333,0.4449,1.1738,1934,65.28666666666668,237.9215638411217,451.3774,688.7386,570.058,0.0,0.5399,1.2865,1934,65.28666666666668,236.1550095633355,452.3526,687.8787,570.1156,0.05,0.715,1.3236,1934,65.28666666666668
235.77373953792465,452.3984,687.5713,569.9849,0.0333,0.8912,1.3457,1935,65.32000000000001,235.18457481578628,452.9886,687.5713,570.28,0.0,0.9551,1.3457,1935,65.32000000000001,237.4908567915372,451.3913,688.3075,569.8494,0.025,0.4638,1.3085,1935,65.32000000000001,237.62789929599015,451.3533,688.4782,569.9157,0.0,0.5621,1.2422,1935,65.32000000000001,235.77373953792465,452.3984,687.5713,569.9849,0.0333,0.8912,1.3457,1935,65.32000000000001
236.18631790380743,452.3614,687.892,570.1267,0.025,0.9006,1.3004,1936,65.355,236.0199248318558,452.5142,687.892,570.2031,0.0,0.9635,1.3004,1936,65.355,237.82788138536623,451.3647,688.6281,569.9964,0.025,0.4561,1.2514,1936,65.355,237.9666173786385,451.333,688.8068,570.0699,0.0,0.5091,1.2023,1936,65.355,236.18631790380743,452.3614,687.892,570.1267,0.025,0.9006,1.3004,1936,65.355
236.22037681358657,452.318,687.8922,570.1051,0.0417,0.7868,1.306,1937,65.38666666666667,235.87889382574778,452.6278,687.8922,570.26,0.0,1.022,1.306,1937,65.38666666666667,237.84832386630086,451.3392,688.6433,569.9913,0.025,0.4717,1.2258,1937,65.38666666666667,237.90283006096806,451.2748,688.6433,569.9591,0.0,0.5332,1.2258,1937,65.38666666666667,236.22037681358657,452.318,687.8922,570.1051,0.0417,0.7868,1.306,1937,65.38666666666667
236.25722315971058,452.2873,687.8963,570.0918,0.05,0.7532,1.3196,1938,65.42,236.06192118896686,452.4691,687.8963,570.1827,0.0,0.9181,1.3196,1938,65.42,237.84486226568578,451.3634,688.6488,570.0061,0.025,0.498,1.1855,1938,65.42,237.900353032816,451.2971,688.6488,569.9729,0.0,0.5372,1.1855,1938,65.42,236.25722315971058,452.2873,687.8963,570.0918,0.05,0.7532,1.3196,1938,65.42
236.34381781981207,452.2961,688.0216,570.1588,0.05,0.6724,1.4232,1939,65.45333333333333,236.13413393280393,452.5072,688.0216,570.2644,0.0,0.8182,1.4232,1939,65.45333333333333,237.8948565694814,451.3583,688.6887,570.0235,0.0167,0.5094,1.2892,1939,65.45333333333333,237.9349429560181,451.3265,688.6887,570.0076,0.0,0.5108,1.2892,1939,65.45333333333333,236.34381781981207,452.2961,688.0216,570.1588,0.05,0.6724,1.4232,1939,65.45333333333333
236.31471248456785,452.3917,688.0343,570.213,0.0417,0.7911,1.4418,1940,65.48666666666666,236.16856661660452,452.518,688.0343,570.2761,0.0,0.856,1.4418,1940,65.48666666666666,237.95096453559745,451.3677,688.7443,570.056,0.0167,0.549,1.3111,1940,65.48666666666666,237.99157982795433,451.3355,688.7443,570.0399,0.0,0.5353,1.3111,1940,65.48666666666666,236.31471248456785,452.3917,688.0343,570.213,0.0417,0.7911,1.4418,1940,65.48666666666666
236.29377116774123,452.4212,688.0431,570.2321,0.0333,0.7435,1.4475,1941,65.52833333333334,236.09030510943705,452.5982,688.0431,570.3207,0.0,0.8703,1.4475,1941,65.52833333333334,237.87331842340987,451.4447,688.7495,570.0971,0.0167,0.4427,1.3192,1941,65.52833333333334,237.9091939322019,451.4166,688.7495,570.0831,0.0,0.474,1.3192,1941,65.52833333333334,236.29377116774123,452.4212,688.0431,570.2321,0.0333,0.7435,1.4475,1941,65.52833333333334
236.28410305695851,452.3574,688.0243,570.1908,0.0333,0.7867,1.3363,1942,65.55333333333334,236.06765335741687,452.5645,688.0243,570.2944,0.0,0.8673,1.3363,1942,65.55333333333334,237.84595287168594,451.3964,688.6859,570.0412,0.0167,0.5447,1.3869,1942,65.55333333333334,237.8874442420274,451.3634,688.6859,570.0247,0.0,0.5426,1.3869,1942,65.55333333333334,236.28410305695851,452.3574,688.0243,570.1908,0.0333,0.7867,1.3363,1942,65.55333333333334
236.0562697371868,452.3058,687.6943,570.0,0.025,0.827,1.3181,1943,65.58833333333334,235.89592255648765,452.467,687.6943,570.0807,0.0,0.829,1.3181,1943,65.58833333333334,237.63589977445824,451.3447,688.4053,569.875,0.025,0.4931,1.3371,1943,65.58833333333334,237.77890926117675,451.3127,688.5614,569.9371,0.0,0.4998,1.3521,1943,65.58833333333334,236.0562697371868,452.3058,687.6943,570.0,0.025,0.827,1.3181,1943,65.58833333333334
235.91545461203717,452.4552,687.7141,570.0847,0.025,0.8842,1.2993,1944,65.62,235.67400661978408,452.6809,687.7141,570.1975,0.0,0.9309,1.2993,1944,65.62,237.63503824316123,451.4071,688.425,569.9161,0.0333,0.4078,1.3659,1944,65.62,237.77338785247966,451.3518,688.5804,569.9661,0.0,0.4561,1.4095,1944,65.62,235.91545461203717,452.4552,687.7141,570.0847,0.025,0.8842,1.2993,1944,65.62
236.37188786291807,452.4503,688.1525,570.3014,0.025,0.8063,1.3613,1945,65.65666666666667,236.13105258586012,452.6752,688.1525,570.4139,0.0,0.866,1.3613,1945,65.65666666666667,238.16815779665927,451.3989,688.9581,570.1785,0.0333,0.4432,1.2364,1945,65.65666666666667,238.31536795398728,451.3435,689.1273,570.2354,0.0,0.4672,1.2707,1945,65.65666666666667,236.37188786291807,452.4503,688.1525,570.3014,0.025,0.8063,1.3613,1945,65.65666666666667
236.66952964240502,451.8243,687.9331,569.8787,0.0417,0.6183,1.5868,1946,65.68833333333333,236.33651242960127,452.1745,687.9331,570.0538,0.0083,0.9363,1.5868,1946,65.68833333333333,238.1787612562357,451.0508,688.7489,569.8999,0.0083,0.4396,1.4503,1946,65.68833333333333,238.19309699422394,451.0191,688.7489,569.884,0.0,0.5117,1.4503,1946,65.68833333333333,236.72073629798982,451.7908,687.9331,569.8619,0.0333,0.668,1.5868,1946,65.68833333333333
236.23718211198963,452.2633,687.9316,570.0974,0.0417,0.9103,1.6176,1947,65.72,235.79473329674178,452.6925,687.9316,570.312,0.0083,0.9923,1.6176,1947,65.72,237.76337260065503,451.48,688.745,570.1125,0.0167,0.4531,1.4176,1947,65.72,237.74537968764136,451.4749,688.745,570.11,0.0,0.4326,1.4176,1947,65.72,236.1401453712949,452.3692,687.9316,570.1504,0.0167,0.999,1.6176,1947,65.72
236.3284748446034,452.5295,688.2652,570.3973,0.0167,1.041,1.5637,1948,65.75833333333334,235.99750658531022,452.8398,688.2652,570.5525,0.0,1.2296,1.5637,1948,65.75833333333334,238.01304329834048,451.6228,689.1588,570.3908,0.025,0.3632,1.4119,1948,65.75833333333334,238.00945709327354,451.6079,689.1588,570.3833,0.0,0.5007,1.4119,1948,65.75833333333334,236.3284748446034,452.5295,688.2652,570.3973,0.0167,1.041,1.5637,1948,65.75833333333334
236.64198307397828,451.9807,687.9713,569.976,0.0583,0.539,1.3979,1949,65.78666666666668,236.11786432079316,452.4874,687.9713,570.2294,0.0083,0.8577,1.3979,1949,65.78666666666668,238.03949580597723,451.2284,688.6933,569.9608,0.0083,0.4245,1.3366,1949,65.78666666666668,238.05518565400578,451.1936,688.6933,569.9435,0.0,0.4481,1.3366,1949,65.78666666666668,236.5623530251076,452.0758,687.9713,570.0236,0.0417,0.5629,1.3979,1949,65.78666666666668
236.36936820587044,452.0332,687.7427,569.888,0.05,0.5813,1.2359,1950,65.82000000000002,236.093706531841,452.3114,687.7427,570.027,0.0083,0.8042,1.2359,1950,65.82000000000002,237.81044947327572,451.2379,688.443,569.8405,0.0167,0.4332,1.2507,1950,65.82000000000002,237.79739275036277,451.2276,688.443,569.8353,0.0,0.4689,1.2507,1950,65.82000000000002,236.2945880453768,452.1454,687.7427,569.944,0.025,0.5806,1.2359,1950,65.82000000000002
236.2848539796484,452.3642,688.0187,570.1915,0.025,0.7753,1.4677,1951,65.86166666666666,235.9745536794186,452.67,688.0187,570.3444,0.0,0.8735,1.4677,1951,65.86166666666666,237.87722967670103,451.5033,688.857,570.1802,0.0167,0.3687,1.2805,1951,65.86166666666666,237.8630941272018,451.4966,688.857,570.1768,0.0,0.457,1.2805,1951,65.86166666666666,236.2848539796484,452.3642,688.0187,570.1915,0.025,0.7753,1.4677,1951,65.86166666666666
236.30227261661753,452.3387,688.0121,570.1754,0.025,0.6924,1.4615,1952,65.88666666666667,235.99089771336813,452.6455,688.0121,570.3288,0.0,0.803,1.4615,1952,65.88666666666667,237.82874281480056,451.4944,688.776,570.1352,0.0167,0.3764,1.4257,1952,65.88666666666667,237.81330685407298,451.4893,688.776,570.1327,0.0,0.4315,1.4257,1952,65.88666666666667,236.30227261661753,452.3387,688.0121,570.1754,0.025,0.6924,1.4615,1952,65.88666666666667
236.36473084083127,452.2814,688.0172,570.1493,0.0333,0.6504,1.4741,1953,65.92,236.00153465058403,452.6435,688.0172,570.3304,0.0,0.7529,1.4741,1953,65.92,237.85033504902634,451.4828,688.7898,570.1363,0.025,0.3525,1.4199,1953,65.92,237.816003582214,451.4932,688.7898,570.1415,0.0,0.4313,1.4199,1953,65.92,236.36473084083127,452.2814,688.0172,570.1493,0.0333,0.6504,1.4741,1953,65.92
236.60373655889074,452.3043,688.3261,570.3152,0.0333,0.6184,1.5517,1954,65.965,236.24177388363182,452.6651,688.3261,570.4956,0.0,0.7027,1.5517,1954,65.965,238.17677441539578,451.5012,689.1929,570.347,0.0167,0.4201,1.3306,1954,65.965,238.1622537053434,451.4951,689.1929,570.344,0.0,0.4532,1.3306,1954,65.965,236.60373655889074,452.3043,688.3261,570.3152,0.0333,0.6184,1.5517,1954,65.965
236.16740948746647,452.3179,687.8135,570.0657,0.0333,0.6978,1.33,1955,65.98833333333334,235.95657452069264,452.5138,687.8135,570.1636,0.0,0.8184,1.33,1955,65.98833333333334,237.80832464302185,451.462,688.7322,570.0971,0.0167,0.4268,1.2663,1955,65.98833333333334,237.79557445969823,451.4545,688.7322,570.0933,0.0,0.4836,1.2663,1955,65.98833333333334,236.16740948746647,452.3179,687.8135,570.0657,0.0333,0.6978,1.33,1955,65.98833333333334
235.8293541652207,452.6159,687.8488,570.2324,0.0333,1.0496,1.39,1956,66.02333333333334,235.5952722034429,452.8036,687.8488,570.3262,0.0,1.1914,1.39,1956,66.02333333333334,237.69920281003093,451.3933,688.5645,569.9789,0.0167,0.4974,1.2667,1956,66.02333333333334,237.81449371602938,451.3897,688.7267,570.0582,0.0,0.5018,1.2593,1956,66.02333333333334,235.8293541652207,452.6159,687.8488,570.2324,0.0333,1.0496,1.39,1956,66.02333333333334
236.0107918501674,452.715,688.1879,570.4514,0.025,0.9233,1.5242,1957,66.06833333333334,235.95153495594494,452.7878,688.1879,570.4879,0.0,1.0946,1.5242,1957,66.06833333333334,237.83425835403216,451.6281,688.8726,570.2504,0.0083,0.5408,1.3028,1957,66.06833333333334,237.84668848825808,451.6006,688.8726,570.2366,0.0,0.5457,1.3028,1957,66.06833333333334,236.0107918501674,452.715,688.1879,570.4514,0.025,0.9233,1.5242,1957,66.06833333333334
236.30322327155406,452.4161,688.1214,570.2687,0.0083,1.1444,1.5362,1958,66.08833333333334,236.17213637739147,452.5357,688.1214,570.3285,0.0,1.2289,1.5362,1958,66.08833333333334,238.2124775946863,451.2356,688.8535,570.0445,0.0083,0.4785,1.3617,1958,66.08833333333334,238.2260370226549,451.2056,688.8535,570.0295,0.0,0.5517,1.3617,1958,66.08833333333334,236.30322327155406,452.4161,688.1214,570.2687,0.0083,1.1444,1.5362,1958,66.08833333333334
236.00416362295815,452.421,687.7961,570.1085,0.0083,1.1473,1.4284,1959,66.12,235.87439887348572,452.5401,687.7961,570.1681,0.0,1.2296,1.4284,1959,66.12,237.8719214529921,451.2688,688.5425,569.9057,0.025,0.4208,1.0893,1959,66.12,237.9966983716357,451.2152,688.6893,569.9522,0.0,0.506,1.2273,1959,66.12,236.00416362295815,452.421,687.7961,570.1085,0.0083,1.1473,1.4284,1959,66.12
235.94604447875705,452.7475,688.1126,570.43,0.0333,0.9401,1.5564,1960,66.165,235.7076556712212,452.9379,688.1126,570.5252,0.0,1.029,1.5564,1960,66.165,237.68494861052721,451.7027,688.8279,570.2653,0.0167,0.5025,1.1794,1960,66.165,237.79552076120956,451.6773,688.9784,570.3279,0.0,0.553,1.1458,1960,66.165,235.94604447875705,452.7475,688.1126,570.43,0.0333,0.9401,1.5564,1960,66.165
235.893566485924,452.7604,688.1635,570.4619,0.0333,0.8794,1.5337,1961,66.18666666666667,235.77063549126834,452.8994,688.1635,570.5314,0.0,1.0498,1.5337,1961,66.18666666666667,237.71163552988938,451.6879,688.8441,570.266,0.0167,0.4875,1.1784,1961,66.18666666666667,237.82191282549442,451.6627,688.9943,570.3285,0.0,0.5434,1.1997,1961,66.18666666666667,235.893566485924,452.7604,688.1635,570.4619,0.0333,0.8794,1.5337,1961,66.18666666666667
235.8587595636115,452.4653,687.685,570.0751,0.0167,0.8898,1.4481,1962,66.22,235.64523193574232,452.6824,687.685,570.1837,0.0,1.009,1.4481,1962,66.22,237.6910635436679,451.464,688.582,570.023,0.0167,0.5019,1.1019,1962,66.22,237.80113600036307,451.4366,688.7304,570.0835,0.0,0.5417,1.2203,1962,66.22,235.8587595636115,452.4653,687.685,570.0751,0.0167,0.8898,1.4481,1962,66.22
235.75320208412532,452.6172,687.754,570.1856,0.0333,0.8492,1.4906,1963,66.25333333333334,235.57100873986994,452.7937,687.754,570.2738,0.0,1.0769,1.4906,1963,66.25333333333334,237.6910329060702,451.4868,688.6176,570.0522,0.0167,0.5319,1.1295,1963,66.25333333333334,237.8010958190552,451.4583,688.7652,570.1117,0.0,0.5298,1.1963,1963,66.25333333333334,235.75320208412532,452.6172,687.754,570.1856,0.0333,0.8492,1.4906,1963,66.25333333333334
235.80006491344997,452.5806,687.7572,570.1689,0.025,0.9413,1.4898,1964,66.28666666666668,235.60234629362716,452.7651,687.7572,570.2611,0.0,1.1145,1.4898,1964,66.28666666666668,237.70402731368813,451.4739,688.6137,570.0438,0.0167,0.532,1.1218,1964,66.28666666666668,237.8184713790883,451.445,688.7677,570.1064,0.0,0.5234,1.2024,1964,66.28666666666668,235.80006491344997,452.5806,687.7572,570.1689,0.025,0.9413,1.4898,1964,66.28666666666668
235.85971106141633,452.5352,687.7541,570.1446,0.025,0.8663,1.4867,1965,66.32000000000002,235.65950933349373,452.7233,687.7541,570.2387,0.0,1.0386,1.4867,1965,66.32000000000002,237.70102856395144,451.4765,688.612,570.0443,0.0167,0.5282,1.1114,1965,66.32000000000002,237.81398616337776,451.451,688.7661,570.1085,0.0,0.507,1.1836,1965,66.32000000000002,235.85971106141633,452.5352,687.7541,570.1446,0.025,0.8663,1.4867,1965,66.32000000000002
236.47709665586376,452.424,688.319,570.3715,0.0417,0.8483,1.493,1966,66.35333333333334,236.2060716138826,452.6384,688.319,570.4787,0.0,0.9666,1.493,1966,66.35333333333334,238.07748115189617,451.5085,689.0625,570.2855,0.0167,0.5341,1.3438,1966,66.35333333333334,238.19041467380293,451.4811,689.2153,570.3482,0.0,0.5951,1.343,1966,66.35333333333334,236.47709665586376,452.424,688.319,570.3715,0.0417,0.8483,1.493,1966,66.35333333333334
236.30685262960708,452.4827,688.2244,570.3536,0.0333,0.7534,1.4412,1967,66.38666666666667,236.00917267263733,452.762,688.2244,570.4932,0.0,0.9963,1.4412,1967,66.38666666666667,238.01409735102777,451.4814,688.9393,570.2103,0.0167,0.4594,1.379,1967,66.38666666666667,238.12958578296028,451.4542,689.0961,570.2751,0.0,0.4975,1.398,1967,66.38666666666667,236.30685262960708,452.4827,688.2244,570.3536,0.0333,0.7534,1.4412,1967,66.38666666666667
236.04433482713495,452.4454,687.8819,570.1636,0.025,0.8695,1.3688,1968,66.42,235.73485017851252,452.7468,687.8819,570.3143,0.0,0.9263,1.3688,1968,66.42,237.7397637018738,451.4792,688.6824,570.0808,0.0083,0.466,1.4097,1968,66.42,237.7520084163321,451.4521,688.6824,570.0672,0.0,0.5159,1.4097,1968,66.42,236.04433482713495,452.4454,687.8819,570.1636,0.025,0.8695,1.3688,1968,66.42
236.20844287323942,452.5344,688.1265,570.3305,0.0417,0.6575,1.3822,1969,66.45333333333333,235.78381332956482,452.9065,688.1265,570.5165,0.0,0.7093,1.3822,1969,66.45333333333333,237.71312870251188,451.7519,688.9283,570.3401,0.0083,0.5708,1.5072,1969,66.45333333333333,237.72765495351626,451.7197,688.9283,570.324,0.0,0.5758,1.5072,1969,66.45333333333333,236.20844287323942,452.5344,688.1265,570.3305,0.0417,0.6575,1.3822,1969,66.45333333333333
236.1364198450008,452.6351,688.2898,570.4624,0.025,0.911,1.3929,1970,66.48666666666666,235.75749589397986,452.9892,688.2898,570.6395,0.0,1.0775,1.3929,1970,66.48666666666666,237.79610345331838,451.6733,688.9445,570.3089,0.0083,0.5685,1.3806,1970,66.48666666666666,237.81109895463493,451.6402,688.9445,570.2923,0.0,0.6358,1.3806,1970,66.48666666666666,236.1364198450008,452.6351,688.2898,570.4624,0.025,0.911,1.3929,1970,66.48666666666666
236.39983185292147,452.1426,687.8535,569.998,0.0667,0.6264,1.4078,1971,66.52833333333334,235.7944670220027,452.6942,687.8535,570.2738,0.0,0.7696,1.4078,1971,66.52833333333334,237.919609603956,451.3127,688.6666,569.9896,0.025,0.4614,1.4065,1971,66.52833333333334,237.9284613638518,451.2723,688.6666,569.9694,0.0,0.4835,1.4065,1971,66.52833333333334,236.39983185292147,452.1426,687.8535,569.998,0.0667,0.6264,1.4078,1971,66.52833333333334
236.20004178757867,452.3214,687.8673,570.0943,0.025,0.8526,1.4053,1972,66.55333333333334,235.94014313127204,452.5666,687.8673,570.2169,0.0,0.8185,1.4053,1972,66.55333333333334,237.77496953304478,451.4437,688.6936,570.0686,0.0083,0.5646,1.4375,1972,66.55333333333334,237.79034194478487,451.4097,688.6936,570.0516,0.0,0.6002,1.4375,1972,66.55333333333334,236.20004178757867,452.3214,687.8673,570.0943,0.025,0.8526,1.4053,1972,66.55333333333334
236.30970813448516,452.3569,688.1022,570.2295,0.025,0.8512,1.3192,1973,66.58666666666667,236.05097314182404,452.6037,688.1022,570.353,0.0,0.8842,1.3192,1973,66.58666666666667,237.86999603819638,451.4154,688.7584,570.0869,0.0083,0.6188,1.5258,1973,66.58666666666667,237.9808443423267,451.4154,688.9268,570.1711,0.0,0.6188,1.3126,1973,66.58666666666667,236.30970813448516,452.3569,688.1022,570.2295,0.025,0.8512,1.3192,1973,66.58666666666667
236.42734919490218,452.2942,688.1573,570.2258,0.025,0.7379,1.284,1974,66.62,236.22172335175753,452.4631,688.1573,570.3102,0.0,0.8866,1.284,1974,66.62,237.9124233216863,451.4198,688.7942,570.107,0.0167,0.5504,1.4075,1974,66.62,238.03842451518648,451.3849,688.9617,570.1733,0.0,0.6591,1.3101,1974,66.62,236.42734919490218,452.2942,688.1573,570.2258,0.025,0.7379,1.284,1974,66.62
236.37880497481171,452.3315,688.1473,570.2394,0.025,0.8634,1.3426,1975,66.65333333333334,236.1736793503809,452.4985,688.1473,570.3229,0.0,0.8068,1.3426,1975,66.65333333333334,237.88325146432155,451.4181,688.7872,570.1026,0.0083,0.5901,1.4032,1975,66.65333333333334,237.99358167016658,451.4181,688.9548,570.1864,0.0,0.5901,1.3178,1975,66.65333333333334,236.37880497481171,452.3315,688.1473,570.2394,0.025,0.8634,1.3426,1975,66.65333333333334
236.4049858760818,452.3962,688.2501,570.3232,0.0333,0.8436,1.5509,1976,66.68833333333333,236.02720101242707,452.7399,688.2501,570.495,0.0,0.7828,1.5509,1976,66.68833333333333,237.87405445152953,451.4857,688.7751,570.1304,0.0,0.5972,1.4232,1976,66.68833333333333,237.8740544515296,451.4857,688.7751,570.1304,0.0,0.5972,1.4232,1976,66.68833333333333,236.4049858760818,452.3962,688.2501,570.3232,0.0333,0.8436,1.5509,1976,66.68833333333333
236.4019900928846,452.3901,688.2458,570.3179,0.0417,0.7644,1.5152,1977,66.72,236.00561665545857,452.7411,688.2458,570.4934,0.0,0.8745,1.5152,1977,66.72,237.8766561451666,451.477,688.7667,570.1219,0.0,0.546,1.2805,1977,66.72,237.87665614516646,451.477,688.7667,570.1219,0.0,0.546,1.2805,1977,66.72,236.4019900928846,452.3901,688.2458,570.3179,0.0417,0.7644,1.5152,1977,66.72
236.39194159676205,452.4058,688.2305,570.3182,0.0333,0.7619,1.4911,1978,66.75333333333334,236.01019165681458,452.7473,688.2305,570.4889,0.0,0.8222,1.4911,1978,66.75333333333334,237.82576003624882,451.5562,688.7612,570.1587,0.0083,0.5441,1.2905,1978,66.75333333333334,237.8356640688356,451.5342,688.7612,570.1477,0.0,0.5923,1.2905,1978,66.75333333333334,236.39194159676205,452.4058,688.2305,570.3182,0.0333,0.7619,1.4911,1978,66.75333333333334
236.38391718471252,452.387,688.1717,570.2793,0.0333,0.707,1.5511,1979,66.78666666666668,236.0018087558389,452.7294,688.1717,570.4506,0.0,0.7962,1.5511,1979,66.78666666666668,237.85163801593697,451.5139,688.7617,570.1378,0.0,0.6024,1.2806,1979,66.78666666666668,237.85163801593671,451.5139,688.7617,570.1378,0.0,0.6024,1.2806,1979,66.78666666666668,236.38391718471252,452.387,688.1717,570.2793,0.0333,0.707,1.5511,1979,66.78666666666668
236.1722676364709,452.3177,687.9371,570.1274,0.0333,0.9023,1.5147,1980,66.82000000000002,235.7924663007114,452.6644,687.9371,570.3007,0.0083,1.1043,1.5147,1980,66.82000000000002,237.77878282319097,451.376,688.5791,569.9776,0.0083,0.4602,1.2874,1980,66.82000000000002,237.80844661142305,451.3498,688.5791,569.9645,0.0,0.5053,1.2874,1980,66.82000000000002,236.26019270731592,452.269,687.9371,570.1031,0.05,0.7175,1.5147,1980,66.82000000000002
236.165332379564,452.4012,688.0333,570.2173,0.025,0.917,1.5668,1981,66.85333333333334,235.86041991395027,452.7019,688.0333,570.3676,0.0,1.0669,1.5668,1981,66.85333333333334,237.75376053026875,451.4821,688.6532,570.0677,0.0083,0.5281,1.419,1981,66.85333333333334,237.78650792112884,451.4532,688.6532,570.0532,0.0,0.5151,1.419,1981,66.85333333333334,236.165332379564,452.4012,688.0333,570.2173,0.025,0.917,1.5668,1981,66.85333333333334
236.16699294218975,452.4218,688.0608,570.2413,0.025,0.9978,1.5171,1982,66.88666666666667,235.8645192066966,452.7204,688.0608,570.3906,0.0,1.1526,1.5171,1982,66.88666666666667,237.79996391437214,451.4787,688.6954,570.0871,0.0083,0.5337,1.4073,1982,66.88666666666667,237.83385591043864,451.4488,688.6954,570.0721,0.0,0.5166,1.4073,1982,66.88666666666667,236.16699294218975,452.4218,688.0608,570.2413,0.025,0.9978,1.5171,1982,66.88666666666667
236.2332221638531,452.3869,688.0715,570.2292,0.025,0.9587,1.542,1983,66.92166666666667,235.9270982572458,452.6871,688.0715,570.3793,0.0,1.1199,1.542,1983,66.92166666666667,237.80077611815176,451.4847,688.7061,570.0954,0.0083,0.5384,1.3978,1983,66.92166666666667,237.8347228565343,451.4547,688.7061,570.0804,0.0,0.5602,1.3978,1983,66.92166666666667,236.2332221638531,452.3869,688.0715,570.2292,0.025,0.9587,1.542,1983,66.92166666666667
236.21612455415206,452.3905,688.0532,570.2219,0.025,0.937,1.5007,1984,66.95333333333333,235.91059978963585,452.6903,688.0532,570.3718,0.0,1.114,1.5007,1984,66.95333333333333,237.7938685533698,451.4782,688.6821,570.0802,0.0083,0.5345,1.4135,1984,66.95333333333333,237.82626710106155,451.4496,688.6821,570.0658,0.0,0.5536,1.4135,1984,66.95333333333333,236.21612455415206,452.3905,688.0532,570.2219,0.025,0.937,1.5007,1984,66.95333333333333
236.11065858605787,452.4001,687.9588,570.1795,0.025,0.9798,1.4217,1985,66.98833333333334,235.80634970748508,452.7003,687.9588,570.3296,0.0,1.0217,1.4217,1985,66.98833333333334,237.71740663535957,451.4782,688.5866,570.0324,0.0083,0.5345,1.4049,1985,66.98833333333334,237.74980518305108,451.4496,688.5866,570.0181,0.0,0.5536,1.4049,1985,66.98833333333334,236.11065858605787,452.4001,687.9588,570.1795,0.025,0.9798,1.4217,1985,66.98833333333334
236.19565572368057,452.3975,688.0092,570.2034,0.025,0.9766,1.4413,1986,67.02166666666668,235.8641273080932,452.7141,688.0092,570.3617,0.0083,1.0187,1.4413,1986,67.02166666666668,237.71175603412433,451.5177,688.657,570.0873,0.0167,0.5733,1.2255,1986,67.02166666666668,237.84431409572989,451.4832,688.8347,570.1589,0.0,0.556,1.206,1986,67.02166666666668,236.20629939240402,452.3888,688.0092,570.199,0.0167,0.9542,1.4413,1986,67.02166666666668
236.21960145954822,452.3587,687.9828,570.1708,0.025,1.0912,1.3862,1987,67.05333333333334,235.89319839681966,452.6706,687.9828,570.3267,0.0083,1.2317,1.3862,1987,67.05333333333334,237.883570499756,451.3981,688.7016,570.0499,0.0167,0.507,1.2141,1987,67.05333333333334,238.01250081422188,451.3683,688.877,570.1227,0.0,0.5294,1.1877,1987,67.05333333333334,236.23433784234152,452.3467,687.9828,570.1648,0.0167,1.0633,1.3862,1987,67.05333333333334
236.33712363146068,452.2673,688.0713,570.1693,0.025,1.0216,1.3389,1988,67.09,235.8483621988525,452.704,688.0713,570.3876,0.0,1.4173,1.3389,1988,67.09,238.04140369961087,451.2058,688.6866,569.9462,0.0167,0.5248,1.2609,1988,67.09,238.170489050786,451.1762,688.8624,570.0193,0.0,0.5429,1.1439,1988,67.09,236.33712363146068,452.2673,688.0713,570.1693,0.025,1.0216,1.3389,1988,67.09
236.28717411603338,452.3159,688.0751,570.1955,0.0333,0.8832,1.3779,1989,67.12166666666667,236.05075315470887,452.551,688.0751,570.313,0.0083,1.0285,1.3779,1989,67.12166666666667,237.76869726473362,451.4823,688.6972,570.0897,0.0167,0.5208,1.2667,1989,67.12166666666667,237.9003847806813,451.4453,688.8718,570.1586,0.0,0.601,1.1282,1989,67.12166666666667,236.26990677236418,452.3672,688.0751,570.2211,0.025,0.8524,1.3779,1989,67.12166666666667
236.29722181121605,452.376,688.1417,570.2588,0.025,0.8629,1.4165,1990,67.15666666666667,236.17856850721245,452.4939,688.1417,570.3178,0.0083,0.9954,1.4165,1990,67.15666666666667,237.826369324349,451.5089,688.8095,570.1592,0.025,0.5005,1.2788,1990,67.15666666666667,237.99647568597638,451.4412,688.9885,570.2148,0.0,0.5859,1.1539,1990,67.15666666666667,236.43301359383943,452.2908,688.1417,570.2162,0.0333,0.8215,1.4165,1990,67.15666666666667
236.12824718373028,452.4533,688.0186,570.2359,0.0083,0.9045,1.4973,1991,67.19500000000002,235.99097676708703,452.5783,688.0186,570.2984,0.0,0.955,1.4973,1991,67.19500000000002,237.8225471684111,451.4745,688.7501,570.1123,0.025,0.5352,1.3299,1991,67.19500000000002,237.89016356760163,451.5083,688.9269,570.2176,0.0,0.5981,1.3003,1991,67.19500000000002,236.12824718373028,452.4533,688.0186,570.2359,0.0083,0.9045,1.4973,1991,67.19500000000002
236.16073893330034,452.3897,688.0236,570.2066,0.0333,0.8169,1.4904,1992,67.22333333333334,235.926793517452,452.6221,688.0236,570.3228,0.0083,0.9707,1.4904,1992,67.22333333333334,237.72886294024087,451.5043,688.7091,570.1067,0.025,0.5823,1.3209,1992,67.22333333333334,237.8234375989935,451.5331,688.8872,570.2101,0.0,0.598,1.2978,1992,67.22333333333334,236.05462188752867,452.496,688.0236,570.2598,0.0167,0.8398,1.4904,1992,67.22333333333334
236.1614652424318,452.3989,688.0375,570.2182,0.0333,0.8123,1.4802,1993,67.25500000000001,235.9283478979971,452.6303,688.0375,570.3339,0.0083,0.9694,1.4802,1993,67.25500000000001,237.72163740354185,451.5197,688.7226,570.1211,0.025,0.5762,1.3197,1993,67.25500000000001,237.81631992204439,451.5481,688.9003,570.2242,0.0,0.6048,1.3008,1993,67.25500000000001,236.05599015871198,452.5043,688.0375,570.2709,0.0167,0.8447,1.4802,1993,67.25500000000001
236.26572774398133,452.3083,688.0164,570.1623,0.025,0.8219,1.3546,1994,67.295,235.94905628674468,452.6196,688.0164,570.318,0.0,1.1295,1.3546,1994,67.295,237.82353081635148,451.4258,688.6994,570.0626,0.025,0.5144,1.279,1994,67.295,237.8913661703503,451.4598,688.8778,570.1688,0.0,0.5416,1.2599,1994,67.295,236.26572774398133,452.3083,688.0164,570.1623,0.025,0.8219,1.3546,1994,67.295
236.1934051881964,452.3606,688.0196,570.1901,0.025,0.7339,1.3433,1995,67.32166666666667,235.8808601406028,452.6706,688.0196,570.3451,0.0,1.1567,1.3433,1995,67.32166666666667,237.73494708337776,451.4675,688.6527,570.0601,0.025,0.5461,1.3282,1995,67.32166666666667,237.8286118169546,451.498,688.8323,570.1652,0.0,0.5706,1.2731,1995,67.32166666666667,236.1934051881964,452.3606,688.0196,570.1901,0.025,0.7339,1.3433,1995,67.32166666666667
236.34015785635145,452.3609,688.1515,570.2562,0.0417,0.7857,1.5234,1996,67.35666666666667,236.036749191099,452.6489,688.1515,570.4002,0.0083,1.0685,1.5234,1996,67.35666666666667,237.92893138970717,451.3622,688.7367,570.0494,0.0333,0.4921,1.3782,1996,67.35666666666667,238.0369945952935,451.3463,688.9017,570.124,0.0,0.501,1.356,1996,67.35666666666667,236.35823746087732,452.3472,688.1515,570.2493,0.0333,0.8168,1.5234,1996,67.35666666666667
236.38381435858904,452.3287,688.1512,570.24,0.0417,0.5972,1.5231,1997,67.39833333333334,236.07696157811435,452.6188,688.1512,570.385,0.0083,0.9333,1.5231,1997,67.39833333333334,237.8862544149084,451.3774,688.6958,570.0366,0.025,0.4988,1.4247,1997,67.39833333333334,238.01980325088164,451.341,688.8621,570.1015,0.0,0.4565,1.3114,1997,67.39833333333334,236.39881596202466,452.3167,688.1512,570.2339,0.0333,0.5938,1.5231,1997,67.39833333333334
236.27064940084747,452.4115,688.1051,570.2583,0.0417,0.8226,1.4605,1998,67.42,235.87546764193925,452.7935,688.1051,570.4493,0.0083,1.1078,1.4605,1998,67.42,237.74827471823343,451.4953,688.6614,570.0784,0.0417,0.4433,1.387,1998,67.42,237.85464820805328,451.4925,688.8286,570.1605,0.0,0.5471,1.2835,1998,67.42,236.2861960008449,452.3989,688.1051,570.252,0.0333,0.859,1.4605,1998,67.42
236.2318442820046,452.4284,688.1265,570.2775,0.0333,0.8488,1.4885,1999,67.45333333333333,235.96488641654685,452.7027,688.1265,570.4146,0.0083,0.8121,1.4885,1999,67.45333333333333,237.684562530764,451.5492,688.6613,570.1053,0.025,0.5704,1.4304,1999,67.45333333333333,237.77096811826945,451.5831,688.836,570.2095,0.0,0.5594,1.3422,1999,67.45333333333333,236.22789438346976,452.4484,688.1265,570.2875,0.0333,0.7351,1.4885,1999,67.45333333333333
236.35899926440186,452.3365,688.1518,570.2442,0.0167,0.8914,1.4355,2000,67.49666666666667,236.15490663524074,452.5177,688.1518,570.3348,0.0,0.885,1.4355,2000,67.49666666666667,237.7937122508808,451.4731,688.7242,570.0987,0.0417,0.4674,1.427,2000,67.49666666666667,237.9017706483267,451.4733,688.8978,570.1856,0.0,0.4595,1.3403,2000,67.49666666666667,236.35899926440186,452.3365,688.1518,570.2442,0.0167,0.8914,1.4355,2000,67.49666666666667
236.3594405310635,452.3234,688.1379,570.2306,0.0167,0.9274,1.4202,2001,67.52833333333334,236.1541408868698,452.5052,688.1379,570.3215,0.0,1.0017,1.4202,2001,67.52833333333334,237.78610898205574,451.4725,688.7272,570.0998,0.0417,0.4634,1.4444,2001,67.52833333333334,237.89789922277927,451.473,688.9066,570.1898,0.0,0.4543,1.3145,2001,67.52833333333334,236.3594405310635,452.3234,688.1379,570.2306,0.0167,0.9274,1.4202,2001,67.52833333333334
236.36017997749042,452.3405,688.1379,570.2392,0.025,0.8499,1.4006,2002,67.55333333333334,236.16945337402203,452.4988,688.1379,570.3183,0.0,0.8935,1.4006,2002,67.55333333333334,237.84755351652987,451.4279,688.7366,570.0822,0.0417,0.5023,1.4482,2002,67.55333333333334,237.90282661193024,451.4763,688.9157,570.196,0.0,0.4807,1.3251,2002,67.55333333333334,236.36017997749042,452.3405,688.1379,570.2392,0.025,0.8499,1.4006,2002,67.55333333333334
236.38516827702315,452.282,688.1427,570.2124,0.0333,0.8216,1.477,2003,67.59833333333334,236.1254121936331,452.521,688.1427,570.3319,0.0083,0.9585,1.477,2003,67.59833333333334,237.78566090652814,451.4794,688.7385,570.1089,0.0417,0.4596,1.4426,2003,67.59833333333334,237.89672693122864,451.479,688.9157,570.1973,0.0,0.4503,1.3257,2003,67.59833333333334,236.37020838759113,452.3283,688.1427,570.2355,0.0333,0.7611,1.477,2003,67.59833333333334
236.36699919608353,452.2937,688.1507,570.2222,0.0333,0.8377,1.5541,2004,67.62,236.1081042170282,452.5321,688.1507,570.3414,0.0083,1.0174,1.5541,2004,67.62,237.78123081039973,451.4812,688.7317,570.1065,0.0417,0.4501,1.4503,2004,67.62,237.89252653331448,451.4807,688.9092,570.1949,0.0,0.4675,1.3261,2004,67.62,236.32061075363782,452.364,688.1507,570.2574,0.025,0.8306,1.5541,2004,67.62
236.38868837453353,452.2807,688.1508,570.2158,0.0333,0.8391,1.543,2005,67.65333333333334,236.13011966579467,452.5187,688.1508,570.3347,0.0083,0.9591,1.543,2005,67.65333333333334,237.78040859498293,451.4797,688.7266,570.1032,0.0417,0.4621,1.4273,2005,67.65333333333334,237.89051234062256,451.4793,688.9023,570.1908,0.0,0.4594,1.3264,2005,67.65333333333334,236.3736902323448,452.3268,688.1508,570.2388,0.0333,0.749,1.543,2005,67.65333333333334
236.38105270728954,452.2927,688.1032,570.198,0.0333,0.8209,1.3993,2006,67.68833333333333,236.11476399035314,452.508,688.1032,570.3056,0.0,0.9408,1.3993,2006,67.68833333333333,237.7276223914271,451.4689,688.6319,570.0504,0.025,0.5389,1.4628,2006,67.68833333333333,237.90585884302308,451.4111,688.8119,570.1115,0.0,0.5298,1.4778,2006,67.68833333333333,236.38105270728954,452.2927,688.1032,570.198,0.0333,0.8209,1.3993,2006,67.68833333333333
236.28534628429944,452.3782,688.0996,570.2389,0.0417,0.7653,1.4013,2007,67.72,235.9733132443175,452.6457,688.0996,570.3727,0.0,0.813,1.4013,2007,67.72,237.68339802717475,451.5903,688.7201,570.1552,0.0333,0.4397,1.5416,2007,67.72,237.82052045838182,451.5475,688.8972,570.2224,0.0,0.4726,1.4369,2007,67.72,236.28534628429944,452.3782,688.0996,570.2389,0.0417,0.7653,1.4013,2007,67.72
236.2516350124112,452.4136,688.0994,570.2565,0.0333,0.7674,1.4226,2008,67.75333333333334,235.99495833712137,452.6219,688.0994,570.3606,0.0,0.8285,1.4226,2008,67.75333333333334,237.71641756436657,451.5564,688.7111,570.1337,0.0333,0.4181,1.5119,2008,67.75333333333334,237.85177589521925,451.5151,688.8884,570.2017,0.0,0.4638,1.4178,2008,67.75333333333334,236.2516350124112,452.4136,688.0994,570.2565,0.0333,0.7674,1.4226,2008,67.75333333333334
236.25062892486116,452.3159,687.9417,570.1288,0.0333,0.7974,1.4768,2009,67.78666666666668,235.99039513137237,452.5271,687.9417,570.2344,0.0,0.8586,1.4768,2009,67.78666666666668,237.74793480155517,451.4278,688.5519,569.9898,0.0167,0.4648,1.52,2009,67.78666666666668,237.87992193124583,451.3997,688.7331,570.0664,0.0,0.5106,1.508,2009,67.78666666666668,236.25062892486116,452.3159,687.9417,570.1288,0.0333,0.7974,1.4768,2009,67.78666666666668
236.2927634104941,452.3225,688.0117,570.1671,0.0333,0.7787,1.46,2010,67.82000000000002,236.0327378562197,452.5332,688.0117,570.2725,0.0,0.8403,1.46,2010,67.82000000000002,237.80612056044745,451.4386,688.6634,570.051,0.0167,0.4943,1.5697,2010,67.82000000000002,237.93585534444375,451.4111,688.8416,570.1264,0.0,0.5249,1.5494,2010,67.82000000000002,236.2927634104941,452.3225,688.0117,570.1671,0.0333,0.7787,1.46,2010,67.82000000000002
236.27535654071613,452.3322,688.0172,570.1747,0.0417,0.791,1.4121,2011,67.85333333333334,235.971271601573,452.5767,688.0172,570.297,0.0,0.8873,1.4121,2011,67.85333333333334,237.8117662815675,451.4353,688.6611,570.0482,0.0167,0.4938,1.5756,2011,67.85333333333334,237.9415335550175,451.4078,688.8393,570.1236,0.0,0.5134,1.5551,2011,67.85333333333334,236.27535654071613,452.3322,688.0172,570.1747,0.0417,0.791,1.4121,2011,67.85333333333334
236.29484816142917,452.3204,688.0096,570.165,0.0333,0.8002,1.4194,2012,67.88666666666667,236.03596746724438,452.5308,688.0096,570.2702,0.0,0.8898,1.4194,2012,67.88666666666667,237.80933924524942,451.437,688.6598,570.0484,0.0167,0.4508,1.5772,2012,67.88666666666667,237.93907439131442,451.4096,688.838,570.1238,0.0,0.4881,1.5168,2012,67.88666666666667,236.29484816142917,452.3204,688.0096,570.165,0.0333,0.8002,1.4194,2012,67.88666666666667
236.2804716955877,452.3331,688.0119,570.1725,0.0417,0.7513,1.4081,2013,67.92,235.97694502632902,452.5771,688.0119,570.2945,0.0,0.9217,1.4081,2013,67.92,237.80361534230715,451.4421,688.6591,570.0506,0.0167,0.4514,1.5778,2013,67.92,237.9334307820661,451.4146,688.8374,570.126,0.0,0.4894,1.5159,2013,67.92,236.2804716955877,452.3331,688.0119,570.1725,0.0417,0.7513,1.4081,2013,67.92
236.29625601311216,452.3359,688.0371,570.1865,0.0333,0.8104,1.4009,2014,67.95333333333333,236.03852910676795,452.5454,688.0371,570.2912,0.0,0.933,1.4009,2014,67.95333333333333,237.81528642816028,451.4431,688.6795,570.0613,0.0167,0.4514,1.5413,2014,67.95333333333333,237.9447729742459,451.4156,688.8573,570.1364,0.0,0.4857,1.5296,2014,67.95333333333333,236.29625601311216,452.3359,688.0371,570.1865,0.0333,0.8104,1.4009,2014,67.95333333333333
236.28991630665587,452.3401,688.04,570.1901,0.0417,0.81,1.5161,2015,67.98666666666666,235.98511747808328,452.5845,688.04,570.3123,0.0,0.9285,1.5161,2015,67.98666666666666,237.8134694415478,451.4385,688.6719,570.0552,0.0167,0.4533,1.5074,2015,67.98666666666666,237.9429719238195,451.4111,688.8498,570.1305,0.0,0.4875,1.5714,2015,67.98666666666666,236.28991630665587,452.3401,688.04,570.1901,0.0417,0.81,1.5161,2015,67.98666666666666
236.29120960120585,452.4333,688.0927,570.263,0.05,0.9595,1.4337,2016,68.02166666666668,235.68949696478379,452.9943,688.0927,570.5435,0.0083,1.2678,1.4337,2016,68.02166666666668,237.83404263133139,451.4575,688.7187,570.0881,0.025,0.4193,1.3947,2016,68.02166666666668,237.98704257569162,451.401,688.8906,570.1458,0.0,0.5268,1.3294,2016,68.02166666666668,236.3035841761873,452.4235,688.0927,570.2581,0.0417,0.9742,1.4337,2016,68.02166666666668
236.2916006350762,452.4386,688.0942,570.2664,0.05,0.9389,1.4405,2017,68.05333333333334,235.6893886522082,452.9993,688.0942,570.5467,0.0083,1.1608,1.4405,2017,68.05333333333334,237.8372922919789,451.456,688.7189,570.0875,0.025,0.4336,1.3946,2017,68.05333333333334,237.9902277748946,451.3997,688.8907,570.1452,0.0,0.558,1.3303,2017,68.05333333333334,236.30347249419262,452.4298,688.0942,570.262,0.0417,0.9247,1.4405,2017,68.05333333333334
236.25591473481037,452.4387,688.092,570.2653,0.05,1.0474,1.4418,2018,68.08666666666667,235.68942764251966,452.9984,688.092,570.5452,0.0083,1.1317,1.4418,2018,68.08666666666667,237.85954509700255,451.4366,688.7168,570.0767,0.0167,0.4657,1.3942,2018,68.08666666666667,237.98876317813415,451.401,688.8887,570.1449,0.0,0.5424,1.3314,2018,68.08666666666667,236.30323928360392,452.4294,688.092,570.2607,0.0417,0.9402,1.4418,2018,68.08666666666667
236.26147068915765,452.4446,688.1156,570.2801,0.05,1.0034,1.5056,2019,68.12,235.69917920527456,453.0005,688.1156,570.558,0.0083,1.1216,1.5056,2019,68.12,237.8575281438744,451.4342,688.7104,570.0723,0.0167,0.4476,1.3838,2019,68.12,237.98679515138903,451.3986,688.8823,570.1405,0.0,0.538,1.2824,2019,68.12,236.30943030427048,452.4351,688.1156,570.2753,0.0417,0.9583,1.5056,2019,68.12
236.33266298437695,452.3581,688.095,570.2265,0.05,0.9483,1.3294,2020,68.15333333333334,235.77182889290123,452.9158,688.095,570.5054,0.0083,1.0272,1.3294,2020,68.15333333333334,237.90489443604426,451.3956,688.7536,570.0746,0.0167,0.5723,1.3735,2020,68.15333333333334,238.02670729512994,451.3918,688.925,570.1584,0.0,0.5688,1.3232,2020,68.15333333333334,236.38838065179505,452.3449,688.095,570.2199,0.0417,0.8829,1.3294,2020,68.15333333333334
236.32065964727292,452.3622,688.0872,570.2247,0.05,0.973,1.3397,2021,68.18833333333333,235.76253945462412,452.9172,688.0872,570.5022,0.0083,1.0687,1.3397,2021,68.18833333333333,237.91059157916231,451.3942,688.7596,570.0769,0.0167,0.5658,1.3627,2021,68.18833333333333,238.03223796183863,451.3904,688.9309,570.1607,0.0,0.5708,1.3163,2021,68.18833333333333,236.37598826960578,452.3483,688.0872,570.2178,0.0417,0.8422,1.3397,2021,68.18833333333333
236.32529442571428,452.3611,688.09,570.2256,0.05,1.0142,1.3371,2022,68.22166666666666,235.76622557091372,452.917,688.09,570.5035,0.0083,1.0527,1.3371,2022,68.22166666666666,237.9141250714393,451.3939,688.7649,570.0794,0.0167,0.5666,1.3529,2022,68.22166666666666,238.03567250745803,451.3901,688.9361,570.1631,0.0,0.5705,1.31,2022,68.22166666666666,236.3823529990833,452.3465,688.09,570.2183,0.0417,0.856,1.3371,2022,68.22166666666666
236.46928397738506,452.2622,688.0926,570.1774,0.0583,0.8201,1.3354,2023,68.25500000000001,235.799926481637,452.89,688.0926,570.4913,0.0083,0.8976,1.3354,2023,68.25500000000001,237.92260489942606,451.3873,688.7584,570.0728,0.0083,0.5943,1.3639,2023,68.25500000000001,238.03539505531086,451.3873,688.9297,570.1585,0.0,0.5943,1.3193,2023,68.25500000000001,236.4790924747873,452.2549,688.0926,570.1737,0.05,0.7887,1.3354,2023,68.25500000000001
236.41645731480605,452.3211,688.0947,570.2079,0.05,0.8244,1.3367,2024,68.29,235.80504921792138,452.8866,688.0947,570.4906,0.0083,0.9288,1.3367,2024,68.29,237.92144824195427,451.3868,688.7562,570.0715,0.0083,0.5936,1.3644,2024,68.29,238.0342930144871,451.3868,688.9276,570.1572,0.0,0.5936,1.3401,2024,68.29,236.41059900162222,452.3291,688.0947,570.2119,0.05,0.8267,1.3367,2024,68.29
236.24747419071738,452.5728,688.2611,570.417,0.0417,0.9147,1.5094,2025,68.32333333333334,235.75695030326122,453.0594,688.2611,570.6602,0.0083,1.2711,1.5094,2025,68.32333333333334,237.83232120067748,451.6306,688.92,570.2753,0.025,0.4644,1.4751,2025,68.32333333333334,237.9953975330839,451.5689,689.098,570.3335,0.0,0.5552,1.4131,2025,68.32333333333334,236.29311711428156,452.5499,688.2611,570.4055,0.0417,1.004,1.5094,2025,68.32333333333334
236.25802089315616,452.45,688.1431,570.2965,0.0417,0.7951,1.2927,2026,68.35666666666667,236.04251807152093,452.6584,688.1431,570.4007,0.0083,0.9502,1.2927,2026,68.35666666666667,238.03985695035794,451.3811,688.8518,570.1164,0.0167,0.5244,1.4683,2026,68.35666666666667,238.17157633083153,451.3476,689.0289,570.1882,0.0,0.5329,1.436,2026,68.35666666666667,236.46582726934489,452.2766,688.1431,570.2098,0.05,0.7878,1.2927,2026,68.35666666666667
235.9665422459295,452.4864,687.8803,570.1833,0.0167,1.0168,1.2353,2027,68.38833333333334,235.77973193022285,452.6705,687.8803,570.2754,0.0083,1.0794,1.2353,2027,68.38833333333334,237.79446732685088,451.3811,688.5792,569.9802,0.0167,0.533,1.3977,2027,68.38833333333334,237.91640416096573,451.3477,688.7415,570.0446,0.0,0.5582,1.4519,2027,68.38833333333334,236.0077879543671,452.4588,687.8803,570.1696,0.0167,0.9736,1.2353,2027,68.38833333333334
235.88040909208388,452.6086,687.9802,570.2944,0.0167,0.9106,1.2546,2028,68.42166666666667,235.90712336444,452.5961,687.9802,570.2882,0.0083,1.0134,1.2546,2028,68.42166666666667,237.6923617579177,451.5948,688.7787,570.1867,0.0333,0.3193,1.4624,2028,68.42166666666667,237.77211260130383,451.5077,688.7787,570.1432,0.0,0.3953,1.4624,2028,68.42166666666667,235.99920211884398,452.535,687.9802,570.2576,0.0167,0.8897,1.2546,2028,68.42166666666667
236.0396027721661,452.4983,688.0047,570.2515,0.0083,1.0893,1.3721,2029,68.45333333333333,236.03960277216632,452.4983,688.0047,570.2515,0.0083,1.0893,1.3721,2029,68.45333333333333,237.7777391140569,451.4671,688.6679,570.0675,0.0333,0.4255,1.3461,2029,68.45333333333333,237.85335041201517,451.4737,688.8345,570.1541,0.0,0.4506,1.3632,2029,68.45333333333333,236.12834366750337,452.438,688.0047,570.2213,0.0167,0.9446,1.3721,2029,68.45333333333333
236.17772724518971,452.3646,688.0073,570.1859,0.0083,0.9413,1.3444,2030,68.48666666666666,236.17772724518997,452.3646,688.0073,570.1859,0.0083,0.9413,1.3444,2030,68.48666666666666,237.8469493006533,451.3889,688.6648,570.0269,0.0333,0.423,1.3382,2030,68.48666666666666,237.91847383621484,451.402,688.8316,570.1168,0.0,0.4822,1.3521,2030,68.48666666666666,236.33875526371872,452.255,688.0073,570.1312,0.0333,0.6536,1.3444,2030,68.48666666666666
236.3469668990924,452.2355,687.9911,570.1133,0.05,0.6228,1.3019,2031,68.52833333333334,236.2291938868601,452.3237,687.9911,570.1574,0.0083,0.9644,1.3019,2031,68.52833333333334,237.8515664922226,451.3869,688.6655,570.0262,0.0333,0.4352,1.4389,2031,68.52833333333334,237.9228971213087,451.4001,688.8322,570.1161,0.0,0.5025,1.3556,2031,68.52833333333334,236.34119786876562,452.2401,687.9911,570.1156,0.0417,0.6088,1.3019,2031,68.52833333333334
236.27039958086718,452.2917,688.0005,570.1461,0.0333,0.7808,1.2984,2032,68.55333333333334,236.23177098361438,452.3255,688.0005,570.163,0.0083,0.8383,1.2984,2032,68.55333333333334,237.85903751087722,451.3853,688.667,570.0261,0.0333,0.4343,1.3995,2032,68.55333333333334,237.93027534523065,451.3985,688.8338,570.1161,0.0,0.5018,1.3656,2032,68.55333333333334,236.34373501281652,452.2422,688.0005,570.1213,0.0417,0.6682,1.2984,2032,68.55333333333334
236.11150672345906,452.3987,687.9818,570.1903,0.05,0.8452,1.2256,2033,68.58666666666667,236.1664395806749,452.3606,687.9818,570.1712,0.0083,0.8718,1.2256,2033,68.58666666666667,237.84288571806772,451.3869,688.6508,570.0188,0.0333,0.4355,1.4172,2033,68.58666666666667,237.91448732875241,451.4001,688.8179,570.109,0.0,0.5037,1.3861,2033,68.58666666666667,236.27134604198258,452.3021,687.9818,570.142,0.0417,0.6772,1.2256,2033,68.58666666666667
236.04688714337115,452.5244,688.0076,570.266,0.0333,0.8175,1.2758,2034,68.62666666666667,235.9364966762582,452.5919,688.0076,570.2998,0.0083,1.0243,1.2758,2034,68.62666666666667,237.6791036356894,451.5313,688.6501,570.0907,0.0167,0.4245,1.3242,2034,68.62666666666667,237.80132438416868,451.5043,688.8172,570.1608,0.0,0.5223,1.3837,2034,68.62666666666667,236.04908922553722,452.5227,688.0076,570.2652,0.025,0.8085,1.2758,2034,68.62666666666667
236.05309630362802,452.5189,688.0076,570.2633,0.0333,0.8195,1.2756,2035,68.65333333333334,235.94070304423806,452.5878,688.0076,570.2977,0.0083,1.0566,1.2756,2035,68.65333333333334,237.69672307773143,451.5167,688.6501,570.0834,0.0167,0.4411,1.3242,2035,68.65333333333334,237.81902701584212,451.4895,688.8172,570.1534,0.0,0.4922,1.3837,2035,68.65333333333334,236.0551229100836,452.5173,688.0076,570.2625,0.025,0.8179,1.2756,2035,68.65333333333334
236.41634916395913,452.0769,687.848,569.9625,0.0417,0.6462,1.3988,2036,68.68666666666667,235.9632017505671,452.4905,687.848,570.1693,0.0,0.8508,1.3988,2036,68.68666666666667,237.80906719136655,451.3413,688.5731,569.9572,0.0083,0.4967,1.3603,2036,68.68666666666667,237.8190365500023,451.3193,688.5731,569.9462,0.0,0.5474,1.3603,2036,68.68666666666667,236.39638052199774,452.0859,687.848,569.967,0.0333,0.7893,1.3988,2036,68.68666666666667
236.3625064883489,452.1276,687.8432,569.9854,0.0417,0.7186,1.4255,2037,68.72833333333334,235.9132037371251,452.5382,687.8432,570.1907,0.0,0.8973,1.4255,2037,68.72833333333334,237.77121926543578,451.3769,688.5555,569.9662,0.0083,0.4882,1.3495,2037,68.72833333333334,237.78009903257404,451.3573,688.5555,569.9564,0.0,0.5577,1.3495,2037,68.72833333333334,236.3625064883489,452.1276,687.8432,569.9854,0.0417,0.7186,1.4255,2037,68.72833333333334
236.57941478897038,452.1458,688.1453,570.1456,0.0417,0.7219,1.5611,2038,68.75333333333334,236.1281928545633,452.5586,688.1453,570.352,0.0,0.9067,1.5611,2038,68.75333333333334,237.90821748173389,451.4058,688.7099,570.0578,0.0083,0.4512,1.4247,2038,68.75333333333334,237.91695896907984,451.3864,688.7099,570.0481,0.0,0.5164,1.4247,2038,68.75333333333334,236.57941478897038,452.1458,688.1453,570.1456,0.0417,0.7219,1.5611,2038,68.75333333333334
236.58379255873456,452.1238,688.1319,570.1278,0.0417,0.7018,1.5824,2039,68.78833333333334,236.13563439918772,452.5352,688.1319,570.3336,0.0,0.9095,1.5824,2039,68.78833333333334,237.91234321393367,451.3853,688.6922,570.0388,0.0083,0.4645,1.4157,2039,68.78833333333334,237.92535704038613,451.3565,688.6922,570.0244,0.0,0.5337,1.4157,2039,68.78833333333334,236.58379255873456,452.1238,688.1319,570.1278,0.0417,0.7018,1.5824,2039,68.78833333333334
236.5323401213549,452.1917,688.1351,570.1634,0.0333,0.7412,1.6212,2040,68.83166666666668,236.13785484187986,452.5437,688.1351,570.3394,0.0,0.9298,1.6212,2040,68.83166666666668,237.90697779115516,451.3916,688.6994,570.0455,0.0167,0.506,1.3978,2040,68.83166666666668,237.92832082046766,451.3588,688.6994,570.0291,0.0,0.5032,1.3978,2040,68.83166666666668,236.5323401213549,452.1917,688.1351,570.1634,0.0333,0.7412,1.6212,2040,68.83166666666668
236.5322715956617,452.1791,688.1336,570.1563,0.05,0.7542,1.5846,2041,68.85333333333334,236.08129631733763,452.5943,688.1336,570.364,0.0083,0.92,1.5846,2041,68.85333333333334,237.85969535162621,451.4233,688.6977,570.0605,0.0083,0.5345,1.4023,2041,68.85333333333334,237.867216867223,451.42,688.6977,570.0588,0.0,0.5334,1.4023,2041,68.85333333333334,236.53082371704767,452.1809,688.1336,570.1573,0.0417,0.737,1.5846,2041,68.85333333333334
236.53828764931635,452.1754,688.132,570.1537,0.05,0.7365,1.5877,2042,68.88666666666667,236.08666780547895,452.591,688.132,570.3615,0.0083,0.9035,1.5877,2042,68.88666666666667,237.85669106188897,451.4269,688.6942,570.0605,0.0083,0.5251,1.4133,2042,68.88666666666667,237.86408802192543,451.4237,688.6942,570.0589,0.0,0.5379,1.4133,2042,68.88666666666667,236.53684112861356,452.1772,688.132,570.1546,0.0417,0.7074,1.5877,2042,68.88666666666667
236.52583108564474,452.1866,688.133,570.1598,0.05,0.7047,1.5872,2043,68.93,236.07414400368552,452.6021,688.133,570.3675,0.0083,0.8886,1.5872,2043,68.93,237.86119217463127,451.424,688.6974,570.0607,0.0083,0.5275,1.4031,2043,68.93,237.86857197380755,451.4209,688.6974,570.0591,0.0,0.5292,1.4031,2043,68.93,236.5245035834276,452.1883,688.133,570.1607,0.0417,0.7111,1.5872,2043,68.93
236.52396206440181,452.177,688.1218,570.1494,0.05,0.6831,1.6348,2044,68.955,236.0686394877681,452.5947,688.1218,570.3583,0.0083,0.909,1.6348,2044,68.955,237.84669810051614,451.4272,688.6839,570.0556,0.0083,0.537,1.5311,2044,68.955,237.85397820353018,451.424,688.6839,570.054,0.0,0.5261,1.5311,2044,68.955,236.52256089175307,452.1788,688.1218,570.1503,0.0417,0.6561,1.6348,2044,68.955
236.5217452693785,452.1784,688.1146,570.1465,0.05,0.7291,1.6155,2045,68.98666666666666,236.06687601583963,452.5958,688.1146,570.3552,0.0083,0.9013,1.6155,2045,68.98666666666666,237.9539385650733,451.4276,688.8383,570.1329,0.0083,0.5382,1.4263,2045,68.98666666666666,237.9612260720947,451.4244,688.8383,570.1314,0.0,0.526,1.4263,2045,68.98666666666666,236.52006226072945,452.1806,688.1146,570.1476,0.0417,0.7028,1.6155,2045,68.98666666666666
236.32624302509743,452.3593,688.1699,570.2646,0.0167,1.016,1.4013,2046,69.03333333333333,236.1858284376542,452.4867,688.1699,570.3283,0.0083,1.0603,1.4013,2046,69.03333333333333,237.96416912077862,451.4129,688.8604,570.1366,0.0167,0.4773,1.2227,2046,69.03333333333333,237.95240521756105,451.4041,688.8604,570.1323,0.0,0.4871,1.2227,2046,69.03333333333333,236.36880366534982,452.33,688.1699,570.2499,0.0167,0.9544,1.4013,2046,69.03333333333333
236.31265764989408,452.374,688.1758,570.2749,0.0167,1.1019,1.3974,2047,69.05333333333334,236.17275824434833,452.501,688.1758,570.3384,0.0083,1.1358,1.3974,2047,69.05333333333334,237.95443513763516,451.4214,688.8604,570.1409,0.0167,0.4364,1.2244,2047,69.05333333333334,237.94288693046693,451.4127,688.8604,570.1365,0.0,0.4969,1.2244,2047,69.05333333333334,236.3162804064394,452.3712,688.1758,570.2735,0.0083,1.051,1.3974,2047,69.05333333333334
236.35461437020473,452.3471,688.1788,570.263,0.0167,1.0166,1.3805,2048,69.08666666666667,236.21468375387454,452.4751,688.1788,570.3269,0.0083,1.0581,1.3805,2048,69.08666666666667,237.9683248550449,451.4296,688.8762,570.1529,0.025,0.4706,1.2337,2048,69.08666666666667,237.93509010265643,451.4378,688.8762,570.157,0.0,0.4937,1.2337,2048,69.08666666666667,236.39245684923833,452.3201,688.1788,570.2494,0.0167,0.9514,1.3805,2048,69.08666666666667
236.3352904438425,452.2885,688.127,570.2078,0.025,0.9255,1.2468,2049,69.12,236.14885525216377,452.4672,688.127,570.2971,0.0083,1.0479,1.2468,2049,69.12,237.84319013184327,451.4387,688.7843,570.1115,0.0083,0.5847,1.2621,2049,69.12,237.8570190083993,451.4081,688.7843,570.0962,0.0,0.6203,1.2621,2049,69.12,236.32033220968083,452.3166,688.127,570.2218,0.0167,0.9632,1.2468,2049,69.12
236.17660396797308,452.406,688.0735,570.2398,0.0167,1.0414,1.4044,2050,69.15333333333334,236.04280542492918,452.5275,688.0735,570.3005,0.0083,1.0475,1.4044,2050,69.15333333333334,237.8376042973633,451.4461,688.7845,570.1153,0.0083,0.4235,1.2631,2050,69.15333333333334,237.85157918783563,451.4151,688.7845,570.0998,0.0,0.5535,1.2631,2050,69.15333333333334,236.1790275129092,452.404,688.0735,570.2388,0.0083,1.0337,1.4044,2050,69.15333333333334
236.31460163530653,452.3614,688.1354,570.2484,0.0167,1.0205,1.3306,2051,69.18666666666667,236.17985447226064,452.4847,688.1354,570.3101,0.0083,1.0798,1.3306,2051,69.18666666666667,237.9770447349757,451.4446,688.9125,570.1786,0.0083,0.4256,1.1472,2051,69.18666666666667,237.99103224184793,451.4137,688.9125,570.1631,0.0,0.5519,1.1472,2051,69.18666666666667,236.31486075203063,452.3611,688.1354,570.2483,0.0083,1.0191,1.3306,2051,69.18666666666667
236.43721748984402,452.2066,688.0906,570.1486,0.0333,0.8203,1.2743,2052,69.22,236.19391003405252,452.4045,688.0906,570.2475,0.0,0.9213,1.2743,2052,69.22,237.94460977115543,451.3614,688.7894,570.0754,0.0083,0.4817,1.1316,2052,69.22,237.95856458369536,451.3305,688.7894,570.0599,0.0,0.5319,1.1316,2052,69.22,236.43721748984402,452.2066,688.0906,570.1486,0.0333,0.8203,1.2743,2052,69.22
236.23591614774614,452.3691,688.0855,570.2273,0.025,0.8792,1.307,2053,69.25333333333334,236.03470082178492,452.5361,688.0855,570.3108,0.0,0.855,1.307,2053,69.25333333333334,237.83366887056616,451.455,688.782,570.1185,0.0083,0.5196,1.1148,2053,69.25333333333334,237.84748911803598,451.4244,688.782,570.1032,0.0,0.5557,1.1148,2053,69.25333333333334,236.23591614774614,452.3691,688.0855,570.2273,0.025,0.8792,1.307,2053,69.25333333333334
236.42423898396518,452.3239,688.2174,570.2706,0.0417,0.8006,1.5513,2054,69.28666666666668,236.13215716222632,452.5751,688.2174,570.3962,0.0,0.8526,1.5513,2054,69.28666666666668,237.92496541429207,451.5489,689.0118,570.2803,0.025,0.4526,1.1757,2054,69.28666666666668,237.97724965315342,451.4869,689.0118,570.2494,0.0,0.5185,1.1757,2054,69.28666666666668,236.42423898396518,452.3239,688.2174,570.2706,0.0417,0.8006,1.5513,2054,69.28666666666668
236.41889749283965,452.2746,688.1368,570.2057,0.025,0.834,1.5053,2055,69.32166666666667,236.2077413453195,452.4545,688.1368,570.2957,0.0,0.9582,1.5053,2055,69.32166666666667,237.95315552269756,451.4396,688.8865,570.1631,0.0167,0.439,1.2404,2055,69.32166666666667,237.99427110499943,451.3851,688.8865,570.1358,0.0,0.5179,1.2404,2055,69.32166666666667,236.41889749283965,452.2746,688.1368,570.2057,0.025,0.834,1.5053,2055,69.32166666666667
236.24153609530592,452.3699,688.0535,570.2117,0.0417,0.7987,1.2527,2056,69.36,235.93681402610247,452.6567,688.0535,570.3551,0.0083,1.0183,1.2527,2056,69.36,237.76293454347248,451.4564,688.6182,570.0373,0.0167,0.4372,1.2607,2056,69.36,237.7874933606812,451.4192,688.6182,570.0187,0.0,0.5317,1.2607,2056,69.36,236.24843920496633,452.3685,688.0535,570.211,0.0417,0.7887,1.2527,2056,69.36
236.28682431375026,452.3367,688.0507,570.1937,0.0333,0.8962,1.3254,2057,69.39,235.8916680717541,452.7057,688.0507,570.3782,0.0083,0.9807,1.3254,2057,69.39,237.77609866299102,451.4904,688.6857,570.0881,0.0167,0.4773,1.2937,2057,69.39,237.8939835420733,451.4576,688.8423,570.1499,0.0,0.5307,1.2947,2057,69.39,236.23107211184947,452.3741,688.0507,570.2124,0.0333,0.875,1.3254,2057,69.39
236.29480197504907,452.3219,688.0463,570.1841,0.0333,0.9235,1.338,2058,69.42333333333333,235.89863253531195,452.6919,688.0463,570.3691,0.0083,0.9697,1.338,2058,69.42333333333333,237.77225223409815,451.4912,688.6834,570.0873,0.0167,0.4821,1.2136,2058,69.42333333333333,237.89023378951256,451.4583,688.8401,570.1492,0.0,0.5696,1.2584,2058,69.42333333333333,236.23106228694252,452.3832,688.0463,570.2147,0.0417,0.7949,1.338,2058,69.42333333333333
236.33163407319256,452.3169,688.0993,570.2081,0.0333,0.9284,1.4472,2059,69.45666666666668,235.93514945885627,452.6871,688.0993,570.3932,0.0083,0.9702,1.4472,2059,69.45666666666668,237.77627818781147,451.4898,688.6893,570.0896,0.0167,0.4869,1.2149,2059,69.45666666666668,237.89409795902188,451.4571,688.8458,570.1514,0.0,0.5738,1.2554,2059,69.45666666666668,236.26555684038075,452.3803,688.0993,570.2398,0.0417,0.8137,1.4472,2059,69.45666666666668
236.33562477650466,452.3143,688.0987,570.2065,0.0333,0.9343,1.4647,2060,69.49000000000001,235.93890671301708,452.6847,688.0987,570.3917,0.0083,0.9857,1.4647,2060,69.49000000000001,237.77688366402873,451.4893,688.6898,570.0895,0.0167,0.4858,1.2227,2060,69.49000000000001,237.89471566424615,451.4565,688.8463,570.1514,0.0,0.58,1.2539,2060,69.49000000000001,236.2693677122571,452.3778,688.0987,570.2383,0.0417,0.8014,1.4647,2060,69.49000000000001
236.36269959150573,452.3051,688.1018,570.2034,0.0333,1.0013,1.4677,2061,69.52833333333334,235.96614232669845,452.6751,688.1018,570.3884,0.0083,1.0027,1.4677,2061,69.52833333333334,237.77589872172098,451.4899,688.6892,570.0896,0.0167,0.4862,1.2209,2061,69.52833333333334,237.89359872751862,451.4575,688.8457,570.1516,0.0,0.5522,1.2532,2061,69.52833333333334,236.29422512431586,452.3705,688.1018,570.2362,0.0417,0.7907,1.4677,2061,69.52833333333334
236.34410018246194,452.3103,688.0823,570.1963,0.025,0.9994,1.4793,2062,69.55333333333334,236.14397447279438,452.4869,688.0823,570.2846,0.0083,0.9374,1.4793,2062,69.55333333333334,237.79151825501862,451.4895,688.7162,570.1029,0.0167,0.487,1.3013,2062,69.55333333333334,237.90879278370252,451.457,688.8721,570.1645,0.0,0.5498,1.2802,2062,69.55333333333334,236.2737035809939,452.3779,688.0823,570.2301,0.0333,0.7877,1.4793,2062,69.55333333333334
236.18470339083873,452.4656,688.0834,570.2745,0.025,1.0052,1.4636,2063,69.58833333333334,235.9967411361641,452.6424,688.0834,570.3629,0.0083,0.9452,1.4636,2063,69.58833333333334,237.6585866751414,451.6221,688.7162,570.1692,0.025,0.4677,1.3014,2063,69.58833333333334,237.78471931525587,451.5865,688.872,570.2293,0.0,0.4795,1.2813,2063,69.58833333333334,236.11694914693945,452.539,688.0834,570.3112,0.0333,0.8923,1.4636,2063,69.58833333333334
236.2994819335691,452.3387,688.0837,570.2112,0.05,0.7646,1.4651,2064,69.62,236.08058651845178,452.5513,688.0837,570.3175,0.0167,0.9908,1.4651,2064,69.62,237.70830545343864,451.5545,688.7156,570.135,0.0167,0.4863,1.3017,2064,69.62,237.84449836586157,451.5248,688.8714,570.1981,0.0,0.4921,1.2811,2064,69.62,236.1834018226021,452.4543,688.0837,570.269,0.0417,0.7575,1.4651,2064,69.62
236.12678652453596,452.44,688.0232,570.2316,0.0417,0.794,1.385,2065,69.65333333333334,235.82802490769177,452.7233,688.0232,570.3732,0.0083,1.1382,1.385,2065,69.65333333333334,237.73875406548268,451.476,688.6652,570.0706,0.0167,0.5162,1.2997,2065,69.65333333333334,237.85796723816628,451.4418,688.8228,570.1323,0.0,0.5993,1.2735,2065,69.65333333333334,236.16144525755007,452.3977,688.0232,570.2104,0.0333,0.8919,1.385,2065,69.65333333333334
236.3287488628873,452.3226,688.1429,570.2328,0.05,0.8715,1.5325,2066,69.68833333333333,235.80603218990987,452.8297,688.1429,570.4863,0.0083,1.0567,1.5325,2066,69.68833333333333,237.71206684233968,451.4652,688.5978,570.0315,0.0167,0.537,1.3806,2066,69.68833333333333,237.8426959413728,451.4382,688.7777,570.108,0.0,0.5912,1.352,2066,69.68833333333333,236.27504980295203,452.3638,688.1429,570.2534,0.0417,0.7656,1.5325,2066,69.68833333333333
236.22379393385359,452.3989,688.1054,570.2522,0.05,0.8952,1.4752,2067,69.72,235.76714432485016,452.8649,688.1054,570.4852,0.0083,1.1406,1.4752,2067,69.72,237.75252645925667,451.4657,688.642,570.0538,0.0167,0.6048,1.4468,2067,69.72,237.8997189702686,451.4391,688.8197,570.1294,0.0,0.5827,1.4432,2067,69.72,236.23168552482497,452.4018,688.1054,570.2536,0.0417,0.8728,1.4752,2067,69.72
236.21046576310627,452.3985,688.0878,570.2432,0.05,0.9246,1.516,2068,69.75333333333334,235.75495007102506,452.864,688.0878,570.4759,0.0083,1.1214,1.516,2068,69.75333333333334,237.7321792783615,451.4633,688.6151,570.0392,0.0167,0.5606,1.4626,2068,69.75333333333334,237.88065068704088,451.4367,688.7949,570.1158,0.0,0.5751,1.433,2068,69.75333333333334,236.2186963954616,452.4011,688.0878,570.2445,0.0417,0.8592,1.516,2068,69.75333333333334
236.1547203961258,452.4526,688.0986,570.2756,0.05,0.8404,1.5379,2069,69.78833333333334,235.78955986185537,452.8161,688.0986,570.4573,0.0083,0.9884,1.5379,2069,69.78833333333334,237.72810919109963,451.4641,688.6147,570.0394,0.0167,0.5826,1.4492,2069,69.78833333333334,237.87567948662814,451.4374,688.793,570.1152,0.0,0.5679,1.4155,2069,69.78833333333334,236.16520637608141,452.4303,688.0986,570.2644,0.0417,0.9532,1.5379,2069,69.78833333333334
236.11597164379089,452.5481,688.0981,570.3231,0.0417,0.87,1.5493,2070,69.82000000000002,235.7659340941494,452.8592,688.0981,570.4786,0.0083,1.139,1.5493,2070,69.82000000000002,237.7496336182064,451.4781,688.6366,570.0574,0.0167,0.5211,1.4457,2070,69.82000000000002,237.87897163836323,451.4512,688.8146,570.1329,0.0,0.5555,1.4416,2070,69.82000000000002,236.11157383405555,452.5394,688.0981,570.3188,0.0333,0.9499,1.5493,2070,69.82000000000002
236.11403812469877,452.5502,688.1,570.3251,0.0417,0.8642,1.5666,2071,69.855,235.76297335461405,452.8625,688.1,570.4813,0.0083,1.0799,1.5666,2071,69.855,237.74979343847355,451.4806,688.638,570.0593,0.0167,0.5249,1.447,2071,69.855,237.8790952901311,451.4537,688.816,570.1349,0.0,0.5766,1.4413,2071,69.855,236.06810648216026,452.5719,688.1,570.3359,0.025,0.9351,1.5666,2071,69.855
236.10128440747724,452.5547,688.1016,570.3281,0.0417,0.894,1.5978,2072,69.88666666666667,235.75166661312144,452.8651,688.1016,570.4833,0.0083,1.1184,1.5978,2072,69.88666666666667,237.74917119795663,451.4773,688.6521,570.0647,0.0167,0.5223,1.5416,2072,69.88666666666667,237.87850894370501,451.4504,688.8302,570.1403,0.0,0.5716,1.4587,2072,69.88666666666667,236.0962024625708,452.5464,688.1016,570.324,0.0333,0.9383,1.5978,2072,69.88666666666667
236.09371592140292,452.5611,688.0983,570.3297,0.0417,0.8925,1.6014,2073,69.92,235.74488084101833,452.8707,688.0983,570.4845,0.0083,1.1468,1.6014,2073,69.92,237.74939140081338,451.4778,688.6518,570.0648,0.0167,0.5155,1.5407,2073,69.92,237.87881138045068,451.451,688.83,570.1405,0.0,0.5723,1.4608,2073,69.92,236.04776897369285,452.5822,688.0983,570.3402,0.025,0.9518,1.6014,2073,69.92
236.288447360306,452.3375,688.0974,570.2175,0.0417,0.7629,1.5795,2074,69.95666666666668,235.84651020096675,452.7639,688.0974,570.4307,0.0083,1.0248,1.5795,2074,69.95666666666668,237.77237127169983,451.445,688.6468,570.0459,0.0167,0.5791,1.4578,2074,69.95666666666668,237.90134736350353,451.4196,688.8253,570.1225,0.0,0.6109,1.4317,2074,69.95666666666668,236.2008775452202,452.4357,688.0974,570.2665,0.0333,0.8583,1.5795,2074,69.95666666666668
236.2504125363355,452.3736,688.089,570.2313,0.05,0.8404,1.5859,2075,69.98666666666666,235.73319649953024,452.8757,688.089,570.4823,0.0083,1.1471,1.5859,2075,69.98666666666666,237.74740822382645,451.4739,688.6462,570.0601,0.0167,0.5573,1.4546,2075,69.98666666666666,237.8784308943204,451.444,688.8247,570.1343,0.0,0.6094,1.4316,2075,69.98666666666666,236.1973096319498,452.4146,688.089,570.2518,0.0417,0.8732,1.5859,2075,69.98666666666666
236.49790634755038,452.3363,688.2476,570.2919,0.0333,0.7681,1.4528,2076,70.02166666666668,236.23166343754121,452.5484,688.2476,570.398,0.0,0.9846,1.4528,2076,70.02166666666668,238.108984619312,451.5162,689.1611,570.3386,0.0333,0.41,1.5246,2076,70.02166666666668,238.1510362423075,451.444,689.1611,570.3025,0.0,0.5593,1.5246,2076,70.02166666666668,236.4332245167236,452.352,688.2476,570.2998,0.05,0.7794,1.4528,2076,70.02166666666668
236.4526906255071,452.2304,688.0572,570.1438,0.05,0.6498,1.3382,2077,70.06,236.08722846591056,452.537,688.0572,570.2971,0.0,1.0121,1.3382,2077,70.06,237.83734285460363,451.4592,688.7714,570.1153,0.025,0.4838,1.429,2077,70.06,237.8360322729422,451.44,688.7714,570.1057,0.0,0.573,1.429,2077,70.06,236.47446526494136,452.2118,688.0572,570.1345,0.0667,0.6619,1.3382,2077,70.06
236.33113410426228,452.3528,688.0754,570.2141,0.0417,0.6726,1.5911,2078,70.08666666666667,236.02383430433778,452.5993,688.0754,570.3373,0.0,0.931,1.5911,2078,70.08666666666667,237.7633643484786,451.5468,688.8001,570.1735,0.0083,0.55,1.4929,2078,70.08666666666667,237.78081185680907,451.5082,688.8001,570.1542,0.0,0.6495,1.4929,2078,70.08666666666667,236.31891348702936,452.362,688.0754,570.2187,0.05,0.6546,1.5911,2078,70.08666666666667
236.34012083189864,452.3538,688.0751,570.2145,0.05,0.6999,1.5662,2079,70.12,235.83628655164188,452.7981,688.0751,570.4366,0.0,1.0159,1.5662,2079,70.12,237.74356107356144,451.5608,688.7842,570.1725,0.0167,0.5076,1.4406,2079,70.12,237.87435468096646,451.5224,688.9565,570.2395,0.0,0.6227,1.4251,2079,70.12,236.34012083189864,452.3538,688.0751,570.2145,0.05,0.6999,1.5662,2079,70.12
236.42446532903816,452.1407,687.9357,570.0382,0.0583,0.6633,1.4389,2080,70.16166666666668,235.84051294185628,452.6625,687.9357,570.2991,0.0,0.8539,1.4389,2080,70.16166666666668,237.72163475699466,451.4416,688.5936,570.0176,0.025,0.5057,1.4847,2080,70.16166666666668,237.7886065553387,451.4782,688.7714,570.1248,0.0,0.56,1.41,2080,70.16166666666668,236.43278449452268,452.1331,687.9357,570.0344,0.075,0.6316,1.4389,2080,70.16166666666668
236.45893599290815,452.1356,687.9866,570.0611,0.0583,0.5675,1.4407,2081,70.18666666666667,235.8773781239595,452.6557,687.9866,570.3212,0.0,0.7174,1.4407,2081,70.18666666666667,237.7418063308136,451.4456,688.6236,570.0346,0.025,0.4909,1.515,2081,70.18666666666667,237.80834154181008,451.482,688.8006,570.1413,0.0,0.5655,1.4232,2081,70.18666666666667,236.46740722424988,452.1279,687.9866,570.0572,0.075,0.5847,1.4407,2081,70.18666666666667
236.50174975053363,452.1582,688.0519,570.1051,0.0583,0.493,1.3983,2082,70.22,235.92289251252504,452.6773,688.0519,570.3646,0.0,0.6848,1.3983,2082,70.22,237.8209658382995,451.4569,688.7618,570.1093,0.025,0.4724,1.5845,2082,70.22,237.88521376571117,451.4931,688.9349,570.214,0.0,0.5116,1.5618,2082,70.22,236.50845028119917,452.1519,688.0519,570.1019,0.075,0.5234,1.3983,2082,70.22
236.47406116453232,452.1702,688.0293,570.0997,0.0583,0.6287,1.4018,2083,70.265,235.90054693073012,452.6854,688.0293,570.3574,0.0,0.7714,1.4018,2083,70.265,237.94895301743964,451.4472,688.9302,570.1887,0.0167,0.4476,1.5633,2083,70.265,237.89914910096164,451.4834,688.9302,570.2068,0.0,0.4935,1.5633,2083,70.265,236.4796724004572,452.1647,688.0293,570.097,0.075,0.6022,1.4018,2083,70.265
236.47016284726013,452.1647,688.0184,570.0916,0.05,0.5849,1.4147,2084,70.28666666666668,236.09420476148858,452.4803,688.0184,570.2493,0.0,0.7881,1.4147,2084,70.28666666666668,237.9321344891404,451.4613,688.9287,570.195,0.0167,0.4771,1.5635,2084,70.28666666666668,237.88265402584705,451.4973,688.9287,570.213,0.0,0.5064,1.5635,2084,70.28666666666668,236.47466145772,452.1603,688.0184,570.0894,0.0667,0.5716,1.4147,2084,70.28666666666668
236.31398282504185,452.3418,688.0225,570.1821,0.0417,0.7623,1.5568,2085,70.32000000000002,235.99950380674133,452.5927,688.0225,570.3076,0.0,0.8749,1.5568,2085,70.32000000000002,237.80653302000252,451.5951,688.9289,570.262,0.0167,0.4949,1.6149,2085,70.32000000000002,237.85820103328285,451.5322,688.9289,570.2305,0.0,0.5567,1.6149,2085,70.32000000000002,236.2650589780161,452.3764,688.0225,570.1994,0.05,0.7043,1.5568,2085,70.32000000000002
236.23567666178488,452.3398,688.0892,570.2145,0.0417,0.8778,1.3744,2086,70.36500000000001,235.65852534826743,452.9082,688.0892,570.4987,0.0083,1.0273,1.3744,2086,70.36500000000001,237.8549691549297,451.4827,688.7653,570.124,0.025,0.4527,1.5171,2086,70.36500000000001,237.95058363723663,451.4807,688.9371,570.2089,0.0,0.5086,1.3987,2086,70.36500000000001,236.2420516694911,452.3511,688.0892,570.2202,0.0333,0.7883,1.3744,2086,70.36500000000001
236.3492483383834,452.2584,688.0841,570.1713,0.0417,0.7337,1.3333,2087,70.38666666666667,235.76799145975136,452.8308,688.0841,570.4575,0.0083,0.9481,1.3333,2087,70.38666666666667,237.86607224015466,451.4785,688.7719,570.1252,0.025,0.4549,1.5163,2087,70.38666666666667,237.96100174699814,451.4764,688.9428,570.2096,0.0,0.538,1.3819,2087,70.38666666666667,236.3918201637098,452.2288,688.0841,570.1565,0.0417,0.7432,1.3333,2087,70.38666666666667
236.38371151526977,452.2246,688.0822,570.1534,0.0417,0.7251,1.3549,2088,70.42,235.7980603135141,452.8013,688.0822,570.4418,0.0083,0.9315,1.3549,2088,70.42,237.86362164127385,451.4758,688.7642,570.12,0.025,0.4738,1.5136,2088,70.42,237.9598197872317,451.4711,688.9353,570.2032,0.0,0.5495,1.3846,2088,70.42,236.41989696483887,452.2005,688.0822,570.1414,0.0417,0.7326,1.3549,2088,70.42
236.27668506161066,452.3013,688.0758,570.1886,0.0417,0.8609,1.3397,2089,70.46666666666667,235.69330297701134,452.876,688.0758,570.4759,0.0083,0.9734,1.3397,2089,70.46666666666667,237.86031252366308,451.4786,688.7631,570.1209,0.025,0.4825,1.5133,2089,70.46666666666667,237.9565656759272,451.4739,688.9342,570.2041,0.0,0.5479,1.3937,2089,70.46666666666667,236.28631901163914,452.2939,688.0758,570.1848,0.0333,0.8314,1.3397,2089,70.46666666666667
236.21977653718525,452.3693,688.0817,570.2255,0.0333,0.8405,1.3712,2090,70.48833333333334,235.70413139913634,452.8711,688.0817,570.4764,0.0083,0.9107,1.3712,2090,70.48833333333334,237.86195194671322,451.4779,688.7638,570.1208,0.025,0.4855,1.5138,2090,70.48833333333334,237.95817962039342,451.4732,688.9349,570.204,0.0,0.5519,1.3954,2090,70.48833333333334,236.32808638269074,452.2682,688.0817,570.1749,0.0417,0.7399,1.3712,2090,70.48833333333334
236.2276516282921,452.3633,688.0796,570.2215,0.0333,0.8372,1.3623,2091,70.52833333333334,235.7122996279959,452.8648,688.0796,570.4722,0.0083,0.9213,1.3623,2091,70.52833333333334,237.86194986592724,451.4792,688.764,570.1216,0.025,0.4861,1.5142,2091,70.52833333333334,237.95790173733926,451.4745,688.9346,570.2046,0.0,0.5476,1.3956,2091,70.52833333333334,236.3360607028001,452.2621,688.0796,570.1709,0.0417,0.7318,1.3623,2091,70.52833333333334
236.2714849580819,452.3004,688.0839,570.1922,0.05,0.7873,1.3874,2092,70.555,235.7113067274375,452.8664,688.0839,570.4752,0.0083,0.948,1.3874,2092,70.555,237.86184385469318,451.4791,688.7637,570.1214,0.025,0.486,1.5141,2092,70.555,237.95781120853727,451.4744,688.9343,570.2044,0.0,0.5477,1.3954,2092,70.555,236.33495113205208,452.2638,688.0839,570.1739,0.0417,0.7461,1.3874,2092,70.555
236.29203114470766,452.2914,688.085,570.1882,0.0417,0.836,1.3835,2093,70.59166666666667,235.70996233984806,452.8647,688.085,570.4749,0.0083,0.9556,1.3835,2093,70.59166666666667,237.86155947181447,451.4787,688.7641,570.1214,0.025,0.4858,1.5141,2093,70.59166666666667,237.95772242578042,451.4735,688.9347,570.2041,0.0,0.5444,1.393,2093,70.59166666666667,236.33360625036616,452.2622,688.085,570.1736,0.0417,0.754,1.3835,2093,70.59166666666667
236.1611407834999,452.4046,688.0757,570.2401,0.0333,0.812,1.3842,2094,70.62333333333333,235.648646459254,452.9033,688.0757,570.4895,0.0083,0.9837,1.3842,2094,70.62333333333333,237.85514088315875,451.479,688.7564,570.1177,0.025,0.4859,1.3595,2094,70.62333333333333,237.9514861448083,451.4738,688.9273,570.2005,0.0,0.5447,1.4202,2094,70.62333333333333,236.26879761638617,452.304,688.0757,570.1899,0.0417,0.7465,1.3842,2094,70.62333333333333
236.15234450561647,452.404,688.0766,570.2403,0.0333,0.8096,1.3422,2095,70.655,235.63976781813832,452.9029,688.0766,570.4897,0.0083,0.9865,1.3422,2095,70.655,237.84934357040004,451.4778,688.7575,570.1176,0.025,0.4843,1.596,2095,70.655,237.94583769379813,451.4726,688.9287,570.2006,0.0,0.5513,1.4795,2095,70.655,236.2611496950949,452.3027,688.0766,570.1896,0.0417,0.7454,1.3422,2095,70.655
236.05906326911204,452.4575,687.9266,570.1921,0.025,0.8254,1.4191,2096,70.68833333333333,235.7559706879052,452.7606,687.9266,570.3436,0.0,1.0258,1.4191,2096,70.68833333333333,237.80724200898348,451.4389,688.6992,570.069,0.025,0.5265,1.2833,2096,70.68833333333333,237.9507457483788,451.3963,688.8764,570.1363,0.0,0.6167,1.2126,2096,70.68833333333333,236.06818679258475,452.4504,687.9266,570.1885,0.0417,0.8244,1.4191,2096,70.68833333333333
236.0579978769952,452.4526,687.9142,570.1834,0.025,0.8478,1.4127,2097,70.72,235.7552332268106,452.7557,687.9142,570.3349,0.0,1.0114,1.4127,2097,70.72,237.83990416064213,451.4134,688.7009,570.0572,0.0333,0.4882,1.2695,2097,70.72,237.954752637161,451.3947,688.8781,570.1364,0.0,0.6212,1.203,2097,70.72,236.06869798431052,452.444,687.9142,570.1791,0.0417,0.8383,1.4127,2097,70.72
236.10190112174283,452.4564,687.959,570.2077,0.0333,0.8378,1.4276,2098,70.75333333333334,235.6143647828844,452.9426,687.959,570.4508,0.0,0.979,1.4276,2098,70.75333333333334,237.84028988811664,451.4382,688.7354,570.0868,0.025,0.5153,1.2888,2098,70.75333333333334,237.98409102503746,451.3957,688.9129,570.1543,0.0,0.6249,1.2194,2098,70.75333333333334,236.11439855850605,452.4461,687.959,570.2026,0.05,0.821,1.4276,2098,70.75333333333334
236.09040093544593,452.4504,687.9291,570.1897,0.025,0.8242,1.4336,2099,70.78833333333334,235.78712104514784,452.754,687.9291,570.3416,0.0,0.9607,1.4336,2099,70.78833333333334,237.83075234376798,451.4359,688.712,570.074,0.025,0.4937,1.2885,2099,70.78833333333334,237.97583569012107,451.3934,688.8917,570.1426,0.0,0.6176,1.2239,2099,70.78833333333334,236.0971714047654,452.4454,687.9291,570.1872,0.0417,0.8154,1.4336,2099,70.78833333333334
236.09672259518217,452.4546,687.9536,570.2041,0.025,0.8253,1.4122,2100,70.82000000000002,235.79371313737533,452.758,687.9536,570.3558,0.0,0.9888,1.4122,2100,70.82000000000002,237.82029836458005,451.4494,688.7144,570.0819,0.025,0.4928,1.2895,2100,70.82000000000002,237.96522029691064,451.407,688.8941,570.1505,0.0,0.5913,1.2259,2100,70.82000000000002,236.1016012346423,452.4513,687.9536,570.2025,0.0417,0.8158,1.4122,2100,70.82000000000002
236.0502218266758,452.4875,687.9228,570.2051,0.025,0.7956,1.486,2101,70.85333333333334,235.74764265610114,452.7901,687.9228,570.3564,0.0,1.0357,1.486,2101,70.85333333333334,237.80174504460857,451.462,688.7025,570.0822,0.025,0.4874,1.2837,2101,70.85333333333334,237.94595079209512,451.4191,688.881,570.15,0.0,0.6065,1.225,2101,70.85333333333334,236.05476505888376,452.4846,687.9228,570.2037,0.0417,0.8031,1.486,2101,70.85333333333334
236.0561737189587,452.4919,687.9385,570.2152,0.025,0.7939,1.4253,2102,70.88666666666667,235.75427369201256,452.7937,687.9385,570.3661,0.0,1.0815,1.4253,2102,70.88666666666667,237.82397780901047,451.4417,688.7032,570.0725,0.0333,0.4613,1.2833,2102,70.88666666666667,237.9385230352865,451.4225,688.88,570.1513,0.0,0.6082,1.2149,2102,70.88666666666667,236.06427700534925,452.4858,687.9385,570.2122,0.0417,0.7913,1.4253,2102,70.88666666666667
236.05022163545172,452.4803,687.9167,570.1985,0.025,0.816,1.4906,2103,70.92,235.7479155179596,452.7826,687.9167,570.3496,0.0,1.0299,1.4906,2103,70.92,237.83378207507204,451.4304,688.7018,570.0661,0.0333,0.4536,1.2834,2103,70.92,237.95064500862688,451.4103,688.8802,570.1453,0.0,0.5903,1.2232,2103,70.92,236.05750810202355,452.475,687.9167,570.1958,0.0417,0.8067,1.4906,2103,70.92
236.06725504488637,452.476,687.9418,570.2089,0.025,0.8027,1.3998,2104,70.95333333333333,235.7646238806445,452.7786,687.9418,570.3602,0.0,1.031,1.3998,2104,70.95333333333333,237.83316850700797,451.4318,688.7049,570.0683,0.0333,0.4555,1.285,2104,70.95333333333333,237.95157996330815,451.4112,688.8847,570.148,0.0,0.5898,1.2247,2104,70.95333333333333,236.07139759518222,452.4735,687.9418,570.2076,0.0417,0.8091,1.3998,2104,70.95333333333333
236.05786288843683,452.4777,687.9289,570.2033,0.025,0.8171,1.4697,2105,70.98666666666666,235.7548337968702,452.7805,687.9289,570.3547,0.0,1.0388,1.4697,2105,70.98666666666666,237.83499604848618,451.4308,688.7061,570.0684,0.0333,0.4538,1.2854,2105,70.98666666666666,237.9533736730365,451.4102,688.8859,570.148,0.0,0.5903,1.2252,2105,70.98666666666666,236.0620559730919,452.4751,687.9289,570.202,0.0417,0.8155,1.4697,2105,70.98666666666666
236.26793811526912,452.3554,688.0748,570.2151,0.05,0.5676,1.4708,2106,71.02166666666668,235.90609259957768,452.7108,688.0748,570.3928,0.0083,0.9053,1.4708,2106,71.02166666666668,237.82754190640162,451.4474,688.7349,570.0911,0.0167,0.5039,1.3343,2106,71.02166666666668,237.9547612435743,451.4162,688.9067,570.1615,0.0,0.4509,1.2033,2106,71.02166666666668,236.22661875307122,452.407,688.0748,570.2409,0.0333,0.6711,1.4708,2106,71.02166666666668
236.43764128473302,452.2307,688.0891,570.1599,0.05,0.8696,1.4416,2107,71.05333333333334,236.30898261805908,452.3315,688.0891,570.2103,0.0083,0.8069,1.4416,2107,71.05333333333334,237.81297226432926,451.4447,688.6918,570.0682,0.0083,0.5022,1.3487,2107,71.05333333333334,237.8269313099248,451.4138,688.6918,570.0528,0.0,0.5009,1.3487,2107,71.05333333333334,236.27846146217186,452.3589,688.0891,570.224,0.025,0.6558,1.4416,2107,71.05333333333334
236.31983458836982,452.339,688.1009,570.2199,0.0333,0.6434,1.4282,2108,71.08666666666667,236.36460947310587,452.2997,688.1009,570.2003,0.0083,0.8173,1.4282,2108,71.08666666666667,237.81302442443743,451.4462,688.6944,570.0703,0.0083,0.4423,1.3463,2108,71.08666666666667,237.82693464459837,451.4154,688.6944,570.0549,0.0,0.4966,1.3463,2108,71.08666666666667,236.56035200628557,452.1422,688.1009,570.1216,0.0333,0.8054,1.4282,2108,71.08666666666667
236.6193067324575,452.0591,688.0981,570.0786,0.05,0.7691,1.4351,2109,71.12,236.3673197331357,452.2969,688.0981,570.1975,0.0083,0.8223,1.4351,2109,71.12,237.81359348961482,451.4461,688.6946,570.0704,0.0083,0.4524,1.3448,2109,71.12,237.82753622488474,451.4153,688.6946,570.0549,0.0,0.512,1.3448,2109,71.12,236.50742913140112,452.1998,688.0981,570.149,0.025,0.827,1.4351,2109,71.12
236.68123126470823,452.0594,688.1778,570.1186,0.05,0.7694,1.4955,2110,71.15333333333334,236.4294213623427,452.297,688.1778,570.2374,0.0083,0.822,1.4955,2110,71.15333333333334,237.90643762920598,451.4465,688.8042,570.1254,0.0167,0.4519,1.45,2110,71.15333333333334,238.0366504179129,451.4156,688.9809,570.1982,0.0,0.5123,1.3748,2110,71.15333333333334,236.56937942988586,452.2001,688.1778,570.1889,0.025,0.8274,1.4955,2110,71.15333333333334
236.753177717655,452.0519,688.2444,570.1482,0.05,0.723,1.5451,2111,71.18833333333333,236.50105074449067,452.2898,688.2444,570.2671,0.0083,0.7932,1.5451,2111,71.18833333333333,237.95497198789707,451.4442,688.8225,570.1333,0.0167,0.4656,1.4458,2111,71.18833333333333,238.0846731171281,451.4132,688.9983,570.2058,0.0,0.5074,1.3617,2111,71.18833333333333,236.6978901402156,452.1318,688.2444,570.1881,0.0333,0.8147,1.5451,2111,71.18833333333333
236.30701292019276,452.4845,688.2477,570.3661,0.05,0.6279,1.5399,2112,71.22,236.26974712416703,452.5456,688.2477,570.3966,0.0083,0.8055,1.5399,2112,71.22,237.7946679401688,451.6233,688.8348,570.2291,0.025,0.409,1.4361,2112,71.22,237.9646466191187,451.553,689.0103,570.2817,0.0,0.504,1.3596,2112,71.22,236.32715702043788,452.4705,688.2477,570.3591,0.0417,0.6905,1.5399,2112,71.22
236.19339602252813,452.5584,688.1838,570.3711,0.0417,0.784,1.4496,2113,71.25333333333334,235.89436815427217,452.8333,688.1838,570.5086,0.0083,0.8737,1.4496,2113,71.25333333333334,237.66741130906388,451.696,688.7749,570.2355,0.0167,0.4794,1.3005,2113,71.25333333333334,237.8015532729607,451.657,688.9519,570.3044,0.0,0.5437,1.3625,2113,71.25333333333334,236.28542578179872,452.4752,688.1838,570.3295,0.05,0.7517,1.4496,2113,71.25333333333334
236.06744518656564,452.5642,688.0465,570.3053,0.05,0.9153,1.347,2114,71.28833333333334,235.58976266036106,453.0154,688.0465,570.5309,0.0083,1.1786,1.347,2114,71.28833333333334,237.58742175689522,451.6527,688.6682,570.1605,0.0167,0.5026,1.1352,2114,71.28833333333334,237.72432206015176,451.6122,688.8483,570.2302,0.0,0.5859,1.1169,2114,71.28833333333334,235.9987017762131,452.6495,688.0465,570.348,0.0333,0.9096,1.347,2114,71.28833333333334
235.96579567617925,452.4078,687.7724,570.0901,0.0333,0.9513,1.4028,2115,71.32000000000002,235.60289529683118,452.741,687.7724,570.2567,0.0083,1.0435,1.4028,2115,71.32000000000002,237.59254630449934,451.4299,688.4273,569.9286,0.0167,0.4887,1.4659,2115,71.32000000000002,237.72099808321383,451.3976,688.6003,569.999,0.0,0.53,1.3523,2115,71.32000000000002,235.92921114328416,452.4233,687.7724,570.0979,0.025,0.8112,1.4028,2115,71.32000000000002
236.4652869010776,452.1138,687.9177,570.0158,0.05,0.7226,1.3759,2116,71.355,235.96800589705975,452.5697,687.9177,570.2437,0.0083,1.0435,1.3759,2116,71.355,237.8145493507186,451.3172,688.5614,569.9393,0.0167,0.4978,1.3957,2116,71.355,237.9503168439697,451.287,688.747,570.017,0.0,0.5008,1.3357,2116,71.355,236.40931763767392,452.1545,687.9177,570.0361,0.025,0.849,1.3759,2116,71.355
236.4860479220284,452.1754,688.0402,570.1078,0.05,0.8988,1.3991,2117,71.39166666666667,235.99571365908548,452.6064,688.0402,570.3233,0.0083,1.1592,1.3991,2117,71.39166666666667,237.92777241551403,451.315,688.7,570.0075,0.0167,0.5004,1.4831,2117,71.39166666666667,238.06099440379617,451.2849,688.8817,570.0833,0.0,0.5044,1.4604,2117,71.39166666666667,236.49054299262843,452.1507,688.0402,570.0955,0.0333,0.9045,1.3991,2117,71.39166666666667
236.56592117807125,452.1652,688.1431,570.1542,0.0417,0.8819,1.3071,2118,71.42,236.06066171876384,452.6264,688.1431,570.3848,0.0083,1.1893,1.3071,2118,71.42,237.9979626678963,451.3155,688.7841,570.0498,0.0167,0.4992,1.4352,2118,71.42,238.13462358184486,451.2853,688.971,570.1282,0.0,0.5042,1.4016,2118,71.42,236.5543489134725,452.1739,688.1431,570.1585,0.0333,0.9118,1.3071,2118,71.42
236.47972081386646,452.2658,688.148,570.2069,0.0333,0.786,1.3322,2119,71.45333333333333,235.9913892726235,452.7128,688.148,570.4304,0.0,0.8624,1.3322,2119,71.45333333333333,237.9440310860266,451.4205,688.8251,570.1228,0.0333,0.3574,1.4236,2119,71.45333333333333,238.07223209693765,451.3807,689.0079,570.1943,0.0,0.5339,1.3712,2119,71.45333333333333,236.47972081386646,452.2658,688.148,570.2069,0.0333,0.786,1.3322,2119,71.45333333333333
236.42583757519628,452.329,688.1744,570.2517,0.05,0.7114,1.263,2120,71.495,235.98667201224674,452.7306,688.1744,570.4525,0.0083,0.8209,1.263,2120,71.495,237.89890347395823,451.4468,688.8051,570.126,0.025,0.3891,1.4629,2120,71.495,238.04979724534402,451.3883,688.9885,570.1884,0.0,0.4893,1.41,2120,71.495,236.41553784230518,452.3367,688.1744,570.2555,0.0417,0.7531,1.263,2120,71.495
236.42483313362405,452.2936,688.133,570.2133,0.0417,0.7268,1.2861,2121,71.52833333333334,235.9964707788978,452.7065,688.133,570.4198,0.0,0.862,1.2861,2121,71.52833333333334,237.8978656226315,451.4355,688.782,570.1088,0.0333,0.3633,1.4534,2121,71.52833333333334,238.02277655855602,451.3984,688.9651,570.1818,0.0,0.5001,1.4139,2121,71.52833333333334,236.42483313362405,452.2936,688.133,570.2133,0.0417,0.7268,1.2861,2121,71.52833333333334
236.37519128259444,452.3525,688.1353,570.2439,0.0417,0.7437,1.328,2122,71.55333333333334,235.99144014135064,452.7146,688.1353,570.425,0.0083,0.8767,1.328,2122,71.55333333333334,237.88681871896995,451.4428,688.7873,570.1151,0.0333,0.3813,1.4664,2122,71.55333333333334,238.01188787142476,451.4036,688.9693,570.1865,0.0,0.5295,1.4004,2122,71.55333333333334,236.41731465542324,452.3048,688.1353,570.2201,0.0417,0.7359,1.328,2122,71.55333333333334
236.372293136305,452.345,688.1147,570.2298,0.05,0.7548,1.3477,2123,71.59666666666668,235.9332188116935,452.7455,688.1147,570.4301,0.0083,0.8389,1.3477,2123,71.59666666666668,237.89782690560025,451.4185,688.7797,570.0991,0.025,0.4184,1.442,2123,71.59666666666668,238.00861928752335,451.4028,688.9619,570.1824,0.0,0.5334,1.4279,2123,71.59666666666668,236.47364940763273,452.2441,688.1147,570.1794,0.0417,0.7185,1.3477,2123,71.59666666666668
236.42336148776414,452.2844,688.1014,570.1929,0.05,0.6929,1.3749,2124,71.62166666666667,235.97704860443676,452.6902,688.1014,570.3958,0.0083,0.8014,1.3749,2124,71.62166666666667,237.85687926618343,451.4381,688.7656,570.1019,0.025,0.4595,1.4401,2124,71.62166666666667,238.03380678447706,451.3641,688.9484,570.1563,0.0,0.5458,1.4468,2124,71.62166666666667,236.41242164205428,452.2926,688.1014,570.197,0.0417,0.6793,1.3749,2124,71.62166666666667
236.42325223277695,452.2863,688.1016,570.1939,0.05,0.7154,1.3712,2125,71.655,235.975994660339,452.6925,688.1016,570.3971,0.0083,0.8225,1.3712,2125,71.655,237.86672302166184,451.4328,688.7699,570.1014,0.025,0.4432,1.4364,2125,71.655,238.04343696627652,451.3589,688.9526,570.1558,0.0,0.5167,1.444,2125,71.655,236.4121259931924,452.2946,688.1016,570.1981,0.0417,0.7108,1.3712,2125,71.655
236.45984992735018,452.269,688.1495,570.2092,0.0417,0.8271,1.4581,2126,71.70333333333333,236.033957734239,452.6669,688.1495,570.4082,0.0083,0.9064,1.4581,2126,71.70333333333333,237.91263365476334,451.4472,688.8304,570.1388,0.0167,0.5521,1.3673,2126,71.70333333333333,238.03468061504736,451.4165,688.9947,570.2056,0.0,0.5521,1.383,2126,71.70333333333333,236.4496730608608,452.2976,688.1495,570.2236,0.0333,0.7362,1.4581,2126,71.70333333333333
236.45191115829368,452.2743,688.142,570.2082,0.0417,0.8428,1.4617,2127,71.72333333333334,236.02578268709462,452.6728,688.142,570.4074,0.0083,0.936,1.4617,2127,71.72333333333334,237.90579132471152,451.4505,688.8296,570.1401,0.025,0.5192,1.3548,2127,71.72333333333334,238.03688572118907,451.4153,688.994,570.2046,0.0,0.552,1.3848,2127,71.72333333333334,236.4565063938357,452.2709,688.142,570.2064,0.0333,0.7771,1.4617,2127,71.72333333333334
236.43416450656187,452.2949,688.1371,570.216,0.0417,0.7269,1.4328,2128,71.75500000000001,236.01021590331354,452.6912,688.1371,570.4141,0.0083,0.9365,1.4328,2128,71.75500000000001,237.89342150804634,451.4703,688.8265,570.1484,0.0167,0.5059,1.3576,2128,71.75500000000001,238.01510603621773,451.4393,688.9901,570.2147,0.0,0.5226,1.369,2128,71.75500000000001,236.3846979281696,452.3485,688.1371,570.2428,0.025,0.7652,1.4328,2128,71.75500000000001
236.29220710337296,452.4186,688.0917,570.2552,0.0333,0.7821,1.4642,2129,71.79833333333333,235.9235868499368,452.755,688.0917,570.4234,0.0083,0.9981,1.4642,2129,71.79833333333333,237.86634006256162,451.5067,688.8323,570.1695,0.0167,0.5112,1.3579,2129,71.79833333333333,237.9873721362462,451.4746,688.9941,570.2343,0.0,0.5165,1.3729,2129,71.79833333333333,236.3359908469677,452.3897,688.0917,570.2407,0.0333,0.6579,1.4642,2129,71.79833333333333
236.26530055258232,452.3414,687.9942,570.1678,0.0417,0.7463,1.4753,2130,71.82000000000002,235.8977942265036,452.7018,687.9942,570.348,0.0083,0.9371,1.4753,2130,71.82000000000002,237.80174054435753,451.4322,688.6848,570.0585,0.0083,0.5151,1.2693,2130,71.82000000000002,237.90868274563724,451.4322,688.8473,570.1398,0.0,0.5151,1.2833,2130,71.82000000000002,236.31278221325564,452.333,687.9942,570.1636,0.0333,0.714,1.4753,2130,71.82000000000002
236.1373508627481,452.4079,687.9022,570.1551,0.025,0.8939,1.1662,2131,71.85333333333334,235.81616856279763,452.7145,687.9022,570.3084,0.0083,0.8516,1.1662,2131,71.85333333333334,237.704056855231,451.4714,688.6262,570.0488,0.025,0.4291,1.3296,2131,71.85333333333334,237.8362382825914,451.4346,688.7912,570.1129,0.0,0.5268,1.2654,2131,71.85333333333334,236.22940876231092,452.3474,687.9022,570.1248,0.0333,0.7907,1.1662,2131,71.85333333333334
236.67707106049676,452.4467,688.4699,570.4583,0.0333,0.8241,1.4724,2132,71.9,236.5049178984117,452.5705,688.4699,570.5202,0.0083,1.0245,1.4724,2132,71.9,238.2371843096893,451.569,689.2706,570.4198,0.0167,0.4974,1.3467,2132,71.9,238.26789130149893,451.5101,689.2706,570.3904,0.0,0.5386,1.3467,2132,71.9,236.73482258040528,452.3856,688.4699,570.4278,0.025,0.7899,1.4724,2132,71.9
236.20348280458288,452.1059,687.7464,569.9262,0.0417,0.7633,1.3204,2133,71.92,235.88669048841635,452.4735,687.7442,570.1088,0.0,0.8484,1.3211,2133,71.92,237.83682822474583,451.2221,688.5033,569.8627,0.0167,0.603,1.4053,2133,71.92,237.9703585297992,451.1922,688.6548,569.9235,0.0,0.5508,1.2245,2133,71.92,236.20348280458288,452.1059,687.7464,569.9262,0.0417,0.7633,1.3204,2133,71.92
235.53434340246432,452.5604,687.4993,570.0298,0.0333,0.8812,1.4719,2134,71.95333333333333,235.04797374681496,453.0454,687.4993,570.2723,0.0,1.2168,1.4719,2134,71.95333333333333,237.5133087668676,451.4558,688.4335,569.9446,0.0083,0.5588,1.2674,2134,71.95333333333333,237.52463070195728,451.4307,688.4335,569.9321,0.0,0.5416,1.2674,2134,71.95333333333333,235.53434340246432,452.5604,687.4993,570.0298,0.0333,0.8812,1.4719,2134,71.95333333333333
236.2049394680495,452.9635,688.5875,570.7755,0.025,0.7873,1.3807,2135,71.98666666666666,235.98750103599644,453.1624,688.5875,570.875,0.0,0.9539,1.3807,2135,71.98666666666666,237.9168702580302,452.0137,689.4357,570.7247,0.0083,0.5183,1.5418,2135,71.98666666666666,237.9321331643001,451.9799,689.4357,570.7078,0.0,0.5613,1.5418,2135,71.98666666666666,236.2049394680495,452.9635,688.5875,570.7755,0.025,0.7873,1.3807,2135,71.98666666666666
236.5377696817223,451.8393,687.6666,569.753,0.0417,0.7165,1.4809,2136,72.02166666666668,236.06603204973138,452.2688,687.6666,569.9677,0.0,0.7544,1.4809,2136,72.02166666666668,238.3703980463814,450.9059,688.6622,569.784,0.0083,0.5591,1.2762,2136,72.02166666666668,238.47477557977462,450.9059,688.8207,569.8633,0.0,0.5591,1.2681,2136,72.02166666666668,236.5377696817223,451.8393,687.6666,569.753,0.0417,0.7165,1.4809,2136,72.02166666666668
236.00100727959483,452.1338,687.4621,569.7979,0.05,0.7035,1.5076,2137,72.05333333333334,235.56010903793768,452.553,687.4621,570.0075,0.0,0.894,1.5076,2137,72.05333333333334,237.90739662889274,451.1147,688.423,569.7689,0.0167,0.5294,1.5001,2137,72.05333333333334,238.02891604484103,451.0946,688.5938,569.8442,0.0,0.5496,1.557,2137,72.05333333333334,236.00100727959483,452.1338,687.4621,569.7979,0.05,0.7035,1.5076,2137,72.05333333333334
236.0309837015927,452.6908,688.1157,570.4033,0.05,0.6112,1.4801,2138,72.08666666666667,235.73556906531502,452.9482,688.1157,570.532,0.0,0.884,1.4801,2138,72.08666666666667,237.9120147184965,451.7221,689.0931,570.4076,0.0083,0.4964,1.3901,2138,72.08666666666667,237.92617140274663,451.6908,689.0931,570.3919,0.0,0.5971,1.3901,2138,72.08666666666667,236.0309837015927,452.6908,688.1157,570.4033,0.05,0.6112,1.4801,2138,72.08666666666667
236.47486095207142,452.1697,687.9732,570.0714,0.0417,0.7201,1.4435,2139,72.12,235.98019265240052,452.6355,687.9732,570.3044,0.0,0.9053,1.4435,2139,72.12,238.15929053094376,451.2235,688.7671,569.9953,0.0083,0.5903,1.4366,2139,72.12,238.27407984326678,451.2235,688.9415,570.0825,0.0,0.5903,1.366,2139,72.12,236.47486095207142,452.1697,687.9732,570.0714,0.0417,0.7201,1.4435,2139,72.12
236.10044065371105,452.3732,687.8212,570.0972,0.0417,0.8769,1.5077,2140,72.15333333333334,235.6222984082544,452.8251,687.8212,570.3232,0.0,0.9978,1.5077,2140,72.15333333333334,237.6755905037947,451.5238,688.5772,570.0505,0.025,0.4933,1.3925,2140,72.15333333333334,237.76625839134414,451.5218,688.7402,570.131,0.0,0.5199,1.3135,2140,72.15333333333334,236.10044065371105,452.3732,687.8212,570.0972,0.0417,0.8769,1.5077,2140,72.15333333333334
236.13909379600176,452.9181,688.5665,570.7423,0.025,0.9976,1.5815,2141,72.18666666666667,235.79067996412397,453.2487,688.5665,570.9076,0.0,1.1683,1.5815,2141,72.18666666666667,238.01496464059815,451.9025,689.3735,570.638,0.0083,0.6236,1.391,2141,72.18666666666667,238.0319725899153,451.8649,689.3735,570.6192,0.0,0.6629,1.391,2141,72.18666666666667,236.13909379600176,452.9181,688.5665,570.7423,0.025,0.9976,1.5815,2141,72.18666666666667
235.9637890175081,452.0848,687.3886,569.7367,0.0417,0.7854,1.4391,2142,72.22,235.67363932295615,452.3063,687.3886,569.8474,0.0,0.9934,1.4391,2142,72.22,237.70952408494077,451.1375,688.239,569.6883,0.0167,0.4687,1.2926,2142,72.22,237.84443445631302,451.117,688.4086,569.7628,0.0,0.5035,1.3508,2142,72.22,235.9637890175081,452.0848,687.3886,569.7367,0.0417,0.7854,1.4391,2142,72.22
235.04368398406478,452.9357,687.3904,570.163,0.025,1.251,1.5469,2143,72.25333333333334,234.71312099445285,453.2448,687.3904,570.3176,0.0,1.3988,1.5469,2143,72.25333333333334,237.45813471664542,451.2562,688.1371,569.6967,0.0167,0.6298,1.426,2143,72.25333333333334,237.58099160912542,451.2524,688.3103,569.7813,0.0,0.6679,1.4337,2143,72.25333333333334,235.04368398406478,452.9357,687.3904,570.163,0.025,1.251,1.5469,2143,72.25333333333334
235.9690882614191,453.3127,688.7373,571.025,0.0167,1.1513,1.5304,2144,72.28666666666668,235.65643343093595,453.6151,688.7373,571.1762,0.0,1.3019,1.5304,2144,72.28666666666668,237.91362801024272,452.252,689.636,570.944,0.0083,0.5539,1.3579,2144,72.28666666666668,237.92883919757938,452.2183,689.636,570.9272,0.0,0.6198,1.3579,2144,72.28666666666668,235.9690882614191,453.3127,688.7373,571.025,0.0167,1.1513,1.5304,2144,72.28666666666668
236.62268648616643,451.5652,687.5051,569.5351,0.025,0.9244,1.5504,2145,72.32000000000002,236.41502595079774,451.73,687.5051,569.6175,0.0,1.0285,1.5504,2145,72.32000000000002,239.25660082419782,450.4023,689.0707,569.7365,0.0083,0.4913,1.4048,2145,72.32000000000002,239.36604078066748,450.4023,689.2369,569.8196,0.0,0.4913,1.4055,2145,72.32000000000002,236.62268648616643,451.5652,687.5051,569.5351,0.025,0.9244,1.5504,2145,72.32000000000002
236.17634590683912,451.89,687.463,569.6765,0.0333,0.8594,1.6188,2146,72.35333333333334,235.77903501550443,452.2721,687.463,569.8676,0.0,0.7857,1.6188,2146,72.35333333333334,237.82577496099583,450.8539,688.076,569.4649,0.0083,0.4965,1.2916,2146,72.35333333333334,237.94295983395946,450.8539,688.254,569.554,0.0,0.4965,1.2637,2146,72.35333333333334,236.17634590683912,451.89,687.463,569.6765,0.0333,0.8594,1.6188,2146,72.35333333333334
236.05287621392,452.9932,688.5269,570.7601,0.025,0.8182,1.5466,2147,72.38666666666667,235.83041809786968,453.1745,688.5269,570.8507,0.0,0.9717,1.5466,2147,72.38666666666667,237.67836076230725,452.0705,689.2438,570.6572,0.0083,0.5997,1.2243,2147,72.38666666666667,237.75671493096664,452.0705,689.3628,570.7167,0.0,0.5997,1.1791,2147,72.38666666666667,236.05287621392,452.9932,688.5269,570.7601,0.025,0.8182,1.5466,2147,72.38666666666667
236.40970873728713,452.3788,688.1661,570.2725,0.025,0.8923,1.4669,2148,72.42,236.1992258532652,452.5536,688.1661,570.3599,0.0,0.9492,1.4669,2148,72.42,238.15751642356028,451.2922,688.8698,570.081,0.0083,0.4891,1.2972,2148,72.42,238.26712241410206,451.2922,689.0363,570.1643,0.0,0.4891,1.1993,2148,72.42,236.40970873728713,452.3788,688.1661,570.2725,0.025,0.8923,1.4669,2148,72.42
235.8410759147844,452.2409,687.448,569.8445,0.0333,0.7663,1.3019,2149,72.45333333333333,235.65060269170232,452.3819,687.448,569.915,0.0,0.8215,1.3019,2149,72.45333333333333,237.63221676247616,451.1526,688.1712,569.6619,0.0083,0.659,1.32,2149,72.45333333333333,237.7504421240512,451.1526,688.3508,569.7517,0.0,0.659,1.3414,2149,72.45333333333333,235.8410759147844,452.2409,687.448,569.8445,0.0333,0.7663,1.3019,2149,72.45333333333333
235.64825048393965,453.0732,688.1657,570.6195,0.025,0.7136,1.4592,2150,72.48666666666666,235.47657936104923,453.223,688.1657,570.6944,0.0,0.9033,1.4592,2150,72.48666666666666,237.61414899418213,452.0028,689.0824,570.5426,0.025,0.5339,1.2959,2150,72.48666666666666,237.68717429499824,451.9206,689.0824,570.5015,0.0,0.5873,1.2959,2150,72.48666666666666,235.64825048393965,453.0732,688.1657,570.6195,0.025,0.7136,1.4592,2150,72.48666666666666
236.2241246648712,452.3559,688.024,570.19,0.0333,0.7055,1.4408,2151,72.52833333333334,235.97339559260428,452.5818,688.024,570.3029,0.0,0.8071,1.4408,2151,72.52833333333334,237.63194087831556,451.5334,688.5924,570.0629,0.0333,0.3776,1.3296,2151,72.52833333333334,237.8248053013136,451.4532,688.7782,570.1157,0.0,0.4963,1.3324,2151,72.52833333333334,236.2241246648712,452.3559,688.024,570.19,0.0333,0.7055,1.4408,2151,72.52833333333334
236.3625605576981,452.0165,687.8276,569.922,0.075,0.6307,1.1919,2152,72.55333333333334,235.8366620299412,452.4271,687.6598,570.0434,0.0,0.7677,1.3029,2152,72.55333333333334,237.6937165057635,451.2657,688.3675,569.8166,0.0167,0.5188,1.2673,2152,72.55333333333334,237.82716088698314,451.2432,688.5548,569.899,0.0,0.5089,1.3056,2152,72.55333333333334,236.3625605576981,452.0165,687.8276,569.922,0.075,0.6307,1.1919,2152,72.55333333333334
236.25363973218595,452.7424,688.4158,570.5791,0.0333,0.813,1.3881,2153,72.58833333333334,236.01048386654747,452.9557,688.4158,570.6858,0.0,0.926,1.3881,2153,72.58833333333334,237.84924428865298,451.9233,689.2684,570.5959,0.0167,0.4126,1.3947,2153,72.58833333333334,237.84518301959423,451.9047,689.2684,570.5865,0.0,0.4976,1.3947,2153,72.58833333333334,236.25363973218595,452.7424,688.4158,570.5791,0.0333,0.813,1.3881,2153,72.58833333333334
236.58952772570078,452.2338,688.1674,570.2006,0.0417,0.8067,1.4885,2154,72.62,236.12409901041622,452.6763,688.1674,570.4218,0.0,0.9543,1.4885,2154,72.62,238.02881141087786,451.3886,688.8224,570.1055,0.025,0.5965,1.3368,2154,72.62,238.0823632686447,451.4305,688.9861,570.2083,0.0,0.6946,1.2438,2154,72.62,236.58952772570078,452.2338,688.1674,570.2006,0.0417,0.8067,1.4885,2154,72.62
236.27683032727708,451.9083,687.5485,569.7284,0.0417,0.8239,1.451,2155,72.65333333333334,235.76390705826665,452.4122,687.5485,569.9804,0.0,0.97,1.451,2155,72.65333333333334,237.75049227761204,451.0633,688.2215,569.6424,0.0083,0.5746,1.2718,2155,72.65333333333334,237.87061323229753,451.0633,688.404,569.7337,0.0,0.5746,1.1982,2155,72.65333333333334,236.27683032727708,451.9083,687.5485,569.7284,0.0417,0.8239,1.451,2155,72.65333333333334
236.29260820120615,452.4644,688.1462,570.3053,0.025,0.7483,1.5614,2156,72.68833333333333,236.15538477194457,452.5968,688.1462,570.3715,0.0,0.8223,1.5614,2156,72.68833333333333,237.70725248405475,451.8168,689.0573,570.4371,0.0083,0.5341,1.4096,2156,72.68833333333333,237.7202032741819,451.7894,689.0573,570.4234,0.0,0.6016,1.4096,2156,72.68833333333333,236.29260820120615,452.4644,688.1462,570.3053,0.025,0.7483,1.5614,2156,72.68833333333333
236.48148837959042,452.4089,688.2828,570.3459,0.025,0.8,1.4686,2157,72.72166666666668,236.34196023058993,452.5433,688.2828,570.4131,0.0,0.7583,1.4686,2157,72.72166666666668,237.76062568039234,451.7762,688.9575,570.3668,0.025,0.4966,1.3735,2157,72.72166666666668,237.85559556046778,451.7694,689.1212,570.4453,0.0,0.5876,1.3588,2157,72.72166666666668,236.48148837959042,452.4089,688.2828,570.3459,0.025,0.8,1.4686,2157,72.72166666666668
236.40316513911466,452.0549,687.8317,569.9433,0.0167,0.826,1.3112,2158,72.75500000000001,236.32969603400514,452.1057,687.8317,569.9687,0.0,0.8994,1.3112,2158,72.75500000000001,237.90752599164833,451.1805,688.4903,569.8354,0.0333,0.4514,1.4241,2158,72.75500000000001,237.9369981682829,451.2508,688.6634,569.9571,0.0,0.5361,1.3984,2158,72.75500000000001,236.40316513911466,452.0549,687.8317,569.9433,0.0167,0.826,1.3112,2158,72.75500000000001
236.18098472904524,452.3747,687.9411,570.1579,0.0417,0.6596,1.4126,2159,72.79,235.90267404481384,452.597,687.9411,570.269,0.0,0.6925,1.4126,2159,72.79,237.71154160003005,451.5232,688.7397,570.1315,0.025,0.3978,1.4765,2159,72.79,237.71043652303067,451.506,688.7397,570.1228,0.0,0.4741,1.4765,2159,72.79,236.18098472904524,452.3747,687.9411,570.1579,0.0417,0.6596,1.4126,2159,72.79
236.17620279337203,452.4268,687.9999,570.2134,0.0417,0.5992,1.3445,2160,72.82833333333333,235.91093455569398,452.6395,687.9999,570.3197,0.0,0.7772,1.3445,2160,72.82833333333333,237.65068953530434,451.5347,688.6427,570.0887,0.0333,0.4341,1.3768,2160,72.82833333333333,237.76382641197105,451.5177,688.8167,570.1672,0.0,0.5082,1.4547,2160,72.82833333333333,236.17620279337203,452.4268,687.9999,570.2134,0.0417,0.5992,1.3445,2160,72.82833333333333
236.3452274673501,452.2391,687.9939,570.1165,0.0167,0.6719,1.3604,2161,72.85666666666667,236.17373429851108,452.3874,687.9939,570.1906,0.0,0.8495,1.3604,2161,72.85666666666667,237.9251409080627,451.2857,688.667,569.9763,0.0417,0.3598,1.4216,2161,72.85666666666667,237.97004519051114,451.3396,688.8404,570.09,0.0,0.5331,1.4303,2161,72.85666666666667,236.3452274673501,452.2391,687.9939,570.1165,0.0167,0.6719,1.3604,2161,72.85666666666667
236.22980502698783,452.4656,688.1375,570.3015,0.0167,0.8041,1.4974,2162,72.89,236.0561953875601,452.6134,688.1375,570.3754,0.0,0.8282,1.4974,2162,72.89,237.82634541018282,451.5208,688.8154,570.1681,0.0333,0.3886,1.4161,2162,72.89,237.94010722898645,451.5007,688.9842,570.2424,0.0,0.4781,1.3363,2162,72.89,236.22980502698783,452.4656,688.1375,570.3015,0.0167,0.8041,1.4974,2162,72.89
236.25024288453602,452.451,688.1379,570.2944,0.0167,0.8356,1.5546,2163,72.93,236.07508690838023,452.5998,688.1379,570.3688,0.0,0.8546,1.5546,2163,72.93,237.8695928921076,451.4929,688.8174,570.1552,0.0417,0.3788,1.406,2163,72.93,237.95929716326418,451.4969,688.9859,570.2414,0.0,0.4199,1.4042,2163,72.93,236.25024288453602,452.451,688.1379,570.2944,0.0167,0.8356,1.5546,2163,72.93
236.2268869027146,452.2814,687.8795,570.0804,0.025,0.7036,1.4103,2164,72.95333333333333,236.12613457776186,452.3525,687.8795,570.116,0.0,0.8341,1.4103,2164,72.95333333333333,237.80748831857187,451.3095,688.518,569.9138,0.0417,0.381,1.4051,2164,72.95333333333333,237.8927265404281,451.3236,688.6953,570.0094,0.0,0.4784,1.3978,2164,72.95333333333333,236.2268869027146,452.2814,687.8795,570.0804,0.025,0.7036,1.4103,2164,72.95333333333333
236.11468154465663,452.5881,688.1013,570.3447,0.0417,0.754,1.4637,2165,72.98833333333334,235.55818511585298,453.1086,688.1013,570.6049,0.0,1.024,1.4637,2165,72.98833333333334,237.6859609795891,451.6323,688.7591,570.1957,0.0167,0.4936,1.3739,2165,72.98833333333334,237.80780615736265,451.6089,688.9281,570.2685,0.0,0.538,1.3506,2165,72.98833333333334,236.11468154465663,452.5881,688.1013,570.3447,0.0417,0.754,1.4637,2165,72.98833333333334
236.37845051192667,452.4974,688.2827,570.39,0.0417,0.6791,1.5778,2166,73.03166666666667,235.89980219538273,452.9533,688.2827,570.618,0.0,0.7837,1.5778,2166,73.03166666666667,237.79780722602672,451.6749,688.9241,570.2995,0.0167,0.4061,1.4073,2166,73.03166666666667,237.91493884100706,451.6455,689.0819,570.3637,0.0,0.4176,1.4301,2166,73.03166666666667,236.37845051192667,452.4974,688.2827,570.39,0.0417,0.6791,1.5778,2166,73.03166666666667
236.14824315042026,452.3551,687.9111,570.1331,0.025,0.8282,1.4995,2167,73.05333333333334,235.8292541349999,452.668,687.9111,570.2896,0.0,0.9887,1.4995,2167,73.05333333333334,237.89474390069643,451.3603,688.6975,570.0289,0.0083,0.4686,1.3319,2167,73.05333333333334,237.90879003206803,451.3292,688.6975,570.0133,0.0,0.5182,1.3319,2167,73.05333333333334,236.14824315042026,452.3551,687.9111,570.1331,0.025,0.8282,1.4995,2167,73.05333333333334
236.1475427424644,452.3512,687.8883,570.1198,0.025,0.7975,1.6053,2168,73.08666666666667,235.82822168612665,452.6644,687.8883,570.2763,0.0,1.0093,1.6053,2168,73.08666666666667,237.80488743910826,451.383,688.6142,569.9986,0.0083,0.4408,1.3995,2168,73.08666666666667,237.81891624417437,451.3519,688.6142,569.9831,0.0,0.5121,1.3995,2168,73.08666666666667,236.1475427424644,452.3512,687.8883,570.1198,0.025,0.7975,1.6053,2168,73.08666666666667
236.06656083728654,452.4607,687.8936,570.1772,0.0417,0.822,1.5655,2169,73.13166666666667,235.59405060821265,452.9122,687.8936,570.4029,0.0,0.9789,1.5655,2169,73.13166666666667,237.59210386771156,451.6139,688.6192,570.1166,0.0083,0.513,1.4285,2169,73.13166666666667,237.6070152149185,451.5809,688.6192,570.1001,0.0,0.542,1.4285,2169,73.13166666666667,236.06656083728654,452.4607,687.8936,570.1772,0.0417,0.822,1.5655,2169,73.13166666666667
236.05158348574616,452.4742,687.9234,570.1988,0.025,0.8957,1.5712,2170,73.15333333333334,235.64628989362976,452.8799,687.9234,570.4017,0.0,1.0056,1.5712,2170,73.15333333333334,237.65541386405306,451.5822,688.6405,570.1114,0.0167,0.3955,1.4199,2170,73.15333333333334,237.68488193699278,451.5258,688.6405,570.0832,0.0,0.4311,1.4199,2170,73.15333333333334,236.05158348574616,452.4742,687.9234,570.1988,0.025,0.8957,1.5712,2170,73.15333333333334
236.12765206109685,452.4712,688.0035,570.2373,0.025,0.8687,1.4887,2171,73.18666666666667,235.7222996852888,452.8762,688.0035,570.4398,0.0,1.0191,1.4887,2171,73.18666666666667,237.74475256545105,451.564,688.7614,570.1627,0.0167,0.3487,1.3909,2171,73.18666666666667,237.7840129778257,451.5109,688.7614,570.1362,0.0,0.4384,1.3909,2171,73.18666666666667,236.12765206109685,452.4712,688.0035,570.2373,0.025,0.8687,1.4887,2171,73.18666666666667
236.16036608658524,452.4349,688.0031,570.219,0.025,0.9036,1.5217,2172,73.23,235.75359713690452,452.8422,688.0031,570.4226,0.0,1.0071,1.5217,2172,73.23,237.79230402830427,451.5178,688.7651,570.1414,0.0083,0.3921,1.3846,2172,73.23,237.80599916132635,451.4874,688.7651,570.1263,0.0,0.428,1.3846,2172,73.23,236.16036608658524,452.4349,688.0031,570.219,0.025,0.9036,1.5217,2172,73.23
235.7255930070611,452.449,687.5703,570.0096,0.025,0.8824,1.5487,2173,73.25333333333334,235.3185135835832,452.8552,687.5703,570.2128,0.0,0.9591,1.5487,2173,73.25333333333334,237.44617691700805,451.5329,688.4375,569.9852,0.0167,0.3869,1.3288,2173,73.25333333333334,237.48184768059005,451.4874,688.4375,569.9624,0.0,0.4068,1.3288,2173,73.25333333333334,235.7255930070611,452.449,687.5703,570.0096,0.025,0.8824,1.5487,2173,73.25333333333334
235.8157797311121,453.1747,688.3758,570.7752,0.025,0.8227,1.5743,2174,73.28666666666668,235.7386310792544,453.2595,688.3733,570.8164,0.0,1.1009,1.6197,2174,73.28666666666668,237.92512085281476,452.0517,689.4849,570.7683,0.0083,0.5504,1.4633,2174,73.28666666666668,237.94116461971038,452.0162,689.4849,570.7505,0.0,0.5699,1.4633,2174,73.28666666666668,235.8157797311121,453.1747,688.3758,570.7752,0.025,0.8227,1.5743,2174,73.28666666666668
236.01216766471697,452.2161,687.5923,569.9042,0.0333,0.9393,1.421,2175,73.32000000000002,235.61185074715746,452.6167,687.5923,570.1045,0.0083,1.0712,1.421,2175,73.32000000000002,238.065060043114,451.0727,688.5769,569.8248,0.0083,0.536,1.5041,2175,73.32000000000002,238.07532888286397,451.05,688.5769,569.8134,0.0,0.5175,1.5041,2175,73.32000000000002,236.02890336073395,452.2032,687.5923,569.8978,0.025,0.9356,1.421,2175,73.32000000000002
235.52493430267157,452.2174,687.1051,569.6612,0.0083,1.1421,1.5758,2176,73.35333333333334,235.40470544398312,452.3282,687.1051,569.7166,0.0,1.0974,1.5758,2176,73.35333333333334,238.12012954679054,450.5962,688.179,569.3876,0.0083,0.6408,1.2096,2176,73.35333333333334,238.1347796200241,450.5655,688.179,569.3722,0.0,0.6512,1.2096,2176,73.35333333333334,235.52493430267157,452.2174,687.1051,569.6612,0.0083,1.1421,1.5758,2176,73.35333333333334
235.8888685250691,453.2517,688.5023,570.877,0.0333,0.7948,1.6888,2177,73.38666666666667,235.7172777265834,453.3947,688.5023,570.9485,0.0,0.8646,1.6888,2177,73.38666666666667,237.6959187645773,452.1666,689.2348,570.7007,0.0083,0.5658,1.0327,2177,73.38666666666667,237.71295062064095,452.1289,689.2348,570.6818,0.0,0.6671,1.0327,2177,73.38666666666667,235.8888685250691,453.2517,688.5023,570.877,0.0333,0.7948,1.6888,2177,73.38666666666667
236.72935101508236,452.2938,688.4236,570.3587,0.025,1.0401,1.6735,2178,73.42,236.33555816305594,452.6873,688.4236,570.5554,0.0,0.9247,1.6735,2178,73.42,239.03316612333361,450.8816,689.2792,570.0804,0.0167,0.6473,1.1553,2178,73.42,239.08774477750242,450.8816,689.3717,570.1266,0.0,0.6473,1.0838,2178,73.42,236.72935101508236,452.2938,688.4236,570.3587,0.025,1.0401,1.6735,2178,73.42
236.17165434105917,452.2025,687.7656,569.9841,0.0083,0.9926,1.3676,2179,73.45333333333333,236.04528286353607,452.3175,687.7656,570.0416,0.0,1.1112,1.3676,2179,73.45333333333333,238.16719722568803,450.921,688.5207,569.7209,0.0083,0.5743,1.2732,2179,73.45333333333333,238.17795175049744,450.8972,688.5207,569.709,0.0,0.6273,1.2732,2179,73.45333333333333,236.17165434105917,452.2025,687.7656,569.9841,0.0083,0.9926,1.3676,2179,73.45333333333333
235.48966750989123,452.8954,687.7779,570.3367,0.0167,1.118,1.4737,2180,73.48666666666666,235.32181879585696,453.0392,687.7779,570.4086,0.0,1.2633,1.4737,2180,73.48666666666666,237.42744032715115,451.744,688.6002,570.1721,0.0083,0.6503,1.1651,2180,73.48666666666666,237.44194474782134,451.7119,688.6002,570.156,0.0,0.63,1.1651,2180,73.48666666666666,235.48966750989123,452.8954,687.7779,570.3367,0.0167,1.118,1.4737,2180,73.48666666666666
235.95659852153298,452.8341,688.2189,570.5265,0.0417,0.7091,1.4895,2181,73.52833333333334,235.493591407888,453.2642,688.2189,570.7416,0.0,1.0118,1.4895,2181,73.52833333333334,237.84825719757018,451.7137,689.026,570.3699,0.0167,0.5822,1.2979,2181,73.52833333333334,237.75060238331744,451.9166,689.1976,570.5571,0.0,0.6416,1.3305,2181,73.52833333333334,235.95659852153298,452.8341,688.2189,570.5265,0.0417,0.7091,1.4895,2181,73.52833333333334
236.00003174786596,452.3524,687.7847,570.0686,0.0333,0.8458,1.2623,2182,73.55333333333334,235.44379277421058,452.8853,687.7847,570.335,0.0,1.2384,1.2623,2182,73.55333333333334,237.83145546584342,451.3118,688.6639,569.9878,0.0,0.6321,1.2144,2182,73.55333333333334,237.83145546584322,451.3118,688.6639,569.9878,0.0,0.6321,1.2144,2182,73.55333333333334,236.00003174786596,452.3524,687.7847,570.0686,0.0333,0.8458,1.2623,2182,73.55333333333334
235.95665853225626,452.5903,687.9514,570.2708,0.0333,0.7489,1.4611,2183,73.58666666666667,235.72840857034663,452.7756,687.9514,570.3635,0.0,0.9122,1.4611,2183,73.58666666666667,237.7833429627668,451.5538,688.8884,570.2211,0.0083,0.5003,1.3331,2183,73.58666666666667,237.80069546976972,451.5154,688.8884,570.2019,0.0,0.577,1.3331,2183,73.58666666666667,235.95665853225626,452.5903,687.9514,570.2708,0.0333,0.7489,1.4611,2183,73.58666666666667
236.2005158916039,452.354,687.96,570.157,0.025,0.8354,1.3898,2184,73.62,235.82124702035762,452.7025,687.96,570.3312,0.0,0.9249,1.3898,2184,73.62,237.9280214172122,451.3672,688.7138,570.0405,0.0167,0.6239,1.3359,2184,73.62,238.06711532277225,451.3418,688.9077,570.1247,0.0,0.6468,1.3621,2184,73.62,236.2005158916039,452.354,687.96,570.157,0.025,0.8354,1.3898,2184,73.62
236.28336399960625,452.2818,687.9372,570.1095,0.025,0.7009,1.3876,2185,73.65333333333334,235.91664920667355,452.6257,687.9372,570.2815,0.0,0.8678,1.3876,2185,73.65333333333334,237.91492502209385,451.3712,688.6884,570.0298,0.0167,0.6245,1.3626,2185,73.65333333333334,238.04765961021377,451.3457,688.8726,570.1091,0.0,0.6742,1.31,2185,73.65333333333334,236.28336399960625,452.2818,687.9372,570.1095,0.025,0.7009,1.3876,2185,73.65333333333334
236.38460852090492,452.5798,688.3366,570.4582,0.0333,0.8039,1.4138,2186,73.68666666666667,236.32649333130914,452.6275,688.3366,570.4821,0.0,0.7706,1.4138,2186,73.68666666666667,237.77445070749755,451.8033,689.023,570.4132,0.0167,0.5267,1.412,2186,73.68666666666667,237.9078503645334,451.7699,689.2027,570.4863,0.0,0.6212,1.3595,2186,73.68666666666667,236.38460852090492,452.5798,688.3366,570.4582,0.0333,0.8039,1.4138,2186,73.68666666666667
236.50713928120547,452.4454,688.3378,570.3916,0.025,0.9201,1.3374,2187,73.72,236.25872544458556,452.6832,688.3378,570.5105,0.0,1.002,1.3374,2187,73.72,238.11976575135404,451.439,688.975,570.207,0.0167,0.5608,1.2926,2187,73.72,238.25188187564424,451.4128,689.1577,570.2852,0.0,0.5991,1.3536,2187,73.72,236.50713928120547,452.4454,688.3378,570.3916,0.025,0.9201,1.3374,2187,73.72
236.2621445109666,452.1878,687.8237,570.0057,0.025,0.9154,1.4274,2188,73.75333333333334,235.9009762071045,452.5236,687.8237,570.1737,0.0,1.0355,1.4274,2188,73.75333333333334,237.79856044739657,451.1928,688.4298,569.8113,0.0083,0.6015,1.4853,2188,73.75333333333334,237.91424929853548,451.1928,688.6056,569.8992,0.0,0.6015,1.3603,2188,73.75333333333334,236.2621445109666,452.1878,687.8237,570.0057,0.025,0.9154,1.4274,2188,73.75333333333334
235.7546165055166,452.6865,687.805,570.2458,0.025,1.023,1.4462,2189,73.78833333333334,235.56892962316914,452.8401,687.805,570.3225,0.0,1.1049,1.4462,2189,73.78833333333334,237.38355297020388,451.685,688.5176,570.1013,0.0333,0.4667,1.3121,2189,73.78833333333334,237.5660646848904,451.6033,688.6906,570.1469,0.0,0.4526,1.4144,2189,73.78833333333334,235.7546165055166,452.6865,687.805,570.2458,0.025,1.023,1.4462,2189,73.78833333333334
236.05269588917943,452.7873,688.2866,570.537,0.025,1.1111,1.5323,2190,73.82000000000002,235.86759111275373,452.9384,688.2866,570.6125,0.0,1.1637,1.5323,2190,73.82000000000002,237.89438971599265,451.6767,688.9942,570.3355,0.05,0.3432,1.4795,2190,73.82000000000002,238.02624083735154,451.6185,689.1598,570.3892,0.0,0.4883,1.4068,2190,73.82000000000002,236.05269588917943,452.7873,688.2866,570.537,0.025,1.1111,1.5323,2190,73.82000000000002
236.35388025858094,452.3822,688.211,570.2966,0.0167,1.0416,1.3582,2191,73.85333333333334,236.0392729712989,452.6835,688.211,570.4473,0.0,1.0327,1.3582,2191,73.85333333333334,238.05572985701906,451.2837,688.7267,570.0052,0.0167,0.5358,1.4733,2191,73.85333333333334,238.1825729608867,451.2555,688.9001,570.0778,0.0,0.6021,1.4428,2191,73.85333333333334,236.35388025858094,452.3822,688.211,570.2966,0.0167,1.0416,1.3582,2191,73.85333333333334
236.110133934613,452.5479,688.1218,570.3349,0.0083,1.0348,1.4047,2192,73.88666666666667,235.9827157302439,452.6653,688.1218,570.3936,0.0,1.0653,1.4047,2192,73.88666666666667,237.85607801783246,451.415,688.7009,570.0579,0.0167,0.6059,1.389,2192,73.88666666666667,237.89979612662083,451.4814,688.8656,570.1735,0.0,0.6084,1.3558,2192,73.88666666666667,236.110133934613,452.5479,688.1218,570.3349,0.0083,1.0348,1.4047,2192,73.88666666666667
236.19197641682084,452.549,688.2245,570.3868,0.0083,0.8766,1.3333,2193,73.92166666666667,236.06413007559135,452.6668,688.2245,570.4457,0.0,0.9424,1.3333,2193,73.92166666666667,237.81478809153035,451.5855,688.8521,570.2188,0.025,0.4979,1.4351,2193,73.92166666666667,237.8728331615523,451.6195,689.0138,570.3167,0.0,0.5879,1.264,2193,73.92166666666667,236.19197641682084,452.549,688.2245,570.3868,0.0083,0.8766,1.3333,2193,73.92166666666667
236.17786741663508,452.5475,688.1784,570.3629,0.025,0.9969,1.4553,2194,73.955,235.99421037951922,452.6963,688.1784,570.4374,0.0,1.0429,1.4553,2194,73.955,237.8222430082773,451.5666,688.8376,570.2021,0.0333,0.4669,1.4298,2194,73.955,237.89008563657504,451.5981,689.0033,570.3007,0.0,0.5284,1.2452,2194,73.955,236.17786741663508,452.5475,688.1784,570.3629,0.025,0.9969,1.4553,2194,73.955
236.0330973313516,452.6212,688.1599,570.3905,0.0167,0.8592,1.4515,2195,73.99000000000001,235.924932698591,452.7299,688.1599,570.4449,0.0,1.0869,1.4515,2195,73.99000000000001,237.7543604011477,451.5672,688.7408,570.154,0.0333,0.4676,1.4073,2195,73.99000000000001,237.82409063425604,451.5987,688.9094,570.254,0.0,0.5269,1.2719,2195,73.99000000000001,236.0330973313516,452.6212,688.1599,570.3905,0.0167,0.8592,1.4515,2195,73.99000000000001
236.28587894955572,452.3889,688.041,570.215,0.05,0.7452,1.3166,2196,74.02333333333334,235.62621507835377,452.9943,688.041,570.5176,0.0,0.8917,1.3166,2196,74.02333333333334,237.77816708185165,451.5348,688.7748,570.1548,0.025,0.4538,1.2589,2196,74.02333333333334,237.90901758417021,451.5022,688.9404,570.2213,0.0,0.4809,1.2763,2196,74.02333333333334,236.28587894955572,452.3889,688.041,570.215,0.05,0.7452,1.3166,2196,74.02333333333334
236.1809176329623,452.3894,687.9557,570.1725,0.05,0.7164,1.3425,2197,74.05666666666667,235.63027964676377,452.8845,687.9557,570.4201,0.0,0.9754,1.3425,2197,74.05666666666667,237.64954804689566,451.5413,688.6343,570.0878,0.025,0.4438,1.2276,2197,74.05666666666667,237.7862495595185,451.5044,688.8055,570.155,0.0,0.4932,1.2462,2197,74.05666666666667,236.1809176329623,452.3894,687.9557,570.1725,0.05,0.7164,1.3425,2197,74.05666666666667
236.11564466433734,452.3794,687.8892,570.1343,0.05,0.6633,1.4651,2198,74.08833333333334,235.56325186995443,452.8767,687.8892,570.383,0.0,0.9072,1.4651,2198,74.08833333333334,237.55290826460057,451.5405,688.581,570.0608,0.0333,0.4288,1.2639,2198,74.08833333333334,237.722940259579,451.5039,688.7501,570.127,0.0,0.5027,1.3044,2198,74.08833333333334,236.11564466433734,452.3794,687.8892,570.1343,0.05,0.6633,1.4651,2198,74.08833333333334
236.25570404077465,452.4134,688.0582,570.2358,0.05,0.8205,1.434,2199,74.12,235.72945323580754,452.8943,688.0582,570.4763,0.0083,0.8501,1.434,2199,74.12,237.79724598569683,451.5372,688.7864,570.1618,0.0167,0.4327,1.3437,2199,74.12,237.912883448104,451.5101,688.9435,570.2268,0.0,0.4965,1.351,2199,74.12,236.25476478390243,452.4142,688.0582,570.2362,0.0417,0.7912,1.434,2199,74.12
236.24949736365042,452.4307,688.134,570.2823,0.0417,0.6128,1.4209,2200,74.155,235.8837034618865,452.7898,688.134,570.4619,0.0,0.795,1.4209,2200,74.155,237.82725005441253,451.5347,688.8174,570.1761,0.025,0.4322,1.3667,2200,74.155,237.87878271901278,451.5723,688.9741,570.2732,0.0,0.538,1.3585,2200,74.155,236.24949736365042,452.4307,688.134,570.2823,0.0417,0.6128,1.4209,2200,74.155
236.2536308140547,452.2687,687.8934,570.0811,0.05,0.5947,1.3827,2201,74.18666666666667,235.72486662367848,452.7486,687.8934,570.321,0.0,0.7769,1.3827,2201,74.18666666666667,237.7081399753468,451.483,688.6451,570.064,0.025,0.5801,1.4011,2201,74.18666666666667,237.7624044775989,451.5221,688.8075,570.1648,0.0,0.592,1.4479,2201,74.18666666666667,236.2536308140547,452.2687,687.8934,570.0811,0.05,0.5947,1.3827,2201,74.18666666666667
236.17510238100715,452.3424,687.8815,570.1119,0.05,0.6408,1.3461,2202,74.22,235.64554900539315,452.8243,687.8815,570.3529,0.0,0.6916,1.3461,2202,74.22,237.6437803318803,451.5616,688.6733,570.1174,0.0333,0.4639,1.3488,2202,74.22,237.70723779451416,451.5978,688.8364,570.2171,0.0,0.5121,1.3902,2202,74.22,236.17510238100715,452.3424,687.8815,570.1119,0.05,0.6408,1.3461,2202,74.22
236.31009589370112,452.3555,688.005,570.1802,0.05,0.6236,1.4024,2203,74.25833333333334,235.77623419277975,452.8398,688.005,570.4224,0.0,0.6842,1.4024,2203,74.25833333333334,237.8031136891383,451.5774,688.8694,570.2234,0.0333,0.4896,1.3565,2203,74.25833333333334,237.87880220317402,451.6145,689.0258,570.3201,0.0,0.5441,1.3885,2203,74.25833333333334,236.31009589370112,452.3555,688.005,570.1802,0.05,0.6236,1.4024,2203,74.25833333333334
236.2642617973983,452.284,687.9094,570.0967,0.05,0.5746,1.4497,2204,74.28666666666668,235.73581136791017,452.7634,687.9094,570.3364,0.0,0.8017,1.4497,2204,74.28666666666668,237.7530668950257,451.4898,688.6989,570.0943,0.0333,0.4244,1.3349,2204,74.28666666666668,237.78507392967953,451.5456,688.8595,570.2026,0.0,0.5209,1.3726,2204,74.28666666666668,236.2642617973983,452.284,687.9094,570.0967,0.05,0.5746,1.4497,2204,74.28666666666668
236.2721587716058,452.2686,687.8909,570.0798,0.05,0.599,1.4293,2205,74.32000000000002,235.73912624710908,452.7535,687.8909,570.3222,0.0,0.8827,1.4293,2205,74.32000000000002,237.72873133373767,451.5072,688.6881,570.0976,0.0417,0.4345,1.3176,2205,74.32000000000002,237.76567249668003,451.5578,688.8424,570.2001,0.0,0.5124,1.354,2205,74.32000000000002,236.2721587716058,452.2686,687.8909,570.0798,0.05,0.599,1.4293,2205,74.32000000000002
236.45041062604108,452.2731,688.0803,570.1767,0.05,0.7823,1.418,2206,74.36333333333334,235.84464279381473,452.8544,688.0803,570.4673,0.0083,0.8907,1.418,2206,74.36333333333334,237.77464963857082,451.5255,688.7509,570.1382,0.025,0.4825,1.4344,2206,74.36333333333334,237.83979365227017,451.4707,688.7509,570.1108,0.0,0.5237,1.4344,2206,74.36333333333334,236.46688204127602,452.2724,688.0803,570.1763,0.0417,0.6848,1.418,2206,74.36333333333334
236.30891970835006,452.3884,688.0633,570.2259,0.0417,0.9148,1.5399,2207,74.38666666666667,235.81195490690547,452.8603,688.0633,570.4618,0.0083,0.9198,1.5399,2207,74.38666666666667,237.72332652542872,451.5282,688.6903,570.1092,0.025,0.5347,1.456,2207,74.38666666666667,237.7885180989483,451.4733,688.6903,570.0818,0.0,0.5107,1.456,2207,74.38666666666667,236.43161598651326,452.2814,688.0633,570.1724,0.0417,0.8092,1.5399,2207,74.38666666666667
236.31617755633462,452.3703,688.0619,570.2161,0.0333,0.9559,1.5422,2208,74.42,235.8098627891593,452.8621,688.0619,570.462,0.0083,0.9195,1.5422,2208,74.42,237.77695460837526,451.5074,688.6795,570.0935,0.0333,0.4125,1.4881,2208,74.42,237.89097833636924,451.4758,688.8499,570.1628,0.0,0.5138,1.4048,2208,74.42,236.31514981990716,452.3836,688.0619,570.2227,0.0333,0.8775,1.5422,2208,74.42
236.321335249591,452.3756,688.0722,570.2239,0.0333,0.9447,1.5477,2209,74.46333333333334,235.8155489583597,452.8668,688.0722,570.4695,0.0083,0.929,1.5477,2209,74.46333333333334,237.7768388684519,451.5053,688.6878,570.0965,0.0167,0.4819,1.5173,2209,74.46333333333334,237.90288316374753,451.4739,688.8577,570.1658,0.0,0.53,1.4021,2209,74.46333333333334,236.32029899913474,452.3889,688.0722,570.2306,0.0333,0.8806,1.5477,2209,74.46333333333334
236.40750555682627,452.2739,688.0515,570.1627,0.05,0.8059,1.577,2210,74.48666666666666,235.80237744596624,452.8545,688.0515,570.453,0.0083,0.9694,1.577,2210,74.48666666666666,237.76905935882004,451.507,688.6785,570.0927,0.0333,0.4105,1.4758,2210,74.48666666666666,237.88357345186628,451.475,688.8492,570.1621,0.0,0.5231,1.438,2210,74.48666666666666,236.42114951892708,452.2762,688.0515,570.1638,0.0417,0.7743,1.577,2210,74.48666666666666
236.29188403214238,452.3757,688.0462,570.2109,0.0333,0.9463,1.5087,2211,74.52833333333334,235.7863176237511,452.8667,688.0462,570.4565,0.0083,0.9685,1.5087,2211,74.52833333333334,237.76025546199105,451.5072,688.6658,570.0865,0.0333,0.4143,1.435,2211,74.52833333333334,237.875019570565,451.4752,688.8369,570.1561,0.0,0.5299,1.4241,2211,74.52833333333334,236.29082655182646,452.3891,688.0462,570.2177,0.0333,0.8857,1.5087,2211,74.52833333333334
236.28218776430305,452.3787,688.0423,570.2105,0.0333,0.8708,1.507,2212,74.56666666666668,235.77568407276985,452.8706,688.0423,570.4565,0.0083,0.9712,1.507,2212,74.56666666666668,237.75455185726145,451.5055,688.6689,570.0872,0.0333,0.4133,1.41,2212,74.56666666666668,237.86899891450338,451.4739,688.8398,570.1568,0.0,0.5289,1.3972,2212,74.56666666666668,236.28120730950752,452.3921,688.0423,570.2172,0.0333,0.813,1.507,2212,74.56666666666668
236.29141779935705,452.3703,688.0448,570.2076,0.0333,0.9494,1.5046,2213,74.58833333333334,235.78535339963153,452.8619,688.0448,570.4533,0.0083,0.9299,1.5046,2213,74.58833333333334,237.75412070687457,451.5066,688.6706,570.0886,0.0333,0.4124,1.4039,2213,74.58833333333334,237.868590498525,451.4749,688.8415,570.1582,0.0,0.5283,1.3962,2213,74.58833333333334,236.40372044706376,452.2843,688.0448,570.1645,0.0417,0.7367,1.5046,2213,74.58833333333334
236.29302887644144,452.3675,688.0461,570.2068,0.0333,0.9509,1.5149,2214,74.62,235.7868486844685,452.8592,688.0461,570.4526,0.0083,0.9194,1.5149,2214,74.62,237.75093916156152,451.5077,688.6705,570.0891,0.0333,0.4196,1.4017,2214,74.62,237.8653838671298,451.476,688.8413,570.1587,0.0,0.513,1.3936,2214,74.62,236.40531276168204,452.2813,688.0461,570.1637,0.0417,0.7418,1.5149,2214,74.62
236.29027315841296,452.3674,688.0426,570.205,0.0333,0.8817,1.5181,2215,74.665,235.78336581030706,452.8597,688.0426,570.4512,0.0083,0.9193,1.5181,2215,74.665,237.75093916156152,451.5077,688.6705,570.0891,0.0333,0.4196,1.4017,2215,74.665,237.8653838671298,451.476,688.8413,570.1587,0.0,0.513,1.3936,2215,74.665,236.28925979417568,452.3806,688.0426,570.2116,0.0333,0.8144,1.5181,2215,74.665
236.2647358646788,452.444,688.1717,570.3078,0.025,0.9294,1.3866,2216,74.68833333333333,235.95755212747676,452.7482,688.1717,570.46,0.0,1.1838,1.3866,2216,74.68833333333333,237.80539003088498,451.5574,688.8453,570.2014,0.025,0.4818,1.4017,2216,74.68833333333333,237.93939855726447,451.5159,689.0096,570.2627,0.0,0.5308,1.4024,2216,74.68833333333333,236.25382623416297,452.4551,688.1717,570.3134,0.0333,0.9503,1.3866,2216,74.68833333333333
236.29025619360544,452.4207,688.1739,570.2973,0.025,0.9004,1.3918,2217,74.72,235.98183439724755,452.7263,688.1739,570.4501,0.0,1.1528,1.3918,2217,74.72,237.85590092673993,451.5062,688.8443,570.1753,0.0417,0.4353,1.4025,2217,74.72,237.93654949733815,451.5172,689.0086,570.2629,0.0,0.5266,1.4464,2217,74.72,236.28039297282442,452.4308,688.1739,570.3024,0.0333,0.9081,1.3918,2217,74.72
236.30713854356515,452.3908,688.1686,570.2797,0.025,0.863,1.3728,2218,74.75500000000001,235.99795810267358,452.6975,688.1686,570.433,0.0,1.1182,1.3728,2218,74.75500000000001,237.80229841136014,451.5299,688.8134,570.1716,0.0333,0.5088,1.3932,2218,74.75500000000001,237.90935699273666,451.5196,688.9789,570.2492,0.0,0.5444,1.4313,2218,74.75500000000001,236.29839851989468,452.3997,688.1686,570.2842,0.0333,0.918,1.3728,2218,74.75500000000001
236.41347646321742,452.3302,688.1746,570.2524,0.0417,0.9844,1.3818,2219,74.78833333333334,235.99654506392437,452.7056,688.1746,570.4401,0.0083,1.13,1.3818,2219,74.78833333333334,237.80482493746786,451.528,688.8119,570.17,0.0333,0.509,1.3809,2219,74.78833333333334,237.91098756732802,451.5187,688.9774,570.248,0.0,0.5385,1.4031,2219,74.78833333333334,236.309544748882,452.3945,688.1746,570.2845,0.025,0.8696,1.3818,2219,74.78833333333334
236.40503844171513,452.3336,688.1816,570.2576,0.0417,0.9395,1.3761,2220,74.82000000000002,235.9877437146363,452.7086,688.1816,570.4451,0.0083,1.1603,1.3761,2220,74.82000000000002,237.9224240693334,451.5292,688.9732,570.2512,0.025,0.5109,1.4175,2220,74.82000000000002,237.9193834557111,451.52,688.9732,570.2466,0.0,0.5404,1.4175,2220,74.82000000000002,236.30038564445383,452.3979,688.1816,570.2897,0.025,0.8708,1.3761,2220,74.82000000000002
236.3747425266477,452.3582,688.1794,570.2688,0.0417,1.0178,1.3674,2221,74.855,235.95851409592373,452.7317,688.1794,570.4556,0.0083,1.1752,1.3674,2221,74.855,237.92393145978525,451.5287,688.974,570.2513,0.025,0.5096,1.4245,2221,74.855,237.92121297165545,451.5194,688.974,570.2467,0.0,0.5323,1.4245,2221,74.855,236.26988845977922,452.422,688.1794,570.3007,0.025,0.9291,1.3674,2221,74.855
236.38237593056434,452.3514,688.1786,570.265,0.0417,1.0428,1.3798,2222,74.88666666666667,235.96581263051206,452.7254,688.1786,570.452,0.0083,1.1963,1.3798,2222,74.88666666666667,237.93157566520088,451.5281,688.9782,570.2532,0.025,0.4792,1.4434,2222,74.88666666666667,237.92884142868556,451.5189,688.9782,570.2485,0.0,0.5365,1.4434,2222,74.88666666666667,236.26723569832657,452.4259,688.1786,570.3023,0.0333,0.975,1.3798,2222,74.88666666666667
236.18733283485574,452.4959,688.1192,570.3076,0.0333,0.999,1.302,2223,74.92,235.6778098082442,452.9915,688.1192,570.5553,0.0083,1.1915,1.302,2223,74.92,237.8555238381624,451.5063,688.8134,570.1598,0.0417,0.4322,1.4113,2223,74.92,237.93445085957802,451.5208,688.9801,570.2504,0.0,0.5558,1.3941,2223,74.92,236.20720877716153,452.4805,688.1192,570.2999,0.025,1.093,1.302,2223,74.92
236.24620161465168,452.4574,688.1231,570.2902,0.0417,1.0484,1.3022,2224,74.95333333333333,235.69509969261807,452.9821,688.1231,570.5526,0.0083,1.1709,1.3022,2224,74.95333333333333,237.9667697840428,451.5059,688.9828,570.2444,0.0333,0.4324,1.3923,2224,74.95333333333333,237.93597610228215,451.5204,688.9828,570.2516,0.0,0.5567,1.3923,2224,74.95333333333333,236.2069065101406,452.4812,688.1231,570.3022,0.025,1.1218,1.3022,2224,74.95333333333333
236.19018520985028,452.4956,688.1269,570.3112,0.0333,1.0426,1.2961,2225,74.98833333333334,235.6796798067788,452.9921,688.1269,570.5595,0.0083,1.2094,1.2961,2225,74.98833333333334,237.96543027912898,451.5065,688.9795,570.243,0.0333,0.4331,1.4103,2225,74.98833333333334,237.93469358960817,451.521,688.9795,570.2502,0.0,0.5568,1.4103,2225,74.98833333333334,236.21116088860202,452.4793,688.1269,570.3031,0.025,1.1067,1.2961,2225,74.98833333333334
236.3897137594262,452.3005,688.2201,570.2603,0.0583,0.7777,1.4416,2226,75.02166666666668,235.90630321081144,452.7999,688.2201,570.51,0.0083,0.7939,1.4416,2226,75.02166666666668,237.7203424579777,451.5449,688.6742,570.1096,0.0333,0.5417,1.4538,2226,75.02166666666668,237.89754779833245,451.4881,688.8419,570.165,0.0,0.4877,1.3757,2226,75.02166666666668,236.4261587734611,452.2987,688.2201,570.2594,0.05,0.559,1.4416,2226,75.02166666666668
236.4162068896986,452.288,688.2204,570.2542,0.05,0.826,1.4417,2227,75.055,235.91611662929034,452.7926,688.2204,570.5065,0.0083,0.8502,1.4417,2227,75.055,237.72394133049232,451.542,688.6742,570.1081,0.0333,0.5453,1.4538,2227,75.055,237.9008758337976,451.4854,688.8419,570.1636,0.0,0.4841,1.3757,2227,75.055,236.4368811926534,452.2906,688.2204,570.2555,0.05,0.6451,1.4417,2227,75.055
236.38924894627496,452.3013,688.1628,570.2321,0.05,0.6497,1.4356,2228,75.09,235.87742585534562,452.7956,688.1628,570.4792,0.0,0.8866,1.4356,2228,75.09,237.7308926045775,451.543,688.6842,570.1136,0.025,0.5435,1.4471,2228,75.09,237.9003636888894,451.4891,688.8515,570.1703,0.0,0.4563,1.3798,2228,75.09,236.38924894627496,452.3013,688.1628,570.2321,0.05,0.6497,1.4356,2228,75.09
236.38584905180656,452.304,688.1621,570.233,0.05,0.6331,1.4357,2229,75.12333333333333,235.87499229694384,452.7976,688.1621,570.4799,0.0,0.8976,1.4357,2229,75.12333333333333,237.7221989606896,451.5466,688.6837,570.1151,0.0333,0.5293,1.447,2229,75.12333333333333,237.8988782970058,451.49,688.851,570.1705,0.0,0.4582,1.38,2229,75.12333333333333,236.38584905180656,452.304,688.1621,570.233,0.05,0.6331,1.4357,2229,75.12333333333333
236.432770182763,452.2699,688.1644,570.2171,0.0583,0.5895,1.4025,2230,75.15666666666667,235.876296621297,452.7977,688.1644,570.481,0.0,0.8798,1.4025,2230,75.15666666666667,237.72268643298705,451.5468,688.6835,570.1152,0.0333,0.527,1.4487,2230,75.15666666666667,237.89796813195514,451.4915,688.851,570.1713,0.0,0.4593,1.3766,2230,75.15666666666667,236.432770182763,452.2699,688.1644,570.2171,0.0583,0.5895,1.4025,2230,75.15666666666667
236.3983288472471,452.2746,688.1703,570.2225,0.0667,0.8521,1.4464,2231,75.19,235.8780156499517,452.7982,688.1703,570.4843,0.0083,0.829,1.4464,2231,75.19,237.72570352687185,451.5462,688.6829,570.1146,0.0333,0.5221,1.4441,2231,75.19,237.90087958255452,451.4911,688.8504,570.1707,0.0,0.4583,1.3726,2231,75.19,236.44071249343062,452.265,688.1703,570.2176,0.0583,0.6217,1.4464,2231,75.19
236.43048845912065,452.248,688.1593,570.2037,0.075,0.7485,1.4282,2232,75.22,235.86884870586158,452.8018,688.1593,570.4806,0.0083,0.9026,1.4282,2232,75.22,237.72163262580065,451.5476,688.6795,570.1136,0.0333,0.4971,1.4615,2232,75.22,237.89702011572118,451.4924,688.8471,570.1697,0.0,0.4483,1.3984,2232,75.22,236.42952607383705,452.2708,688.1593,570.2151,0.0583,0.5927,1.4282,2232,75.22
236.35389272551274,452.3047,688.165,570.2349,0.0583,0.8206,1.4192,2233,75.25333333333334,235.87384425056732,452.8003,688.165,570.4826,0.0083,0.9175,1.4192,2233,75.25333333333334,237.72163262580065,451.5476,688.6795,570.1136,0.0333,0.4971,1.4615,2233,75.25333333333334,237.89702011572118,451.4924,688.8471,570.1697,0.0,0.4483,1.3984,2233,75.25333333333334,236.3894295588699,452.303,688.165,570.234,0.05,0.6268,1.4192,2233,75.25333333333334
236.36015653225158,452.298,688.1624,570.2302,0.0583,0.8594,1.3927,2234,75.28666666666668,235.8786847359033,452.7952,688.1624,570.4788,0.0083,0.9812,1.3927,2234,75.28666666666668,237.7311064662303,451.5442,688.6816,570.1129,0.025,0.5231,1.4611,2234,75.28666666666668,237.8990243755053,451.4918,688.8491,570.1705,0.0,0.4471,1.3979,2234,75.28666666666668,236.39515495871044,452.297,688.1624,570.2297,0.05,0.6036,1.3927,2234,75.28666666666668
236.35434746548762,452.3027,688.1637,570.2332,0.0583,0.8123,1.4304,2235,75.32000000000002,235.87432483597613,452.7988,688.1637,570.4812,0.0083,0.9505,1.4304,2235,75.32000000000002,237.7303754531938,451.5444,688.6813,570.1128,0.025,0.5302,1.4624,2235,75.32000000000002,237.89840410470973,451.4919,688.8488,570.1703,0.0,0.4602,1.3878,2235,75.32000000000002,236.38910415412712,452.3021,688.1637,570.2329,0.05,0.6413,1.4304,2235,75.32000000000002
