vigente__thickness_px,vigente__y_top_px,vigente__y_bottom_px,vigente__center_px,vigente__outlier_frac,vigente__residual_top_px,vigente__residual_bottom_px,vigente__frame,vigente__time_s,clahe_mco__thickness_px,clahe_mco__y_top_px,clahe_mco__y_bottom_px,clahe_mco__center_px,clahe_mco__outlier_frac,clahe_mco__residual_top_px,clahe_mco__residual_bottom_px,clahe_mco__frame,clahe_mco__time_s,crudo__thickness_px,crudo__y_top_px,crudo__y_bottom_px,crudo__center_px,crudo__outlier_frac,crudo__residual_top_px,crudo__residual_bottom_px,crudo__frame,crudo__time_s,crudo_mco__thickness_px,crudo_mco__y_top_px,crudo_mco__y_bottom_px,crudo_mco__center_px,crudo_mco__outlier_frac,crudo_mco__residual_top_px,crudo_mco__residual_bottom_px,crudo_mco__frame,crudo_mco__time_s,ventana25__thickness_px,ventana25__y_top_px,ventana25__y_bottom_px,ventana25__center_px,ventana25__outlier_frac,ventana25__residual_top_px,ventana25__residual_bottom_px,ventana25__frame,ventana25__time_s
294.3540131384734,292.7565,586.8758,439.8161,0.0417,0.6804,0.7391,0,0.0,294.2011216851864,292.8829,586.8758,439.8794,0.0,0.7025,0.7391,0,0.0,295.1130806156458,292.3129,587.2243,439.7686,0.05,0.7908,0.8498,0,0.0,295.0841601761705,292.3982,587.2792,439.8387,0.0,0.8709,0.8479,0,0.0,294.3540131384734,292.7565,586.8758,439.8161,0.0417,0.6804,0.7391,0,0.0
294.3151577261808,292.8313,586.8935,439.8624,0.0667,0.6137,0.6686,1,0.015000000000000001,294.29370271013016,292.8598,586.9673,439.9136,0.0,0.7226,0.7182,1,0.015000000000000001,295.2664649532969,292.2903,587.3747,439.8325,0.0417,0.7781,0.8685,1,0.015000000000000001,295.1869076932465,292.3779,587.389,439.8835,0.0,0.7981,0.8919,1,0.015000000000000001,294.3151577261808,292.8313,586.8935,439.8624,0.0667,0.6137,0.6686,1,0.015000000000000001
294.19064061638505,293.0218,586.9792,440.0005,0.0583,0.7503,0.6773,2,0.04666666666666667,294.13133798909064,293.0899,587.0512,440.0705,0.0,0.7664,0.7953,2,0.04666666666666667,295.0129836517714,292.5939,587.4398,440.0169,0.0417,0.6483,0.8373,2,0.04666666666666667,295.04094543431256,292.578,587.4535,440.0158,0.0,0.7752,0.9235,2,0.04666666666666667,294.19064061638505,293.0218,586.9792,440.0005,0.0583,0.7503,0.6773,2,0.04666666666666667
294.23500802292887,292.9453,586.9331,439.9392,0.0417,0.8127,0.6909,3,0.07166666666666667,294.17506519529445,293.0151,587.0073,440.0112,0.0,0.7945,0.7923,3,0.07166666666666667,295.09801148582676,292.4694,587.3833,439.9264,0.0333,0.758,0.8756,3,0.07166666666666667,295.0764166947596,292.5014,587.3971,439.9492,0.0,0.7807,0.9231,3,0.07166666666666667,294.23500802292887,292.9453,586.9331,439.9392,0.0417,0.8127,0.6909,3,0.07166666666666667
294.12943017897,292.9797,586.9117,439.9457,0.025,0.7584,0.7614,4,0.10500000000000001,294.1652390007007,292.9417,586.9117,439.9267,0.0,0.802,0.7614,4,0.10500000000000001,294.88712950162244,292.5254,587.229,439.8772,0.0167,0.8076,0.9047,4,0.10500000000000001,294.9826231106506,292.4517,587.2436,439.8477,0.0,0.871,0.8597,4,0.10500000000000001,294.12943017897,292.9797,586.9117,439.9457,0.025,0.7584,0.7614,4,0.10500000000000001
294.16102848137814,292.8824,586.7744,439.8284,0.0417,0.7973,0.664,5,0.13833333333333334,294.10424284762246,292.9477,586.8452,439.8964,0.0,0.7992,0.7061,5,0.13833333333333334,295.02907749124176,292.3395,587.1748,439.7572,0.0333,0.6935,0.9901,5,0.13833333333333334,295.0092659084154,292.3733,587.1887,439.781,0.0,0.7107,0.8732,5,0.13833333333333334,294.16102848137814,292.8824,586.7744,439.8284,0.0417,0.7973,0.664,5,0.13833333333333334
293.98064778092004,293.0452,586.8417,439.9435,0.0333,0.8918,0.7037,6,0.1716666666666667,294.1192943110864,292.9262,586.8417,439.884,0.0,0.8111,0.7037,6,0.1716666666666667,295.04176366940953,292.3209,587.1721,439.7465,0.0333,0.7607,0.9315,6,0.1716666666666667,295.0278870848499,292.3488,587.1862,439.7675,0.0,0.7476,0.8842,6,0.1716666666666667,293.98064778092004,293.0452,586.8417,439.9435,0.0333,0.8918,0.7037,6,0.1716666666666667
294.03555492767657,292.9912,586.8279,439.9096,0.0167,0.736,0.6934,7,0.20500000000000002,294.13209733868143,292.8984,586.8279,439.8632,0.0,0.8299,0.6934,7,0.20500000000000002,295.047102395563,292.2988,587.1532,439.726,0.0333,0.7872,0.8691,7,0.20500000000000002,295.03111042651256,292.329,587.1673,439.7482,0.0,0.779,0.8956,7,0.20500000000000002,294.03555492767657,292.9912,586.8279,439.9096,0.0167,0.736,0.6934,7,0.20500000000000002
294.0246616234727,292.9957,586.8293,439.9125,0.025,0.7402,0.6971,8,0.23833333333333334,294.13652858877936,292.8951,586.8293,439.8622,0.0,0.8189,0.6971,8,0.23833333333333334,295.0519973578812,292.292,587.153,439.7225,0.0333,0.7852,0.8709,8,0.23833333333333334,295.0361639329068,292.3221,587.1671,439.7446,0.0,0.7076,0.8419,8,0.23833333333333334,294.0246616234727,292.9957,586.8293,439.9125,0.025,0.7402,0.6971,8,0.23833333333333334
294.10290315355076,292.9942,586.8919,439.943,0.025,0.7338,0.6809,9,0.2733333333333334,294.214641488355,292.8937,586.8919,439.8928,0.0,0.8248,0.6809,9,0.2733333333333334,295.17202697930816,292.29,587.244,439.767,0.025,0.7863,0.8655,9,0.2733333333333334,295.1310534534131,292.3203,587.244,439.7821,0.0,0.7082,0.8655,9,0.2733333333333334,294.10290315355076,292.9942,586.8919,439.943,0.025,0.7338,0.6809,9,0.2733333333333334
294.08080096656164,294.4627,588.2117,441.3372,0.0083,0.873,0.7229,10,0.305,294.1581029909721,294.3806,588.2117,441.2962,0.0,0.9124,0.7229,10,0.305,295.21561946997593,293.6678,588.5303,441.099,0.0417,0.8534,0.8002,10,0.305,295.3394382759469,293.6533,588.6365,441.1449,0.0,0.9393,0.7954,10,0.305,294.08080096656164,294.4627,588.2117,441.3372,0.0083,0.873,0.7229,10,0.305
293.4302212273822,295.5333,588.482,442.0076,0.025,0.8162,0.7978,11,0.3383333333333334,293.4736008773316,295.5112,588.5942,442.0527,0.0,0.8041,0.7886,11,0.3383333333333334,294.57901376753216,294.8027,588.9886,441.8956,0.0167,0.7493,0.9404,11,0.3383333333333334,294.58146193936506,294.7889,588.9886,441.8888,0.0,0.7927,0.9404,11,0.3383333333333334,293.4302212273822,295.5333,588.482,442.0076,0.025,0.8162,0.7978,11,0.3383333333333334
293.3891160399212,294.8256,587.9429,441.3843,0.0333,0.7724,0.8833,12,0.3716666666666667,293.45829259947175,294.7534,587.8881,441.3208,0.0,0.7476,0.7997,12,0.3716666666666667,294.5177279404495,294.0731,588.2802,441.1766,0.0167,0.6817,1.0004,12,0.3716666666666667,294.51678514098387,294.065,588.2802,441.1726,0.0,0.6716,1.0004,12,0.3716666666666667,293.3891160399212,294.8256,587.9429,441.3843,0.0333,0.7724,0.8833,12,0.3716666666666667
293.78280628777554,293.7023,587.2146,440.4585,0.025,0.8574,0.799,13,0.405,293.7491157394653,293.7212,587.2146,440.4679,0.0,0.8377,0.799,13,0.405,294.84057655301103,293.0537,587.6483,440.351,0.0333,0.7271,0.955,13,0.405,294.8425021445662,293.0414,587.6483,440.3448,0.0,0.8081,0.955,13,0.405,293.78280628777554,293.7023,587.2146,440.4585,0.025,0.8574,0.799,13,0.405
293.92152231278885,293.2279,586.9285,440.0782,0.0083,0.9239,0.8634,14,0.43833333333333335,294.00095348665263,293.1436,586.9285,440.036,0.0,0.9198,0.8634,14,0.43833333333333335,294.96958599858965,292.5704,587.3321,439.9512,0.05,0.5211,1.1212,14,0.43833333333333335,294.91306436247004,292.621,587.3321,439.9765,0.0,0.6161,1.1212,14,0.43833333333333335,293.92152231278885,293.2279,586.9285,440.0782,0.0083,0.9239,0.8634,14,0.43833333333333335
294.2769209537505,292.8602,586.9573,439.9087,0.0417,0.8813,0.7499,15,0.4716666666666667,294.1605149955758,292.9134,586.8734,439.8934,0.0,0.8329,0.7628,15,0.4716666666666667,295.0741716271574,292.363,587.2419,439.8025,0.025,0.7928,0.9099,15,0.4716666666666667,294.98960719404846,292.4353,587.2419,439.8386,0.0,0.8125,0.9099,15,0.4716666666666667,294.2769209537505,292.8602,586.9573,439.9087,0.0417,0.8813,0.7499,15,0.4716666666666667
294.2585107727281,293.0056,587.0345,440.0201,0.0333,0.8769,0.7202,16,0.505,294.2532994663816,293.0277,587.1091,440.0684,0.0,0.9013,0.7402,16,0.505,295.0100926066429,292.6347,587.4406,440.0376,0.0167,0.9307,0.7945,16,0.505,295.11242941702415,292.5598,587.5178,440.0388,0.0,0.9454,0.8525,16,0.505,294.2585107727281,293.0056,587.0345,440.0201,0.0333,0.8769,0.7202,16,0.505
294.0408655079616,293.2192,587.0418,440.1305,0.025,0.7523,0.644,17,0.5383333333333333,294.0913236043141,293.1928,587.1184,440.1556,0.0,0.8535,0.7759,17,0.5383333333333333,294.84067065154136,292.8143,587.448,440.1311,0.0167,0.8985,0.8169,17,0.5383333333333333,294.94194589873257,292.7435,587.5277,440.1356,0.0,0.8491,0.8358,17,0.5383333333333333,294.0408655079616,293.2192,587.0418,440.1305,0.025,0.7523,0.644,17,0.5383333333333333
294.18224464584557,293.0762,587.0959,440.086,0.0417,0.8658,0.8156,18,0.5716666666666667,294.10246320420566,293.0985,587.0178,440.0581,0.0,0.8702,0.8233,18,0.5716666666666667,294.85934934404753,292.72,587.4076,440.0638,0.0083,0.8696,0.9658,18,0.5716666666666667,294.9256909398292,292.6505,587.4076,440.0291,0.0,0.8595,0.9658,18,0.5716666666666667,294.18224464584557,293.0762,587.0959,440.086,0.0417,0.8658,0.8156,18,0.5716666666666667
294.1974764130539,292.8535,586.8338,439.8437,0.025,0.81,0.7354,19,0.6050000000000001,294.1534217654801,292.8816,586.8338,439.8577,0.0,0.8608,0.7354,19,0.6050000000000001,294.86580208790576,292.4932,587.1344,439.8138,0.0167,0.9432,0.7847,19,0.6050000000000001,294.962134811855,292.4222,587.2064,439.8143,0.0,0.91,0.7298,19,0.6050000000000001,294.1974764130539,292.8535,586.8338,439.8437,0.025,0.81,0.7354,19,0.6050000000000001
294.26540125434394,292.7528,586.7936,439.7732,0.0333,0.8121,0.727,20,0.6383333333333334,294.16750495783975,292.8294,586.7936,439.8115,0.0,0.8087,0.727,20,0.6383333333333334,294.9548107644239,292.3897,587.1604,439.7751,0.0167,0.8569,0.7563,20,0.6383333333333334,294.96618570087423,292.3719,587.1604,439.7662,0.0,0.793,0.7563,20,0.6383333333333334,294.26540125434394,292.7528,586.7936,439.7732,0.0333,0.8121,0.727,20,0.6383333333333334
294.2665300430902,292.7385,586.7773,439.7579,0.0333,0.7574,0.727,21,0.6733333333333333,294.1676257766751,292.8161,586.7773,439.7967,0.0,0.7982,0.727,21,0.6733333333333333,294.903672219917,292.4339,587.1479,439.7909,0.0083,0.8758,0.7477,21,0.6733333333333333,294.97200747813326,292.3623,587.1479,439.7551,0.0,0.8608,0.7477,21,0.6733333333333333,294.2665300430902,292.7385,586.7773,439.7579,0.0333,0.7574,0.727,21,0.6733333333333333
294.35126582251564,292.6712,586.8096,439.7404,0.05,0.6596,0.7647,22,0.7050000000000001,294.1749346216495,292.8027,586.7726,439.7876,0.0,0.7752,0.722,22,0.7050000000000001,294.90833383134736,292.4206,587.1377,439.7791,0.025,0.8125,0.7854,22,0.7050000000000001,294.9752294698387,292.3493,587.1377,439.7435,0.0,0.8122,0.7854,22,0.7050000000000001,294.35126582251564,292.6712,586.8096,439.7404,0.05,0.6596,0.7647,22,0.7050000000000001
294.1153812276481,292.8681,586.8015,439.8348,0.025,0.7675,0.7283,23,0.7383333333333334,294.18198595290085,292.7868,586.7645,439.7756,0.0,0.793,0.7335,23,0.7383333333333334,294.92354711496216,292.3517,587.0425,439.6971,0.0333,0.8016,0.7146,23,0.7383333333333334,294.98485778846253,292.3352,587.1336,439.7344,0.0,0.8094,0.7846,23,0.7383333333333334,294.1153812276481,292.8681,586.8015,439.8348,0.025,0.7675,0.7283,23,0.7383333333333334
294.25740481016464,292.7093,586.7435,439.7264,0.025,0.8568,0.8396,24,0.7766666666666667,294.21812578008365,292.7329,586.7435,439.7382,0.0,0.8736,0.8396,24,0.7766666666666667,295.0303490091786,292.2968,587.1118,439.7043,0.0333,0.7258,1.0579,24,0.7766666666666667,295.0390735884521,292.2797,587.1118,439.6958,0.0,0.8173,1.0579,24,0.7766666666666667,294.25740481016464,292.7093,586.7435,439.7264,0.025,0.8568,0.8396,24,0.7766666666666667
294.1956289650613,292.7614,586.7387,439.7501,0.0167,0.8986,0.7797,25,0.8083333333333333,294.2153752898491,292.7312,586.7387,439.735,0.0,0.869,0.7797,25,0.8083333333333333,295.0306370764231,292.292,587.108,439.7,0.0333,0.7116,1.0761,25,0.8083333333333333,295.0397880319353,292.2748,587.108,439.6914,0.0,0.8195,1.0761,25,0.8083333333333333,294.1956289650613,292.7614,586.7387,439.7501,0.0167,0.8986,0.7797,25,0.8083333333333333
294.2534202672639,292.709,586.7383,439.7237,0.025,0.8471,0.7907,26,0.8383333333333334,294.2150260249442,292.7316,586.7383,439.735,0.0,0.8614,0.7907,26,0.8383333333333334,294.9878228806921,292.2908,587.065,439.6779,0.0333,0.7073,1.0336,26,0.8383333333333334,294.9974363767087,292.273,587.065,439.669,0.0,0.8194,1.0336,26,0.8383333333333334,294.2534202672639,292.709,586.7383,439.7237,0.025,0.8471,0.7907,26,0.8383333333333334
294.30260870241307,293.3117,587.3989,440.3553,0.0417,0.7218,0.8604,27,0.8716666666666667,294.41703678767556,293.1973,587.3516,440.2744,0.0,0.7689,0.8168,27,0.8716666666666667,295.3320872201863,292.687,587.7714,440.2292,0.0167,0.7711,0.8416,27,0.8716666666666667,295.4174505833947,292.606,587.7714,440.1887,0.0,0.8387,0.8416,27,0.8716666666666667,294.30260870241307,293.3117,587.3989,440.3553,0.0417,0.7218,0.8604,27,0.8716666666666667
293.8946010642037,295.0904,588.5747,441.8325,0.025,0.7024,0.7898,28,0.91,293.8583349205385,295.1077,588.5747,441.8412,0.0,0.7332,0.7898,28,0.91,294.761283781565,294.557,588.9322,441.7446,0.025,0.726,1.1393,28,0.91,294.81541925112356,294.4957,588.9322,441.7139,0.0,0.746,1.1393,28,0.91,293.8946010642037,295.0904,588.5747,441.8325,0.025,0.7024,0.7898,28,0.91
293.42639994254347,295.2455,588.291,441.7683,0.0167,0.8306,0.8638,29,0.9383333333333334,293.44473895742254,295.2153,588.291,441.7532,0.0,0.8399,0.8638,29,0.9383333333333334,294.484088889695,294.5706,588.6775,441.6241,0.0417,0.6606,0.9596,29,0.9383333333333334,294.47289286170303,294.5624,588.6739,441.6182,0.0,0.7096,0.9334,29,0.9383333333333334,293.42639994254347,295.2455,588.291,441.7683,0.0167,0.8306,0.8638,29,0.9383333333333334
293.5597144518799,294.243,587.5084,440.8757,0.0167,0.8591,0.8264,30,0.9716666666666667,293.58160405884774,294.2107,587.5084,440.8595,0.0,0.8424,0.8264,30,0.9716666666666667,294.6663542833228,293.5156,587.8985,440.7071,0.0333,0.7621,0.9854,30,0.9716666666666667,294.6075508655964,293.5543,587.8953,440.7248,0.0,0.7687,0.9332,30,0.9716666666666667,293.5597144518799,294.243,587.5084,440.8757,0.0167,0.8591,0.8264,30,0.9716666666666667
293.82347746811024,293.4018,586.9872,440.1945,0.0167,0.8599,0.8267,31,1.0133333333333334,293.8465945802906,293.3679,586.9872,440.1775,0.0,0.9128,0.8267,31,1.0133333333333334,294.8696630642495,292.7019,587.3505,440.0262,0.0333,0.6986,1.0431,31,1.0133333333333334,294.8000620375285,292.7641,587.3505,440.0573,0.0,0.7631,1.0431,31,1.0133333333333334,293.82347746811024,293.4018,586.9872,440.1945,0.0167,0.8599,0.8267,31,1.0133333333333334
294.10296686290656,293.1194,587.0112,440.0653,0.025,0.8423,0.6901,32,1.0466666666666666,294.0675335691159,293.139,587.0112,440.0751,0.0,0.9353,0.6901,32,1.0466666666666666,295.0465544882545,292.5527,587.4029,439.9778,0.0167,0.8249,1.0126,32,1.0466666666666666,295.0506998187392,292.5381,587.4029,439.9705,0.0,0.8833,1.0126,32,1.0466666666666666,294.10296686290656,293.1194,587.0112,440.0653,0.025,0.8423,0.6901,32,1.0466666666666666
293.9925483470658,293.2767,587.0897,440.1832,0.0167,0.9243,0.7259,33,1.0716666666666668,294.0096217421458,293.252,587.0897,440.1709,0.0,0.941,0.7259,33,1.0716666666666668,294.9765610840119,292.6819,587.4881,440.085,0.0167,0.8686,0.9338,33,1.0716666666666668,294.97552633550345,292.6717,587.4881,440.0799,0.0,0.9148,0.9338,33,1.0716666666666668,293.9925483470658,293.2767,587.0897,440.1832,0.0167,0.9243,0.7259,33,1.0716666666666668
294.13302978892204,293.1889,587.0849,440.1369,0.0167,0.9187,0.7461,34,1.1183333333333334,294.2427689417209,293.1055,587.1591,440.1323,0.0,0.9505,0.7877,34,1.1183333333333334,295.0187313373673,292.6579,587.5042,440.081,0.025,0.7102,0.9263,34,1.1183333333333334,295.08609181056465,292.5851,587.5042,440.0446,0.0,0.7621,0.9263,34,1.1183333333333334,294.13302978892204,293.1889,587.0849,440.1369,0.0167,0.9187,0.7461,34,1.1183333333333334
294.23728277809175,292.9284,586.9361,439.9323,0.025,0.8544,0.8141,35,1.1466666666666667,294.1990716262825,292.9507,586.9361,439.9434,0.0,0.9711,0.8141,35,1.1466666666666667,294.9632281306682,292.4943,587.2654,439.8799,0.0417,0.7358,0.7473,35,1.1466666666666667,295.0029035697212,292.4686,587.2799,439.8743,0.0,0.747,0.7973,35,1.1466666666666667,294.23728277809175,292.9284,586.9361,439.9323,0.025,0.8544,0.8141,35,1.1466666666666667
294.29896792248894,292.8288,586.911,439.8699,0.025,0.846,0.6995,36,1.1716666666666666,294.2553868582816,292.8563,586.911,439.8837,0.0,0.8981,0.6995,36,1.1716666666666666,295.0752186639414,292.3716,587.2606,439.8161,0.0417,0.659,0.7437,36,1.1716666666666666,295.06623697877615,292.3763,587.2606,439.8184,0.0,0.718,0.7437,36,1.1716666666666666,294.29896792248894,292.8288,586.911,439.8699,0.025,0.846,0.6995,36,1.1716666666666666
294.2352331348634,292.8112,586.7922,439.8017,0.0333,0.8763,0.6819,37,1.215,294.22919115656316,292.8307,586.8618,439.8462,0.0,1.0242,0.6785,37,1.215,295.1072889026441,292.2918,587.1422,439.717,0.025,0.8805,0.7917,37,1.215,295.1499459723938,292.2766,587.2285,439.7526,0.0,0.9065,0.7479,37,1.215,294.2352331348634,292.8112,586.7922,439.8017,0.0333,0.8763,0.6819,37,1.215
294.29912877651384,292.7145,586.7598,439.7371,0.0417,0.8021,0.6674,38,1.2466666666666668,294.2689749070966,292.7679,586.8288,439.7984,0.0,0.8638,0.6859,38,1.2466666666666668,295.0820398622966,292.2851,587.1702,439.7277,0.0167,0.8418,0.8736,38,1.2466666666666668,295.08923315107904,292.2697,587.1702,439.72,0.0,0.8778,0.8736,38,1.2466666666666668,294.29912877651384,292.7145,586.7598,439.7371,0.0417,0.8021,0.6674,38,1.2466666666666668
294.25303000241064,292.7556,586.8023,439.779,0.0417,0.8013,0.6731,39,1.2716666666666667,294.2621120270444,292.7449,586.8023,439.7736,0.0,0.8774,0.6731,39,1.2716666666666667,295.0693183027573,292.2723,587.1459,439.7091,0.0167,0.8014,0.8389,39,1.2716666666666667,295.08185007443825,292.2512,587.1459,439.6985,0.0,0.9086,0.8389,39,1.2716666666666667,294.25303000241064,292.7556,586.8023,439.779,0.0417,0.8013,0.6731,39,1.2716666666666667
294.21517601714856,292.7557,586.7262,439.741,0.05,0.7719,0.7011,40,1.3166666666666667,294.2536869756967,292.7439,586.7943,439.7691,0.0,0.8542,0.6706,40,1.3166666666666667,295.05439172835173,292.2727,587.134,439.7033,0.0167,0.8084,0.8214,40,1.3166666666666667,295.0671983887423,292.2514,587.134,439.6927,0.0,0.899,0.8214,40,1.3166666666666667,294.21517601714856,292.7557,586.7262,439.741,0.05,0.7719,0.7011,40,1.3166666666666667
294.2115967142264,292.7565,586.717,439.7367,0.05,0.7793,0.6903,41,1.3466666666666667,294.25071506693143,292.7447,586.7866,439.7657,0.0,0.8536,0.6722,41,1.3466666666666667,295.05723427489465,292.2722,587.13,439.7011,0.0167,0.8383,0.8202,41,1.3466666666666667,295.0693343622312,292.2511,587.13,439.6905,0.0,0.8995,0.8202,41,1.3466666666666667,294.2115967142264,292.7565,586.717,439.7367,0.05,0.7793,0.6903,41,1.3466666666666667
294.20968971792223,292.7544,586.7078,439.7311,0.05,0.7708,0.6634,42,1.3716666666666668,294.24838904264334,292.7434,586.7786,439.761,0.0,0.8841,0.6859,42,1.3716666666666668,294.9950741455549,292.325,587.1197,439.7224,0.025,0.7904,0.7869,42,1.3716666666666668,295.0656189223203,292.247,587.1197,439.6834,0.0,0.901,0.7869,42,1.3716666666666668,294.20968971792223,292.7544,586.7078,439.7311,0.05,0.7708,0.6634,42,1.3716666666666668
294.20217058879416,292.7552,586.6976,439.7264,0.05,0.7723,0.6497,43,1.405,294.2408506382229,292.7446,586.77,439.7573,0.0,0.8845,0.6846,43,1.405,294.9910611189507,292.3244,587.1131,439.7188,0.025,0.7894,0.8047,43,1.405,295.0615473875115,292.2465,587.1131,439.6798,0.0,0.8929,0.8047,43,1.405,294.20217058879416,292.7552,586.6976,439.7264,0.05,0.7723,0.6497,43,1.405
294.4570755380855,293.4942,587.6576,440.5759,0.0417,0.727,0.8724,44,1.4383333333333335,294.43531274289666,293.5281,587.6576,440.5929,0.0,0.7257,0.8724,44,1.4383333333333335,295.87637363307107,292.6835,588.2025,440.443,0.05,0.5248,0.9253,44,1.4383333333333335,295.78750243521745,292.7548,588.2025,440.4786,0.0,0.6113,0.9253,44,1.4383333333333335,294.4570755380855,293.4942,587.6576,440.5759,0.0417,0.727,0.8724,44,1.4383333333333335
293.667508911087,295.3577,588.5074,441.9325,0.0417,0.6522,0.6995,45,1.4716666666666667,293.70635856864544,295.325,588.6199,441.9725,0.0,0.7767,0.7972,45,1.4716666666666667,294.7129860487413,294.706,588.9285,441.8172,0.0333,0.7666,0.8209,45,1.4716666666666667,294.81525696838344,294.6379,589.0605,441.8492,0.0,0.7872,0.8698,45,1.4716666666666667,293.667508911087,295.3577,588.5074,441.9325,0.0417,0.6522,0.6995,45,1.4716666666666667
293.54596932044456,295.0496,588.2091,441.6293,0.025,0.79,0.8517,46,1.5133333333333334,293.5027439568517,295.0739,588.2091,441.6415,0.0,0.8265,0.8517,46,1.5133333333333334,294.55995142284223,294.4341,588.6334,441.5338,0.0167,0.8249,0.7512,46,1.5133333333333334,294.55889784031933,294.4262,588.6334,441.5298,0.0,0.869,0.7512,46,1.5133333333333334,293.54596932044456,295.0496,588.2091,441.6293,0.025,0.79,0.8517,46,1.5133333333333334
293.7117444980658,294.336,587.7949,441.0654,0.025,0.7316,0.8464,47,1.5383333333333333,293.6766462684177,294.356,587.7949,441.0754,0.0,0.755,0.8464,47,1.5383333333333333,294.80325442038975,293.6929,588.2563,440.9746,0.025,0.7503,0.8663,47,1.5383333333333333,294.7975738877053,293.6813,588.2519,440.9666,0.0,0.7536,0.8779,47,1.5383333333333333,293.7117444980658,294.336,587.7949,441.0654,0.025,0.7316,0.8464,47,1.5383333333333333
293.8782523691017,293.6544,587.3739,440.5142,0.0417,0.861,0.7548,48,1.5716666666666668,293.830558516681,293.612,587.2266,440.4193,0.0,0.9172,0.7386,48,1.5716666666666668,294.8316942262237,293.0419,587.685,440.3635,0.025,0.814,0.7689,48,1.5716666666666668,294.81054846432926,293.0226,587.6254,440.324,0.0,0.875,0.757,48,1.5716666666666668,293.8782523691017,293.6544,587.3739,440.5142,0.0417,0.861,0.7548,48,1.5716666666666668
294.17974790105256,292.9624,586.9327,439.9475,0.0333,0.7769,0.8057,49,1.6050000000000002,294.0880122562579,293.034,586.9327,439.9834,0.0,0.8403,0.8057,49,1.6050000000000002,294.8036704891356,292.6722,587.2954,439.9838,0.0083,0.8827,0.8948,49,1.6050000000000002,294.87432321192637,292.5982,587.2954,439.9468,0.0,0.903,0.8948,49,1.6050000000000002,294.17974790105256,292.9624,586.9327,439.9475,0.0333,0.7769,0.8057,49,1.6050000000000002
294.1057016049556,292.9522,586.8456,439.8989,0.0167,0.8885,0.8128,50,1.6383333333333334,294.1219432865143,292.9253,586.8456,439.8855,0.0,0.9275,0.8128,50,1.6383333333333334,294.8700051109963,292.5349,587.2127,439.8738,0.0083,1.0243,0.9082,50,1.6383333333333334,294.940100627803,292.4615,587.2127,439.8371,0.0,1.0404,0.9082,50,1.6383333333333334,294.1057016049556,292.9522,586.8456,439.8989,0.0167,0.8885,0.8128,50,1.6383333333333334
294.1197334612882,292.9373,586.8452,439.8913,0.0167,0.9312,0.8228,51,1.671666666666667,294.1352743935581,292.9112,586.8452,439.8782,0.0,0.8814,0.8228,51,1.671666666666667,294.8779467666483,292.5281,587.2124,439.8702,0.0083,1.023,0.861,51,1.671666666666667,294.9479259579268,292.4548,587.2124,439.8336,0.0,0.9978,0.861,51,1.671666666666667,294.1197334612882,292.9373,586.8452,439.8913,0.0167,0.9312,0.8228,51,1.671666666666667
294.1945148316164,292.8625,586.8435,439.853,0.025,0.8293,0.8256,52,1.705,294.15265704116973,292.8886,586.8435,439.8661,0.0,0.8703,0.8256,52,1.705,294.8903831325151,292.5072,587.2096,439.8584,0.0083,1.0116,0.9157,52,1.705,294.95898446551575,292.4343,587.2096,439.822,0.0,0.9548,0.9157,52,1.705,294.1945148316164,292.8625,586.8435,439.853,0.025,0.8293,0.8256,52,1.705
294.19653348434247,292.8573,586.8397,439.8485,0.025,0.8306,0.8294,53,1.7383333333333335,294.1542354418365,292.8838,586.8397,439.8618,0.0,0.8565,0.8294,53,1.7383333333333335,294.9056823054319,292.4996,587.214,439.8568,0.0083,0.9958,0.915,53,1.7383333333333335,294.9733337109627,292.427,587.214,439.8205,0.0,0.9666,0.915,53,1.7383333333333335,294.19653348434247,292.8573,586.8397,439.8485,0.025,0.8306,0.8294,53,1.7383333333333335
294.1037140669744,292.9885,586.9391,439.9638,0.0333,0.8032,0.7886,54,1.7733333333333334,294.1513297440592,292.897,586.8506,439.8738,0.0,0.8978,0.7071,54,1.7733333333333334,295.0291632037121,292.3438,587.1282,439.736,0.025,0.8673,0.9408,54,1.7733333333333334,295.0744402303328,292.3236,587.2089,439.7662,0.0,0.7763,0.9178,54,1.7733333333333334,294.1037140669744,292.9885,586.9391,439.9638,0.0333,0.8032,0.7886,54,1.7733333333333334
294.2004470505327,292.9007,586.9421,439.9214,0.0333,0.8091,0.7836,55,1.8050000000000002,294.24583644069577,292.8116,586.8536,439.8326,0.0,0.858,0.7075,55,1.8050000000000002,295.02828341957434,292.3434,587.1273,439.7354,0.025,0.8674,0.9514,55,1.8050000000000002,295.0735795723591,292.3231,587.2079,439.7655,0.0,0.7831,0.9083,55,1.8050000000000002,294.2004470505327,292.9007,586.9421,439.9214,0.0333,0.8091,0.7836,55,1.8050000000000002
294.32104035291877,292.7791,586.9196,439.8493,0.0417,0.7736,0.8243,56,1.8383333333333334,294.2401015974775,292.799,586.8323,439.8157,0.0,0.8018,0.7045,56,1.8383333333333334,295.03124719745324,292.3342,587.1177,439.726,0.025,0.8587,0.9146,56,1.8383333333333334,295.07708014715536,292.3145,587.2,439.7573,0.0,0.7234,0.9376,56,1.8383333333333334,294.32104035291877,292.7791,586.9196,439.8493,0.0417,0.7736,0.8243,56,1.8383333333333334
294.32082114256866,292.7678,586.9083,439.838,0.0417,0.7888,0.8632,57,1.8716666666666668,294.2386692976023,292.7886,586.8208,439.8047,0.0,0.7909,0.7661,57,1.8716666666666668,295.02494931712147,292.3283,587.1052,439.7168,0.025,0.877,0.8732,57,1.8716666666666668,295.06866775512367,292.3093,587.1868,439.7481,0.0,0.7731,0.8958,57,1.8716666666666668,294.32082114256866,292.7678,586.9083,439.838,0.0417,0.7888,0.8632,57,1.8716666666666668
294.1858218643109,292.8526,586.8405,439.8466,0.0333,0.8026,0.8006,58,1.905,294.13809577100005,292.8637,586.7996,439.8316,0.0,0.8516,0.7888,58,1.905,295.0167131986775,292.337,587.1021,439.7195,0.025,0.8279,0.8795,58,1.905,295.0629029483364,292.316,587.1833,439.7496,0.0,0.7773,0.9078,58,1.905,294.1858218643109,292.8526,586.8405,439.8466,0.0333,0.8026,0.8006,58,1.905
294.17213534870956,292.841,586.7962,439.8186,0.025,0.7845,0.8054,59,1.9383333333333335,294.1456966193856,292.8523,586.7962,439.8242,0.0,0.7824,0.8054,59,1.9383333333333335,295.10915673369533,292.2735,587.1795,439.7265,0.025,0.81,1.0477,59,1.9383333333333335,295.0689874570352,292.3036,587.1795,439.7416,0.0,0.8052,1.0477,59,1.9383333333333335,294.17213534870956,292.841,586.7962,439.8186,0.025,0.7845,0.8054,59,1.9383333333333335
294.1710819968488,292.8417,586.7937,439.8177,0.025,0.795,0.7953,60,1.971666666666667,294.1443105832956,292.8533,586.7937,439.8235,0.0,0.8016,0.7953,60,1.971666666666667,295.00892634563843,292.3226,587.1304,439.7265,0.0167,0.8357,0.9212,60,1.971666666666667,295.0230339948293,292.3018,587.1304,439.7161,0.0,0.819,0.9212,60,1.971666666666667,294.1710819968488,292.8417,586.7937,439.8177,0.025,0.795,0.7953,60,1.971666666666667
294.46178357255906,293.8607,588.0408,440.9507,0.0167,0.8503,0.9521,61,2.0133333333333336,294.4816032486784,293.831,588.0408,440.9359,0.0,0.8755,0.9521,61,2.0133333333333336,295.7985706791334,292.9824,588.5235,440.7529,0.0417,0.6891,1.0635,61,2.0133333333333336,295.82194839446436,292.9561,588.5235,440.7398,0.0,0.7181,1.0635,61,2.0133333333333336,294.46178357255906,293.8607,588.0408,440.9507,0.0167,0.8503,0.9521,61,2.0133333333333336
293.53524718742426,295.7794,588.9526,442.366,0.0083,0.9401,0.8229,62,2.0383333333333336,293.6079747912149,295.7021,588.9526,442.3274,0.0,0.8771,0.8229,62,2.0383333333333336,294.7275311462479,295.0438,589.4147,442.2292,0.0333,0.7074,1.1531,62,2.0383333333333336,294.8185989546723,294.9414,589.4147,442.178,0.0,0.7356,1.1531,62,2.0383333333333336,293.53524718742426,295.7794,588.9526,442.366,0.0083,0.9401,0.8229,62,2.0383333333333336
293.2918137624948,295.278,588.2385,441.7583,0.0417,0.842,0.7341,63,2.0716666666666668,293.36828082177675,295.2457,588.3057,441.7757,0.0,0.9087,0.7538,63,2.0716666666666668,294.5067632915087,294.5651,588.7691,441.6671,0.0083,0.8095,1.0231,63,2.0716666666666668,294.5703243224781,294.4964,588.7691,441.6327,0.0,0.9036,1.0231,63,2.0716666666666668,293.2918137624948,295.278,588.2385,441.7583,0.0417,0.842,0.7341,63,2.0716666666666668
293.6609270805579,294.0389,587.447,440.7429,0.0083,0.9145,0.9921,64,2.106666666666667,293.7367870502396,293.9583,587.447,440.7026,0.0,0.9806,0.9921,64,2.106666666666667,294.61570192774514,293.3629,587.7697,440.5663,0.0167,0.8366,0.8894,64,2.106666666666667,294.6222037980202,293.3501,587.7697,440.5599,0.0,0.9136,0.8894,64,2.106666666666667,293.6609270805579,294.0389,587.447,440.7429,0.0083,0.9145,0.9921,64,2.106666666666667
293.97087842065014,293.2672,587.0461,440.1567,0.0417,0.776,0.7685,65,2.14,293.90316002256895,293.276,586.9624,440.1192,0.0,0.832,0.805,65,2.14,294.89005428773453,292.7378,587.4427,440.0903,0.0417,0.732,0.8967,65,2.14,294.94971233560904,292.6573,587.3985,440.0279,0.0,0.8134,0.9109,65,2.14,293.97087842065014,293.2672,587.0461,440.1567,0.0417,0.776,0.7685,65,2.14
294.1515168955595,292.8686,586.7805,439.8246,0.025,0.8193,0.7587,66,2.171666666666667,294.1128611747147,292.8917,586.7805,439.8361,0.0,0.856,0.7587,66,2.171666666666667,294.925232640451,292.4412,587.1552,439.7982,0.0083,0.9286,0.8665,66,2.171666666666667,294.99347749547894,292.3692,587.1552,439.7622,0.0,0.8961,0.8665,66,2.171666666666667,294.1515168955595,292.8686,586.7805,439.8246,0.025,0.8193,0.7587,66,2.171666666666667
294.2150327182827,292.8318,586.8545,439.8432,0.0417,0.8213,0.7952,67,2.205,294.1286450732572,292.8571,586.7667,439.8119,0.0,0.8041,0.7293,67,2.205,294.9640981616028,292.3672,587.1247,439.746,0.0167,0.8828,0.8172,67,2.205,294.9749581434462,292.3499,587.1247,439.7373,0.0,0.923,0.8172,67,2.205,294.2150327182827,292.8318,586.8545,439.8432,0.0417,0.8213,0.7952,67,2.205
294.2148413829081,292.8,586.8054,439.8027,0.0333,0.7684,0.7299,68,2.2416666666666667,294.156340905025,292.8207,586.7634,439.792,0.0,0.7647,0.7651,68,2.2416666666666667,294.98500505070183,292.3402,587.1224,439.7313,0.0167,0.8792,0.8201,68,2.2416666666666667,294.99872134047206,292.3198,587.1224,439.7211,0.0,0.8114,0.8201,68,2.2416666666666667,294.2148413829081,292.8,586.8054,439.8027,0.0333,0.7684,0.7299,68,2.2416666666666667
294.2180072554884,292.799,586.8065,439.8027,0.0333,0.7927,0.7245,69,2.271666666666667,294.15914791650755,292.82,586.7644,439.7922,0.0,0.7208,0.7702,69,2.271666666666667,294.98170798569276,292.3426,587.1212,439.7319,0.0167,0.8842,0.8251,69,2.271666666666667,294.9954828673549,292.3222,587.1212,439.7217,0.0,0.8164,0.8251,69,2.271666666666667,294.2180072554884,292.799,586.8065,439.8027,0.0333,0.7927,0.7245,69,2.271666666666667
294.27638181018364,292.7445,586.8063,439.7754,0.0417,0.7497,0.7316,70,2.305,294.1622789931745,292.8164,586.7644,439.7904,0.0,0.7244,0.7646,70,2.305,294.9883457820854,292.3413,587.1254,439.7333,0.0167,0.8668,0.8256,70,2.305,295.00182961110966,292.3212,587.1254,439.7233,0.0,0.7982,0.8256,70,2.305,294.27638181018364,292.7445,586.8063,439.7754,0.0417,0.7497,0.7316,70,2.305
294.2775431015431,292.7431,586.8065,439.7748,0.0417,0.7567,0.7185,71,2.345,294.1639220795787,292.8144,586.7644,439.7894,0.0,0.757,0.7781,71,2.345,294.98759447777184,292.3434,587.126,439.7347,0.0167,0.88,0.8437,71,2.345,295.00141166028925,292.323,587.126,439.7245,0.0,0.8422,0.8437,71,2.345,294.2775431015431,292.7431,586.8065,439.7748,0.0417,0.7567,0.7185,71,2.345
294.2760527410896,292.7447,586.8072,439.7759,0.0417,0.7549,0.7063,72,2.371666666666667,294.1625543399605,292.8159,586.7652,439.7905,0.0,0.7547,0.7788,72,2.371666666666667,295.00946985922974,292.343,587.1733,439.7581,0.025,0.8777,0.8438,72,2.371666666666667,294.99971621488334,292.3225,587.1248,439.7236,0.0,0.8403,0.8506,72,2.371666666666667,294.2760527410896,292.7447,586.8072,439.7759,0.0417,0.7549,0.7063,72,2.371666666666667
294.2257620822632,292.7893,586.807,439.7981,0.0333,0.7668,0.716,73,2.4050000000000002,294.16673814139125,292.8104,586.7651,439.7877,0.0,0.7808,0.7719,73,2.4050000000000002,294.95389604707765,292.3921,587.1717,439.7819,0.0167,0.9126,0.809,73,2.4050000000000002,295.0021971228386,292.3169,587.1233,439.7201,0.0,0.8489,0.8205,73,2.4050000000000002,294.2257620822632,292.7893,586.807,439.7981,0.0333,0.7668,0.716,73,2.4050000000000002
294.23413287803896,292.7185,586.7338,439.7261,0.025,0.8257,0.7534,74,2.45,294.1986928714538,292.7383,586.7338,439.7361,0.0,0.832,0.7534,74,2.45,294.9948675805326,292.3512,587.1427,439.7469,0.0083,0.9446,0.9226,74,2.45,295.063634725728,292.2768,587.1427,439.7098,0.0,0.8983,0.9226,74,2.45,294.23413287803896,292.7185,586.7338,439.7261,0.025,0.8257,0.7534,74,2.45
294.2338092590146,292.7256,586.7373,439.7314,0.025,0.7714,0.7376,75,2.48,294.19964355011865,292.7441,586.7373,439.7407,0.0,0.8318,0.7376,75,2.48,294.99554780104677,292.3538,587.1436,439.7487,0.0083,0.9241,0.9091,75,2.48,295.0650688108809,292.2786,587.1436,439.7111,0.0,0.8633,0.9091,75,2.48,294.2338092590146,292.7256,586.7373,439.7314,0.025,0.7714,0.7376,75,2.48
294.23364718845255,292.725,586.7376,439.7313,0.025,0.7792,0.7544,76,2.5133333333333336,294.1993545943085,292.7437,586.7376,439.7406,0.0,0.8308,0.7544,76,2.5133333333333336,294.9974005865915,292.3524,587.1445,439.7484,0.0083,0.929,0.9072,76,2.5133333333333336,295.0666146965235,292.2775,587.1445,439.711,0.0,0.87,0.9072,76,2.5133333333333336,294.23364718845255,292.725,586.7376,439.7313,0.025,0.7792,0.7544,76,2.5133333333333336
294.3267021595227,292.861,587.0441,439.9525,0.05,0.7789,0.8297,77,2.5500000000000003,294.2805930445819,292.8856,586.9963,439.941,0.0,0.9001,0.7988,77,2.5500000000000003,295.0726666528813,292.4888,587.3984,439.9436,0.0083,0.9809,0.8708,77,2.5500000000000003,295.1387437648589,292.4173,587.3984,439.9079,0.0,0.9876,0.8708,77,2.5500000000000003,294.3267021595227,292.861,587.0441,439.9525,0.05,0.7789,0.8297,77,2.5500000000000003
294.47281549438446,293.9776,588.1545,441.066,0.025,0.7827,0.8812,78,2.58,294.4302770570436,294.0049,588.1545,441.0797,0.0,0.8809,0.8812,78,2.58,295.5233952727522,293.328,588.5583,440.9431,0.025,0.8027,0.9072,78,2.58,295.46778524226545,293.3689,588.5583,440.9636,0.0,0.8662,0.9072,78,2.58,294.47281549438446,293.9776,588.1545,441.066,0.025,0.7827,0.8812,78,2.58
293.6187848674431,295.5921,588.814,442.2031,0.025,0.7046,0.9076,79,2.605,293.58499363695535,295.6092,588.814,442.2116,0.0,0.7644,0.9076,79,2.605,294.72332928172,294.9055,589.2534,442.0795,0.0167,0.7082,0.8839,79,2.605,294.7228879839689,294.8956,589.2534,442.0745,0.0,0.7038,0.8839,79,2.605,293.6187848674431,295.5921,588.814,442.2031,0.025,0.7046,0.9076,79,2.605
293.42791114388797,295.0998,588.1865,441.6432,0.025,0.8608,0.8472,80,2.6483333333333334,293.3927232768951,295.1196,588.1865,441.6531,0.0,0.9351,0.8472,80,2.6483333333333334,294.54424783002844,294.4239,588.6108,441.5174,0.0167,0.7068,0.8473,80,2.6483333333333334,294.5443208956335,294.4116,588.6108,441.5112,0.0,0.8721,0.8473,80,2.6483333333333334,293.42791114388797,295.0998,588.1865,441.6432,0.025,0.8608,0.8472,80,2.6483333333333334
293.6585374723958,293.9208,587.3076,440.6142,0.0333,0.7883,0.8205,81,2.68,293.5648083248692,293.9949,587.3076,440.6513,0.0,0.8314,0.8205,81,2.68,294.6525434195112,293.2875,587.7021,440.4948,0.0167,0.8251,0.8967,81,2.68,294.65669374727815,293.2752,587.7021,440.4887,0.0,0.8452,0.8967,81,2.68,293.6585374723958,293.9208,587.3076,440.6142,0.0333,0.7883,0.8205,81,2.68
293.89496191199373,293.2641,586.9373,440.1007,0.0167,0.8845,0.8539,82,2.705,293.91999199867746,293.2289,586.9373,440.0831,0.0,0.896,0.8539,82,2.705,294.90951777523,292.6278,587.3339,439.9808,0.025,0.7942,0.8646,82,2.705,294.8655018897323,292.6618,587.3339,439.9979,0.0,0.8968,0.8646,82,2.705,293.89496191199373,293.2641,586.9373,440.1007,0.0167,0.8845,0.8539,82,2.705
294.187871424854,292.8668,586.8246,439.8457,0.025,0.8598,0.8209,83,2.75,294.13979730906,292.8987,586.8246,439.8617,0.0,0.9087,0.8209,83,2.75,295.02582036692706,292.3473,587.1201,439.7337,0.0333,0.7614,0.8106,83,2.75,295.0102793298918,292.385,587.207,439.796,0.0,0.7688,0.8082,83,2.75,294.187871424854,292.8668,586.8246,439.8457,0.025,0.8598,0.8209,83,2.75
294.16730304747125,292.7682,586.7073,439.7377,0.0667,0.7359,0.66,84,2.7800000000000002,294.1694975978935,292.8662,586.8254,439.8458,0.0,0.7581,0.6703,84,2.7800000000000002,295.11133591317684,292.2921,587.1757,439.7339,0.0333,0.7587,0.7547,84,2.7800000000000002,295.054800536473,292.3411,587.1757,439.7584,0.0,0.7479,0.7547,84,2.7800000000000002,294.16730304747125,292.7682,586.7073,439.7377,0.0667,0.7359,0.66,84,2.7800000000000002
294.29249473183773,292.7685,586.8243,439.7964,0.0417,0.7645,0.7192,85,2.805,294.1690590186164,292.8664,586.8243,439.8454,0.0,0.7955,0.7192,85,2.805,295.11254046717943,292.2918,587.176,439.7339,0.0333,0.7523,0.7556,85,2.805,295.05599318519853,292.3408,587.176,439.7584,0.0,0.7482,0.7556,85,2.805,294.29249473183773,292.7685,586.8243,439.7964,0.0417,0.7645,0.7192,85,2.805
294.2822967172987,292.7761,586.8226,439.7994,0.0417,0.6943,0.776,86,2.8383333333333334,294.160159097323,292.8727,586.8226,439.8477,0.0,0.7835,0.776,86,2.8383333333333334,294.95566380372657,292.4512,587.2111,439.8311,0.0333,0.7055,0.8298,86,2.8383333333333334,295.043054820455,292.3455,587.1684,439.7569,0.0,0.7266,0.7632,86,2.8383333333333334,294.2822967172987,292.7761,586.8226,439.7994,0.0417,0.6943,0.776,86,2.8383333333333334
294.3085959094765,292.778,586.8716,439.8248,0.05,0.7313,0.7629,87,2.8733333333333335,294.16783569174027,292.8734,586.8313,439.8523,0.0,0.7441,0.7454,87,2.8733333333333335,295.1222550448456,292.2927,587.185,439.7388,0.0333,0.7193,0.8643,87,2.8733333333333335,295.06605734190964,292.3412,587.185,439.7631,0.0,0.7508,0.8643,87,2.8733333333333335,294.3085959094765,292.778,586.8716,439.8248,0.05,0.7313,0.7629,87,2.8733333333333335
294.32791166209427,292.7788,586.9121,439.8455,0.0583,0.7434,0.7283,88,2.9050000000000002,294.1650859982613,292.8742,586.8295,439.8518,0.0,0.742,0.7446,88,2.9050000000000002,295.1239494759278,292.2931,587.1867,439.7399,0.0333,0.7194,0.8666,88,2.9050000000000002,295.06769282538284,292.3417,587.1867,439.7642,0.0,0.752,0.8666,88,2.9050000000000002,294.32791166209427,292.7788,586.9121,439.8455,0.0583,0.7434,0.7283,88,2.9050000000000002
294.3294767841657,292.7797,586.9139,439.8468,0.0583,0.7408,0.7133,89,2.9383333333333335,294.1668438292886,292.875,586.8313,439.8532,0.0,0.7437,0.749,89,2.9383333333333335,295.12376323845626,292.2932,587.1866,439.7399,0.0333,0.7194,0.8673,89,2.9383333333333335,295.0686990142825,292.3408,587.1866,439.7637,0.0,0.7538,0.8673,89,2.9383333333333335,294.3294767841657,292.7797,586.9139,439.8468,0.0583,0.7408,0.7133,89,2.9383333333333335
294.32745777390284,292.78,586.9124,439.8462,0.0583,0.7249,0.7462,90,2.9716666666666667,294.16452176255336,292.8755,586.8298,439.8526,0.0,0.7407,0.7509,90,2.9716666666666667,295.122064540993,292.2933,587.1854,439.7394,0.0333,0.7192,0.8564,90,2.9716666666666667,295.0671534150792,292.3407,587.1854,439.763,0.0,0.7527,0.8564,90,2.9716666666666667,294.32745777390284,292.78,586.9124,439.8462,0.0583,0.7249,0.7462,90,2.9716666666666667
294.3292467283739,292.7809,586.9143,439.8476,0.0583,0.7414,0.7663,91,3.0133333333333336,294.1667223872179,292.8761,586.8319,439.854,0.0,0.7333,0.7505,91,3.0133333333333336,295.12096946465573,292.2932,587.1841,439.7387,0.0333,0.7196,0.8581,91,3.0133333333333336,295.06589070320115,292.3408,587.1841,439.7625,0.0,0.7549,0.8581,91,3.0133333333333336,294.3292467283739,292.7809,586.9143,439.8476,0.0583,0.7414,0.7663,91,3.0133333333333336
293.9987821479392,293.144,586.9612,440.0526,0.0083,1.0008,0.9115,92,3.0383333333333336,294.07622949946597,293.0629,586.9612,440.0121,0.0,0.9412,0.9115,92,3.0383333333333336,295.1176387637428,292.387,587.3171,439.852,0.0417,0.6104,1.0803,92,3.0383333333333336,294.99753707676484,292.4966,587.3171,439.9068,0.0,0.7115,1.0803,92,3.0383333333333336,293.9987821479392,293.144,586.9612,440.0526,0.0083,1.0008,0.9115,92,3.0383333333333336
294.0095103167089,293.1287,586.9573,440.043,0.0083,0.9603,0.8936,93,3.0716666666666668,294.08629758545317,293.0483,586.9573,440.0028,0.0,0.9223,0.8936,93,3.0716666666666668,295.0139722662146,292.4952,587.3141,439.9046,0.05,0.6223,1.0504,93,3.0716666666666668,295.0006056249431,292.4902,587.3141,439.9021,0.0,0.6989,1.0504,93,3.0716666666666668,294.0095103167089,293.1287,586.9573,440.043,0.0083,0.9603,0.8936,93,3.0716666666666668
294.3207952974761,292.781,586.8833,439.8322,0.0333,0.7568,0.8227,94,3.105,294.2197169750914,292.8617,586.8833,439.8725,0.0,0.7711,0.8227,94,3.105,295.0202297533763,292.4249,587.1843,439.8046,0.025,0.8304,0.8765,94,3.105,295.0694313749625,292.4041,587.2707,439.8374,0.0,0.8558,0.9304,94,3.105,294.3207952974761,292.781,586.8833,439.8322,0.0333,0.7568,0.8227,94,3.105
294.52642813254323,293.0483,587.2262,440.1373,0.05,0.7792,0.6875,95,3.1383333333333336,294.50458775999806,293.1239,587.3675,440.2457,0.0,0.8565,0.7587,95,3.1383333333333336,295.49297614846137,292.6161,587.8386,440.2273,0.025,0.7297,0.9853,95,3.1383333333333336,295.4488968842086,292.6451,587.8386,440.2418,0.0,0.7418,0.9853,95,3.1383333333333336,294.52642813254323,293.0483,587.2262,440.1373,0.05,0.7792,0.6875,95,3.1383333333333336
293.80237167990646,295.0906,588.4196,441.7551,0.0333,0.7359,0.7638,96,3.171666666666667,293.80189313564745,295.1076,588.5282,441.8179,0.0,0.8622,0.7818,96,3.171666666666667,294.9199631103769,294.4827,588.9886,441.7356,0.0167,0.7874,1.0422,96,3.171666666666667,294.9248151114268,294.465,588.9886,441.7268,0.0,0.78,1.0422,96,3.171666666666667,293.80237167990646,295.0906,588.4196,441.7551,0.0333,0.7359,0.7638,96,3.171666666666667
293.5037594051488,295.0923,588.2091,441.6507,0.0333,0.6333,0.8581,97,3.205,293.4281244508786,295.1465,588.2091,441.6778,0.0,0.7476,0.8581,97,3.205,294.5328978557062,294.5269,588.6744,441.6007,0.0167,0.7407,1.0576,97,3.205,294.5350674571294,294.5132,588.6744,441.5938,0.0,0.7641,1.0576,97,3.205,293.5037594051488,295.0923,588.2091,441.6507,0.0333,0.6333,0.8581,97,3.205
293.6372896035409,294.1476,587.5061,440.8268,0.0333,0.7496,0.8163,98,3.2383333333333337,293.5505159064397,294.2158,587.5061,440.8609,0.0,0.772,0.8163,98,3.2383333333333337,294.7088385514892,293.5314,587.9786,440.755,0.0333,0.7008,1.1242,98,3.2383333333333337,294.70952365470396,293.5229,587.9786,440.7507,0.0,0.695,1.1242,98,3.2383333333333337,293.6372896035409,294.1476,587.5061,440.8268,0.0333,0.7496,0.8163,98,3.2383333333333337
293.7332751142004,293.4022,586.8549,440.1285,0.025,0.8966,0.6897,99,3.271666666666667,293.7791691329284,293.3766,586.9322,440.1544,0.0,0.8492,0.7317,99,3.271666666666667,294.89122013754076,292.7647,587.4121,440.0884,0.0333,0.6819,1.2255,99,3.271666666666667,294.90239115625127,292.7433,587.4121,440.0777,0.0,0.7938,1.2255,99,3.271666666666667,293.7332751142004,293.4022,586.8549,440.1285,0.025,0.8966,0.6897,99,3.271666666666667
294.2775945001707,292.7615,586.8226,439.7921,0.0583,0.6242,0.7931,100,3.3033333333333337,294.0376592016233,292.9475,586.7814,439.8644,0.0,0.809,0.7909,100,3.3033333333333337,294.90646822379387,292.5044,587.2171,439.8608,0.0083,0.9153,0.967,100,3.3033333333333337,294.9756673768119,292.4319,587.2171,439.8245,0.0,0.9059,0.967,100,3.3033333333333337,294.2775945001707,292.7615,586.8226,439.7921,0.0583,0.6242,0.7931,100,3.3033333333333337
294.3177993009366,292.6759,586.7408,439.7083,0.0583,0.7028,0.6961,101,3.3383333333333334,294.1765302901359,292.8002,586.7694,439.7848,0.0,0.7435,0.7624,101,3.3383333333333334,295.1229179218145,292.2788,587.1978,439.7383,0.025,0.7882,0.8785,101,3.3383333333333334,295.07917114234294,292.3101,587.1978,439.7539,0.0,0.8664,0.8785,101,3.3383333333333334,294.3177993009366,292.6759,586.7408,439.7083,0.0583,0.7028,0.6961,101,3.3383333333333334
294.36438009267545,292.6657,586.8097,439.7377,0.0667,0.6958,0.7921,102,3.371666666666667,294.1791576900559,292.8005,586.7683,439.7844,0.0,0.7385,0.7604,102,3.371666666666667,295.11698206212895,292.2836,587.1947,439.7392,0.025,0.8669,0.9641,102,3.371666666666667,295.0748147559063,292.3155,587.1947,439.7551,0.0,0.9062,0.9641,102,3.371666666666667,294.36438009267545,292.6657,586.8097,439.7377,0.0667,0.6958,0.7921,102,3.371666666666667
294.2306717713094,292.7525,586.7559,439.7542,0.0417,0.7214,0.7892,103,3.4050000000000002,294.1832444901179,292.7829,586.7559,439.7694,0.0,0.7758,0.7892,103,3.4050000000000002,294.9915738242055,292.3601,587.1612,439.7607,0.0167,0.8872,0.936,103,3.4050000000000002,295.0070051654134,292.3378,587.1612,439.7495,0.0,0.9518,0.936,103,3.4050000000000002,294.2306717713094,292.7525,586.7559,439.7542,0.0417,0.7214,0.7892,103,3.4050000000000002
294.3091906204628,292.7062,586.7965,439.7514,0.025,0.8081,0.7446,104,3.441666666666667,294.2752280822835,292.7246,586.7965,439.7606,0.0,0.868,0.7446,104,3.441666666666667,295.14763720569357,292.2213,587.1615,439.6914,0.025,0.8673,0.8595,104,3.441666666666667,295.10350888190624,292.2505,587.1615,439.706,0.0,0.7433,0.8595,104,3.441666666666667,294.3091906204628,292.7062,586.7965,439.7514,0.025,0.8081,0.7446,104,3.441666666666667
294.30964563669136,292.7066,586.797,439.7518,0.025,0.8074,0.733,105,3.4716666666666667,294.27565531627505,292.725,586.797,439.761,0.0,0.8649,0.733,105,3.4716666666666667,295.14810002891795,292.2215,587.1621,439.6918,0.025,0.8692,0.8593,105,3.4716666666666667,295.1041384541211,292.2505,587.1621,439.7063,0.0,0.7466,0.8593,105,3.4716666666666667,294.30964563669136,292.7066,586.797,439.7518,0.025,0.8074,0.733,105,3.4716666666666667
294.3874646024661,292.8067,586.9978,439.9023,0.0333,0.7828,0.7579,106,3.5133333333333336,294.29335972832666,292.8817,586.9978,439.9398,0.0,0.8144,0.7579,106,3.5133333333333336,295.248819386269,292.3538,587.421,439.8874,0.025,0.8776,0.9714,106,3.5133333333333336,295.2024391777227,292.3852,587.421,439.9031,0.0,0.8295,0.9714,106,3.5133333333333336,294.3874646024661,292.8067,586.9978,439.9023,0.0333,0.7828,0.7579,106,3.5133333333333336
294.2686851729386,292.9985,587.0668,440.0327,0.0417,0.755,0.814,107,3.5383333333333336,294.1215827624458,293.1209,587.0668,440.0939,0.0,0.8664,0.814,107,3.5383333333333336,295.0766413338134,292.6064,587.5007,440.0535,0.025,0.6804,0.8,107,3.5383333333333336,295.0300752341149,292.6381,587.5007,440.0694,0.0,0.8498,0.8,107,3.5383333333333336,294.2686851729386,292.9985,587.0668,440.0327,0.0417,0.755,0.814,107,3.5383333333333336
294.13007690561494,293.0509,586.9973,440.0241,0.0167,0.9368,0.7276,108,3.5733333333333337,294.1852576746612,292.9696,586.9576,439.9636,0.0,0.9063,0.7031,108,3.5733333333333337,295.00352342313863,292.501,587.2615,439.8812,0.025,0.8436,0.6005,108,3.5733333333333337,295.0521932890107,292.4807,587.3452,439.913,0.0,0.8535,0.7325,108,3.5733333333333337,294.13007690561494,293.0509,586.9973,440.0241,0.0167,0.9368,0.7276,108,3.5733333333333337
294.29349283841145,292.7185,586.7781,439.7483,0.0333,0.7919,0.7488,109,3.6050000000000004,294.2027170836802,292.7873,586.7781,439.7827,0.0,0.8566,0.7488,109,3.6050000000000004,295.01380601581604,292.3305,587.1678,439.7492,0.025,0.8553,0.7046,109,3.6050000000000004,295.00224166583666,292.312,587.1216,439.7168,0.0,0.895,0.7969,109,3.6050000000000004,294.29349283841145,292.7185,586.7781,439.7483,0.0333,0.7919,0.7488,109,3.6050000000000004
294.3116163254606,292.7008,586.7797,439.7402,0.0333,0.7237,0.7455,110,3.6383333333333336,294.2178819354665,292.7722,586.7797,439.7759,0.0,0.8264,0.7455,110,3.6383333333333336,295.0298733669247,292.313,587.1695,439.7413,0.025,0.8731,0.7013,110,3.6383333333333336,295.0172831920306,292.2945,587.1228,439.7086,0.0,0.8487,0.7964,110,3.6383333333333336,294.3116163254606,292.7008,586.7797,439.7402,0.0333,0.7237,0.7455,110,3.6383333333333336
294.272710710596,292.7341,586.7804,439.7572,0.025,0.7984,0.7401,111,3.6750000000000003,294.23109960556246,292.7592,586.7804,439.7698,0.0,0.8414,0.7401,111,3.6750000000000003,295.03762487731,292.3057,587.1689,439.7373,0.025,0.883,0.7046,111,3.6750000000000003,295.02495931223484,292.2871,587.1228,439.7049,0.0,0.8735,0.7969,111,3.6750000000000003,294.272710710596,292.7341,586.7804,439.7572,0.025,0.7984,0.7401,111,3.6750000000000003
294.32825475743186,293.382,587.4303,440.4061,0.0667,0.8568,0.7334,112,3.705,294.37538731992834,293.3879,587.4924,440.4402,0.0,0.8664,0.8069,112,3.705,295.45545032481897,292.764,587.9382,440.3511,0.0167,0.7886,0.8718,112,3.705,295.4693953940741,292.7402,587.9382,440.3392,0.0,0.8419,0.8718,112,3.705,294.32825475743186,293.382,587.4303,440.4061,0.0667,0.8568,0.7334,112,3.705
293.78664454463683,295.1946,588.5557,441.8752,0.025,0.6932,0.7619,113,3.736666666666667,293.74271550639935,295.2187,588.5557,441.8872,0.0,0.8588,0.7619,113,3.736666666666667,294.8034165179341,294.6004,588.9904,441.7954,0.025,0.7531,0.9347,113,3.736666666666667,294.851350548541,294.5447,588.9904,441.7676,0.0,0.801,0.9347,113,3.736666666666667,293.78664454463683,295.1946,588.5557,441.8752,0.025,0.6932,0.7619,113,3.736666666666667
293.33752673992683,295.2074,588.1945,441.7009,0.0083,0.92,0.9042,114,3.7800000000000002,293.40937268775417,295.1311,588.1945,441.6628,0.0,0.8706,0.9042,114,3.7800000000000002,294.5242695933397,294.5029,588.6608,441.5818,0.0167,0.8296,1.1095,114,3.7800000000000002,294.5247619564601,294.4906,588.6608,441.5757,0.0,0.8725,1.1095,114,3.7800000000000002,293.33752673992683,295.2074,588.1945,441.7009,0.0083,0.92,0.9042,114,3.7800000000000002
293.6581581177788,294.0361,587.4487,440.7424,0.0333,0.8117,0.7584,115,3.8133333333333335,293.5948095835127,294.056,587.3942,440.7251,0.0,0.7751,0.8561,115,3.8133333333333335,294.6656098454621,293.4129,587.811,440.612,0.0333,0.651,0.9943,115,3.8133333333333335,294.6770364337555,293.3905,587.811,440.6008,0.0,0.6928,0.9943,115,3.8133333333333335,293.6581581177788,294.0361,587.4487,440.7424,0.0333,0.8117,0.7584,115,3.8133333333333335
293.8583129698702,293.2632,586.9196,440.0914,0.0333,0.8557,0.7384,116,3.8383333333333334,293.8108081513783,293.275,586.8824,440.0787,0.0,0.8044,0.6863,116,3.8383333333333334,294.9455655005607,292.573,587.3037,439.9383,0.0333,0.5764,0.9625,116,3.8383333333333334,294.8481438262232,292.6557,587.3037,439.9797,0.0,0.6404,0.9625,116,3.8383333333333334,293.8583129698702,293.2632,586.9196,440.0914,0.0333,0.8557,0.7384,116,3.8383333333333334
293.97346065760723,292.9154,586.6279,439.7717,0.0333,0.9021,0.6889,117,3.881666666666667,294.06175586494936,292.8885,586.7465,439.8175,0.0,0.8857,0.727,117,3.881666666666667,294.87749240161855,292.4087,587.0882,439.7484,0.05,0.6208,0.8212,117,3.881666666666667,294.9806872981959,292.3888,587.1639,439.7763,0.0,0.7003,0.7812,117,3.881666666666667,293.97346065760723,292.9154,586.6279,439.7717,0.0333,0.9021,0.6889,117,3.881666666666667
294.0010646492466,292.8917,586.6296,439.7606,0.0333,0.8596,0.7275,118,3.9133333333333336,294.09489342130536,292.8591,586.7495,439.8043,0.0,0.8821,0.7731,118,3.9133333333333336,294.9381734109676,292.3369,587.0763,439.7066,0.0417,0.665,0.8572,118,3.9133333333333336,294.98978706056323,292.3658,587.1524,439.7591,0.0,0.7004,0.8254,118,3.9133333333333336,294.0010646492466,292.8917,586.6296,439.7606,0.0333,0.8596,0.7275,118,3.9133333333333336
294.011035334339,292.8769,586.6252,439.7511,0.0333,0.9278,0.7226,119,3.9383333333333335,294.10432138920805,292.845,586.7457,439.7954,0.0,0.9248,0.7233,119,3.9383333333333335,294.99190204822384,292.3282,587.1129,439.7206,0.0333,0.7917,0.7793,119,3.9383333333333335,294.99725364206364,292.3577,587.1508,439.7542,0.0,0.7561,0.8317,119,3.9383333333333335,294.011035334339,292.8769,586.6252,439.7511,0.0333,0.9278,0.7226,119,3.9383333333333335
294.067764776697,292.8193,586.6205,439.7199,0.0417,0.8432,0.633,120,3.9833333333333334,294.1021969168896,292.8409,586.7402,439.7906,0.0,0.9349,0.6711,120,3.9833333333333334,295.0274457280567,292.3179,587.133,439.7254,0.0333,0.7848,0.7907,120,3.9833333333333334,295.03096980513965,292.3482,587.1688,439.7585,0.0,0.7649,0.8336,120,3.9833333333333334,294.067764776697,292.8193,586.6205,439.7199,0.0417,0.8432,0.633,120,3.9833333333333334
294.14904562141385,293.0256,587.0339,440.0297,0.0417,0.7769,0.7661,121,4.013333333333334,294.0775700758962,293.0377,586.9526,439.9951,0.0,0.8753,0.6559,121,4.013333333333334,295.0805715261116,292.4412,587.4034,439.9223,0.0583,0.7273,0.822,121,4.013333333333334,295.0806647593738,292.4739,587.3878,439.9308,0.0,0.7386,0.8152,121,4.013333333333334,294.14904562141385,293.0256,587.0339,440.0297,0.0417,0.7769,0.7661,121,4.013333333333334
294.1211686379045,293.0087,586.9967,440.0027,0.0583,0.7517,0.7328,122,4.038333333333334,294.0313188608193,293.0777,586.9515,440.0146,0.0,0.7522,0.6618,122,4.038333333333334,295.00007957258435,292.477,587.3671,439.922,0.0833,0.6461,0.7231,122,4.038333333333334,295.0348647810978,292.5171,587.3904,439.9538,0.0,0.7694,0.8049,122,4.038333333333334,294.1211686379045,293.0087,586.9967,440.0027,0.0583,0.7517,0.7328,122,4.038333333333334
294.04769661883006,293.0477,586.9337,439.9907,0.0583,0.7076,0.6755,123,4.081666666666667,294.0407896378032,293.0702,586.9518,440.011,0.0,0.7737,0.6569,123,4.081666666666667,294.9944138315393,292.4829,587.3649,439.9239,0.0667,0.7294,0.7276,123,4.081666666666667,295.0315165640971,292.5232,587.3886,439.9559,0.0,0.7983,0.8068,123,4.081666666666667,294.04769661883006,293.0477,586.9337,439.9907,0.0583,0.7076,0.6755,123,4.081666666666667
294.06631453102614,292.9341,586.7281,439.8311,0.0417,0.8658,0.72,124,4.113333333333333,294.2223877184574,292.8429,586.8505,439.8467,0.0,0.9212,0.8153,124,4.113333333333333,295.13975902938273,292.4117,587.3167,439.8642,0.0417,0.6819,0.9009,124,4.113333333333333,295.1064133825927,292.3863,587.284,439.8352,0.0,0.7218,0.9391,124,4.113333333333333,294.06631453102614,292.9341,586.7281,439.8311,0.0417,0.8658,0.72,124,4.113333333333333
294.250596629657,292.8064,586.7591,439.7827,0.0667,0.8203,0.6794,125,4.138333333333334,294.13932840888367,292.9275,586.8573,439.8924,0.0,0.7986,0.8204,125,4.138333333333334,295.05157302444,292.3949,587.2312,439.8131,0.0333,0.7264,0.9313,125,4.138333333333334,295.0720234322229,292.3656,587.2312,439.7984,0.0,0.7041,0.9313,125,4.138333333333334,294.250596629657,292.8064,586.7591,439.7827,0.0667,0.8203,0.6794,125,4.138333333333334
294.13520455884054,292.8562,586.7186,439.7874,0.0417,0.8508,0.6752,126,4.171666666666667,294.18442179224195,292.8623,586.8404,439.8514,0.0,0.7957,0.8212,126,4.171666666666667,295.15824798174344,292.3184,587.2518,439.7851,0.0417,0.8264,0.9597,126,4.171666666666667,295.1333763760873,292.2832,587.2177,439.7504,0.0,0.8561,0.9231,126,4.171666666666667,294.13520455884054,292.8562,586.7186,439.7874,0.0417,0.8508,0.6752,126,4.171666666666667
294.1373472644441,292.8218,586.6922,439.757,0.0417,0.8435,0.6764,127,4.205,294.3023095055016,292.7218,586.8131,439.7674,0.0,0.8348,0.813,127,4.205,295.06535026801987,292.3646,587.2276,439.7961,0.025,0.8135,0.9043,127,4.205,295.1550169864354,292.2252,587.1927,439.7089,0.0,0.7926,0.8985,127,4.205,294.1373472644441,292.8218,586.6922,439.757,0.0417,0.8435,0.6764,127,4.205
294.1139966490915,292.8149,586.6637,439.7393,0.0417,0.7836,0.7003,128,4.238333333333333,294.1595357886829,292.8268,586.7849,439.8059,0.0,0.8518,0.8132,128,4.238333333333333,294.9906658817039,292.3678,587.1647,439.7662,0.0167,0.8212,0.977,128,4.238333333333333,295.1275754523085,292.2278,587.1647,439.6963,0.0,0.7987,0.977,128,4.238333333333333,294.1139966490915,292.8149,586.6637,439.7393,0.0417,0.7836,0.7003,128,4.238333333333333
294.5211391997534,293.1872,587.5098,440.3485,0.05,0.7733,0.7489,129,4.2716666666666665,294.41563135718104,293.1953,587.3417,440.2685,0.0,0.8328,0.7888,129,4.2716666666666665,295.43406221250603,292.6185,587.6808,440.1497,0.05,0.7287,0.9345,129,4.2716666666666665,295.43989756948247,292.6387,587.7977,440.2182,0.0,0.8332,0.9068,129,4.2716666666666665,294.5211391997534,293.1872,587.5098,440.3485,0.05,0.7733,0.7489,129,4.2716666666666665
293.8408238731748,295.0769,588.4318,441.7544,0.0333,0.6752,0.7968,130,4.305000000000001,293.8065809720044,295.1214,588.5366,441.829,0.0,0.7915,0.7829,130,4.305000000000001,294.8024552529888,294.5269,588.9344,441.7306,0.0167,0.752,0.9431,130,4.305000000000001,294.77051400108246,294.5412,588.9344,441.7378,0.0,0.7565,0.9431,130,4.305000000000001,293.8408238731748,295.0769,588.4318,441.7544,0.0333,0.6752,0.7968,130,4.305000000000001
293.523517046607,295.1658,588.313,441.7394,0.025,0.7187,0.8353,131,4.338333333333334,293.4900273952817,295.1833,588.313,441.7481,0.0,0.8037,0.8353,131,4.338333333333334,294.5005758142471,294.5648,588.7177,441.6412,0.0167,0.779,0.9378,131,4.338333333333334,294.50122685089457,294.555,588.7177,441.6364,0.0,0.7232,0.9378,131,4.338333333333334,293.523517046607,295.1658,588.313,441.7394,0.025,0.7187,0.8353,131,4.338333333333334
293.5283980337816,294.2888,587.5769,440.9329,0.025,0.7396,0.7845,132,4.371666666666667,293.5934790314112,294.2045,587.5311,440.8678,0.0,0.8196,0.8481,132,4.371666666666667,294.6777963164688,293.543,587.9601,440.7516,0.025,0.7764,0.9638,132,4.371666666666667,294.62828463837513,293.5816,587.9601,440.7708,0.0,0.8673,0.9638,132,4.371666666666667,293.5283980337816,294.2888,587.5769,440.9329,0.025,0.7396,0.7845,132,4.371666666666667
293.7500789141692,293.4183,586.9464,440.1824,0.0167,0.8323,0.7966,133,4.405,293.76853077098593,293.3894,586.9464,440.1679,0.0,0.9318,0.7966,133,4.405,294.90958103667,292.698,587.3829,440.0404,0.05,0.5803,0.7952,133,4.405,294.8266463776614,292.7578,587.3829,440.0703,0.0,0.6594,0.7952,133,4.405,293.7500789141692,293.4183,586.9464,440.1824,0.0167,0.8323,0.7966,133,4.405
294.19273718409517,292.7827,586.7407,439.7617,0.05,0.6261,0.7713,134,4.4383333333333335,294.0987812183307,292.8541,586.7407,439.7974,0.0,0.7454,0.7713,134,4.4383333333333335,294.79239427524794,292.499,587.0907,439.7949,0.0083,0.7814,1.1186,134,4.4383333333333335,294.8631846648378,292.4249,587.0907,439.7578,0.0,0.8303,1.1186,134,4.4383333333333335,294.19273718409517,292.7827,586.7407,439.7617,0.05,0.6261,0.7713,134,4.4383333333333335
294.2143014386144,292.748,586.731,439.7395,0.05,0.6138,0.8362,135,4.471666666666667,294.11742982316355,292.8221,586.731,439.7765,0.0,0.7827,0.8362,135,4.471666666666667,294.8749522729171,292.413,587.0808,439.7469,0.0333,0.7258,1.0462,135,4.471666666666667,294.8889195014723,292.3912,587.0808,439.736,0.0,0.8315,1.0462,135,4.471666666666667,294.2143014386144,292.748,586.731,439.7395,0.05,0.6138,0.8362,135,4.471666666666667
294.21562598402636,292.7452,586.7317,439.7384,0.0333,0.6884,0.8382,136,4.505,294.12040490173666,292.8185,586.7317,439.7751,0.0,0.8054,0.8382,136,4.505,294.8425975312447,292.4114,587.0482,439.7298,0.0333,0.7277,1.0946,136,4.505,294.85731740723224,292.3888,587.0482,439.7185,0.0,0.8058,1.0946,136,4.505,294.21562598402636,292.7452,586.7317,439.7384,0.0333,0.6884,0.8382,136,4.505
294.28131683908737,292.9684,587.0446,440.0065,0.05,0.676,0.8708,137,4.546666666666667,294.1876083481676,293.0392,587.0446,440.0419,0.0,0.8069,0.8708,137,4.546666666666667,294.91451838364173,292.676,587.4015,440.0387,0.0083,0.8477,1.0623,137,4.546666666666667,294.98700964982123,292.5996,587.4015,440.0005,0.0,0.8533,1.0623,137,4.546666666666667,294.28131683908737,292.9684,587.0446,440.0065,0.05,0.676,0.8708,137,4.546666666666667
294.19152079019193,292.9508,586.8949,439.9229,0.0417,0.7404,0.8251,138,4.571666666666667,294.1334261363521,293.0208,586.9766,439.9987,0.0,0.8541,0.8539,138,4.571666666666667,294.97836474983455,292.5387,587.3345,439.9366,0.025,0.8388,1.0315,138,4.571666666666667,294.9342631864065,292.5724,587.3345,439.9535,0.0,0.854,1.0315,138,4.571666666666667,294.19152079019193,292.9508,586.8949,439.9229,0.0417,0.7404,0.8251,138,4.571666666666667
294.19208582400233,292.7882,586.7114,439.7498,0.0417,0.7632,0.8386,139,4.605,294.13496787177826,292.8578,586.7944,439.8261,0.0,0.7965,0.7565,139,4.605,294.9470495904123,292.4289,587.1694,439.7991,0.0167,0.8028,1.0893,139,4.605,294.9596429903346,292.4097,587.1694,439.7895,0.0,0.8219,1.0893,139,4.605,294.19208582400233,292.7882,586.7114,439.7498,0.0417,0.7632,0.8386,139,4.605
294.27805834978795,292.6998,586.7633,439.7315,0.0333,0.7619,0.8009,140,4.638333333333334,294.1811044446679,292.7748,586.7633,439.7691,0.0,0.8566,0.8009,140,4.638333333333334,294.98237998672744,292.3624,587.1416,439.752,0.0167,0.8624,1.1284,140,4.638333333333334,294.99153746966033,292.3466,587.1416,439.7441,0.0,0.8428,1.1284,140,4.638333333333334,294.27805834978795,292.6998,586.7633,439.7315,0.0333,0.7619,0.8009,140,4.638333333333334
294.3357648152751,292.6442,586.762,439.7031,0.0417,0.725,0.8107,141,4.671666666666667,294.1819640970275,292.7714,586.762,439.7667,0.0,0.8709,0.8107,141,4.671666666666667,294.9744472438599,292.3657,587.1377,439.7517,0.0167,0.8334,1.1352,141,4.671666666666667,294.98450165391455,292.3491,587.1377,439.7434,0.0,0.8177,1.1352,141,4.671666666666667,294.3357648152751,292.6442,586.762,439.7031,0.0417,0.725,0.8107,141,4.671666666666667
294.33446355444175,292.6421,586.759,439.7005,0.0417,0.6787,0.8107,142,4.705,294.1807872689779,292.7691,586.759,439.764,0.0,0.8503,0.8107,142,4.705,294.9678531070447,292.3609,587.1276,439.7443,0.0167,0.8075,1.0907,142,4.705,294.97783008933953,292.3443,587.1276,439.736,0.0,0.7957,1.0907,142,4.705,294.33446355444175,292.6421,586.759,439.7005,0.0417,0.6787,0.8107,142,4.705
294.3313358607771,292.6391,586.7501,439.6946,0.0417,0.6654,0.8112,143,4.74,294.17780776229404,292.766,586.7501,439.758,0.0,0.8526,0.8112,143,4.74,294.9717306915086,292.3574,587.1256,439.7415,0.0167,0.807,1.0998,143,4.74,294.98164678238277,292.3409,587.1256,439.7333,0.0,0.7854,1.0998,143,4.74,294.3313358607771,292.6391,586.7501,439.6946,0.0417,0.6654,0.8112,143,4.74
294.3729190356334,292.6832,586.8414,439.7623,0.0333,0.8515,0.7608,144,4.771666666666667,294.3122936002111,292.7064,586.7972,439.7518,0.0,0.8734,0.7455,144,4.771666666666667,295.0409676145164,292.3306,587.1555,439.743,0.0083,0.8876,1.1345,144,4.771666666666667,295.11032015738556,292.2556,587.1555,439.7055,0.0,0.8895,1.1345,144,4.771666666666667,294.31951054848093,292.7438,586.8414,439.7926,0.0667,0.7503,0.7608,144,4.771666666666667
294.3728700000799,292.6883,586.848,439.7682,0.0333,0.7971,0.8436,145,4.805000000000001,294.3138517836559,292.7096,586.8033,439.7565,0.0,0.8708,0.7863,145,4.805000000000001,295.11562898060447,292.2744,587.165,439.7197,0.0167,0.9123,1.1618,145,4.805000000000001,295.1261202908339,292.2536,587.165,439.7093,0.0,0.8907,1.1618,145,4.805000000000001,294.3704258357815,292.6943,586.848,439.7712,0.0417,0.8077,0.8436,145,4.805000000000001
294.62901817301326,293.2945,587.606,440.4502,0.0417,0.7621,0.8605,146,4.836666666666667,294.48087701782185,293.4167,587.606,440.5113,0.0,0.8095,0.8605,146,4.836666666666667,295.54748517035546,292.8225,588.0814,440.4519,0.0083,0.9052,1.137,146,4.836666666666667,295.6125845418369,292.7521,588.0814,440.4167,0.0,0.9088,1.137,146,4.836666666666667,294.4238995527191,293.4917,587.606,440.5488,0.0333,0.8409,0.8605,146,4.836666666666667
293.63366352064884,295.332,588.465,441.8985,0.025,0.7817,0.7006,147,4.871666666666667,293.68470346359965,295.3021,588.5793,441.9407,0.0,0.7461,0.7924,147,4.871666666666667,294.808429408797,294.585,588.9946,441.7898,0.0167,0.7833,0.9533,147,4.871666666666667,294.8080993889504,294.5733,588.9946,441.784,0.0,0.8216,0.9533,147,4.871666666666667,293.63366352064884,295.332,588.465,441.8985,0.025,0.7817,0.7006,147,4.871666666666667
293.2269778035003,295.1747,587.9951,441.5849,0.0333,0.8441,0.693,148,4.903333333333333,293.38322863377573,295.0941,588.1189,441.6065,0.0,0.8794,0.786,148,4.903333333333333,294.4524302875094,294.3577,588.4848,441.4213,0.025,0.8546,0.8596,148,4.903333333333333,294.4929007044277,294.3508,588.5163,441.4336,0.0,0.8703,0.9252,148,4.903333333333333,293.2269778035003,295.1747,587.9951,441.5849,0.0333,0.8441,0.693,148,4.903333333333333
293.5214098693052,294.145,587.4103,440.7776,0.0167,0.7876,0.8432,149,4.9383333333333335,293.60714491339854,294.0623,587.4103,440.7363,0.0,0.825,0.8432,149,4.9383333333333335,294.7084917981214,293.2993,587.7855,440.5424,0.0333,0.7699,0.9845,149,4.9383333333333335,294.62808809097197,293.3774,587.7855,440.5815,0.0,0.806,0.9845,149,4.9383333333333335,293.5214098693052,294.145,587.4103,440.7776,0.0167,0.7876,0.8432,149,4.9383333333333335
293.9273027824785,293.2178,586.9201,440.0689,0.0167,0.9103,0.7624,150,4.971666666666667,293.95381882680556,293.181,586.9201,440.0505,0.0,0.9277,0.7624,150,4.971666666666667,294.7817589313811,292.6947,587.2946,439.9946,0.0083,0.845,0.9443,150,4.971666666666667,294.85160061255334,292.6216,587.2946,439.9581,0.0,0.8262,0.9443,150,4.971666666666667,293.9273027824785,293.2178,586.9201,440.0689,0.0167,0.9103,0.7624,150,4.971666666666667
294.1652591844361,292.9144,586.8612,439.8878,0.025,0.7648,0.8154,151,5.013333333333334,294.13211119385727,292.9323,586.8612,439.8967,0.0,0.7423,0.8154,151,5.013333333333334,294.9787809155087,292.3981,587.2077,439.8029,0.0167,0.7895,0.8474,151,5.013333333333334,294.98899228441275,292.3814,587.2077,439.7945,0.0,0.8042,0.8474,151,5.013333333333334,294.1652591844361,292.9144,586.8612,439.8878,0.025,0.7648,0.8154,151,5.013333333333334
294.0081278878395,293.2181,587.0567,440.1374,0.025,0.7781,0.9004,152,5.038333333333334,293.98181883655104,293.23,587.0567,440.1433,0.0,0.8966,0.9004,152,5.038333333333334,294.9534901580878,292.5895,587.3972,439.9933,0.025,0.6872,0.9356,152,5.038333333333334,294.9058931624441,292.6271,587.3972,440.0121,0.0,0.8613,0.9356,152,5.038333333333334,294.0081278878395,293.2181,587.0567,440.1374,0.025,0.7781,0.9004,152,5.038333333333334
293.86628720725935,293.3067,586.982,440.1443,0.025,0.8791,0.7763,153,5.071666666666667,293.99238981136307,293.2145,587.049,440.1317,0.0,0.8906,0.8878,153,5.071666666666667,294.96349892823844,292.5737,587.3904,439.9821,0.025,0.788,0.95,153,5.071666666666667,294.914641396942,292.6125,587.3904,440.0015,0.0,0.8665,0.95,153,5.071666666666667,293.86628720725935,293.3067,586.982,440.1443,0.025,0.8791,0.7763,153,5.071666666666667
294.3252856091196,292.8071,586.8973,439.8522,0.0333,0.7515,0.7289,154,5.113333333333333,294.22910559107527,292.8818,586.8973,439.8895,0.0,0.8344,0.7289,154,5.113333333333333,294.9758653617314,292.4974,587.2739,439.8856,0.0167,0.8285,0.8029,154,5.113333333333333,294.9907160531881,292.476,587.2739,439.875,0.0,0.8258,0.8029,154,5.113333333333333,294.3252856091196,292.8071,586.8973,439.8522,0.0333,0.7515,0.7289,154,5.113333333333333
294.34644803223375,292.728,586.8307,439.7794,0.0417,0.6506,0.7008,155,5.146666666666667,294.19152846280997,292.8563,586.8307,439.8435,0.0,0.7558,0.7008,155,5.146666666666667,295.0038706868521,292.3588,587.1679,439.7634,0.0417,0.7104,0.7397,155,5.146666666666667,294.96463687008395,292.4358,587.2113,439.8235,0.0,0.7177,0.7865,155,5.146666666666667,294.34644803223375,292.728,586.8307,439.7794,0.0417,0.6506,0.7008,155,5.146666666666667
294.2773991837804,292.7676,586.796,439.7818,0.0333,0.6953,0.7345,156,5.171666666666667,294.1815924597689,292.8416,586.796,439.8188,0.0,0.7622,0.7345,156,5.171666666666667,294.97112247050734,292.3851,587.1542,439.7697,0.025,0.8224,0.7736,156,5.171666666666667,294.93318541690854,292.413,587.1542,439.7836,0.0,0.7793,0.7736,156,5.171666666666667,294.2773991837804,292.7676,586.796,439.7818,0.0333,0.6953,0.7345,156,5.171666666666667
294.1914281912706,292.8321,586.8054,439.8187,0.0417,0.7348,0.8497,157,5.21,294.18479269958686,292.8067,586.7653,439.786,0.0,0.7791,0.8306,157,5.21,294.95300173906276,292.4167,587.1594,439.788,0.0333,0.8274,0.8185,157,5.21,294.9748790976591,292.3871,587.1594,439.7732,0.0,0.804,0.8185,157,5.21,294.1914281912706,292.8321,586.8054,439.8187,0.0417,0.7348,0.8497,157,5.21
294.22884803439075,292.807,586.839,439.823,0.05,0.7692,0.8853,158,5.236666666666667,294.2074673250762,292.7751,586.7562,439.7656,0.0,0.8277,0.8139,158,5.236666666666667,294.96515401324746,292.3886,587.1461,439.7674,0.0333,0.7751,0.8255,158,5.236666666666667,294.9919358912846,292.3545,587.1461,439.7503,0.0,0.8491,0.8255,158,5.236666666666667,294.22884803439075,292.807,586.839,439.823,0.05,0.7692,0.8853,158,5.236666666666667
294.20692540218374,292.8051,586.7948,439.8,0.0417,0.7745,0.817,159,5.271666666666667,294.2079585874502,292.7731,586.7547,439.7639,0.0,0.8276,0.8133,159,5.271666666666667,294.9726540993028,292.3871,587.149,439.768,0.0333,0.7744,0.8375,159,5.271666666666667,294.99881451400586,292.353,587.149,439.751,0.0,0.8494,0.8375,159,5.271666666666667,294.20692540218374,292.8051,586.7948,439.8,0.0417,0.7745,0.817,159,5.271666666666667
294.20933035481283,292.8054,586.7965,439.8009,0.0417,0.7658,0.8177,160,5.3133333333333335,294.20573693393317,292.7774,586.7561,439.7667,0.0,0.8256,0.8239,160,5.3133333333333335,294.9747846832314,292.3874,587.1508,439.7691,0.0333,0.7763,0.8354,160,5.3133333333333335,294.9976053782555,292.3562,587.1508,439.7535,0.0,0.8495,0.8354,160,5.3133333333333335,294.20933035481283,292.8054,586.7965,439.8009,0.0417,0.7658,0.8177,160,5.3133333333333335
294.18490424636974,292.8045,586.7537,439.7791,0.0333,0.7815,0.8266,161,5.346666666666667,294.20043172729766,292.777,586.7537,439.7654,0.0,0.8325,0.8266,161,5.346666666666667,294.97218168876054,292.387,587.1488,439.7679,0.0333,0.7825,0.834,161,5.346666666666667,294.99429070217644,292.3566,587.1488,439.7527,0.0,0.8522,0.834,161,5.346666666666667,294.18490424636974,292.8045,586.7537,439.7791,0.0333,0.7815,0.8266,161,5.346666666666667
294.22564622732614,292.8043,586.7838,439.7941,0.0333,0.7801,0.883,162,5.371666666666667,294.24141807248066,292.7765,586.7838,439.7802,0.0,0.8334,0.883,162,5.371666666666667,294.95151141815273,292.4453,587.1745,439.8099,0.025,0.8054,0.8406,162,5.371666666666667,295.02579596978853,292.3644,587.1745,439.7694,0.0,0.866,0.8406,162,5.371666666666667,294.22564622732614,292.8043,586.7838,439.7941,0.0333,0.7801,0.883,162,5.371666666666667
294.2609622514707,294.351,588.2192,441.2851,0.0333,0.7887,0.7352,163,5.416666666666667,294.17021494303333,294.4177,588.2192,441.3184,0.0,0.699,0.7352,163,5.416666666666667,295.39761980490954,293.6104,588.6249,441.1177,0.0333,0.7809,0.7498,163,5.416666666666667,295.304057897283,293.6443,588.6015,441.1229,0.0,0.791,0.8065,163,5.416666666666667,294.2609622514707,294.351,588.2192,441.2851,0.0333,0.7887,0.7352,163,5.416666666666667
293.52515424583385,295.3378,588.4514,441.8946,0.025,0.7462,0.7978,164,5.446666666666667,293.47796705770384,295.3638,588.4514,441.9076,0.0,0.7724,0.7978,164,5.446666666666667,294.62354162319747,294.6384,588.8676,441.753,0.025,0.7823,1.0733,164,5.446666666666667,294.62365296521205,294.623,588.8676,441.7453,0.0,0.8149,1.0733,164,5.446666666666667,293.52515424583385,295.3378,588.4514,441.8946,0.025,0.7462,0.7978,164,5.446666666666667
293.5381314926299,294.5937,587.8246,441.2092,0.025,0.7618,1.0,165,5.473333333333334,293.493213448319,294.6227,587.8246,441.2237,0.0,0.7024,1.0,165,5.473333333333334,294.6240787191582,293.9283,588.2728,441.1005,0.0417,0.5929,1.0372,165,5.473333333333334,294.6446756396277,293.916,588.2728,441.0944,0.0,0.69,1.0372,165,5.473333333333334,293.5381314926299,294.5937,587.8246,441.2092,0.025,0.7618,1.0,165,5.473333333333334
293.684360629807,293.6601,587.1069,440.3835,0.025,0.8612,0.832,166,5.53,293.69084447245893,293.6539,587.1069,440.3804,0.0,0.8939,0.832,166,5.53,294.8540146747382,292.9744,587.5846,440.2795,0.0333,0.6899,1.1223,166,5.53,294.85257536833967,292.9636,587.5846,440.2741,0.0,0.7907,1.1223,166,5.53,293.684360629807,293.6601,587.1069,440.3835,0.025,0.8612,0.832,166,5.53
293.9679364789009,293.3339,587.1007,440.2173,0.0167,0.7815,0.8663,167,5.546666666666667,294.1018710263646,293.1987,587.1007,440.1497,0.0,0.7827,0.8663,167,5.546666666666667,295.08582408148555,292.6882,587.5584,440.1233,0.0417,0.6692,1.0599,167,5.546666666666667,295.076910971343,292.6936,587.5584,440.126,0.0,0.6698,1.0599,167,5.546666666666667,293.9679364789009,293.3339,587.1007,440.2173,0.0167,0.7815,0.8663,167,5.546666666666667
294.17017894526714,293.1212,587.0781,440.0997,0.0333,0.8168,0.7315,168,5.571666666666667,294.07992199213385,293.1897,587.0781,440.1339,0.0,0.8297,0.7315,168,5.571666666666667,295.0199201379655,292.7227,587.5269,440.1248,0.0583,0.5744,1.0051,168,5.571666666666667,295.0545245061181,292.6679,587.5269,440.0974,0.0,0.7062,1.0051,168,5.571666666666667,294.17017894526714,293.1212,587.0781,440.0997,0.0333,0.8168,0.7315,168,5.571666666666667
294.00119365956397,293.0553,586.794,439.9246,0.025,0.7983,0.6786,169,5.605,294.14586590838053,292.9756,586.9116,439.9436,0.0,0.8231,0.6674,169,5.605,295.14586449568594,292.3664,587.3081,439.8373,0.05,0.6209,0.7948,169,5.605,295.07329932920106,292.4686,587.3411,439.9048,0.0,0.7106,0.7961,169,5.605,294.00119365956397,293.0553,586.794,439.9246,0.025,0.7983,0.6786,169,5.605
294.3642300942447,292.7313,586.9071,439.8192,0.0667,0.7585,0.7632,170,5.638333333333334,294.2239115975616,292.8023,586.8191,439.8107,0.0,0.8552,0.695,170,5.638333333333334,295.01793828075773,292.3286,587.2057,439.7671,0.0583,0.6808,0.7247,170,5.638333333333334,295.0306201899987,292.3062,587.1516,439.7289,0.0,0.6816,0.7458,170,5.638333333333334,294.3642300942447,292.7313,586.9071,439.8192,0.0667,0.7585,0.7632,170,5.638333333333334
294.2720992961004,292.64,586.6484,439.6442,0.0667,0.6953,0.6743,171,5.671666666666667,294.23625288624714,292.7599,586.7978,439.7789,0.0,0.8656,0.7433,171,5.671666666666667,294.95762013567526,292.2994,587.0266,439.663,0.0333,0.7669,0.7657,171,5.671666666666667,295.0488004843377,292.275,587.1354,439.7052,0.0,0.7586,0.7537,171,5.671666666666667,294.2720992961004,292.64,586.6484,439.6442,0.0667,0.6953,0.6743,171,5.671666666666667
294.2090886717923,292.6844,586.6353,439.6598,0.0583,0.7215,0.6367,172,5.705,294.2334352845914,292.7503,586.7829,439.7666,0.0,0.7684,0.611,172,5.705,294.9185949454767,292.2841,586.9658,439.6249,0.0417,0.703,0.6582,172,5.705,295.05438455290164,292.2601,587.1242,439.6922,0.0,0.7183,0.7265,172,5.705,294.2090886717923,292.6844,586.6353,439.6598,0.0583,0.7215,0.6367,172,5.705
294.17572046806094,292.747,586.6599,439.7034,0.0583,0.7194,0.618,173,5.738333333333333,294.12154184111347,292.8456,586.775,439.8103,0.0,0.7729,0.6291,173,5.738333333333333,295.00487000546286,292.2344,586.9887,439.6116,0.0583,0.6135,0.6737,173,5.738333333333333,295.0427082337377,292.2589,587.1135,439.6862,0.0,0.6959,0.7436,173,5.738333333333333,294.17572046806094,292.747,586.6599,439.7034,0.0583,0.7194,0.618,173,5.738333333333333
294.263105860632,292.7074,586.7377,439.7226,0.025,0.7965,0.8135,174,5.771666666666667,294.22777116186114,292.7266,586.7377,439.7322,0.0,0.8082,0.8135,174,5.771666666666667,294.98488124559117,292.242,587.0268,439.6344,0.025,0.8358,0.8356,174,5.771666666666667,294.94440504867885,292.2689,587.0268,439.6478,0.0,0.823,0.8356,174,5.771666666666667,294.263105860632,292.7074,586.7377,439.7226,0.025,0.7965,0.8135,174,5.771666666666667
294.26233789615446,292.7087,586.7379,439.7233,0.025,0.7716,0.8098,175,5.805000000000001,294.2272423031185,292.7277,586.7379,439.7328,0.0,0.7845,0.8098,175,5.805000000000001,294.9852060993599,292.2412,587.0261,439.6336,0.025,0.786,0.8362,175,5.805000000000001,294.94606006373635,292.2671,587.0261,439.6466,0.0,0.7297,0.8362,175,5.805000000000001,294.26233789615446,292.7087,586.7379,439.7233,0.025,0.7716,0.8098,175,5.805000000000001
294.26497229062284,292.7059,586.7384,439.7221,0.025,0.7812,0.8132,176,5.838333333333334,294.22983845835586,292.7249,586.7384,439.7316,0.0,0.7805,0.8132,176,5.838333333333334,294.98859795152396,292.2383,587.0264,439.6323,0.025,0.7951,0.835,176,5.838333333333334,294.94910187337837,292.2644,587.0264,439.6454,0.0,0.7306,0.835,176,5.838333333333334,294.26497229062284,292.7059,586.7384,439.7221,0.025,0.7812,0.8132,176,5.838333333333334
294.2603707265032,292.7065,586.7309,439.7187,0.0333,0.7741,0.7964,177,5.871666666666667,294.2647094220976,292.7256,586.7757,439.7506,0.0,0.7991,0.7759,177,5.871666666666667,295.0298725089856,292.2383,587.07,439.6541,0.025,0.7951,0.8652,177,5.871666666666667,294.9911961863976,292.2644,587.07,439.6672,0.0,0.7306,0.8652,177,5.871666666666667,294.2603707265032,292.7065,586.7309,439.7187,0.0333,0.7741,0.7964,177,5.871666666666667
294.25987231323677,292.7063,586.7306,439.7185,0.0333,0.7748,0.7973,178,5.905,294.26417725209046,292.7253,586.7753,439.7503,0.0,0.7994,0.7701,178,5.905,295.02969832875704,292.2392,587.0705,439.6549,0.025,0.7851,0.8665,178,5.905,294.9911673616696,292.2653,587.0705,439.6679,0.0,0.7302,0.8665,178,5.905,294.25987231323677,292.7063,586.7306,439.7185,0.0333,0.7748,0.7973,178,5.905
294.4611249289513,293.4639,587.5466,440.5053,0.05,0.7712,0.685,179,5.9383333333333335,294.4422753523684,293.5359,587.6872,440.6116,0.0,0.7943,0.822,179,5.9383333333333335,295.5512172001148,292.8009,588.0662,440.4335,0.0333,0.6396,0.8007,179,5.9383333333333335,295.5604744501823,292.7806,588.0662,440.4234,0.0,0.7194,0.8007,179,5.9383333333333335,294.4611249289513,293.4639,587.5466,440.5053,0.05,0.7712,0.685,179,5.9383333333333335
293.69275219671306,295.2322,588.5396,441.8859,0.025,0.8713,0.8011,180,5.971666666666667,293.7495901842012,295.2064,588.571,441.8887,0.0,0.9109,0.7798,180,5.971666666666667,294.7162516893297,294.5708,588.9205,441.7456,0.0167,0.7332,0.9549,180,5.971666666666667,294.71787632220077,294.5597,588.9205,441.7401,0.0,0.7505,0.9549,180,5.971666666666667,293.69275219671306,295.2322,588.5396,441.8859,0.025,0.8713,0.8011,180,5.971666666666667
293.51898349558144,294.9595,588.0727,441.5161,0.0417,0.9219,0.6173,181,6.013333333333334,293.6402388092141,294.9386,588.2372,441.5879,0.0,0.9238,0.7214,181,6.013333333333334,294.5959804831649,294.3333,588.6031,441.4682,0.0167,0.7744,0.8728,181,6.013333333333334,294.5970923794481,294.3228,588.6031,441.4629,0.0,0.8115,0.8728,181,6.013333333333334,293.51898349558144,294.9595,588.0727,441.5161,0.0417,0.9219,0.6173,181,6.013333333333334
293.6430649154385,294.2771,587.6751,440.9761,0.0083,0.8916,0.7811,182,6.038333333333334,293.7142357820205,294.2015,587.6751,440.9383,0.0,0.9088,0.7811,182,6.038333333333334,294.66721684173797,293.6564,588.1251,440.8908,0.025,0.7593,0.7769,182,6.038333333333334,294.6617621130093,293.636,588.0848,440.8604,0.0,0.8209,0.8049,182,6.038333333333334,293.6430649154385,294.2771,587.6751,440.9761,0.0083,0.8916,0.7811,182,6.038333333333334
293.8663220350203,293.592,587.2482,440.4201,0.0167,0.9026,0.7237,183,6.071666666666667,293.886874145408,293.5614,587.2482,440.4048,0.0,0.9363,0.7237,183,6.071666666666667,294.89729868555173,292.9003,587.6097,440.255,0.0417,0.5767,0.7942,183,6.071666666666667,294.8527704780764,292.9328,587.6097,440.2713,0.0,0.6737,0.7942,183,6.071666666666667,293.8663220350203,293.592,587.2482,440.4201,0.0167,0.9026,0.7237,183,6.071666666666667
294.0233525908776,293.0588,586.7928,439.9258,0.05,0.7486,0.9226,184,6.105,294.03719249522874,293.057,586.878,439.9675,0.0,0.8386,0.9199,184,6.105,294.8037486068796,292.6253,587.2189,439.9221,0.025,0.801,0.9081,184,6.105,294.7744429646727,292.6376,587.2189,439.9283,0.0,0.8555,0.9081,184,6.105,294.0233525908776,293.0588,586.7928,439.9258,0.05,0.7486,0.9226,184,6.105
294.21991128110744,292.812,586.7975,439.8047,0.025,0.8273,0.8794,185,6.138333333333334,294.1735974660003,292.8422,586.7975,439.8198,0.0,0.8001,0.8794,185,6.138333333333334,294.95165262105843,292.3495,587.1036,439.7266,0.025,0.738,0.9858,185,6.138333333333334,294.9063763508381,292.3828,587.1036,439.7432,0.0,0.7663,0.9858,185,6.138333333333334,294.21991128110744,292.812,586.7975,439.8047,0.025,0.8273,0.8794,185,6.138333333333334
294.05467612159794,292.9014,586.6875,439.7945,0.0333,0.9245,0.8545,186,6.171666666666667,294.0516103227285,292.9206,586.7645,439.8425,0.0,0.9296,0.869,186,6.171666666666667,294.9293541565272,292.3476,587.082,439.7148,0.025,0.7615,0.9761,186,6.171666666666667,294.88402338031824,292.3807,587.082,439.7314,0.0,0.8058,0.9761,186,6.171666666666667,294.05467612159794,292.9014,586.6875,439.7945,0.0333,0.9245,0.8545,186,6.171666666666667
293.9906406119218,292.9502,586.6788,439.8145,0.025,0.9205,0.8299,187,6.205,294.04725276404594,292.9148,586.7561,439.8354,0.0,0.9428,0.9062,187,6.205,294.90995005369484,292.3539,587.0687,439.7113,0.0333,0.7349,0.9761,187,6.205,294.9217908312776,292.3338,587.0687,439.7012,0.0,0.7785,0.9761,187,6.205,293.9906406119218,292.9502,586.6788,439.8145,0.025,0.9205,0.8299,187,6.205
294.0426988406093,292.8984,586.6756,439.787,0.0333,0.8691,0.8565,188,6.238333333333334,294.0434213843905,292.9136,586.7521,439.8329,0.0,0.8791,0.8849,188,6.238333333333334,294.9109427073337,292.3528,587.0678,439.7103,0.0333,0.723,0.907,188,6.238333333333334,294.9222660445131,292.3329,587.0678,439.7004,0.0,0.7784,0.907,188,6.238333333333334,294.0426988406093,292.8984,586.6756,439.787,0.0333,0.8691,0.8565,188,6.238333333333334
294.0295242357321,292.8974,586.6639,439.7806,0.0333,0.8961,0.8079,189,6.271666666666667,294.02553677766446,292.9175,586.7401,439.8288,0.0,0.8657,0.8823,189,6.271666666666667,294.8977974883712,292.3523,587.0564,439.7044,0.0333,0.7024,0.8756,189,6.271666666666667,294.90529250189945,292.3365,587.0564,439.6965,0.0,0.7565,0.8756,189,6.271666666666667,294.0295242357321,292.8974,586.6639,439.7806,0.0333,0.8961,0.8079,189,6.271666666666667
293.99873971539074,292.9323,586.7168,439.8245,0.0167,0.9116,0.8663,190,6.305000000000001,294.01815836849187,292.9026,586.7168,439.8097,0.0,0.8597,0.8663,190,6.305000000000001,294.9689474330447,292.2902,587.0569,439.6735,0.025,0.7485,0.8904,190,6.305000000000001,294.91974824660633,292.3279,587.0569,439.6924,0.0,0.7521,0.8904,190,6.305000000000001,293.99873971539074,292.9323,586.7168,439.8245,0.0167,0.9116,0.8663,190,6.305000000000001
293.9757962967029,292.919,586.645,439.782,0.025,0.9377,0.7641,191,6.338333333333334,294.0230584076727,292.8901,586.7139,439.802,0.0,0.9108,0.7504,191,6.338333333333334,294.9813605865147,292.2824,587.0588,439.6706,0.025,0.7357,0.889,191,6.338333333333334,294.9305857566032,292.3209,587.0588,439.6898,0.0,0.7508,0.889,191,6.338333333333334,293.9757962967029,292.919,586.645,439.782,0.025,0.9377,0.7641,191,6.338333333333334
293.9906068221286,292.9032,586.6433,439.7732,0.025,0.9544,0.7702,192,6.371666666666667,294.03711654326935,292.8749,586.7121,439.7935,0.0,0.89,0.7505,192,6.371666666666667,294.99699625288986,292.2676,587.0586,439.6631,0.025,0.7723,0.9107,192,6.371666666666667,294.9449596207693,292.3071,587.0586,439.6828,0.0,0.7917,0.9107,192,6.371666666666667,293.9906068221286,292.9032,586.6433,439.7732,0.025,0.9544,0.7702,192,6.371666666666667
294.0501100175702,292.8385,586.6335,439.736,0.0333,0.8423,0.7492,193,6.405,294.03888236546396,292.8629,586.7025,439.7827,0.0,0.8576,0.7041,193,6.405,295.007624177547,292.2581,587.0572,439.6576,0.025,0.8046,0.8754,193,6.405,294.954499958464,292.2983,587.0572,439.6777,0.0,0.8203,0.8754,193,6.405,294.0501100175702,292.8385,586.6335,439.736,0.0333,0.8423,0.7492,193,6.405
294.25084281877537,292.6565,586.6773,439.6669,0.025,0.7771,0.9076,194,6.441666666666667,294.2152797953954,292.6762,586.6773,439.6767,0.0,0.8252,0.9076,194,6.441666666666667,295.0780495309734,292.1858,587.0601,439.6229,0.0167,0.8219,1.0508,194,6.441666666666667,295.0886110052492,292.1649,587.0601,439.6125,0.0,0.8091,1.0508,194,6.441666666666667,294.25084281877537,292.6565,586.6773,439.6669,0.025,0.7771,0.9076,194,6.441666666666667
294.24882747425727,292.6553,586.6729,439.6641,0.025,0.7781,0.8746,195,6.471666666666667,294.21300793123476,292.6753,586.6729,439.6741,0.0,0.8335,0.8746,195,6.471666666666667,295.08194483916213,292.1847,587.0622,439.6235,0.0167,0.8197,1.0591,195,6.471666666666667,295.09244818700404,292.1639,587.0622,439.6131,0.0,0.8051,1.0591,195,6.471666666666667,294.24882747425727,292.6553,586.6729,439.6641,0.025,0.7781,0.8746,195,6.471666666666667
294.505052950846,293.0,587.1942,440.0971,0.0333,0.8148,0.6818,196,6.513333333333334,294.501976318477,293.0177,587.2744,440.146,0.0,0.8116,0.6329,196,6.513333333333334,295.3958523108141,292.5789,587.7421,440.1605,0.0083,0.8711,0.9214,196,6.513333333333334,295.46646550118896,292.5026,587.7421,440.1223,0.0,0.8535,0.9214,196,6.513333333333334,294.505052950846,293.0,587.1942,440.0971,0.0333,0.8148,0.6818,196,6.513333333333334
294.06799088544165,295.0946,588.8372,441.9659,0.0333,0.6947,0.7032,197,6.543333333333334,294.01321122615514,295.1136,588.788,441.9508,0.0,0.7076,0.732,197,6.543333333333334,295.0674205834637,294.4742,589.2066,441.8404,0.0083,0.8501,0.9051,197,6.543333333333334,295.13168747352944,294.4037,589.2066,441.8051,0.0,0.8181,0.9051,197,6.543333333333334,294.06799088544165,295.0946,588.8372,441.9659,0.0333,0.6947,0.7032,197,6.543333333333334
293.53779367493735,295.5739,588.8009,442.1874,0.0333,0.6793,0.7533,198,6.571666666666667,293.4711772618539,295.6032,588.7514,442.1773,0.0,0.6824,0.7583,198,6.571666666666667,294.50661561237405,294.9897,589.175,442.0824,0.025,0.7603,0.9334,198,6.571666666666667,294.5651852548541,294.9254,589.175,442.0502,0.0,0.7493,0.9334,198,6.571666666666667,293.53779367493735,295.5739,588.8009,442.1874,0.0333,0.6793,0.7533,198,6.571666666666667
293.55906855606105,294.4932,587.8036,441.1484,0.0417,0.8034,0.7149,199,6.605,293.5472496374525,294.47,587.7557,441.1128,0.0,0.8183,0.7074,199,6.605,294.5333392746563,293.9024,588.1909,441.0466,0.0083,0.8675,0.8882,199,6.605,294.59338254022236,293.8385,588.1909,441.0147,0.0,0.8957,0.8882,199,6.605,293.55906855606105,294.4932,587.8036,441.1484,0.0417,0.8034,0.7149,199,6.605
293.87568724905043,293.4133,587.0184,440.2159,0.05,0.6977,0.6973,200,6.646666666666667,293.7767896528028,293.518,587.0932,440.3056,0.0,0.8256,0.7455,200,6.646666666666667,294.85583590633064,292.8734,587.5277,440.2006,0.025,0.7043,0.8452,200,6.646666666666667,294.813646454101,292.9058,587.5277,440.2167,0.0,0.7445,0.8452,200,6.646666666666667,293.87568724905043,293.4133,587.0184,440.2159,0.05,0.6977,0.6973,200,6.646666666666667
293.90031587624867,293.053,586.7071,439.8801,0.0333,0.8651,0.6127,201,6.680000000000001,294.06750642853257,292.9631,586.8294,439.8963,0.0,0.9185,0.6336,201,6.680000000000001,294.9194367958545,292.442,587.0916,439.7668,0.0417,0.7618,0.5437,201,6.680000000000001,294.98065729899247,292.4213,587.2128,439.817,0.0,0.803,0.6097,201,6.680000000000001,293.90031587624867,293.053,586.7071,439.8801,0.0333,0.8651,0.6127,201,6.680000000000001
294.1461623963779,292.7664,586.6326,439.6995,0.05,0.7754,0.7413,202,6.705,294.12508823680946,292.8405,586.7585,439.7995,0.0,0.8449,0.7284,202,6.705,294.97458210185664,292.3433,587.0994,439.7214,0.025,0.8315,0.7583,202,6.705,295.0303889438613,292.3242,587.1519,439.7381,0.0,0.9043,0.7637,202,6.705,294.1461623963779,292.7664,586.6326,439.6995,0.05,0.7754,0.7413,202,6.705
294.2301160728503,292.7226,586.6673,439.695,0.0583,0.7023,0.7419,203,6.746666666666667,294.15050041936775,292.8002,586.7421,439.7711,0.0,0.7352,0.6804,203,6.746666666666667,294.97840984881304,292.3176,587.0773,439.6975,0.025,0.8472,0.7665,203,6.746666666666667,295.0328215234509,292.3006,587.1305,439.7155,0.0,0.8692,0.8098,203,6.746666666666667,294.2301160728503,292.7226,586.6673,439.695,0.0583,0.7023,0.7419,203,6.746666666666667
294.31793139506,292.6495,586.7388,439.6941,0.0333,0.6217,0.8082,204,6.78,294.22944851525244,292.7169,586.7388,439.7278,0.0,0.6336,0.8082,204,6.78,294.8747190883454,292.4054,587.0828,439.7441,0.0167,0.8096,1.0179,204,6.78,294.9611070410897,292.3223,587.0828,439.7025,0.0,0.8323,1.0179,204,6.78,294.31793139506,292.6495,586.7388,439.6941,0.0333,0.6217,0.8082,204,6.78
294.31861020866256,292.65,586.7396,439.6948,0.0333,0.6022,0.8099,205,6.805000000000001,294.23019002903936,292.7174,586.7396,439.7285,0.0,0.6718,0.8099,205,6.805000000000001,294.87605129840665,292.4061,587.0847,439.7454,0.0167,0.8099,1.0229,205,6.805000000000001,294.96247704290727,292.323,587.0847,439.7039,0.0,0.8282,1.0229,205,6.805000000000001,294.31861020866256,292.65,586.7396,439.6948,0.0333,0.6022,0.8099,205,6.805000000000001
294.2695197131577,292.704,586.7418,439.7229,0.0417,0.6241,0.8045,206,6.8500000000000005,294.2291704174205,292.7212,586.7418,439.7315,0.0,0.6737,0.8045,206,6.8500000000000005,294.9021690844251,292.3917,587.0898,439.7407,0.0083,0.7898,1.0262,206,6.8500000000000005,294.97126463745974,292.317,587.0898,439.7034,0.0,0.8548,1.0262,206,6.8500000000000005,294.2695197131577,292.704,586.7418,439.7229,0.0417,0.6241,0.8045,206,6.8500000000000005
294.3221877713929,292.6454,586.741,439.6932,0.0333,0.6272,0.7794,207,7.248333333333334,294.23506696761126,292.7116,586.741,439.7263,0.0,0.6836,0.7794,207,7.248333333333334,294.92039818815607,292.3638,587.0798,439.7218,0.0083,0.8341,1.0543,207,7.248333333333334,294.9889358202489,292.2897,587.0798,439.6848,0.0,0.8183,1.0543,207,7.248333333333334,294.3221877713929,292.6454,586.741,439.6932,0.0333,0.6272,0.7794,207,7.248333333333334
294.3198220477831,292.6398,586.7336,439.6867,0.0333,0.6271,0.7826,208,7.263333333333334,294.23233615895754,292.7063,586.7336,439.72,0.0,0.6854,0.7826,208,7.263333333333334,294.9907425741093,292.3028,587.0838,439.6933,0.0167,0.848,1.0268,208,7.263333333333334,295.0008372807034,292.2826,587.0838,439.6832,0.0,0.8158,1.0268,208,7.263333333333334,294.3198220477831,292.6398,586.7336,439.6867,0.0333,0.6271,0.7826,208,7.263333333333334
293.3864673160034,295.4811,588.3954,441.9382,0.0333,0.7449,0.7207,209,7.28,293.383536507452,295.4989,588.5041,442.0015,0.0,0.7715,0.8289,209,7.28,294.41892135834087,294.8018,588.8766,441.8392,0.0167,0.7329,0.8941,209,7.28,294.41996731841596,294.7915,588.8766,441.8341,0.0,0.8025,0.8941,209,7.28,293.3864673160034,295.4811,588.3954,441.9382,0.0333,0.7449,0.7207,209,7.28
294.3364628920149,292.6929,586.8356,439.7642,0.0667,0.7889,0.8333,210,7.296666666666667,294.16977126316175,292.8243,586.7781,439.8012,0.0,0.8696,0.6803,210,7.296666666666667,295.0920620394423,292.3033,587.179,439.7411,0.025,0.8301,0.8693,210,7.296666666666667,295.0415062789838,292.3405,587.179,439.7597,0.0,0.8608,0.8693,210,7.296666666666667,294.3364628920149,292.6929,586.8356,439.7642,0.0667,0.7889,0.8333,210,7.296666666666667
294.29894626564396,292.7587,586.8693,439.814,0.0417,0.8205,0.8364,211,7.3133333333333335,294.20999048235194,292.7858,586.7811,439.7834,0.0,0.8867,0.6812,211,7.3133333333333335,294.9436488738595,292.4209,587.1718,439.7964,0.0167,0.8632,0.881,211,7.3133333333333335,295.0315628087071,292.3366,587.1718,439.7542,0.0,0.9065,0.881,211,7.3133333333333335,294.29894626564396,292.7587,586.8693,439.814,0.0417,0.8205,0.8364,211,7.3133333333333335
294.2981020001493,292.7549,586.8637,439.8093,0.0417,0.8299,0.8493,212,7.338333333333334,294.209883495223,292.7812,586.7749,439.7781,0.0,0.8906,0.7078,212,7.338333333333334,295.08409384267856,292.2955,587.1674,439.7314,0.025,0.8161,0.8746,212,7.338333333333334,295.0359464090551,292.3283,587.1674,439.7478,0.0,0.8496,0.8746,212,7.338333333333334,294.2981020001493,292.7549,586.8637,439.8093,0.0417,0.8299,0.8493,212,7.338333333333334
294.3027280286799,292.7408,586.8571,439.7989,0.0417,0.8073,0.8476,213,7.371666666666667,294.2132430932239,292.768,586.7684,439.7682,0.0,0.8694,0.7033,213,7.371666666666667,294.94556207235905,292.4006,587.1581,439.7793,0.0167,0.8434,0.8392,213,7.371666666666667,295.0330214674733,292.3169,587.1581,439.7375,0.0,0.8497,0.8392,213,7.371666666666667,294.3027280286799,292.7408,586.8571,439.7989,0.0417,0.8073,0.8476,213,7.371666666666667
294.3010143810959,292.7393,586.8524,439.7959,0.0417,0.775,0.8233,214,7.405,294.2148904052867,292.7625,586.7614,439.762,0.0,0.8126,0.6321,214,7.405,295.04838170789196,292.3208,587.1901,439.7555,0.025,0.9107,0.8811,214,7.405,295.040206711593,292.2984,587.1461,439.7222,0.0,0.8751,0.8352,214,7.405,294.3010143810959,292.7393,586.8524,439.7959,0.0417,0.775,0.8233,214,7.405
294.22177163644506,292.7376,586.7863,439.762,0.0417,0.775,0.7723,215,7.44,294.14953695985025,292.75,586.702,439.726,0.0,0.8323,0.7141,215,7.44,294.95770733884274,292.2669,587.0277,439.6473,0.025,0.7998,0.8885,215,7.44,295.02784199380545,292.1924,587.0277,439.61,0.0,0.8037,0.8885,215,7.44,294.22177163644506,292.7376,586.7863,439.762,0.0417,0.775,0.7723,215,7.44
294.22495351530733,292.7322,586.784,439.7581,0.0417,0.7723,0.7786,216,7.471666666666668,294.15205370263743,292.7449,586.6993,439.7221,0.0,0.7926,0.6891,216,7.471666666666668,295.02926020749294,292.2009,587.0317,439.6163,0.0333,0.6824,0.8736,216,7.471666666666668,295.04395964011474,292.1778,587.0317,439.6047,0.0,0.7468,0.8736,216,7.471666666666668,294.22495351530733,292.7322,586.784,439.7581,0.0417,0.7723,0.7786,216,7.471666666666668
294.22281766582233,292.7328,586.781,439.7569,0.0417,0.7838,0.7682,217,7.513333333333334,294.15020016212856,292.7455,586.6966,439.7211,0.0,0.803,0.6682,217,7.513333333333334,295.030159255453,292.2003,587.032,439.6161,0.0333,0.6811,0.8736,217,7.513333333333334,295.0447518463976,292.1772,587.032,439.6046,0.0,0.7468,0.8736,217,7.513333333333334,294.22281766582233,292.7328,586.781,439.7569,0.0417,0.7838,0.7682,217,7.513333333333334
294.3721593755399,292.8489,587.0691,439.959,0.0417,0.78,0.8042,218,7.538333333333334,294.2886178276857,292.8734,586.9877,439.9306,0.0,0.8866,0.7765,218,7.538333333333334,295.090054584242,292.3957,587.3193,439.8575,0.0167,0.8607,0.8171,218,7.538333333333334,295.0994082356991,292.3784,587.3193,439.8489,0.0,0.8238,0.8171,218,7.538333333333334,294.3721593755399,292.8489,587.0691,439.959,0.0417,0.78,0.8042,218,7.538333333333334
294.30060652314825,292.8357,586.9876,439.9116,0.05,0.7735,0.72,219,7.571666666666667,294.2571899783895,292.8611,586.9427,439.9019,0.0,0.8983,0.6805,219,7.571666666666667,295.006740204532,292.4463,587.2843,439.8653,0.025,0.8002,0.8348,219,7.571666666666667,295.0714738550281,292.3745,587.2843,439.8294,0.0,0.7976,0.8348,219,7.571666666666667,294.30060652314825,292.8357,586.9876,439.9116,0.05,0.7735,0.72,219,7.571666666666667
294.34170870255605,292.8137,586.9879,439.9008,0.0417,0.7914,0.7404,220,7.605,294.2575321868452,292.8394,586.9059,439.8726,0.0,0.8938,0.6721,220,7.605,295.0660096372699,292.3657,587.2484,439.8071,0.0167,0.8233,0.8283,220,7.605,295.0732016793275,292.3496,587.2484,439.799,0.0,0.8402,0.8283,220,7.605,294.34170870255605,292.8137,586.9879,439.9008,0.0417,0.7914,0.7404,220,7.605
294.3914168671778,293.6082,587.6993,440.6537,0.0083,0.8918,0.7846,221,7.638333333333334,294.4672950436049,293.5276,587.6993,440.6134,0.0,0.9361,0.7846,221,7.638333333333334,295.5967831814089,292.7874,588.1038,440.4456,0.025,0.7233,0.8969,221,7.638333333333334,295.54799235455323,292.822,588.1038,440.4629,0.0,0.7856,0.8969,221,7.638333333333334,294.3914168671778,293.6082,587.6993,440.6537,0.0083,0.8918,0.7846,221,7.638333333333334
293.71025112219337,295.2471,588.4589,441.853,0.0333,0.6713,0.8447,222,7.671666666666667,293.7108105857093,295.2618,588.5732,441.9175,0.0,0.7877,0.8881,222,7.671666666666667,294.75602608729093,294.599,588.966,441.7825,0.0167,0.7708,0.9813,222,7.671666666666667,294.76166644184786,294.5806,588.966,441.7733,0.0,0.8361,0.9813,222,7.671666666666667,293.71025112219337,295.2471,588.4589,441.853,0.0333,0.6713,0.8447,222,7.671666666666667
293.47049829061336,295.0549,588.166,441.6105,0.025,0.711,0.8408,223,7.705,293.44123028763556,295.0665,588.166,441.6163,0.0,0.7671,0.8408,223,7.705,294.45868693333307,294.3601,588.5067,441.4334,0.0167,0.6879,0.9146,223,7.705,294.4631610330041,294.3474,588.5067,441.427,0.0,0.7473,0.9146,223,7.705,293.47049829061336,295.0549,588.166,441.6105,0.025,0.711,0.8408,223,7.705
293.56543857437737,294.0404,587.3314,440.6859,0.025,0.7995,0.9135,224,7.738333333333334,293.53717230983136,294.0537,587.3314,440.6925,0.0,0.832,0.9135,224,7.738333333333334,294.5824047489674,293.3973,587.7408,440.5691,0.025,0.6989,0.8482,224,7.738333333333334,294.60348276464333,293.3743,587.7408,440.5576,0.0,0.7516,0.8482,224,7.738333333333334,293.56543857437737,294.0404,587.3314,440.6859,0.025,0.7995,0.9135,224,7.738333333333334
293.86103639898727,293.2539,586.91,440.082,0.0417,0.6092,0.9336,225,7.771666666666667,293.9785729886814,293.1577,586.91,440.0339,0.0,0.7885,0.9336,225,7.771666666666667,294.90140607466356,292.6132,587.203,439.9081,0.0417,0.7363,0.8304,225,7.771666666666667,294.949405254091,292.5947,587.3069,439.9508,0.0,0.7928,0.9566,225,7.771666666666667,293.86103639898727,293.2539,586.91,440.082,0.0417,0.6092,0.9336,225,7.771666666666667
294.074727128953,292.9242,586.7792,439.8517,0.025,0.9094,0.7279,226,7.803333333333334,294.0477317485705,292.9364,586.7792,439.8578,0.0,0.8844,0.7279,226,7.803333333333334,294.88873306377315,292.412,587.103,439.7575,0.025,0.7652,0.7672,226,7.803333333333334,294.94759766083934,292.3926,587.1426,439.7676,0.0,0.799,0.7764,226,7.803333333333334,294.074727128953,292.9242,586.7792,439.8517,0.025,0.9094,0.7279,226,7.803333333333334
294.08221295584235,292.8973,586.7617,439.8295,0.025,0.8819,0.7219,227,7.838333333333334,294.0536405399401,292.911,586.7617,439.8364,0.0,0.8958,0.7219,227,7.838333333333334,294.91677418749214,292.3497,587.0957,439.7227,0.05,0.7405,0.7518,227,7.838333333333334,294.9580391502479,292.3298,587.095,439.7124,0.0,0.8071,0.801,227,7.838333333333334,294.08221295584235,292.8973,586.7617,439.8295,0.025,0.8819,0.7219,227,7.838333333333334
294.10991375384884,292.8682,586.761,439.8146,0.025,0.8409,0.7074,228,7.873333333333334,294.0834622666195,292.8795,586.761,439.8203,0.0,0.8574,0.7074,228,7.873333333333334,294.92866528760516,292.3276,587.0877,439.7076,0.05,0.7692,0.7259,228,7.873333333333334,294.9715574449565,292.306,587.087,439.6965,0.0,0.8303,0.7806,228,7.873333333333334,294.10991375384884,292.8682,586.761,439.8146,0.025,0.8409,0.7074,228,7.873333333333334
294.10879059151637,292.8595,586.751,439.8052,0.025,0.8218,0.7459,229,7.905,294.08230802563196,292.8708,586.751,439.8109,0.0,0.8624,0.7459,229,7.905,294.940250155644,292.3082,587.0811,439.6946,0.0333,0.8382,0.7254,229,7.905,294.980844688232,292.2904,587.0807,439.6856,0.0,0.8539,0.7761,229,7.905,294.10879059151637,292.8595,586.751,439.8052,0.025,0.8218,0.7459,229,7.905
294.1126141467139,292.8489,586.745,439.797,0.025,0.8235,0.7423,230,7.9383333333333335,294.08556698235464,292.8608,586.745,439.8029,0.0,0.8362,0.7423,230,7.9383333333333335,294.89011453176295,292.306,586.9557,439.6309,0.05,0.7711,0.7079,230,7.9383333333333335,294.982987649219,292.2854,587.0775,439.6814,0.0,0.836,0.7857,230,7.9383333333333335,294.1126141467139,292.8489,586.745,439.797,0.025,0.8235,0.7423,230,7.9383333333333335
294.1289763978225,292.8354,586.7474,439.7914,0.025,0.8429,0.7488,231,7.9766666666666675,294.10131164707025,292.8478,586.7474,439.7976,0.0,0.8162,0.7488,231,7.9766666666666675,294.92627218934405,292.298,586.9556,439.6268,0.0667,0.7705,0.6374,231,7.9766666666666675,295.0257646771329,292.278,587.1058,439.6919,0.0,0.8194,0.8152,231,7.9766666666666675,294.1289763978225,292.8354,586.7474,439.7914,0.025,0.8429,0.7488,231,7.9766666666666675
294.13692686351567,292.8309,586.7587,439.7948,0.025,0.824,0.7559,232,8.013333333333334,294.1090105103707,292.8437,586.7587,439.8012,0.0,0.8533,0.7559,232,8.013333333333334,294.94540665447755,292.2907,586.9786,439.6346,0.05,0.8107,0.6311,232,8.013333333333334,295.03246586600983,292.2715,587.1106,439.6911,0.0,0.8322,0.805,232,8.013333333333334,294.13692686351567,292.8309,586.7587,439.7948,0.025,0.824,0.7559,232,8.013333333333334
294.298939376903,292.8691,586.9753,439.9222,0.0417,0.7284,0.7861,233,8.038333333333334,294.1455693235026,292.9979,586.9753,439.9866,0.0,0.8008,0.7861,233,8.038333333333334,295.0605036897483,292.4635,587.3495,439.9065,0.025,0.817,0.7523,233,8.038333333333334,295.012684618157,292.4976,587.3495,439.9235,0.0,0.8473,0.7523,233,8.038333333333334,294.298939376903,292.8691,586.9753,439.9222,0.0417,0.7284,0.7861,233,8.038333333333334
294.12293331927356,292.8983,586.7635,439.8309,0.0417,0.7688,0.7793,234,8.08,294.05520973605155,292.9802,586.8473,439.9137,0.0,0.8084,0.8612,234,8.08,294.9756351985586,292.4497,587.2251,439.8374,0.025,0.7992,0.9288,234,8.08,294.922994759184,292.4871,587.2251,439.8561,0.0,0.8611,0.9288,234,8.08,294.12293331927356,292.8983,586.7635,439.8309,0.0417,0.7688,0.7793,234,8.08
294.09536383398654,292.9233,586.8297,439.8765,0.0167,1.0494,0.8221,235,8.113333333333333,294.1630770908895,292.8323,586.792,439.8122,0.0,1.0861,0.8887,235,8.113333333333333,294.9981077961062,292.3756,587.1777,439.7766,0.0167,0.8463,0.9653,235,8.113333333333333,295.01568984192016,292.3476,587.1777,439.7627,0.0,0.9097,0.9653,235,8.113333333333333,294.09536383398654,292.9233,586.8297,439.8765,0.0167,1.0494,0.8221,235,8.113333333333333
294.20770354681736,292.8235,586.8328,439.8281,0.0167,0.9595,0.8203,236,8.138333333333334,294.27272786710876,292.7352,586.7952,439.7652,0.0,0.9417,0.8772,236,8.138333333333334,295.0156420294072,292.351,587.169,439.76,0.0167,0.8839,1.0007,236,8.138333333333334,295.03252755982714,292.3242,587.169,439.7466,0.0,0.8074,1.0007,236,8.138333333333334,294.20770354681736,292.8235,586.8328,439.8281,0.0167,0.9595,0.8203,236,8.138333333333334
294.3402061729221,292.7019,586.8308,439.7663,0.0333,0.8797,0.8225,237,8.18,294.2866348395599,292.7209,586.7932,439.757,0.0,0.9392,0.8713,237,8.18,295.0312318183222,292.341,587.1707,439.7559,0.0167,0.8546,1.0024,237,8.18,295.04858661148893,292.3146,587.1707,439.7426,0.0,0.8217,1.0024,237,8.18,294.3402061729221,292.7019,586.8308,439.7663,0.0333,0.8797,0.8225,237,8.18
294.43901405556426,292.9995,587.1614,440.0805,0.0083,1.0133,0.7847,238,8.213333333333335,294.518675071818,292.9149,587.1614,440.0382,0.0,1.0345,0.7847,238,8.213333333333335,295.42517800302124,292.4903,587.6339,440.0621,0.05,0.8171,0.9357,238,8.213333333333335,295.37748428762836,292.4618,587.5902,440.026,0.0,0.8005,0.9749,238,8.213333333333335,294.43901405556426,292.9995,587.1614,440.0805,0.0083,1.0133,0.7847,238,8.213333333333335
293.8902974317796,295.0077,588.4914,441.7495,0.0167,0.8779,0.8295,239,8.236666666666666,293.9105480206085,294.9735,588.4914,441.7324,0.0,0.9216,0.8295,239,8.236666666666666,294.95285364430504,294.3242,588.8941,441.6091,0.0333,0.719,0.9219,239,8.236666666666666,294.9488467049073,294.3612,588.931,441.6461,0.0,0.8181,0.9108,239,8.236666666666666,293.8902974317796,295.0077,588.4914,441.7495,0.0167,0.8779,0.8295,239,8.236666666666666
293.3957521017429,295.4133,588.4417,441.9275,0.0167,0.8422,0.7926,240,8.283333333333333,293.51154831616014,295.3361,588.474,441.905,0.0,0.7857,0.768,240,8.283333333333333,294.4987838543202,294.7182,588.855,441.7866,0.0167,0.8007,0.9642,240,8.283333333333333,294.6109591037421,294.6558,588.8946,441.7752,0.0,0.8477,0.9357,240,8.283333333333333,293.3957521017429,295.4133,588.4417,441.9275,0.0167,0.8422,0.7926,240,8.283333333333333
293.5646280697323,294.2953,587.558,440.9267,0.0417,0.7532,0.8388,241,8.311666666666667,293.53100717516315,294.3544,587.5929,440.9736,0.0,0.7573,0.7669,241,8.311666666666667,294.5528596337718,293.7385,588.003,440.8708,0.025,0.6292,1.0019,241,8.311666666666667,294.6099548960866,293.675,588.003,440.839,0.0,0.7848,1.0019,241,8.311666666666667,293.5646280697323,294.2953,587.558,440.9267,0.0417,0.7532,0.8388,241,8.311666666666667
293.7807995461831,293.4784,586.9723,440.2254,0.0333,0.707,0.6863,242,8.338333333333335,293.85002946737296,293.4368,587.0482,440.2425,0.0,0.7647,0.632,242,8.338333333333335,294.8743084293434,292.7831,587.4249,440.104,0.0167,0.7057,0.8392,242,8.338333333333335,294.8806956217024,292.7693,587.4249,440.0971,0.0,0.6907,0.8392,242,8.338333333333335,293.7807995461831,293.4784,586.9723,440.2254,0.0333,0.707,0.6863,242,8.338333333333335
294.12604574320864,292.8537,586.6944,439.774,0.0417,0.6898,0.709,243,8.383333333333335,294.05648610652736,292.9313,586.7691,439.8502,0.0,0.8154,0.75,243,8.383333333333335,294.7894590504809,292.598,587.1895,439.8937,0.025,0.6972,0.8937,243,8.383333333333335,294.92910265207837,292.4628,587.1895,439.8262,0.0,0.7433,0.8937,243,8.383333333333335,294.12604574320864,292.8537,586.6944,439.774,0.0417,0.6898,0.709,243,8.383333333333335
294.276429163201,292.6429,586.6579,439.6504,0.0417,0.7545,0.7407,244,8.413333333333334,294.2029039507189,292.7241,586.7262,439.7251,0.0,0.8008,0.7964,244,8.413333333333334,294.9915137194712,292.342,587.1371,439.7395,0.0167,0.8626,0.9555,244,8.413333333333334,295.0053916279927,292.3208,587.1371,439.729,0.0,0.8802,0.9555,244,8.413333333333334,294.276429163201,292.6429,586.6579,439.6504,0.0417,0.7545,0.7407,244,8.413333333333334
294.3153403805909,292.6576,586.7378,439.6977,0.0333,0.6893,0.8015,245,8.438333333333334,294.22932578536756,292.7224,586.7378,439.7301,0.0,0.8274,0.8015,245,8.438333333333334,294.9916096309979,292.3296,587.1425,439.7361,0.0333,0.8973,0.7895,245,8.438333333333334,295.05703243617916,292.2538,587.0978,439.6758,0.0,0.8625,0.7134,245,8.438333333333334,294.3153403805909,292.6576,586.7378,439.6977,0.0333,0.6893,0.8015,245,8.438333333333334
294.31667046099835,292.6585,586.7394,439.699,0.0333,0.704,0.8133,246,8.485000000000001,294.23041043907074,292.7236,586.7394,439.7315,0.0,0.8284,0.8133,246,8.485000000000001,294.99146380879927,292.3316,587.1438,439.7377,0.0333,0.8856,0.7892,246,8.485000000000001,295.0569762014826,292.2557,587.0989,439.6773,0.0,0.8586,0.7299,246,8.485000000000001,294.31667046099835,292.6585,586.7394,439.699,0.0333,0.704,0.8133,246,8.485000000000001
294.32144729383083,292.653,586.739,439.696,0.0333,0.6905,0.8042,247,8.511666666666667,294.23474194091915,292.7185,586.739,439.7288,0.0,0.83,0.8042,247,8.511666666666667,295.05101500348644,292.2723,587.1411,439.7067,0.0417,0.8442,0.787,247,8.511666666666667,295.05877275743717,292.2509,587.0963,439.6736,0.0,0.8405,0.6963,247,8.511666666666667,294.32144729383083,292.653,586.739,439.696,0.0333,0.6905,0.8042,247,8.511666666666667
294.17071851118453,292.9848,586.9281,439.9564,0.0417,0.7892,0.5756,248,8.546666666666667,294.20788885137597,293.0049,587.0472,440.0261,0.0,0.8746,0.7093,248,8.546666666666667,294.9749557457492,292.6115,587.4024,440.007,0.025,0.838,0.6637,248,8.546666666666667,295.0589068906592,292.5397,587.442,439.9908,0.0,0.9576,0.7088,248,8.546666666666667,294.17071851118453,292.9848,586.9281,439.9564,0.0417,0.7892,0.5756,248,8.546666666666667
294.19022158919813,292.9531,586.9012,439.9271,0.0333,0.8785,0.6794,249,8.571666666666667,294.184439951658,292.9756,586.9781,439.9768,0.0,0.8621,0.6721,249,8.571666666666667,295.10782020801724,292.4662,587.3853,439.9257,0.025,0.817,0.7901,249,8.571666666666667,295.0613987139692,292.498,587.3853,439.9416,0.0,0.8685,0.7901,249,8.571666666666667,294.19022158919813,292.9531,586.9012,439.9271,0.0333,0.8785,0.6794,249,8.571666666666667
294.15920501842174,292.8587,586.7878,439.8233,0.025,0.7911,0.8543,250,8.603333333333333,294.12814196545514,292.8746,586.7878,439.8312,0.0,0.8748,0.8543,250,8.603333333333333,295.0985349900402,292.3006,587.1857,439.7431,0.0167,0.8754,0.7817,250,8.603333333333333,295.10648209179755,292.2825,587.1857,439.7341,0.0,0.8271,0.7817,250,8.603333333333333,294.15920501842174,292.8587,586.7878,439.8233,0.025,0.7911,0.8543,250,8.603333333333333
294.14705464651456,292.8044,586.6769,439.7406,0.0333,0.7715,0.7178,251,8.638333333333334,294.1460884842158,292.8217,586.7559,439.7888,0.0,0.8279,0.7937,251,8.638333333333334,295.0574755469505,292.2428,587.0478,439.6453,0.025,0.8497,0.7326,251,8.638333333333334,295.10231470444546,292.2261,587.1329,439.6795,0.0,0.8612,0.756,251,8.638333333333334,294.14705464651456,292.8044,586.6769,439.7406,0.0333,0.7715,0.7178,251,8.638333333333334
294.09664105190154,292.791,586.6091,439.7001,0.0417,0.7879,0.6954,252,8.671666666666667,294.13707955936,292.8097,586.7376,439.7737,0.0,0.8481,0.7661,252,8.671666666666667,295.03730800149583,292.2389,587.0292,439.634,0.025,0.8596,0.6865,252,8.671666666666667,295.0825407777321,292.2224,587.1147,439.6686,0.0,0.8721,0.7993,252,8.671666666666667,294.09664105190154,292.791,586.6091,439.7001,0.0417,0.7879,0.6954,252,8.671666666666667
294.1001119469373,292.7815,586.6046,439.693,0.0417,0.7741,0.6959,253,8.705,294.1394824496236,292.801,586.7321,439.7666,0.0,0.8539,0.7537,253,8.705,295.04732953957966,292.2265,587.0275,439.627,0.025,0.8703,0.6782,253,8.705,295.0914287037635,292.2108,587.112,439.6614,0.0,0.8772,0.8073,253,8.705,294.1001119469373,292.7815,586.6046,439.693,0.0417,0.7741,0.6959,253,8.705
294.10567854292077,292.7763,586.6058,439.691,0.0417,0.7974,0.6962,254,8.738333333333333,294.14808457870004,292.7925,586.7331,439.7628,0.0,0.8502,0.7496,254,8.738333333333333,295.0101656824386,292.2223,586.9807,439.6015,0.0333,0.8526,0.5998,254,8.738333333333333,295.09926823022295,292.2029,587.1127,439.6578,0.0,0.854,0.8138,254,8.738333333333333,294.10567854292077,292.7763,586.6058,439.691,0.0417,0.7974,0.6962,254,8.738333333333333
294.31724055002417,292.6086,586.7072,439.6579,0.025,0.7291,0.8282,255,8.773333333333333,294.281118115467,292.6292,586.7072,439.6682,0.0,0.7931,0.8282,255,8.773333333333333,295.0733544103024,292.1538,587.0312,439.5925,0.025,0.784,0.8736,255,8.773333333333333,295.03422427404155,292.1827,587.0312,439.607,0.0,0.7677,0.8736,255,8.773333333333333,294.31724055002417,292.6086,586.7072,439.6579,0.025,0.7291,0.8282,255,8.773333333333333
294.3174817743189,292.6102,586.7093,439.6597,0.025,0.7284,0.8262,256,8.805,294.2813617349333,292.6308,586.7093,439.67,0.0,0.8335,0.8262,256,8.805,294.9845923184092,292.2362,587.0308,439.6335,0.0167,0.8203,0.8702,256,8.805,294.99842251874094,292.2143,587.0308,439.6226,0.0,0.7881,0.8702,256,8.805,294.3174817743189,292.6102,586.7093,439.6597,0.025,0.7284,0.8262,256,8.805
294.3427366682797,292.6073,586.7487,439.678,0.0333,0.7347,0.8219,257,8.838333333333335,294.2853458676625,292.6278,586.7089,439.6683,0.0,0.7913,0.8296,257,8.838333333333335,295.04157632695,292.1785,587.0278,439.6032,0.025,0.7967,0.885,257,8.838333333333335,295.0033835872098,292.2048,587.0278,439.6163,0.0,0.7704,0.885,257,8.838333333333335,294.3427366682797,292.6073,586.7487,439.678,0.0333,0.7347,0.8219,257,8.838333333333335
294.34306545679294,292.6073,586.7489,439.6781,0.0333,0.7263,0.8208,258,8.871666666666668,294.2858531303394,292.6278,586.7093,439.6686,0.0,0.7831,0.8229,258,8.871666666666668,295.0407875655874,292.1789,587.027,439.6029,0.025,0.7994,0.8806,258,8.871666666666668,295.00253182636914,292.2052,587.027,439.6161,0.0,0.7675,0.8806,258,8.871666666666668,294.34306545679294,292.6073,586.7489,439.6781,0.0333,0.7263,0.8208,258,8.871666666666668
294.3919169832916,292.5638,586.7485,439.6561,0.0417,0.623,0.8197,259,8.905000000000001,294.28537838393436,292.6281,586.7086,439.6683,0.0,0.7896,0.8279,259,8.905000000000001,295.04264705976607,292.1781,587.0281,439.6031,0.025,0.7979,0.8824,259,8.905000000000001,295.00435797716716,292.2045,587.0281,439.6163,0.0,0.7674,0.8824,259,8.905000000000001,294.3919169832916,292.5638,586.7485,439.6561,0.0417,0.623,0.8197,259,8.905000000000001
294.34215489275005,292.6103,586.7505,439.6804,0.0333,0.7394,0.8238,260,8.938333333333334,294.28490009764346,292.6307,586.7106,439.6706,0.0,0.8472,0.8293,260,8.938333333333334,295.03967433474105,292.1793,587.027,439.6032,0.025,0.8004,0.9204,260,8.938333333333334,295.0016080791582,292.2057,587.027,439.6163,0.0,0.7701,0.9204,260,8.938333333333334,294.34215489275005,292.6103,586.7505,439.6804,0.0333,0.7394,0.8238,260,8.938333333333334
294.3219873876973,292.6146,586.7165,439.6655,0.025,0.7756,0.8697,261,8.971666666666668,294.28728964109155,292.6338,586.7165,439.6752,0.0,0.8508,0.8697,261,8.971666666666668,294.9890669006485,292.2354,587.0326,439.634,0.0167,0.8001,0.9183,261,8.971666666666668,295.00297606085877,292.2127,587.0326,439.6226,0.0,0.8041,0.9183,261,8.971666666666668,294.3219873876973,292.6146,586.7165,439.6655,0.025,0.7756,0.8697,261,8.971666666666668
294.3228023075482,292.6124,586.7164,439.6644,0.025,0.7908,0.8811,262,9.013333333333334,294.2884478948197,292.6314,586.7164,439.6739,0.0,0.8397,0.8811,262,9.013333333333334,294.9887599600494,292.2326,587.032,439.6323,0.0167,0.8016,0.9159,262,9.013333333333334,295.00269336209993,292.2094,587.032,439.6207,0.0,0.807,0.9159,262,9.013333333333334,294.3228023075482,292.6124,586.7164,439.6644,0.025,0.7908,0.8811,262,9.013333333333334
294.28288479988873,292.7736,586.8711,439.8223,0.025,0.7861,0.7456,263,9.038333333333334,294.25041549171254,292.791,586.8711,439.831,0.0,0.8177,0.7456,263,9.038333333333334,294.97062045880676,292.4066,587.222,439.8143,0.0083,0.8228,0.7979,263,9.038333333333334,295.0430225520438,292.3289,587.222,439.7755,0.0,0.8431,0.7979,263,9.038333333333334,294.28288479988873,292.7736,586.8711,439.8223,0.025,0.7861,0.7456,263,9.038333333333334
294.21885560675446,292.8534,586.8883,439.8708,0.025,0.7537,0.8632,264,9.071666666666667,294.18096363726056,292.8778,586.8883,439.883,0.0,0.7688,0.8632,264,9.071666666666667,294.93408163751644,292.4169,587.1987,439.8078,0.0167,0.8626,0.8402,264,9.071666666666667,294.94452655529244,292.3971,587.1987,439.7979,0.0,0.8443,0.8402,264,9.071666666666667,294.21885560675446,292.8534,586.8883,439.8708,0.025,0.7537,0.8632,264,9.071666666666667
294.2300814009821,292.8309,586.8504,439.8406,0.025,0.8181,0.6558,265,9.106666666666667,294.1909003672324,292.8542,586.8504,439.8523,0.0,0.8667,0.6558,265,9.106666666666667,295.0111366065712,292.4704,587.2771,439.8738,0.0167,0.8061,0.8878,265,9.106666666666667,295.0255561248576,292.4474,587.2771,439.8623,0.0,0.7914,0.8878,265,9.106666666666667,294.2300814009821,292.8309,586.8504,439.8406,0.025,0.8181,0.6558,265,9.106666666666667
294.25575073050607,292.7232,586.7553,439.7392,0.0583,0.7993,0.6161,266,9.138333333333334,294.2457982424528,292.7488,586.7845,439.7667,0.0,0.8857,0.6436,266,9.138333333333334,295.04118111521075,292.3502,587.1142,439.7322,0.0333,0.8834,0.6755,266,9.138333333333334,295.0535792966633,292.329,587.179,439.754,0.0,0.9225,0.8796,266,9.138333333333334,294.25575073050607,292.7232,586.7553,439.7392,0.0583,0.7993,0.6161,266,9.138333333333334
294.2181225201499,292.7035,586.6437,439.6736,0.0333,0.753,0.7125,267,9.171666666666667,294.21617812941076,292.7219,586.7231,439.7225,0.0,0.8547,0.581,267,9.171666666666667,294.96965434850273,292.3385,587.0375,439.688,0.025,0.8791,0.7658,267,9.171666666666667,295.0249904988348,292.3127,587.1282,439.7205,0.0,0.8316,0.8857,267,9.171666666666667,294.2181225201499,292.7035,586.6437,439.6736,0.0333,0.753,0.7125,267,9.171666666666667
294.2302660936558,292.689,586.6706,439.6798,0.0417,0.7671,0.5784,268,9.205,294.20841483008064,292.7083,586.7092,439.7088,0.0,0.8604,0.5504,268,9.205,295.00631860301087,292.3182,587.05,439.6841,0.0333,0.8728,0.695,268,9.205,295.02043447042763,292.293,587.1145,439.7038,0.0,0.8998,0.7459,268,9.205,294.2302660936558,292.689,586.6706,439.6798,0.0417,0.7671,0.5784,268,9.205
294.24073659337864,292.6803,586.6937,439.687,0.025,0.7807,0.6178,269,9.238333333333333,294.20385580464443,292.7008,586.6937,439.6972,0.0,0.8625,0.6178,269,9.238333333333333,294.9706861079701,292.3083,587.022,439.6652,0.025,0.88,0.7641,269,9.238333333333333,295.02204022304073,292.2837,587.1043,439.694,0.0,0.8533,0.7909,269,9.238333333333333,294.24073659337864,292.6803,586.6937,439.687,0.025,0.7807,0.6178,269,9.238333333333333
294.21415753863175,292.6689,586.621,439.645,0.0333,0.7334,0.6216,270,9.271666666666667,294.2048343770034,292.6899,586.6883,439.6891,0.0,0.7315,0.6054,270,9.271666666666667,294.971803263182,292.297,587.0162,439.6566,0.025,0.8748,0.7785,270,9.271666666666667,295.0224603541241,292.2729,587.0976,439.6852,0.0,0.8506,0.8248,270,9.271666666666667,294.21415753863175,292.6689,586.621,439.645,0.0333,0.7334,0.6216,270,9.271666666666667
294.5195636032234,293.4793,587.6156,440.5475,0.0333,0.7069,0.7898,271,9.306666666666667,294.5151438389488,293.4997,587.7074,440.6036,0.0,0.8059,0.7715,271,9.306666666666667,295.51578160638553,292.9261,588.176,440.551,0.0417,0.7426,0.8798,271,9.306666666666667,295.5023268672752,292.9057,588.1277,440.5167,0.0,0.7896,0.8813,271,9.306666666666667,294.5195636032234,293.4793,587.6156,440.5475,0.0333,0.7069,0.7898,271,9.306666666666667
293.69747557485334,295.1498,588.345,441.7474,0.0333,0.8496,0.7597,272,9.338333333333335,293.69660105944706,295.1633,588.4531,441.8082,0.0,0.8223,0.7253,272,9.338333333333335,294.6551721529355,294.63,588.7551,441.6925,0.0417,0.6446,0.8012,272,9.338333333333335,294.77932208102305,294.5325,588.8968,441.7146,0.0,0.7406,0.9244,272,9.338333333333335,293.69747557485334,295.1498,588.345,441.7474,0.0333,0.8496,0.7597,272,9.338333333333335
293.55821428380943,294.8409,588.1053,441.4731,0.05,0.7175,0.6817,273,9.371666666666668,293.4386025831561,294.8931,588.0092,441.4512,0.0,0.8953,0.7888,273,9.371666666666668,294.4891301777991,294.2226,588.3929,441.3077,0.0167,0.7258,0.9844,273,9.371666666666668,294.44897740797717,294.2508,588.3929,441.3219,0.0,0.7722,0.9844,273,9.371666666666668,293.55821428380943,294.8409,588.1053,441.4731,0.05,0.7175,0.6817,273,9.371666666666668
293.7178164872906,293.8996,587.354,440.6268,0.025,0.7891,0.7237,274,9.41,293.6862839952428,293.9162,587.354,440.6351,0.0,0.7907,0.7237,274,9.41,294.67492240788096,293.2744,587.7136,440.494,0.0333,0.7521,0.9131,274,9.41,294.68638365368207,293.255,587.7136,440.4843,0.0,0.8066,0.9131,274,9.41,293.7178164872906,293.8996,587.354,440.6268,0.025,0.7891,0.7237,274,9.41
293.99064718470663,293.1831,586.9362,440.0596,0.0083,0.9352,0.8301,275,9.438333333333334,294.0677940622603,293.1011,586.9362,440.0187,0.0,0.8861,0.8301,275,9.438333333333334,294.802890325073,292.7113,587.2531,439.9822,0.0167,0.8566,0.9663,275,9.438333333333334,294.9053084108699,292.6385,587.3343,439.9864,0.0,0.8715,0.8851,275,9.438333333333334,293.99064718470663,293.1831,586.9362,440.0596,0.0083,0.9352,0.8301,275,9.438333333333334
294.15107958226304,292.8484,586.7669,439.8077,0.025,0.8257,0.8244,276,9.471666666666668,294.1130971737558,292.871,586.7669,439.819,0.0,0.8799,0.8244,276,9.471666666666668,294.9584015929008,292.3916,587.1354,439.7635,0.0167,0.8665,0.9241,276,9.471666666666668,294.9684069038192,292.3739,587.1354,439.7546,0.0,0.8488,0.9241,276,9.471666666666668,294.15107958226304,292.8484,586.7669,439.8077,0.025,0.8257,0.8244,276,9.471666666666668
294.0503615831075,293.0256,586.8363,439.9309,0.05,0.8847,0.6589,277,9.511666666666667,294.16814379869584,293.0058,586.9974,440.0016,0.0,1.011,0.6263,277,9.511666666666667,295.1484045544129,292.4588,587.464,439.9614,0.0583,0.739,0.8368,277,9.511666666666667,295.07415865686835,292.5065,587.4056,439.956,0.0,0.9088,0.9043,277,9.511666666666667,294.0503615831075,293.0256,586.8363,439.9309,0.05,0.8847,0.6589,277,9.511666666666667
294.16592364876175,293.0602,587.093,440.0766,0.05,0.8405,0.7087,278,9.545,294.15574892956573,293.028,586.9985,440.0132,0.0,0.9358,0.6912,278,9.545,295.0896691554099,292.4848,587.4104,439.9476,0.0417,0.6611,0.8125,278,9.545,295.0643417895428,292.5165,587.3977,439.9571,0.0,0.8287,0.9009,278,9.545,294.16592364876175,293.0602,587.093,440.0766,0.05,0.8405,0.7087,278,9.545
293.9322973911351,293.0463,586.7336,439.89,0.0417,0.793,0.626,279,9.571666666666667,294.1320203632311,292.9588,586.8881,439.9234,0.0,0.8011,0.6461,279,9.571666666666667,294.92127499183374,292.5277,587.2648,439.8963,0.025,0.7729,0.7155,279,9.571666666666667,295.0490131472435,292.4468,587.2973,439.8721,0.0,0.8286,0.7085,279,9.571666666666667,293.9322973911351,293.0463,586.7336,439.89,0.0417,0.793,0.626,279,9.571666666666667
294.2343679543744,292.7978,586.8116,439.8047,0.0167,0.9349,0.6119,280,9.615,294.2524609621296,292.769,586.8116,439.7903,0.0,0.8732,0.6119,280,9.615,295.0986463933184,292.2873,587.2104,439.7488,0.05,0.735,0.8004,280,9.615,295.1380357074345,292.2666,587.2042,439.7354,0.0,0.8412,0.7417,280,9.615,294.2343679543744,292.7978,586.8116,439.8047,0.0167,0.9349,0.6119,280,9.615
294.19473706932524,292.6729,586.5746,439.6237,0.0417,0.8485,0.7092,281,9.645000000000001,294.2243410463581,292.7001,586.7014,439.7008,0.0,0.9537,0.7619,281,9.645000000000001,295.11782773146956,292.1645,587.072,439.6183,0.025,0.8065,0.7897,281,9.645000000000001,295.0679221466881,292.2008,587.072,439.6364,0.0,0.9088,0.7897,281,9.645000000000001,294.19473706932524,292.6729,586.5746,439.6237,0.0417,0.8485,0.7092,281,9.645000000000001
294.29350681862707,292.6143,586.6187,439.6165,0.0417,0.6996,0.7299,282,9.671666666666667,294.22570409019545,292.6904,586.6953,439.6928,0.0,0.8811,0.7666,282,9.671666666666667,295.1076993908257,292.1599,587.0585,439.6092,0.025,0.7974,0.767,282,9.671666666666667,295.0578249657265,292.1958,587.0585,439.6272,0.0,0.8664,0.767,282,9.671666666666667,294.29350681862707,292.6143,586.6187,439.6165,0.0417,0.6996,0.7299,282,9.671666666666667
294.27594757494126,292.6119,586.5959,439.6039,0.0417,0.6943,0.7062,283,9.716666666666667,294.2056423336596,292.6907,586.6748,439.6828,0.0,0.8757,0.753,283,9.716666666666667,295.12130285923854,292.1558,587.0914,439.6236,0.0333,0.7955,0.6832,283,9.716666666666667,295.04906076118095,292.192,587.0454,439.6187,0.0,0.8484,0.6939,283,9.716666666666667,294.27594757494126,292.6119,586.5959,439.6039,0.0417,0.6943,0.7062,283,9.716666666666667
294.27968835278426,292.6015,586.5909,439.5962,0.0417,0.7165,0.7141,284,9.745000000000001,294.2090724587711,292.6807,586.6701,439.6754,0.0,0.9327,0.7273,284,9.745000000000001,295.06811175974053,292.1955,587.0824,439.6389,0.0417,0.7631,0.6738,284,9.745000000000001,295.049659332724,292.1797,587.0367,439.6082,0.0,0.8568,0.693,284,9.745000000000001,294.27968835278426,292.6015,586.5909,439.5962,0.0417,0.7165,0.7141,284,9.745000000000001
294.21971194890534,292.6407,586.6415,439.6411,0.0417,0.8024,0.7546,285,9.771666666666667,294.20561132744416,292.6597,586.6471,439.6534,0.0,0.7917,0.7803,285,9.771666666666667,295.07994685582156,292.1359,587.0213,439.5786,0.0167,0.7485,0.8987,285,9.771666666666667,295.0924063532808,292.1134,587.0213,439.5674,0.0,0.7735,0.8987,285,9.771666666666667,294.21971194890534,292.6407,586.6415,439.6411,0.0417,0.8024,0.7546,285,9.771666666666667
294.20413717979886,292.6942,586.6897,439.692,0.025,0.8171,0.7798,286,9.816666666666666,294.2030900864389,292.6624,586.6475,439.6549,0.0,0.7743,0.7953,286,9.816666666666666,295.0323193921237,292.1937,587.0309,439.6123,0.025,0.7103,0.9344,286,9.816666666666666,295.0973109615163,292.1213,587.0309,439.5761,0.0,0.7605,0.9344,286,9.816666666666666,294.20413717979886,292.6942,586.6897,439.692,0.025,0.8171,0.7798,286,9.816666666666666
294.2563793385185,292.6423,586.6859,439.6641,0.0333,0.8013,0.7863,287,9.845,294.1999668849182,292.6609,586.6438,439.6523,0.0,0.7759,0.7824,287,9.845,294.99388623070035,292.1915,586.9511,439.5713,0.0333,0.71,0.9328,287,9.845,295.0927661248571,292.1194,587.0256,439.5725,0.0,0.7601,0.9318,287,9.845,294.2563793385185,292.6423,586.6859,439.6641,0.0333,0.8013,0.7863,287,9.845
294.2034913291759,292.6904,586.686,439.6882,0.025,0.808,0.7926,288,9.871666666666668,294.2022926583917,292.6588,586.644,439.6514,0.0,0.7641,0.7826,288,9.871666666666668,294.9938878533685,292.1913,586.9511,439.5712,0.0333,0.7101,0.9328,288,9.871666666666668,295.0928212717746,292.1192,587.0256,439.5724,0.0,0.7596,0.9318,288,9.871666666666668,294.2034913291759,292.6904,586.686,439.6882,0.025,0.808,0.7926,288,9.871666666666668
294.46628269338896,293.3527,587.4435,440.3981,0.0667,0.6739,0.6606,289,9.905000000000001,294.46000222889774,293.3631,587.5309,440.447,0.0,0.8116,0.6451,289,9.905000000000001,295.4606892786767,292.7641,587.8796,440.3218,0.025,0.6754,0.9484,289,9.905000000000001,295.5107647037762,292.7403,587.9739,440.3571,0.0,0.7602,1.0037,289,9.905000000000001,294.46628269338896,293.3527,587.4435,440.3981,0.0667,0.6739,0.6606,289,9.905000000000001
293.63965913931906,295.332,588.5606,441.9463,0.0083,0.8796,0.783,290,9.938333333333334,293.7118959352033,295.2546,588.5606,441.9076,0.0,0.8625,0.783,290,9.938333333333334,294.85147464212,294.5483,588.9911,441.7697,0.0167,0.7994,1.1771,290,9.938333333333334,294.8559301449277,294.5311,588.9911,441.7611,0.0,0.7382,1.1771,290,9.938333333333334,293.63965913931906,295.332,588.5606,441.9463,0.0083,0.8796,0.783,290,9.938333333333334
293.41043701058794,295.1101,588.0972,441.6036,0.0417,0.7907,0.7143,291,9.971666666666668,293.41691237320873,295.1521,588.2125,441.6823,0.0,0.8573,0.7291,291,9.971666666666668,294.56442192817855,294.4175,588.6269,441.5222,0.0167,0.7424,0.9279,291,9.971666666666668,294.52773724176893,294.4402,588.6269,441.5336,0.0,0.7772,0.9279,291,9.971666666666668,293.41043701058794,295.1101,588.0972,441.6036,0.0417,0.7907,0.7143,291,9.971666666666668
293.573692700781,294.318,587.6003,440.9592,0.0417,0.8084,0.6503,292,10.011666666666667,293.62233868398573,294.3284,587.7057,441.017,0.0,0.8548,0.6837,292,10.011666666666667,294.7772948949596,293.6248,588.166,440.8954,0.0167,0.7097,1.1214,292,10.011666666666667,294.7823714857381,293.6102,588.166,440.8881,0.0,0.7339,1.1214,292,10.011666666666667,293.573692700781,294.318,587.6003,440.9592,0.0417,0.8084,0.6503,292,10.011666666666667
293.7726484028127,293.5238,587.0635,440.2936,0.075,0.6697,0.6808,293,10.036666666666667,293.7464684107472,293.5885,587.1255,440.357,0.0,0.7844,0.7124,293,10.036666666666667,294.8336951555781,292.9648,587.6074,440.2861,0.0417,0.5976,0.8601,293,10.036666666666667,294.8013892885258,292.9441,587.5472,440.2457,0.0,0.6194,0.8668,293,10.036666666666667,293.7726484028127,293.5238,587.0635,440.2936,0.075,0.6697,0.6808,293,10.036666666666667
293.9638354113341,293.1035,586.8952,439.9993,0.0333,0.8919,0.7305,294,10.071666666666667,293.946489688758,293.0673,586.8156,439.9415,0.0,0.8992,0.6827,294,10.071666666666667,294.91275554805236,292.4274,587.0975,439.7624,0.075,0.6699,0.6625,294,10.071666666666667,294.9339691032909,292.4516,587.2074,439.8295,0.0,0.7104,0.7457,294,10.071666666666667,293.9638354113341,293.1035,586.8952,439.9993,0.0333,0.8919,0.7305,294,10.071666666666667
294.17195401330764,292.7636,586.7288,439.7462,0.0167,0.8751,0.759,295,10.105,294.1878034670475,292.7374,586.7288,439.7331,0.0,0.8989,0.759,295,10.105,294.90290022719273,292.3767,587.0845,439.7306,0.0083,0.8796,0.8605,295,10.105,294.9735974442166,292.3027,587.0845,439.6936,0.0,0.8709,0.8605,295,10.105,294.17195401330764,292.7636,586.7288,439.7462,0.0167,0.8751,0.759,295,10.105
294.08956777047035,292.8401,586.7287,439.7844,0.0167,0.8381,0.763,296,10.138333333333334,294.10799198078087,292.8115,586.7287,439.7701,0.0,0.8555,0.763,296,10.138333333333334,294.9659654496236,292.3143,587.082,439.6982,0.0167,0.8339,0.8572,296,10.138333333333334,294.9790521282715,292.2949,587.082,439.6885,0.0,0.8223,0.8572,296,10.138333333333334,294.08956777047035,292.8401,586.7287,439.7844,0.0167,0.8381,0.763,296,10.138333333333334
294.09883805877917,292.8315,586.7264,439.779,0.0167,0.8474,0.756,297,10.171666666666667,294.1165178094133,292.8036,586.7264,439.765,0.0,0.8427,0.756,297,10.171666666666667,294.97387225788117,292.3058,587.0788,439.6923,0.0167,0.842,0.85,297,10.171666666666667,294.98642908698855,292.2869,587.0788,439.6829,0.0,0.8187,0.85,297,10.171666666666667,294.09883805877917,292.8315,586.7264,439.779,0.0167,0.8474,0.756,297,10.171666666666667
294.15337526441556,292.7758,586.7212,439.7485,0.025,0.8609,0.7582,298,10.205,294.1265591473257,292.7869,586.7212,439.754,0.0,0.8217,0.7582,298,10.205,294.98342769677635,292.2989,587.0793,439.6891,0.0167,0.8828,0.9009,298,10.205,295.0050280264626,292.2697,587.0793,439.6745,0.0,0.8217,0.9009,298,10.205,294.15337526441556,292.7758,586.7212,439.7485,0.025,0.8609,0.7582,298,10.205
294.1449156790975,292.7916,586.721,439.7563,0.025,0.7741,0.7592,299,10.238333333333333,294.11529016759874,292.8053,586.721,439.7631,0.0,0.8372,0.7592,299,10.238333333333333,294.98803566001993,292.2842,587.0755,439.6798,0.0167,0.8744,0.8908,299,10.238333333333333,295.00915244686337,292.2562,587.0755,439.6658,0.0,0.806,0.8908,299,10.238333333333333,294.1449156790975,292.7916,586.721,439.7563,0.025,0.7741,0.7592,299,10.238333333333333
294.1667523792845,292.7561,586.7198,439.7379,0.025,0.7448,0.7498,300,10.271666666666667,294.1380218166862,292.769,586.7198,439.7444,0.0,0.7716,0.7498,300,10.271666666666667,294.9961085123912,292.2759,587.0765,439.6762,0.0167,0.8498,0.9066,300,10.271666666666667,295.01690676232715,292.2483,587.0765,439.6624,0.0,0.765,0.9066,300,10.271666666666667,294.1667523792845,292.7561,586.7198,439.7379,0.025,0.7448,0.7498,300,10.271666666666667
294.15804677817937,292.7623,586.7141,439.7382,0.025,0.7735,0.7573,301,10.305000000000001,294.12788920790854,292.7765,586.7141,439.7453,0.0,0.7378,0.7573,301,10.305000000000001,295.0468885484445,292.2239,587.0716,439.6478,0.025,0.8473,0.9114,301,10.305000000000001,295.00907561281804,292.251,587.0716,439.6613,0.0,0.7557,0.9114,301,10.305000000000001,294.15804677817937,292.7623,586.7141,439.7382,0.025,0.7735,0.7573,301,10.305000000000001
294.16099261764566,292.7613,586.7161,439.7387,0.025,0.7815,0.771,302,10.338333333333335,294.13096405989745,292.7754,586.7161,439.7457,0.0,0.7418,0.771,302,10.338333333333335,295.0828274330769,292.2234,587.0966,439.66,0.025,0.8543,0.8809,302,10.338333333333335,295.04299489072014,292.2505,587.0966,439.6736,0.0,0.7425,0.8809,302,10.338333333333335,294.16099261764566,292.7613,586.7161,439.7387,0.025,0.7815,0.771,302,10.338333333333335
294.1608794203969,292.7636,586.7181,439.7409,0.025,0.7735,0.7784,303,10.370000000000001,294.13120678689495,292.7774,586.7181,439.7477,0.0,0.7376,0.7784,303,10.370000000000001,295.0814401228388,292.2241,587.0965,439.6603,0.025,0.8484,0.8808,303,10.370000000000001,295.0418333683174,292.2512,587.0965,439.6738,0.0,0.7552,0.8808,303,10.370000000000001,294.1608794203969,292.7636,586.7181,439.7409,0.025,0.7735,0.7784,303,10.370000000000001
294.16097366608005,292.7621,586.7167,439.7394,0.025,0.7736,0.7854,304,10.405000000000001,294.1312689092607,292.7759,586.7167,439.7463,0.0,0.7417,0.7854,304,10.405000000000001,295.0798536640278,292.2253,587.0976,439.6615,0.025,0.866,0.8693,304,10.405000000000001,295.0402440593615,292.2529,587.0976,439.6752,0.0,0.7444,0.8693,304,10.405000000000001,294.16097366608005,292.7621,586.7167,439.7394,0.025,0.7736,0.7854,304,10.405000000000001
294.3192190290119,292.5517,586.6416,439.5966,0.0333,0.709,0.7647,305,10.438333333333334,294.23089830384686,292.6187,586.6416,439.6302,0.0,0.7633,0.7647,305,10.438333333333334,294.9589694325734,292.2755,587.0487,439.6621,0.0333,0.7241,0.796,305,10.438333333333334,295.0865147396644,292.1591,587.0487,439.6039,0.0,0.7505,0.796,305,10.438333333333334,294.3192190290119,292.5517,586.6416,439.5966,0.0333,0.709,0.7647,305,10.438333333333334
294.47121017842926,292.9208,587.1435,440.0322,0.0333,0.7748,0.843,306,10.471666666666668,294.496442975982,292.8844,587.1435,440.014,0.0,0.8401,0.843,306,10.471666666666668,295.2218416958136,292.5563,587.5649,440.0606,0.0167,0.84,0.9661,306,10.471666666666668,295.3536190376491,292.4221,587.5649,439.9935,0.0,0.8,0.9661,306,10.471666666666668,294.47121017842926,292.9208,587.1435,440.0322,0.0333,0.7748,0.843,306,10.471666666666668
294.19439960950615,294.8165,588.6615,441.739,0.0333,0.6804,0.8115,307,10.511666666666667,294.1100577702082,294.8818,588.6615,441.7717,0.0,0.8021,0.8115,307,10.511666666666667,295.07657302602405,294.3073,589.061,441.6841,0.0333,0.6669,0.9852,307,10.511666666666667,295.0928181524687,294.28,589.061,441.6705,0.0,0.6893,0.9852,307,10.511666666666667,294.19439960950615,294.8165,588.6615,441.739,0.0333,0.6804,0.8115,307,10.511666666666667
293.4767179335015,295.5173,588.64,442.0786,0.0333,0.7593,0.7894,308,10.538333333333334,293.424265479533,295.5657,588.64,442.1028,0.0,0.7842,0.7894,308,10.538333333333334,294.4420950009851,294.9448,589.0482,441.9965,0.05,0.4765,0.9223,308,10.538333333333334,294.53354369459635,294.8383,589.0482,441.9433,0.0,0.5984,0.9223,308,10.538333333333334,293.4767179335015,295.5173,588.64,442.0786,0.0333,0.7593,0.7894,308,10.538333333333334
293.47836954810566,294.631,587.8153,441.2232,0.025,0.8318,0.8237,309,10.571666666666667,293.54232238877756,294.599,587.8471,441.223,0.0,0.8752,0.7777,309,10.571666666666667,294.5772951105668,293.9883,588.2734,441.1309,0.025,0.6869,0.7364,309,10.571666666666667,294.6342548409628,293.9246,588.2734,441.099,0.0,0.7151,0.7364,309,10.571666666666667,293.47836954810566,294.631,587.8153,441.2232,0.025,0.8318,0.8237,309,10.571666666666667
293.7198759721175,293.6173,587.0743,440.3458,0.025,0.9548,0.6718,310,10.605,293.81304246216393,293.5345,587.1144,440.3245,0.0,1.0036,0.7578,310,10.605,294.85452342470353,292.9267,587.5589,440.2428,0.0333,0.6258,0.9177,310,10.605,294.8618220393107,292.9087,587.5589,440.2338,0.0,0.6961,0.9177,310,10.605,293.7198759721175,293.6173,587.0743,440.3458,0.025,0.9548,0.6718,310,10.605
293.9437980549744,293.0487,586.709,439.8788,0.025,0.9342,0.6156,311,10.638333333333334,294.0878842441159,292.9679,586.8298,439.8988,0.0,0.9525,0.6564,311,10.638333333333334,294.96516091060516,292.5055,587.2506,439.878,0.0083,0.9185,0.7479,311,10.638333333333334,295.0319175741852,292.4333,587.2506,439.8419,0.0,0.8797,0.7479,311,10.638333333333334,293.9437980549744,293.0487,586.709,439.8788,0.025,0.9342,0.6156,311,10.638333333333334
294.24277734820816,292.7285,586.6911,439.7098,0.0417,0.7017,0.7186,312,10.671666666666667,294.18839260418434,292.7912,586.7646,439.7779,0.0,0.7717,0.7033,312,10.671666666666667,295.0693064393935,292.3218,587.1045,439.7132,0.0417,0.6568,0.8364,312,10.671666666666667,295.1217622236444,292.295,587.1949,439.745,0.0,0.7899,0.8279,312,10.671666666666667,294.24277734820816,292.7285,586.6911,439.7098,0.0417,0.7017,0.7186,312,10.671666666666667
294.167976319463,292.7512,586.6453,439.6982,0.0667,0.7166,0.7489,313,10.705,294.2550795110266,292.7098,586.7446,439.7272,0.0,0.687,0.7292,313,10.705,295.09171871323156,292.2759,587.082,439.679,0.0417,0.7252,0.855,313,10.705,295.1412954514709,292.2522,587.1724,439.7123,0.0,0.7948,0.8478,313,10.705,294.167976319463,292.7512,586.6453,439.6982,0.0667,0.7166,0.7489,313,10.705
294.2493065192601,292.6886,586.6559,439.6722,0.0667,0.6063,0.732,314,10.74,294.2437402511685,292.6991,586.7276,439.7134,0.0,0.6446,0.6634,314,10.74,295.0877566671879,292.275,587.0765,439.6757,0.0417,0.7856,0.8458,314,10.74,295.1365480359127,292.252,587.1666,439.7093,0.0,0.8016,0.8258,314,10.74,294.2493065192601,292.6886,586.6559,439.6722,0.0667,0.6063,0.732,314,10.74
294.2639222678056,292.7331,586.7514,439.7422,0.0333,0.7331,0.7876,315,10.771666666666667,294.18075658954126,292.7952,586.7514,439.7733,0.0,0.8687,0.7876,315,10.771666666666667,295.0490493106424,292.2524,587.078,439.6652,0.0167,0.8252,0.9824,315,10.771666666666667,295.0605195849388,292.2343,587.078,439.6562,0.0,0.8993,0.9824,315,10.771666666666667,294.2639222678056,292.7331,586.7514,439.7422,0.0333,0.7331,0.7876,315,10.771666666666667
294.2636638005256,292.7309,586.7502,439.7406,0.0333,0.7544,0.7937,316,10.803333333333335,294.1802674131942,292.7933,586.7502,439.7717,0.0,0.8497,0.7937,316,10.803333333333335,295.0533677316182,292.2503,587.0798,439.6651,0.0167,0.8225,0.9805,316,10.803333333333335,295.0647610932016,292.2323,587.0798,439.6561,0.0,0.899,0.9805,316,10.803333333333335,294.2636638005256,292.7309,586.7502,439.7406,0.0333,0.7544,0.7937,316,10.803333333333335
294.2619828064566,292.7329,586.7499,439.7414,0.0333,0.7418,0.8025,317,10.843333333333334,294.1786241485571,292.7952,586.7499,439.7726,0.0,0.8568,0.8025,317,10.843333333333334,295.1116916735208,292.1948,587.0791,439.6369,0.025,0.7773,0.9844,317,10.843333333333334,295.0637534501328,292.2324,587.0791,439.6557,0.0,0.8971,0.9844,317,10.843333333333334,294.2619828064566,292.7329,586.7499,439.7414,0.0333,0.7418,0.8025,317,10.843333333333334
294.2638381411263,292.7309,586.7509,439.7409,0.0333,0.7603,0.7894,318,10.871666666666668,294.1802398510876,292.7934,586.7509,439.7721,0.0,0.8442,0.7894,318,10.871666666666668,295.0540335884333,292.2479,587.0803,439.6641,0.0167,0.8207,0.9602,318,10.871666666666668,295.06494737079424,292.2304,587.0803,439.6554,0.0,0.9046,0.9602,318,10.871666666666668,294.2638381411263,292.7309,586.7509,439.7409,0.0333,0.7603,0.7894,318,10.871666666666668
294.2617473353983,292.7315,586.7504,439.7409,0.0333,0.7444,0.786,319,10.905000000000001,294.1779461305475,292.7942,586.7504,439.7723,0.0,0.88,0.786,319,10.905000000000001,295.1303120087926,292.1799,587.0808,439.6303,0.025,0.8226,1.0101,319,10.905000000000001,295.0786266796518,292.2187,587.0808,439.6498,0.0,0.8032,1.0101,319,10.905000000000001,294.2617473353983,292.7315,586.7504,439.7409,0.0333,0.7444,0.786,319,10.905000000000001
294.26372743790904,292.7314,586.7528,439.7421,0.0333,0.7414,0.7832,320,10.945,294.17985549201865,292.7942,586.7528,439.7735,0.0,0.8833,0.7832,320,10.945,295.1326313290672,292.1794,587.0844,439.6319,0.025,0.8308,1.011,320,10.945,295.0811553355753,292.2183,587.0844,439.6513,0.0,0.7964,1.011,320,10.945,294.26372743790904,292.7314,586.7528,439.7421,0.0333,0.7414,0.7832,320,10.945
294.3212645743506,292.8088,586.8746,439.8417,0.05,0.6727,0.7111,321,10.978333333333333,294.2069189275069,292.9295,586.9513,439.9404,0.0,0.8555,0.785,321,10.978333333333333,294.9831302964974,292.506,587.3098,439.9079,0.0083,0.8195,0.9985,321,10.978333333333333,295.05199192665754,292.4315,587.3098,439.8707,0.0,0.7834,0.9985,321,10.978333333333333,294.3212645743506,292.8088,586.8746,439.8417,0.05,0.6727,0.7111,321,10.978333333333333
294.19290701407544,292.9205,586.8695,439.895,0.0333,0.789,0.7143,322,11.011666666666667,294.187643496747,292.9425,586.9459,439.9442,0.0,0.827,0.7852,322,11.011666666666667,295.08587091921163,292.4065,587.3078,439.8571,0.025,0.7313,1.0151,322,11.011666666666667,295.0387471462241,292.4402,587.3078,439.874,0.0,0.755,1.0151,322,11.011666666666667,294.19290701407544,292.9205,586.8695,439.895,0.0333,0.789,0.7143,322,11.011666666666667
294.05828332428246,292.9844,586.861,439.9227,0.0583,0.7662,0.8305,323,11.048333333333334,294.0913568171592,292.8954,586.7815,439.8384,0.0,0.7618,0.8094,323,11.048333333333334,294.9111508645143,292.4052,587.1178,439.7615,0.0333,0.7015,0.9708,323,11.048333333333334,294.9201744190955,292.3849,587.1178,439.7514,0.0,0.7929,0.9708,323,11.048333333333334,294.05828332428246,292.9844,586.861,439.9227,0.0583,0.7662,0.8305,323,11.048333333333334
294.2159184810532,292.7615,586.785,439.7733,0.05,0.78,0.9131,324,11.078333333333335,294.0857378363813,292.8303,586.7092,439.7697,0.0,0.9221,0.7973,324,11.078333333333335,295.02250198830444,292.2493,587.0873,439.6683,0.0417,0.7237,0.8404,324,11.078333333333335,295.0084908561762,292.2346,587.0476,439.6411,0.0,0.7699,0.8504,324,11.078333333333335,294.2159184810532,292.7615,586.785,439.7733,0.05,0.78,0.9131,324,11.078333333333335
294.3057950876803,292.6132,586.6934,439.6533,0.025,0.7523,0.7039,325,11.105,294.2743203943935,292.6288,586.6934,439.6611,0.0,0.7245,0.7039,325,11.105,294.92930274045136,292.2688,587.0095,439.6391,0.0167,0.6728,0.8138,325,11.105,295.0571244113471,292.1377,587.0095,439.5736,0.0,0.7692,0.8138,325,11.105,294.3057950876803,292.6132,586.6934,439.6533,0.025,0.7523,0.7039,325,11.105
294.2594029910073,292.6147,586.6433,439.629,0.0333,0.758,0.6345,326,11.15,294.27007403132393,292.6305,586.6913,439.6609,0.0,0.7198,0.6928,326,11.15,294.92777690347543,292.2699,587.009,439.6395,0.0167,0.6769,0.8147,326,11.15,295.055601963872,292.1388,587.009,439.5739,0.0,0.7835,0.8147,326,11.15,294.2594029910073,292.6147,586.6433,439.629,0.0333,0.758,0.6345,326,11.15
294.2537715661541,292.62,586.642,439.631,0.0333,0.7992,0.6539,327,11.178333333333335,294.2646974884899,292.6359,586.6905,439.6632,0.0,0.8073,0.7035,327,11.178333333333335,294.93326599434585,292.2736,587.0146,439.6441,0.0167,0.6841,0.8882,327,11.178333333333335,295.0610576019046,292.1426,587.0146,439.5786,0.0,0.8013,0.8882,327,11.178333333333335,294.2537715661541,292.62,586.642,439.631,0.0333,0.7992,0.6539,327,11.178333333333335
294.29976687133495,292.6154,586.6904,439.6529,0.025,0.7579,0.6894,328,11.203333333333335,294.2682431889977,292.6311,586.6904,439.6608,0.0,0.7195,0.6894,328,11.203333333333335,294.96835021569893,292.2456,587.0129,439.6292,0.0083,0.8213,0.9259,328,11.203333333333335,295.04153328674806,292.1664,587.0129,439.5896,0.0,0.7396,0.9259,328,11.203333333333335,294.29976687133495,292.6154,586.6904,439.6529,0.025,0.7579,0.6894,328,11.203333333333335
294.2561236841858,292.6144,586.6398,439.6271,0.0333,0.7518,0.6489,329,11.25,294.26706918571494,292.6302,586.6881,439.6591,0.0,0.7208,0.6787,329,11.25,294.96799293398425,292.2457,587.0123,439.629,0.0083,0.8204,0.9012,329,11.25,295.04117126193233,292.1665,587.0123,439.5894,0.0,0.7399,0.9012,329,11.25,294.2561236841858,292.6144,586.6398,439.6271,0.0333,0.7518,0.6489,329,11.25
294.24969613143276,292.6155,586.6354,439.6254,0.0333,0.7533,0.6616,330,11.278333333333334,294.2608967123922,292.6312,586.6839,439.6576,0.0,0.721,0.6761,330,11.278333333333334,294.9552606025302,292.2462,587.0037,439.625,0.0083,0.8209,0.8166,330,11.278333333333334,295.02845220865026,292.167,587.0037,439.5854,0.0,0.7401,0.8166,330,11.278333333333334,294.24969613143276,292.6155,586.6354,439.6254,0.0333,0.7533,0.6616,330,11.278333333333334
294.2519869112798,292.6141,586.6368,439.6254,0.0333,0.7889,0.6267,331,11.305000000000001,294.2630595050177,292.6296,586.685,439.6573,0.0,0.7206,0.6748,331,11.305000000000001,294.954832000957,292.2725,587.0312,439.6519,0.025,0.6774,0.8277,331,11.305000000000001,295.03912717102173,292.1413,586.9981,439.5697,0.0,0.7882,0.7988,331,11.305000000000001,294.2519869112798,292.6141,586.6368,439.6254,0.0333,0.7889,0.6267,331,11.305000000000001
294.2471497621489,292.6137,586.6319,439.6228,0.0333,0.7519,0.6438,332,11.338333333333335,294.2581626562726,292.6295,586.6803,439.6549,0.0,0.7209,0.693,332,11.338333333333335,294.94768209322973,292.2446,586.9985,439.6215,0.0083,0.8197,0.85,332,11.338333333333335,295.0217373370425,292.1655,586.9985,439.582,0.0,0.7413,0.85,332,11.338333333333335,294.2471497621489,292.6137,586.6319,439.6228,0.0333,0.7519,0.6438,332,11.338333333333335
294.2498012561892,292.6127,586.6338,439.6233,0.0333,0.7611,0.6223,333,11.371666666666668,294.26073574918746,292.6286,586.6822,439.6554,0.0,0.7208,0.6776,333,11.371666666666668,294.9544706989894,292.244,587.0016,439.6228,0.0083,0.8199,0.816,333,11.371666666666668,295.02761235462685,292.1649,587.0016,439.5833,0.0,0.7393,0.816,333,11.371666666666668,294.2498012561892,292.6127,586.6338,439.6233,0.0333,0.7611,0.6223,333,11.371666666666668
294.2568050533047,292.6068,586.6344,439.6206,0.0333,0.7583,0.6207,334,11.405000000000001,294.2669385525119,292.6235,586.6828,439.6531,0.0,0.7218,0.6648,334,11.405000000000001,294.9547089678674,292.2449,587.0015,439.6232,0.0083,0.8145,0.8166,334,11.405000000000001,295.02800018460107,292.1658,587.0015,439.5836,0.0,0.7586,0.8166,334,11.405000000000001,294.2568050533047,292.6068,586.6344,439.6206,0.0333,0.7583,0.6207,334,11.405000000000001
294.2911290132828,292.6339,586.7022,439.6681,0.0417,0.7194,0.7207,335,11.438333333333334,294.23507122130803,292.5969,586.6416,439.6192,0.0,0.8208,0.7897,335,11.438333333333334,295.1381544602617,292.1889,587.1078,439.6484,0.0417,0.7437,0.9693,335,11.438333333333334,295.06309298798044,292.1658,587.0438,439.6048,0.0,0.776,1.0346,335,11.438333333333334,294.2911290132828,292.6339,586.7022,439.6681,0.0417,0.7194,0.7207,335,11.438333333333334
294.21422657216897,292.9238,586.9855,439.9546,0.0333,0.9429,0.8581,336,11.471666666666668,294.1921575547032,292.8918,586.9037,439.8978,0.0,0.9445,0.7046,336,11.471666666666668,295.0807951747738,292.4032,587.2941,439.8486,0.025,0.8881,0.9579,336,11.471666666666668,295.0360076172511,292.436,587.2941,439.865,0.0,0.8949,0.9579,336,11.471666666666668,294.21422657216897,292.9238,586.9855,439.9546,0.0333,0.9429,0.8581,336,11.471666666666668
294.1184234114754,292.9883,586.9495,439.9689,0.025,0.9619,0.8623,337,11.511666666666667,294.1534805305018,292.9071,586.87,439.8886,0.0,0.9542,0.7119,337,11.511666666666667,294.9160183646487,292.5234,587.2452,439.8843,0.0083,0.887,0.9771,337,11.511666666666667,294.98423349279494,292.4496,587.2452,439.8474,0.0,0.8934,0.9771,337,11.511666666666667,294.1184234114754,292.9883,586.9495,439.9689,0.025,0.9619,0.8623,337,11.511666666666667
294.11999316344566,292.7533,586.5926,439.673,0.0417,0.8174,0.6685,338,11.536666666666667,294.15938607617136,292.7756,586.7291,439.7523,0.0,0.8926,0.7604,338,11.536666666666667,294.98780185743436,292.2845,587.0012,439.6428,0.0333,0.8495,0.9035,338,11.536666666666667,294.97750096975653,292.3209,587.0979,439.7094,0.0,0.8738,0.8565,338,11.536666666666667,294.11999316344566,292.7533,586.5926,439.673,0.0417,0.8174,0.6685,338,11.536666666666667
294.18866847242634,292.6917,586.6746,439.6832,0.0333,0.7512,0.7117,339,11.57,294.1120392944789,292.749,586.6746,439.7118,0.0,0.7346,0.7117,339,11.57,295.0312387269309,292.2085,587.0361,439.6223,0.025,0.7871,0.9125,339,11.57,294.9898221363866,292.2397,587.0361,439.6379,0.0,0.771,0.9125,339,11.57,294.18866847242634,292.6917,586.6746,439.6832,0.0333,0.7512,0.7117,339,11.57
294.4471490246997,292.8201,586.9772,439.8987,0.0333,0.7919,0.7362,340,11.605,294.44045412957547,292.8398,587.051,439.9454,0.0,0.9425,0.7464,340,11.605,295.2313220290202,292.4493,587.4512,439.9502,0.0083,0.9009,0.8413,340,11.605,295.3003574480269,292.3747,587.4512,439.9129,0.0,1.0189,0.8413,340,11.605,294.4471490246997,292.8201,586.9772,439.8987,0.0333,0.7919,0.7362,340,11.605
294.11274613312423,294.5902,588.3299,441.46,0.025,0.7749,0.8902,341,11.638333333333334,294.0798170849316,294.6087,588.3299,441.4693,0.0,0.8091,0.8902,341,11.638333333333334,295.02247063863905,294.0629,588.72,441.3914,0.025,0.6526,0.9148,341,11.638333333333334,295.0757286463829,294.0007,588.72,441.3603,0.0,0.7432,0.9148,341,11.638333333333334,294.11274613312423,294.5902,588.3299,441.46,0.025,0.7749,0.8902,341,11.638333333333334
293.37377929991703,295.2328,588.1871,441.71,0.0333,0.9042,0.7036,342,11.671666666666667,293.51180925556815,295.1569,588.3059,441.7314,0.0,0.9512,0.8675,342,11.671666666666667,294.59434118619106,294.4896,588.7128,441.6012,0.025,0.8028,0.8116,342,11.671666666666667,294.5863246446207,294.4778,588.7079,441.5928,0.0,0.8116,0.823,342,11.671666666666667,293.37377929991703,295.2328,588.1871,441.71,0.0333,0.9042,0.7036,342,11.671666666666667
293.52616250980157,294.3346,587.5962,440.9654,0.025,0.9157,0.9066,343,11.705,293.6215838536122,294.2565,587.5867,440.9216,0.0,0.9315,0.731,343,11.705,294.582028212776,293.646,587.9487,440.7973,0.0167,0.794,0.9781,343,11.705,294.5894273016323,293.6314,587.9487,440.79,0.0,0.8424,0.9781,343,11.705,293.52616250980157,294.3346,587.5962,440.9654,0.025,0.9157,0.9066,343,11.705
293.98228432294337,293.2737,586.9969,440.1353,0.0333,0.7773,0.8389,344,11.738333333333333,293.8871675749396,293.3473,586.9969,440.1721,0.0,0.8512,0.8389,344,11.738333333333333,294.7830983428089,292.8292,587.3846,440.1069,0.0333,0.679,0.9567,344,11.738333333333333,294.79041246609575,292.8131,587.3846,440.0989,0.0,0.6941,0.9567,344,11.738333333333333,293.98228432294337,293.2737,586.9969,440.1353,0.0333,0.7773,0.8389,344,11.738333333333333
294.00017635804204,293.0204,586.8209,439.9207,0.025,0.7617,0.881,345,11.773333333333333,294.15831873381444,292.8703,586.8209,439.8456,0.0,0.8337,0.881,345,11.773333333333333,294.92768714397175,292.4836,587.1999,439.8417,0.0333,0.6801,0.8989,345,11.773333333333333,294.9520104349954,292.4519,587.1999,439.8259,0.0,0.7684,0.8989,345,11.773333333333333,294.00017635804204,293.0204,586.8209,439.9207,0.025,0.7617,0.881,345,11.773333333333333
294.2044898216783,292.725,586.7264,439.7257,0.0167,0.805,0.7832,346,11.805000000000001,294.22473964341987,292.6948,586.7264,439.7106,0.0,0.8655,0.7832,346,11.805000000000001,294.8884603910766,292.3304,587.0412,439.6858,0.0083,0.9036,0.8843,346,11.805000000000001,294.95984353103756,292.2557,587.0412,439.6484,0.0,0.925,0.8843,346,11.805000000000001,294.2044898216783,292.725,586.7264,439.7257,0.0167,0.805,0.7832,346,11.805000000000001
294.18443138924965,292.7155,586.6973,439.7064,0.0167,0.8124,0.8471,347,11.838333333333335,294.2044775315671,292.6855,586.6973,439.6914,0.0,0.8222,0.8471,347,11.838333333333335,294.8940478273963,292.3214,587.039,439.6802,0.0083,0.8776,0.9948,347,11.838333333333335,294.96540950611467,292.2466,587.039,439.6428,0.0,0.8444,0.9948,347,11.838333333333335,294.18443138924965,292.7155,586.6973,439.7064,0.0167,0.8124,0.8471,347,11.838333333333335
294.2464282289552,292.6545,586.6934,439.6739,0.025,0.7588,0.856,348,11.871666666666668,294.2078990706933,292.6772,586.6934,439.6853,0.0,0.8287,0.856,348,11.871666666666668,294.9399542031888,292.2443,587.0106,439.6274,0.0167,0.8847,0.9418,348,11.871666666666668,294.95274287766335,292.2249,587.0106,439.6177,0.0,0.8905,0.9418,348,11.871666666666668,294.2464282289552,292.6545,586.6934,439.6739,0.025,0.7588,0.856,348,11.871666666666668
294.2397707807193,292.6551,586.6885,439.6718,0.025,0.7864,0.8986,349,11.905000000000001,294.20249184647867,292.6765,586.6885,439.6825,0.0,0.8278,0.8986,349,11.905000000000001,294.9371907427744,292.2441,587.0079,439.626,0.0167,0.8853,1.0,349,11.905000000000001,294.9513811512456,292.2232,587.0079,439.6156,0.0,0.8773,1.0,349,11.905000000000001,294.2397707807193,292.6551,586.6885,439.6718,0.025,0.7864,0.8986,349,11.905000000000001
294.2849701148027,292.8182,586.9639,439.8911,0.025,0.8574,0.8752,350,11.936666666666667,294.31828177352986,292.7348,586.8825,439.8086,0.0,0.9082,0.832,350,11.936666666666667,295.0435558264244,292.3569,587.2438,439.8003,0.0083,0.8449,0.9581,350,11.936666666666667,295.1163651304382,292.2807,587.2438,439.7622,0.0,0.9191,0.9581,350,11.936666666666667,294.2849701148027,292.8182,586.9639,439.8911,0.025,0.8574,0.8752,350,11.936666666666667
294.14551662822277,292.9563,586.9684,439.9624,0.0333,0.8892,0.8839,351,11.971666666666668,294.119957981997,292.9287,586.8872,439.908,0.0,0.9291,0.817,351,11.971666666666668,294.87394346601207,292.548,587.2656,439.9068,0.0083,0.8903,1.0048,351,11.971666666666668,294.94267536814414,292.474,587.2656,439.8698,0.0,0.8663,1.0048,351,11.971666666666668,294.14551662822277,292.9563,586.9684,439.9624,0.0333,0.8892,0.8839,351,11.971666666666668
294.2298344543831,292.828,586.8675,439.8477,0.025,0.7835,0.8365,352,12.011666666666667,294.1859721978043,292.8559,586.8675,439.8617,0.0,0.8722,0.8365,352,12.011666666666667,295.0570066097356,292.3679,587.2491,439.8085,0.025,0.8106,0.9596,352,12.011666666666667,295.0089927566162,292.4057,587.2491,439.8274,0.0,0.9085,0.9596,352,12.011666666666667,294.2298344543831,292.828,586.8675,439.8477,0.025,0.7835,0.8365,352,12.011666666666667
294.1119164526935,292.8295,586.7292,439.7793,0.0083,0.9195,0.7218,353,12.038333333333334,294.1901018541397,292.7465,586.7292,439.7378,0.0,0.9227,0.7218,353,12.038333333333334,294.9445811815028,292.3583,587.1031,439.7307,0.0083,0.9356,0.7993,353,12.038333333333334,295.01312718977925,292.2843,587.1031,439.6937,0.0,0.8991,0.7993,353,12.038333333333334,294.1119164526935,292.8295,586.7292,439.7793,0.0083,0.9195,0.7218,353,12.038333333333334
294.10204845222836,292.7989,586.6963,439.7476,0.0167,0.7335,0.7569,354,12.071666666666667,294.1940941922288,292.71,586.6963,439.7032,0.0,0.844,0.7569,354,12.071666666666667,295.0692180980967,292.2114,587.0773,439.6443,0.025,0.8225,0.8269,354,12.071666666666667,295.0197666166255,292.2497,587.0773,439.6635,0.0,0.8819,0.8269,354,12.071666666666667,294.10204845222836,292.7989,586.6963,439.7476,0.0167,0.7335,0.7569,354,12.071666666666667
294.3630764113944,292.4888,586.5752,439.532,0.0583,0.6759,0.6655,355,12.105,294.2948670127196,292.6018,586.6926,439.6472,0.0,0.7182,0.6978,355,12.105,295.13190937781974,292.0864,587.0134,439.5499,0.025,0.7549,0.8297,355,12.105,295.08660436475384,292.1185,587.0134,439.5659,0.0,0.823,0.8297,355,12.105,294.3630764113944,292.4888,586.5752,439.532,0.0583,0.6759,0.6655,355,12.105
294.39014976867435,292.4895,586.6431,439.5663,0.05,0.6951,0.734,356,12.138333333333334,294.2919824019939,292.6028,586.6901,439.6464,0.0,0.7167,0.7103,356,12.138333333333334,295.1378152901408,292.0888,587.0165,439.5526,0.025,0.7838,0.8275,356,12.138333333333334,295.0910752226923,292.121,587.0165,439.5687,0.0,0.8638,0.8275,356,12.138333333333334,294.39014976867435,292.4895,586.6431,439.5663,0.05,0.6951,0.734,356,12.138333333333334
294.38729293392475,292.4919,586.6424,439.5671,0.05,0.7064,0.6925,357,12.175,294.2897446631964,292.6045,586.6892,439.6468,0.0,0.7232,0.661,357,12.175,295.14394568414275,292.0814,587.0157,439.5485,0.025,0.7456,0.833,357,12.175,295.09545513421654,292.1145,587.0157,439.5651,0.0,0.8117,0.833,357,12.175,294.38729293392475,292.4919,586.6424,439.5671,0.05,0.7064,0.6925,357,12.175
294.3556408125761,292.4929,586.5709,439.5319,0.0583,0.7055,0.6538,358,12.205,294.28771818349696,292.6055,586.6881,439.6468,0.0,0.7319,0.6693,358,12.205,295.1440986207263,292.0815,587.0157,439.5486,0.025,0.7456,0.8241,358,12.205,295.0955301325671,292.1146,587.0157,439.5651,0.0,0.8116,0.8241,358,12.205,294.3556408125761,292.4929,586.5709,439.5319,0.0583,0.7055,0.6538,358,12.205
294.3875000490554,292.4925,586.643,439.5677,0.05,0.71,0.6906,359,12.238333333333333,294.28968768294703,292.6051,586.6895,439.6473,0.0,0.7268,0.6692,359,12.238333333333333,295.1434490940867,292.0823,587.0157,439.549,0.025,0.7431,0.8241,359,12.238333333333333,295.09497244418606,292.1154,587.0157,439.5655,0.0,0.8221,0.8241,359,12.238333333333333,294.3875000490554,292.4925,586.643,439.5677,0.05,0.71,0.6906,359,12.238333333333333
294.3848954091165,292.4928,586.6411,439.567,0.05,0.7051,0.6864,360,12.276666666666667,294.2863488569145,292.6063,586.6878,439.647,0.0,0.7264,0.6783,360,12.276666666666667,295.1336851482507,292.0832,587.0111,439.5472,0.025,0.7402,0.8103,360,12.276666666666667,295.0866048094139,292.1164,587.0111,439.5638,0.0,0.8221,0.8103,360,12.276666666666667,294.3848954091165,292.4928,586.6411,439.567,0.05,0.7051,0.6864,360,12.276666666666667
294.3884080221931,292.4909,586.6431,439.567,0.05,0.6498,0.6837,361,12.305000000000001,294.2907602980232,292.6036,586.6899,439.6467,0.0,0.7162,0.6787,361,12.305000000000001,295.1332685447372,292.0846,587.0121,439.5484,0.025,0.7407,0.8129,361,12.305000000000001,295.0864634729155,292.1177,587.0121,439.5649,0.0,0.8212,0.8129,361,12.305000000000001,294.3884080221931,292.4909,586.6431,439.567,0.05,0.6498,0.6837,361,12.305000000000001
294.38393544735584,292.4924,586.6407,439.5665,0.05,0.6511,0.7067,362,12.338333333333335,294.28631952310366,292.6051,586.6875,439.6463,0.0,0.722,0.6882,362,12.338333333333335,295.1324518563464,292.084,587.0113,439.5477,0.025,0.7443,0.8149,362,12.338333333333335,295.0856622268654,292.1171,587.0113,439.5642,0.0,0.8128,0.8149,362,12.338333333333335,294.38393544735584,292.4924,586.6407,439.5665,0.05,0.6511,0.7067,362,12.338333333333335
294.42444695495635,292.4908,586.687,439.5889,0.0417,0.6535,0.694,363,12.378333333333334,294.28563760921486,292.6034,586.687,439.6452,0.0,0.7417,0.694,363,12.378333333333334,295.1294569096111,292.0845,587.01,439.5472,0.025,0.7396,0.8059,363,12.378333333333334,295.08308308988126,292.1175,587.01,439.5638,0.0,0.8131,0.8059,363,12.378333333333334,294.42444695495635,292.4908,586.687,439.5889,0.0417,0.6535,0.694,363,12.378333333333334
294.47286052613674,292.4897,586.7762,439.6329,0.0583,0.6567,0.7043,364,12.411666666666667,294.292236498717,292.6024,586.6961,439.6492,0.0,0.7338,0.6544,364,12.411666666666667,295.1369219470879,292.0855,587.022,439.5537,0.025,0.7492,0.7876,364,12.411666666666667,295.0912304740796,292.1185,587.022,439.5703,0.0,0.8122,0.7876,364,12.411666666666667,294.47286052613674,292.4897,586.7762,439.6329,0.0583,0.6567,0.7043,364,12.411666666666667
293.9982246793544,293.0075,586.7644,439.886,0.025,0.9418,0.8065,365,12.443333333333333,294.0598262816468,292.9729,586.8499,439.9114,0.0,0.9293,0.7713,365,12.443333333333333,294.9950444134583,292.4278,587.2352,439.8315,0.0333,0.6702,1.1563,365,12.443333333333333,295.01179469303554,292.3993,587.2352,439.8173,0.0,0.7395,1.1563,365,12.443333333333333,293.9982246793544,293.0075,586.7644,439.886,0.025,0.9418,0.8065,365,12.443333333333333
293.95477990511756,293.0527,586.8115,439.9321,0.0083,0.9543,0.7695,366,12.481666666666667,294.0338397531743,292.9699,586.8115,439.8907,0.0,0.9466,0.7695,366,12.481666666666667,294.97843575088416,292.4063,587.1871,439.7967,0.0333,0.6729,1.0878,366,12.481666666666667,294.9948050702171,292.3783,587.1871,439.7827,0.0,0.7398,1.0878,366,12.481666666666667,293.95477990511756,293.0527,586.8115,439.9321,0.0083,0.9543,0.7695,366,12.481666666666667
293.9435117311157,292.9667,586.6609,439.8138,0.0333,0.9548,0.6971,367,12.511666666666667,294.08351694031353,292.8836,586.7625,439.823,0.0,0.9132,0.6579,367,12.511666666666667,295.02439232946125,292.3301,587.1406,439.7354,0.0333,0.6828,0.8505,367,12.511666666666667,295.0456042848998,292.2994,587.1406,439.72,0.0,0.7665,0.8505,367,12.511666666666667,293.9435117311157,292.9667,586.6609,439.8138,0.0333,0.9548,0.6971,367,12.511666666666667
294.1601462217943,292.7563,586.644,439.7001,0.0333,0.8053,0.6726,368,12.545,294.17003032939954,292.7612,586.7202,439.7407,0.0,0.8747,0.6975,368,12.545,295.05053533130524,292.2181,587.0055,439.6118,0.0417,0.7623,0.7647,368,12.545,295.1050604817085,292.1893,587.092,439.6406,0.0,0.7859,0.7312,368,12.545,294.1601462217943,292.7563,586.644,439.7001,0.0333,0.8053,0.6726,368,12.545
294.0277767934707,292.858,586.7137,439.7859,0.0417,0.8453,0.7077,369,12.58,294.1430263406488,292.7359,586.6687,439.7023,0.0,0.827,0.7337,369,12.58,295.0649067539033,292.1959,587.0489,439.6224,0.0333,0.7605,0.8422,369,12.58,295.0842498254616,292.1677,587.0489,439.6083,0.0,0.7295,0.8422,369,12.58,294.0277767934707,292.858,586.7137,439.7859,0.0417,0.8453,0.7077,369,12.58
294.3020141299271,292.6188,586.7091,439.664,0.05,0.7508,0.6995,370,12.611666666666668,294.14670688859576,292.7247,586.6643,439.6945,0.0,0.8247,0.7272,370,12.611666666666668,295.0682891013661,292.1818,587.0386,439.6102,0.0333,0.6378,0.8252,370,12.611666666666668,295.0861385500264,292.155,587.0386,439.5968,0.0,0.69,0.8252,370,12.611666666666668,294.3020141299271,292.6188,586.7091,439.664,0.05,0.7508,0.6995,370,12.611666666666668
294.3002647717958,292.6115,586.7018,439.6566,0.05,0.7387,0.7033,371,12.636666666666667,294.1445894995328,292.7176,586.6573,439.6875,0.0,0.82,0.6978,371,12.636666666666667,295.1147296343911,292.1225,587.0268,439.5747,0.0417,0.6386,0.836,371,12.636666666666667,295.07724886521197,292.1485,587.0268,439.5877,0.0,0.693,0.836,371,12.636666666666667,294.3002647717958,292.6115,586.7018,439.6566,0.05,0.7387,0.7033,371,12.636666666666667
294.1911734364169,292.7142,586.7007,439.7074,0.05,0.7695,0.7275,372,12.683333333333334,294.2522388363983,292.6157,586.6562,439.636,0.0,0.7236,0.7009,372,12.683333333333334,295.063541284362,292.1698,587.0264,439.5981,0.0333,0.6456,0.8364,372,12.683333333333334,295.08346438976207,292.1413,587.0264,439.5838,0.0,0.6893,0.8364,372,12.683333333333334,294.1911734364169,292.7142,586.7007,439.7074,0.05,0.7695,0.7275,372,12.683333333333334
294.28443275354084,292.6024,586.6482,439.6253,0.0583,0.7202,0.685,373,12.711666666666668,294.2506307354813,292.6112,586.6482,439.6297,0.0,0.7331,0.685,373,12.711666666666668,295.02026670281475,292.1632,586.9225,439.5429,0.0417,0.63,0.8488,373,12.711666666666668,295.0750622414977,292.1353,587.0111,439.5732,0.0,0.723,0.9238,373,12.711666666666668,294.28443275354084,292.6024,586.6482,439.6253,0.0583,0.7202,0.685,373,12.711666666666668
294.2848090693657,292.6004,586.6479,439.6241,0.0583,0.7263,0.6628,374,12.738333333333333,294.25110048009026,292.6092,586.6479,439.6285,0.0,0.7489,0.6628,374,12.738333333333333,295.01762747703845,292.1602,586.92,439.5401,0.0417,0.6378,0.8478,374,12.738333333333333,295.0724482959739,292.1322,587.0078,439.57,0.0,0.7316,0.912,374,12.738333333333333,294.2848090693657,292.6004,586.6479,439.6241,0.0583,0.7263,0.6628,374,12.738333333333333
294.1758839366773,292.6468,586.6337,439.6402,0.025,0.8787,0.831,375,12.771666666666668,294.18218966251584,292.6072,586.5906,439.5989,0.0,0.9105,0.8002,375,12.771666666666668,295.12286923865065,292.0664,586.9699,439.5182,0.0333,0.8594,0.9172,375,12.771666666666668,295.02382897802886,292.1495,586.9699,439.5597,0.0,0.8013,0.9172,375,12.771666666666668,294.1758839366773,292.6468,586.6337,439.6402,0.025,0.8787,0.831,375,12.771666666666668
294.17082145160845,292.6468,586.6283,439.6376,0.025,0.8712,0.8185,376,12.805000000000001,294.1776254446899,292.6069,586.5853,439.5961,0.0,0.9066,0.7805,376,12.805000000000001,295.0616341354927,292.1225,586.9685,439.5455,0.025,0.8387,0.8563,376,12.805000000000001,295.0205806081335,292.1518,586.9685,439.5602,0.0,0.8079,0.8563,376,12.805000000000001,294.17082145160845,292.6468,586.6283,439.6376,0.025,0.8712,0.8185,376,12.805000000000001
294.1164120894042,292.6952,586.6291,439.6622,0.0167,0.9254,0.8469,377,12.838333333333335,294.1765418506675,292.607,586.5858,439.5964,0.0,0.9029,0.7674,377,12.838333333333335,294.97706277100053,292.1716,586.9532,439.5624,0.025,0.8725,0.8094,377,12.838333333333335,295.03052841292646,292.1461,586.974,439.5601,0.0,0.8257,0.7849,377,12.838333333333335,294.1164120894042,292.6952,586.6291,439.6622,0.0167,0.9254,0.8469,377,12.838333333333335
294.16956620804444,292.648,586.6293,439.6386,0.025,0.8367,0.8436,378,12.871666666666668,294.1764124876233,292.6077,586.5859,439.5968,0.0,0.8828,0.7585,378,12.871666666666668,294.9910769085252,292.1719,586.962,439.5669,0.0167,0.8719,0.8057,378,12.871666666666668,295.00982199670904,292.1464,586.962,439.5542,0.0,0.8245,0.8057,378,12.871666666666668,294.16956620804444,292.648,586.6293,439.6386,0.025,0.8367,0.8436,378,12.871666666666668
294.12658439302163,292.8731,586.8494,439.8613,0.0583,0.784,0.8253,379,12.905000000000001,294.1412267096639,292.8857,586.8499,439.8678,0.0,0.8891,0.7614,379,12.905000000000001,295.1542574211833,292.3126,587.2755,439.7941,0.0333,0.7185,0.8988,379,12.905000000000001,295.05523452049556,292.3947,587.2755,439.8351,0.0,0.8024,0.8988,379,12.905000000000001,294.12658439302163,292.8731,586.8494,439.8613,0.0583,0.784,0.8253,379,12.905000000000001
294.12310299251976,292.8972,586.837,439.8671,0.0333,0.7585,0.7718,380,12.938333333333334,294.0734638332887,292.9162,586.7997,439.858,0.0,0.9052,0.7912,380,12.938333333333334,295.0806976599,292.3501,587.2228,439.7865,0.025,0.7196,1.0518,380,12.938333333333334,295.02858348660556,292.3867,587.2228,439.8048,0.0,0.8229,1.0518,380,12.938333333333334,294.12310299251976,292.8972,586.837,439.8671,0.0333,0.7585,0.7718,380,12.938333333333334
294.107241720626,292.8284,586.7146,439.7715,0.025,0.7971,0.7214,381,12.971666666666668,294.0745350402565,292.8456,586.7146,439.7801,0.0,0.7761,0.7214,381,12.971666666666668,294.9647636399631,292.3314,587.0881,439.7098,0.0333,0.7162,0.9118,381,12.971666666666668,294.9792960524245,292.3067,587.0881,439.6974,0.0,0.858,0.9118,381,12.971666666666668,294.107241720626,292.8284,586.7146,439.7715,0.025,0.7971,0.7214,381,12.971666666666668
294.17191374485867,292.6955,586.6914,439.6935,0.05,0.8804,0.6915,382,13.011666666666667,294.2280710496964,292.6638,586.6848,439.6743,0.0,0.8668,0.7358,382,13.011666666666667,295.08422354916456,292.1889,587.068,439.6285,0.0083,0.9208,0.8577,382,13.011666666666667,295.1529023724628,292.117,587.068,439.5925,0.0,0.9241,0.8577,382,13.011666666666667,294.17191374485867,292.6955,586.6914,439.6935,0.05,0.8804,0.6915,382,13.011666666666667
294.2570254619286,292.687,586.7797,439.7333,0.0417,0.8762,0.6987,383,13.036666666666667,294.21198162222555,292.6555,586.6618,439.6586,0.0,0.8567,0.7316,383,13.036666666666667,295.06982899079713,292.1827,587.0464,439.6146,0.0083,0.9206,0.8412,383,13.036666666666667,295.1384730574513,292.1108,587.0464,439.5786,0.0,0.9259,0.8412,383,13.036666666666667,294.2570254619286,292.687,586.7797,439.7333,0.0417,0.8762,0.6987,383,13.036666666666667
294.23010789284444,292.6815,586.7366,439.7091,0.0333,0.8738,0.7011,384,13.071666666666667,294.2060985519188,292.6503,586.6516,439.651,0.0,0.8491,0.7458,384,13.071666666666667,295.06666218938267,292.181,587.0399,439.6104,0.0083,0.928,0.8405,384,13.071666666666667,295.13529146717053,292.1091,587.0399,439.5745,0.0,0.9278,0.8405,384,13.071666666666667,294.23010789284444,292.6815,586.7366,439.7091,0.0333,0.8738,0.7011,384,13.071666666666667
294.1868238280441,292.6188,586.5768,439.5978,0.0333,0.717,0.6808,385,13.106666666666667,294.2142507033146,292.5796,586.5768,439.5782,0.0,0.7164,0.6808,385,13.106666666666667,295.07855338245463,292.136,586.9964,439.5662,0.025,0.7724,1.0581,385,13.106666666666667,295.146981980949,292.06,586.9964,439.5282,0.0,0.7845,1.0581,385,13.106666666666667,294.1868238280441,292.6188,586.5768,439.5978,0.0333,0.717,0.6808,385,13.106666666666667
294.1881031629062,292.6287,586.5806,439.6047,0.05,0.6775,0.7143,386,13.138333333333334,294.21994713994764,292.5772,586.5806,439.5789,0.0,0.7164,0.7143,386,13.138333333333334,294.94717859658255,292.2451,586.995,439.6201,0.025,0.7579,1.0148,386,13.138333333333334,295.094184296871,292.1035,586.995,439.5493,0.0,0.8095,1.0148,386,13.138333333333334,294.1881031629062,292.6287,586.5806,439.6047,0.05,0.6775,0.7143,386,13.138333333333334
294.1906078666684,292.6193,586.5812,439.6002,0.0333,0.7008,0.708,387,13.171666666666667,294.218633596594,292.5794,586.5812,439.5803,0.0,0.7161,0.708,387,13.171666666666667,294.9468092438745,292.2455,586.9951,439.6203,0.025,0.7578,1.0148,387,13.171666666666667,295.0938424006589,292.1038,586.9951,439.5495,0.0,0.8095,1.0148,387,13.171666666666667,294.1906078666684,292.6193,586.5812,439.6002,0.0333,0.7008,0.708,387,13.171666666666667
294.1900081857809,292.619,586.5805,439.5998,0.0333,0.7003,0.7138,388,13.205,294.2182752680187,292.579,586.5805,439.5797,0.0,0.7173,0.7138,388,13.205,294.94601454487497,292.2466,586.9951,439.6208,0.025,0.751,1.0143,388,13.205,295.093018182857,292.1049,586.9951,439.55,0.0,0.8077,1.0143,388,13.205,294.1900081857809,292.619,586.5805,439.5998,0.0333,0.7003,0.7138,388,13.205
294.18666639658494,292.6322,586.5821,439.6072,0.05,0.6434,0.7062,389,13.238333333333335,294.21813169884996,292.5813,586.5821,439.5817,0.0,0.7192,0.7062,389,13.238333333333335,294.9465968680571,292.2473,586.9955,439.6214,0.025,0.7506,1.016,389,13.238333333333335,295.0933002601646,292.1059,586.9955,439.5507,0.0,0.7995,1.016,389,13.238333333333335,294.18666639658494,292.6322,586.5821,439.6072,0.05,0.6434,0.7062,389,13.238333333333335
294.186060993718,292.6245,586.5816,439.603,0.0333,0.662,0.7139,390,13.271666666666668,294.21421856841494,292.5846,586.5816,439.5831,0.0,0.7159,0.7139,390,13.271666666666668,295.0227419275984,292.1853,586.9972,439.5912,0.025,0.7922,1.018,390,13.271666666666668,295.0955852894383,292.1051,586.9972,439.5511,0.0,0.8078,1.018,390,13.271666666666668,294.186060993718,292.6245,586.5816,439.603,0.0333,0.662,0.7139,390,13.271666666666668
294.1860358293926,292.6247,586.5818,439.6033,0.0333,0.6621,0.7053,391,13.305000000000001,294.21480273180066,292.5842,586.5818,439.583,0.0,0.7147,0.7053,391,13.305000000000001,295.0243027018336,292.1851,586.9983,439.5917,0.025,0.7876,1.019,391,13.305000000000001,295.0971360842047,292.1049,586.9983,439.5516,0.0,0.8078,1.019,391,13.305000000000001,294.1860358293926,292.6247,586.5818,439.6033,0.0333,0.6621,0.7053,391,13.305000000000001
294.1851361418943,292.6231,586.5802,439.6016,0.0333,0.6621,0.7218,392,13.336666666666668,294.2137318071215,292.5827,586.5802,439.5815,0.0,0.7149,0.7218,392,13.336666666666668,295.02080228092234,292.1854,586.9964,439.5909,0.025,0.7888,0.9845,392,13.336666666666668,295.09385223907026,292.105,586.9964,439.5507,0.0,0.8078,0.9845,392,13.336666666666668,294.1851361418943,292.6231,586.5802,439.6016,0.0333,0.6621,0.7218,392,13.336666666666668
294.3364768330349,292.6342,586.762,439.6981,0.05,0.6404,0.7671,393,13.371666666666668,294.3715941941758,292.5805,586.762,439.6712,0.0,0.7154,0.7671,393,13.371666666666668,295.153027163299,292.1893,587.1639,439.6766,0.025,0.7878,0.858,393,13.371666666666668,295.2284484534656,292.1085,587.1639,439.6362,0.0,0.8095,0.858,393,13.371666666666668,294.3364768330349,292.6342,586.762,439.6981,0.05,0.6404,0.7671,393,13.371666666666668
293.94517474927824,293.0417,586.8457,439.9437,0.075,0.7417,0.6439,394,13.405000000000001,294.1972958618917,292.844,586.8892,439.8666,0.0,0.8453,0.6894,394,13.405000000000001,294.9712098300414,292.474,587.3007,439.8873,0.0167,0.8151,1.077,394,13.405000000000001,295.1027164303314,292.3399,587.3007,439.8203,0.0,0.8343,1.077,394,13.405000000000001,293.94517474927824,293.0417,586.8457,439.9437,0.075,0.7417,0.6439,394,13.405000000000001
294.2803945736284,292.772,586.8571,439.8146,0.025,0.8228,0.777,395,13.441666666666668,294.23802607265634,292.7983,586.8571,439.8277,0.0,0.837,0.777,395,13.441666666666668,295.16521972694215,292.3111,587.2927,439.8019,0.025,0.7779,1.017,395,13.441666666666668,295.1191110691637,292.3439,587.2927,439.8183,0.0,0.7711,1.017,395,13.441666666666668,294.2803945736284,292.772,586.8571,439.8146,0.025,0.8228,0.777,395,13.441666666666668
294.2899210012772,292.7203,586.7387,439.7295,0.0333,0.8464,0.7526,396,13.471666666666668,294.2807247279726,292.7471,586.8231,439.7851,0.0,0.8841,0.6902,396,13.471666666666668,295.09459224323336,292.3062,587.1287,439.7174,0.025,0.8517,0.8368,396,13.471666666666668,295.14607565484573,292.2874,587.232,439.7597,0.0,0.8656,0.8047,396,13.471666666666668,294.2899210012772,292.7203,586.7387,439.7295,0.0333,0.8464,0.7526,396,13.471666666666668
294.3524740501887,292.5801,586.7402,439.6601,0.0667,0.6999,0.7868,397,13.511666666666667,294.31524196205,292.5952,586.7037,439.6494,0.0,0.7193,0.7344,397,13.511666666666667,295.2378215918561,292.0629,587.1011,439.582,0.025,0.7722,0.8316,397,13.511666666666667,295.19493805044925,292.0955,587.1011,439.5983,0.0,0.7721,0.8316,397,13.511666666666667,294.3524740501887,292.5801,586.7402,439.6601,0.0667,0.6999,0.7868,397,13.511666666666667
294.3485655196833,292.5594,586.7189,439.6392,0.05,0.7575,0.7782,398,13.538333333333334,294.30461874419075,292.5836,586.6841,439.6338,0.0,0.7558,0.7764,398,13.538333333333334,295.2180559297042,292.0537,587.0763,439.565,0.025,0.828,0.8783,398,13.538333333333334,295.17509460597626,292.0863,587.0763,439.5813,0.0,0.7934,0.8783,398,13.538333333333334,294.3485655196833,292.5594,586.7189,439.6392,0.05,0.7575,0.7782,398,13.538333333333334
294.36447736392483,292.5557,586.7186,439.6372,0.0333,0.7338,0.8169,399,13.571666666666667,294.303536506092,292.5797,586.6813,439.6305,0.0,0.7143,0.7721,399,13.571666666666667,295.21815742930664,292.0503,587.0744,439.5624,0.025,0.8617,0.8767,399,13.571666666666667,295.1737453959631,292.0843,587.0744,439.5794,0.0,0.7917,0.8767,399,13.571666666666667,294.36447736392483,292.5557,586.7186,439.6372,0.0333,0.7338,0.8169,399,13.571666666666667
294.3325235793889,292.5544,586.6627,439.6086,0.025,0.7626,0.7956,400,13.608333333333334,294.29337581064635,292.5774,586.6627,439.6201,0.0,0.7147,0.7956,400,13.608333333333334,295.20583113314365,292.0497,587.0572,439.5535,0.025,0.8407,0.9563,400,13.608333333333334,295.1633385167479,292.0818,587.0572,439.5695,0.0,0.8016,0.9563,400,13.608333333333334,294.3325235793889,292.5544,586.6627,439.6086,0.025,0.7626,0.7956,400,13.608333333333334
294.32885820077786,292.556,586.6613,439.6086,0.025,0.7547,0.7931,401,13.638333333333334,294.28979991801054,292.5789,586.6613,439.6201,0.0,0.6965,0.7931,401,13.638333333333334,295.19990554449555,292.0512,587.0534,439.5523,0.025,0.8352,0.9564,401,13.638333333333334,295.1575832774954,292.0833,587.0534,439.5684,0.0,0.8008,0.9564,401,13.638333333333334,294.32885820077786,292.556,586.6613,439.6086,0.025,0.7547,0.7931,401,13.638333333333334
294.32352200909185,292.5566,586.6567,439.6067,0.025,0.7621,0.7887,402,13.673333333333334,294.28451307290595,292.5796,586.6567,439.6181,0.0,0.6978,0.7887,402,13.673333333333334,295.1944232688454,292.0529,587.0487,439.5508,0.025,0.8411,0.9565,402,13.673333333333334,295.15224117359566,292.0848,587.0487,439.5668,0.0,0.7999,0.9565,402,13.673333333333334,294.32352200909185,292.5566,586.6567,439.6067,0.025,0.7621,0.7887,402,13.673333333333334
294.3254158091549,292.5505,586.653,439.6017,0.025,0.7775,0.7593,403,13.71,294.2860748755926,292.5737,586.653,439.6133,0.0,0.7521,0.7593,403,13.71,295.1869287779221,292.0543,587.0447,439.5495,0.025,0.8453,0.9577,403,13.71,295.1448548700426,292.0861,587.0447,439.5654,0.0,0.803,0.9577,403,13.71,294.3254158091549,292.5505,586.653,439.6017,0.025,0.7775,0.7593,403,13.71
294.332741919703,292.5385,586.6469,439.5927,0.025,0.7547,0.8049,404,13.738333333333335,294.2928666330349,292.5622,586.6469,439.6046,0.0,0.6941,0.8049,404,13.738333333333335,295.1962873185002,292.0391,587.0383,439.5387,0.025,0.8823,0.9449,404,13.738333333333335,295.15345092425196,292.0713,587.0383,439.5548,0.0,0.8542,0.9449,404,13.738333333333335,294.332741919703,292.5385,586.6469,439.5927,0.025,0.7547,0.8049,404,13.738333333333335
294.0265760050901,292.7313,586.5752,439.6533,0.0083,0.8706,0.9332,405,13.771666666666668,294.1101890541079,292.6437,586.5752,439.6095,0.0,0.9346,0.9332,405,13.771666666666668,295.0191992134815,292.1518,586.9802,439.566,0.025,0.7224,1.032,405,13.771666666666668,295.09158976019125,292.0722,586.9802,439.5262,0.0,0.8435,1.032,405,13.771666666666668,294.0265760050901,292.7313,586.5752,439.6533,0.0083,0.8706,0.9332,405,13.771666666666668
294.02936592140094,292.7251,586.5726,439.6488,0.0083,0.9488,0.8994,406,13.813333333333334,294.1130339240693,292.637,586.5726,439.6048,0.0,0.958,0.8994,406,13.813333333333334,294.94251306434376,292.2092,586.9796,439.5944,0.025,0.7242,1.0654,406,13.813333333333334,295.09497413209294,292.0657,586.9796,439.5226,0.0,0.8347,1.0654,406,13.813333333333334,294.02936592140094,292.7251,586.5726,439.6488,0.0083,0.9488,0.8994,406,13.813333333333334
294.0285825187062,292.7268,586.5732,439.65,0.0083,0.9439,0.8721,407,13.845,294.11230652526655,292.6386,586.5732,439.6059,0.0,0.9635,0.8721,407,13.845,294.9430744235716,292.2082,586.9791,439.5937,0.025,0.7381,1.0644,407,13.845,295.0956031338537,292.0647,586.9791,439.5219,0.0,0.8342,1.0644,407,13.845,294.0285825187062,292.7268,586.5732,439.65,0.0083,0.9439,0.8721,407,13.845
294.25073268081076,292.8248,586.8966,439.8607,0.05,0.7976,0.815,408,13.871666666666668,294.1819757663991,292.8491,586.8533,439.8512,0.0,0.9041,0.8391,408,13.871666666666668,294.99188934761577,292.3704,587.1864,439.7784,0.025,1.0091,0.9706,408,13.871666666666668,294.94201464849596,292.404,587.1864,439.7952,0.0,0.927,0.9706,408,13.871666666666668,294.25073268081076,292.8248,586.8966,439.8607,0.05,0.7976,0.815,408,13.871666666666668
294.23948549924273,292.8067,586.8896,439.8481,0.0583,0.7583,0.9499,409,13.915000000000003,294.15796217633175,292.8244,586.8057,439.815,0.0,0.8033,0.7632,409,13.915000000000003,295.0136402475606,292.3472,587.2026,439.7749,0.025,0.9129,0.8479,409,13.915000000000003,294.9995538182118,292.3289,587.1582,439.7435,0.0,0.8846,0.7168,409,13.915000000000003,294.23948549924273,292.8067,586.8896,439.8481,0.0583,0.7583,0.9499,409,13.915000000000003
294.29075716060083,292.6056,586.6975,439.6515,0.05,0.6471,0.8783,410,13.945,294.11745810045863,292.7278,586.6524,439.6901,0.0,0.7495,0.8042,410,13.945,294.9944258928505,292.261,587.0611,439.661,0.0167,0.8687,1.0119,410,13.945,295.0047763850964,292.2406,587.0611,439.6508,0.0,0.7924,1.0119,410,13.945,294.29075716060083,292.6056,586.6975,439.6515,0.05,0.6471,0.8783,410,13.945
294.1435573676082,292.7102,586.6508,439.6805,0.0583,0.7009,0.8844,411,13.971666666666668,294.1253391580419,292.6748,586.6075,439.6411,0.0,0.7652,0.7914,411,13.971666666666668,294.99694295319466,292.2164,587.0207,439.6185,0.0417,0.7464,0.994,411,13.971666666666668,294.95709554782746,292.2391,587.0207,439.6299,0.0,0.7316,0.994,411,13.971666666666668,294.1435573676082,292.7102,586.6508,439.6805,0.0583,0.7009,0.8844,411,13.971666666666668
294.2052604778477,292.6369,586.6371,439.637,0.0667,0.6763,0.8488,412,14.015,294.1448775664468,292.6484,586.5939,439.6211,0.0,0.7766,0.7559,412,14.015,295.0213808403337,292.1763,587.0022,439.5892,0.025,0.8419,0.9128,412,14.015,294.9806676024026,292.2034,587.0022,439.6028,0.0,0.8022,0.9128,412,14.015,294.2052604778477,292.6369,586.6371,439.637,0.0667,0.6763,0.8488,412,14.015
294.2122412501826,292.6323,586.6397,439.636,0.0667,0.6785,0.8449,413,14.045000000000002,294.1514568981186,292.6442,586.5965,439.6203,0.0,0.7877,0.7703,413,14.045000000000002,294.9661928495864,292.2292,587.0024,439.6158,0.0333,0.8372,0.9128,413,14.045000000000002,294.98249755912934,292.2015,587.0024,439.6019,0.0,0.799,0.9128,413,14.045000000000002,294.2122412501826,292.6323,586.6397,439.636,0.0667,0.6785,0.8449,413,14.045000000000002
294.2035467428883,292.6314,586.6309,439.6311,0.0667,0.659,0.8365,414,14.071666666666667,294.14334560176735,292.6426,586.5874,439.615,0.0,0.7894,0.7588,414,14.071666666666667,294.96380626659675,292.227,586.998,439.6125,0.0333,0.8275,0.9142,414,14.071666666666667,294.9798360663514,292.1995,586.998,439.5988,0.0,0.7992,0.9142,414,14.071666666666667,294.2035467428883,292.6314,586.6309,439.6311,0.0667,0.659,0.8365,414,14.071666666666667
294.24061741146795,292.5882,586.628,439.6081,0.0333,0.7678,0.7791,415,14.118333333333334,294.19495303526594,292.5944,586.5873,439.5908,0.0,0.9168,0.8022,415,14.118333333333334,295.1226320260447,292.0704,586.9173,439.4938,0.0333,0.8134,0.8022,415,14.118333333333334,295.12149833624085,292.0949,587.01,439.5525,0.0,0.8099,0.8744,415,14.118333333333334,294.24061741146795,292.5882,586.628,439.6081,0.0333,0.7678,0.7791,415,14.118333333333334
294.2795345969341,292.531,586.5865,439.5588,0.0333,0.7873,0.8022,416,14.145000000000001,294.19816312593287,292.59,586.5865,439.5883,0.0,0.8822,0.8022,416,14.145000000000001,294.9755264416377,292.1864,586.9076,439.547,0.025,0.7636,0.8013,416,14.145000000000001,295.1061683620311,292.0966,586.9997,439.5482,0.0,0.8099,0.8371,416,14.145000000000001,294.2795345969341,292.531,586.5865,439.5588,0.0333,0.7873,0.8022,416,14.145000000000001
294.3599007855724,292.5273,586.7081,439.6177,0.05,0.7841,0.7646,417,14.171666666666667,294.2317215889358,292.5865,586.6181,439.6023,0.0,0.8737,0.7845,417,14.171666666666667,295.0295930140512,292.1774,586.9466,439.562,0.0167,0.8146,0.8075,417,14.171666666666667,295.14475692629077,292.095,587.0383,439.5667,0.0,0.8084,0.8005,417,14.171666666666667,294.3599007855724,292.5273,586.7081,439.6177,0.05,0.7841,0.7646,417,14.171666666666667
294.2844487738444,292.5284,586.5911,439.5597,0.0667,0.7999,0.7108,418,14.205,294.2310311641146,292.5869,586.6171,439.602,0.0,0.8896,0.7919,418,14.205,295.0072867655915,292.1871,586.9431,439.5651,0.025,0.7704,0.816,418,14.205,295.13759412678706,292.0973,587.0341,439.5657,0.0,0.8218,0.7877,418,14.205,294.2844487738444,292.5284,586.5911,439.5597,0.0667,0.7999,0.7108,418,14.205
294.2266565832726,292.5773,586.5875,439.5824,0.0583,0.7505,0.6843,419,14.238333333333335,294.23270880296207,292.582,586.6142,439.5981,0.0,0.8675,0.78,419,14.238333333333335,295.03336197375154,292.173,586.9455,439.5592,0.0167,0.831,0.8076,419,14.238333333333335,295.1488663542133,292.0903,587.0373,439.5638,0.0,0.8079,0.7772,419,14.238333333333335,294.2266565832726,292.5773,586.5875,439.5824,0.0583,0.7505,0.6843,419,14.238333333333335
294.2280459083901,292.5769,586.5879,439.5824,0.0583,0.7505,0.655,420,14.271666666666668,294.2347315461091,292.5816,586.6156,439.5986,0.0,0.8675,0.7707,420,14.271666666666668,294.97468794006244,292.1727,586.9101,439.5414,0.0333,0.8187,0.811,420,14.271666666666668,295.1505457672022,292.09,587.0383,439.5642,0.0,0.8081,0.7568,420,14.271666666666668,294.2280459083901,292.5769,586.5879,439.5824,0.0583,0.7505,0.655,420,14.271666666666668
294.22257919469837,292.5766,586.5825,439.5796,0.0583,0.7514,0.6774,421,14.305000000000001,294.22918879041254,292.5813,586.6102,439.5958,0.0,0.8661,0.7662,421,14.305000000000001,294.97244974148754,292.1727,586.908,439.5404,0.0333,0.8187,0.8106,421,14.305000000000001,295.1483535677836,292.09,587.0363,439.5631,0.0,0.8081,0.7573,421,14.305000000000001,294.22257919469837,292.5766,586.5825,439.5796,0.0583,0.7514,0.6774,421,14.305000000000001
294.43247670243056,292.6158,586.8934,439.7546,0.0583,0.715,0.7927,422,14.338333333333335,294.23557706024974,292.7389,586.808,439.7734,0.0,0.8531,0.799,422,14.338333333333335,295.07691475213136,292.2705,587.1314,439.7009,0.025,0.8565,0.8525,422,14.338333333333335,295.1291519988871,292.2474,587.2169,439.7321,0.0,0.8307,0.7815,422,14.338333333333335,294.43247670243056,292.6158,586.8934,439.7546,0.0583,0.715,0.7927,422,14.338333333333335
294.30355890784233,292.7315,586.8836,439.8076,0.05,0.7367,0.8111,423,14.371666666666668,294.1718368507766,292.7949,586.8,439.7974,0.0,0.8428,0.779,423,14.371666666666668,294.94644505659414,292.3853,587.1305,439.7579,0.025,0.7606,0.8458,423,14.371666666666668,295.07569033712,292.2995,587.216,439.7577,0.0,0.8333,0.8452,423,14.371666666666668,294.30355890784233,292.7315,586.8836,439.8076,0.05,0.7367,0.8111,423,14.371666666666668
294.1316727990591,292.7279,586.6078,439.6678,0.05,0.7501,0.7427,424,14.405000000000001,294.03103498458296,292.8361,586.6861,439.7611,0.0,0.8282,0.8011,424,14.405000000000001,294.97982030099706,292.2828,587.0754,439.6791,0.0333,0.7835,0.8593,424,14.405000000000001,294.9938753577038,292.2564,587.0754,439.6659,0.0,0.7977,0.8593,424,14.405000000000001,294.1316727990591,292.7279,586.6078,439.6678,0.05,0.7501,0.7427,424,14.405000000000001
294.2975625526488,292.599,586.6922,439.6456,0.0333,0.7689,0.8436,425,14.438333333333334,294.24167461328335,292.6171,586.6511,439.6341,0.0,0.8048,0.8024,425,14.438333333333334,295.09352014573267,292.1959,587.0866,439.6413,0.0417,0.7589,0.9008,425,14.438333333333334,295.08570514768564,292.1708,587.0392,439.605,0.0,0.772,0.7835,425,14.438333333333334,294.2975625526488,292.599,586.6922,439.6456,0.0333,0.7689,0.8436,425,14.438333333333334
294.2589299037089,292.5709,586.5628,439.5668,0.0333,0.8519,0.7799,426,14.471666666666668,294.24992284840096,292.5939,586.6341,439.614,0.0,0.8716,0.8293,426,14.471666666666668,295.12179616800853,292.1135,587.0062,439.5599,0.025,0.784,0.854,426,14.471666666666668,295.0788903230093,292.1439,587.0062,439.5751,0.0,0.8067,0.854,426,14.471666666666668,294.2589299037089,292.5709,586.5628,439.5668,0.0333,0.8519,0.7799,426,14.471666666666668
294.2607783431801,292.5585,586.5514,439.555,0.0333,0.7688,0.8052,427,14.511666666666667,294.2501284297804,292.583,586.6224,439.6027,0.0,0.8472,0.8255,427,14.511666666666667,295.0640247727298,292.1585,586.9979,439.5782,0.0333,0.7906,0.8291,427,14.511666666666667,295.07726655172837,292.1352,586.9979,439.5666,0.0,0.8139,0.8291,427,14.511666666666667,294.2607783431801,292.5585,586.5514,439.555,0.0333,0.7688,0.8052,427,14.511666666666667
294.25889928443473,292.5515,586.5393,439.5454,0.0333,0.7715,0.8173,428,14.538333333333334,294.2479889092556,292.5763,586.6113,439.5938,0.0,0.8453,0.8199,428,14.538333333333334,295.1247691945941,292.0986,586.9893,439.5439,0.025,0.8233,0.9132,428,14.538333333333334,295.0787213127094,292.1304,586.9893,439.5599,0.0,0.8575,0.9132,428,14.538333333333334,294.25889928443473,292.5515,586.5393,439.5454,0.0333,0.7715,0.8173,428,14.538333333333334
294.2604004593651,292.5473,586.5381,439.5427,0.0333,0.7728,0.8256,429,14.571666666666667,294.2494510651793,292.5721,586.6096,439.5909,0.0,0.8503,0.8167,429,14.571666666666667,295.1228112564925,292.0989,586.9881,439.5435,0.025,0.8269,0.9137,429,14.571666666666667,295.07702142573646,292.1305,586.9881,439.5593,0.0,0.8503,0.9137,429,14.571666666666667,294.2604004593651,292.5473,586.5381,439.5427,0.0333,0.7728,0.8256,429,14.571666666666667
294.24976088204124,292.5515,586.5346,439.543,0.0333,0.7727,0.8182,430,14.605,294.2393575215416,292.5759,586.606,439.5909,0.0,0.8478,0.7404,430,14.605,295.11300190031704,292.0998,586.9822,439.541,0.025,0.8277,0.8957,430,14.605,295.0683579954165,292.1312,586.9822,439.5567,0.0,0.8528,0.8957,430,14.605,294.24976088204124,292.5515,586.5346,439.543,0.0333,0.7727,0.8182,430,14.605
294.25607648375444,292.545,586.5343,439.5396,0.0333,0.7656,0.8111,431,14.638333333333334,294.2451035234897,292.5699,586.6058,439.5878,0.0,0.8497,0.7647,431,14.638333333333334,295.11412837708946,292.1017,586.9842,439.543,0.025,0.804,0.8721,431,14.638333333333334,295.0691311581021,292.1337,586.9842,439.559,0.0,0.8754,0.8721,431,14.638333333333334,294.25607648375444,292.545,586.5343,439.5396,0.0333,0.7656,0.8111,431,14.638333333333334
294.2847749725725,292.5461,586.6074,439.5768,0.025,0.8403,0.7674,432,14.671666666666667,294.2442057720668,292.571,586.6074,439.5892,0.0,0.8508,0.7674,432,14.671666666666667,295.11385496642004,292.1031,586.9863,439.5447,0.025,0.8173,0.8726,432,14.671666666666667,295.0688323603767,292.1352,586.9863,439.5607,0.0,0.8761,0.8726,432,14.671666666666667,294.2847749725725,292.5461,586.6074,439.5768,0.025,0.8403,0.7674,432,14.671666666666667
294.28755170230556,292.5451,586.6089,439.577,0.025,0.8403,0.7442,433,14.705,294.2467982315666,292.5702,586.6089,439.5895,0.0,0.8511,0.7442,433,14.705,295.1141995104372,292.103,586.9865,439.5447,0.025,0.8181,0.8731,433,14.705,295.0691378405927,292.1351,586.9865,439.5608,0.0,0.8762,0.8731,433,14.705,294.28755170230556,292.5451,586.6089,439.577,0.025,0.8403,0.7442,433,14.705
294.2861286775661,292.5453,586.608,439.5767,0.025,0.8421,0.7608,434,14.738333333333335,294.24556742720154,292.5702,586.608,439.5891,0.0,0.8511,0.7608,434,14.738333333333335,295.1131910665582,292.1034,586.9863,439.5449,0.025,0.8152,0.8654,434,14.738333333333335,295.06820822355803,292.1354,586.9863,439.5609,0.0,0.8762,0.8654,434,14.738333333333335,294.2861286775661,292.5453,586.608,439.5767,0.025,0.8421,0.7608,434,14.738333333333335
294.2517446877855,292.5542,586.5914,439.5728,0.0167,0.8816,0.8429,435,14.773333333333333,294.2753499885664,292.5199,586.5914,439.5556,0.0,0.9931,0.8429,435,14.773333333333333,294.9853391620586,292.1646,586.9028,439.5337,0.0167,0.7659,0.8334,435,14.773333333333333,295.09239051648046,292.0872,586.9836,439.5354,0.0,0.8339,0.8063,435,14.773333333333333,294.2517446877855,292.5542,586.5914,439.5728,0.0167,0.8816,0.8429,435,14.773333333333333
294.2476804848883,292.5569,586.5899,439.5734,0.0167,0.8717,0.8365,436,14.805000000000001,294.2714053174416,292.5224,586.5899,439.5562,0.0,0.9868,0.8365,436,14.805000000000001,294.9752023841207,292.1647,586.8951,439.5299,0.0167,0.7659,0.7967,436,14.805000000000001,295.08294470959964,292.0874,586.9779,439.5326,0.0,0.8338,0.8118,436,14.805000000000001,294.2476804848883,292.5569,586.5899,439.5734,0.0167,0.8717,0.8365,436,14.805000000000001
294.16979942425485,292.8833,586.8768,439.88,0.0083,0.9703,0.7424,437,14.838333333333335,294.2502653846666,292.7988,586.8768,439.8378,0.0,0.9106,0.7424,437,14.838333333333335,295.0429522003601,292.4054,587.2808,439.8431,0.0167,0.8207,0.98,437,14.838333333333335,295.05940140768416,292.3788,587.2808,439.8298,0.0,0.8895,0.98,437,14.838333333333335,294.16979942425485,292.8833,586.8768,439.88,0.0083,0.9703,0.7424,437,14.838333333333335
294.2013271098332,292.9527,586.9845,439.9686,0.0333,0.9954,0.6846,438,14.871666666666668,294.27607804401555,292.8664,586.9757,439.9211,0.0,0.9302,0.7523,438,14.871666666666668,295.17533135963754,292.456,587.4725,439.9643,0.0167,0.8105,0.9843,438,14.871666666666668,295.30969957075865,292.3189,587.4725,439.8957,0.0,0.8037,0.9843,438,14.871666666666668,294.2013271098332,292.9527,586.9845,439.9686,0.0333,0.9954,0.6846,438,14.871666666666668
294.3969354857384,298.2012,592.5951,445.3981,0.0167,1.1294,0.9246,439,14.905000000000001,294.54290564056794,298.1249,592.6624,445.3936,0.0,1.0828,1.0192,439,14.905000000000001,298.4506239857793,295.0789,593.5295,444.3042,0.0333,1.7335,0.9403,439,14.905000000000001,298.2686700555497,295.2341,593.5028,444.3684,0.0,1.8406,0.9691,439,14.905000000000001,294.3969354857384,298.2012,592.5951,445.3981,0.0167,1.1294,0.9246,439,14.905000000000001
293.69730320289864,299.9422,593.6176,446.7799,0.0583,0.8725,0.9525,440,14.938333333333334,293.4931992064029,300.1885,593.6595,446.924,0.0,0.8319,0.9719,440,14.938333333333334,294.7726169487561,299.5664,594.2864,446.9264,0.0333,0.811,1.0538,440,14.938333333333334,294.65720508836796,299.6861,594.2864,446.9863,0.0,0.851,1.0538,440,14.938333333333334,293.69730320289864,299.9422,593.6176,446.7799,0.0583,0.8725,0.9525,440,14.938333333333334
292.9865022644681,298.7223,591.7057,445.214,0.025,1.0207,0.797,441,14.971666666666668,292.9283412308938,298.8468,591.7742,445.3105,0.0,0.9722,0.8811,441,14.971666666666668,294.4803713113089,298.0438,592.5171,445.2804,0.0333,0.859,0.9624,441,14.971666666666668,294.4796904710197,298.1075,592.5765,445.342,0.0,0.9213,0.8987,441,14.971666666666668,292.9865022644681,298.7223,591.7057,445.214,0.025,1.0207,0.797,441,14.971666666666668
292.97673908229444,296.2228,589.1476,442.6852,0.025,0.8653,0.7208,442,15.011666666666668,293.024834892762,296.2008,589.1956,442.6982,0.0,0.8834,0.8885,442,15.011666666666668,294.65825116873145,295.3012,589.9498,442.6255,0.0167,0.9182,1.0243,442,15.011666666666668,294.6581480836495,295.3013,589.9498,442.6256,0.0,0.9185,1.0243,442,15.011666666666668,292.97673908229444,296.2228,589.1476,442.6852,0.025,0.8653,0.7208,442,15.011666666666668
293.48052585561993,294.3383,587.7425,441.0404,0.0167,1.022,0.8588,443,15.041666666666668,293.53573658532844,294.2602,587.7103,440.9853,0.0,0.9882,0.8461,443,15.041666666666668,294.6950362896141,293.5739,588.1583,440.8661,0.0417,0.8461,0.7912,443,15.041666666666668,294.73993753243076,293.5593,588.2261,440.8927,0.0,0.8347,0.8519,443,15.041666666666668,293.48052585561993,294.3383,587.7425,441.0404,0.0167,1.022,0.8588,443,15.041666666666668
293.83895018220534,293.2785,586.9697,440.1241,0.0583,0.9693,0.7191,444,15.073333333333334,293.9262212813211,293.2572,587.0402,440.1487,0.0,1.0005,0.7655,444,15.073333333333334,294.88112453157703,292.752,587.4749,440.1135,0.0583,0.7895,0.6699,444,15.073333333333334,294.8636604410144,292.738,587.482,440.11,0.0,0.8723,0.6735,444,15.073333333333334,293.83895018220534,293.2785,586.9697,440.1241,0.0583,0.9693,0.7191,444,15.073333333333334
294.21430852423407,292.7521,586.7807,439.7664,0.025,0.8843,0.7941,445,15.105,294.13691481198293,292.8114,586.7807,439.7961,0.0,0.8775,0.7941,445,15.105,295.0258602625943,292.3512,587.1861,439.7687,0.0167,0.8702,0.9572,445,15.105,294.9929400160112,292.3712,587.1861,439.7787,0.0,0.9106,0.9572,445,15.105,294.21430852423407,292.7521,586.7807,439.7664,0.025,0.8843,0.7941,445,15.105
294.11860330980346,292.6656,586.5162,439.5909,0.0417,0.7478,0.7497,446,15.145000000000001,294.15688643144244,292.6892,586.6446,439.6669,0.0,0.7983,0.8411,446,15.145000000000001,294.9440762334476,292.3005,587.0331,439.6668,0.0083,0.9197,0.7724,446,15.145000000000001,295.01171144245825,292.2273,587.0331,439.6302,0.0,0.9328,0.7724,446,15.145000000000001,294.11860330980346,292.6656,586.5162,439.5909,0.0417,0.7478,0.7497,446,15.145000000000001
294.1847838873497,292.6058,586.5242,439.565,0.05,0.6952,0.7062,447,15.178333333333335,294.1677073789647,292.6806,586.6514,439.666,0.0,0.7625,0.8421,447,15.178333333333335,294.9573951578617,292.2827,587.038,439.6603,0.0083,0.8826,0.8151,447,15.178333333333335,295.0241031120332,292.2106,587.038,439.6243,0.0,0.95,0.8151,447,15.178333333333335,294.1847838873497,292.6058,586.5242,439.565,0.05,0.6952,0.7062,447,15.178333333333335
294.42762704433756,292.6849,586.8897,439.7873,0.025,0.7846,0.8205,448,15.205000000000002,294.3903250573493,292.7068,586.8897,439.7982,0.0,0.8341,0.8205,448,15.205000000000002,295.26776476261045,292.2602,587.3074,439.7838,0.0167,0.9096,0.8666,448,15.205000000000002,295.276058873548,292.2419,587.3074,439.7747,0.0,0.9044,0.8666,448,15.205000000000002,294.42762704433756,292.6849,586.8897,439.7873,0.025,0.7846,0.8205,448,15.205000000000002
294.1808013944683,294.2426,588.0984,441.1705,0.025,0.8027,0.8703,449,15.246666666666668,294.14324411982216,294.2661,588.0984,441.1822,0.0,0.8474,0.8703,449,15.246666666666668,295.1544567086802,293.6362,588.4854,441.0608,0.0,0.8857,0.8603,449,15.246666666666668,295.1544567086805,293.6362,588.4854,441.0608,0.0,0.8857,0.8603,449,15.246666666666668,294.1808013944683,294.2426,588.0984,441.1705,0.025,0.8027,0.8703,449,15.246666666666668
293.6626672307042,294.8029,588.1377,441.4703,0.025,0.7887,0.8174,450,15.278333333333334,293.6152275306988,294.8349,588.1377,441.4863,0.0,0.8062,0.8174,450,15.278333333333334,294.46969218441956,294.3392,588.509,441.4241,0.0083,0.8493,0.8246,450,15.278333333333334,294.52890963558343,294.2764,588.509,441.3927,0.0,0.8813,0.8246,450,15.278333333333334,293.6626672307042,294.8029,588.1377,441.4703,0.025,0.7887,0.8174,450,15.278333333333334
293.7611674955539,294.0602,587.561,440.8106,0.0333,0.7593,0.8677,451,15.303333333333335,293.6855837178342,294.0921,587.5043,440.7982,0.0,0.8223,1.0034,451,15.303333333333335,294.7138237771768,293.4822,587.9032,440.6927,0.025,0.7512,1.0456,451,15.303333333333335,294.6488929316989,293.5329,587.9032,440.718,0.0,0.7913,1.0456,451,15.303333333333335,293.7611674955539,294.0602,587.561,440.8106,0.0333,0.7593,0.8677,451,15.303333333333335
293.7901552983584,293.3663,586.8908,440.1285,0.0417,0.75,0.7567,452,15.348333333333334,293.89587926419347,293.327,587.0088,440.1679,0.0,0.7877,0.7628,452,15.348333333333334,294.8452247667884,292.8187,587.4436,440.1311,0.0333,0.699,0.8723,452,15.348333333333334,294.9293909540964,292.7372,587.4436,440.0904,0.0,0.7614,0.8723,452,15.348333333333334,293.7901552983584,293.3663,586.8908,440.1285,0.0417,0.75,0.7567,452,15.348333333333334
294.15006654581066,292.8776,586.7713,439.8245,0.025,0.9967,0.7564,453,15.378333333333334,294.1966682220458,292.8513,586.8471,439.8492,0.0,0.9413,0.8516,453,15.378333333333334,295.14666117040895,292.3397,587.2736,439.8067,0.025,0.7493,0.907,453,15.378333333333334,295.09526068964396,292.3762,587.2736,439.8249,0.0,0.7904,0.907,453,15.378333333333334,294.15006654581066,292.8776,586.7713,439.8245,0.025,0.9967,0.7564,453,15.378333333333334
294.2772766785818,292.9733,587.0254,439.9993,0.0417,0.8563,0.6385,454,15.405000000000001,294.2137302058415,293.0498,587.0994,440.0746,0.0,0.776,0.8329,454,15.405000000000001,295.1394473237486,292.5374,587.5076,440.0225,0.025,0.7442,0.9112,454,15.405000000000001,295.091461503019,292.572,587.5076,440.0398,0.0,0.8099,0.9112,454,15.405000000000001,294.2772766785818,292.9733,587.0254,439.9993,0.0417,0.8563,0.6385,454,15.405000000000001
293.9837164118203,293.1603,586.9834,440.0718,0.0167,0.7948,0.7435,455,15.450000000000001,294.0100820763383,293.127,586.9834,440.0552,0.0,0.8608,0.7435,455,15.450000000000001,294.94203947111674,292.6195,587.3808,440.0002,0.0417,0.6665,0.987,455,15.450000000000001,294.9348566529207,292.6082,587.3808,439.9945,0.0,0.7332,0.987,455,15.450000000000001,293.9837164118203,293.1603,586.9834,440.0718,0.0167,0.7948,0.7435,455,15.450000000000001
293.98993095315996,293.1591,586.9881,440.0736,0.0167,0.7895,0.7345,456,15.478333333333333,294.0165067695692,293.1257,586.9881,440.0569,0.0,0.8634,0.7345,456,15.478333333333333,294.94905465197166,292.6207,587.3886,440.0047,0.0417,0.6774,0.9133,456,15.478333333333333,294.9419165634887,292.6093,587.3886,439.999,0.0,0.7297,0.9133,456,15.478333333333333,293.98993095315996,293.1591,586.9881,440.0736,0.0167,0.7895,0.7345,456,15.478333333333333
294.11897152756524,294.1513,587.9981,441.0747,0.0083,0.9457,0.7846,457,15.511666666666668,294.2014028127585,294.0638,587.9981,441.0309,0.0,0.9584,0.7846,457,15.511666666666668,295.2238628895418,293.4726,588.4282,440.9504,0.025,0.7518,0.8949,457,15.511666666666668,295.3029011518727,293.3892,588.4282,440.9087,0.0,0.8404,0.8949,457,15.511666666666668,294.11897152756524,294.1513,587.9981,441.0747,0.0083,0.9457,0.7846,457,15.511666666666668
293.5092712185851,295.2303,588.3972,441.8138,0.0167,0.8306,0.803,458,15.55,293.59381122242075,295.1479,588.3972,441.7726,0.0,0.8827,0.803,458,15.55,294.7217791713212,294.4774,588.8576,441.6675,0.025,0.7916,0.9338,458,15.55,294.7170649454581,294.4646,588.8541,441.6594,0.0,0.8166,0.9151,458,15.55,293.5092712185851,295.2303,588.3972,441.8138,0.0167,0.8306,0.803,458,15.55
293.4597180188615,294.6294,587.8076,441.2185,0.0333,0.7402,0.8008,459,15.578333333333335,293.46486884630065,294.6526,587.8432,441.2479,0.0,0.7631,0.7821,459,15.578333333333335,294.4702426874717,293.9979,588.2545,441.1262,0.0667,0.6081,0.9266,459,15.578333333333335,294.5674405566482,293.9466,588.2494,441.098,0.0,0.6614,0.8481,459,15.578333333333335,293.4597180188615,294.6294,587.8076,441.2185,0.0333,0.7402,0.8008,459,15.578333333333335
293.68054890505243,293.6246,587.0061,440.3153,0.0417,0.8209,0.7229,460,15.605,293.82886663590466,293.5399,587.1325,440.3362,0.0,0.8713,0.7509,460,15.605,294.8435637075762,293.0091,587.5922,440.3007,0.05,0.6107,0.9368,460,15.605,294.8207763664011,293.0149,587.5922,440.3036,0.0,0.7079,0.9368,460,15.605,293.68054890505243,293.6246,587.0061,440.3153,0.0417,0.8209,0.7229,460,15.605
293.8933391586546,293.0852,586.7705,439.9278,0.0667,0.9005,0.6066,461,15.636666666666668,293.9255363460886,293.1032,586.8297,439.9665,0.0,0.9136,0.5788,461,15.636666666666668,294.81910255100246,292.5801,587.1459,439.863,0.025,0.8717,0.7132,461,15.636666666666668,294.9669641419981,292.5109,587.2702,439.8906,0.0,0.8933,0.8155,461,15.636666666666668,293.8933391586546,293.0852,586.7705,439.9278,0.0667,0.9005,0.6066,461,15.636666666666668
294.15646252855447,292.8178,586.8016,439.8097,0.05,0.7233,0.7481,462,15.671666666666667,294.1322820052018,292.7847,586.7164,439.7506,0.0,0.9067,0.7851,462,15.671666666666667,294.9165704224817,292.3886,587.0899,439.7393,0.0333,0.958,0.7166,462,15.671666666666667,295.047948202635,292.3162,587.1697,439.7429,0.0,0.9573,0.7355,462,15.671666666666667,294.15646252855447,292.8178,586.8016,439.8097,0.05,0.7233,0.7481,462,15.671666666666667
294.17780630942235,292.7798,586.7862,439.783,0.05,0.7621,0.746,463,15.703333333333335,294.1548920302189,292.7451,586.701,439.723,0.0,0.7962,0.74,463,15.703333333333335,294.99821697984976,292.3035,587.0812,439.6923,0.0333,0.8564,0.6679,463,15.703333333333335,295.0236068569098,292.283,587.1196,439.7013,0.0,0.9068,0.7102,463,15.703333333333335,294.17780630942235,292.7798,586.7862,439.783,0.05,0.7621,0.746,463,15.703333333333335
294.17742663963736,292.7838,586.7882,439.786,0.05,0.7779,0.7157,464,15.738333333333335,294.15380500183755,292.7505,586.7046,439.7275,0.0,0.8132,0.7104,464,15.738333333333335,295.0183606326975,292.2663,587.0345,439.6504,0.025,0.8588,0.7293,464,15.738333333333335,295.06560975497956,292.2476,587.1205,439.684,0.0,0.896,0.7131,464,15.738333333333335,294.17742663963736,292.7838,586.7882,439.786,0.05,0.7779,0.7157,464,15.738333333333335
294.2830683418988,293.2077,587.2281,440.2179,0.025,0.8448,0.8684,465,15.773333333333335,294.25566927112067,293.2195,587.2281,440.2238,0.0,0.8644,0.8684,465,15.773333333333335,295.25988778786257,292.6531,587.6699,440.1615,0.0333,0.6743,0.9885,465,15.773333333333335,295.27087514464245,292.6307,587.6699,440.1503,0.0,0.7147,0.9885,465,15.773333333333335,294.2830683418988,293.2077,587.2281,440.2179,0.025,0.8448,0.8684,465,15.773333333333335
294.0251456877046,294.637,588.3024,441.4697,0.0417,0.6744,0.8288,466,15.805000000000001,293.8902453323393,294.7456,588.3024,441.524,0.0,0.7246,0.8288,466,15.805000000000001,294.8002436473116,294.2032,588.5895,441.3964,0.0333,0.6629,0.9631,466,15.805000000000001,294.89448030330925,294.1377,588.6999,441.4188,0.0,0.7193,0.927,466,15.805000000000001,294.0251456877046,294.637,588.3024,441.4697,0.0417,0.6744,0.8288,466,15.805000000000001
293.6321821718608,294.9702,588.269,441.6196,0.025,0.7821,0.8162,467,15.838333333333335,293.56447742190517,295.0201,588.269,441.6446,0.0,0.8284,0.8162,467,15.838333333333335,294.6172620742883,294.3814,588.6797,441.5305,0.0167,0.7521,0.9411,467,15.838333333333335,294.5795349482996,294.4075,588.6797,441.5436,0.0,0.7738,0.9411,467,15.838333333333335,293.6321821718608,294.9702,588.269,441.6196,0.025,0.7821,0.8162,467,15.838333333333335
293.6562626503719,294.4424,587.879,441.1607,0.0333,0.7857,0.818,468,15.871666666666668,293.6708635630906,294.4564,587.9136,441.185,0.0,0.7748,0.8259,468,15.871666666666668,294.7220324281095,293.8291,588.3264,441.0778,0.0333,0.5816,0.9479,468,15.871666666666668,294.7296286396389,293.8144,588.3264,441.0704,0.0,0.693,0.9479,468,15.871666666666668,293.6562626503719,294.4424,587.879,441.1607,0.0333,0.7857,0.818,468,15.871666666666668
293.7657735968195,293.6273,587.1535,440.3904,0.0333,0.8089,0.6564,469,15.905000000000001,293.77317238535363,293.6364,587.2286,440.4325,0.0,0.8602,0.7362,469,15.905000000000001,294.7981300155643,293.0182,587.566,440.2921,0.05,0.6104,0.6195,469,15.905000000000001,294.7840588607046,293.0534,587.6512,440.3523,0.0,0.7219,0.7135,469,15.905000000000001,293.7657735968195,293.6273,587.1535,440.3904,0.0333,0.8089,0.6564,469,15.905000000000001
293.84720272832294,293.2932,586.9793,440.1363,0.025,0.9967,0.7463,470,15.938333333333334,293.8837114259469,293.2078,586.8973,440.0526,0.0,0.9472,0.7655,470,15.938333333333334,294.8737806129138,292.6168,587.3006,439.9587,0.0333,0.6837,0.6947,470,15.938333333333334,294.8850522730471,292.5977,587.3006,439.9492,0.0,0.7614,0.6947,470,15.938333333333334,293.84720272832294,293.2932,586.9793,440.1363,0.025,0.9967,0.7463,470,15.938333333333334
293.9229940959249,293.0355,586.7588,439.8972,0.0083,1.0267,0.7029,471,15.971666666666668,294.0015158526443,292.9521,586.7588,439.8555,0.0,0.9437,0.7029,471,15.971666666666668,294.9999382392714,292.3867,587.1936,439.7901,0.0167,0.8679,0.757,471,15.971666666666668,295.01202409953237,292.3678,587.1936,439.7807,0.0,0.8714,0.757,471,15.971666666666668,293.9229940959249,293.0355,586.7588,439.8972,0.0083,1.0267,0.7029,471,15.971666666666668
294.1144347479197,292.7976,586.7063,439.752,0.0333,0.7773,0.6439,472,16.011666666666667,294.14197901749793,292.7586,586.7063,439.7325,0.0,0.8928,0.6439,472,16.011666666666667,295.04539167784696,292.3029,587.1507,439.7268,0.0333,0.6659,0.8331,472,16.011666666666667,295.05479870571503,292.2854,587.1507,439.7181,0.0,0.8537,0.8331,472,16.011666666666667,294.1144347479197,292.7976,586.7063,439.752,0.0333,0.7773,0.6439,472,16.011666666666667
294.09095856637947,292.7915,586.6411,439.7163,0.0417,0.7507,0.7187,473,16.038333333333334,294.14896360517037,292.7513,586.7099,439.7306,0.0,0.886,0.6513,473,16.038333333333334,295.04986083496965,292.3016,587.154,439.7278,0.0333,0.6374,0.7845,473,16.038333333333334,295.0590704394157,292.2843,587.154,439.7192,0.0,0.8285,0.7845,473,16.038333333333334,294.09095856637947,292.7915,586.6411,439.7163,0.0417,0.7507,0.7187,473,16.038333333333334
294.14563689499903,292.7436,586.6428,439.6932,0.05,0.7332,0.6913,474,16.07166666666667,294.15387302848353,292.748,586.7123,439.7302,0.0,0.7984,0.6404,474,16.07166666666667,294.99897462543953,292.3501,587.1544,439.7523,0.0333,0.731,0.8032,474,16.07166666666667,295.01393965810666,292.3272,587.1544,439.7408,0.0,0.8745,0.8032,474,16.07166666666667,294.14563689499903,292.7436,586.6428,439.6932,0.05,0.7332,0.6913,474,16.07166666666667
294.11590467647915,292.8009,586.703,439.752,0.025,0.7994,0.7544,475,16.105,294.0876951835637,292.8137,586.703,439.7583,0.0,0.8722,0.7544,475,16.105,295.00001502168146,292.2985,587.0829,439.6907,0.0333,0.7515,0.9454,475,16.105,295.009177923337,292.2769,587.0829,439.6799,0.0,0.7528,0.9454,475,16.105,294.11590467647915,292.8009,586.703,439.752,0.025,0.7994,0.7544,475,16.105
294.1138392115621,292.8005,586.7013,439.7509,0.025,0.8291,0.7478,476,16.138333333333335,294.08555172675983,292.8133,586.7013,439.7573,0.0,0.861,0.7478,476,16.138333333333335,294.98856984502356,292.299,587.0754,439.6872,0.0333,0.7504,0.9074,476,16.138333333333335,294.9976511077439,292.2775,587.0754,439.6765,0.0,0.7529,0.9074,476,16.138333333333335,294.1138392115621,292.8005,586.7013,439.7509,0.025,0.8291,0.7478,476,16.138333333333335
294.1617403343281,292.7579,586.7027,439.7303,0.0333,0.8099,0.7727,477,16.171666666666667,294.1889488978228,292.719,586.7027,439.7108,0.0,0.8571,0.7727,477,16.171666666666667,295.10613232089764,292.1903,587.0775,439.6339,0.0333,0.7644,0.8656,477,16.171666666666667,295.0040904250609,292.2729,587.0775,439.6752,0.0,0.7517,0.8656,477,16.171666666666667,294.1617403343281,292.7579,586.7027,439.7303,0.0333,0.8099,0.7727,477,16.171666666666667
294.15723410095995,292.7626,586.7024,439.7325,0.0333,0.8089,0.7497,478,16.205000000000002,294.18469620690735,292.7234,586.7024,439.7129,0.0,0.8609,0.7497,478,16.205000000000002,295.1036047810044,292.1914,587.0766,439.634,0.0333,0.765,0.8571,478,16.205000000000002,295.00150509456876,292.2744,587.0766,439.6755,0.0,0.7522,0.8571,478,16.205000000000002,294.15723410095995,292.7626,586.7024,439.7325,0.0333,0.8089,0.7497,478,16.205000000000002
294.16555070240395,292.7606,586.7057,439.7332,0.0333,0.8261,0.7957,479,16.238333333333333,294.19127267203714,292.723,586.7057,439.7144,0.0,0.895,0.7957,479,16.238333333333333,295.0255785600036,292.2952,587.0983,439.6968,0.0333,0.7464,0.9417,479,16.238333333333333,295.0352164943141,292.2732,587.0983,439.6858,0.0,0.7586,0.9417,479,16.238333333333333,294.16555070240395,292.7606,586.7057,439.7332,0.0333,0.8261,0.7957,479,16.238333333333333
294.0241520938994,293.5663,587.3015,440.4339,0.0167,0.8674,0.8882,480,16.27166666666667,294.04417085317334,293.5353,587.3015,440.4184,0.0,0.892,0.8882,480,16.27166666666667,295.0000416908878,292.9602,587.6888,440.3245,0.025,0.7631,1.0194,480,16.27166666666667,295.0641896524278,292.8892,587.6888,440.289,0.0,0.7189,1.0194,480,16.27166666666667,294.0241520938994,293.5663,587.3015,440.4339,0.0167,0.8674,0.8882,480,16.27166666666667
293.7215876846906,294.346,587.7747,441.0604,0.0167,0.9151,0.8745,481,16.305,293.7365676942304,294.3206,587.7747,441.0476,0.0,0.9483,0.8745,481,16.305,294.6827221845131,293.7212,588.1394,440.9303,0.025,0.831,1.0182,481,16.305,294.74157960650234,293.6583,588.1394,440.8989,0.0,0.8462,1.0182,481,16.305,293.7215876846906,294.346,587.7747,441.0604,0.0167,0.9151,0.8745,481,16.305
293.75991032021005,294.2317,587.7467,440.9892,0.0333,0.847,0.815,482,16.338333333333335,293.68719889762974,294.2558,587.6813,440.9686,0.0,0.8582,0.9359,482,16.338333333333335,294.6846047666527,293.6083,588.0386,440.8234,0.0167,0.8245,1.0291,482,16.338333333333335,294.6855687402011,293.5986,588.0386,440.8186,0.0,0.9156,1.0291,482,16.338333333333335,293.75991032021005,294.2317,587.7467,440.9892,0.0333,0.847,0.815,482,16.338333333333335
293.6739380308362,293.79,587.2128,440.5014,0.0417,0.7775,0.9042,483,16.371666666666666,293.87070451155137,293.6388,587.2989,440.4688,0.0,0.9147,0.903,483,16.371666666666666,294.8264538909966,293.1139,587.7708,440.4423,0.0417,0.7545,0.8984,483,16.371666666666666,294.80318045874475,293.096,587.7084,440.4022,0.0,0.7689,1.0097,483,16.371666666666666,293.6739380308362,293.79,587.2128,440.5014,0.0417,0.7775,0.9042,483,16.371666666666666
293.8205427636763,293.3382,586.9723,440.1553,0.0083,0.912,0.7875,484,16.403333333333336,293.9012743143309,293.2525,586.9723,440.1124,0.0,0.9568,0.7875,484,16.403333333333336,294.8934617267315,292.6444,587.3514,439.9979,0.025,0.7174,0.8462,484,16.403333333333336,294.8516799522191,292.6761,587.3514,440.0138,0.0,0.753,0.8462,484,16.403333333333336,293.8205427636763,293.3382,586.9723,440.1553,0.0083,0.912,0.7875,484,16.403333333333336
293.86772423625905,293.1068,586.7789,439.9429,0.0333,0.784,0.8617,485,16.438333333333336,294.0076327253478,292.9825,586.7789,439.8807,0.0,0.8202,0.8617,485,16.438333333333336,295.12253878715387,292.3644,587.2661,439.8152,0.0417,0.739,0.8658,485,16.438333333333336,295.1079571713069,292.3455,587.2253,439.7854,0.0,0.8026,0.8823,485,16.438333333333336,293.86772423625905,293.1068,586.7789,439.9429,0.0333,0.784,0.8617,485,16.438333333333336
294.2357797090815,292.7633,586.7575,439.7604,0.025,0.8461,0.8302,486,16.475,294.2005749066873,292.7829,586.7575,439.7702,0.0,0.8136,0.8302,486,16.475,295.2051101024868,292.2309,587.1889,439.7099,0.025,0.824,0.8138,486,16.475,295.15124327275123,292.2695,587.1889,439.7292,0.0,0.899,0.8138,486,16.475,294.2357797090815,292.7633,586.7575,439.7604,0.025,0.8461,0.8302,486,16.475
294.24421029365396,292.7411,586.7499,439.7455,0.025,0.6664,0.7368,487,16.511666666666667,294.2100574727333,292.7595,586.7499,439.7547,0.0,0.9022,0.7368,487,16.511666666666667,295.2054090822784,292.2083,587.168,439.6881,0.025,0.8611,0.8008,487,16.511666666666667,295.15360872789876,292.2447,587.168,439.7063,0.0,0.9115,0.8008,487,16.511666666666667,294.24421029365396,292.7411,586.7499,439.7455,0.025,0.6664,0.7368,487,16.511666666666667
294.2456016102895,292.7255,586.7384,439.7319,0.025,0.7989,0.745,488,16.538333333333334,294.2114881003274,292.7438,586.7384,439.7411,0.0,0.8009,0.745,488,16.538333333333334,295.15096004424436,292.1806,587.0501,439.6154,0.0417,0.7966,0.7076,488,16.538333333333334,295.16050789949986,292.2168,587.1547,439.6858,0.0,0.7708,0.7739,488,16.538333333333334,294.2456016102895,292.7255,586.7384,439.7319,0.025,0.7989,0.745,488,16.538333333333334
294.23775899860806,292.7224,586.7285,439.7254,0.025,0.7715,0.7391,489,16.578333333333333,294.2036825661522,292.7407,586.7285,439.7346,0.0,0.8402,0.7391,489,16.578333333333333,295.1371120422533,292.1904,587.039,439.6147,0.0417,0.8399,0.7256,489,16.578333333333333,295.14388176690017,292.2271,587.1433,439.6852,0.0,0.8577,0.756,489,16.578333333333333,294.23775899860806,292.7224,586.7285,439.7254,0.025,0.7715,0.7391,489,16.578333333333333
294.2369180419737,292.7132,586.7212,439.7172,0.025,0.7888,0.7195,490,16.611666666666668,294.2028097993417,292.7316,586.7212,439.7264,0.0,0.8331,0.7195,490,16.611666666666668,295.1642806568302,292.184,587.1161,439.6501,0.025,0.8928,0.7422,490,16.611666666666668,295.1120699662886,292.2208,587.1161,439.6685,0.0,0.8574,0.7422,490,16.611666666666668,294.2369180419737,292.7132,586.7212,439.7172,0.025,0.7888,0.7195,490,16.611666666666668
294.21646180768334,292.7041,586.6545,439.6793,0.0333,0.7885,0.6623,491,16.638333333333335,294.2100417937936,292.7226,586.7228,439.7227,0.0,0.8513,0.6492,491,16.638333333333335,295.08769887288656,292.184,587.0036,439.5938,0.0417,0.8949,0.6869,491,16.638333333333335,295.0959267557787,292.2208,587.1058,439.6633,0.0,0.8629,0.7176,491,16.638333333333335,294.21646180768334,292.7041,586.6545,439.6793,0.0333,0.7885,0.6623,491,16.638333333333335
294.2119711259712,292.7046,586.6509,439.6777,0.0333,0.778,0.6474,492,16.68,294.2051060697338,292.7236,586.7193,439.7214,0.0,0.8342,0.6692,492,16.68,295.17231054642355,292.1798,587.1493,439.6646,0.0333,0.9083,0.6984,492,16.68,295.10134894345174,292.2172,587.1075,439.6623,0.0,0.8577,0.7017,492,16.68,294.2119711259712,292.7046,586.6509,439.6777,0.0333,0.778,0.6474,492,16.68
294.21454578766486,292.7039,586.6529,439.6784,0.0333,0.8047,0.6241,493,16.711666666666666,294.2078027910567,292.7227,586.7212,439.722,0.0,0.8194,0.6828,493,16.711666666666666,295.0381143210391,292.2198,586.9978,439.6088,0.05,0.7146,0.6664,493,16.711666666666666,295.1022592227537,292.2039,587.0996,439.6517,0.0,0.7701,0.7058,493,16.711666666666666,294.21454578766486,292.7039,586.6529,439.6784,0.0333,0.8047,0.6241,493,16.711666666666666
294.2092637207527,292.6911,586.6344,439.6627,0.0333,0.8025,0.6289,494,16.738333333333333,294.20230679047813,292.7104,586.7039,439.7072,0.0,0.7968,0.707,494,16.738333333333333,295.02145446163047,292.2181,586.9804,439.5993,0.05,0.7122,0.5895,494,16.738333333333333,295.085922336002,292.2023,587.0826,439.6425,0.0,0.7672,0.6737,494,16.738333333333333,294.2092637207527,292.6911,586.6344,439.6627,0.0333,0.8025,0.6289,494,16.738333333333333
294.1675175927273,292.7064,586.6393,439.6728,0.0333,0.7088,0.7262,495,16.785,294.08936650115174,292.7631,586.6393,439.7012,0.0,0.7857,0.7262,495,16.785,295.13062616155275,292.1585,587.0642,439.6114,0.0417,0.7026,0.9251,495,16.785,295.0904178253264,292.1808,587.0642,439.6225,0.0,0.7263,0.9251,495,16.785,294.1675175927273,292.7064,586.6393,439.6728,0.0333,0.7088,0.7262,495,16.785
294.16939262482305,292.7047,586.6393,439.672,0.0333,0.6976,0.7258,496,16.811666666666667,294.09105446762715,292.7617,586.6393,439.7005,0.0,0.773,0.7258,496,16.811666666666667,295.1295972131975,292.1591,587.0636,439.6114,0.0417,0.7155,0.924,496,16.811666666666667,295.08804334051206,292.1827,587.0636,439.6232,0.0,0.757,0.924,496,16.811666666666667,294.16939262482305,292.7047,586.6393,439.672,0.0333,0.6976,0.7258,496,16.811666666666667
293.91062189224306,293.1008,586.7562,439.9285,0.0167,0.9954,0.7887,497,16.836666666666666,294.02121466340645,293.0177,586.8363,439.927,0.0,0.9347,0.8115,497,16.836666666666666,295.0652847027406,292.4244,587.2768,439.8506,0.0333,0.701,1.005,497,16.836666666666666,295.07288452230387,292.4045,587.2768,439.8407,0.0,0.7603,1.005,497,16.836666666666666,293.91062189224306,293.1008,586.7562,439.9285,0.0167,0.9954,0.7887,497,16.836666666666666
293.8781237200189,293.1287,586.7515,439.9401,0.0167,1.0378,0.8003,498,16.881666666666668,293.9894950386739,293.0449,586.8321,439.9385,0.0,0.9506,0.7973,498,16.881666666666668,294.9936926255523,292.4733,587.2636,439.8685,0.0417,0.6074,1.0513,498,16.881666666666668,295.0249348813991,292.4392,587.2636,439.8514,0.0,0.6769,1.0513,498,16.881666666666668,293.8781237200189,293.1287,586.7515,439.9401,0.0167,1.0378,0.8003,498,16.881666666666668
293.9308369644332,292.935,586.6268,439.7809,0.025,0.9654,0.6284,499,16.91166666666667,294.0816571172918,292.8477,586.7402,439.7939,0.0,0.9251,0.6464,499,16.91166666666667,295.02913047722694,292.3186,587.1585,439.7385,0.0167,0.805,0.8056,499,16.91166666666667,295.04124754522803,292.2964,587.1585,439.7274,0.0,0.82,0.8056,499,16.91166666666667,293.9308369644332,292.935,586.6268,439.7809,0.025,0.9654,0.6284,499,16.91166666666667
294.2479305844637,292.6189,586.5657,439.5923,0.05,0.6597,0.6475,500,16.938333333333336,294.221992965008,292.6928,586.6872,439.69,0.0,0.7666,0.7144,500,16.938333333333336,295.13389811401237,292.1687,587.0868,439.6277,0.025,0.8316,0.8386,500,16.938333333333336,295.08908295975664,292.1979,587.0868,439.6423,0.0,0.7266,0.8386,500,16.938333333333336,294.2479305844637,292.6189,586.5657,439.5923,0.05,0.6597,0.6475,500,16.938333333333336
294.25132814956515,292.6053,586.5537,439.5795,0.05,0.6036,0.6925,501,16.983333333333334,294.2316014825508,292.6739,586.6752,439.6745,0.0,0.7522,0.7218,501,16.983333333333334,295.13760279637995,292.1565,587.0738,439.6152,0.0417,0.6433,0.9118,501,16.983333333333334,295.0936279371293,292.1828,587.0738,439.6283,0.0,0.6967,0.9118,501,16.983333333333334,294.25132814956515,292.6053,586.5537,439.5795,0.05,0.6036,0.6925,501,16.983333333333334
294.1569886224236,292.6958,586.5499,439.6229,0.0833,0.6385,0.6837,502,17.011666666666667,294.23099889150217,292.6605,586.6703,439.6654,0.0,0.8157,0.6915,502,17.011666666666667,295.13420942247524,292.1602,587.0731,439.6166,0.0417,0.7166,0.9166,502,17.011666666666667,295.09032272044203,292.1864,587.0731,439.6297,0.0,0.7015,0.9166,502,17.011666666666667,294.1569886224236,292.6958,586.5499,439.6229,0.0833,0.6385,0.6837,502,17.011666666666667
294.15114843255446,292.688,586.5389,439.6134,0.0833,0.611,0.6506,503,17.038333333333334,294.22502728529594,292.653,586.6584,439.6557,0.0,0.7845,0.6962,503,17.038333333333334,295.09352691944514,292.1954,587.0662,439.6308,0.05,0.6633,0.9206,503,17.038333333333334,295.0865435621303,292.1812,587.0662,439.6237,0.0,0.7328,0.9206,503,17.038333333333334,294.15114843255446,292.688,586.5389,439.6134,0.0833,0.611,0.6506,503,17.038333333333334
294.1871374199416,292.6843,586.5797,439.632,0.075,0.6072,0.7067,504,17.073333333333334,294.21936330293863,292.6498,586.6504,439.6501,0.0,0.8065,0.6616,504,17.073333333333334,295.076340054879,292.1933,587.0497,439.6215,0.05,0.6645,0.9297,504,17.073333333333334,295.06935149852563,292.1793,587.0497,439.6145,0.0,0.7326,0.9297,504,17.073333333333334,294.1871374199416,292.6843,586.5797,439.632,0.075,0.6072,0.7067,504,17.073333333333334
294.2404096979392,292.5511,586.5778,439.5645,0.05,0.7006,0.7113,505,17.105,294.1729104985769,292.5592,586.5163,439.5378,0.0,0.766,0.7267,505,17.105,295.0334488835616,292.1052,586.8917,439.4985,0.05,0.7289,0.907,505,17.105,295.03378143442757,292.0827,586.9061,439.4944,0.0,0.7615,0.884,505,17.105,294.2404096979392,292.5511,586.5778,439.5645,0.05,0.7006,0.7113,505,17.105
294.1848536932988,292.6003,586.5766,439.5884,0.0417,0.7445,0.6905,506,17.136666666666667,294.1719021303661,292.5597,586.515,439.5374,0.0,0.7986,0.7463,506,17.136666666666667,295.0412032285804,292.1048,586.8955,439.5001,0.05,0.7186,0.9001,506,17.136666666666667,295.0414358967387,292.0825,586.9105,439.4965,0.0,0.7552,0.876,506,17.136666666666667,294.1848536932988,292.6003,586.5766,439.5884,0.0417,0.7445,0.6905,506,17.136666666666667
294.189076230387,292.597,586.5776,439.5873,0.0417,0.7429,0.6888,507,17.171666666666667,294.17587690181523,292.5567,586.516,439.5364,0.0,0.7907,0.7362,507,17.171666666666667,295.04201472653557,292.1034,586.8955,439.4995,0.05,0.7196,0.9085,507,17.171666666666667,295.0420724549413,292.0813,586.9102,439.4957,0.0,0.7552,0.9183,507,17.171666666666667,294.189076230387,292.597,586.5776,439.5873,0.0417,0.7429,0.6888,507,17.171666666666667
294.2342281565087,292.5558,586.5769,439.5663,0.05,0.6958,0.6923,508,17.205000000000005,294.16720381723246,292.5635,586.5154,439.5394,0.0,0.7988,0.7463,508,17.205000000000005,295.0305552345695,292.1126,586.8953,439.5039,0.0583,0.677,0.8997,508,17.205000000000005,294.98028838370124,292.1355,586.91,439.5228,0.0,0.8003,0.9125,508,17.205000000000005,294.2342281565087,292.5558,586.5769,439.5663,0.05,0.6958,0.6923,508,17.205000000000005
294.2345044191537,292.5544,586.576,439.5652,0.05,0.6978,0.7,509,17.236666666666668,294.16762111866825,292.562,586.5146,439.5383,0.0,0.8009,0.7346,509,17.236666666666668,295.0261463251422,292.1139,586.893,439.5034,0.0583,0.6696,0.8987,509,17.236666666666668,294.975747417819,292.1368,586.9075,439.5222,0.0,0.8019,0.9162,509,17.236666666666668,294.2345044191537,292.5544,586.576,439.5652,0.05,0.6978,0.7,509,17.236666666666668
294.2324113244845,292.5565,586.576,439.5663,0.05,0.6811,0.6926,510,17.27166666666667,294.1660016017135,292.5637,586.5145,439.5391,0.0,0.8043,0.7333,510,17.27166666666667,295.0304079577794,292.1129,586.8956,439.5043,0.0583,0.6738,0.8992,510,17.27166666666667,294.9802555527532,292.1357,586.9103,439.523,0.0,0.7987,0.9124,510,17.27166666666667,294.2324113244845,292.5565,586.576,439.5663,0.05,0.6811,0.6926,510,17.27166666666667
294.29737619145254,292.6072,586.7221,439.6647,0.0333,0.7252,0.7216,511,17.305,294.3278325978834,292.5653,586.7221,439.6437,0.0,0.7982,0.7216,511,17.305,295.1874194564426,292.1123,587.0865,439.5994,0.05,0.6795,0.8203,511,17.305,295.18342294490185,292.1351,587.1629,439.649,0.0,0.795,0.9428,511,17.305,294.29737619145254,292.6072,586.7221,439.6647,0.0333,0.7252,0.7216,511,17.305
294.21303372781495,292.8619,586.9018,439.8818,0.0333,0.7709,0.7376,512,17.338333333333335,294.12203772430746,292.9326,586.9018,439.9172,0.0,0.8248,0.7376,512,17.338333333333335,294.98981512212447,292.4688,587.311,439.8899,0.0333,0.7928,0.8789,512,17.338333333333335,295.00771768510094,292.443,587.311,439.877,0.0,0.8696,0.8789,512,17.338333333333335,294.21303372781495,292.8619,586.9018,439.8818,0.0333,0.7709,0.7376,512,17.338333333333335
294.1621154703597,292.8127,586.7725,439.7926,0.0333,0.8253,0.7193,513,17.371666666666666,294.06520728298824,292.8874,586.7725,439.8299,0.0,0.9149,0.7193,513,17.371666666666666,294.80653802470295,292.4706,587.0641,439.7673,0.0333,0.8204,0.8968,513,17.371666666666666,294.9139042789179,292.3937,587.1436,439.7686,0.0,0.818,0.8792,513,17.371666666666666,294.1621154703597,292.8127,586.7725,439.7926,0.0333,0.8253,0.7193,513,17.371666666666666
294.14533087920574,292.7505,586.6773,439.7139,0.025,0.7831,0.8981,514,17.405,294.1111551348138,292.7693,586.6773,439.7233,0.0,0.8859,0.8981,514,17.405,294.9357659429767,292.2996,587.0479,439.6738,0.0167,0.8912,0.9272,514,17.405,294.95001974256047,292.2789,587.0479,439.6634,0.0,0.9461,0.9272,514,17.405,294.14533087920574,292.7505,586.6773,439.7139,0.025,0.7831,0.8981,514,17.405
294.22968844649654,292.6101,586.598,439.604,0.075,0.6413,0.7665,515,17.44,294.18858601502995,292.6589,586.6473,439.6531,0.0,0.7327,0.7794,515,17.44,295.1234384218251,292.1245,587.0342,439.5794,0.0417,0.7037,0.9053,515,17.44,295.0865413463654,292.1434,587.0342,439.5888,0.0,0.765,0.9053,515,17.44,294.22968844649654,292.6101,586.598,439.604,0.075,0.6413,0.7665,515,17.44
294.22439222959287,292.6008,586.5977,439.5993,0.0417,0.7015,0.7401,516,17.471666666666668,294.19773104483704,292.6499,586.647,439.6485,0.0,0.6769,0.7903,516,17.471666666666668,295.11707258829637,292.1339,587.0337,439.5838,0.025,0.7868,0.9053,516,17.471666666666668,295.07775025600586,292.1577,587.0337,439.5957,0.0,0.8314,0.9053,516,17.471666666666668,294.22439222959287,292.6008,586.5977,439.5993,0.0417,0.7015,0.7401,516,17.471666666666668
294.2574380362587,292.6053,586.6443,439.6248,0.0333,0.7145,0.7648,517,17.505000000000003,294.1880098720827,292.6538,586.6443,439.649,0.0,0.6878,0.7648,517,17.505000000000003,295.058410183109,292.1435,586.9446,439.5441,0.05,0.7544,0.8318,517,17.505000000000003,295.05486288469956,292.1641,587.0249,439.5945,0.0,0.7574,0.8761,517,17.505000000000003,294.2574380362587,292.6053,586.6443,439.6248,0.0333,0.7145,0.7648,517,17.505000000000003
294.12676148709005,292.699,586.5922,439.6456,0.0583,0.6678,0.7566,518,17.545,294.19247861965573,292.6485,586.6417,439.6451,0.0,0.7158,0.7665,518,17.545,295.0590374658641,292.1421,586.9409,439.5415,0.05,0.7449,0.8482,518,17.545,295.0562378341009,292.1623,587.0226,439.5925,0.0,0.8115,0.8926,518,17.545,294.12676148709005,292.699,586.5922,439.6456,0.0583,0.6678,0.7566,518,17.545
294.1121576366449,292.7002,586.5812,439.6407,0.0583,0.6712,0.7044,519,17.57,294.17816187589403,292.6494,586.6309,439.6402,0.0,0.7037,0.7464,519,17.57,295.101858672751,292.1421,587.0284,439.5852,0.0417,0.7524,0.8993,519,17.57,295.0650694586483,292.1621,587.0284,439.5952,0.0,0.7938,0.8993,519,17.57,294.1121576366449,292.7002,586.5812,439.6407,0.0583,0.6712,0.7044,519,17.57
294.11219943005847,292.6993,586.58,439.6397,0.0583,0.6678,0.6985,520,17.603333333333335,294.1782217529227,292.6487,586.6299,439.6393,0.0,0.7128,0.7468,520,17.603333333333335,295.06505307376693,292.1421,586.9427,439.5424,0.05,0.7526,0.8772,520,17.603333333333335,295.0626435930204,292.1623,587.026,439.5941,0.0,0.7943,0.8935,520,17.603333333333335,294.11219943005847,292.6993,586.58,439.6397,0.0583,0.6678,0.6985,520,17.603333333333335
294.2025457323986,292.5977,586.5782,439.588,0.0417,0.7024,0.6954,521,17.636666666666667,294.1769534281841,292.6471,586.6281,439.6376,0.0,0.734,0.7711,521,17.636666666666667,295.0999136044063,292.1361,587.0238,439.58,0.025,0.7893,0.8956,521,17.636666666666667,295.0608443072714,292.1598,587.0238,439.5918,0.0,0.8469,0.8956,521,17.636666666666667,294.2025457323986,292.5977,586.5782,439.588,0.0417,0.7024,0.6954,521,17.636666666666667
294.2277178365033,292.5859,586.5901,439.588,0.0417,0.7143,0.7702,522,17.671666666666667,294.2002666452381,292.636,586.6391,439.6375,0.0,0.6835,0.7886,522,17.671666666666667,295.1782816736451,292.0731,587.0307,439.5519,0.0333,0.78,0.9077,522,17.671666666666667,295.08127716337845,292.1507,587.0307,439.5907,0.0,0.8536,0.9077,522,17.671666666666667,294.2277178365033,292.5859,586.5901,439.588,0.0417,0.7143,0.7702,522,17.671666666666667
294.21917801857,292.5897,586.5856,439.5877,0.0417,0.713,0.7677,523,17.705000000000005,294.1916261280418,292.6396,586.6348,439.6372,0.0,0.698,0.7802,523,17.705000000000005,295.17990193963556,292.0732,587.0299,439.5515,0.0333,0.7791,0.9383,523,17.705000000000005,295.08134469084666,292.1508,587.0299,439.5904,0.0,0.858,0.9383,523,17.705000000000005,294.21917801857,292.5897,586.5856,439.5877,0.0417,0.713,0.7677,523,17.705000000000005
294.22200452180414,292.5822,586.5813,439.5817,0.0417,0.7305,0.7085,524,17.738333333333333,294.19378709404214,292.6327,586.6306,439.6316,0.0,0.7473,0.7769,524,17.738333333333333,295.14619009924826,292.0658,586.9442,439.505,0.0417,0.7741,0.9304,524,17.738333333333333,295.0815255235547,292.1442,587.0247,439.5845,0.0,0.8781,0.896,524,17.738333333333333,294.22200452180414,292.5822,586.5813,439.5817,0.0417,0.7305,0.7085,524,17.738333333333333
294.17316886568676,292.6041,586.5914,439.5977,0.0333,0.8232,0.831,525,17.773333333333333,294.1261306971287,292.6145,586.5527,439.5836,0.0,0.8951,0.7887,525,17.773333333333333,295.01491335599474,292.0999,586.9085,439.5042,0.0167,0.8707,0.9232,525,17.773333333333333,295.0272243458131,292.0773,586.9085,439.4929,0.0,0.8191,0.9232,525,17.773333333333333,294.18723270140435,292.5881,586.5914,439.5898,0.0417,0.757,0.831,525,17.773333333333333
294.182046100463,292.8041,586.8105,439.8073,0.025,0.8156,0.7168,526,17.80666666666667,294.1598874911656,292.8161,586.8105,439.8133,0.0,0.8328,0.7168,526,17.80666666666667,295.05760811922244,292.3001,587.1248,439.7124,0.025,0.922,0.8382,526,17.80666666666667,295.10788297704744,292.2774,587.2073,439.7423,0.0,0.9359,0.8519,526,17.80666666666667,294.2508193542694,292.7383,586.8105,439.7744,0.0417,0.7448,0.7168,526,17.80666666666667
294.0092403973523,293.0861,586.9726,440.0293,0.0333,0.8879,0.8054,527,17.838333333333335,293.993666368821,293.0495,586.894,439.9718,0.0,0.9211,0.7019,527,17.838333333333335,294.92824516434086,292.5401,587.3002,439.9202,0.0333,0.813,0.8371,527,17.838333333333335,294.94865895555284,292.5102,587.3002,439.9052,0.0,0.8576,0.8371,527,17.838333333333335,294.0204483332385,293.0738,586.9726,440.0232,0.0417,0.8609,0.8054,527,17.838333333333335
294.10199217753257,292.8779,586.7883,439.8331,0.0167,0.9007,0.7407,528,17.871666666666666,294.11908502776294,292.85,586.7883,439.8192,0.0,0.879,0.7407,528,17.871666666666666,294.94546111245063,292.41,587.1108,439.7604,0.025,0.8386,0.7798,528,17.871666666666666,294.9911149943309,292.3905,587.1934,439.792,0.0,0.8881,0.7124,528,17.871666666666666,294.23037881356436,292.7589,586.7883,439.7736,0.0417,0.6877,0.7407,528,17.871666666666666
294.2642787983049,292.6079,586.6109,439.6094,0.05,0.726,0.8073,529,17.908333333333335,294.15168293914985,292.7234,586.6828,439.7031,0.0,0.745,0.7719,529,17.908333333333335,295.06790585224707,292.2429,587.0447,439.6438,0.0333,0.8886,0.9294,529,17.908333333333335,295.05961170624397,292.2738,587.1328,439.7033,0.0,0.8934,0.8548,529,17.908333333333335,294.2809800129087,292.589,586.6109,439.5999,0.0583,0.7678,0.8073,529,17.908333333333335
294.2083140864816,292.611,586.5559,439.5834,0.0417,0.7423,0.6948,530,17.938333333333336,294.14809532381844,292.6768,586.624,439.6504,0.0,0.8335,0.7465,530,17.938333333333336,295.108241302519,292.184,587.0693,439.6266,0.025,0.7897,0.8141,530,17.938333333333336,295.06075176755826,292.2166,587.0693,439.643,0.0,0.8917,0.8141,530,17.938333333333336,294.2247765735282,292.5924,586.5559,439.5741,0.05,0.7231,0.6948,530,17.938333333333336
294.18583872522447,292.6196,586.5583,439.589,0.0333,0.8124,0.7074,531,17.971666666666668,294.1869944488509,292.6301,586.6269,439.6285,0.0,0.7845,0.7422,531,17.971666666666668,295.0420815846904,292.2205,587.0542,439.6373,0.0167,0.8976,0.8432,531,17.971666666666668,295.05495277419953,292.1964,587.0542,439.6253,0.0,0.8811,0.8432,531,17.971666666666668,294.2616875644384,292.5467,586.5583,439.5525,0.05,0.7142,0.7074,531,17.971666666666668
294.16016051734164,292.6538,586.6141,439.634,0.0167,0.758,0.7427,532,18.011666666666667,294.1846400212337,292.6181,586.6141,439.6161,0.0,0.7244,0.7427,532,18.011666666666667,295.05006815866477,292.199,587.0448,439.6219,0.0167,0.8938,0.9187,532,18.011666666666667,295.0624367768562,292.1755,587.0448,439.6101,0.0,0.8866,0.9187,532,18.011666666666667,294.1769670893937,292.6347,586.6141,439.6244,0.025,0.6976,0.7427,532,18.011666666666667
294.15834182307583,292.6531,586.6112,439.6321,0.0167,0.7617,0.7395,533,18.045,294.18275327527493,292.6175,586.6112,439.6143,0.0,0.7313,0.7395,533,18.045,295.02112120740685,292.1944,587.0154,439.6049,0.0167,0.8978,0.793,533,18.045,295.03332968959364,292.1711,587.0154,439.5932,0.0,0.8834,0.793,533,18.045,294.1751522405931,292.634,586.6112,439.6226,0.025,0.7092,0.7395,533,18.045
294.2134634382071,292.6002,586.6082,439.6042,0.025,0.7814,0.7466,534,18.07166666666667,294.18299977575225,292.6145,586.6082,439.6113,0.0,0.7634,0.7466,534,18.07166666666667,294.99034504183373,292.1909,586.9804,439.5857,0.0167,0.8569,0.7811,534,18.07166666666667,295.00248908027595,292.1677,586.9804,439.574,0.0,0.8866,0.7811,534,18.07166666666667,294.23108234477604,292.5802,586.6082,439.5942,0.0333,0.7884,0.7466,534,18.07166666666667
294.25422732168,292.5483,586.5826,439.5655,0.025,0.7653,0.8712,535,18.116666666666667,294.22408287832457,292.5628,586.5826,439.5727,0.0,0.7801,0.8712,535,18.116666666666667,294.9110415628049,292.2423,586.954,439.5982,0.0083,0.8362,0.9389,535,18.116666666666667,294.983064485534,292.1644,586.954,439.5592,0.0,0.8169,0.9389,535,18.116666666666667,294.25422732168,292.5483,586.5826,439.5655,0.025,0.7653,0.8712,535,18.116666666666667
294.1926763528446,292.6015,586.5797,439.5906,0.0167,0.7617,0.877,536,18.145,294.21700997521174,292.5664,586.5797,439.573,0.0,0.8134,0.877,536,18.145,294.9078201246001,292.248,586.9561,439.602,0.0083,0.833,0.9567,536,18.145,294.9799708012423,292.1699,586.9561,439.563,0.0,0.821,0.9567,536,18.145,294.1926763528446,292.6015,586.5797,439.5906,0.0167,0.7617,0.877,536,18.145
294.1944361190808,292.6013,586.5808,439.5911,0.0167,0.7705,0.8556,537,18.175,294.2187451439107,292.5662,586.5808,439.5735,0.0,0.8169,0.8556,537,18.175,294.8729246469064,292.2479,586.8764,439.5621,0.0167,0.8333,0.9386,537,18.175,294.98124721416735,292.1698,586.9569,439.5634,0.0,0.8209,0.9238,537,18.175,294.1944361190808,292.6013,586.5808,439.5911,0.0167,0.7705,0.8556,537,18.175
294.18930460080446,292.5997,586.5756,439.5877,0.0167,0.7532,0.8617,538,18.21666666666667,294.21432908802126,292.5639,586.5756,439.5698,0.0,0.8218,0.8617,538,18.21666666666667,294.8713789987473,292.2481,586.8743,439.5612,0.0167,0.843,0.9691,538,18.21666666666667,294.98035287093285,292.1696,586.9554,439.5625,0.0,0.8251,0.9281,538,18.21666666666667,294.18930460080446,292.5997,586.5756,439.5877,0.0167,0.7532,0.8617,538,18.21666666666667
294.1939214855719,292.601,586.5809,439.5909,0.0167,0.7595,0.8581,539,18.245,294.2182566376931,292.5659,586.5809,439.5734,0.0,0.817,0.8581,539,18.245,294.8716966925201,292.2495,586.8761,439.5628,0.0167,0.8396,0.9579,539,18.245,294.9800376395674,292.1714,586.9568,439.5641,0.0,0.8211,0.9199,539,18.245,294.1939214855719,292.601,586.5809,439.5909,0.0167,0.7595,0.8581,539,18.245
294.1917185999569,292.6019,586.5798,439.5909,0.0167,0.7614,0.8716,540,18.27166666666667,294.21605205760386,292.5668,586.5798,439.5733,0.0,0.8171,0.8716,540,18.27166666666667,294.904596590021,292.2498,586.9542,439.602,0.0083,0.842,0.9492,540,18.27166666666667,294.97677072662805,292.1717,586.9542,439.563,0.0,0.8226,0.9492,540,18.27166666666667,294.1917185999569,292.6019,586.5798,439.5909,0.0167,0.7614,0.8716,540,18.27166666666667
294.2759912805001,292.8048,586.9391,439.872,0.0417,0.8416,0.8012,541,18.315,294.19385367867346,292.8246,586.8562,439.8404,0.0,0.8258,0.7141,541,18.315,294.99673135812714,292.4986,587.3297,439.9141,0.0083,0.8919,0.8834,541,18.315,295.06684012224724,292.424,587.3297,439.8769,0.0,0.8679,0.8834,541,18.315,294.2759912805001,292.8048,586.9391,439.872,0.0417,0.8416,0.8012,541,18.315
294.2807524693451,292.802,586.9314,439.8667,0.0583,0.743,0.7308,542,18.345000000000002,294.1793395700156,292.8765,586.8951,439.8858,0.0,0.8397,0.7232,542,18.345000000000002,295.0829245236077,292.4428,587.3596,439.9012,0.0167,0.8565,0.8992,542,18.345000000000002,295.09594899882165,292.4228,587.3596,439.8912,0.0,0.9258,0.8992,542,18.345000000000002,294.2807524693451,292.802,586.9314,439.8667,0.0583,0.743,0.7308,542,18.345000000000002
294.27319909084275,292.7881,586.9159,439.852,0.0667,0.7503,0.7548,543,18.37,294.15006306024134,292.8586,586.8222,439.8404,0.0,0.8323,0.7218,543,18.37,295.0002970951033,292.4834,587.2915,439.8875,0.0083,0.9625,0.9515,543,18.37,295.06890217375985,292.4092,587.2915,439.8503,0.0,0.94,0.9515,543,18.37,294.27319909084275,292.7881,586.9159,439.852,0.0667,0.7503,0.7548,543,18.37
293.9551476381298,292.823,586.5691,439.696,0.0333,0.8145,0.6629,544,18.405,293.9790467096951,292.8278,586.6186,439.7232,0.0,0.8562,0.6566,544,18.405,294.93882951613546,292.3752,587.1153,439.7453,0.025,0.762,0.9111,544,18.405,295.0169714258533,292.2916,587.1153,439.7034,0.0,0.7953,0.9111,544,18.405,293.9551476381298,292.823,586.5691,439.696,0.0333,0.8145,0.6629,544,18.405
294.2692969120691,292.6149,586.7035,439.6592,0.0583,0.6961,0.8022,545,18.438333333333336,294.1940437378156,292.6247,586.6207,439.6227,0.0,0.7679,0.7111,545,18.438333333333336,295.0797821469962,292.1603,587.0337,439.597,0.0333,0.7889,0.9512,545,18.438333333333336,295.0861764995941,292.1427,587.0337,439.5882,0.0,0.8182,0.9512,545,18.438333333333336,294.2692969120691,292.6149,586.7035,439.6592,0.0583,0.6961,0.8022,545,18.438333333333336
294.2719439938181,292.6123,586.7031,439.6577,0.0583,0.693,0.823,546,18.473333333333336,294.19604987443245,292.6225,586.6203,439.6214,0.0,0.7682,0.7105,546,18.473333333333336,295.1317512251271,292.112,587.0345,439.5732,0.025,0.7643,0.9483,546,18.473333333333336,295.0874819940649,292.1433,587.0345,439.5889,0.0,0.8519,0.9483,546,18.473333333333336,294.2719439938181,292.6123,586.7031,439.6577,0.0583,0.693,0.823,546,18.473333333333336
294.21986568216687,292.5917,586.6037,439.5977,0.0583,0.7175,0.735,547,18.511666666666667,294.21152530275094,292.6019,586.6184,439.6102,0.0,0.7858,0.7058,547,18.511666666666667,295.1425337163415,292.0961,587.0298,439.5629,0.025,0.7491,0.9355,547,18.511666666666667,295.09756320053225,292.128,587.0298,439.5789,0.0,0.8403,0.9355,547,18.511666666666667,294.21986568216687,292.5917,586.6037,439.5977,0.0583,0.7175,0.735,547,18.511666666666667
294.2038326898971,292.5707,586.5639,439.5673,0.0333,0.7262,0.731,548,18.538333333333334,294.2173098184515,292.5877,586.6154,439.6015,0.0,0.8076,0.706,548,18.538333333333334,295.1469499547543,292.0888,587.0284,439.5586,0.025,0.7707,0.9314,548,18.538333333333334,295.10181184480126,292.1204,587.0284,439.5744,0.0,0.8185,0.9314,548,18.538333333333334,294.2038326898971,292.5707,586.5639,439.5673,0.0333,0.7262,0.731,548,18.538333333333334
294.2601879282447,292.6154,586.7049,439.6602,0.05,0.7758,0.7884,549,18.57166666666667,294.2323289198424,292.5812,586.6232,439.6022,0.0,0.7927,0.6977,549,18.57166666666667,295.0908519462687,292.1472,587.0351,439.5912,0.0167,0.8355,0.9399,549,18.57166666666667,295.1015251135491,292.1279,587.0351,439.5815,0.0,0.8394,0.9399,549,18.57166666666667,294.2601879282447,292.6154,586.7049,439.6602,0.05,0.7758,0.7884,549,18.57166666666667
294.212221995993,292.6079,586.643,439.6254,0.0583,0.7803,0.8433,550,18.605,294.23045291928247,292.5737,586.6138,439.5938,0.0,0.7604,0.6911,550,18.605,295.0890965141469,292.1415,587.0259,439.5837,0.0167,0.8293,0.9283,550,18.605,295.09905758729656,292.1225,587.0259,439.5742,0.0,0.8383,0.9283,550,18.605,294.212221995993,292.6079,586.643,439.6254,0.0583,0.7803,0.8433,550,18.605
294.2966040087529,292.5486,586.6644,439.6065,0.0667,0.7436,0.7177,551,18.638333333333335,294.26318005468346,292.5601,586.6343,439.5972,0.0,0.8064,0.6997,551,18.638333333333335,295.1288504035415,292.1285,587.0523,439.5904,0.0167,0.8352,0.9241,551,18.638333333333335,295.1385997046509,292.1101,587.0523,439.5812,0.0,0.848,0.9241,551,18.638333333333335,294.2966040087529,292.5486,586.6644,439.6065,0.0667,0.7436,0.7177,551,18.638333333333335
294.33124789422584,292.5358,586.7007,439.6183,0.0417,0.7438,0.7292,552,18.671666666666667,294.25528762813155,292.5516,586.6188,439.5852,0.0,0.8385,0.677,552,18.671666666666667,295.1181554632497,292.1198,587.0359,439.5778,0.0167,0.8434,0.8466,552,18.671666666666667,295.1312522171203,292.0987,587.0359,439.5673,0.0,0.8299,0.8466,552,18.671666666666667,294.33124789422584,292.5358,586.7007,439.6183,0.0417,0.7438,0.7292,552,18.671666666666667
294.32432644203874,292.5299,586.6842,439.607,0.0417,0.7492,0.7363,553,18.703333333333333,294.2502567972224,292.545,586.6042,439.5746,0.0,0.8776,0.7636,553,18.703333333333333,295.08243709176907,292.1442,587.0151,439.5797,0.0167,0.8698,0.8746,553,18.703333333333333,295.0974053073805,292.1221,587.0151,439.5686,0.0,0.935,0.8746,553,18.703333333333333,294.32432644203874,292.5299,586.6842,439.607,0.0417,0.7492,0.7363,553,18.703333333333333
294.32121493243363,292.5301,586.6821,439.6061,0.0417,0.7463,0.7708,554,18.736666666666668,294.24755187905066,292.5452,586.6029,439.5741,0.0,0.8786,0.7732,554,18.736666666666668,295.0835514366237,292.1438,587.0159,439.5798,0.0167,0.8735,0.8731,554,18.736666666666668,295.09850072680547,292.1217,587.0159,439.5688,0.0,0.9334,0.8731,554,18.736666666666668,294.32121493243363,292.5301,586.6821,439.6061,0.0417,0.7463,0.7708,554,18.736666666666668
294.3441262106206,292.5073,586.6671,439.5872,0.0583,0.7315,0.8054,555,18.77166666666667,294.27086611340326,292.5166,586.5806,439.5486,0.0,0.8053,0.7556,555,18.77166666666667,295.01984331205506,292.0223,586.7938,439.4081,0.0417,0.7667,0.7327,555,18.77166666666667,295.0455087382079,292.0538,586.9128,439.4833,0.0,0.8583,0.8104,555,18.77166666666667,294.3441262106206,292.5073,586.6671,439.5872,0.0583,0.7315,0.8054,555,18.77166666666667
294.4634313107272,292.6276,586.8929,439.7603,0.0417,0.6608,0.7667,556,18.805,294.3140360252289,292.7503,586.8929,439.8216,0.0,0.7995,0.7667,556,18.805,295.02750357851085,292.36,587.1801,439.77,0.0167,0.9184,0.731,556,18.805,295.1358946140096,292.2843,587.2606,439.7724,0.0,0.9063,0.8494,556,18.805,294.4634313107272,292.6276,586.8929,439.7603,0.0417,0.6608,0.7667,556,18.805
294.14533235681495,292.9215,586.8916,439.9065,0.0167,0.9264,0.7859,557,18.838333333333335,294.1654403522952,292.8921,586.8916,439.8918,0.0,0.9802,0.7859,557,18.838333333333335,294.8782230495517,292.5094,587.1803,439.8449,0.0167,0.9568,0.8669,557,18.838333333333335,294.98603597952973,292.434,587.2604,439.8472,0.0,0.9389,0.9253,557,18.838333333333335,294.14533235681495,292.9215,586.8916,439.9065,0.0167,0.9264,0.7859,557,18.838333333333335
294.2918261636866,292.7572,586.8463,439.8017,0.025,0.8615,0.7346,558,18.871666666666666,294.2511755539619,292.7819,586.8463,439.8141,0.0,0.9126,0.7346,558,18.871666666666666,294.9437701971459,292.3949,587.111,439.7529,0.0167,0.9246,0.9525,558,18.871666666666666,295.05036239520007,292.3213,587.1928,439.7571,0.0,0.9003,0.9255,558,18.871666666666666,294.2918261636866,292.7572,586.8463,439.8017,0.025,0.8615,0.7346,558,18.871666666666666
294.2648195322354,292.6545,586.6929,439.6737,0.025,0.8784,0.779,559,18.905,294.22251404946417,292.6804,586.6929,439.6866,0.0,0.965,0.779,559,18.905,294.96959146185276,292.2996,587.0698,439.6847,0.0083,0.929,0.8442,559,18.905,295.0413644170328,292.2242,587.0698,439.647,0.0,0.907,0.8442,559,18.905,294.2648195322354,292.6545,586.6929,439.6737,0.025,0.8784,0.779,559,18.905
294.21125539467664,292.6527,586.6376,439.6451,0.0333,0.8692,0.7795,560,18.938333333333336,294.2120945127467,292.6741,586.6818,439.6779,0.0,0.9586,0.7739,560,18.938333333333336,294.950169192698,292.2923,587.052,439.6721,0.0083,0.9222,0.8479,560,18.938333333333336,295.02492928614527,292.214,587.052,439.633,0.0,0.9089,0.8479,560,18.938333333333336,294.21125539467664,292.6527,586.6376,439.6451,0.0333,0.8692,0.7795,560,18.938333333333336
294.2092117023764,292.6574,586.6387,439.648,0.0333,0.8803,0.7364,561,18.971666666666668,294.2103703016519,292.6785,586.6828,439.6807,0.0,0.9585,0.7144,561,18.971666666666668,294.93391660834027,292.2935,586.9875,439.6405,0.0167,0.9541,0.7009,561,18.971666666666668,295.04013761279157,292.2152,587.0635,439.6393,0.0,0.9057,0.8092,561,18.971666666666668,294.2092117023764,292.6574,586.6387,439.648,0.0333,0.8803,0.7364,561,18.971666666666668
294.20820644242474,292.6522,586.6362,439.6442,0.0333,0.8937,0.7318,562,19.011666666666667,294.2089381252473,292.6738,586.6804,439.6771,0.0,0.9681,0.7165,562,19.011666666666667,294.94517595484047,292.2851,586.9908,439.638,0.0167,0.9615,0.7056,562,19.011666666666667,295.0523148647267,292.207,587.0673,439.6371,0.0,0.9133,0.7858,562,19.011666666666667,294.20820644242474,292.6522,586.6362,439.6442,0.0333,0.8937,0.7318,562,19.011666666666667
294.28240057314156,292.6313,586.7375,439.6844,0.0417,0.8028,0.7984,563,19.03666666666667,294.1962674943836,292.6543,586.6509,439.6526,0.0,0.9141,0.7165,563,19.03666666666667,294.89175404329154,292.2765,586.9217,439.5991,0.025,0.9592,0.693,563,19.03666666666667,295.04340694350907,292.1988,587.05,439.6244,0.0,0.9888,0.7048,563,19.03666666666667,294.28240057314156,292.6313,586.7375,439.6844,0.0417,0.8028,0.7984,563,19.03666666666667
294.1558496938352,292.6917,586.6604,439.676,0.0167,0.9164,0.7689,564,19.07166666666667,294.21404905780327,292.6059,586.6187,439.6123,0.0,0.963,0.7403,564,19.07166666666667,294.9781085375971,292.2319,587.0101,439.621,0.0083,0.978,0.707,564,19.07166666666667,295.0498265449039,292.1553,587.0101,439.5827,0.0,0.9759,0.707,564,19.07166666666667,294.1558496938352,292.6917,586.6604,439.676,0.0167,0.9164,0.7689,564,19.07166666666667
294.2923105500005,292.5152,586.5881,439.5516,0.025,0.7527,0.849,565,19.105,294.2584013691801,292.5331,586.5881,439.5606,0.0,0.8346,0.849,565,19.105,295.16183899041397,292.0431,586.9755,439.5093,0.025,0.7892,0.8488,565,19.105,295.1158644061237,292.0736,586.9755,439.5245,0.0,0.7402,0.8488,565,19.105,294.2923105500005,292.5152,586.5881,439.5516,0.025,0.7527,0.849,565,19.105
294.3429919372521,292.4697,586.5882,439.5289,0.0333,0.7723,0.8057,566,19.136666666666667,294.2580377317407,292.5331,586.5882,439.5606,0.0,0.866,0.8057,566,19.136666666666667,295.14732591516054,292.067,586.9776,439.5223,0.025,0.8373,0.9008,566,19.136666666666667,295.09989565691046,292.0987,586.9776,439.5381,0.0,0.7823,0.9008,566,19.136666666666667,294.3429919372521,292.4697,586.5882,439.5289,0.0333,0.7723,0.8057,566,19.136666666666667
294.3430760045911,292.4682,586.5864,439.5273,0.0333,0.7701,0.8045,567,19.171666666666667,294.25802892531453,292.5317,586.5864,439.559,0.0,0.8451,0.8045,567,19.171666666666667,295.1466248748558,292.0667,586.9772,439.522,0.025,0.838,0.8913,567,19.171666666666667,295.09917200979226,292.0984,586.9772,439.5378,0.0,0.7824,0.8913,567,19.171666666666667,294.3430760045911,292.4682,586.5864,439.5273,0.0333,0.7701,0.8045,567,19.171666666666667
294.34298542759575,292.4682,586.587,439.5276,0.0333,0.7505,0.8214,568,19.205000000000005,294.25793408473226,292.5317,586.587,439.5594,0.0,0.8436,0.8214,568,19.205000000000005,295.14551846916066,292.0675,586.9771,439.5223,0.025,0.8383,0.8643,568,19.205000000000005,295.09812813090974,292.0992,586.9771,439.5381,0.0,0.7819,0.8643,568,19.205000000000005,294.34298542759575,292.4682,586.587,439.5276,0.0333,0.7505,0.8214,568,19.205000000000005
294.3377221923537,292.4696,586.5843,439.527,0.0333,0.769,0.8299,569,19.240000000000002,294.25289606999,292.5329,586.5843,439.5586,0.0,0.8473,0.8299,569,19.240000000000002,295.13981246350033,292.0686,586.9736,439.5211,0.025,0.8113,0.8773,569,19.240000000000002,295.0924034145904,292.1002,586.9736,439.5369,0.0,0.7676,0.8773,569,19.240000000000002,294.3377221923537,292.4696,586.5843,439.527,0.0333,0.769,0.8299,569,19.240000000000002
294.34036325267084,292.4689,586.5864,439.5276,0.0333,0.7465,0.8118,570,19.27166666666667,294.2553956693654,292.5323,586.5864,439.5594,0.0,0.8468,0.8118,570,19.27166666666667,295.14150833677655,292.0685,586.9751,439.5218,0.025,0.8282,0.8669,570,19.27166666666667,295.09413432413953,292.1001,586.9751,439.5376,0.0,0.7685,0.8669,570,19.27166666666667,294.34036325267084,292.4689,586.5864,439.5276,0.0333,0.7465,0.8118,570,19.27166666666667
294.4180807816921,292.4676,586.7196,439.5936,0.05,0.771,0.8358,571,19.305,294.2865959837335,292.5311,586.6332,439.5821,0.0,0.8495,0.7477,571,19.305,295.21023435872337,292.068,587.0909,439.5794,0.0333,0.8196,0.8126,571,19.305,295.1404346158557,292.0997,587.042,439.5708,0.0,0.7691,0.8321,571,19.305,294.4180807816921,292.4676,586.7196,439.5936,0.05,0.771,0.8358,571,19.305
294.10185461218794,292.853,586.7397,439.7964,0.0417,0.8412,0.629,572,19.343333333333334,294.1343323107128,292.8795,586.8538,439.8666,0.0,0.8903,0.6808,572,19.343333333333334,295.0454176258651,292.3741,587.2452,439.8097,0.025,0.8564,0.8522,572,19.343333333333334,294.99522881685584,292.409,587.2452,439.8271,0.0,0.9005,0.8522,572,19.343333333333334,294.10185461218794,292.853,586.7397,439.7964,0.0417,0.8412,0.629,572,19.343333333333334
294.24662574631986,292.7735,586.8764,439.825,0.0583,0.8131,0.867,573,19.371666666666666,294.1414749642412,292.8556,586.8308,439.8432,0.0,0.8873,0.6793,573,19.371666666666666,294.91958791455534,292.4868,587.2592,439.873,0.025,0.8923,0.8588,573,19.371666666666666,294.98075993963135,292.4042,587.2155,439.8098,0.0,0.91,0.8338,573,19.371666666666666,294.24662574631986,292.7735,586.8764,439.825,0.0583,0.8131,0.867,573,19.371666666666666
294.2567573243809,292.6746,586.7705,439.7225,0.0333,0.8672,0.7868,574,19.403333333333336,294.22627851179027,292.6456,586.679,439.6623,0.0,0.9033,0.7201,574,19.403333333333336,295.10917874037114,292.1975,587.1195,439.6585,0.025,0.8915,0.7205,574,19.403333333333336,295.09146137727816,292.178,587.0728,439.6254,0.0,0.8898,0.7677,574,19.403333333333336,294.2567573243809,292.6746,586.7705,439.7225,0.0333,0.8672,0.7868,574,19.403333333333336
294.2602718364678,292.5329,586.5702,439.5515,0.0583,0.5897,0.7694,575,19.44666666666667,294.11668625565676,292.6445,586.5702,439.6074,0.0,0.6944,0.7694,575,19.44666666666667,294.8475760586129,292.2966,586.9036,439.6001,0.0333,0.7497,0.7802,575,19.44666666666667,295.03548561026446,292.1518,586.9881,439.5699,0.0,0.8392,0.7937,575,19.44666666666667,294.2602718364678,292.5329,586.5702,439.5515,0.0583,0.5897,0.7694,575,19.44666666666667
294.26235229289273,292.5284,586.5686,439.5485,0.0583,0.5866,0.749,576,19.478333333333335,294.11871224154254,292.6401,586.5686,439.6044,0.0,0.6903,0.749,576,19.478333333333335,294.86844027057367,292.2948,586.9158,439.6053,0.0333,0.7516,0.8764,576,19.478333333333335,295.0565596040193,292.1501,587.0023,439.5762,0.0,0.8388,0.8135,576,19.478333333333335,294.26235229289273,292.5284,586.5686,439.5485,0.0583,0.5866,0.749,576,19.478333333333335
294.1106722253596,292.6607,586.6087,439.6347,0.0583,0.5692,0.7812,577,19.511666666666667,294.110484460771,292.6452,586.5671,439.6062,0.0,0.6937,0.7527,577,19.511666666666667,294.8348800540008,292.3194,586.9153,439.6174,0.0417,0.7257,0.8798,577,19.511666666666667,295.04768845092127,292.1581,587.0022,439.5801,0.0,0.8372,0.8208,577,19.511666666666667,294.1106722253596,292.6607,586.6087,439.6347,0.0583,0.5692,0.7812,577,19.511666666666667
294.3186032401658,292.5237,586.6609,439.5923,0.075,0.5812,0.8952,578,19.546666666666667,294.1272353232741,292.6373,586.5751,439.6062,0.0,0.6756,0.7823,578,19.546666666666667,294.8399516466833,292.3038,586.91,439.6069,0.0417,0.7088,0.8009,578,19.546666666666667,295.0526365812616,292.1423,586.9957,439.569,0.0,0.7852,0.8415,578,19.546666666666667,294.3186032401658,292.5237,586.6609,439.5923,0.075,0.5812,0.8952,578,19.546666666666667
294.31856255526714,292.5236,586.6612,439.5924,0.075,0.6129,0.9048,579,19.578333333333333,294.12333475381433,292.6413,586.5755,439.6084,0.0,0.6778,0.7824,579,19.578333333333333,294.83581764655503,292.3027,586.9053,439.604,0.0417,0.7097,0.7996,579,19.578333333333333,295.04485446515076,292.1452,586.991,439.5681,0.0,0.7801,0.8413,579,19.578333333333333,294.31856255526714,292.5236,586.6612,439.5924,0.075,0.6129,0.9048,579,19.578333333333333
294.152551105347,292.6516,586.6633,439.6575,0.0667,0.5727,0.8846,580,19.605,294.1279062140412,292.6378,586.5776,439.6077,0.0,0.6743,0.7838,580,19.605,294.8413737504045,292.3012,586.9104,439.6058,0.0417,0.7107,0.8013,580,19.605,295.0503232515979,292.1437,586.9959,439.5698,0.0,0.7779,0.8371,580,19.605,294.152551105347,292.6516,586.6633,439.6575,0.0667,0.5727,0.8846,580,19.605
294.31869605435327,292.5139,586.6616,439.5877,0.0583,0.644,0.9105,581,19.650000000000002,294.1269048636181,292.6348,586.5759,439.6053,0.0,0.6895,0.787,581,19.650000000000002,294.8630021441711,292.2819,586.9072,439.5946,0.0333,0.6948,0.8153,581,19.650000000000002,295.0463776612081,292.1421,586.9925,439.5673,0.0,0.7966,0.8411,581,19.650000000000002,294.31869605435327,292.5139,586.6616,439.5877,0.0583,0.644,0.9105,581,19.650000000000002
294.2960274643588,292.5141,586.6179,439.566,0.05,0.6314,0.83,582,19.678333333333335,294.13197622950025,292.6297,586.5758,439.6028,0.0,0.6836,0.7864,582,19.678333333333335,294.86002990035695,292.2849,586.9069,439.5959,0.0333,0.7073,0.818,582,19.678333333333335,295.04833851143275,292.1398,586.9922,439.566,0.0,0.7991,0.8412,582,19.678333333333335,294.2960274643588,292.5141,586.6179,439.566,0.05,0.6314,0.83,582,19.678333333333335
294.15098316754984,292.6484,586.6605,439.6545,0.0667,0.6239,0.8972,583,19.705000000000005,294.13020615123185,292.6297,586.575,439.6024,0.0,0.6834,0.7883,583,19.705000000000005,294.8600143819492,292.2828,586.9055,439.5942,0.0333,0.6986,0.7933,583,19.705000000000005,295.04831059443404,292.1377,586.991,439.5644,0.0,0.7959,0.8415,583,19.705000000000005,294.15098316754984,292.6484,586.6605,439.6545,0.0667,0.6239,0.8972,583,19.705000000000005
294.14864274530817,292.6475,586.6581,439.6528,0.0667,0.6202,0.8968,584,19.75166666666667,294.12775844615805,292.6288,586.5726,439.6007,0.0,0.6826,0.7891,584,19.75166666666667,294.8521552013657,292.2838,586.9011,439.5924,0.0333,0.706,0.7947,584,19.75166666666667,295.0404331450992,292.1387,586.9859,439.5623,0.0,0.7985,0.8418,584,19.75166666666667,294.14864274530817,292.6475,586.6581,439.6528,0.0667,0.6202,0.8968,584,19.75166666666667
294.23762416483277,292.5387,586.5965,439.5676,0.0417,0.6524,0.8045,585,19.778333333333336,294.1345366069362,292.6002,586.5545,439.5774,0.0,0.8425,0.7446,585,19.778333333333336,295.06335806556797,292.0494,586.9223,439.4858,0.0333,0.7658,0.9128,585,19.778333333333336,295.0760897422405,292.0241,586.9223,439.4732,0.0,0.827,0.9128,585,19.778333333333336,294.23762416483277,292.5387,586.5965,439.5676,0.0417,0.6524,0.8045,585,19.778333333333336
294.238324711009,292.5385,586.5975,439.568,0.0417,0.6531,0.8132,586,19.803333333333335,294.1355296302836,292.5996,586.5554,439.5775,0.0,0.8404,0.747,586,19.803333333333335,295.0610269058277,292.0492,586.9206,439.4849,0.0333,0.7631,0.9246,586,19.803333333333335,295.0738030219907,292.0239,586.9206,439.4723,0.0,0.833,0.9246,586,19.803333333333335,294.238324711009,292.5385,586.5975,439.568,0.0417,0.6531,0.8132,586,19.803333333333335
294.058637039161,292.9488,586.8486,439.8987,0.0083,0.9654,0.7243,587,19.83666666666667,294.13947201965254,292.8641,586.8486,439.8564,0.0,0.9441,0.7243,587,19.83666666666667,295.03422507268,292.3514,587.2501,439.8007,0.0417,0.8566,0.8812,587,19.83666666666667,295.1263414019743,292.2731,587.2458,439.7594,0.0,0.8506,0.8334,587,19.83666666666667,294.058637039161,292.9488,586.8486,439.8987,0.0083,0.9654,0.7243,587,19.83666666666667
294.0751906763575,292.9545,586.9012,439.9279,0.025,0.9403,0.8093,588,19.871666666666673,294.11317149485444,292.8692,586.8225,439.8459,0.0,0.9189,0.7162,588,19.871666666666673,295.06009928076276,292.3066,587.2212,439.7639,0.05,0.7888,0.8914,588,19.871666666666673,295.0988517252605,292.2782,587.2171,439.7477,0.0,0.8368,0.8277,588,19.871666666666673,294.0751906763575,292.9545,586.9012,439.9279,0.025,0.9403,0.8093,588,19.871666666666673
294.1376550438413,292.7347,586.6952,439.7149,0.0167,0.9457,0.7122,589,19.905,294.1957904682447,292.6491,586.6547,439.6519,0.0,0.8963,0.7166,589,19.905,295.05799747180566,292.1689,587.0335,439.6012,0.025,0.8964,0.9346,589,19.905,295.1155048655081,292.1482,587.0721,439.6101,0.0,0.9045,0.8946,589,19.905,294.1376550438413,292.7347,586.6952,439.7149,0.0167,0.9457,0.7122,589,19.905
294.2360268239273,292.5911,586.6214,439.6063,0.0417,0.7306,0.7528,590,19.938333333333336,294.2017690237689,292.6087,586.6214,439.6151,0.0,0.8176,0.7528,590,19.938333333333336,295.07659956264433,292.1274,586.9553,439.5414,0.0417,0.7471,0.9357,590,19.938333333333336,295.12393184045436,292.1057,587.0401,439.5729,0.0,0.7831,0.9793,590,19.938333333333336,294.2360268239273,292.5911,586.6214,439.6063,0.0417,0.7306,0.7528,590,19.938333333333336
294.3279996848007,292.4954,586.615,439.5552,0.0333,0.7138,0.7702,591,19.971666666666668,294.2423756497646,292.5612,586.615,439.5881,0.0,0.7625,0.7702,591,19.971666666666668,295.11980329742056,292.0462,586.9778,439.512,0.0333,0.8093,0.9546,591,19.971666666666668,295.1272761324612,292.0759,587.0182,439.547,0.0,0.7808,0.9781,591,19.971666666666668,294.3279996848007,292.4954,586.615,439.5552,0.0333,0.7138,0.7702,591,19.971666666666668
294.342981757158,292.4699,586.6077,439.5388,0.0333,0.7101,0.7956,592,20.011666666666667,294.2609453266503,292.5317,586.6077,439.5697,0.0,0.7456,0.7956,592,20.011666666666667,295.1271921641379,292.0751,587.0097,439.5424,0.0333,0.7323,0.9921,592,20.011666666666667,295.1414421709377,292.0492,587.0097,439.5294,0.0,0.778,0.9921,592,20.011666666666667,294.342981757158,292.4699,586.6077,439.5388,0.0333,0.7101,0.7956,592,20.011666666666667
294.33857413441336,292.4624,586.5949,439.5287,0.0333,0.7012,0.802,593,20.038333333333334,294.2557045875409,292.525,586.5949,439.56,0.0,0.7662,0.802,593,20.038333333333334,295.07151436033485,292.0669,586.9553,439.5111,0.0417,0.722,0.939,593,20.038333333333334,295.1343137441046,292.042,586.9945,439.5183,0.0,0.7925,0.9364,593,20.038333333333334,294.33857413441336,292.4624,586.5949,439.5287,0.0333,0.7012,0.802,593,20.038333333333334
294.36137564818125,292.4593,586.6294,439.5444,0.0417,0.7234,0.8481,594,20.073333333333334,294.2560854661474,292.5226,586.5903,439.5565,0.0,0.7822,0.8005,594,20.073333333333334,295.0757576323007,292.0623,586.9509,439.5066,0.0417,0.7183,0.9604,594,20.073333333333334,295.14063702787655,292.0349,586.9899,439.5124,0.0,0.7898,0.9431,594,20.073333333333334,294.36137564818125,292.4593,586.6294,439.5444,0.0417,0.7234,0.8481,594,20.073333333333334
294.0950114782994,292.6273,586.5266,439.5769,0.0167,0.8276,0.8378,595,20.105,294.13041553302173,292.5816,586.5266,439.5541,0.0,0.842,0.8378,595,20.105,295.1143443619745,292.0215,586.9212,439.4713,0.025,0.7276,0.9357,595,20.105,295.07727721796465,292.0452,586.9212,439.4832,0.0,0.7574,0.9357,595,20.105,294.0616346737415,292.6723,586.5266,439.5995,0.05,0.7471,0.8378,595,20.105
294.0932021826645,292.6281,586.5258,439.5769,0.0167,0.8186,0.833,596,20.136666666666667,294.12770467475633,292.5833,586.5258,439.5545,0.0,0.8399,0.833,596,20.136666666666667,295.11365030666536,292.0215,586.9206,439.471,0.025,0.7277,0.9346,596,20.136666666666667,295.0760811967094,292.0458,586.9206,439.4832,0.0,0.7571,0.9346,596,20.136666666666667,294.2632554572016,292.4704,586.5258,439.4981,0.05,0.7573,0.833,596,20.136666666666667
294.09691412756064,292.6279,586.5289,439.5784,0.0167,0.8115,0.8396,597,20.171666666666667,294.1309227307553,292.5836,586.5289,439.5562,0.0,0.8558,0.8396,597,20.171666666666667,295.1360560484651,292.0137,586.93,439.4718,0.025,0.7164,0.9358,597,20.171666666666667,295.0964340796945,292.0381,586.93,439.484,0.0,0.7432,0.9358,597,20.171666666666667,294.26708823102484,292.4701,586.5289,439.4995,0.05,0.754,0.8396,597,20.171666666666667
294.2556005184526,292.485,586.5304,439.5077,0.0417,0.7779,0.8721,598,20.203333333333333,294.1309200129648,292.5853,586.5304,439.5579,0.0,0.8605,0.8721,598,20.203333333333333,295.13709554469085,292.0107,586.9292,439.47,0.025,0.695,0.9343,598,20.203333333333333,295.09752157778144,292.0351,586.9292,439.4821,0.0,0.734,0.9343,598,20.203333333333333,294.1526940408121,292.5852,586.5304,439.5578,0.05,0.7569,0.8721,598,20.203333333333333
294.0990494056799,292.6266,586.5309,439.5787,0.0167,0.7888,0.84,599,20.236666666666668,294.1330520269331,292.5822,586.5309,439.5565,0.0,0.8365,0.84,599,20.236666666666668,295.1383814877381,292.0139,586.9327,439.4733,0.025,0.7151,0.9352,599,20.236666666666668,295.0987493658335,292.0383,586.9327,439.4855,0.0,0.7434,0.9352,599,20.236666666666668,294.2693598850276,292.4686,586.5309,439.4997,0.05,0.7438,0.84,599,20.236666666666668
294.0972266692894,292.6252,586.5284,439.5768,0.0167,0.7938,0.837,600,20.27166666666667,294.13168569267225,292.5805,586.5284,439.5544,0.0,0.8373,0.837,600,20.27166666666667,295.1176746586977,292.0215,586.925,439.4732,0.025,0.7283,0.9342,600,20.27166666666667,295.0801839095775,292.0458,586.925,439.4854,0.0,0.7572,0.9342,600,20.27166666666667,294.20940467246453,292.5217,586.5284,439.525,0.0417,0.814,0.837,600,20.27166666666667
294.1002338988539,292.6249,586.5308,439.5779,0.0167,0.7986,0.8434,601,20.305,294.135670767133,292.5791,586.5308,439.555,0.0,0.8354,0.8434,601,20.305,295.13295317974524,292.0203,586.9327,439.4765,0.025,0.729,0.9331,601,20.305,295.09403187794635,292.0439,586.9327,439.4883,0.0,0.7532,0.9331,601,20.305,294.2123439817836,292.5214,586.5308,439.5261,0.0417,0.8083,0.8434,601,20.305
294.4513818836102,292.7072,587.0193,439.8632,0.0667,0.7656,0.8397,602,20.338333333333335,294.22901907031303,292.8322,586.8885,439.8603,0.0,0.8875,0.7886,602,20.338333333333335,294.9417571506931,292.4663,587.2326,439.8495,0.0083,0.9106,0.8438,602,20.338333333333335,295.01209863159755,292.3902,587.2326,439.8114,0.0,0.9194,0.8438,602,20.338333333333335,294.41427292543983,292.7367,587.0193,439.878,0.0667,0.8078,0.8397,602,20.338333333333335
294.11990182806903,292.9157,586.846,439.8809,0.025,0.8157,0.8047,603,20.371666666666673,294.09258969228677,292.9329,586.846,439.8895,0.0,0.9173,0.8047,603,20.371666666666673,295.033092439985,292.3593,587.2008,439.7801,0.0167,0.8586,0.8507,603,20.371666666666673,295.04417021664557,292.3381,587.2008,439.7695,0.0,0.9121,0.8507,603,20.371666666666673,294.13338657581596,292.901,586.846,439.8735,0.0333,0.8028,0.8047,603,20.371666666666673
294.33363765593685,292.6334,586.7802,439.7068,0.0667,0.7224,0.7286,604,20.405,294.208458394461,292.6885,586.7002,439.6943,0.0,0.8329,0.7075,604,20.405,294.94335437124266,292.2784,586.9571,439.6178,0.05,0.7257,0.7438,604,20.405,295.08824769105956,292.1974,587.0852,439.6413,0.0,0.8454,0.7381,604,20.405,294.35078465177,292.6142,586.7802,439.6972,0.075,0.7372,0.7286,604,20.405
294.2272899267066,292.5457,586.5571,439.5514,0.0333,0.837,0.7309,605,20.44,294.24023023773714,292.5592,586.6045,439.5819,0.0,0.7429,0.7725,605,20.44,295.0780176708944,292.113,586.9862,439.5496,0.0333,0.6847,0.8219,605,20.44,295.0898842204998,292.0928,586.9862,439.5395,0.0,0.6714,0.8219,605,20.44,294.2272899267066,292.5457,586.5571,439.5514,0.0333,0.837,0.7309,605,20.44
294.3089905925913,292.5309,586.6472,439.589,0.0333,0.7986,0.759,606,20.471666666666668,294.25653471822073,292.5453,586.607,439.5761,0.0,0.7383,0.7884,606,20.471666666666668,294.96329620844574,292.218,586.9882,439.6031,0.025,0.6366,0.8232,606,20.471666666666668,295.10471789433586,292.0806,586.9882,439.5344,0.0,0.6945,0.8232,606,20.471666666666668,294.3089905925913,292.5309,586.6472,439.589,0.0333,0.7986,0.759,606,20.471666666666668
294.31776756322296,292.533,586.6545,439.5938,0.0333,0.8023,0.7865,607,20.511666666666667,294.2658747563009,292.5467,586.6139,439.5803,0.0,0.7606,0.7636,607,20.511666666666667,295.066698029533,292.0916,586.9613,439.5264,0.0333,0.7371,0.7845,607,20.511666666666667,295.0782261707402,292.0717,586.9613,439.5165,0.0,0.7139,0.7845,607,20.511666666666667,294.31776756322296,292.533,586.6545,439.5938,0.0333,0.8023,0.7865,607,20.511666666666667
294.2969845976392,292.5385,586.6386,439.5886,0.0333,0.8155,0.7945,608,20.53666666666667,294.24564714796566,292.5521,586.5989,439.5755,0.0,0.757,0.7774,608,20.53666666666667,295.05415616722166,292.0922,586.9495,439.5208,0.0333,0.7325,0.7816,608,20.53666666666667,295.0654539345207,292.0725,586.9495,439.511,0.0,0.714,0.7816,608,20.53666666666667,294.2969845976392,292.5385,586.6386,439.5886,0.0333,0.8155,0.7945,608,20.53666666666667
294.2906423389216,292.5365,586.6308,439.5837,0.0333,0.8102,0.7127,609,20.57,294.2391303450058,292.5502,586.591,439.5706,0.0,0.7338,0.7493,609,20.57,295.04252816284577,292.0899,586.9386,439.5142,0.0333,0.7349,0.771,609,20.57,295.0535670997254,292.0705,586.9386,439.5045,0.0,0.6884,0.771,609,20.57,294.2906423389216,292.5365,586.6308,439.5837,0.0333,0.8102,0.7127,609,20.57
294.2950576231922,292.5298,586.6276,439.5787,0.0333,0.8086,0.7078,610,20.603333333333335,294.2432032878812,292.544,586.5881,439.566,0.0,0.7189,0.7394,610,20.603333333333335,294.9162929977981,292.1978,586.9325,439.5651,0.025,0.7012,0.7782,610,20.603333333333335,295.05690971798117,292.0611,586.9325,439.4968,0.0,0.6883,0.7782,610,20.603333333333335,294.2950576231922,292.5298,586.6276,439.5787,0.0333,0.8086,0.7078,610,20.603333333333335
294.284510531909,292.5267,586.6153,439.571,0.0333,0.7991,0.7044,611,20.638333333333335,294.2325285927158,292.5409,586.5757,439.5583,0.0,0.7115,0.7224,611,20.638333333333335,295.0392592006508,292.0756,586.9219,439.4988,0.0333,0.7251,0.7382,611,20.638333333333335,295.0494537048712,292.057,586.9219,439.4894,0.0,0.6901,0.7382,611,20.638333333333335,294.284510531909,292.5267,586.6153,439.571,0.0333,0.7991,0.7044,611,20.638333333333335
294.22624469210064,292.5671,586.6056,439.5863,0.025,0.8267,0.6605,612,20.673333333333336,294.22812892400816,292.5326,586.566,439.5493,0.0,0.7917,0.6971,612,20.673333333333336,295.0104221707399,292.066,586.8384,439.4522,0.0417,0.733,0.7924,612,20.673333333333336,295.04974527817694,292.0479,586.916,439.4819,0.0,0.7308,0.7343,612,20.673333333333336,294.22624469210064,292.5671,586.6056,439.5863,0.025,0.8267,0.6605,612,20.673333333333336
294.2278443778755,292.5607,586.6017,439.5812,0.025,0.786,0.6839,613,20.705000000000005,294.2294407831422,292.5265,586.5621,439.5443,0.0,0.8119,0.7268,613,20.705000000000005,295.04025593069093,292.0625,586.9138,439.4882,0.0333,0.7287,0.7662,613,20.705000000000005,295.0496117696831,292.0447,586.9138,439.4793,0.0,0.7272,0.7662,613,20.705000000000005,294.2278443778755,292.5607,586.6017,439.5812,0.025,0.786,0.6839,613,20.705000000000005
294.23111820291956,292.5746,586.6166,439.5956,0.0417,0.7647,0.699,614,20.738333333333333,294.13611918502386,292.6267,586.5766,439.6017,0.0,0.8242,0.7007,614,20.738333333333333,295.013407960015,292.0717,586.8505,439.4611,0.0417,0.7364,0.8012,614,20.738333333333333,295.0549216356834,292.0513,586.9273,439.4893,0.0,0.7576,0.7338,614,20.738333333333333,294.23111820291956,292.5746,586.6166,439.5956,0.0417,0.7647,0.699,614,20.738333333333333
294.2793723422099,292.5426,586.6337,439.5882,0.0417,0.7266,0.7668,615,20.778333333333336,294.2803208662622,292.5074,586.5935,439.5504,0.0,0.8077,0.7657,615,20.778333333333336,295.14167378075706,292.0952,587.0308,439.563,0.0333,0.7319,0.848,615,20.778333333333336,295.15447154480614,292.0698,587.0308,439.5503,0.0,0.7483,0.848,615,20.778333333333336,294.2793723422099,292.5426,586.6337,439.5882,0.0417,0.7266,0.7668,615,20.778333333333336
294.27510438878187,292.542,586.6301,439.5861,0.0417,0.7461,0.7811,616,20.811666666666667,294.2767134106591,292.5062,586.59,439.5481,0.0,0.811,0.7335,616,20.811666666666667,295.12949885394414,292.1075,587.0292,439.5684,0.0333,0.7337,0.8537,616,20.811666666666667,295.143079113622,292.0813,587.0292,439.5553,0.0,0.7621,0.8537,616,20.811666666666667,294.27510438878187,292.542,586.6301,439.5861,0.0417,0.7461,0.7811,616,20.811666666666667
294.2321411937113,292.5418,586.587,439.5644,0.025,0.8189,0.774,617,20.838333333333335,294.2998612001136,292.5094,586.6383,439.5738,0.0,0.8726,0.8023,617,20.838333333333335,295.12293863477805,292.1051,587.0533,439.5792,0.0333,0.7294,0.8227,617,20.838333333333335,295.13880966019167,292.079,587.0533,439.5662,0.0,0.8061,0.8227,617,20.838333333333335,294.2321411937113,292.5418,586.587,439.5644,0.025,0.8189,0.774,617,20.838333333333335
294.09349122748745,292.8796,586.8046,439.8421,0.0083,0.9944,0.8264,618,20.878333333333334,294.16900370384724,292.7994,586.8046,439.802,0.0,0.943,0.8264,618,20.878333333333334,294.9782521677598,292.4453,587.2988,439.872,0.025,0.9541,0.8404,618,20.878333333333334,294.999708262155,292.3703,587.2105,439.7904,0.0,0.8555,0.8547,618,20.878333333333334,294.09349122748745,292.8796,586.8046,439.8421,0.0083,0.9944,0.8264,618,20.878333333333334
294.13900960500655,292.829,586.7968,439.8129,0.0417,0.869,0.8475,619,20.91166666666667,294.0326910502697,292.9002,586.7622,439.8312,0.0,0.9582,0.7617,619,20.91166666666667,294.9605014681211,292.3903,587.1645,439.7774,0.0167,0.7739,0.8019,619,20.91166666666667,294.9744951718461,292.3664,587.1645,439.7655,0.0,0.8128,0.8019,619,20.91166666666667,294.13900960500655,292.829,586.7968,439.8129,0.0417,0.869,0.8475,619,20.91166666666667
294.2142922028163,292.6283,586.6222,439.6253,0.0333,0.8573,0.8102,620,20.936666666666667,294.2233582176746,292.6445,586.6695,439.657,0.0,0.9147,0.8186,620,20.936666666666667,294.99021420073336,292.2852,587.0734,439.6793,0.0083,0.9337,0.8588,620,20.936666666666667,295.06393451182123,292.2055,587.0734,439.6395,0.0,0.8665,0.8588,620,20.936666666666667,294.2142922028163,292.6283,586.6222,439.6253,0.0333,0.8573,0.8102,620,20.936666666666667
294.1905034634992,292.5616,586.4919,439.5267,0.0417,0.8311,0.6473,621,20.98,294.23229807418375,292.5762,586.611,439.5936,0.0,0.9216,0.7588,621,20.98,295.0696643342238,292.155,587.0197,439.5874,0.0167,0.8465,0.8531,621,20.98,295.08338562902793,292.1309,587.0197,439.5753,0.0,0.9113,0.8531,621,20.98,294.1905034634992,292.5616,586.4919,439.5267,0.0417,0.8311,0.6473,621,20.98
294.2315139713754,292.5473,586.5572,439.5523,0.0333,0.8093,0.7378,622,21.011666666666667,294.24059291750086,292.564,586.6046,439.5843,0.0,0.9289,0.7616,622,21.011666666666667,295.06259039041095,292.1451,587.0012,439.5731,0.0083,0.8105,0.8284,622,21.011666666666667,295.1331482599296,292.0687,587.0012,439.535,0.0,0.8585,0.8284,622,21.011666666666667,294.2315139713754,292.5473,586.5572,439.5523,0.0333,0.8093,0.7378,622,21.011666666666667
294.2317182887439,292.5403,586.5522,439.5462,0.0333,0.8398,0.7542,623,21.038333333333334,294.24062490087493,292.5575,586.5999,439.5787,0.0,0.9256,0.7631,623,21.038333333333334,295.1247862912111,292.0922,587.0046,439.5484,0.0167,0.8258,0.8419,623,21.038333333333334,295.13504769131396,292.0715,587.0046,439.5381,0.0,0.8542,0.8419,623,21.038333333333334,294.2317182887439,292.5403,586.5522,439.5462,0.0333,0.8398,0.7542,623,21.038333333333334
294.2591328710187,292.5386,586.5839,439.5612,0.025,0.8447,0.7995,624,21.083333333333336,294.22592671983034,292.5558,586.5839,439.5698,0.0,0.9203,0.7995,624,21.083333333333336,295.11237230625056,292.0882,586.9898,439.539,0.0167,0.8199,0.8859,624,21.083333333333336,295.1224478975324,292.0677,586.9898,439.5287,0.0,0.8655,0.8859,624,21.083333333333336,294.2591328710187,292.5386,586.5839,439.5612,0.025,0.8447,0.7995,624,21.083333333333336
294.2912069789122,292.4485,586.5304,439.4895,0.025,0.8112,0.8474,625,21.111666666666668,294.2590703923441,292.465,586.5304,439.4977,0.0,0.8416,0.8474,625,21.111666666666668,294.89224739036695,292.1638,586.8653,439.5145,0.025,0.7572,1.0249,625,21.111666666666668,295.0379681034823,292.0248,586.8653,439.445,0.0,0.7623,1.0249,625,21.111666666666668,294.2912069789122,292.4485,586.5304,439.4895,0.025,0.8112,0.8474,625,21.111666666666668
294.2946628676877,292.4452,586.5316,439.4884,0.025,0.8293,0.8531,626,21.138333333333335,294.26240188972736,292.4618,586.5316,439.4967,0.0,0.8456,0.8531,626,21.138333333333335,294.8940861608967,292.1636,586.8671,439.5154,0.025,0.7624,1.034,626,21.138333333333335,295.03989341636884,292.0247,586.8671,439.4459,0.0,0.7642,1.034,626,21.138333333333335,294.2946628676877,292.4452,586.5316,439.4884,0.025,0.8293,0.8531,626,21.138333333333335
294.2995175629855,292.4439,586.5355,439.4897,0.025,0.8362,0.826,627,21.18166666666667,294.2675118597274,292.4603,586.5355,439.4979,0.0,0.8409,0.826,627,21.18166666666667,294.8983206415415,292.1657,586.872,439.5189,0.025,0.7516,1.0385,627,21.18166666666667,295.0440800299624,292.027,586.872,439.4495,0.0,0.7521,1.0385,627,21.18166666666667,294.2995175629855,292.4439,586.5355,439.4897,0.025,0.8362,0.826,627,21.18166666666667
294.2956389406867,292.4454,586.5325,439.489,0.025,0.8423,0.857,628,21.21166666666667,294.262901763929,292.4625,586.5325,439.4975,0.0,0.8468,0.857,628,21.21166666666667,294.8980597998571,292.1634,586.8703,439.5168,0.025,0.7604,1.0313,628,21.21166666666667,295.0436463281393,292.0246,586.8703,439.4474,0.0,0.7821,1.0313,628,21.21166666666667,294.2956389406867,292.4454,586.5325,439.489,0.025,0.8423,0.857,628,21.21166666666667
294.29771643240156,292.4427,586.5322,439.4874,0.025,0.8412,0.857,629,21.236666666666668,294.2650754704615,292.4597,586.5322,439.4959,0.0,0.8462,0.857,629,21.236666666666668,294.89825771944686,292.1628,586.8699,439.5163,0.025,0.7611,1.0309,629,21.236666666666668,295.0438900396347,292.024,586.8699,439.447,0.0,0.7853,1.0309,629,21.236666666666668,294.29771643240156,292.4427,586.5322,439.4874,0.025,0.8412,0.857,629,21.236666666666668
294.29633307017104,292.4442,586.5318,439.488,0.025,0.8306,0.8574,630,21.27166666666667,294.2637947022745,292.461,586.5318,439.4964,0.0,0.8453,0.8574,630,21.27166666666667,294.8979252141967,292.1624,586.8693,439.5158,0.025,0.7603,1.0318,630,21.27166666666667,295.04400775647775,292.0232,586.8693,439.4462,0.0,0.7819,1.0318,630,21.27166666666667,294.29633307017104,292.4442,586.5318,439.488,0.025,0.8306,0.8574,630,21.27166666666667
294.2936052290298,292.4461,586.5304,439.4882,0.025,0.8423,0.8488,631,21.305,294.26113103008635,292.4629,586.5304,439.4966,0.0,0.8424,0.8488,631,21.305,294.89522105090447,292.1636,586.8676,439.5156,0.025,0.7631,1.0312,631,21.305,295.04106840642964,292.0246,586.8676,439.4461,0.0,0.7644,1.0312,631,21.305,294.2936052290298,292.4461,586.5304,439.4882,0.025,0.8423,0.8488,631,21.305
294.42097386232444,292.6692,586.94,439.8046,0.05,0.742,0.8852,632,21.338333333333335,294.28088642302464,292.7468,586.8576,439.8022,0.0,0.8674,0.9045,632,21.338333333333335,295.1545762193758,292.2881,587.2471,439.7676,0.025,0.8522,1.1256,632,21.338333333333335,295.1052329744847,292.3221,587.2471,439.7846,0.0,0.8057,1.1256,632,21.338333333333335,294.42097386232444,292.6692,586.94,439.8046,0.05,0.742,0.8852,632,21.338333333333335
294.1254727149943,292.8944,586.7983,439.8463,0.0333,0.8087,0.7687,633,21.371666666666673,294.1249489736331,292.9178,586.8765,439.8972,0.0,0.8052,0.8131,633,21.371666666666673,294.90201371616695,292.5277,587.241,439.8844,0.0333,0.8279,1.0561,633,21.371666666666673,294.91905974793843,292.499,587.241,439.87,0.0,0.8461,1.0561,633,21.371666666666673,294.1254727149943,292.8944,586.7983,439.8463,0.0333,0.8087,0.7687,633,21.371666666666673
294.2013411445695,292.7848,586.7879,439.7863,0.0333,0.7919,0.7693,634,21.405,294.10372010694925,292.8643,586.7879,439.8261,0.0,0.7873,0.7693,634,21.405,294.9785851048223,292.4058,587.1773,439.7915,0.0333,0.7828,0.9352,634,21.405,294.9879611998756,292.3845,587.1773,439.7809,0.0,0.8458,0.9352,634,21.405,294.2013411445695,292.7848,586.7879,439.7863,0.0333,0.7919,0.7693,634,21.405
294.09885776166465,292.6245,586.4622,439.5433,0.0417,0.773,0.724,635,21.438333333333336,294.1498559139854,292.6335,586.5864,439.61,0.0,0.792,0.812,635,21.438333333333336,295.10500246925085,292.1061,586.949,439.5275,0.05,0.798,0.7837,635,21.438333333333336,295.10571790305414,292.0789,586.9985,439.5387,0.0,0.7244,0.8283,635,21.438333333333336,294.09885776166465,292.6245,586.4622,439.5433,0.0417,0.773,0.724,635,21.438333333333336
294.24137680363947,292.5403,586.5666,439.5534,0.0333,0.7438,0.8517,636,21.471666666666668,294.1673656167553,292.5939,586.5666,439.5802,0.0,0.7816,0.8517,636,21.471666666666668,295.08351462763244,292.1405,586.9546,439.5475,0.0417,0.8436,0.8165,636,21.471666666666668,295.1470174784654,292.0547,587.0067,439.5307,0.0,0.7754,0.8928,636,21.471666666666668,294.24137680363947,292.5403,586.5666,439.5534,0.0333,0.7438,0.8517,636,21.471666666666668
294.2451438052859,292.5322,586.5634,439.5478,0.0333,0.7578,0.8485,637,21.505000000000003,294.17180951380567,292.5853,586.5634,439.5743,0.0,0.7566,0.8485,637,21.505000000000003,295.14949090785353,292.0778,586.9533,439.5155,0.05,0.7357,0.8476,637,21.505000000000003,295.1527427739288,292.048,587.0062,439.5271,0.0,0.7641,0.9316,637,21.505000000000003,294.2451438052859,292.5322,586.5634,439.5478,0.0333,0.7578,0.8485,637,21.505000000000003
294.1349461743838,292.625,586.5622,439.5936,0.025,0.6675,0.843,638,21.545,294.17250203156243,292.5839,586.5622,439.5731,0.0,0.7332,0.843,638,21.545,295.01673016747384,292.1601,586.9166,439.5383,0.0333,0.7088,0.9151,638,21.545,295.1294922279778,292.0763,587.0008,439.5385,0.0,0.766,0.9432,638,21.545,294.1349461743838,292.625,586.5622,439.5936,0.025,0.6675,0.843,638,21.545
294.1191377177332,292.6182,586.5372,439.5777,0.0167,0.8089,0.8445,639,21.57,294.14389488594026,292.583,586.5372,439.5601,0.0,0.8257,0.8445,639,21.57,295.0989396080833,292.104,586.9235,439.5137,0.05,0.7159,0.7984,639,21.57,295.102210190011,292.0747,586.9764,439.5256,0.0,0.766,0.8984,639,21.57,294.1191377177332,292.6182,586.5372,439.5777,0.0167,0.8089,0.8445,639,21.57
294.12063961952686,292.6189,586.5452,439.5821,0.0167,0.7781,0.8724,640,21.605,294.1456073909526,292.5835,586.5452,439.5644,0.0,0.8277,0.8724,640,21.605,295.09845406695507,292.1055,586.9302,439.5179,0.05,0.7169,0.7868,640,21.605,295.10182676712225,292.0759,586.9805,439.5282,0.0,0.768,0.8996,640,21.605,294.12063961952686,292.6189,586.5452,439.5821,0.0167,0.7781,0.8724,640,21.605
294.10682508857724,292.6205,586.5348,439.5777,0.0167,0.7779,0.8682,641,21.636666666666667,294.13150610171755,292.5855,586.5348,439.5601,0.0,0.8268,0.8682,641,21.636666666666667,295.0627879648324,292.1051,586.9041,439.5046,0.0583,0.717,0.7486,641,21.636666666666667,295.08047984205797,292.0762,586.9614,439.5188,0.0,0.7687,0.8802,641,21.636666666666667,294.10682508857724,292.6205,586.5348,439.5777,0.0167,0.7779,0.8682,641,21.636666666666667
293.95908743811066,292.6743,586.399,439.5366,0.025,0.831,0.6599,642,21.671666666666667,294.11337773025355,292.5902,586.5189,439.5546,0.0,0.816,0.8198,642,21.671666666666667,295.05941286093594,292.1022,586.898,439.5001,0.0583,0.7626,0.7197,642,21.671666666666667,295.0761964518461,292.0734,586.9537,439.5136,0.0,0.7823,0.8606,642,21.671666666666667,293.95908743811066,292.6743,586.399,439.5366,0.025,0.831,0.6599,642,21.671666666666667
294.00872579321833,292.6718,586.4538,439.5628,0.0167,0.8302,0.7209,643,21.705000000000005,294.1151863181169,292.5877,586.5188,439.5532,0.0,0.8138,0.8263,643,21.705000000000005,295.07724349382215,292.0978,586.9062,439.502,0.05,0.7558,0.7513,643,21.705000000000005,295.0788848079143,292.0696,586.9529,439.5112,0.0,0.7627,0.8802,643,21.705000000000005,294.00872579321833,292.6718,586.4538,439.5628,0.0167,0.8302,0.7209,643,21.705000000000005
294.0084462500881,292.6645,586.4481,439.5563,0.0167,0.7918,0.7346,644,21.738333333333333,294.11503041323965,292.5803,586.5127,439.5465,0.0,0.7669,0.8272,644,21.738333333333333,295.0663912549983,292.096,586.8965,439.4963,0.05,0.7699,0.7847,644,21.738333333333333,295.068358411001,292.0675,586.9417,439.5046,0.0,0.7671,0.8903,644,21.738333333333333,294.0084462500881,292.6645,586.4481,439.5563,0.0167,0.7918,0.7346,644,21.738333333333333
294.19199400471314,292.5323,586.5258,439.529,0.025,0.7185,0.8978,645,21.773333333333333,294.16618769415624,292.5432,586.5258,439.5345,0.0,0.8643,0.8978,645,21.773333333333333,295.0342860020374,292.1294,586.9544,439.5419,0.0417,0.5994,0.9486,645,21.773333333333333,295.09951304427636,292.0493,586.9544,439.5019,0.0,0.7357,0.9486,645,21.773333333333333,294.19199400471314,292.5323,586.5258,439.529,0.025,0.7185,0.8978,645,21.773333333333333
294.1897366206524,292.5351,586.5253,439.5302,0.025,0.6851,0.8965,646,21.805,294.16408788766034,292.5458,586.5253,439.5355,0.0,0.8718,0.8965,646,21.805,295.0305771013127,292.1325,586.9534,439.5429,0.0417,0.5996,0.9402,646,21.805,295.0958318862464,292.0524,586.9534,439.5029,0.0,0.7401,0.9402,646,21.805,294.1897366206524,292.5351,586.5253,439.5302,0.025,0.6851,0.8965,646,21.805
294.19111777872587,292.5341,586.5262,439.5301,0.025,0.7156,0.9004,647,21.838333333333335,294.16545255824514,292.5448,586.5262,439.5355,0.0,0.8666,0.9004,647,21.838333333333335,295.03267638698884,292.1306,586.9536,439.5421,0.0417,0.5951,0.9399,647,21.838333333333335,295.097649735379,292.0507,586.9536,439.5022,0.0,0.7481,0.9399,647,21.838333333333335,294.19111777872587,292.5341,586.5262,439.5301,0.025,0.7156,0.9004,647,21.838333333333335
294.32896660082974,292.6404,586.7858,439.7131,0.0583,0.6541,0.7763,648,21.871666666666673,294.19273231750833,292.7499,586.7858,439.7678,0.0,0.8354,0.7763,648,21.871666666666673,294.96802940645443,292.3271,587.1504,439.7388,0.025,0.8883,1.0333,648,21.871666666666673,295.08238393168847,292.2149,587.1504,439.6827,0.0,0.8186,1.0333,648,21.871666666666673,294.32896660082974,292.6404,586.7858,439.7131,0.0583,0.6541,0.7763,648,21.871666666666673
294.15422944928105,292.8465,586.8216,439.8341,0.025,0.8018,0.8339,649,21.905,294.1165499641219,292.8707,586.8216,439.8462,0.0,0.8667,0.8339,649,21.905,295.0182537139938,292.3412,587.2015,439.7713,0.025,0.6868,1.0014,649,21.905,294.9702936093764,292.3745,587.2015,439.788,0.0,0.7505,1.0014,649,21.905,294.15422944928105,292.8465,586.8216,439.8341,0.025,0.8018,0.8339,649,21.905
294.25430318878375,292.731,586.7799,439.7555,0.025,0.8048,0.8047,650,21.938333333333336,294.21805078082957,292.7514,586.7799,439.7657,0.0,0.8712,0.8047,650,21.938333333333336,295.1306579692498,292.2064,587.153,439.6797,0.025,0.777,0.9779,650,21.938333333333336,295.08163444038223,292.2406,587.153,439.6968,0.0,0.7713,0.9779,650,21.938333333333336,294.25430318878375,292.731,586.7799,439.7555,0.025,0.8048,0.8047,650,21.938333333333336
294.1693176113298,292.6662,586.61,439.6381,0.0167,0.7601,0.9082,651,21.970000000000002,294.18970775810794,292.6354,586.61,439.6227,0.0,0.7816,0.9082,651,21.970000000000002,295.0436019185165,292.1824,587.025,439.6037,0.0167,0.809,0.9988,651,21.970000000000002,295.0569142013344,292.1592,587.025,439.5921,0.0,0.8409,0.9988,651,21.970000000000002,294.1693176113298,292.6662,586.61,439.6381,0.0167,0.7601,0.9082,651,21.970000000000002
294.17776074104324,292.6111,586.5715,439.5913,0.0167,0.7501,0.9516,652,22.011666666666667,294.2041721795929,292.5738,586.5715,439.5727,0.0,0.8693,0.9516,652,22.011666666666667,295.0829625206161,292.0961,586.9752,439.5357,0.025,0.8237,1.0537,652,22.011666666666667,295.04176358740733,292.1221,586.9752,439.5487,0.0,0.8231,1.0537,652,22.011666666666667,294.17776074104324,292.6111,586.5715,439.5913,0.0167,0.7501,0.9516,652,22.011666666666667
294.3043588122874,292.4742,586.5557,439.5149,0.05,0.6846,0.9364,653,22.03666666666667,294.2119535128878,292.5431,586.5557,439.5494,0.0,0.887,0.9364,653,22.03666666666667,295.038184668166,292.0747,586.9257,439.5002,0.025,0.8434,0.9519,653,22.03666666666667,294.99526451956456,292.1024,586.9257,439.5141,0.0,0.8046,0.9519,653,22.03666666666667,294.3043588122874,292.4742,586.5557,439.5149,0.05,0.6846,0.9364,653,22.03666666666667
294.1922561191841,292.5803,586.5557,439.568,0.05,0.7123,0.8982,654,22.07166666666667,294.2110087111446,292.5423,586.5557,439.549,0.0,0.8926,0.8982,654,22.07166666666667,295.0520803435692,292.0745,586.9352,439.5048,0.025,0.8431,0.8966,654,22.07166666666667,295.0091427872227,292.1022,586.9352,439.5187,0.0,0.8046,0.8966,654,22.07166666666667,294.1922561191841,292.5803,586.5557,439.568,0.05,0.7123,0.8982,654,22.07166666666667
294.03764808105495,292.6597,586.475,439.5674,0.0167,0.8727,0.8937,655,22.110000000000003,294.06854281589574,292.618,586.475,439.5465,0.0,0.9381,0.8937,655,22.110000000000003,295.1044370578721,291.9824,586.8172,439.3998,0.0333,0.7561,1.132,655,22.110000000000003,295.0991198951,292.0097,586.9035,439.4566,0.0,0.7468,0.9979,655,22.110000000000003,294.03764808105495,292.6597,586.475,439.5674,0.0167,0.8727,0.8937,655,22.110000000000003
294.0383535104891,292.6608,586.4769,439.5689,0.0167,0.8481,0.8928,656,22.138333333333335,294.0691498774286,292.6192,586.4769,439.5481,0.0,0.9117,0.8928,656,22.138333333333335,295.10571610674197,291.9809,586.8173,439.3991,0.0333,0.7906,1.1212,656,22.138333333333335,295.10030388248964,292.0083,586.9035,439.4559,0.0,0.759,0.9987,656,22.138333333333335,294.0383535104891,292.6608,586.4769,439.5689,0.0167,0.8481,0.8928,656,22.138333333333335
294.04080047976487,292.6558,586.477,439.5664,0.0167,0.8481,0.8933,657,22.171666666666667,294.07178252360984,292.614,586.477,439.5455,0.0,0.8966,0.8933,657,22.171666666666667,294.9202889762777,292.1526,586.8643,439.5085,0.0167,0.7744,0.9693,657,22.171666666666667,295.0478683314652,292.0219,586.8643,439.4431,0.0,0.764,0.9693,657,22.171666666666667,294.04080047976487,292.6558,586.477,439.5664,0.0167,0.8481,0.8933,657,22.171666666666667
294.04116486397504,292.6563,586.4776,439.5669,0.0167,0.8494,0.9114,658,22.21166666666667,294.0721254756605,292.6146,586.4776,439.5461,0.0,0.8977,0.9114,658,22.21166666666667,295.05190301121667,292.026,586.8645,439.4453,0.0333,0.7559,0.9694,658,22.21166666666667,295.0642755013597,292.0013,586.8645,439.4329,0.0,0.7116,0.9694,658,22.21166666666667,294.04116486397504,292.6563,586.4776,439.5669,0.0167,0.8494,0.9114,658,22.21166666666667
294.03897796103456,292.6586,586.4772,439.5679,0.0167,0.8534,0.8987,659,22.245,294.0656077946571,292.6214,586.4772,439.5493,0.0,0.9049,0.8987,659,22.245,295.0744144496008,292.0297,586.8897,439.4597,0.0333,0.7054,1.0645,659,22.245,295.08448405476156,292.0074,586.8897,439.4485,0.0,0.7234,1.0645,659,22.245,294.03897796103456,292.6586,586.4772,439.5679,0.0167,0.8534,0.8987,659,22.245
294.0411676471673,292.6567,586.477,439.5669,0.0167,0.8511,0.9085,660,22.27166666666667,294.06771900551786,292.6196,586.477,439.5483,0.0,0.9061,0.9085,660,22.27166666666667,295.0266144580504,292.0657,586.8877,439.4767,0.025,0.7374,1.0705,660,22.27166666666667,295.0937770204969,291.9913,586.8877,439.4395,0.0,0.7106,1.0705,660,22.27166666666667,294.0411676471673,292.6567,586.477,439.5669,0.0167,0.8511,0.9085,660,22.27166666666667
294.04194564955594,292.6558,586.4765,439.5662,0.0167,0.8973,0.8958,661,22.311666666666667,294.0681787152365,292.619,586.4765,439.5478,0.0,0.923,0.8958,661,22.311666666666667,295.08438644385853,292.0138,586.8884,439.4511,0.0333,0.6589,1.0691,661,22.311666666666667,295.0952163453688,291.9908,586.8884,439.4396,0.0,0.7077,1.0691,661,22.311666666666667,294.04194564955594,292.6558,586.4765,439.5662,0.0167,0.8973,0.8958,661,22.311666666666667
294.04051084298186,292.6553,586.4746,439.5649,0.0167,0.8959,0.9005,662,22.345000000000002,294.0668688073891,292.6184,586.4746,439.5465,0.0,0.9176,0.9005,662,22.345000000000002,295.04062676890874,292.027,586.8551,439.4411,0.0333,0.7109,0.9603,662,22.345000000000002,295.05048607631875,292.0049,586.8551,439.43,0.0,0.7077,0.9603,662,22.345000000000002,294.04051084298186,292.6553,586.4746,439.5649,0.0167,0.8959,0.9005,662,22.345000000000002
294.04002000018346,292.6548,586.4732,439.564,0.0167,0.8972,0.8817,663,22.37,294.06619382448577,292.618,586.4732,439.5456,0.0,0.9237,0.8817,663,22.37,295.09603252377076,291.9729,586.8536,439.4132,0.025,0.7457,0.9606,663,22.37,295.0505721419651,292.0037,586.8536,439.4286,0.0,0.7083,0.9606,663,22.37,294.04002000018346,292.6548,586.4732,439.564,0.0167,0.8972,0.8817,663,22.37
294.1802254719529,292.7861,586.7928,439.7895,0.0333,0.9032,0.8452,664,22.413333333333334,294.1257109814943,292.8062,586.7564,439.7813,0.0,0.9245,0.7472,664,22.413333333333334,295.24673998885214,292.1359,587.2382,439.687,0.0417,0.8014,0.8924,664,22.413333333333334,295.1442041225434,292.1754,587.1496,439.6625,0.0,0.783,0.7527,664,22.413333333333334,294.1802254719529,292.7861,586.7928,439.7895,0.0333,0.9032,0.8452,664,22.413333333333334
294.21636140973703,292.7795,586.7982,439.7888,0.0417,0.7353,0.6747,665,22.445,294.1915027562079,292.8022,586.8304,439.8163,0.0,0.8206,0.7074,665,22.445,295.11837390035896,292.335,587.2713,439.8032,0.025,0.8577,0.9824,665,22.445,295.0711599244599,292.3689,587.2713,439.8201,0.0,0.8693,0.9824,665,22.445,294.21636140973703,292.7795,586.7982,439.7888,0.0417,0.7353,0.6747,665,22.445
294.14285485208507,292.7186,586.589,439.6538,0.0417,0.7982,0.6151,666,22.471666666666668,294.18288731244775,292.7414,586.7269,439.7341,0.0,0.8005,0.7126,666,22.471666666666668,295.13526779075255,292.264,587.184,439.724,0.025,0.8614,0.9441,666,22.471666666666668,295.08421800284555,292.3006,587.184,439.7423,0.0,0.8726,0.9441,666,22.471666666666668,294.14285485208507,292.7186,586.589,439.6538,0.0417,0.7982,0.6151,666,22.471666666666668
294.14416096281127,292.7,586.5738,439.6369,0.0417,0.8576,0.6346,667,22.528333333333336,294.19069643319614,292.7164,586.7101,439.7133,0.0,0.7723,0.7806,667,22.528333333333336,295.1291055465247,292.2375,587.1558,439.6966,0.025,0.8118,0.8939,667,22.528333333333336,295.0866772592743,292.267,587.1558,439.7114,0.0,0.8011,0.8939,667,22.528333333333336,294.14416096281127,292.7,586.5738,439.6369,0.0417,0.8576,0.6346,667,22.528333333333336
294.1902450328478,292.6664,586.6521,439.6592,0.0417,0.7769,0.7148,668,22.545,294.1761704093193,292.6851,586.6585,439.6718,0.0,0.9031,0.7677,668,22.545,295.04278500268026,292.2502,587.0833,439.6668,0.0167,0.8552,0.843,668,22.545,295.0539756137042,292.2302,587.0833,439.6568,0.0,0.8175,0.843,668,22.545,294.1902450328478,292.6664,586.6521,439.6592,0.0417,0.7769,0.7148,668,22.545
294.20025488126254,292.6406,586.6377,439.6392,0.0417,0.7381,0.7444,669,22.57166666666667,294.1841381694185,292.6617,586.6452,439.6535,0.0,0.8335,0.7658,669,22.57166666666667,295.1008973446686,292.1598,587.0526,439.6062,0.025,0.8135,0.8851,669,22.57166666666667,295.05359814288187,292.1952,587.0526,439.6239,0.0,0.8319,0.8851,669,22.57166666666667,294.20025488126254,292.6406,586.6377,439.6392,0.0417,0.7381,0.7444,669,22.57166666666667
294.26827883442456,292.5119,586.5457,439.5288,0.0333,0.7703,0.8568,670,22.616666666666667,294.2827023321362,292.5261,586.5961,439.5611,0.0,0.7904,0.8139,670,22.616666666666667,295.1547084323623,292.0718,587.0098,439.5408,0.0333,0.7281,0.9566,670,22.616666666666667,295.1691120132905,292.0477,587.0098,439.5288,0.0,0.6919,0.9566,670,22.616666666666667,294.26827883442456,292.5119,586.5457,439.5288,0.0333,0.7703,0.8568,670,22.616666666666667
294.23592915723884,292.5493,586.5385,439.5439,0.0333,0.8229,0.7752,671,22.645000000000003,294.26809130391064,292.5154,586.5673,439.5414,0.0,0.7867,0.8562,671,22.645000000000003,295.1999744920647,292.0053,586.9839,439.4946,0.025,0.7444,0.9526,671,22.645000000000003,295.1601465789569,292.0327,586.9839,439.5083,0.0,0.7533,0.9526,671,22.645000000000003,294.23592915723884,292.5493,586.5385,439.5439,0.0333,0.8229,0.7752,671,22.645000000000003
294.24074526269123,292.5479,586.542,439.5449,0.0333,0.8145,0.7808,672,22.671666666666667,294.2728652106139,292.514,586.5708,439.5424,0.0,0.7791,0.8584,672,22.671666666666667,295.1968214336623,292.0043,586.9814,439.4928,0.025,0.7295,0.9297,672,22.671666666666667,295.15718309921044,292.0315,586.9814,439.5065,0.0,0.7411,0.9297,672,22.671666666666667,294.24074526269123,292.5479,586.542,439.5449,0.0333,0.8145,0.7808,672,22.671666666666667
294.24322501643707,292.5371,586.5366,439.5369,0.0333,0.8217,0.7777,673,22.703333333333333,294.2755234058217,292.5032,586.5656,439.5344,0.0,0.767,0.8295,673,22.703333333333333,295.16179057592376,291.999,586.8893,439.4441,0.0333,0.7258,0.846,673,22.703333333333333,295.1581823544403,292.0262,586.9786,439.5024,0.0,0.7379,0.9145,673,22.703333333333333,294.24322501643707,292.5371,586.5366,439.5369,0.0333,0.8217,0.7777,673,22.703333333333333
294.2794686393928,292.4874,586.5188,439.5031,0.0417,0.8075,0.7631,674,22.736666666666668,294.25812904090344,292.5027,586.549,439.5258,0.0,0.7738,0.7902,674,22.736666666666668,295.0837880358506,292.0528,586.87,439.4614,0.025,0.7962,0.8473,674,22.736666666666668,295.13908188495736,292.0263,586.9613,439.4938,0.0,0.7477,0.9166,674,22.736666666666668,294.2794686393928,292.4874,586.5188,439.5031,0.0417,0.8075,0.7631,674,22.736666666666668
294.23855745185847,292.5126,586.5195,439.5161,0.0417,0.6436,0.9505,675,22.77166666666667,294.1140315080602,292.6422,586.5195,439.5808,0.0,0.7958,0.9505,675,22.77166666666667,294.9638894941876,292.0798,586.8409,439.4603,0.0167,0.8886,0.9844,675,22.77166666666667,294.97912478059027,292.0867,586.8409,439.4638,0.0,0.7583,0.9844,675,22.77166666666667,294.23855745185847,292.5126,586.5195,439.5161,0.0417,0.6436,0.9505,675,22.77166666666667
294.2398140602377,292.5109,586.5196,439.5153,0.0417,0.6296,0.949,676,22.805,294.11560905943304,292.6402,586.5196,439.5799,0.0,0.8187,0.949,676,22.805,294.962808604418,292.0818,586.8412,439.4615,0.0167,0.877,0.9845,676,22.805,294.97813100142344,292.0886,586.8412,439.4649,0.0,0.7597,0.9845,676,22.805,294.2398140602377,292.5109,586.5196,439.5153,0.0417,0.6296,0.949,676,22.805
294.2341281064296,292.5139,586.517,439.5155,0.0417,0.6506,0.9047,677,22.838333333333335,294.10979425821233,292.6432,586.517,439.5801,0.0,0.7977,0.9047,677,22.838333333333335,294.8833270676506,292.1511,586.8424,439.4967,0.0333,0.8264,1.0064,677,22.838333333333335,294.97731572919304,292.0912,586.8424,439.4668,0.0,0.745,1.0064,677,22.838333333333335,294.2341281064296,292.5139,586.517,439.5155,0.0417,0.6506,0.9047,677,22.838333333333335
294.23814337474016,292.513,586.5212,439.5171,0.0417,0.638,0.9195,678,22.871666666666673,294.1144429405605,292.6419,586.5212,439.5815,0.0,0.8036,0.9195,678,22.871666666666673,294.96148489538757,292.0802,586.8408,439.4605,0.0167,0.8767,1.0267,678,22.871666666666673,294.97674478200463,292.0871,586.8408,439.4639,0.0,0.7578,1.0267,678,22.871666666666673,294.23814337474016,292.513,586.5212,439.5171,0.0417,0.638,0.9195,678,22.871666666666673
294.2779265288259,292.5137,586.5778,439.5457,0.0417,0.63,0.9128,679,22.905,294.15372139245716,292.6429,586.5778,439.6104,0.0,0.7792,0.9128,679,22.905,295.0159564107263,292.0831,586.9207,439.5019,0.0167,0.8776,0.9913,679,22.905,295.03132622990586,292.0899,586.9207,439.5053,0.0,0.7598,0.9913,679,22.905,294.2779265288259,292.5137,586.5778,439.5457,0.0417,0.63,0.9128,679,22.905
294.323636013445,292.6366,586.7281,439.6823,0.0667,0.7344,0.6669,680,22.938333333333336,294.1938604199602,292.8343,586.8395,439.8369,0.0,0.8706,0.7043,680,22.938333333333336,295.0912465895303,292.2402,587.134,439.6871,0.0417,0.7962,0.9151,680,22.938333333333336,295.028011455316,292.3515,587.2084,439.7799,0.0,0.8476,0.9045,680,22.938333333333336,294.323636013445,292.6366,586.7281,439.6823,0.0667,0.7344,0.6669,680,22.938333333333336
294.1342178978007,292.8206,586.705,439.7628,0.075,0.7337,0.5991,681,22.971666666666668,294.07618528281284,292.9102,586.7928,439.8515,0.0,0.8643,0.6738,681,22.971666666666668,295.0424240326719,292.2483,587.0808,439.6645,0.0417,0.8333,0.9418,681,22.971666666666668,294.97832224788164,292.3602,587.1573,439.7587,0.0,0.9005,0.9575,681,22.971666666666668,294.1342178978007,292.8206,586.705,439.7628,0.075,0.7337,0.5991,681,22.971666666666668
293.9852138234569,292.7757,586.4965,439.6361,0.0417,0.8034,0.5879,682,23.011666666666667,294.0372949946483,292.8131,586.6242,439.7186,0.0,0.8705,0.7798,682,23.011666666666667,294.93051727755494,292.3267,587.1166,439.7216,0.0583,0.7656,0.8027,682,23.011666666666667,294.96662850974144,292.2656,587.0203,439.643,0.0,0.8364,0.8598,682,23.011666666666667,293.9852138234569,292.7757,586.4965,439.6361,0.0417,0.8034,0.5879,682,23.011666666666667
294.2848715556951,292.5281,586.5848,439.5565,0.05,0.7259,0.7299,683,23.038333333333334,294.09393267131793,292.72,586.5848,439.6524,0.0,0.851,0.7299,683,23.038333333333334,295.055883917016,292.1194,586.9762,439.5478,0.0417,0.8127,0.7843,683,23.038333333333334,295.0169586101049,292.1724,586.9762,439.5743,0.0,0.9616,0.7843,683,23.038333333333334,294.2848715556951,292.5281,586.5848,439.5565,0.05,0.7259,0.7299,683,23.038333333333334
294.248225887331,292.5477,586.5781,439.5629,0.0417,0.7304,0.7334,684,23.07166666666667,294.10939685226595,292.6935,586.5781,439.6358,0.0,0.8904,0.7334,684,23.07166666666667,295.07098779819694,292.0901,586.9672,439.5287,0.025,0.8597,0.7848,684,23.07166666666667,295.0247862939876,292.1523,586.9672,439.5598,0.0,0.9578,0.7848,684,23.07166666666667,294.248225887331,292.5477,586.5781,439.5629,0.0417,0.7304,0.7334,684,23.07166666666667
294.3271898180709,292.5154,586.614,439.5647,0.0417,0.6767,0.8005,685,23.105,294.3028858691939,292.5218,586.614,439.5679,0.0,0.6197,0.8005,685,23.105,294.9344795968296,292.1952,586.9533,439.5743,0.0333,0.7987,0.8431,685,23.105,295.0700385790393,292.0724,586.9533,439.5129,0.0,0.822,0.8431,685,23.105,294.3271898180709,292.5154,586.614,439.5647,0.0417,0.6767,0.8005,685,23.105
294.2792148029291,292.563,586.6169,439.59,0.0333,0.6659,0.8074,686,23.136666666666667,294.2088162360915,292.6125,586.6169,439.6147,0.0,0.6987,0.8074,686,23.136666666666667,294.92909886556123,292.1986,586.9507,439.5746,0.0333,0.7772,0.8147,686,23.136666666666667,295.0637090927512,292.0767,586.9507,439.5137,0.0,0.8163,0.8147,686,23.136666666666667,294.2792148029291,292.563,586.6169,439.59,0.0333,0.6659,0.8074,686,23.136666666666667
294.27969394698545,292.5614,586.616,439.5887,0.0333,0.6587,0.8072,687,23.17,294.2090413021341,292.6111,586.616,439.6135,0.0,0.7057,0.8072,687,23.17,294.9290101271427,292.1984,586.9505,439.5745,0.0333,0.7772,0.814,687,23.17,295.063611750943,292.0765,586.9505,439.5135,0.0,0.8163,0.814,687,23.17,294.27969394698545,292.5614,586.616,439.5887,0.0333,0.6587,0.8072,687,23.17
294.28072881786807,292.5625,586.618,439.5903,0.0333,0.6634,0.8118,688,23.205000000000005,294.2103434205153,292.612,586.618,439.615,0.0,0.6998,0.8118,688,23.205000000000005,294.9291189758344,292.1984,586.9506,439.5745,0.0333,0.7772,0.8139,688,23.205000000000005,295.0638388547231,292.0764,586.9506,439.5135,0.0,0.8165,0.8139,688,23.205000000000005,294.28072881786807,292.5625,586.618,439.5903,0.0333,0.6634,0.8118,688,23.205000000000005
294.22469335623725,292.6194,586.6165,439.6179,0.0417,0.6696,0.8072,689,23.238333333333333,294.2085449643456,292.6122,586.6165,439.6143,0.0,0.6924,0.8072,689,23.238333333333333,294.92775062252974,292.1983,586.949,439.5736,0.0333,0.7774,0.8086,689,23.238333333333333,295.06290812165327,292.0758,586.949,439.5124,0.0,0.8064,0.8086,689,23.238333333333333,294.22469335623725,292.6194,586.6165,439.6179,0.0417,0.6696,0.8072,689,23.238333333333333
294.2238841932807,292.6189,586.6139,439.6164,0.0417,0.6776,0.8093,690,23.27166666666667,294.20802151500214,292.6114,586.6139,439.6127,0.0,0.7406,0.8093,690,23.27166666666667,294.92331629070975,292.1982,586.9443,439.5712,0.0333,0.7748,0.7963,690,23.27166666666667,295.0580722367703,292.0762,586.9443,439.5102,0.0,0.809,0.7963,690,23.27166666666667,294.2238841932807,292.6189,586.6139,439.6164,0.0417,0.6776,0.8093,690,23.27166666666667
294.2156852430909,292.62,586.6088,439.6144,0.0417,0.673,0.8075,691,23.305000000000003,294.19955272768266,292.6129,586.6088,439.6108,0.0,0.7083,0.8075,691,23.305000000000003,295.0931346725634,292.0581,586.9458,439.5019,0.0417,0.7124,0.7952,691,23.305000000000003,295.05942312092094,292.0767,586.9458,439.5113,0.0,0.792,0.7952,691,23.305000000000003,294.2156852430909,292.62,586.6088,439.6144,0.0417,0.673,0.8075,691,23.305000000000003
294.21736372328746,292.6213,586.6106,439.6159,0.0417,0.6743,0.8025,692,23.338333333333335,294.2018316412423,292.6135,586.6106,439.6121,0.0,0.7375,0.8025,692,23.338333333333335,294.9248958770783,292.1999,586.9466,439.5732,0.0333,0.7722,0.7923,692,23.338333333333335,295.05974509745516,292.0778,586.9466,439.5122,0.0,0.8054,0.7923,692,23.338333333333335,294.21736372328746,292.6213,586.6106,439.6159,0.0417,0.6743,0.8025,692,23.338333333333335
294.219086842314,292.6189,586.6104,439.6147,0.0417,0.6734,0.8153,693,23.371666666666673,294.2029648524433,292.6117,586.6104,439.6111,0.0,0.7082,0.8153,693,23.371666666666673,294.928902551169,292.1991,586.9491,439.5741,0.0333,0.7735,0.7967,693,23.371666666666673,295.06356389999416,292.0771,586.9491,439.5131,0.0,0.8333,0.7967,693,23.371666666666673,294.219086842314,292.6189,586.6104,439.6147,0.0417,0.6734,0.8153,693,23.371666666666673
294.28521985508996,292.551,586.6141,439.5825,0.0333,0.6703,0.8388,694,23.405,294.3107716678172,292.5131,586.6141,439.5636,0.0,0.7014,0.8388,694,23.405,295.0887768818109,292.0573,586.9428,439.5001,0.0417,0.7237,0.78,694,23.405,295.0564870731444,292.0748,586.9428,439.5088,0.0,0.818,0.78,694,23.405,294.28521985508996,292.551,586.6141,439.5825,0.0333,0.6703,0.8388,694,23.405
294.28068389139264,292.5098,586.5842,439.547,0.025,0.8244,0.929,695,23.44,294.24920641073163,292.5566,586.5842,439.5704,0.0,0.8948,0.929,695,23.44,295.16618202849276,291.9827,586.9849,439.4838,0.0417,0.7725,0.9348,695,23.44,295.04127022366384,292.0942,586.9391,439.5166,0.0,0.8521,0.8013,695,23.44,294.28068389139264,292.5098,586.5842,439.547,0.025,0.8244,0.929,695,23.44
294.23767428991755,292.7403,586.7981,439.7692,0.0333,0.8138,0.8415,696,23.471666666666668,294.1443647508695,292.8425,586.7981,439.8203,0.0,0.8497,0.8415,696,23.471666666666668,295.07575622812,292.2818,587.1833,439.7326,0.0333,0.7961,0.9455,696,23.471666666666668,294.9711178055974,292.3947,587.1833,439.789,0.0,0.8817,0.9455,696,23.471666666666668,294.23767428991755,292.7403,586.7981,439.7692,0.0333,0.8138,0.8415,696,23.471666666666668
294.22685432881116,292.7388,586.7833,439.761,0.0333,0.8163,0.847,697,23.511666666666667,294.1398152532921,292.8352,586.7833,439.8093,0.0,0.861,0.847,697,23.511666666666667,294.9903726100764,292.3551,587.1787,439.7669,0.025,0.8559,0.9431,697,23.511666666666667,294.94803416835487,292.4108,587.1787,439.7947,0.0,0.8973,0.9431,697,23.511666666666667,294.22685432881116,292.7388,586.7833,439.761,0.0333,0.8163,0.847,697,23.511666666666667
294.2600240682898,292.5903,586.6402,439.6153,0.0333,0.8559,0.7531,698,23.540000000000003,294.1794835073679,292.6799,586.6402,439.66,0.0,0.8726,0.7531,698,23.540000000000003,295.06612356889303,292.1689,587.0313,439.6001,0.025,0.8818,0.7835,698,23.540000000000003,295.02788500991437,292.2206,587.0313,439.626,0.0,0.8947,0.7835,698,23.540000000000003,294.2600240682898,292.5903,586.6402,439.6153,0.0333,0.8559,0.7531,698,23.540000000000003
294.2528263718689,292.5272,586.5309,439.529,0.0417,0.8125,0.7563,699,23.57166666666667,294.2020598968875,292.6164,586.5996,439.608,0.0,0.9406,0.7422,699,23.57166666666667,295.13368149146834,292.0487,586.9768,439.5127,0.0417,0.7167,0.8015,699,23.57166666666667,294.98803838589095,292.1994,586.9768,439.5881,0.0,0.8255,0.8015,699,23.57166666666667,294.2528263718689,292.5272,586.5309,439.529,0.0417,0.8125,0.7563,699,23.57166666666667
294.2983170359849,292.4882,586.5812,439.5347,0.0333,0.7836,0.8452,700,23.605,294.2163041512522,292.5804,586.5812,439.5808,0.0,0.907,0.8452,700,23.605,294.932214818719,292.1981,586.9602,439.5791,0.0417,0.7992,0.8611,700,23.605,295.0064047201688,292.1627,586.9602,439.5614,0.0,0.829,0.8611,700,23.605,294.2983170359849,292.4882,586.5812,439.5347,0.0333,0.7836,0.8452,700,23.605
294.29925484651926,292.4793,586.5729,439.5261,0.0333,0.7688,0.8343,701,23.645000000000003,294.2148828350197,292.574,586.5729,439.5734,0.0,0.9054,0.8343,701,23.645000000000003,295.0983879860221,292.0544,586.9529,439.5036,0.05,0.6768,0.8549,701,23.645000000000003,295.00680593799575,292.1542,586.9529,439.5535,0.0,0.8288,0.8549,701,23.645000000000003,294.29925484651926,292.4793,586.5729,439.5261,0.0333,0.7688,0.8343,701,23.645000000000003
294.298047557327,292.4791,586.5717,439.5254,0.0333,0.7834,0.8327,702,23.678333333333335,294.2136654115081,292.5737,586.5717,439.5727,0.0,0.9117,0.8327,702,23.678333333333335,295.0519496947568,292.0905,586.9527,439.5216,0.025,0.8039,0.8249,702,23.678333333333335,295.00992443794644,292.1484,586.9527,439.5506,0.0,0.9121,0.8249,702,23.678333333333335,294.298047557327,292.4791,586.5717,439.5254,0.0333,0.7834,0.8327,702,23.678333333333335
294.2943631829862,292.4811,586.571,439.526,0.0333,0.7709,0.8167,703,23.705000000000005,294.2099456346423,292.5758,586.571,439.5734,0.0,0.9201,0.8167,703,23.705000000000005,295.0503142849186,292.0902,586.9511,439.5207,0.025,0.7946,0.8486,703,23.705000000000005,295.0082295071313,292.1481,586.9511,439.5496,0.0,0.9121,0.8486,703,23.705000000000005,294.2943631829862,292.4811,586.571,439.526,0.0333,0.7709,0.8167,703,23.705000000000005
294.2991751331257,292.479,586.573,439.526,0.0333,0.7676,0.8207,704,23.746666666666673,294.2147851505033,292.5737,586.573,439.5734,0.0,0.9127,0.8207,704,23.746666666666673,295.0501943250009,292.0898,586.9509,439.5204,0.025,0.7949,0.8351,704,23.746666666666673,295.00801248000727,292.1478,586.9509,439.5493,0.0,0.9122,0.8351,704,23.746666666666673,294.2991751331257,292.479,586.573,439.526,0.0333,0.7676,0.8207,704,23.746666666666673
294.31519140906835,292.4668,586.564,439.5154,0.025,0.7107,0.843,705,23.778333333333336,294.2842447656334,292.482,586.564,439.523,0.0,0.7878,0.843,705,23.778333333333336,295.13848485647105,291.9864,586.9146,439.4505,0.025,0.6837,0.8643,705,23.778333333333336,295.09274131809923,292.017,586.9146,439.4658,0.0,0.728,0.8643,705,23.778333333333336,294.31519140906835,292.4668,586.564,439.5154,0.025,0.7107,0.843,705,23.778333333333336
294.3168153749094,292.4682,586.5657,439.517,0.025,0.7348,0.8596,706,23.803333333333335,294.28661929764485,292.4826,586.5657,439.5242,0.0,0.8205,0.8596,706,23.803333333333335,295.1389047522802,291.9859,586.9145,439.4502,0.025,0.6769,0.8648,706,23.803333333333335,295.0933811671664,292.0162,586.9145,439.4654,0.0,0.7308,0.8648,706,23.803333333333335,294.3168153749094,292.4682,586.5657,439.517,0.025,0.7348,0.8596,706,23.803333333333335
294.3112691176978,292.4773,586.5635,439.5204,0.0417,0.6559,0.835,707,23.848333333333336,294.280936336399,292.4842,586.5635,439.5238,0.0,0.778,0.835,707,23.848333333333336,295.14102001388926,291.9876,586.918,439.4528,0.025,0.6884,0.864,707,23.848333333333336,295.0957979436558,292.0179,586.918,439.468,0.0,0.7399,0.864,707,23.848333333333336,294.3112691176978,292.4773,586.5635,439.5204,0.0417,0.6559,0.835,707,23.848333333333336
294.31173664870204,292.4786,586.5648,439.5217,0.0417,0.6677,0.8367,708,23.878333333333334,294.28181928916405,292.485,586.5648,439.5249,0.0,0.7819,0.8367,708,23.878333333333334,295.13830508765716,291.988,586.9165,439.4522,0.025,0.6855,0.8508,708,23.878333333333334,295.09348522828225,292.018,586.9165,439.4672,0.0,0.7387,0.8508,708,23.878333333333334,294.31173664870204,292.4786,586.5648,439.5217,0.0417,0.6677,0.8367,708,23.878333333333334
294.3050023845774,292.4781,586.5582,439.5182,0.0417,0.6657,0.8369,709,23.903333333333336,294.27494046604886,292.4847,586.5582,439.5215,0.0,0.7839,0.8369,709,23.903333333333336,295.1353946939329,291.9872,586.9135,439.4503,0.025,0.6831,0.8509,709,23.903333333333336,295.0905270563735,292.0173,586.9135,439.4654,0.0,0.7375,0.8509,709,23.903333333333336,294.3050023845774,292.4781,586.5582,439.5182,0.0417,0.6657,0.8369,709,23.903333333333336
294.299627046283,292.4732,586.555,439.5141,0.025,0.7293,0.8518,710,23.950000000000003,294.2694244382452,292.4877,586.555,439.5213,0.0,0.7917,0.8518,710,23.950000000000003,295.1305341791565,291.9911,586.9125,439.4518,0.025,0.6888,0.8447,710,23.950000000000003,295.08604319115227,292.021,586.9125,439.4667,0.0,0.7165,0.8447,710,23.950000000000003,294.299627046283,292.4732,586.555,439.5141,0.025,0.7293,0.8518,710,23.950000000000003
294.30334772602396,292.4697,586.5558,439.5127,0.025,0.7321,0.8441,711,23.978333333333335,294.2728168836293,292.4845,586.5558,439.5201,0.0,0.7945,0.8441,711,23.978333333333335,295.1338369824031,291.9886,586.913,439.4508,0.025,0.6865,0.8468,711,23.978333333333335,295.0890569356462,292.0185,586.913,439.4658,0.0,0.7327,0.8468,711,23.978333333333335,294.30334772602396,292.4697,586.5558,439.5127,0.025,0.7321,0.8441,711,23.978333333333335
294.1922120114943,292.7767,586.7842,439.7805,0.05,0.7088,0.74,712,24.011666666666667,294.3047121200274,292.6456,586.7842,439.7149,0.0,0.7911,0.74,712,24.011666666666667,295.1869993862238,292.1534,587.1699,439.6617,0.025,0.7676,0.8275,712,24.011666666666667,295.14064509023444,292.185,587.1699,439.6775,0.0,0.8095,0.8275,712,24.011666666666667,294.1922120114943,292.7767,586.7842,439.7805,0.05,0.7088,0.74,712,24.011666666666667
294.20309597284825,292.7811,586.8049,439.793,0.025,0.7825,0.7223,713,24.05,294.17025004195784,292.7998,586.8049,439.8024,0.0,0.8341,0.7223,713,24.05,294.973745605776,292.3859,587.2028,439.7944,0.0167,0.9087,0.8106,713,24.05,294.99104795808006,292.3585,587.2028,439.7807,0.0,0.9179,0.8106,713,24.05,294.20309597284825,292.7811,586.8049,439.793,0.025,0.7825,0.7223,713,24.05
294.2141165098906,292.6983,586.7066,439.7025,0.025,0.7885,0.7069,714,24.078333333333333,294.180081116412,292.7163,586.7066,439.7115,0.0,0.7913,0.7069,714,24.078333333333333,295.08838867445183,292.2089,587.1088,439.6588,0.025,0.818,0.7702,714,24.078333333333333,295.04276411557606,292.2399,587.1088,439.6744,0.0,0.7837,0.7702,714,24.078333333333333,294.2141165098906,292.6983,586.7066,439.7025,0.025,0.7885,0.7069,714,24.078333333333333
294.2816065508383,292.5579,586.6391,439.5985,0.0417,0.6658,0.9166,715,24.10666666666667,294.2915483340038,292.5145,586.5975,439.556,0.0,0.7079,0.8125,715,24.10666666666667,295.3642738196287,291.8542,586.9732,439.4137,0.0583,0.5978,0.9115,715,24.10666666666667,295.12204266583024,292.0641,586.9732,439.5187,0.0,0.6176,0.9115,715,24.10666666666667,294.2816065508383,292.5579,586.6391,439.5985,0.0417,0.6658,0.9166,715,24.10666666666667
294.35943135319553,292.4805,586.6387,439.5596,0.0333,0.8135,0.9216,716,24.138333333333335,294.3093547062374,292.4933,586.5975,439.5454,0.0,0.7139,0.811,716,24.138333333333335,295.06210560571424,292.1548,586.9744,439.5646,0.0583,0.5359,0.8857,716,24.138333333333335,295.18799886492764,292.0042,586.9744,439.4893,0.0,0.6628,0.8857,716,24.138333333333335,294.35943135319553,292.4805,586.6387,439.5596,0.0333,0.8135,0.9216,716,24.138333333333335
294.36304853514474,292.4734,586.6352,439.5543,0.0333,0.8242,0.8691,717,24.171666666666667,294.31270578028904,292.4864,586.5942,439.5403,0.0,0.7227,0.8109,717,24.171666666666667,295.1414665505025,292.0601,586.9686,439.5143,0.0417,0.6052,0.9035,717,24.171666666666667,295.18990457128666,291.9959,586.9686,439.4822,0.0,0.7373,0.9035,717,24.171666666666667,294.36304853514474,292.4734,586.6352,439.5543,0.0333,0.8242,0.8691,717,24.171666666666667
294.34016313760344,292.4727,586.5926,439.5326,0.025,0.8234,0.8393,718,24.205000000000005,294.31158129818874,292.4853,586.5926,439.5389,0.0,0.7558,0.8393,718,24.205000000000005,295.12841046184724,292.0661,586.9621,439.5141,0.0417,0.5962,0.8912,718,24.205000000000005,295.1781244595526,292.0006,586.9621,439.4813,0.0,0.732,0.8912,718,24.205000000000005,294.34016313760344,292.4727,586.5926,439.5326,0.025,0.8234,0.8393,718,24.205000000000005
294.2765917137983,292.5263,586.588,439.5571,0.0167,0.7826,0.8397,719,24.236666666666668,294.3040007702448,292.4881,586.588,439.538,0.0,0.7123,0.8397,719,24.236666666666668,295.1851556385066,292.0098,586.965,439.4874,0.0333,0.5716,0.8932,719,24.236666666666668,295.1906888586213,291.9911,586.965,439.4781,0.0,0.6964,0.8932,719,24.236666666666668,294.2765917137983,292.5263,586.588,439.5571,0.0167,0.7826,0.8397,719,24.236666666666668
294.2785582806108,292.5255,586.5888,439.5572,0.0167,0.7939,0.8463,720,24.27166666666667,294.3059086241949,292.4873,586.5888,439.5381,0.0,0.7164,0.8463,720,24.27166666666667,295.2431095116633,291.9589,586.968,439.4635,0.025,0.5853,0.8735,720,24.27166666666667,295.1955431115317,291.9908,586.968,439.4794,0.0,0.701,0.8735,720,24.27166666666667,294.2785582806108,292.5255,586.5888,439.5572,0.0167,0.7939,0.8463,720,24.27166666666667
294.2685432766543,292.537,586.589,439.563,0.0333,0.7484,0.8407,721,24.303333333333335,294.2975633497434,292.4958,586.589,439.5424,0.0,0.7084,0.8407,721,24.303333333333335,295.2034923622209,292.0073,586.9701,439.4887,0.0333,0.508,0.8748,721,24.303333333333335,295.1867735813819,292.0028,586.9701,439.4865,0.0,0.7036,0.8748,721,24.303333333333335,294.2685432766543,292.537,586.589,439.563,0.0333,0.7484,0.8407,721,24.303333333333335
294.33089161510105,292.4809,586.5915,439.5362,0.025,0.8094,0.8449,722,24.338333333333335,294.301969753708,292.4939,586.5915,439.5427,0.0,0.705,0.8449,722,24.338333333333335,295.18342542313405,292.0213,586.9716,439.4965,0.0333,0.5558,0.8804,722,24.338333333333335,295.1878920482138,292.0037,586.9716,439.4876,0.0,0.6978,0.8804,722,24.338333333333335,294.33089161510105,292.4809,586.5915,439.5362,0.025,0.8094,0.8449,722,24.338333333333335
294.2795056989537,292.5418,586.6029,439.5724,0.0167,0.8257,0.8661,723,24.371666666666673,294.30735192372686,292.5032,586.6029,439.553,0.0,0.7261,0.8661,723,24.371666666666673,295.1974582807392,292.0232,586.9835,439.5033,0.0333,0.6131,0.8932,723,24.371666666666673,295.2020140103101,292.0054,586.9835,439.4944,0.0,0.6741,0.8932,723,24.371666666666673,294.2795056989537,292.5418,586.6029,439.5724,0.0167,0.8257,0.8661,723,24.371666666666673
294.2764935012186,292.5436,586.6018,439.5727,0.0167,0.8199,0.8645,724,24.405,294.306436046023,292.5027,586.6018,439.5523,0.0,0.739,0.8645,724,24.405,295.15579533829134,292.0684,586.984,439.5262,0.0417,0.5509,0.8948,724,24.405,295.20489857605247,292.0033,586.984,439.4936,0.0,0.6767,0.8948,724,24.405,294.2764935012186,292.5436,586.6018,439.5727,0.0167,0.8199,0.8645,724,24.405
294.3259966641959,292.4187,586.5639,439.4913,0.05,0.8003,0.8084,725,24.44,294.1695017610318,292.5198,586.4575,439.4886,0.0,0.9361,0.7861,725,24.44,295.12146166288096,291.9749,586.8726,439.4238,0.0333,0.7715,0.8536,725,24.44,295.0202714064481,292.0881,586.8726,439.4804,0.0,0.7593,0.8536,725,24.44,294.3259966641959,292.4187,586.5639,439.4913,0.05,0.8003,0.8084,725,24.44
294.26678119057823,292.4692,586.5613,439.5152,0.0417,0.8428,0.8122,726,24.471666666666668,294.1647773397717,292.5209,586.4549,439.4879,0.0,0.9241,0.7845,726,24.471666666666668,295.11443451744924,291.9768,586.8688,439.4228,0.0333,0.7866,0.8834,726,24.471666666666668,295.0133779775864,292.0899,586.8688,439.4794,0.0,0.7598,0.8834,726,24.471666666666668,294.26678119057823,292.4692,586.5613,439.5152,0.0417,0.8428,0.8122,726,24.471666666666668
294.23972329593033,292.4698,586.5137,439.4917,0.0333,0.8358,0.7794,727,24.511666666666667,294.1645858583486,292.5206,586.4531,439.4869,0.0,0.9491,0.7674,727,24.511666666666667,295.1141312067446,291.9761,586.8665,439.4213,0.0333,0.7955,0.8689,727,24.511666666666667,295.01434445906295,292.0881,586.8665,439.4773,0.0,0.759,0.8689,727,24.511666666666667,294.23972329593033,292.4698,586.5137,439.4917,0.0333,0.8358,0.7794,727,24.511666666666667
294.2365339957631,292.4723,586.5128,439.4926,0.0333,0.7993,0.7858,728,24.538333333333334,294.161509693569,292.5231,586.4522,439.4877,0.0,0.9343,0.7758,728,24.538333333333334,295.112006233946,291.9805,586.8671,439.4238,0.0333,0.7688,0.8713,728,24.538333333333334,295.01244409335123,292.0923,586.8671,439.4797,0.0,0.756,0.8713,728,24.538333333333334,294.2365339957631,292.4723,586.5128,439.4926,0.0333,0.7993,0.7858,728,24.538333333333334
294.20969068314685,292.6124,586.6084,439.6104,0.05,0.8253,0.6873,729,24.57166666666667,294.18486292320347,292.7201,586.7226,439.7213,0.0,0.9349,0.6731,729,24.57166666666667,295.1372344052037,292.153,587.1405,439.6468,0.0417,0.8232,0.8221,729,24.57166666666667,295.0079329930928,292.2698,587.0945,439.6822,0.0,0.8706,0.8211,729,24.57166666666667,294.20969068314685,292.6124,586.6084,439.6104,0.05,0.8253,0.6873,729,24.57166666666667
294.2900978616077,292.5932,586.6713,439.6323,0.05,0.7367,0.7333,730,24.603333333333335,294.17577679464375,292.7435,586.7385,439.741,0.0,0.905,0.6429,730,24.603333333333335,295.1301826851429,292.1756,587.157,439.6663,0.0417,0.8546,0.8008,730,24.603333333333335,295.00230935480243,292.2909,587.1106,439.7007,0.0,0.8887,0.8186,730,24.603333333333335,294.2900978616077,292.5932,586.6713,439.6323,0.05,0.7367,0.7333,730,24.603333333333335
294.1271540259146,292.6073,586.4947,439.551,0.05,0.8498,0.7234,731,24.636666666666667,294.11505261462935,292.7062,586.62,439.6631,0.0,0.9596,0.7122,731,24.636666666666667,295.09263690919227,292.1442,587.0499,439.597,0.0333,0.8106,0.8,731,24.636666666666667,294.99542544484467,292.2535,587.0499,439.6517,0.0,0.876,0.8,731,24.636666666666667,294.1271540259146,292.6073,586.4947,439.551,0.05,0.8498,0.7234,731,24.636666666666667
294.3812610283945,292.3979,586.6061,439.502,0.0583,0.7082,0.8274,732,24.671666666666667,294.2053153028796,292.5364,586.5234,439.5299,0.0,0.8393,0.7183,732,24.671666666666667,295.1199365721825,291.9831,586.9001,439.4416,0.0333,0.7988,0.8313,732,24.671666666666667,295.0266510746812,292.088,586.9001,439.4941,0.0,0.798,0.8313,732,24.671666666666667,294.3812610283945,292.3979,586.6061,439.502,0.0583,0.7082,0.8274,732,24.671666666666667
294.3645608463737,292.3941,586.5672,439.4807,0.05,0.7083,0.7484,733,24.705000000000005,294.20880269561957,292.5332,586.5251,439.5292,0.0,0.8967,0.711,733,24.705000000000005,295.1207480143503,291.9775,586.8973,439.4374,0.0333,0.8261,0.8531,733,24.705000000000005,295.02651930465333,292.0828,586.8973,439.49,0.0,0.8263,0.8531,733,24.705000000000005,294.3645608463737,292.3941,586.5672,439.4807,0.05,0.7083,0.7484,733,24.705000000000005
294.27085157192346,292.4863,586.5971,439.5417,0.0417,0.7519,0.7503,734,24.738333333333333,294.19857683223427,292.5311,586.5137,439.5224,0.0,0.8974,0.6918,734,24.738333333333333,295.11964464501153,291.9754,586.8938,439.4346,0.0333,0.8282,0.8552,734,24.738333333333333,295.02518169817506,292.0808,586.8938,439.4873,0.0,0.8235,0.8552,734,24.738333333333333,294.27085157192346,292.4863,586.5971,439.5417,0.0417,0.7519,0.7503,734,24.738333333333333
294.14754351570963,292.5584,586.5063,439.5324,0.025,0.7396,0.79,735,24.77166666666667,294.13896987988056,292.5159,586.4463,439.4811,0.0,0.8164,0.794,735,24.77166666666667,295.0809235104147,291.9941,586.8479,439.421,0.0417,0.7307,0.898,735,24.77166666666667,295.0425419554385,292.0146,586.8479,439.4313,0.0,0.7635,0.898,735,24.77166666666667,294.14754351570963,292.5584,586.5063,439.5324,0.025,0.7396,0.79,735,24.77166666666667
294.30427444102725,292.4691,586.6078,439.5385,0.0583,0.7046,0.7122,736,24.805000000000003,294.1392496028245,292.519,586.4486,439.4838,0.0,0.819,0.795,736,24.805000000000003,295.1305881886607,291.9964,586.921,439.4587,0.05,0.7355,0.7942,736,24.805000000000003,295.0442626985985,292.0171,586.8505,439.4338,0.0,0.8111,0.8612,736,24.805000000000003,294.30427444102725,292.4691,586.6078,439.5385,0.0583,0.7046,0.7122,736,24.805000000000003
294.30605118650055,292.4705,586.6107,439.5406,0.0583,0.7632,0.7168,737,24.838333333333335,294.14177996844245,292.5199,586.4518,439.4858,0.0,0.823,0.7975,737,24.838333333333335,295.1291239774223,291.9941,586.9197,439.4569,0.0333,0.7287,0.7938,737,24.838333333333335,295.04185692592034,292.0174,586.8492,439.4333,0.0,0.846,0.8605,737,24.838333333333335,294.30605118650055,292.4705,586.6107,439.5406,0.0583,0.7632,0.7168,737,24.838333333333335
294.4777891925574,292.4705,586.7516,439.611,0.0333,0.7492,0.6311,738,24.871666666666673,294.40603530750946,292.5213,586.7516,439.6365,0.0,0.8233,0.6311,738,24.871666666666673,295.3800521380324,291.9975,587.1515,439.5745,0.05,0.7862,0.8145,738,24.871666666666673,295.37381377211364,292.0197,587.2243,439.622,0.0,0.846,0.8917,738,24.871666666666673,294.4777891925574,292.4705,586.7516,439.611,0.0333,0.7492,0.6311,738,24.871666666666673
294.3765308262065,298.0389,592.4154,445.2272,0.025,0.841,0.8776,739,24.905,294.4450531987753,298.0332,592.4765,445.2549,0.0,0.8903,0.8918,739,24.905,298.8304061507266,294.5766,593.4,443.9883,0.0667,1.3899,0.8762,739,24.905,298.2296716764738,295.1303,593.3552,444.2427,0.0,2.163,1.0892,739,24.905,294.3765308262065,298.0389,592.4154,445.2272,0.025,0.841,0.8776,739,24.905
293.52688239079896,299.9258,593.4257,446.6757,0.025,1.0332,0.9118,740,24.936666666666667,293.5537297994025,299.9258,593.4603,446.693,0.0,1.0332,0.9551,740,24.936666666666667,294.8005779300771,299.2308,593.9916,446.6112,0.0417,0.739,1.2005,740,24.936666666666667,294.71542949894916,299.3224,593.9916,446.657,0.0,0.952,1.2005,740,24.936666666666667,293.52688239079896,299.9258,593.4257,446.6757,0.025,1.0332,0.9118,740,24.936666666666667
292.73742310538023,298.7884,591.5208,445.1546,0.0167,0.8973,0.8462,741,24.973333333333336,292.8607635774273,298.7255,591.5832,445.1544,0.0,0.9689,0.8827,741,24.973333333333336,294.5296341347563,297.8859,592.3991,445.1425,0.0333,0.9018,1.0795,741,24.973333333333336,294.5272560516131,297.9032,592.4218,445.1625,0.0,0.9474,0.9477,741,24.973333333333336,292.73742310538023,298.7884,591.5208,445.1546,0.0167,0.8973,0.8462,741,24.973333333333336
293.16051501152765,296.0039,589.0938,442.5488,0.075,0.6425,0.7209,742,25.003333333333334,293.0951417714083,296.0876,589.1449,442.6162,0.0,0.8452,0.7366,742,25.003333333333334,294.7327437902899,295.1602,589.8699,442.5151,0.0417,0.779,0.9145,742,25.003333333333334,294.679824165922,295.2115,589.8699,442.5407,0.0,0.8074,0.9145,742,25.003333333333334,293.16051501152765,296.0039,589.0938,442.5488,0.075,0.6425,0.7209,742,25.003333333333334
293.6825976102548,294.0654,587.6268,440.8461,0.075,0.724,0.7633,743,25.038333333333334,293.5870598948828,294.1806,587.6671,440.9238,0.0,0.7569,0.7837,743,25.038333333333334,294.82218059875606,293.4139,588.153,440.7834,0.0417,0.6936,0.935,743,25.038333333333334,294.7738496508188,293.4559,588.153,440.8044,0.0,0.7625,0.935,743,25.038333333333334,293.6825976102548,294.0654,587.6268,440.8461,0.075,0.724,0.7633,743,25.038333333333334
294.11526740446527,293.094,587.032,440.063,0.0667,0.733,0.8127,744,25.078333333333337,293.9391494771246,293.218,586.9888,440.1034,0.0,0.7375,0.8465,744,25.078333333333337,294.9306398723709,292.6169,587.3479,439.9824,0.05,0.6887,0.9437,744,25.078333333333337,294.9182197139562,292.6517,587.4271,440.0394,0.0,0.738,0.9091,744,25.078333333333337,294.11526740446527,293.094,587.032,440.063,0.0667,0.733,0.8127,744,25.078333333333337
294.16517445446766,292.7884,586.771,439.7797,0.025,0.8003,0.8527,745,25.111666666666668,294.1286406299437,292.8089,586.771,439.7899,0.0,0.8508,0.8527,745,25.111666666666668,294.95603269314995,292.3369,587.1243,439.7306,0.0333,0.6635,0.9155,745,25.111666666666668,294.9713179556693,292.313,587.1243,439.7186,0.0,0.6864,0.9155,745,25.111666666666668,294.16517445446766,292.7884,586.771,439.7797,0.025,0.8003,0.8527,745,25.111666666666668
294.20618599164186,292.7124,586.7194,439.7159,0.025,0.8642,0.7195,746,25.138333333333335,294.1724567540626,292.7298,586.7194,439.7246,0.0,0.9351,0.7195,746,25.138333333333335,294.96416111431904,292.2922,587.0736,439.6829,0.0417,0.6248,0.8663,746,25.138333333333335,295.01766663148635,292.2273,587.0736,439.6505,0.0,0.6039,0.8663,746,25.138333333333335,294.20618599164186,292.7124,586.7194,439.7159,0.025,0.8642,0.7195,746,25.138333333333335
294.1952303856431,292.7101,586.7051,439.7076,0.025,0.8364,0.7083,747,25.180000000000003,294.1629676095283,292.7263,586.7051,439.7157,0.0,0.9062,0.7083,747,25.180000000000003,294.94431296209075,292.2922,587.0543,439.6733,0.0417,0.5494,0.9098,747,25.180000000000003,295.00525956137676,292.221,587.0543,439.6377,0.0,0.6433,0.9098,747,25.180000000000003,294.1952303856431,292.7101,586.7051,439.7076,0.025,0.8364,0.7083,747,25.180000000000003
294.2160263061042,292.6869,586.7018,439.6944,0.025,0.7701,0.732,748,25.21166666666667,294.18366015219493,292.7032,586.7018,439.7025,0.0,0.808,0.732,748,25.21166666666667,294.9621729387526,292.2674,587.0471,439.6572,0.0417,0.6328,0.8608,748,25.21166666666667,295.0200015774776,292.1991,587.0471,439.6231,0.0,0.668,0.8608,748,25.21166666666667,294.2160263061042,292.6869,586.7018,439.6944,0.025,0.7701,0.732,748,25.21166666666667
294.2472601155646,292.6776,586.7264,439.702,0.025,0.7979,0.679,749,25.238333333333333,294.21473017821313,292.6941,586.7264,439.7103,0.0,0.8436,0.679,749,25.238333333333333,294.98988776660065,292.2623,587.0739,439.6681,0.0417,0.6439,0.8078,749,25.238333333333333,295.04844843880346,292.1942,587.0739,439.634,0.0,0.673,0.8078,749,25.238333333333333,294.2472601155646,292.6776,586.7264,439.702,0.025,0.7979,0.679,749,25.238333333333333
294.21451783958423,292.6683,586.6484,439.6583,0.0333,0.7739,0.6978,750,25.28166666666667,294.2103641641222,292.6854,586.7155,439.7004,0.0,0.8392,0.6668,750,25.28166666666667,294.98963537718873,292.2579,587.07,439.664,0.0417,0.6812,0.8096,750,25.28166666666667,295.0500568519507,292.1877,587.07,439.6289,0.0,0.6908,0.8096,750,25.28166666666667,294.21451783958423,292.6683,586.6484,439.6583,0.0333,0.7739,0.6978,750,25.28166666666667
294.2436319866017,292.6656,586.7128,439.6892,0.025,0.8205,0.6701,751,25.311666666666667,294.21033371852917,292.6828,586.7128,439.6978,0.0,0.8549,0.6701,751,25.311666666666667,295.08124531267424,292.1623,587.0664,439.6144,0.025,0.6319,0.8,751,25.311666666666667,295.04515216488414,292.1883,587.0664,439.6274,0.0,0.6916,0.8,751,25.311666666666667,294.2436319866017,292.6656,586.7128,439.6892,0.025,0.8205,0.6701,751,25.311666666666667
294.23910718292433,292.6683,586.7083,439.6883,0.025,0.8774,0.6652,752,25.33666666666667,294.20510117206254,292.6862,586.7083,439.6972,0.0,0.8933,0.6652,752,25.33666666666667,295.092127400781,292.1588,587.0691,439.614,0.025,0.6252,0.7164,752,25.33666666666667,295.055160109301,292.1854,587.0691,439.6272,0.0,0.7171,0.7164,752,25.33666666666667,294.23910718292433,292.6683,586.7083,439.6883,0.025,0.8774,0.6652,752,25.33666666666667
294.2072836158875,292.659,586.6278,439.6434,0.0333,0.8744,0.6504,753,25.380000000000003,294.202965601551,292.6766,586.6963,439.6865,0.0,0.9081,0.6234,753,25.380000000000003,295.0447910888522,292.1977,587.0622,439.6299,0.0333,0.6444,0.7156,753,25.380000000000003,295.0579559480456,292.1756,587.0622,439.6189,0.0,0.7305,0.7156,753,25.380000000000003,294.2072836158875,292.659,586.6278,439.6434,0.0333,0.8744,0.6504,753,25.380000000000003
294.312336953176,292.66,586.7893,439.7247,0.025,0.8663,0.7638,754,25.41166666666667,294.278921248196,292.6774,586.7893,439.7334,0.0,0.9254,0.7638,754,25.41166666666667,295.10259400257996,292.1964,587.1421,439.6692,0.0333,0.6422,0.8656,754,25.41166666666667,295.11645415536213,292.1744,587.1421,439.6582,0.0,0.7321,0.8656,754,25.41166666666667,294.312336953176,292.66,586.7893,439.7247,0.025,0.8663,0.7638,754,25.41166666666667
294.32995133079606,292.8872,587.0751,439.9812,0.0583,0.8547,0.7134,755,25.44,294.22959252137554,292.9611,587.0309,439.996,0.0,0.8837,0.7065,755,25.44,295.15398427670664,292.5398,587.553,440.0464,0.05,0.7408,0.7861,755,25.44,295.12042672522534,292.5211,587.4683,439.9947,0.0,0.7485,0.7263,755,25.44,294.32995133079606,292.8872,587.0751,439.9812,0.0583,0.8547,0.7134,755,25.44
294.2108165675585,292.8838,586.8546,439.8692,0.0333,0.8816,0.699,756,25.483333333333334,294.2000012917838,292.9103,586.9291,439.9197,0.0,0.9066,0.6751,756,25.483333333333334,295.1377754772519,292.4168,587.3683,439.8925,0.0333,0.8381,0.8712,756,25.483333333333334,295.06026338100503,292.4573,587.3261,439.8917,0.0,0.8418,0.8947,756,25.483333333333334,294.2108165675585,292.8838,586.8546,439.8692,0.0333,0.8816,0.699,756,25.483333333333334
294.100529430984,292.9323,586.8388,439.8856,0.05,0.8986,0.6383,757,25.511666666666667,294.2433310675051,292.8551,586.9087,439.8819,0.0,0.8965,0.6824,757,25.511666666666667,295.0265800863815,292.4706,587.2939,439.8823,0.0083,0.9323,0.6916,757,25.511666666666667,295.0931130635573,292.3989,587.2939,439.8464,0.0,0.8317,0.6916,757,25.511666666666667,294.100529430984,292.9323,586.8388,439.8856,0.05,0.8986,0.6383,757,25.511666666666667
294.10761241130433,292.9621,586.9003,439.9312,0.025,0.942,0.8107,758,25.538333333333334,294.13701094971293,292.8838,586.8132,439.8485,0.0,0.8929,0.7392,758,25.538333333333334,295.06547584078737,292.3982,587.2651,439.8316,0.0167,0.8939,0.9762,758,25.538333333333334,295.10572159873004,292.3282,587.2155,439.7718,0.0,0.8282,0.9205,758,25.538333333333334,294.10761241130433,292.9621,586.9003,439.9312,0.025,0.942,0.8107,758,25.538333333333334
294.0836389381818,292.8157,586.6646,439.7401,0.0417,0.8832,0.6359,759,25.57166666666667,294.16618185557877,292.7765,586.746,439.7613,0.0,0.8838,0.6841,759,25.57166666666667,295.16147535804885,292.2333,587.1749,439.7041,0.0167,0.8307,0.8439,759,25.57166666666667,295.172711452936,292.2119,587.1749,439.6934,0.0,0.8595,0.8439,759,25.57166666666667,294.0836389381818,292.8157,586.6646,439.7401,0.0417,0.8832,0.6359,759,25.57166666666667
294.1207583156897,292.7954,586.7238,439.7596,0.0333,0.8862,0.7347,760,25.605,294.16743491424563,292.7577,586.7287,439.7432,0.0,0.9381,0.6851,760,25.605,295.19281642112225,292.2114,587.2087,439.7101,0.025,0.8692,0.8667,760,25.605,295.18172815814467,292.1905,587.1611,439.6758,0.0,0.8799,0.8488,760,25.605,294.1207583156897,292.7954,586.7238,439.7596,0.0333,0.8862,0.7347,760,25.605
294.15793295407286,292.794,586.7867,439.7904,0.0333,0.8821,0.7899,761,25.636666666666667,294.1418444055971,292.7556,586.704,439.7298,0.0,1.0046,0.7237,761,25.636666666666667,295.0707012792603,292.2609,587.1255,439.6932,0.0083,0.8719,0.9728,761,25.636666666666667,295.1424268440819,292.1852,587.1255,439.6554,0.0,0.9067,0.9728,761,25.636666666666667,294.15793295407286,292.794,586.7867,439.7904,0.0333,0.8821,0.7899,761,25.636666666666667
294.15695500866855,292.7725,586.7726,439.7725,0.0333,0.8991,0.7253,762,25.671666666666667,294.14073722917163,292.7347,586.6916,439.7132,0.0,0.9259,0.6837,762,25.671666666666667,295.09137077179815,292.2459,587.1615,439.7037,0.0167,0.8845,0.8494,762,25.671666666666667,295.14069119136616,292.1706,587.1156,439.6431,0.0,0.8893,0.8506,762,25.671666666666667,294.15695500866855,292.7725,586.7726,439.7725,0.0333,0.8991,0.7253,762,25.671666666666667
294.13112810874003,292.7594,586.7398,439.7496,0.0417,0.9,0.7086,763,25.703333333333337,294.1493024701559,292.722,586.6885,439.7053,0.0,0.8654,0.6505,763,25.703333333333337,295.0868508803436,292.2206,587.1122,439.6664,0.0083,0.894,0.8503,763,25.703333333333337,295.1564296538685,292.1458,587.1122,439.629,0.0,0.8869,0.8503,763,25.703333333333337,294.13112810874003,292.7594,586.7398,439.7496,0.0417,0.9,0.7086,763,25.703333333333337
294.0388301430088,292.7494,586.5945,439.672,0.0583,0.8626,0.6314,764,25.736666666666668,294.1284914042918,292.7127,586.6533,439.683,0.0,0.8652,0.6899,764,25.736666666666668,295.0625876585167,292.2121,587.0726,439.6423,0.0083,0.8996,0.8424,764,25.736666666666668,295.131376410803,292.1377,587.0726,439.6051,0.0,0.8877,0.8424,764,25.736666666666668,294.0388301430088,292.7494,586.5945,439.672,0.0583,0.8626,0.6314,764,25.736666666666668
294.27024990072107,292.5523,586.6288,439.5905,0.05,0.8049,0.8116,765,25.77166666666667,294.2257907438094,292.5574,586.5883,439.5729,0.0,0.8101,0.7828,765,25.77166666666667,295.07691558509856,292.1069,586.9717,439.5393,0.025,0.8621,0.7635,765,25.77166666666667,295.0336452379264,292.1351,586.9717,439.5534,0.0,0.8542,0.7635,765,25.77166666666667,294.27024990072107,292.5523,586.6288,439.5905,0.05,0.8049,0.8116,765,25.77166666666667
294.2161941542571,292.5987,586.6278,439.6133,0.0417,0.7698,0.8355,766,25.805000000000003,294.2242873957405,292.557,586.5876,439.5723,0.0,0.8568,0.7758,766,25.805000000000003,295.0748705546297,292.1059,586.9704,439.5382,0.025,0.8856,0.781,766,25.805000000000003,295.0318160542698,292.1339,586.9704,439.5521,0.0,0.7976,0.781,766,25.805000000000003,294.2161941542571,292.5987,586.6278,439.6133,0.0417,0.7698,0.8355,766,25.805000000000003
294.2713597240487,292.5514,586.6295,439.5904,0.05,0.7942,0.77,767,25.838333333333335,294.2271660311043,292.5563,586.5892,439.5727,0.0,0.8093,0.8005,767,25.838333333333335,295.01260261194983,292.1651,586.9699,439.5675,0.0333,0.7711,0.783,767,25.838333333333335,295.03039898285857,292.1353,586.9699,439.5526,0.0,0.8361,0.783,767,25.838333333333335,294.2713597240487,292.5514,586.6295,439.5904,0.05,0.7942,0.77,767,25.838333333333335
294.22361749743504,292.5972,586.6337,439.6155,0.0417,0.78,0.812,768,25.871666666666673,294.23075667161856,292.5565,586.5937,439.5751,0.0,0.8433,0.8148,768,25.871666666666673,295.0225610329112,292.1579,586.9743,439.5661,0.0333,0.7868,0.8112,768,25.871666666666673,295.0417431940558,292.1268,586.9743,439.5506,0.0,0.8356,0.8112,768,25.871666666666673,294.22361749743504,292.5972,586.6337,439.6155,0.0417,0.78,0.812,768,25.871666666666673
294.329653442881,292.6955,586.8841,439.7898,0.0583,0.7473,0.8404,769,25.905,294.2585291872623,292.7079,586.8059,439.7569,0.0,0.8414,0.7584,769,25.905,295.15221802640815,292.2536,587.2334,439.7435,0.0333,0.7484,0.8156,769,25.905,295.16447926572295,292.2294,587.2334,439.7314,0.0,0.8064,0.8156,769,25.905,294.329653442881,292.6955,586.8841,439.7898,0.0583,0.7473,0.8404,769,25.905
294.25357022266735,292.7796,586.8736,439.8266,0.0417,0.7381,0.7882,770,25.938333333333336,294.13970509653814,292.8571,586.8386,439.8479,0.0,0.802,0.7869,770,25.938333333333336,295.0270638167575,292.4051,587.259,439.832,0.0417,0.6612,0.8616,770,25.938333333333336,295.0661708773684,292.3486,587.259,439.8038,0.0,0.7023,0.8616,770,25.938333333333336,294.25357022266735,292.7796,586.8736,439.8266,0.0417,0.7381,0.7882,770,25.938333333333336
294.24565348192004,292.7793,586.858,439.8186,0.0333,0.7389,0.8154,771,25.971666666666668,294.1857247306185,292.8061,586.8238,439.8149,0.0,0.8446,0.7904,771,25.971666666666668,295.15976033305236,292.2691,587.2421,439.7556,0.0417,0.6279,0.8146,771,25.971666666666668,295.10373443634035,292.3084,587.2421,439.7753,0.0,0.7159,0.8146,771,25.971666666666668,294.24565348192004,292.7793,586.858,439.8186,0.0333,0.7389,0.8154,771,25.971666666666668
294.2189837948928,292.6289,586.6436,439.6362,0.025,0.7952,0.728,772,26.011666666666667,294.17975937357835,292.6523,586.6436,439.6479,0.0,0.838,0.728,772,26.011666666666667,295.11667704377055,292.1043,587.0171,439.5607,0.0417,0.7044,0.7022,772,26.011666666666667,295.0632884821247,292.1415,587.0171,439.5793,0.0,0.7517,0.7022,772,26.011666666666667,294.2189837948928,292.6289,586.6436,439.6362,0.025,0.7952,0.728,772,26.011666666666667
294.2594290667589,292.5888,586.6405,439.6147,0.025,0.7682,0.7704,773,26.03666666666667,294.2244043919642,292.6075,586.6405,439.624,0.0,0.896,0.7704,773,26.03666666666667,295.147809075092,292.0708,587.0127,439.5418,0.025,0.69,0.7059,773,26.03666666666667,295.09803204188256,292.1049,587.0127,439.5588,0.0,0.7148,0.7059,773,26.03666666666667,294.2594290667589,292.5888,586.6405,439.6147,0.025,0.7682,0.7704,773,26.03666666666667
294.26117122549147,292.5852,586.6394,439.6123,0.025,0.8335,0.7637,774,26.07166666666667,294.2261469561362,292.6039,586.6394,439.6217,0.0,0.899,0.7637,774,26.07166666666667,295.1521540042746,292.0658,587.0127,439.5393,0.025,0.6805,0.7048,774,26.07166666666667,295.1023362919411,292.1,587.0127,439.5563,0.0,0.7225,0.7048,774,26.07166666666667,294.26117122549147,292.5852,586.6394,439.6123,0.025,0.8335,0.7637,774,26.07166666666667
294.2645470008522,292.5904,586.6425,439.6164,0.0167,0.8583,0.7814,775,26.105,294.28933312053493,292.555,586.6425,439.5988,0.0,0.9161,0.7814,775,26.105,295.0863040296887,292.1336,587.0391,439.5863,0.05,0.8209,0.8218,775,26.105,295.1329959508138,292.106,587.0384,439.5722,0.0,0.85,0.7913,775,26.105,294.2645470008522,292.5904,586.6425,439.6164,0.0167,0.8583,0.7814,775,26.105
294.2048304763881,292.6468,586.643,439.6449,0.025,0.8496,0.743,776,26.136666666666667,294.29053669373616,292.5544,586.643,439.5987,0.0,0.9084,0.743,776,26.136666666666667,295.0854130762831,292.1342,587.0388,439.5865,0.05,0.8204,0.8236,776,26.136666666666667,295.1321249996582,292.1067,587.0382,439.5724,0.0,0.8514,0.7931,776,26.136666666666667,294.2048304763881,292.6468,586.643,439.6449,0.025,0.8496,0.743,776,26.136666666666667
294.2044126161863,292.6436,586.6407,439.6422,0.025,0.8454,0.7431,777,26.171666666666667,294.2920066741539,292.5495,586.6407,439.5951,0.0,0.9091,0.7431,777,26.171666666666667,294.9717589279742,292.1854,586.9157,439.5505,0.025,0.9061,0.6931,777,26.171666666666667,295.1277420167885,292.1071,587.035,439.5711,0.0,0.8609,0.792,777,26.171666666666667,294.2044126161863,292.6436,586.6407,439.6422,0.025,0.8454,0.7431,777,26.171666666666667
294.26938321836445,292.5832,586.6417,439.6125,0.0167,0.8487,0.7498,778,26.205000000000005,294.2946533234766,292.5473,586.6417,439.5945,0.0,0.9259,0.7498,778,26.205000000000005,294.9719205456506,292.1821,586.9145,439.5483,0.025,0.897,0.6946,778,26.205000000000005,295.12795038446166,292.1039,587.0338,439.5688,0.0,0.8617,0.7925,778,26.205000000000005,294.26938321836445,292.5832,586.6417,439.6125,0.0167,0.8487,0.7498,778,26.205000000000005
294.26722032022366,292.585,586.6411,439.613,0.0167,0.8425,0.7557,779,26.238333333333333,294.29266416591906,292.5489,586.6411,439.595,0.0,0.9232,0.7557,779,26.238333333333333,294.9723850375438,292.1815,586.9144,439.548,0.025,0.8992,0.6933,779,26.238333333333333,295.1283950162551,292.1033,587.0338,439.5686,0.0,0.8591,0.7935,779,26.238333333333333,294.26722032022366,292.585,586.6411,439.613,0.0167,0.8425,0.7557,779,26.238333333333333
294.2080094942721,292.6347,586.6381,439.6364,0.0083,0.9207,0.7444,780,26.27166666666667,294.2891529960831,292.5485,586.6381,439.5933,0.0,0.9213,0.7444,780,26.27166666666667,295.00118827177624,292.1836,586.9891,439.5863,0.0167,0.9083,0.8008,780,26.27166666666667,295.1232675433776,292.1054,587.0303,439.5678,0.0,0.8631,0.7811,780,26.27166666666667,294.2080094942721,292.6347,586.6381,439.6364,0.0083,0.9207,0.7444,780,26.27166666666667
294.1989129173147,292.6344,586.6302,439.6323,0.0083,0.9361,0.8031,781,26.305000000000003,294.27965684300074,292.5486,586.6302,439.5894,0.0,0.9038,0.8031,781,26.305000000000003,295.0712672446506,292.1881,587.0515,439.6198,0.0083,0.8852,0.8483,781,26.305000000000003,295.143750689143,292.1097,587.0515,439.5806,0.0,0.9007,0.8483,781,26.305000000000003,294.1989129173147,292.6344,586.6302,439.6323,0.0083,0.9361,0.8031,781,26.305000000000003
294.26107115844735,292.5832,586.633,439.6081,0.0167,0.8287,0.8065,782,26.338333333333335,294.286045899671,292.5477,586.633,439.5903,0.0,0.8945,0.8065,782,26.338333333333335,295.044925966644,292.1801,587.0249,439.6025,0.0083,0.8755,0.73,782,26.338333333333335,295.11721244351315,292.1019,587.0249,439.5634,0.0,0.8775,0.73,782,26.338333333333335,294.26107115844735,292.5832,586.633,439.6081,0.0167,0.8287,0.8065,782,26.338333333333335
294.2619965630889,292.5797,586.632,439.6058,0.0167,0.8288,0.8123,783,26.371666666666673,294.2871419562232,292.544,586.632,439.588,0.0,0.8934,0.8123,783,26.371666666666673,295.10157627618645,292.1223,587.0225,439.5724,0.0167,0.8787,0.7306,783,26.371666666666673,295.1173960250002,292.0973,587.0225,439.5599,0.0,0.8775,0.7306,783,26.371666666666673,294.2619965630889,292.5797,586.632,439.6058,0.0167,0.8288,0.8123,783,26.371666666666673
294.2850817001048,292.5796,586.6987,439.6391,0.0333,0.8151,0.771,784,26.40666666666667,294.26541780604265,292.5438,586.6152,439.5795,0.0,0.8776,0.7854,784,26.40666666666667,295.07484318350055,292.1232,587.0031,439.5631,0.0167,0.8793,0.8935,784,26.40666666666667,295.0914342699848,292.0981,587.0031,439.5506,0.0,0.8776,0.8935,784,26.40666666666667,294.2850817001048,292.5796,586.6987,439.6391,0.0333,0.8151,0.771,784,26.40666666666667
294.0793390719187,293.0411,586.9745,440.0078,0.0167,0.9962,0.8142,785,26.438333333333336,294.14377591360585,292.9529,586.9387,439.9458,0.0,0.9682,0.726,785,26.438333333333336,294.95549517609476,292.4683,587.2758,439.872,0.025,0.929,1.034,785,26.438333333333336,295.0758549686784,292.3917,587.3048,439.8482,0.0,0.9267,0.8959,785,26.438333333333336,294.0793390719187,293.0411,586.9745,440.0078,0.0167,0.9962,0.8142,785,26.438333333333336
294.05565693182444,292.9237,586.7593,439.8415,0.0333,0.874,0.7066,786,26.471666666666668,294.06487713598807,292.9331,586.8309,439.882,0.0,0.936,0.6443,786,26.471666666666668,294.99121106214034,292.3456,587.1759,439.7607,0.0333,0.8881,0.9322,786,26.471666666666668,294.9734459683447,292.3782,587.1916,439.7849,0.0,0.8174,0.8497,786,26.471666666666668,294.05565693182444,292.9237,586.7593,439.8415,0.0333,0.874,0.7066,786,26.471666666666668
294.2006650392269,292.6804,586.6222,439.6513,0.0333,0.813,0.7255,787,26.511666666666667,294.19883192911914,292.6982,586.6989,439.6985,0.0,0.9198,0.7214,787,26.511666666666667,294.96113156596743,292.2323,586.9592,439.5958,0.0333,0.8502,0.8749,787,26.511666666666667,295.03363617702104,292.2137,587.0582,439.636,0.0,0.8509,0.9063,787,26.511666666666667,294.2006650392269,292.6804,586.6222,439.6513,0.0333,0.813,0.7255,787,26.511666666666667
294.16547762583787,292.6394,586.5891,439.6143,0.0167,0.8537,0.789,788,26.545,294.19698721646887,292.5972,586.5891,439.5932,0.0,0.9158,0.789,788,26.545,294.95556276794514,292.2174,586.9669,439.5922,0.0083,0.8166,0.8874,788,26.545,295.0289856774348,292.138,586.9669,439.5525,0.0,0.8561,0.8874,788,26.545,294.16547762583787,292.6394,586.5891,439.6143,0.0167,0.8537,0.789,788,26.545
294.1792064634805,292.6475,586.615,439.6313,0.025,0.7644,0.7934,789,26.57,294.1643868334562,292.6471,586.615,439.6311,0.0,0.7958,0.7934,789,26.57,294.99245807724435,292.2051,586.9943,439.5997,0.0083,0.8313,0.824,789,26.57,295.0658991351894,292.1256,586.9943,439.56,0.0,0.8972,0.824,789,26.57,294.1792064634805,292.6475,586.615,439.6313,0.025,0.7644,0.7934,789,26.57
294.1265451669301,292.6889,586.6064,439.6476,0.0167,0.788,0.7934,790,26.613333333333333,294.16310331959284,292.6418,586.6064,439.6241,0.0,0.8224,0.7934,790,26.613333333333333,294.9939949385449,292.1992,586.9895,439.5944,0.0083,0.8375,0.8451,790,26.613333333333333,295.06771556059283,292.1196,586.9895,439.5546,0.0,0.8506,0.8451,790,26.613333333333333,294.1265451669301,292.6889,586.6064,439.6476,0.0167,0.788,0.7934,790,26.613333333333333
294.13997340506467,292.6697,586.6025,439.6361,0.0167,0.8585,0.7763,791,26.645000000000003,294.17557707055084,292.6236,586.6025,439.613,0.0,0.8261,0.7763,791,26.645000000000003,295.08902775164745,292.0997,586.9883,439.544,0.0167,0.8148,0.8567,791,26.645000000000003,295.1048626991752,292.0736,586.9883,439.531,0.0,0.7852,0.8567,791,26.645000000000003,294.13997340506467,292.6697,586.6025,439.6361,0.0167,0.8585,0.7763,791,26.645000000000003
294.1323997187785,292.6712,586.5967,439.634,0.0167,0.8559,0.7952,792,26.671666666666667,294.1680838029822,292.625,586.5967,439.6109,0.0,0.8257,0.7952,792,26.671666666666667,295.0843031566619,292.0993,586.9836,439.5414,0.0167,0.818,0.8858,792,26.671666666666667,295.10013342317654,292.0732,586.9836,439.5284,0.0,0.7832,0.8858,792,26.671666666666667,294.1323997187785,292.6712,586.5967,439.634,0.0167,0.8559,0.7952,792,26.671666666666667
294.12927929818215,292.6686,586.5933,439.631,0.0167,0.8537,0.7719,793,26.715000000000003,294.1644301796185,292.6228,586.5933,439.6081,0.0,0.832,0.7719,793,26.715000000000003,295.08271180124297,292.0932,586.9801,439.5366,0.0167,0.798,0.8933,793,26.715000000000003,295.0986150962609,292.0671,586.9801,439.5236,0.0,0.7962,0.8933,793,26.715000000000003,294.12927929818215,292.6686,586.5933,439.631,0.0167,0.8537,0.7719,793,26.715000000000003
294.12705678953773,292.6706,586.5939,439.6323,0.0167,0.8545,0.777,794,26.743333333333336,294.1622076619049,292.6248,586.5939,439.6094,0.0,0.8262,0.777,794,26.743333333333336,295.0808665037012,292.0941,586.979,439.5366,0.0167,0.7907,0.8916,794,26.743333333333336,295.09666520612865,292.0681,586.979,439.5235,0.0,0.7962,0.8916,794,26.743333333333336,294.12705678953773,292.6706,586.5939,439.6323,0.0167,0.8545,0.777,794,26.743333333333336
294.1355542334179,292.5629,586.4977,439.5303,0.05,0.7626,0.7306,795,26.77166666666667,294.1847223276843,292.5241,586.5074,439.5157,0.0,0.759,0.7697,795,26.77166666666667,295.0151843618608,292.1034,586.8559,439.4797,0.05,0.6995,0.9532,795,26.77166666666667,295.1142578700235,292.0271,586.9438,439.4854,0.0,0.6904,0.9304,795,26.77166666666667,294.1355542334179,292.5629,586.4977,439.5303,0.05,0.7626,0.7306,795,26.77166666666667
294.0431132364548,292.6633,586.4982,439.5807,0.0667,0.7572,0.723,796,26.813333333333336,294.1865821123705,292.522,586.5079,439.515,0.0,0.7514,0.7627,796,26.813333333333336,295.0188877957091,292.1,586.8563,439.4781,0.05,0.6864,0.9548,796,26.813333333333336,295.1177525070708,292.0239,586.9442,439.484,0.0,0.7462,0.9342,796,26.813333333333336,294.0431132364548,292.6633,586.4982,439.5807,0.0667,0.7572,0.723,796,26.813333333333336
294.1664128361331,292.5622,586.5131,439.5376,0.0333,0.7934,0.7544,797,26.845000000000002,294.194908992809,292.5219,586.5131,439.5175,0.0,0.7682,0.7544,797,26.845000000000002,295.03111711658045,292.0956,586.8631,439.4794,0.05,0.7053,0.9638,797,26.845000000000002,295.1300909639958,292.0195,586.9515,439.4855,0.0,0.733,0.9271,797,26.845000000000002,294.1664128361331,292.5622,586.5131,439.5376,0.0333,0.7934,0.7544,797,26.845000000000002
294.1388038278182,292.5575,586.4954,439.5264,0.05,0.7884,0.7364,798,26.871666666666673,294.18720012146065,292.5195,586.5052,439.5123,0.0,0.7552,0.7685,798,26.871666666666673,295.0140264293792,292.0968,586.852,439.4744,0.05,0.678,0.9664,798,26.871666666666673,295.11212975921444,292.0212,586.9388,439.48,0.0,0.7287,0.9659,798,26.871666666666673,294.1388038278182,292.5575,586.4954,439.5264,0.05,0.7884,0.7364,798,26.871666666666673
294.08427250224383,292.6154,586.4965,439.5559,0.0583,0.7567,0.7336,799,26.916666666666668,294.18767674643345,292.5201,586.5063,439.5132,0.0,0.7554,0.7662,799,26.916666666666668,295.01798318833255,292.0973,586.8548,439.476,0.05,0.6795,0.968,799,26.916666666666668,295.1163172035068,292.0216,586.9421,439.4818,0.0,0.7288,0.9633,799,26.916666666666668,294.08427250224383,292.6154,586.4965,439.5559,0.0583,0.7567,0.7336,799,26.916666666666668
294.400116496597,292.644,586.8784,439.7612,0.0667,0.6392,0.7608,800,26.943333333333335,294.25110004242157,292.7629,586.8436,439.8032,0.0,0.7111,0.7359,800,26.943333333333335,295.27706728775945,292.2119,587.3109,439.7614,0.0417,0.6275,0.8147,800,26.943333333333335,295.2329877745089,292.24,587.3109,439.7754,0.0,0.6917,0.8147,800,26.943333333333335,294.400116496597,292.644,586.8784,439.7612,0.0667,0.6392,0.7608,800,26.943333333333335
294.2737004062078,292.7289,586.849,439.7889,0.075,0.8443,0.7988,801,26.971666666666668,294.1587869654046,292.8528,586.8484,439.8506,0.0,0.7996,0.7358,801,26.971666666666668,295.13946308834295,292.3424,587.3071,439.8248,0.05,0.67,0.8128,801,26.971666666666668,295.13383498902937,292.3318,587.3071,439.8195,0.0,0.7352,0.8128,801,26.971666666666668,294.2737004062078,292.7289,586.849,439.7889,0.075,0.8443,0.7988,801,26.971666666666668
294.23479590234206,292.7407,586.7707,439.7557,0.025,0.7597,0.7075,802,27.011666666666667,294.19896691130157,292.7606,586.7707,439.7656,0.0,0.8436,0.7075,802,27.011666666666667,295.13117850921424,292.2513,587.1297,439.6905,0.025,0.6599,0.8694,802,27.011666666666667,295.1811431497551,292.2308,587.2232,439.727,0.0,0.7351,0.8681,802,27.011666666666667,294.23479590234206,292.7407,586.7707,439.7557,0.025,0.7597,0.7075,802,27.011666666666667
294.19409329037495,292.6437,586.6457,439.6447,0.0667,0.6864,0.8145,803,27.038333333333334,294.1599945262525,292.6502,586.611,439.6306,0.0,0.7868,0.704,803,27.038333333333334,295.03983005042846,292.2074,587.0459,439.6267,0.0417,0.7024,0.9184,803,27.038333333333334,295.1023378185752,292.1298,587.0459,439.5878,0.0,0.7068,0.9184,803,27.038333333333334,294.19409329037495,292.6437,586.6457,439.6447,0.0667,0.6864,0.8145,803,27.038333333333334
294.2676141276691,292.5789,586.6702,439.6245,0.0417,0.7973,0.7529,804,27.07166666666667,294.19918803916624,292.5899,586.5925,439.5912,0.0,0.7756,0.6968,804,27.07166666666667,295.12496543896265,292.0909,587.0219,439.5564,0.0167,0.7642,0.8743,804,27.07166666666667,295.137931336299,292.0676,587.0219,439.5447,0.0,0.7694,0.8743,804,27.07166666666667,294.2676141276691,292.5789,586.6702,439.6245,0.0417,0.7973,0.7529,804,27.07166666666667
294.1275912863863,292.658,586.5941,439.626,0.0333,0.8868,0.7964,805,27.10666666666667,294.1742005739462,292.6252,586.6086,439.6169,0.0,0.9201,0.7838,805,27.10666666666667,295.06735649485756,292.0845,586.9513,439.5179,0.0417,0.7841,0.9811,805,27.10666666666667,295.02482923179707,292.1116,586.9513,439.5314,0.0,0.7193,0.9811,805,27.10666666666667,294.1275912863863,292.658,586.5941,439.626,0.0333,0.8868,0.7964,805,27.10666666666667
294.1312376102329,292.6542,586.5948,439.6245,0.0333,0.8723,0.7768,806,27.136666666666667,294.18031478603706,292.6193,586.6094,439.6144,0.0,0.937,0.7926,806,27.136666666666667,295.1230192274346,292.0318,586.9517,439.4917,0.0333,0.7846,0.9695,806,27.136666666666667,295.02627020253294,292.1111,586.9517,439.5314,0.0,0.7201,0.9695,806,27.136666666666667,294.1312376102329,292.6542,586.5948,439.6245,0.0333,0.8723,0.7768,806,27.136666666666667
294.15806215132056,292.6521,586.6084,439.6302,0.0167,0.8792,0.7932,807,27.17,294.18238888171425,292.6169,586.6084,439.6126,0.0,0.9334,0.7932,807,27.17,295.1269247072982,292.0288,586.9519,439.4903,0.0333,0.7984,0.9682,807,27.17,295.0301557208138,292.1084,586.9519,439.5301,0.0,0.727,0.9682,807,27.17,294.15806215132056,292.6521,586.6084,439.6302,0.0167,0.8792,0.7932,807,27.17
294.16132446280494,292.6507,586.6101,439.6304,0.0167,0.8772,0.7913,808,27.203333333333337,294.18588131828955,292.6152,586.6101,439.6126,0.0,0.9306,0.7913,808,27.203333333333337,295.12629247162573,292.0291,586.9515,439.4903,0.0333,0.7985,0.9683,808,27.203333333333337,295.0305004811511,292.1078,586.9515,439.5297,0.0,0.7268,0.9683,808,27.203333333333337,294.16132446280494,292.6507,586.6101,439.6304,0.0167,0.8772,0.7913,808,27.203333333333337
294.1537356400779,292.6553,586.607,439.6311,0.0167,0.8884,0.7834,809,27.236666666666668,294.1787331760778,292.6194,586.607,439.6132,0.0,0.9088,0.7834,809,27.236666666666668,295.0159105252437,292.1334,586.951,439.5422,0.0333,0.7711,0.9694,809,27.236666666666668,295.03387558280957,292.1046,586.951,439.5278,0.0,0.7202,0.9694,809,27.236666666666668,294.1537356400779,292.6553,586.607,439.6311,0.0167,0.8884,0.7834,809,27.236666666666668
294.13687037383755,292.647,586.592,439.6195,0.0333,0.8936,0.7759,810,27.27166666666667,294.1846089345414,292.6133,586.6063,439.6098,0.0,0.919,0.7983,810,27.27166666666667,295.05105971741204,292.0907,586.9415,439.5161,0.0333,0.7463,0.8735,810,27.27166666666667,295.0609588094893,292.0706,586.9415,439.5061,0.0,0.7047,0.8735,810,27.27166666666667,294.13687037383755,292.647,586.592,439.6195,0.0333,0.8936,0.7759,810,27.27166666666667
294.1359951497608,292.6472,586.5915,439.6194,0.0333,0.8769,0.7732,811,27.305000000000003,294.1838276238617,292.6135,586.606,439.6097,0.0,0.8874,0.7996,811,27.305000000000003,295.06112953247026,292.0805,586.9407,439.5106,0.0417,0.7625,0.8733,811,27.305000000000003,295.0216502654695,292.1053,586.9407,439.523,0.0,0.7322,0.8733,811,27.305000000000003,294.1359951497608,292.6472,586.5915,439.6194,0.0333,0.8769,0.7732,811,27.305000000000003
294.13503112735305,292.6465,586.5903,439.6184,0.0333,0.8739,0.7561,812,27.338333333333335,294.1829687091424,292.6127,586.605,439.6088,0.0,0.8665,0.7973,812,27.338333333333335,295.0593769158627,292.0815,586.9399,439.5107,0.0417,0.7524,0.8731,812,27.338333333333335,295.019949631892,292.1063,586.9399,439.5231,0.0,0.7326,0.8731,812,27.338333333333335,294.13503112735305,292.6465,586.5903,439.6184,0.0333,0.8739,0.7561,812,27.338333333333335
294.1405112980222,292.6425,586.5921,439.6173,0.0333,0.8584,0.7485,813,27.371666666666673,294.18822166127666,292.6088,586.6065,439.6077,0.0,0.8702,0.7979,813,27.371666666666673,295.0618246526564,292.0787,586.9399,439.5093,0.0417,0.7554,0.8731,813,27.371666666666673,295.02204746682844,292.1037,586.9399,439.5218,0.0,0.7318,0.8731,813,27.371666666666673,294.1405112980222,292.6425,586.5921,439.6173,0.0333,0.8584,0.7485,813,27.371666666666673
294.1375724154765,292.6433,586.5901,439.6167,0.0333,0.872,0.7509,814,27.405,294.1853260913816,292.6096,586.6047,439.6071,0.0,0.8745,0.7976,814,27.405,295.06217777022175,292.0788,586.9404,439.5096,0.0417,0.7544,0.8733,814,27.405,295.0223855349525,292.1038,586.9404,439.5221,0.0,0.7317,0.8733,814,27.405,294.1375724154765,292.6433,586.5901,439.6167,0.0333,0.872,0.7509,814,27.405
294.1473627052227,292.6061,586.567,439.5866,0.025,0.8638,0.81,815,27.44,294.1185429322212,292.6518,586.567,439.6094,0.0,0.8418,0.81,815,27.44,295.19946640680996,291.9718,586.9731,439.4725,0.0333,0.767,1.0778,815,27.44,295.09418933652097,292.0864,586.9731,439.5298,0.0,0.8377,1.0778,815,27.44,294.1473627052227,292.6061,586.567,439.5866,0.025,0.8638,0.81,815,27.44
294.3105586590111,292.7396,586.9156,439.8276,0.05,0.7985,0.743,816,27.471666666666668,294.1750850351864,292.8409,586.8345,439.8377,0.0,0.8766,0.7095,816,27.471666666666668,295.10842417043557,292.2755,587.2549,439.7652,0.05,0.8326,0.898,816,27.471666666666668,295.00724492793313,292.3903,587.2265,439.8084,0.0,0.9517,0.8946,816,27.471666666666668,294.3105586590111,292.7396,586.9156,439.8276,0.05,0.7985,0.743,816,27.471666666666668
294.3092020446337,292.7416,586.9139,439.8278,0.0417,0.8493,0.7689,817,27.51,294.22432891821404,292.7667,586.8316,439.7992,0.0,0.9018,0.7223,817,27.51,295.0420571466505,292.3338,587.2428,439.7883,0.0333,0.8627,0.8985,817,27.51,295.05350720528986,292.3162,587.2137,439.765,0.0,0.8573,0.8971,817,27.51,294.3092020446337,292.7416,586.9139,439.8278,0.0417,0.8493,0.7689,817,27.51
294.25853077844226,292.6135,586.6986,439.656,0.0417,0.801,0.7544,818,27.53666666666667,294.1705866816628,292.6428,586.6181,439.6305,0.0,0.8755,0.7443,818,27.53666666666667,295.0158650099034,292.1925,587.0111,439.6018,0.0167,0.8618,0.905,818,27.53666666666667,295.0232069490239,292.1758,587.0111,439.5934,0.0,0.9427,0.905,818,27.53666666666667,294.25853077844226,292.6135,586.6986,439.656,0.0417,0.801,0.7544,818,27.53666666666667
294.2820392359348,292.4696,586.4952,439.4824,0.075,0.7,0.699,819,27.57166666666667,294.2392599823794,292.5365,586.5767,439.5566,0.0,0.7901,0.7893,819,27.57166666666667,295.0706195428126,292.0924,586.962,439.5272,0.0167,0.8135,0.8993,819,27.57166666666667,295.0824774503252,292.0701,586.962,439.5161,0.0,0.8335,0.8993,819,27.57166666666667,294.2820392359348,292.4696,586.4952,439.4824,0.075,0.7,0.699,819,27.57166666666667
294.2479316120964,292.4738,586.4655,439.4697,0.075,0.6789,0.7052,820,27.603333333333335,294.2055038306219,292.5411,586.5482,439.5446,0.0,0.7927,0.8069,820,27.603333333333335,295.0283352863016,292.0919,586.9211,439.5065,0.0167,0.8167,0.8351,820,27.603333333333335,295.0401942781782,292.0696,586.9211,439.4954,0.0,0.8352,0.8351,820,27.603333333333335,294.2479316120964,292.4738,586.4655,439.4697,0.075,0.6789,0.7052,820,27.603333333333335
294.25189180377674,292.4639,586.4621,439.463,0.075,0.6678,0.7159,821,27.638333333333335,294.2085151799165,292.532,586.5444,439.5382,0.0,0.7864,0.8059,821,27.638333333333335,295.02703673351516,292.085,586.9161,439.5006,0.0167,0.8248,0.8391,821,27.638333333333335,295.0387315747844,292.0628,586.9161,439.4895,0.0,0.8342,0.8391,821,27.638333333333335,294.25189180377674,292.4639,586.4621,439.463,0.075,0.6678,0.7159,821,27.638333333333335
294.34439292643145,292.4125,586.5346,439.4735,0.0417,0.6218,0.829,822,27.671666666666667,294.1996173038274,292.5303,586.5346,439.5324,0.0,0.7755,0.829,822,27.671666666666667,295.0174110512992,292.0854,586.9053,439.4953,0.0167,0.824,0.8503,822,27.671666666666667,295.0291256644309,292.0632,586.9053,439.4842,0.0,0.8347,0.8503,822,27.671666666666667,294.34439292643145,292.4125,586.5346,439.4735,0.0417,0.6218,0.829,822,27.671666666666667
294.2753687820011,292.4627,586.5245,439.4936,0.0667,0.6639,0.8264,823,27.705000000000005,294.2015076753192,292.5286,586.5329,439.5307,0.0,0.7855,0.7961,823,27.705000000000005,295.00090187799003,292.0886,586.8942,439.4914,0.0167,0.8133,0.8886,823,27.705000000000005,295.0128805555098,292.0662,586.8942,439.4802,0.0,0.8398,0.8886,823,27.705000000000005,294.2753687820011,292.4627,586.5245,439.4936,0.0667,0.6639,0.8264,823,27.705000000000005
294.35267357101725,292.4043,586.5341,439.4692,0.0417,0.6439,0.7991,824,27.738333333333337,294.20800708960184,292.5221,586.5341,439.5281,0.0,0.8079,0.7991,824,27.738333333333337,295.002545605288,292.0834,586.8895,439.4864,0.0167,0.8093,0.8752,824,27.738333333333337,295.014112452112,292.0613,586.8895,439.4754,0.0,0.8443,0.8752,824,27.738333333333337,294.35267357101725,292.4043,586.5341,439.4692,0.0417,0.6439,0.7991,824,27.738333333333337
294.3256898463891,292.4372,586.5442,439.4907,0.0583,0.6363,0.8021,825,27.775000000000002,294.29562023570605,292.443,586.5442,439.4936,0.0,0.7272,0.8021,825,27.775000000000002,294.9134158704219,292.1419,586.8165,439.4792,0.025,0.7431,0.7495,825,27.775000000000002,295.0793541058042,292.0104,586.8991,439.4547,0.0,0.8081,0.8015,825,27.775000000000002,294.3256898463891,292.4372,586.5442,439.4907,0.0583,0.6363,0.8021,825,27.775000000000002
294.32732148130077,292.4388,586.5468,439.4928,0.0583,0.609,0.7747,826,27.805000000000003,294.2968130286989,292.445,586.5468,439.4959,0.0,0.7338,0.7747,826,27.805000000000003,295.0884119751008,291.9818,586.8177,439.3997,0.0333,0.8541,0.7499,826,27.805000000000003,295.07811844167486,292.014,586.9003,439.4571,0.0,0.8205,0.8006,826,27.805000000000003,294.32732148130077,292.4388,586.5468,439.4928,0.0583,0.609,0.7747,826,27.805000000000003
294.33362741722226,292.4347,586.5483,439.4915,0.0583,0.5891,0.7475,827,27.84166666666667,294.3028303831199,292.4412,586.5483,439.4948,0.0,0.6852,0.7475,827,27.84166666666667,294.92442696583294,292.1385,586.8209,439.4797,0.025,0.7496,0.7658,827,27.84166666666667,295.09039290959765,292.0069,586.904,439.4555,0.0,0.8188,0.8336,827,27.84166666666667,294.33362741722226,292.4347,586.5483,439.4915,0.0583,0.5891,0.7475,827,27.84166666666667
294.33104730255195,292.4334,586.5451,439.4892,0.0583,0.5879,0.7626,828,27.871666666666673,294.2995571761299,292.4406,586.5451,439.4928,0.0,0.6842,0.7626,828,27.871666666666673,294.9200230034809,292.1399,586.8183,439.4791,0.025,0.7247,0.7492,828,27.871666666666673,295.08595479817325,292.0084,586.9011,439.4548,0.0,0.8206,0.8046,828,27.871666666666673,294.33104730255195,292.4334,586.5451,439.4892,0.0583,0.5879,0.7626,828,27.871666666666673
294.3775321718972,292.3863,586.5463,439.4663,0.05,0.6448,0.761,829,27.903333333333336,294.29527475557313,292.4462,586.5463,439.4962,0.0,0.7162,0.761,829,27.903333333333336,294.92421411516807,292.1373,586.8219,439.4796,0.025,0.7535,0.7568,829,27.903333333333336,295.0903121423968,292.0056,586.905,439.4553,0.0,0.8172,0.8061,829,27.903333333333336,294.3775321718972,292.3863,586.5463,439.4663,0.05,0.6448,0.761,829,27.903333333333336
294.37960525734843,292.4442,586.625,439.5346,0.0583,0.572,0.7084,830,27.943333333333335,294.35036097753084,292.4493,586.625,439.5372,0.0,0.7312,0.7084,830,27.943333333333335,294.9791753632969,292.1477,586.9161,439.5319,0.025,0.7189,0.8681,830,27.943333333333335,295.14220913905126,292.0162,586.9885,439.5024,0.0,0.8271,0.8427,830,27.943333333333335,294.37960525734843,292.4442,586.625,439.5346,0.0583,0.572,0.7084,830,27.943333333333335
294.3360102987628,292.7511,586.9423,439.8467,0.075,0.6048,0.6967,831,27.97666666666667,294.2562758194332,292.7685,586.8665,439.8175,0.0,0.8294,0.679,831,27.97666666666667,295.12063821083063,292.2856,587.1916,439.7386,0.0333,0.8532,0.84,831,27.97666666666667,295.1073823024285,292.3203,587.2687,439.7945,0.0,0.8164,0.7844,831,27.97666666666667,294.3360102987628,292.7511,586.9423,439.8467,0.075,0.6048,0.6967,831,27.97666666666667
294.24082118778597,292.7869,586.8823,439.8346,0.0667,0.6472,0.7477,832,28.01,294.2101392453896,292.7594,586.8053,439.7824,0.0,0.7713,0.6467,832,28.01,295.11729463673373,292.2863,587.1644,439.7254,0.0333,0.8512,0.8574,832,28.01,295.10694597122097,292.3204,587.2511,439.7858,0.0,0.8027,0.7855,832,28.01,294.24082118778597,292.7869,586.8823,439.8346,0.0667,0.6472,0.7477,832,28.01
294.17569867473463,292.6583,586.6069,439.6326,0.0583,0.5418,0.7243,833,28.046666666666667,294.1325868430861,292.6771,586.6069,439.642,0.0,0.8405,0.7243,833,28.046666666666667,295.0819417035898,292.194,587.0407,439.6173,0.025,0.8572,0.7957,833,28.046666666666667,295.03732645359844,292.2238,587.0407,439.6323,0.0,0.8046,0.7957,833,28.046666666666667,294.17569867473463,292.6583,586.6069,439.6326,0.0583,0.5418,0.7243,833,28.046666666666667
294.2539396367265,292.5747,586.5958,439.5852,0.05,0.6628,0.7618,834,28.076666666666668,294.2602234611487,292.5388,586.5958,439.5673,0.0,0.7729,0.7618,834,28.076666666666668,295.1234602315783,292.1086,587.007,439.5578,0.0333,0.7171,0.8062,834,28.076666666666668,295.13221493304786,292.087,587.007,439.547,0.0,0.762,0.8062,834,28.076666666666668,294.2539396367265,292.5747,586.5958,439.5852,0.05,0.6628,0.7618,834,28.076666666666668
294.19206203772114,292.5917,586.5695,439.5806,0.025,0.7246,0.9783,835,28.105,294.172344398188,292.5959,586.5695,439.5827,0.0,0.8154,0.9783,835,28.105,295.1299789514794,292.0257,586.9531,439.4894,0.0333,0.6509,1.1368,835,28.105,295.14134718508126,292.0017,586.9531,439.4774,0.0,0.7381,1.1368,835,28.105,294.19206203772114,292.5917,586.5695,439.5806,0.025,0.7246,0.9783,835,28.105
294.18986102291615,292.5933,586.569,439.5812,0.025,0.723,0.976,836,28.150000000000002,294.1702032973178,292.5975,586.569,439.5833,0.0,0.8196,0.976,836,28.150000000000002,295.128274745897,292.0274,586.9531,439.4903,0.0333,0.6486,1.1383,836,28.150000000000002,295.13982909284755,292.0032,586.9531,439.4782,0.0,0.7367,1.1383,836,28.150000000000002,294.18986102291615,292.5933,586.569,439.5812,0.025,0.723,0.976,836,28.150000000000002
294.192237659891,292.5907,586.568,439.5793,0.025,0.7383,0.9182,837,28.17666666666667,294.1724269189233,292.595,586.568,439.5815,0.0,0.8236,0.9182,837,28.17666666666667,295.12527480059634,292.0296,586.9512,439.4904,0.0333,0.6536,1.1362,837,28.17666666666667,295.13670168281635,292.0055,586.9512,439.4784,0.0,0.7393,1.1362,837,28.17666666666667,294.192237659891,292.5907,586.568,439.5793,0.025,0.7383,0.9182,837,28.17666666666667
294.1881760866539,292.5957,586.5702,439.583,0.025,0.7283,0.9248,838,28.205000000000005,294.1659549837692,292.6027,586.5702,439.5864,0.0,0.7873,0.9248,838,28.205000000000005,295.0141588288154,292.1362,586.9566,439.5464,0.0167,0.7769,1.1179,838,28.205000000000005,295.13957072111873,292.0078,586.9566,439.4822,0.0,0.7743,1.1179,838,28.205000000000005,294.1881760866539,292.5957,586.5702,439.583,0.025,0.7283,0.9248,838,28.205000000000005
294.188746080573,292.5872,586.5631,439.5751,0.025,0.822,0.9054,839,28.246666666666673,294.1661464146457,292.5946,586.5631,439.5788,0.0,0.8242,0.9054,839,28.246666666666673,295.19194640921216,291.9766,586.9585,439.4675,0.025,0.6913,1.0092,839,28.246666666666673,295.14557945296383,292.0078,586.9585,439.4831,0.0,0.7561,1.0092,839,28.246666666666673,294.188746080573,292.5872,586.5631,439.5751,0.025,0.822,0.9054,839,28.246666666666673
294.1810438932065,292.5873,586.5552,439.5713,0.025,0.8274,0.9069,840,28.276666666666667,294.1585573015715,292.5947,586.5552,439.5749,0.0,0.8179,0.9069,840,28.276666666666667,295.19053136773204,291.9762,586.957,439.4666,0.025,0.6941,1.0078,840,28.276666666666667,295.1441622044189,292.0074,586.957,439.4822,0.0,0.7551,1.0078,840,28.276666666666667,294.1810438932065,292.5873,586.5552,439.5713,0.025,0.8274,0.9069,840,28.276666666666667
294.17756037862534,292.5895,586.5547,439.5721,0.025,0.8243,0.9007,841,28.303333333333335,294.15520748767165,292.5966,586.5547,439.5757,0.0,0.8167,0.9007,841,28.303333333333335,295.1868622989889,291.9797,586.9567,439.4682,0.025,0.6274,1.0073,841,28.303333333333335,295.1405976650074,292.0108,586.9567,439.4838,0.0,0.7567,1.0073,841,28.303333333333335,294.17756037862534,292.5895,586.5547,439.5721,0.025,0.8243,0.9007,841,28.303333333333335
294.17104738175476,292.5887,586.5485,439.5686,0.025,0.8297,0.9023,842,28.35,294.148799123559,292.5958,586.5485,439.5721,0.0,0.8128,0.9023,842,28.35,295.1834037608004,291.9793,586.9536,439.4665,0.025,0.6284,1.009,842,28.35,295.13712085237245,292.0105,586.9536,439.482,0.0,0.7568,1.009,842,28.35,294.17104738175476,292.5887,586.5485,439.5686,0.025,0.8297,0.9023,842,28.35
294.1647113102396,292.5918,586.544,439.5679,0.025,0.8183,0.9052,843,28.37666666666667,294.14243351225616,292.5989,586.544,439.5714,0.0,0.8196,0.9052,843,28.37666666666667,295.18128249578353,291.9789,586.9506,439.4648,0.025,0.6449,1.0089,843,28.37666666666667,295.1351163010718,292.0099,586.9506,439.4803,0.0,0.7558,1.0089,843,28.37666666666667,294.1647113102396,292.5918,586.544,439.5679,0.025,0.8183,0.9052,843,28.37666666666667
294.16480972739055,292.5915,586.5429,439.5672,0.025,0.8219,0.8972,844,28.405,294.1424431306822,292.5987,586.5429,439.5708,0.0,0.8197,0.8972,844,28.405,295.1801006020237,291.9784,586.9481,439.4632,0.025,0.6482,1.0089,844,28.405,295.1339339973556,292.0094,586.9481,439.4787,0.0,0.7554,1.0089,844,28.405,294.16480972739055,292.5915,586.5429,439.5672,0.025,0.8219,0.8972,844,28.405
294.1840620507039,292.5311,586.5106,439.5208,0.0417,0.7982,0.8707,845,28.438333333333336,294.06456876565943,292.6214,586.4514,439.5364,0.0,0.9154,0.8432,845,28.438333333333336,295.08964529736846,291.9888,586.8444,439.4166,0.0333,0.6893,0.9535,845,28.438333333333336,294.9870178090639,292.0999,586.8444,439.4722,0.0,0.77,0.9535,845,28.438333333333336,294.1840620507039,292.5311,586.5106,439.5208,0.0417,0.7982,0.8707,845,28.438333333333336
294.25480879184784,292.693,586.7656,439.7293,0.0333,0.8277,0.7402,846,28.471666666666668,294.17173581343764,292.7874,586.7656,439.7765,0.0,0.8611,0.7402,846,28.471666666666668,295.1967239811954,292.161,587.1775,439.6692,0.0333,0.6931,0.9191,846,28.471666666666668,295.0928269118932,292.2738,587.1775,439.7256,0.0,0.8074,0.9191,846,28.471666666666668,294.25480879184784,292.693,586.7656,439.7293,0.0333,0.8277,0.7402,846,28.471666666666668
294.05212122701835,292.9988,586.8969,439.9479,0.0333,0.7857,0.7586,847,28.51,294.00538118018517,293.0127,586.8588,439.9357,0.0,0.8459,0.7718,847,28.51,294.9928679343301,292.4475,587.2856,439.8665,0.025,0.7096,0.8665,847,28.51,294.95574041450277,292.4747,587.2856,439.8802,0.0,0.7759,0.8665,847,28.51,294.05212122701835,292.9988,586.8969,439.9479,0.0333,0.7857,0.7586,847,28.51
294.08882206838365,292.8768,586.7884,439.8326,0.025,0.869,0.7086,848,28.538333333333334,294.0947742326424,292.8422,586.7534,439.7978,0.0,0.8088,0.7158,848,28.538333333333334,295.0522314487207,292.2818,587.15,439.7159,0.0333,0.7472,0.7983,848,28.538333333333334,294.95787044432666,292.3615,587.15,439.7557,0.0,0.797,0.7983,848,28.538333333333334,294.08882206838365,292.8768,586.7884,439.8326,0.025,0.869,0.7086,848,28.538333333333334
294.13922665845695,292.6473,586.5574,439.6023,0.025,0.7959,0.6851,849,28.57166666666667,294.1056897674649,292.6651,586.5574,439.6112,0.0,0.7889,0.6851,849,28.57166666666667,294.9247659833464,292.1971,586.8638,439.5305,0.0417,0.7285,0.777,849,28.57166666666667,294.9703191292951,292.176,586.9461,439.5611,0.0,0.7828,0.8647,849,28.57166666666667,294.13922665845695,292.6473,586.5574,439.6023,0.025,0.7959,0.6851,849,28.57166666666667
294.2681624172059,292.4853,586.5324,439.5088,0.0333,0.6988,0.7149,850,28.603333333333335,294.18051682265707,292.5512,586.5324,439.5418,0.0,0.9258,0.7149,850,28.603333333333335,295.04487633268013,292.0473,586.839,439.4432,0.0333,0.7412,0.7906,850,28.603333333333335,295.03501023930835,292.0782,586.9198,439.499,0.0,0.7798,0.8105,850,28.603333333333335,294.2681624172059,292.4853,586.5324,439.5088,0.0333,0.6988,0.7149,850,28.603333333333335
294.3002110222138,292.4496,586.5286,439.4891,0.0333,0.7378,0.7323,851,28.63666666666667,294.213131261647,292.515,586.5286,439.5218,0.0,0.8554,0.7323,851,28.63666666666667,295.0236644060981,292.0621,586.8346,439.4484,0.0417,0.6838,0.8037,851,28.63666666666667,295.0708924010891,292.0389,586.9164,439.4776,0.0,0.7968,0.8356,851,28.63666666666667,294.3002110222138,292.4496,586.5286,439.4891,0.0333,0.7378,0.7323,851,28.63666666666667
294.22672455247704,292.5107,586.5194,439.5151,0.0333,0.6799,0.7873,852,28.671666666666667,294.14785298159893,292.5684,586.5194,439.5439,0.0,0.8324,0.7873,852,28.671666666666667,295.02631125906805,292.0455,586.822,439.4338,0.0417,0.6913,0.8149,852,28.671666666666667,295.07408216213474,292.022,586.9035,439.4628,0.0,0.7793,0.8017,852,28.671666666666667,294.22672455247704,292.5107,586.5194,439.5151,0.0333,0.6799,0.7873,852,28.671666666666667
294.2285710355634,292.507,586.5145,439.5107,0.0333,0.6834,0.7538,853,28.705000000000005,294.14917456163846,292.5651,586.5145,439.5398,0.0,0.8447,0.7538,853,28.705000000000005,295.0591028546509,292.0443,586.8992,439.4718,0.0333,0.6851,0.8047,853,28.705000000000005,295.0745794481976,292.021,586.8992,439.4601,0.0,0.7836,0.8047,853,28.705000000000005,294.2285710355634,292.507,586.5145,439.5107,0.0333,0.6834,0.7538,853,28.705000000000005
294.23054518191896,292.5046,586.5143,439.5094,0.0333,0.6897,0.75,854,28.736666666666668,294.15104851511273,292.5629,586.5143,439.5386,0.0,0.8365,0.75,854,28.736666666666668,295.0615859179751,292.0409,586.8982,439.4695,0.0333,0.6868,0.8048,854,28.736666666666668,295.07668133651987,292.0178,586.8982,439.458,0.0,0.7881,0.8048,854,28.736666666666668,294.23054518191896,292.5046,586.5143,439.5094,0.0333,0.6897,0.75,854,28.736666666666668
294.1796296286379,292.5167,586.4786,439.4976,0.025,0.6945,0.8332,855,28.77166666666667,294.1550674476339,292.5258,586.4786,439.5022,0.0,0.8056,0.8332,855,28.77166666666667,295.0700180389647,291.9936,586.8018,439.3977,0.0417,0.7264,1.0008,855,28.77166666666667,295.11558793791727,291.9712,586.8834,439.4273,0.0,0.7378,0.9313,855,28.77166666666667,294.1796296286379,292.5167,586.4786,439.4976,0.025,0.6945,0.8332,855,28.77166666666667
294.17958934345273,292.5174,586.4784,439.4979,0.025,0.7697,0.8365,856,28.805000000000003,294.1544354066061,292.527,586.4784,439.5027,0.0,0.8888,0.8365,856,28.805000000000003,295.01872195117926,292.0399,586.801,439.4205,0.0417,0.7524,1.0198,856,28.805000000000003,295.0702085480723,292.0118,586.8822,439.447,0.0,0.782,0.9486,856,28.805000000000003,294.17958934345273,292.5174,586.4784,439.4979,0.025,0.7697,0.8365,856,28.805000000000003
294.124401556311,292.5646,586.4761,439.5203,0.0167,0.7959,0.8601,857,28.838333333333335,294.1539419484572,292.5244,586.4761,439.5003,0.0,0.891,0.8601,857,28.838333333333335,295.01952650284943,292.0381,586.8004,439.4193,0.0417,0.7519,1.0213,857,28.838333333333335,295.0710145065273,292.01,586.8816,439.4458,0.0,0.7798,0.9518,857,28.838333333333335,294.124401556311,292.5646,586.4761,439.5203,0.0167,0.7959,0.8601,857,28.838333333333335
294.1768604956085,292.5133,586.4739,439.4936,0.025,0.7379,0.8658,858,28.871666666666673,294.1519151421034,292.5227,586.4739,439.4983,0.0,0.8828,0.8658,858,28.871666666666673,295.01053007224726,292.0383,586.7945,439.4164,0.0417,0.7522,0.9318,858,28.871666666666673,295.0623950408972,292.0102,586.8765,439.4433,0.0,0.7799,0.9351,858,28.871666666666673,294.1768604956085,292.5133,586.4739,439.4936,0.025,0.7379,0.8658,858,28.871666666666673
294.1729600319729,292.5192,586.4756,439.4974,0.025,0.7799,0.8638,859,28.905,294.1484806782646,292.5282,586.4756,439.5019,0.0,0.8891,0.8638,859,28.905,295.00843963591797,292.0414,586.7956,439.4185,0.0417,0.7622,0.9495,859,28.905,295.0605490001862,292.013,586.8776,439.4453,0.0,0.7831,0.9297,859,28.905,294.1729600319729,292.5192,586.4756,439.4974,0.025,0.7799,0.8638,859,28.905
294.1722175020451,292.5209,586.4758,439.4983,0.025,0.7659,0.8514,860,28.938333333333336,294.1477014700837,292.5298,586.4758,439.5028,0.0,0.8885,0.8514,860,28.938333333333336,295.0094054835579,292.0405,586.7953,439.4179,0.0417,0.7558,0.9306,860,28.938333333333336,295.0613324946661,292.0123,586.8772,439.4447,0.0,0.7755,0.9348,860,28.938333333333336,294.1722175020451,292.5209,586.4758,439.4983,0.025,0.7659,0.8514,860,28.938333333333336
294.17479415696056,292.5183,586.4754,439.4968,0.025,0.7754,0.8484,861,28.971666666666668,294.1501926210956,292.5273,586.4754,439.5014,0.0,0.888,0.8484,861,28.971666666666668,295.012390367457,292.0375,586.7956,439.4165,0.0417,0.7564,0.9733,861,28.971666666666668,295.06432025131824,292.0093,586.8776,439.4434,0.0,0.7634,0.9347,861,28.971666666666668,294.17479415696056,292.5183,586.4754,439.4968,0.025,0.7754,0.8484,861,28.971666666666668
294.21935534001733,292.7751,586.8303,439.8027,0.0417,0.7839,0.8589,862,29.01,294.11426748121386,292.8423,586.7949,439.8186,0.0,0.7996,0.8511,862,29.01,295.0492689362062,292.2737,587.1587,439.7162,0.025,0.7101,0.9544,862,29.01,295.0056145792846,292.3045,587.1587,439.7316,0.0,0.8314,0.9544,862,29.01,294.21935534001733,292.7751,586.8303,439.8027,0.0417,0.7839,0.8589,862,29.01
294.0667060716612,292.875,586.7581,439.8166,0.0167,0.8872,0.8458,863,29.03666666666667,294.09330456599196,292.8386,586.7581,439.7983,0.0,0.8726,0.8458,863,29.03666666666667,295.0183009119015,292.2753,587.1117,439.6935,0.025,0.7132,0.8755,863,29.03666666666667,294.9721903542793,292.3059,587.1117,439.7088,0.0,0.8459,0.8755,863,29.03666666666667,294.0667060716612,292.875,586.7581,439.8166,0.0167,0.8872,0.8458,863,29.03666666666667
294.0715584980203,292.8679,586.7528,439.8103,0.0167,0.9252,0.8402,864,29.07166666666667,294.0971531595941,292.8318,586.7528,439.7923,0.0,0.8935,0.8402,864,29.07166666666667,295.01876744120216,292.2698,587.1021,439.686,0.025,0.8502,0.8754,864,29.07166666666667,294.9713635756828,292.3018,587.1021,439.702,0.0,0.9193,0.8754,864,29.07166666666667,294.0715584980203,292.8679,586.7528,439.8103,0.0167,0.9252,0.8402,864,29.07166666666667
294.17471842508655,292.7653,586.7148,439.7401,0.0417,0.7389,0.8062,865,29.105,294.2655818280453,292.6604,586.7148,439.6876,0.0,0.7702,0.8062,865,29.105,294.89087629802543,292.3437,587.0458,439.6947,0.0333,0.7124,0.9537,865,29.105,295.0638654489805,292.1841,587.0458,439.615,0.0,0.7044,0.9537,865,29.105,294.17471842508655,292.7653,586.7148,439.7401,0.0417,0.7389,0.8062,865,29.105
294.2355286755936,292.583,586.583,439.583,0.05,0.7734,0.7719,866,29.138333333333335,294.2516024526639,292.5913,586.6307,439.611,0.0,0.8266,0.7875,866,29.138333333333335,295.0850036818688,292.1446,587.0045,439.5745,0.0333,0.7386,0.9215,866,29.138333333333335,295.0959132507683,292.1214,587.0045,439.5629,0.0,0.7593,0.9215,866,29.138333333333335,294.2355286755936,292.583,586.583,439.583,0.05,0.7734,0.7719,866,29.138333333333335
294.1999808964138,292.603,586.5685,439.5858,0.05,0.7779,0.7632,867,29.171666666666667,294.2348501723851,292.565,586.5923,439.5787,0.0,0.8421,0.7713,867,29.171666666666667,295.0792122244104,292.1564,586.9372,439.5468,0.075,0.7603,0.6047,867,29.171666666666667,295.074332262913,292.0954,586.9676,439.5315,0.0,0.735,0.8602,867,29.171666666666667,294.1999808964138,292.603,586.5685,439.5858,0.05,0.7779,0.7632,867,29.171666666666667
294.20984498117093,292.5649,586.5211,439.543,0.0667,0.8081,0.6487,868,29.205000000000005,294.2494831517007,292.5273,586.5707,439.549,0.0,0.8269,0.7473,868,29.205000000000005,295.0751987583384,292.127,586.9078,439.5174,0.075,0.7401,0.6079,868,29.205000000000005,295.08511052072083,292.0599,586.9444,439.5021,0.0,0.7552,0.8636,868,29.205000000000005,294.20984498117093,292.5649,586.5211,439.543,0.0667,0.8081,0.6487,868,29.205000000000005
294.163168684752,292.6016,586.5292,439.5654,0.0417,0.7965,0.7136,869,29.238333333333337,294.14517479300423,292.6134,586.558,439.5857,0.0,0.8062,0.7576,869,29.238333333333337,295.06459646655946,292.1212,586.8898,439.5055,0.0667,0.7476,0.6187,869,29.238333333333337,295.08008345755877,292.0548,586.9322,439.4935,0.0,0.7651,0.8137,869,29.238333333333337,294.163168684752,292.6016,586.5292,439.5654,0.0417,0.7965,0.7136,869,29.238333333333337
294.14978753404455,292.6041,586.5205,439.5623,0.0417,0.7946,0.7096,870,29.275000000000002,294.1320590659156,292.6155,586.5492,439.5823,0.0,0.8107,0.7332,870,29.275000000000002,295.0946799213809,292.0727,586.8803,439.4765,0.0583,0.7328,0.5912,870,29.275000000000002,295.0661984554597,292.0541,586.9222,439.4881,0.0,0.8,0.803,870,29.275000000000002,294.14978753404455,292.6041,586.5205,439.5623,0.0417,0.7946,0.7096,870,29.275000000000002
294.09554047209156,292.6477,586.4976,439.5726,0.05,0.8443,0.6834,871,29.305000000000003,294.13912197264244,292.6087,586.5488,439.5788,0.0,0.8564,0.7367,871,29.305000000000003,295.10458133754685,292.0629,586.8822,439.4726,0.0583,0.7036,0.6032,871,29.305000000000003,295.0789396065236,292.0412,586.9236,439.4824,0.0,0.7104,0.8123,871,29.305000000000003,294.09554047209156,292.6477,586.4976,439.5726,0.05,0.8443,0.6834,871,29.305000000000003
294.1306011236286,292.6455,586.5894,439.6174,0.025,0.764,0.7326,872,29.338333333333335,294.13696250780765,292.6065,586.5478,439.5772,0.0,0.8101,0.7604,872,29.338333333333335,295.06404312912827,292.0649,586.8595,439.4622,0.05,0.7088,0.668,872,29.338333333333335,295.07050818789844,292.0433,586.9193,439.4813,0.0,0.7105,0.7939,872,29.338333333333335,294.1306011236286,292.6455,586.5894,439.6174,0.025,0.764,0.7326,872,29.338333333333335
294.10771181893983,292.6445,586.5464,439.5954,0.0167,0.7643,0.7624,873,29.37666666666667,294.13611447725395,292.6055,586.5464,439.576,0.0,0.8088,0.7624,873,29.37666666666667,295.065197913391,292.0629,586.8593,439.4611,0.05,0.6987,0.6698,873,29.37666666666667,295.0717698821188,292.0412,586.9191,439.4801,0.0,0.7006,0.7952,873,29.37666666666667,294.10771181893983,292.6445,586.5464,439.5954,0.0167,0.7643,0.7624,873,29.37666666666667
294.1181211796455,292.6278,586.5444,439.5861,0.0167,0.7557,0.7491,874,29.41,294.1462835271459,292.5892,586.5444,439.5668,0.0,0.7984,0.7491,874,29.41,295.0296412081264,292.0958,586.8567,439.4762,0.0583,0.7002,0.691,874,29.41,295.08036939694694,292.0273,586.9163,439.4718,0.0,0.7036,0.8167,874,29.41,294.1181211796455,292.6278,586.5444,439.5861,0.0167,0.7557,0.7491,874,29.41
294.10537750805065,292.585,586.4873,439.5361,0.0167,0.8525,0.9126,875,29.44,294.1346449747629,292.545,586.4873,439.5161,0.0,0.8668,0.9126,875,29.44,295.0262487265177,292.0096,586.8359,439.4228,0.0417,0.7331,0.9769,875,29.44,294.98816946011914,292.0319,586.8359,439.4339,0.0,0.7099,0.9769,875,29.44,294.10537750805065,292.585,586.4873,439.5361,0.0167,0.8525,0.9126,875,29.44
294.10451408929026,292.5862,586.4877,439.537,0.0167,0.8508,0.9145,876,29.48,294.1341445242733,292.5459,586.4877,439.5168,0.0,0.8883,0.9145,876,29.48,295.02579347577614,292.0103,586.8361,439.4232,0.0417,0.7336,0.9811,876,29.48,294.98786841801666,292.0325,586.8361,439.4343,0.0,0.7196,0.9811,876,29.48,294.10451408929026,292.5862,586.4877,439.537,0.0167,0.8508,0.9145,876,29.48
294.33774527285817,292.636,586.7485,439.6923,0.05,0.7358,0.6588,877,29.51,294.2155728291763,292.7615,586.8148,439.7882,0.0,0.8023,0.7382,877,29.51,295.08759848957766,292.2281,587.1528,439.6904,0.0417,0.6544,0.7355,877,29.51,295.0455525062952,292.2569,587.1528,439.7049,0.0,0.7379,0.7355,877,29.51,294.33774527285817,292.636,586.7485,439.6923,0.05,0.7358,0.6588,877,29.51
294.2259073154636,292.7239,586.7262,439.7251,0.0417,0.7974,0.6769,878,29.543333333333337,294.16859172409124,292.7904,586.7944,439.7924,0.0,0.8428,0.7153,878,29.543333333333337,294.99963950248804,292.2724,587.0658,439.6691,0.0333,0.6754,0.8925,878,29.543333333333337,294.99457140743004,292.2991,587.1403,439.7197,0.0,0.7886,0.777,878,29.543333333333337,294.2259073154636,292.7239,586.7262,439.7251,0.0417,0.7974,0.6769,878,29.543333333333337
294.3359992204853,292.616,586.7727,439.6943,0.0583,0.8292,0.6888,879,29.581666666666667,294.1416392988271,292.7393,586.6897,439.7145,0.0,0.8897,0.6585,879,29.581666666666667,295.01549125141304,292.2086,587.0283,439.6185,0.05,0.6784,0.8091,879,29.581666666666667,294.9172871407536,292.2867,587.0283,439.6575,0.0,0.8144,0.8091,879,29.581666666666667,294.3359992204853,292.616,586.7727,439.6943,0.0583,0.8292,0.6888,879,29.581666666666667
293.98618079448494,292.6105,586.3267,439.4686,0.0417,0.9313,0.6772,880,29.610000000000003,294.1231952055396,292.5738,586.4795,439.5266,0.0,0.9276,0.7294,880,29.610000000000003,294.9189129414015,292.1161,586.772,439.4441,0.05,0.6876,0.8381,880,29.610000000000003,294.91831320072595,292.1365,586.8575,439.497,0.0,0.8017,0.8352,880,29.610000000000003,293.98618079448494,292.6105,586.3267,439.4686,0.0417,0.9313,0.6772,880,29.610000000000003
294.18975802398154,292.4635,586.4394,439.4515,0.0583,0.7638,0.7711,881,29.638333333333335,294.1636293914218,292.5307,586.4828,439.5068,0.0,0.8526,0.6944,881,29.638333333333335,294.9413680892204,292.087,586.7715,439.4293,0.05,0.7328,0.8496,881,29.638333333333335,294.9377786241634,292.1102,586.8554,439.4828,0.0,0.7754,0.8454,881,29.638333333333335,294.18975802398154,292.4635,586.4394,439.4515,0.0583,0.7638,0.7711,881,29.638333333333335
294.1965417040624,292.4598,586.4431,439.4514,0.0583,0.767,0.7598,882,29.68166666666667,294.170906009744,292.5266,586.4865,439.5066,0.0,0.8607,0.7338,882,29.68166666666667,294.95004226804656,292.0817,586.7753,439.4285,0.05,0.7309,0.8596,882,29.68166666666667,294.94624531114187,292.1051,586.8593,439.4822,0.0,0.8357,0.8442,882,29.68166666666667,294.1965417040624,292.4598,586.4431,439.4514,0.0583,0.767,0.7598,882,29.68166666666667
294.2388716303734,292.4581,586.4908,439.4744,0.05,0.7746,0.7232,883,29.71,294.17100753550824,292.5249,586.4872,439.5061,0.0,0.8661,0.7313,883,29.71,294.9508537169679,292.0775,586.7753,439.4264,0.0333,0.7642,0.8634,883,29.71,294.9472832074627,292.1028,586.859,439.4809,0.0,0.8857,0.8459,883,29.71,294.2388716303734,292.4581,586.4908,439.4744,0.05,0.7746,0.7232,883,29.71
294.2810100944427,292.4593,586.5276,439.4934,0.0417,0.7763,0.7204,884,29.740000000000002,294.1724268015528,292.5262,586.489,439.5076,0.0,0.8942,0.7342,884,29.740000000000002,294.8412593777508,292.1821,586.7794,439.4808,0.0167,0.9333,0.9086,884,29.740000000000002,294.9521990707732,292.1032,586.8638,439.4835,0.0,0.8836,0.8329,884,29.740000000000002,294.2810100944427,292.4593,586.5276,439.4934,0.0417,0.7763,0.7204,884,29.740000000000002
294.0009241084741,292.7001,586.5265,439.6133,0.0333,0.8097,0.8063,885,29.783333333333335,294.18280494915933,292.5308,586.5265,439.5287,0.0,0.785,0.8063,885,29.783333333333335,295.06663600686124,292.0568,586.8764,439.4666,0.0417,0.6765,0.8183,885,29.783333333333335,295.1173492280511,292.0311,586.9636,439.4974,0.0,0.73,0.778,885,29.783333333333335,294.0009241084741,292.7001,586.5265,439.6133,0.0333,0.8097,0.8063,885,29.783333333333335
294.0006646678198,292.7006,586.5268,439.6137,0.0333,0.812,0.8062,886,29.810000000000002,294.1829786506627,292.5308,586.5268,439.5288,0.0,0.786,0.8062,886,29.810000000000002,295.06553058512156,292.0584,586.8765,439.4675,0.0417,0.6811,0.8178,886,29.810000000000002,295.11630078706463,292.0327,586.9638,439.4983,0.0,0.7304,0.7779,886,29.810000000000002,294.0006646678198,292.7006,586.5268,439.6137,0.0333,0.812,0.8062,886,29.810000000000002
294.000621316492,292.6992,586.5252,439.6122,0.0333,0.8193,0.8059,887,29.83666666666667,294.1825013697706,292.5297,586.5252,439.5274,0.0,0.7885,0.8059,887,29.83666666666667,295.0659613383176,292.0568,586.8754,439.4661,0.0417,0.6818,0.8196,887,29.83666666666667,295.11658642118715,292.0313,586.9627,439.497,0.0,0.7307,0.7763,887,29.83666666666667,294.000621316492,292.6992,586.5252,439.6122,0.0333,0.8193,0.8059,887,29.83666666666667
294.01162186975137,292.6947,586.5323,439.6135,0.0333,0.8437,0.8338,888,29.871666666666673,294.19221984668155,292.5263,586.5323,439.5293,0.0,0.7722,0.8338,888,29.871666666666673,295.06999128817915,292.0527,586.8757,439.4642,0.0417,0.7026,0.7715,888,29.871666666666673,295.11955955290773,292.0282,586.963,439.4956,0.0,0.7332,0.8092,888,29.871666666666673,294.01162186975137,292.6947,586.5323,439.6135,0.0333,0.8437,0.8338,888,29.871666666666673
294.1619164502391,292.5601,586.5258,439.5429,0.0333,0.7328,0.8081,889,29.905,294.1911470331903,292.519,586.5258,439.5224,0.0,0.8041,0.8081,889,29.905,295.07504686353934,292.0523,586.8778,439.465,0.0417,0.6689,0.8168,889,29.905,295.1253173186991,292.0271,586.9656,439.4964,0.0,0.7606,0.737,889,29.905,294.1619164502391,292.5601,586.5258,439.5429,0.0333,0.7328,0.8081,889,29.905
294.16602407842726,292.5587,586.5268,439.5428,0.0333,0.6853,0.7975,890,29.938333333333336,294.1938823149527,292.5189,586.5268,439.5229,0.0,0.8019,0.7975,890,29.938333333333336,295.07955209349564,292.0485,586.8785,439.4635,0.0417,0.6449,0.8117,890,29.938333333333336,295.12937225893654,292.0238,586.9663,439.495,0.0,0.7621,0.7384,890,29.938333333333336,294.16602407842726,292.5587,586.5268,439.5428,0.0333,0.6853,0.7975,890,29.938333333333336
294.2289022720445,292.4986,586.5258,439.5122,0.025,0.7506,0.8084,891,29.971666666666668,294.19883554934574,292.5129,586.5258,439.5194,0.0,0.7984,0.8084,891,29.971666666666668,295.08665839731293,292.0424,586.879,439.4607,0.0417,0.6495,0.7964,891,29.971666666666668,295.13592079647884,292.0182,586.9668,439.4925,0.0,0.7578,0.7388,891,29.971666666666668,294.2289022720445,292.4986,586.5258,439.5122,0.025,0.7506,0.8084,891,29.971666666666668
294.22538035014634,292.5094,586.5305,439.52,0.0417,0.7261,0.8065,892,30.01,294.2007791709826,292.5164,586.5305,439.5235,0.0,0.7892,0.8065,892,30.01,295.08175950219197,292.0444,586.878,439.4612,0.0417,0.6626,0.8083,892,30.01,295.130943922504,292.0202,586.9652,439.4927,0.0,0.7568,0.7931,892,30.01,294.22538035014634,292.5094,586.5305,439.52,0.0417,0.7261,0.8065,892,30.01
294.30863729046337,292.7113,586.8736,439.7925,0.05,0.7406,0.7307,893,30.038333333333334,294.17667702399126,292.7763,586.7912,439.7837,0.0,0.8723,0.6478,893,30.038333333333334,295.12023008519816,292.2816,587.2636,439.7726,0.0417,0.7684,0.8336,893,30.038333333333334,295.0327805896942,292.3101,587.1769,439.7435,0.0,0.8209,0.8976,893,30.038333333333334,294.30863729046337,292.7113,586.8736,439.7925,0.05,0.7406,0.7307,893,30.038333333333334
294.20698752248137,292.7049,586.6787,439.6918,0.0417,0.7594,0.7187,894,30.07166666666667,294.1515815221535,292.7712,586.752,439.7616,0.0,0.9026,0.6451,894,30.07166666666667,294.92077632044,292.3981,587.1436,439.7709,0.0167,0.7639,0.9221,894,30.07166666666667,295.0103416114122,292.3121,587.1436,439.7279,0.0,0.8483,0.9221,894,30.07166666666667,294.20698752248137,292.7049,586.6787,439.6918,0.0417,0.7594,0.7187,894,30.07166666666667
294.14734376787266,292.6906,586.6145,439.6525,0.025,0.7751,0.8594,895,30.105,294.1277827906091,292.6944,586.6145,439.6545,0.0,0.9006,0.8594,895,30.105,295.0658549329089,292.1628,586.9979,439.5804,0.025,0.8573,0.8478,895,30.105,295.02238671468325,292.1907,586.9979,439.5943,0.0,0.8397,0.8478,895,30.105,294.14734376787266,292.6906,586.6145,439.6525,0.025,0.7751,0.8594,895,30.105
294.1432231692477,292.6319,586.56,439.5959,0.025,0.7314,0.8244,896,30.13666666666667,294.1226580351858,292.6363,586.56,439.5982,0.0,0.9242,0.8244,896,30.13666666666667,294.9548685630149,292.1633,586.9093,439.5363,0.0167,0.8949,0.8611,896,30.13666666666667,294.9722760547722,292.1352,586.9093,439.5222,0.0,0.9214,0.8611,896,30.13666666666667,294.1432231692477,292.6319,586.56,439.5959,0.025,0.7314,0.8244,896,30.13666666666667
294.05412203614145,292.6523,586.4591,439.5557,0.025,0.7964,0.8167,897,30.17,294.11445297639915,292.6077,586.5236,439.5657,0.0,0.9057,0.8929,897,30.17,294.88166120862763,292.2072,586.877,439.5421,0.0083,0.9393,0.9299,897,30.17,294.95783422143126,292.1248,586.877,439.5009,0.0,0.9852,0.9299,897,30.17,294.05412203614145,292.6523,586.4591,439.5557,0.025,0.7964,0.8167,897,30.17
294.1228837379101,292.5981,586.5107,439.5544,0.025,0.8464,0.9084,898,30.205000000000005,294.101216353263,292.6038,586.5107,439.5572,0.0,0.9082,0.9084,898,30.205000000000005,294.9864404869053,292.1376,586.9017,439.5196,0.0167,0.9218,0.939,898,30.205000000000005,295.00257481724157,292.1106,586.9017,439.5061,0.0,0.9392,0.939,898,30.205000000000005,294.1228837379101,292.5981,586.5107,439.5544,0.025,0.8464,0.9084,898,30.205000000000005
294.0957935327656,292.5939,586.4399,439.5169,0.0333,0.8697,0.7902,899,30.236666666666668,294.101474413416,292.5997,586.5062,439.553,0.0,0.935,0.8781,899,30.236666666666668,294.95411108819155,292.1864,586.9452,439.5658,0.0167,0.8794,0.901,899,30.236666666666668,295.0035142832438,292.1045,586.8966,439.5006,0.0,0.939,0.8307,899,30.236666666666668,294.0957935327656,292.5939,586.4399,439.5169,0.0333,0.8697,0.7902,899,30.236666666666668
294.10709042435184,292.5831,586.4404,439.5118,0.0333,0.8044,0.7917,900,30.27166666666667,294.11209580257116,292.5896,586.5068,439.5482,0.0,0.9286,0.886,900,30.27166666666667,294.96370081753116,292.1783,586.9467,439.5625,0.0167,0.8897,0.8935,900,30.27166666666667,295.01253018203033,292.0967,586.898,439.4973,0.0,0.9412,0.8272,900,30.27166666666667,294.10709042435184,292.5831,586.4404,439.5118,0.0333,0.8044,0.7917,900,30.27166666666667
294.10915664725815,292.5829,586.4417,439.5123,0.0333,0.8008,0.7925,901,30.305000000000003,294.1140052527014,292.5895,586.5081,439.5488,0.0,0.946,0.8855,901,30.305000000000003,294.9916178737441,292.1416,586.9461,439.5438,0.0167,0.9514,0.8905,901,30.305000000000003,295.0387815685532,292.0608,586.8974,439.4791,0.0,0.9778,0.8259,901,30.305000000000003,294.10915664725815,292.5829,586.4417,439.5123,0.0333,0.8008,0.7925,901,30.305000000000003
294.1079989524751,292.5817,586.4397,439.5107,0.0333,0.8005,0.7785,902,30.338333333333335,294.11292202248626,292.5883,586.5062,439.5472,0.0,0.9469,0.8977,902,30.338333333333335,294.9912275927242,292.1423,586.9467,439.5445,0.0167,0.9507,0.8935,902,30.338333333333335,295.03837379573645,292.0614,586.898,439.4797,0.0,0.98,0.8272,902,30.338333333333335,294.1079989524751,292.5817,586.4397,439.5107,0.0333,0.8005,0.7785,902,30.338333333333335
294.10683407527756,292.5814,586.4393,439.5103,0.0333,0.7977,0.7825,903,30.371666666666673,294.11182506122566,292.588,586.506,439.547,0.0,0.9527,0.9347,903,30.371666666666673,294.99051981951186,292.1407,586.9459,439.5433,0.0167,0.9565,0.8888,903,30.371666666666673,295.0377216662499,292.0598,586.8974,439.4786,0.0,0.982,0.8352,903,30.371666666666673,294.10683407527756,292.5814,586.4393,439.5103,0.0333,0.7977,0.7825,903,30.371666666666673
294.1042048748435,292.5829,586.4385,439.5107,0.0333,0.7995,0.7815,904,30.405,294.1093625726112,292.5893,586.5051,439.5472,0.0,0.942,0.9281,904,30.405,294.98901560630577,292.1407,586.9448,439.5427,0.0167,0.9564,0.8958,904,30.405,295.0361722744154,292.0598,586.8963,439.4781,0.0,0.9821,0.8376,904,30.405,294.1042048748435,292.5829,586.4385,439.5107,0.0333,0.7995,0.7815,904,30.405
294.3315556696331,292.3715,586.4888,439.4302,0.0583,0.596,0.9216,905,30.438333333333336,294.18890046610727,292.5169,586.4888,439.5029,0.0,0.7524,0.9216,905,30.438333333333336,294.99372328218715,292.1427,586.9638,439.5532,0.0333,0.7704,0.9385,905,30.438333333333336,295.0430751812918,292.0919,586.9177,439.5048,0.0,0.8704,0.9145,905,30.438333333333336,294.3315556696331,292.3715,586.4888,439.4302,0.0583,0.596,0.9216,905,30.438333333333336
294.31207711945643,292.3801,586.4797,439.4299,0.0417,0.6044,0.8772,906,30.471666666666668,294.17422845874495,292.5219,586.4797,439.5008,0.0,0.7477,0.8772,906,30.471666666666668,294.9038651548597,292.1421,586.8173,439.4797,0.0417,0.7637,1.0208,906,30.471666666666668,295.036689253129,292.0915,586.9114,439.5014,0.0,0.8477,0.8984,906,30.471666666666668,294.31207711945643,292.3801,586.4797,439.4299,0.0417,0.6044,0.8772,906,30.471666666666668
294.3123733785091,292.3802,586.4803,439.4302,0.0417,0.6035,0.8805,907,30.51,294.1743479997448,292.5222,586.4803,439.5013,0.0,0.7504,0.8805,907,30.51,294.9039251326705,292.1424,586.818,439.4802,0.0417,0.7697,1.021,907,30.51,295.0367490480087,292.0918,586.9121,439.502,0.0,0.8454,0.9011,907,30.51,294.3123733785091,292.3802,586.4803,439.4302,0.0417,0.6035,0.8805,907,30.51
294.32725436867463,292.6172,586.7641,439.6906,0.05,0.7377,0.7973,908,30.53666666666667,294.12353279852107,292.8193,586.7641,439.7917,0.0,0.7977,0.7973,908,30.53666666666667,295.078145569444,292.2513,587.1679,439.7096,0.0333,0.848,0.8186,908,30.53666666666667,294.977248533801,292.3643,587.1679,439.7661,0.0,0.8701,0.8186,908,30.53666666666667,294.32725436867463,292.6172,586.7641,439.6906,0.05,0.7377,0.7973,908,30.53666666666667
294.3056311255233,292.6208,586.7392,439.68,0.05,0.7469,0.812,909,30.57,294.1020181659803,292.8228,586.7392,439.781,0.0,0.8016,0.812,909,30.57,295.04660979731256,292.2597,587.1378,439.6987,0.0333,0.8657,0.8488,909,30.57,294.9461515946075,292.3721,587.1378,439.7549,0.0,0.8578,0.8488,909,30.57,294.3056311255233,292.6208,586.7392,439.68,0.05,0.7469,0.812,909,30.57
294.28153374402746,292.5319,586.5959,439.5639,0.05,0.6764,0.8841,910,30.605,294.0917405259486,292.7213,586.5959,439.6586,0.0,0.7505,0.8841,910,30.605,294.9846964797025,292.202,587.001,439.6015,0.025,0.8505,0.807,910,30.605,294.9440905584703,292.2596,587.001,439.6303,0.0,0.8883,0.807,910,30.605,294.28153374402746,292.5319,586.5959,439.5639,0.05,0.6764,0.8841,910,30.605
294.14918480253795,292.5926,586.5313,439.562,0.0333,0.813,0.9015,911,30.638333333333335,294.06992180893866,292.6813,586.5313,439.6063,0.0,0.8216,0.9015,911,30.638333333333335,295.0114335918601,292.0777,586.9049,439.4913,0.025,0.8963,0.9177,911,30.638333333333335,294.9673933942973,292.1378,586.9049,439.5213,0.0,0.8777,0.9177,911,30.638333333333335,294.14918480253795,292.5926,586.5313,439.562,0.0333,0.813,0.9015,911,30.638333333333335
294.1158529416716,292.5952,586.5063,439.5507,0.025,0.8435,0.919,912,30.67166666666667,294.09634154988504,292.6305,586.5063,439.5684,0.0,0.8436,0.919,912,30.67166666666667,294.9649520979707,292.0969,586.8809,439.4889,0.0167,0.9281,0.9162,912,30.67166666666667,294.9835734631574,292.1001,586.8809,439.4905,0.0,0.8826,0.9162,912,30.67166666666667,294.1158529416716,292.5952,586.5063,439.5507,0.025,0.8435,0.919,912,30.67166666666667
294.16033205751705,292.5458,586.4965,439.5212,0.0333,0.7856,0.913,913,30.71,294.0881762987419,292.6288,586.4965,439.5627,0.0,0.8381,0.913,913,30.71,294.9649629237326,292.0927,586.8753,439.484,0.0167,0.8969,0.9244,913,30.71,294.98356587448495,292.0959,586.8753,439.4856,0.0,0.8803,0.9244,913,30.71,294.16033205751705,292.5458,586.4965,439.5212,0.0333,0.7856,0.913,913,30.71
294.10855402702407,292.5877,586.4901,439.5389,0.025,0.8521,0.8852,914,30.743333333333336,294.08871838597565,292.6232,586.4901,439.5567,0.0,0.8326,0.8852,914,30.743333333333336,294.95871478571496,292.085,586.8621,439.4735,0.0167,0.8885,0.9412,914,30.743333333333336,294.9771551913882,292.0884,586.8621,439.4752,0.0,0.8704,0.9412,914,30.743333333333336,294.10855402702407,292.5877,586.4901,439.5389,0.025,0.8521,0.8852,914,30.743333333333336
294.1663030911734,292.5309,586.4937,439.5123,0.025,0.751,0.7713,915,30.773333333333337,294.143435978923,292.5382,586.4937,439.516,0.0,0.765,0.7713,915,30.773333333333337,294.96091967636085,292.0387,586.7253,439.382,0.025,0.8285,0.9501,915,30.773333333333337,295.0124066310863,292.0141,586.8162,439.4152,0.0,0.8044,0.8605,915,30.773333333333337,294.1663030911734,292.5309,586.4937,439.5123,0.025,0.751,0.7713,915,30.773333333333337
294.11337046511585,292.588,586.495,439.5415,0.0333,0.7272,0.8083,916,30.811666666666667,294.14468978088644,292.5386,586.495,439.5168,0.0,0.7495,0.8083,916,30.811666666666667,295.039355552459,291.9607,586.7264,439.3435,0.0333,0.7709,0.9384,916,30.811666666666667,295.03160652260436,291.9908,586.8174,439.4041,0.0,0.7419,0.8885,916,30.811666666666667,294.11337046511585,292.588,586.495,439.5415,0.0333,0.7272,0.8083,916,30.811666666666667
294.17190542283186,292.5315,586.4994,439.5154,0.025,0.7383,0.7849,917,30.843333333333334,294.1490890385535,292.5387,586.4994,439.519,0.0,0.7601,0.7849,917,30.843333333333334,295.1099711221086,291.9647,586.883,439.4238,0.0333,0.7684,0.7825,917,30.843333333333334,295.02283915934356,291.9945,586.8149,439.4047,0.0,0.7512,0.7728,917,30.843333333333334,294.17190542283186,292.5315,586.4994,439.5154,0.025,0.7383,0.7849,917,30.843333333333334
294.1710714595322,292.5332,586.5006,439.5169,0.025,0.7525,0.8082,918,30.871666666666673,294.1482469013962,292.5404,586.5006,439.5205,0.0,0.7595,0.8082,918,30.871666666666673,295.0269693761197,291.964,586.7218,439.3429,0.0333,0.7617,0.891,918,30.871666666666673,295.0198710107783,291.9939,586.8135,439.4037,0.0,0.7742,0.8387,918,30.871666666666673,294.1710714595322,292.5332,586.5006,439.5169,0.025,0.7525,0.8082,918,30.871666666666673
294.1639531893152,292.5329,586.4897,439.5113,0.0333,0.7484,0.8025,919,30.913333333333334,294.1010768640904,292.5403,586.4307,439.4855,0.0,0.7579,0.8229,919,30.913333333333334,295.039096133045,291.9651,586.7301,439.3476,0.0333,0.7625,0.9804,919,30.913333333333334,295.03163834743725,291.9949,586.8212,439.4081,0.0,0.7771,0.8749,919,30.913333333333334,294.1639531893152,292.5329,586.4897,439.5113,0.0333,0.7484,0.8025,919,30.913333333333334
294.1701708265763,292.5341,586.5003,439.5172,0.025,0.7542,0.8142,920,30.943333333333335,294.14740317865267,292.5413,586.5003,439.5208,0.0,0.7567,0.8142,920,30.943333333333335,295.03870256024675,291.9648,586.7296,439.3472,0.0333,0.7615,0.9866,920,30.943333333333335,295.0313505266437,291.9946,586.8208,439.4077,0.0,0.7731,0.8865,920,30.943333333333335,294.1701708265763,292.5341,586.5003,439.5172,0.025,0.7542,0.8142,920,30.943333333333335
294.11758651655333,292.5907,586.5013,439.546,0.0333,0.7414,0.7747,921,30.971666666666668,294.14935609787386,292.5408,586.5013,439.521,0.0,0.7592,0.7747,921,30.971666666666668,294.9595696466564,292.0434,586.7284,439.3859,0.025,0.8808,0.9575,921,30.971666666666668,295.0113272281053,292.0186,586.8196,439.4191,0.0,0.8371,0.8635,921,30.971666666666668,294.11758651655333,292.5907,586.5013,439.546,0.0333,0.7414,0.7747,921,30.971666666666668
294.1721858191944,292.5349,586.5026,439.5188,0.025,0.7595,0.7738,922,31.015,294.14953124967633,292.542,586.5026,439.5223,0.0,0.7572,0.7738,922,31.015,295.10576814931323,291.9644,586.8805,439.4225,0.0333,0.7856,0.8543,922,31.015,295.01868521358006,291.9943,586.8126,439.4034,0.0,0.7753,0.8435,922,31.015,294.1721858191944,292.5349,586.5026,439.5188,0.025,0.7595,0.7738,922,31.015
294.2543868837825,292.6881,586.7827,439.7354,0.05,0.7755,0.7579,923,31.043333333333337,294.20548005506805,292.6953,586.7434,439.7194,0.0,0.7158,0.7187,923,31.043333333333337,295.1199554484489,292.1992,587.1548,439.677,0.0333,0.8382,0.8204,923,31.043333333333337,295.13739868232005,292.1739,587.1548,439.6643,0.0,0.7701,0.8204,923,31.043333333333337,294.2543868837825,292.6881,586.7827,439.7354,0.05,0.7755,0.7579,923,31.043333333333337
294.1383166204536,292.7763,586.7457,439.761,0.025,0.8198,0.7343,924,31.07166666666667,294.11207195592186,292.7901,586.7457,439.7679,0.0,0.8437,0.7343,924,31.07166666666667,295.0689681407507,292.2668,587.1748,439.7208,0.0333,0.8045,0.8978,924,31.07166666666667,295.0822660643056,292.2425,587.1748,439.7086,0.0,0.7504,0.8978,924,31.07166666666667,294.1383166204536,292.7763,586.7457,439.761,0.025,0.8198,0.7343,924,31.07166666666667
294.28526861336513,292.6237,586.6953,439.6595,0.0333,0.7458,0.7738,925,31.116666666666667,294.1999949618356,292.6875,586.6953,439.6914,0.0,0.8015,0.7738,925,31.116666666666667,295.0636752115764,292.1907,587.0566,439.6236,0.025,0.7713,0.8162,925,31.116666666666667,295.01764098966214,292.2217,587.0566,439.6391,0.0,0.7693,0.8162,925,31.116666666666667,294.28526861336513,292.6237,586.6953,439.6595,0.0333,0.7458,0.7738,925,31.116666666666667
294.11423963052323,292.6888,586.5852,439.637,0.0167,0.8707,0.7931,926,31.143333333333334,294.14901613754944,292.643,586.5852,439.6141,0.0,0.9317,0.7931,926,31.143333333333334,295.0153621941191,292.1728,586.9669,439.5698,0.025,0.7628,0.8146,926,31.143333333333334,295.09581402156687,292.0857,586.9669,439.5263,0.0,0.8013,0.8146,926,31.143333333333334,294.11423963052323,292.6888,586.5852,439.637,0.0167,0.8707,0.7931,926,31.143333333333334
294.08566580965476,292.6807,586.5474,439.614,0.0167,0.8795,0.7511,927,31.17166666666667,294.1200488423067,292.6352,586.5474,439.5913,0.0,0.9029,0.7511,927,31.17166666666667,295.0534280652729,292.1122,586.9378,439.525,0.0333,0.7587,0.8698,927,31.17166666666667,295.0791832456266,292.0764,586.9378,439.5071,0.0,0.8148,0.8698,927,31.17166666666667,294.08566580965476,292.6807,586.5474,439.614,0.0167,0.8795,0.7511,927,31.17166666666667
294.0421741505772,292.6924,586.5265,439.6094,0.0083,0.8792,0.7561,928,31.203333333333337,294.1305651104255,292.5985,586.5265,439.5625,0.0,0.8907,0.7561,928,31.203333333333337,295.01331960944566,292.123,586.9187,439.5209,0.025,0.8168,0.8706,928,31.203333333333337,295.09001065806234,292.0391,586.9187,439.4789,0.0,0.8152,0.8706,928,31.203333333333337,294.0421741505772,292.6924,586.5265,439.6094,0.0083,0.8792,0.7561,928,31.203333333333337
294.03198950979623,292.6818,586.5023,439.5921,0.0083,0.9058,0.8384,929,31.236666666666668,294.12016702820597,292.5882,586.5023,439.5453,0.0,0.8921,0.8384,929,31.236666666666668,295.0068481126609,292.1112,586.898,439.5046,0.025,0.8224,0.7317,929,31.236666666666668,295.08256670305116,292.0277,586.898,439.4629,0.0,0.8371,0.7317,929,31.236666666666668,294.03198950979623,292.6818,586.5023,439.5921,0.0083,0.9058,0.8384,929,31.236666666666668
294.011744693162,292.682,586.4871,439.5845,0.0083,0.9081,0.7841,930,31.27166666666667,294.09993018583236,292.5883,586.4871,439.5377,0.0,0.8928,0.7841,930,31.27166666666667,294.9773773178521,292.1071,586.8768,439.492,0.025,0.8156,0.8039,930,31.27166666666667,295.05523857399817,292.0237,586.8768,439.4503,0.0,0.8287,0.8039,930,31.27166666666667,294.011744693162,292.682,586.4871,439.5845,0.0083,0.9081,0.7841,930,31.27166666666667
294.0090076038957,292.6812,586.4848,439.583,0.0083,0.9092,0.787,931,31.303333333333335,294.09720992962775,292.5875,586.4848,439.5362,0.0,0.8928,0.787,931,31.303333333333335,294.9764697757046,292.1071,586.877,439.492,0.025,0.8156,0.8457,931,31.303333333333335,295.0546487574061,292.0237,586.877,439.4503,0.0,0.8289,0.8457,931,31.303333333333335,294.0090076038957,292.6812,586.4848,439.583,0.0083,0.9092,0.787,931,31.303333333333335
294.0088135964969,292.6792,586.4837,439.5815,0.0083,0.918,0.7883,932,31.338333333333335,294.0969688440189,292.5856,586.4837,439.5347,0.0,0.8916,0.7883,932,31.338333333333335,294.97212167149246,292.1108,586.8761,439.4935,0.025,0.8402,0.8514,932,31.338333333333335,295.0506629701068,292.0276,586.8761,439.4518,0.0,0.8436,0.8514,932,31.338333333333335,294.0088135964969,292.6792,586.4837,439.5815,0.0083,0.918,0.7883,932,31.338333333333335
294.0140254881102,292.6784,586.5091,439.5937,0.0167,0.8956,0.7977,933,31.37,294.07951187733397,292.5847,586.4682,439.5265,0.0,0.8624,0.7551,933,31.37,294.95973132589745,292.0984,586.8576,439.478,0.025,0.778,0.7828,933,31.37,295.037558182236,292.0155,586.8576,439.4366,0.0,0.766,0.7828,933,31.37,294.0140254881102,292.6784,586.5091,439.5937,0.0167,0.8956,0.7977,933,31.37
293.9905159163811,292.6797,586.4679,439.5738,0.0083,0.8795,0.7564,934,31.405,294.07871586571514,292.586,586.4679,439.527,0.0,0.8663,0.7564,934,31.405,294.9586578166103,292.0979,586.8563,439.4771,0.025,0.7785,0.8173,934,31.405,295.0363859055317,292.0152,586.8563,439.4357,0.0,0.7661,0.8173,934,31.405,293.9905159163811,292.6797,586.4679,439.5738,0.0083,0.8795,0.7564,934,31.405
294.2231743199976,292.4839,586.5074,439.4956,0.025,0.8435,0.804,935,31.44,294.2077585372846,292.4477,586.4495,439.4486,0.0,0.8238,0.7746,935,31.44,294.8940291204008,292.146,586.8538,439.4999,0.025,0.6918,1.0676,935,31.44,295.0416946119624,292.003,586.8538,439.4284,0.0,0.75,1.0676,935,31.44,294.2231743199976,292.4839,586.5074,439.4956,0.025,0.8435,0.804,935,31.44
294.2809163401652,292.4299,586.5073,439.4686,0.0333,0.7879,0.7981,936,31.471666666666668,294.2094737513934,292.4446,586.4495,439.4471,0.0,0.825,0.7809,936,31.471666666666668,294.9508451690293,292.0934,586.853,439.4732,0.0333,0.7119,1.0682,936,31.471666666666668,295.0411098402084,292.0032,586.853,439.4281,0.0,0.7662,1.0682,936,31.471666666666668,294.2809163401652,292.4299,586.5073,439.4686,0.0333,0.7879,0.7981,936,31.471666666666668
294.28351498036636,292.4272,586.5076,439.4674,0.0333,0.7915,0.8062,937,31.51,294.2120792035805,292.4419,586.4497,439.4458,0.0,0.8249,0.763,937,31.51,294.95227439848463,292.0926,586.8535,439.473,0.0333,0.7077,1.0672,937,31.51,295.0424531576086,292.0025,586.8535,439.428,0.0,0.7665,1.0672,937,31.51,294.28351498036636,292.4272,586.5076,439.4674,0.0333,0.7915,0.8062,937,31.51
294.43429640326735,292.4478,586.7442,439.596,0.0417,0.8083,0.8471,938,31.538333333333334,294.36276711010913,292.4633,586.6655,439.5644,0.0,0.8815,0.7649,938,31.538333333333334,295.1375081437923,292.0184,587.0076,439.513,0.0333,0.6722,0.9396,938,31.538333333333334,295.15584957242856,291.992,587.0076,439.4998,0.0,0.7379,0.9396,938,31.538333333333334,294.43429640326735,292.4478,586.7442,439.596,0.0417,0.8083,0.8471,938,31.538333333333334
294.2526102352272,292.7386,586.8581,439.7983,0.0417,0.8653,0.7231,939,31.57166666666667,294.17720607636727,292.7551,586.779,439.767,0.0,0.8662,0.8255,939,31.57166666666667,295.0477987528543,292.3049,587.2337,439.7693,0.0583,0.6685,0.97,939,31.57166666666667,295.0135189546574,292.2734,587.1412,439.7073,0.0,0.6725,0.8731,939,31.57166666666667,294.2526102352272,292.7386,586.8581,439.7983,0.0417,0.8653,0.7231,939,31.57166666666667
294.2369097620021,292.6714,586.7259,439.6987,0.025,0.8471,0.7524,940,31.603333333333335,294.20590821638126,292.6865,586.7259,439.7062,0.0,0.8261,0.7524,940,31.603333333333335,295.05878739937515,292.2207,587.1,439.6604,0.05,0.6374,0.8387,940,31.603333333333335,295.0188130902591,292.2363,587.096,439.6662,0.0,0.7884,0.8972,940,31.603333333333335,294.2369097620021,292.6714,586.7259,439.6987,0.025,0.8471,0.7524,940,31.603333333333335
294.2241001957317,292.5698,586.6088,439.5893,0.0583,0.8486,0.8127,941,31.63666666666667,294.20045825817454,292.536,586.5408,439.5384,0.0,0.8568,0.7956,941,31.63666666666667,295.1240667606778,292.0676,586.9774,439.5225,0.0417,0.6643,0.8544,941,31.63666666666667,295.0892995636409,292.0462,586.9443,439.4952,0.0,0.797,0.9121,941,31.63666666666667,294.2241001957317,292.5698,586.6088,439.5893,0.0583,0.8486,0.8127,941,31.63666666666667
294.20027586818617,292.5485,586.4645,439.5065,0.05,0.8859,0.6091,942,31.67166666666667,294.25033390987267,292.4634,586.516,439.4897,0.0,0.8538,0.7804,942,31.67166666666667,295.13283377921454,292.0058,586.8764,439.4411,0.05,0.6495,0.8097,942,31.67166666666667,295.1385580449717,291.9785,586.9259,439.4522,0.0,0.7444,0.8792,942,31.67166666666667,294.20027586818617,292.5485,586.4645,439.5065,0.05,0.8859,0.6091,942,31.67166666666667
294.15091158017105,292.5402,586.5013,439.5207,0.025,0.8988,0.7879,943,31.705000000000005,294.2496471507774,292.4554,586.5084,439.4819,0.0,0.857,0.7897,943,31.705000000000005,295.115961166313,292.0059,586.8598,439.4328,0.05,0.6467,0.8076,943,31.705000000000005,295.1218075065019,291.9791,586.9104,439.4448,0.0,0.7377,0.8632,943,31.705000000000005,294.15091158017105,292.5402,586.5013,439.5207,0.025,0.8988,0.7879,943,31.705000000000005
294.2151650112694,292.4806,586.4755,439.478,0.0583,0.8639,0.6776,944,31.738333333333337,294.2419459627582,292.4445,586.4935,439.469,0.0,0.8375,0.7699,944,31.738333333333337,295.10486089260695,291.9958,586.8442,439.42,0.05,0.6477,0.753,944,31.738333333333337,295.11024812292567,291.9697,586.8924,439.431,0.0,0.7349,0.8669,944,31.738333333333337,294.2151650112694,292.4806,586.4755,439.478,0.0583,0.8639,0.6776,944,31.738333333333337
294.18064920455834,292.4849,586.4776,439.4813,0.0083,0.9245,0.7658,945,31.773333333333337,294.26430727988816,292.3961,586.4776,439.4368,0.0,0.7842,0.7658,945,31.773333333333337,295.0868225102255,291.9929,586.8755,439.4342,0.0583,0.537,0.8342,945,31.773333333333337,295.1270764164874,291.9361,586.8755,439.4058,0.0,0.6927,0.8342,945,31.773333333333337,294.18064920455834,292.4849,586.4776,439.4813,0.0083,0.9245,0.7658,945,31.773333333333337
294.18306612264564,292.4849,586.479,439.4819,0.0083,0.92,0.7607,946,31.805000000000003,294.2665867082904,292.3962,586.479,439.4376,0.0,0.7843,0.7607,946,31.805000000000003,295.15043787709214,291.9579,586.9264,439.4422,0.0583,0.5255,0.9456,946,31.805000000000003,295.1320147272952,291.9391,586.8796,439.4093,0.0,0.6979,0.8005,946,31.805000000000003,294.18306612264564,292.4849,586.479,439.4819,0.0083,0.92,0.7607,946,31.805000000000003
294.1870980757768,292.4803,586.4795,439.4799,0.0083,0.8908,0.787,947,31.838333333333335,294.270610104969,292.3916,586.4795,439.4355,0.0,0.7747,0.787,947,31.838333333333335,295.1479097926109,291.9611,586.9303,439.4457,0.0417,0.575,0.9405,947,31.838333333333335,295.13534944047706,291.9399,586.8837,439.4118,0.0,0.6761,0.8103,947,31.838333333333335,294.1870980757768,292.4803,586.4795,439.4799,0.0083,0.8908,0.787,947,31.838333333333335
294.0981387344117,292.5627,586.4768,439.5198,0.0083,0.9268,0.7618,948,31.871666666666673,294.18382760477886,292.4717,586.4768,439.4743,0.0,0.8955,0.7618,948,31.871666666666673,295.137085660431,291.9685,586.9313,439.4499,0.05,0.5464,0.9443,948,31.871666666666673,295.13624884911496,291.9402,586.8847,439.4124,0.0,0.6762,0.8111,948,31.871666666666673,294.0981387344117,292.5627,586.4768,439.5198,0.0083,0.9268,0.7618,948,31.871666666666673
294.1787267211548,292.4893,586.479,439.4842,0.0083,0.9358,0.7745,949,31.905,294.26243557509895,292.4004,586.479,439.4397,0.0,0.8612,0.7745,949,31.905,295.13505066689993,291.969,586.9296,439.4493,0.05,0.5789,0.967,949,31.905,295.1340698028351,291.9408,586.883,439.4119,0.0,0.6762,0.7979,949,31.905,294.1787267211548,292.4893,586.479,439.4842,0.0083,0.9358,0.7745,949,31.905
294.17900971612806,292.4878,586.4777,439.4828,0.0083,0.9427,0.7882,950,31.936666666666667,294.2627207823897,292.3989,586.4777,439.4383,0.0,0.8687,0.7882,950,31.936666666666667,295.1364283361123,291.9688,586.9305,439.4496,0.05,0.5792,0.9652,950,31.936666666666667,295.1353804131285,291.9407,586.884,439.4123,0.0,0.6764,0.7936,950,31.936666666666667,294.17900971612806,292.4878,586.4777,439.4828,0.0083,0.9427,0.7882,950,31.936666666666667
294.17371959569584,292.4881,586.4729,439.4805,0.0083,0.9468,0.787,951,31.970000000000002,294.25742201187575,292.3992,586.4729,439.436,0.0,0.8682,0.787,951,31.970000000000002,295.13672326926087,291.9687,586.9307,439.4497,0.05,0.5795,0.9633,951,31.970000000000002,295.13560778537794,291.9405,586.8841,439.4123,0.0,0.6766,0.7914,951,31.970000000000002,294.17371959569584,292.4881,586.4729,439.4805,0.0083,0.9468,0.787,951,31.970000000000002
294.1726128173568,292.4889,586.4727,439.4808,0.0083,0.9474,0.7689,952,32.00333333333334,294.2563029010561,292.4,586.4727,439.4364,0.0,0.8787,0.7689,952,32.00333333333334,295.13028931238887,291.9718,586.9284,439.4501,0.05,0.5748,0.9683,952,32.00333333333334,295.1295141246719,291.9433,586.8818,439.4125,0.0,0.7065,0.7916,952,32.00333333333334,294.1726128173568,292.4889,586.4727,439.4808,0.0083,0.9474,0.7689,952,32.00333333333334
294.23574794589445,292.499,586.6007,439.5498,0.0417,0.9484,0.8073,953,32.038333333333334,294.27505564790476,292.41,586.5011,439.4555,0.0,0.8671,0.7362,953,32.038333333333334,295.2972596634245,291.9251,587.0936,439.5093,0.0667,0.5682,0.9691,953,32.038333333333334,295.16188941955164,291.9519,586.9192,439.4355,0.0,0.7157,0.8549,953,32.038333333333334,294.23574794589445,292.499,586.6007,439.5498,0.0417,0.9484,0.8073,953,32.038333333333334
294.13960912720984,292.8117,586.8002,439.8059,0.0417,0.8657,0.8138,954,32.071666666666665,294.1425132001575,292.8225,586.8106,439.8165,0.0,0.8903,0.7346,954,32.071666666666665,295.09072581323346,292.2984,587.2201,439.7592,0.0333,0.664,0.9451,954,32.071666666666665,295.10697057252025,292.2703,587.2201,439.7452,0.0,0.7188,0.9451,954,32.071666666666665,294.13960912720984,292.8117,586.8002,439.8059,0.0417,0.8657,0.8138,954,32.071666666666665
294.3314156777294,292.6462,586.7564,439.7013,0.075,0.7393,0.7498,955,32.105000000000004,294.22231195719917,292.7694,586.8095,439.7894,0.0,0.7844,0.7919,955,32.105000000000004,295.19849174150386,292.2566,587.2595,439.7581,0.025,0.7406,0.948,955,32.105000000000004,295.15295340194336,292.2869,587.2595,439.7732,0.0,0.7552,0.948,955,32.105000000000004,294.3314156777294,292.6462,586.7564,439.7013,0.075,0.7393,0.7498,955,32.105000000000004
294.2848678022543,292.5979,586.5825,439.5902,0.05,0.709,0.8214,956,32.14333333333334,294.1775899330037,292.7122,586.667,439.6896,0.0,0.8554,0.8479,956,32.14333333333334,294.92673620282335,292.3987,587.1169,439.7578,0.025,0.7832,0.9378,956,32.14333333333334,295.0746866321027,292.2562,587.1169,439.6865,0.0,0.8256,0.9378,956,32.14333333333334,294.2848678022543,292.5979,586.5825,439.5902,0.05,0.709,0.8214,956,32.14333333333334
294.13479644291044,292.6359,586.4858,439.5609,0.05,0.6983,0.7456,957,32.17666666666667,294.1343970306915,292.6439,586.5606,439.6023,0.0,0.77,0.8652,957,32.17666666666667,295.0180695582586,292.1996,586.9373,439.5684,0.025,0.853,0.8603,957,32.17666666666667,295.0688993563226,292.1787,587.0322,439.6054,0.0,0.8638,0.9741,957,32.17666666666667,294.13479644291044,292.6359,586.4858,439.5609,0.05,0.6983,0.7456,957,32.17666666666667
294.236369991601,292.5274,586.4939,439.5106,0.0333,0.7182,0.791,958,32.205000000000005,294.2414921884613,292.5373,586.568,439.5527,0.0,0.8083,0.8101,958,32.205000000000005,295.2314803556071,292.0007,586.9483,439.4745,0.0333,0.75,0.8532,958,32.205000000000005,295.22860732105977,292.0284,587.0435,439.5359,0.0,0.7895,0.9824,958,32.205000000000005,294.236369991601,292.5274,586.4939,439.5106,0.0333,0.7182,0.791,958,32.205000000000005
294.2017185914731,292.5154,586.4455,439.4804,0.0417,0.7121,0.6175,959,32.245000000000005,294.2461282249583,292.5257,586.5626,439.5441,0.0,0.7869,0.7935,959,32.245000000000005,295.2264847808425,291.9906,586.9412,439.4659,0.0333,0.7236,0.8688,959,32.245000000000005,295.2199804962439,292.0188,587.0289,439.5239,0.0,0.7743,1.0041,959,32.245000000000005,294.2017185914731,292.5154,586.4455,439.4804,0.0417,0.7121,0.6175,959,32.245000000000005
294.1801140552747,292.5135,586.4241,439.4688,0.0417,0.7578,0.6834,960,32.27666666666667,294.2249995756399,292.5237,586.5416,439.5326,0.0,0.77,0.7487,960,32.27666666666667,295.2111817153249,291.9853,586.9226,439.454,0.0333,0.7098,0.8539,960,32.27666666666667,295.204978267191,292.0134,587.0104,439.5119,0.0,0.7845,0.9972,960,32.27666666666667,294.1801140552747,292.5135,586.4241,439.4688,0.0417,0.7578,0.6834,960,32.27666666666667
294.1898514066663,292.4967,586.4234,439.46,0.0417,0.6972,0.6454,961,32.303333333333335,294.23556965619196,292.506,586.5408,439.5234,0.0,0.7039,0.752,961,32.303333333333335,295.2180483221588,291.9741,586.9217,439.4479,0.0333,0.6926,0.8704,961,32.303333333333335,295.2126687871072,292.0015,587.0098,439.5056,0.0,0.7393,0.9861,961,32.303333333333335,294.1898514066663,292.4967,586.4234,439.46,0.0417,0.6972,0.6454,961,32.303333333333335
294.18611456944296,292.498,586.419,439.4585,0.0417,0.7029,0.6354,962,32.34666666666667,294.23211221206856,292.5073,586.5372,439.5223,0.0,0.7037,0.8019,962,32.34666666666667,295.20886526086485,291.9764,586.9127,439.4445,0.0333,0.6927,0.8681,962,32.34666666666667,295.20360037829596,292.0036,587.0007,439.5022,0.0,0.7491,0.9497,962,32.34666666666667,294.18611456944296,292.498,586.419,439.4585,0.0417,0.7029,0.6354,962,32.34666666666667
294.1716006798375,292.4955,586.4056,439.4505,0.0417,0.7272,0.7236,963,32.37666666666667,294.21769476123313,292.505,586.5239,439.5144,0.0,0.7848,0.8261,963,32.37666666666667,295.1897101081553,291.9769,586.8998,439.4384,0.0333,0.7221,0.9152,963,32.37666666666667,295.184531516306,292.0039,586.9865,439.4952,0.0,0.7429,1.0023,963,32.37666666666667,294.1716006798375,292.4955,586.4056,439.4505,0.0417,0.7272,0.7236,963,32.37666666666667
294.2333661423548,292.4966,586.5181,439.5073,0.025,0.7155,0.836,964,32.403333333333336,294.2082368264962,292.506,586.5181,439.512,0.0,0.7838,0.836,964,32.403333333333336,295.21776373552217,291.9758,586.9759,439.4759,0.025,0.7232,1.0069,964,32.403333333333336,295.17538961905416,292.0029,586.9759,439.4894,0.0,0.742,1.0069,964,32.403333333333336,294.2333661423548,292.4966,586.5181,439.5073,0.025,0.7155,0.836,964,32.403333333333336
294.2751738294618,292.4406,586.493,439.4668,0.0417,0.7291,0.8111,965,32.45166666666667,294.2478830838185,292.4503,586.493,439.4717,0.0,0.8283,0.8111,965,32.45166666666667,295.1050546066767,291.9861,586.8221,439.4041,0.0417,0.7417,0.8217,965,32.45166666666667,295.1531631704719,291.964,586.9133,439.4386,0.0,0.7976,0.9385,965,32.45166666666667,294.2751738294618,292.4406,586.493,439.4668,0.0417,0.7291,0.8111,965,32.45166666666667
294.21846850019824,292.4889,586.4919,439.4904,0.0333,0.6882,0.8158,966,32.47666666666667,294.2444369713768,292.451,586.4919,439.4715,0.0,0.8024,0.8158,966,32.47666666666667,295.1029960294054,291.9884,586.8231,439.4058,0.0417,0.7515,0.8215,966,32.47666666666667,295.15131874740507,291.9661,586.914,439.44,0.0,0.8016,0.9409,966,32.47666666666667,294.21846850019824,292.4889,586.4919,439.4904,0.0333,0.6882,0.8158,966,32.47666666666667
294.219494461276,292.4882,586.492,439.4901,0.0167,0.8093,0.8401,967,32.505,294.2427294560441,292.4542,586.492,439.4731,0.0,0.8193,0.8401,967,32.505,295.0990411139704,291.9878,586.8195,439.4036,0.0417,0.7578,0.8365,967,32.505,295.147468485797,291.9653,586.9101,439.4377,0.0,0.7983,0.9287,967,32.505,294.219494461276,292.4882,586.492,439.4901,0.0167,0.8093,0.8401,967,32.505
294.2710381045073,292.4407,586.4908,439.4657,0.0417,0.7435,0.8086,968,32.54833333333333,294.24372347819116,292.4504,586.4908,439.4706,0.0,0.792,0.8086,968,32.54833333333333,295.1067598825635,291.9846,586.824,439.4043,0.0417,0.7537,0.8217,968,32.54833333333333,295.15513930379217,291.9622,586.9149,439.4386,0.0,0.7915,0.95,968,32.54833333333333,294.2710381045073,292.4407,586.4908,439.4657,0.0417,0.7435,0.8086,968,32.54833333333333
294.220564741267,292.49,586.4949,439.4924,0.0333,0.7412,0.8179,969,32.57666666666667,294.2455575634396,292.4531,586.4949,439.474,0.0,0.8181,0.8179,969,32.57666666666667,295.1135628269124,291.9869,586.8311,439.409,0.0417,0.7428,0.8221,969,32.57666666666667,295.16177416990837,291.9647,586.9223,439.4435,0.0,0.8023,0.941,969,32.57666666666667,294.220564741267,292.49,586.4949,439.4924,0.0333,0.7412,0.8179,969,32.57666666666667
294.2166021444731,292.7564,586.7947,439.7756,0.0083,0.9657,0.794,970,32.605000000000004,294.29178459163154,292.6766,586.7947,439.7356,0.0,0.9292,0.794,970,32.605000000000004,295.24222520888486,292.1693,587.2243,439.6968,0.025,0.7894,0.89,970,32.605000000000004,295.1949392235043,292.2018,587.2243,439.7131,0.0,0.8904,0.89,970,32.605000000000004,294.2166021444731,292.7564,586.7947,439.7756,0.0083,0.9657,0.794,970,32.605000000000004
294.2915427736873,292.6899,586.7894,439.7397,0.0333,0.8598,0.8118,971,32.638333333333335,294.1887461681119,292.77,586.7894,439.7797,0.0,0.9559,0.8118,971,32.638333333333335,295.0921372986872,292.3064,587.2211,439.7637,0.0167,0.8262,0.9113,971,32.638333333333335,295.10012023005334,292.2883,587.2211,439.7547,0.0,0.8326,0.9113,971,32.638333333333335,294.2915427736873,292.6899,586.7894,439.7397,0.0333,0.8598,0.8118,971,32.638333333333335
294.23098184910685,292.6781,586.7132,439.6956,0.0333,0.8635,0.7701,972,32.67166666666667,294.1712210775422,292.7008,586.6731,439.687,0.0,0.8753,0.736,972,32.67166666666667,295.1335205108335,292.1848,587.1073,439.646,0.025,0.7959,0.7708,972,32.67166666666667,295.0850504684262,292.2184,587.1073,439.6628,0.0,0.8267,0.7708,972,32.67166666666667,294.23098184910685,292.6781,586.7132,439.6956,0.0333,0.8635,0.7701,972,32.67166666666667
294.18195381214673,292.6136,586.5686,439.5911,0.0167,0.8858,0.9004,973,32.70333333333333,294.20680539459914,292.5775,586.5686,439.5731,0.0,0.9267,0.9004,973,32.70333333333333,295.09230059519314,292.0905,586.9689,439.5297,0.0333,0.6872,0.8799,973,32.70333333333333,295.0990998050984,292.071,586.9689,439.52,0.0,0.7737,0.8799,973,32.70333333333333,294.18195381214673,292.6136,586.5686,439.5911,0.0167,0.8858,0.9004,973,32.70333333333333
294.22050905872646,292.5326,586.5282,439.5304,0.0167,0.8274,0.8883,974,32.73666666666667,294.24190683625557,292.5,586.5282,439.5141,0.0,0.9008,0.8883,974,32.73666666666667,295.0956709315629,292.0405,586.9265,439.4835,0.0333,0.7563,0.863,974,32.73666666666667,295.10676086727347,292.0168,586.9265,439.4717,0.0,0.8273,0.863,974,32.73666666666667,294.22050905872646,292.5326,586.5282,439.5304,0.0167,0.8274,0.8883,974,32.73666666666667
294.21167497311205,292.5242,586.5071,439.5157,0.05,0.6283,0.8339,975,32.77166666666667,294.1433509999464,292.5651,586.5071,439.5361,0.0,0.7624,0.8339,975,32.77166666666667,295.07274064729177,292.0366,586.9005,439.4685,0.025,0.7415,0.9726,975,32.77166666666667,295.14364481552565,291.9583,586.9005,439.4294,0.0,0.7283,0.9726,975,32.77166666666667,294.21167497311205,292.5242,586.5071,439.5157,0.05,0.6283,0.8339,975,32.77166666666667
294.1666827010143,292.578,586.5091,439.5436,0.0583,0.6548,0.8287,976,32.803333333333335,294.1463804619647,292.5644,586.5091,439.5368,0.0,0.7228,0.8287,976,32.803333333333335,295.06707840035267,292.0382,586.897,439.4676,0.025,0.7426,0.9734,976,32.803333333333335,295.1381548272425,291.9599,586.897,439.4285,0.0,0.7191,0.9734,976,32.803333333333335,294.1666827010143,292.578,586.5091,439.5436,0.0583,0.6548,0.8287,976,32.803333333333335
294.16650604518827,292.579,586.5094,439.5442,0.0583,0.6649,0.8291,977,32.836666666666666,294.14515172348996,292.5664,586.5094,439.5379,0.0,0.7377,0.8291,977,32.836666666666666,295.06588812691393,292.0385,586.8967,439.4676,0.025,0.7323,0.9671,977,32.836666666666666,295.1372216737761,291.9603,586.8967,439.4285,0.0,0.7129,0.9671,977,32.836666666666666,294.16650604518827,292.579,586.5094,439.5442,0.0583,0.6649,0.8291,977,32.836666666666666
294.1687659955843,292.5762,586.5092,439.5427,0.0583,0.6655,0.8262,978,32.87166666666667,294.1468348948681,292.5642,586.5092,439.5367,0.0,0.7394,0.8262,978,32.87166666666667,295.06581497696584,292.0368,586.8955,439.4661,0.025,0.7409,0.9667,978,32.87166666666667,295.13690697930735,291.9587,586.8955,439.4271,0.0,0.7239,0.9667,978,32.87166666666667,294.1687659955843,292.5762,586.5092,439.5427,0.0583,0.6655,0.8262,978,32.87166666666667
294.16744480456475,292.5761,586.5083,439.5422,0.0583,0.6836,0.8368,979,32.905,294.1446867817811,292.565,586.5083,439.5366,0.0,0.7421,0.8368,979,32.905,295.11191633737127,291.9947,586.8953,439.445,0.0333,0.6564,0.9631,979,32.905,295.1333529866895,291.9633,586.8953,439.4293,0.0,0.7163,0.9631,979,32.905,294.16744480456475,292.5761,586.5083,439.5422,0.0583,0.6836,0.8368,979,32.905
294.16828493403534,292.5742,586.5072,439.5407,0.0583,0.6639,0.8227,980,32.93833333333333,294.14587411972616,292.5626,586.5072,439.5349,0.0,0.7433,0.8227,980,32.93833333333333,295.0616699377432,292.0389,586.8931,439.466,0.025,0.7157,0.9468,980,32.93833333333333,295.13278632342525,291.9608,586.8931,439.4269,0.0,0.7228,0.9468,980,32.93833333333333,294.16828493403534,292.5742,586.5072,439.5407,0.0583,0.6639,0.8227,980,32.93833333333333
294.1671725153864,292.5752,586.5073,439.5413,0.0583,0.6634,0.8233,981,32.97166666666667,294.14520091070415,292.5632,586.5073,439.5353,0.0,0.7532,0.8233,981,32.97166666666667,295.0621210910856,292.0397,586.8941,439.4669,0.025,0.7005,0.9472,981,32.97166666666667,295.1332791839374,291.9617,586.8941,439.4279,0.0,0.7143,0.9472,981,32.97166666666667,294.1671725153864,292.5752,586.5073,439.5413,0.0583,0.6634,0.8233,981,32.97166666666667
294.166275287568,292.5758,586.5068,439.5413,0.0583,0.6645,0.8183,982,33.010000000000005,294.14445584659273,292.5637,586.5068,439.5352,0.0,0.7425,0.8183,982,33.010000000000005,295.0623644514261,292.0392,586.8939,439.4665,0.025,0.7081,0.9473,982,33.010000000000005,295.1335015739548,291.9611,586.8939,439.4275,0.0,0.7187,0.9473,982,33.010000000000005,294.166275287568,292.5758,586.5068,439.5413,0.0583,0.6645,0.8183,982,33.010000000000005
294.21236077980484,292.5191,586.5083,439.5137,0.0333,0.627,0.839,983,33.03666666666667,294.1448059808507,292.5658,586.5083,439.5371,0.0,0.7807,0.839,983,33.03666666666667,295.06129220548155,292.0412,586.8944,439.4678,0.025,0.7025,0.9483,983,33.03666666666667,295.13263731103143,291.9631,586.8944,439.4287,0.0,0.7134,0.9483,983,33.03666666666667,294.21236077980484,292.5191,586.5083,439.5137,0.0333,0.627,0.839,983,33.03666666666667
294.19720121392834,292.5345,586.5016,439.518,0.0583,0.6519,0.9096,984,33.071666666666665,294.1696446101099,292.5281,586.5016,439.5149,0.0,0.7264,0.9096,984,33.071666666666665,295.0619608279061,292.0284,586.8874,439.4579,0.025,0.6884,0.9698,984,33.071666666666665,295.1332078952163,291.9507,586.8874,439.4191,0.0,0.6919,0.9698,984,33.071666666666665,294.19720121392834,292.5345,586.5016,439.518,0.0583,0.6519,0.9096,984,33.071666666666665
294.13790711792905,292.534,586.4689,439.5014,0.0167,0.7862,0.8536,985,33.105000000000004,294.1666613873763,292.4943,586.4689,439.4816,0.0,0.8034,0.8536,985,33.105000000000004,295.1882956900113,291.8813,586.8078,439.3445,0.0333,0.7165,0.7159,985,33.105000000000004,295.1835795706508,291.9075,586.8933,439.4004,0.0,0.7341,0.9231,985,33.105000000000004,294.13790711792905,292.534,586.4689,439.5014,0.0167,0.7862,0.8536,985,33.105000000000004
294.28207916410906,292.6031,586.707,439.655,0.0333,0.7193,0.8316,986,33.13666666666667,294.25996027333736,292.6171,586.707,439.6621,0.0,0.781,0.8316,986,33.13666666666667,295.22572165168503,292.0731,587.1221,439.5976,0.025,0.7985,0.9241,986,33.13666666666667,295.17806200170276,292.1059,587.1221,439.614,0.0,0.7995,0.9241,986,33.13666666666667,294.28207916410906,292.6031,586.707,439.655,0.0333,0.7193,0.8316,986,33.13666666666667
294.14181807220814,292.8072,586.7568,439.782,0.0333,0.7187,0.885,987,33.17166666666667,294.0519243385429,292.8752,586.7568,439.816,0.0,0.7868,0.885,987,33.17166666666667,294.93494325538927,292.4444,587.2037,439.824,0.0083,0.8702,1.0488,987,33.17166666666667,295.0041410147676,292.3695,587.2037,439.7866,0.0,0.8612,1.0488,987,33.17166666666667,294.14181807220814,292.8072,586.7568,439.782,0.0333,0.7187,0.885,987,33.17166666666667
294.1416503671113,292.8052,586.7487,439.7769,0.025,0.8218,0.7827,988,33.205000000000005,294.11085046868914,292.8196,586.7487,439.7841,0.0,0.8223,0.7827,988,33.205000000000005,295.1009359311049,292.2811,587.1871,439.7341,0.025,0.8066,0.859,988,33.205000000000005,295.0593927318866,292.3072,587.1871,439.7471,0.0,0.8458,0.859,988,33.205000000000005,294.1416503671113,292.8052,586.7487,439.7769,0.025,0.8218,0.7827,988,33.205000000000005
294.14743621023746,292.6764,586.642,439.6592,0.0333,0.8493,0.8119,989,33.23833333333334,294.1228372657916,292.6434,586.5542,439.5988,0.0,0.8538,0.8336,989,33.23833333333334,294.96566153833044,292.179,586.8987,439.5388,0.025,0.8589,0.7872,989,33.23833333333334,295.01495038699716,292.156,586.9803,439.5681,0.0,0.8164,0.8689,989,33.23833333333334,294.14743621023746,292.6764,586.642,439.6592,0.0333,0.8493,0.8119,989,33.23833333333334
294.2916910880015,292.4245,586.5071,439.4658,0.0417,0.7619,0.7697,990,33.27166666666667,294.18945336150887,292.4819,586.4652,439.4736,0.0,0.7788,0.7666,990,33.27166666666667,294.9409101035688,292.0833,586.7812,439.4322,0.025,0.9145,0.7969,990,33.27166666666667,295.09682633389184,292.0038,586.9136,439.4587,0.0,0.935,0.8382,990,33.27166666666667,294.2916910880015,292.4245,586.5071,439.4658,0.0417,0.7619,0.7697,990,33.27166666666667
294.1626143771831,292.4498,586.4127,439.4312,0.05,0.7675,0.7723,991,33.305,294.1983541134551,292.4598,586.4548,439.4573,0.0,0.7902,0.7591,991,33.305,294.99291772359226,292.0145,586.7569,439.3857,0.0333,0.9072,0.7782,991,33.305,295.0940583687707,291.9865,586.8925,439.4395,0.0,0.9297,0.8418,991,33.305,294.1626143771831,292.4498,586.4127,439.4312,0.05,0.7675,0.7723,991,33.305
294.22817684330477,292.4415,586.4856,439.4635,0.05,0.8177,0.7783,992,33.33833333333334,294.14978881651535,292.4968,586.4504,439.4736,0.0,0.8491,0.764,992,33.33833333333334,295.03174229663205,292.0481,586.8881,439.4681,0.0083,0.9328,0.8927,992,33.33833333333334,295.10444984197363,291.9694,586.8881,439.4288,0.0,0.9158,0.8927,992,33.33833333333334,294.22817684330477,292.4415,586.4856,439.4635,0.05,0.8177,0.7783,992,33.33833333333334
294.30270719875216,292.392,586.4914,439.4417,0.0417,0.8148,0.7632,993,33.37166666666667,294.151838939686,292.494,586.4501,439.4721,0.0,0.867,0.7848,993,33.37166666666667,295.02707770998813,292.0521,586.8867,439.4694,0.0083,0.9308,0.885,993,33.37166666666667,295.09986714500366,291.9734,586.8867,439.43,0.0,0.915,0.885,993,33.37166666666667,294.30270719875216,292.392,586.4914,439.4417,0.0417,0.8148,0.7632,993,33.37166666666667
294.25110215742495,292.4405,586.4935,439.467,0.0333,0.8247,0.7601,994,33.403333333333336,294.1523707331175,292.496,586.4522,439.4741,0.0,0.8489,0.7929,994,33.403333333333336,295.0322415585342,292.0498,586.8907,439.4703,0.0083,0.9325,0.8911,994,33.403333333333336,295.1049809919523,291.9711,586.8907,439.4309,0.0,0.9284,0.8911,994,33.403333333333336,294.25110215742495,292.4405,586.4935,439.467,0.0333,0.8247,0.7601,994,33.403333333333336
294.249096834067,292.3904,586.4332,439.4118,0.0583,0.7408,0.8162,995,33.43833333333333,294.2393365886056,292.4021,586.4402,439.4212,0.0,0.7884,0.7868,995,33.43833333333333,295.065226537687,292.0236,586.8873,439.4554,0.0333,0.7435,0.8391,995,33.43833333333333,295.1281876510694,291.9592,586.8873,439.4233,0.0,0.793,0.8391,995,33.43833333333333,294.249096834067,292.3904,586.4332,439.4118,0.0583,0.7408,0.8162,995,33.43833333333333
294.18858946778647,292.4502,586.4303,439.4402,0.0667,0.7189,0.8254,996,33.473333333333336,294.234707919597,292.4039,586.4375,439.4207,0.0,0.7972,0.7852,996,33.473333333333336,295.01159555020206,292.075,586.8889,439.482,0.025,0.8202,0.8346,996,33.473333333333336,295.13063266886576,291.9595,586.8889,439.4242,0.0,0.7973,0.8346,996,33.473333333333336,294.18858946778647,292.4502,586.4303,439.4402,0.0667,0.7189,0.8254,996,33.473333333333336
294.3127451855237,292.3889,586.5222,439.4556,0.0583,0.72,0.8125,997,33.510000000000005,294.2379010674914,292.3999,586.4376,439.4187,0.0,0.7971,0.7883,997,33.510000000000005,294.9912969595978,292.0827,586.8778,439.4802,0.025,0.8431,0.8546,997,33.510000000000005,295.11140644302384,291.9659,586.8778,439.4219,0.0,0.799,0.8546,997,33.510000000000005,294.3127451855237,292.3889,586.5222,439.4556,0.0583,0.72,0.8125,997,33.510000000000005
294.2549611210078,292.4476,586.5207,439.4842,0.0667,0.7106,0.8005,998,33.53666666666667,294.2354623618425,292.401,586.4363,439.4187,0.0,0.7892,0.7744,998,33.53666666666667,294.99145434456887,292.084,586.8787,439.4813,0.025,0.8425,0.8545,998,33.53666666666667,295.11162409271606,291.9672,586.8787,439.4229,0.0,0.7997,0.8545,998,33.53666666666667,294.2549611210078,292.4476,586.5207,439.4842,0.0667,0.7106,0.8005,998,33.53666666666667
294.3119097689822,292.3891,586.522,439.4556,0.0583,0.7207,0.814,999,33.57666666666667,294.23732236867545,292.4,586.4379,439.419,0.0,0.7957,0.7842,999,33.57666666666667,294.9899045304669,292.0839,586.8775,439.4807,0.025,0.8456,0.8548,999,33.57666666666667,295.110069774565,291.9671,586.8775,439.4223,0.0,0.7997,0.8548,999,33.57666666666667,294.3119097689822,292.3891,586.522,439.4556,0.0583,0.7207,0.814,999,33.57666666666667
294.30749114521416,292.3925,586.5205,439.4565,0.0583,0.7235,0.807,1000,33.61,294.23177638392076,292.4044,586.4362,439.4203,0.0,0.7881,0.7848,1000,33.61,294.9964409982679,292.0805,586.8807,439.4806,0.025,0.828,0.8545,1000,33.61,295.11663187582224,291.9637,586.8807,439.4222,0.0,0.7975,0.8545,1000,33.61,294.30749114521416,292.3925,586.5205,439.4565,0.0583,0.7235,0.807,1000,33.61
294.2542668603975,292.4485,586.5226,439.4855,0.0667,0.7109,0.8064,1001,33.638333333333335,294.2340900140432,292.4025,586.438,439.4202,0.0,0.7919,0.7848,1001,33.638333333333335,294.99319910494904,292.086,586.8832,439.4846,0.025,0.8479,0.8555,1001,33.638333333333335,295.1136819190968,291.9689,586.8832,439.4261,0.0,0.7995,0.8555,1001,33.638333333333335,294.2542668603975,292.4485,586.5226,439.4855,0.0667,0.7109,0.8064,1001,33.638333333333335
294.1105725024703,292.834,586.7814,439.8077,0.0083,0.8913,0.7893,1002,33.678333333333335,294.1964922295355,292.744,586.7814,439.7627,0.0,0.8438,0.7893,1002,33.678333333333335,295.03473802508915,292.2915,587.1704,439.731,0.0083,0.8767,0.9954,1002,33.678333333333335,295.10725777862444,292.2131,587.1704,439.6918,0.0,0.8232,0.9954,1002,33.678333333333335,294.1105725024703,292.834,586.7814,439.8077,0.0083,0.8913,0.7893,1002,33.678333333333335
294.2041216805609,292.7659,586.7879,439.7769,0.025,0.7842,0.7838,1003,33.71,294.1695209722108,292.7847,586.7879,439.7863,0.0,0.7768,0.7838,1003,33.71,295.0611673772995,292.3167,587.2019,439.7593,0.025,0.7807,0.938,1003,33.71,295.01725537931367,292.3457,587.2019,439.7738,0.0,0.8397,0.938,1003,33.71,294.2041216805609,292.7659,586.7879,439.7769,0.025,0.7842,0.7838,1003,33.71
294.2554730988818,292.6701,586.72,439.6951,0.025,0.8228,0.7763,1004,33.73833333333334,294.2248701326714,292.6855,586.72,439.7027,0.0,0.8479,0.7763,1004,33.73833333333334,295.0612692730153,292.2505,587.1228,439.6866,0.0167,0.861,1.1093,1004,33.73833333333334,295.07339081399937,292.2285,587.1228,439.6756,0.0,0.8396,1.1093,1004,33.73833333333334,294.2554730988818,292.6701,586.72,439.6951,0.025,0.8228,0.7763,1004,33.73833333333334
294.0859833605624,292.7383,586.6127,439.6755,0.0083,0.9369,0.7285,1005,33.78333333333334,294.1667961219973,292.6525,586.6127,439.6326,0.0,0.9734,0.7285,1005,33.78333333333334,295.03734378839704,292.1034,586.9416,439.5225,0.0333,0.7673,0.804,1005,33.78333333333334,295.04747992036897,292.081,586.9416,439.5113,0.0,0.7855,0.804,1005,33.78333333333334,294.0859833605624,292.7383,586.6127,439.6755,0.0083,0.9369,0.7285,1005,33.78333333333334
294.12391013282786,292.6173,586.4682,439.5428,0.025,0.9036,0.7336,1006,33.81,294.1793880753979,292.5815,586.5438,439.5626,0.0,0.911,0.7881,1006,33.81,295.18871295197033,291.9664,586.9265,439.4464,0.0333,0.7583,0.8297,1006,33.81,295.098956957246,292.0016,586.8993,439.4504,0.0,0.877,0.8109,1006,33.81,294.12391013282786,292.6173,586.4682,439.5428,0.025,0.9036,0.7336,1006,33.81
294.0283068446267,292.6528,586.4089,439.5308,0.025,0.9995,0.7037,1007,33.836666666666666,294.1810525633044,292.5681,586.534,439.5511,0.0,0.934,0.7834,1007,33.836666666666666,295.1958183484293,291.9541,586.9222,439.4382,0.0333,0.7206,0.832,1007,33.836666666666666,295.10649723883273,291.989,586.8951,439.4421,0.0,0.8898,0.8085,1007,33.836666666666666,294.0283068446267,292.6528,586.4089,439.5308,0.025,0.9995,0.7037,1007,33.836666666666666
294.12822554291495,292.6394,586.5931,439.6163,0.025,0.9477,0.7427,1008,33.88333333333333,294.164035939878,292.5545,586.5086,439.5316,0.0,0.9225,0.7301,1008,33.88333333333333,295.1517790647938,291.9354,586.8782,439.4068,0.025,0.766,0.9029,1008,33.88333333333333,295.10158806245204,291.9704,586.8782,439.4243,0.0,0.8326,0.9029,1008,33.88333333333333,294.12822554291495,292.6394,586.5931,439.6163,0.025,0.9477,0.7427,1008,33.88333333333333
294.1058144461356,292.6228,586.5335,439.5782,0.0167,0.9661,0.7475,1009,33.91000000000001,294.16815356963843,292.5335,586.4913,439.5124,0.0,0.9456,0.7656,1009,33.91000000000001,295.09432427702825,291.9755,586.8663,439.4209,0.0167,0.8579,0.8669,1009,33.91000000000001,295.10665556467734,291.9528,586.8663,439.4096,0.0,0.8357,0.8669,1009,33.91000000000001,294.1058144461356,292.6228,586.5335,439.5782,0.0167,0.9661,0.7475,1009,33.91000000000001
294.0499192389127,292.6248,586.4134,439.5191,0.0167,0.9285,0.7013,1010,33.93833333333333,294.1643067205036,292.5355,586.4884,439.5119,0.0,0.9226,0.7552,1010,33.93833333333333,295.0943557898332,291.9761,586.8675,439.4218,0.0167,0.8595,0.8659,1010,33.93833333333333,295.1067009416636,291.9534,586.8675,439.4104,0.0,0.8362,0.8659,1010,33.93833333333333,294.0499192389127,292.6248,586.4134,439.5191,0.0167,0.9285,0.7013,1010,33.93833333333333
294.12504459143673,292.5739,586.4801,439.527,0.0167,0.8768,0.7962,1011,33.98166666666667,294.1546265210543,292.5337,586.4801,439.5069,0.0,0.8791,0.7962,1011,33.98166666666667,295.04750539533694,291.9807,586.7564,439.3685,0.0417,0.8195,0.7403,1011,33.98166666666667,295.0986411774751,291.9583,586.8643,439.4113,0.0,0.7922,0.7602,1011,33.98166666666667,294.12504459143673,292.5739,586.4801,439.527,0.0167,0.8768,0.7962,1011,33.98166666666667
294.094560934328,292.5845,586.4791,439.5318,0.0083,0.9736,0.8028,1012,34.010000000000005,294.177966952199,292.4961,586.4791,439.4876,0.0,1.0397,0.8028,1012,34.010000000000005,295.1382045543126,291.9712,586.8942,439.4327,0.025,0.8383,0.7152,1012,34.010000000000005,295.10928697894684,291.9492,586.8654,439.4073,0.0,0.8376,0.7175,1012,34.010000000000005,294.094560934328,292.5845,586.4791,439.5318,0.0083,0.9736,0.8028,1012,34.010000000000005
294.11344423066726,292.5835,586.5171,439.5503,0.0167,0.9663,0.7778,1013,34.038333333333334,294.17492193639225,292.4953,586.4751,439.4852,0.0,1.0326,0.788,1013,34.038333333333334,295.13280830642157,291.9724,586.8904,439.4314,0.025,0.8419,0.7078,1013,34.038333333333334,295.10379225558563,291.9505,586.8615,439.406,0.0,0.8376,0.724,1013,34.038333333333334,294.11344423066726,292.5835,586.5171,439.5503,0.0167,0.9663,0.7778,1013,34.038333333333334
294.1039663583018,292.5807,586.5059,439.5433,0.0167,0.964,0.7873,1014,34.085,294.16535359451456,292.4927,586.4641,439.4784,0.0,1.0302,0.7968,1014,34.085,295.12757345774776,291.9698,586.884,439.4269,0.025,0.8452,0.7033,1014,34.085,295.098678592764,291.9479,586.855,439.4014,0.0,0.8289,0.732,1014,34.085,294.1039663583018,292.5807,586.5059,439.5433,0.0167,0.964,0.7873,1014,34.085
294.05713371276,292.5817,586.4421,439.5119,0.0083,0.9629,0.838,1015,34.11,294.14156583631694,292.492,586.4421,439.4671,0.0,0.9381,0.838,1015,34.11,295.10376710962726,291.9685,586.8577,439.4131,0.0333,0.7564,0.8862,1015,34.11,295.1133204120565,291.9463,586.8577,439.402,0.0,0.7963,0.8862,1015,34.11,294.05713371276,292.5817,586.4421,439.5119,0.0083,0.9629,0.838,1015,34.11
294.06015258365096,292.5793,586.4428,439.511,0.0083,0.9812,0.8382,1016,34.13666666666667,294.144397820686,292.4898,586.4428,439.4663,0.0,0.9252,0.8382,1016,34.13666666666667,295.11222719861235,291.9614,586.8588,439.4101,0.0333,0.7536,0.8697,1016,34.13666666666667,295.1210755563814,291.9396,586.8588,439.3992,0.0,0.8274,0.8697,1016,34.13666666666667,294.06015258365096,292.5793,586.4428,439.511,0.0083,0.9812,0.8382,1016,34.13666666666667
294.2327799083494,292.622,586.6744,439.6482,0.025,0.7679,0.7098,1017,34.17,294.21176751706275,292.6304,586.6744,439.6524,0.0,0.8709,0.7098,1017,34.17,295.18979363472374,292.0428,587.0435,439.5431,0.025,0.7336,0.8287,1017,34.17,295.14880092164935,292.0683,587.0435,439.5559,0.0,0.7655,0.8287,1017,34.17,294.2327799083494,292.622,586.6744,439.6482,0.025,0.7679,0.7098,1017,34.17
294.2463765175279,292.7673,586.8798,439.8236,0.0417,0.8128,0.857,1018,34.20333333333333,294.1715231241525,292.7823,586.7997,439.791,0.0,0.9711,0.8006,1018,34.20333333333333,295.1471661132266,292.2464,587.2309,439.7386,0.025,0.7575,0.9054,1018,34.20333333333333,295.101472818001,292.2767,587.2309,439.7538,0.0,0.8069,0.9054,1018,34.20333333333333,294.2463765175279,292.7673,586.8798,439.8236,0.0417,0.8128,0.857,1018,34.20333333333333
294.2728154868829,292.6895,586.8025,439.746,0.0417,0.8945,0.7916,1019,34.23666666666667,294.1946041732984,292.7073,586.7202,439.7137,0.0,0.9343,0.798,1019,34.23666666666667,295.1504200127948,292.1786,587.1346,439.6566,0.025,0.8532,0.811,1019,34.23666666666667,295.1005584331627,292.2128,587.1346,439.6737,0.0,0.75,0.811,1019,34.23666666666667,294.2728154868829,292.6895,586.8025,439.746,0.0417,0.8945,0.7916,1019,34.23666666666667
294.2619644497212,292.6403,586.732,439.6862,0.0333,0.8724,0.7143,1020,34.27166666666667,294.24553752202166,292.604,586.6532,439.6286,0.0,0.9307,0.7493,1020,34.27166666666667,295.1894946825895,292.1038,587.0811,439.5924,0.0333,0.8123,0.8465,1020,34.27166666666667,295.09949583023143,292.1313,587.0065,439.5689,0.0,0.8673,0.8143,1020,34.27166666666667,294.2619644497212,292.6403,586.732,439.6862,0.0333,0.8724,0.7143,1020,34.27166666666667
294.19913360297943,292.6276,586.6233,439.6255,0.0167,0.8898,0.7144,1021,34.305,294.22572765690006,292.5906,586.6233,439.607,0.0,0.8726,0.7144,1021,34.305,295.1181216390386,292.0907,586.9483,439.5195,0.0417,0.8312,0.8113,1021,34.305,295.0634009785699,292.1199,586.9624,439.5411,0.0,0.7987,0.7827,1021,34.305,294.19913360297943,292.6276,586.6233,439.6255,0.0167,0.8898,0.7144,1021,34.305
294.191975712738,292.6185,586.61,439.6143,0.0167,0.8985,0.6968,1022,34.33833333333334,294.2179675261626,292.5822,586.61,439.5961,0.0,0.8614,0.6968,1022,34.33833333333334,295.0715697487695,292.1563,587.0238,439.59,0.025,0.8301,0.8623,1022,34.33833333333334,295.037817076425,292.1337,586.9512,439.5425,0.0,0.913,0.7939,1022,34.33833333333334,294.191975712738,292.6185,586.61,439.6143,0.0167,0.8985,0.6968,1022,34.33833333333334
294.2985637871649,292.4501,586.5511,439.5006,0.0417,0.7307,0.7356,1023,34.37166666666667,294.18954101612354,292.5146,586.5089,439.5118,0.0,0.7911,0.7042,1023,34.37166666666667,295.09150882157326,292.0162,586.8459,439.4311,0.0417,0.7406,0.7748,1023,34.37166666666667,295.03172535216095,292.0506,586.8596,439.4551,0.0,0.8538,0.8369,1023,34.37166666666667,294.2985637871649,292.4501,586.5511,439.5006,0.0417,0.7307,0.7356,1023,34.37166666666667
294.22339239264136,292.4875,586.5024,439.4949,0.025,0.8112,0.7973,1024,34.405,294.1870880593416,292.508,586.5024,439.5052,0.0,0.7948,0.7973,1024,34.405,295.0847052480125,292.0647,586.938,439.5013,0.025,0.834,0.8452,1024,34.405,295.04641138488057,292.0455,586.8663,439.4559,0.0,0.909,0.8721,1024,34.405,294.22339239264136,292.4875,586.5024,439.4949,0.025,0.8112,0.7973,1024,34.405
294.14763106160234,292.4672,586.4,439.4336,0.0333,0.6693,0.8969,1025,34.440000000000005,294.07481503837715,292.5186,586.4,439.4593,0.0,0.8559,0.8969,1025,34.440000000000005,295.06917742198846,291.979,586.7717,439.3753,0.0417,0.7231,1.1253,1025,34.440000000000005,295.1146345161204,291.9561,586.8535,439.4048,0.0,0.875,1.014,1025,34.440000000000005,294.14763106160234,292.4672,586.4,439.4336,0.0333,0.6693,0.8969,1025,34.440000000000005
294.1471188602435,292.4688,586.4008,439.4348,0.0333,0.6759,0.9011,1026,34.473333333333336,294.07439054791803,292.5201,586.4008,439.4605,0.0,0.8495,0.9011,1026,34.473333333333336,295.0733597085911,291.9784,586.7741,439.3763,0.0417,0.7228,0.9124,1026,34.473333333333336,295.118761364786,291.9556,586.856,439.4058,0.0,0.8746,0.9329,1026,34.473333333333336,294.1471188602435,292.4688,586.4008,439.4348,0.0333,0.6759,0.9011,1026,34.473333333333336
294.04562589554075,292.5592,586.3999,439.4795,0.0167,0.8098,0.8654,1027,34.50333333333334,294.07641444595174,292.5174,586.3999,439.4586,0.0,0.8816,0.8654,1027,34.50333333333334,295.0695450094057,291.9832,586.7735,439.3784,0.0417,0.7214,0.9203,1027,34.50333333333334,295.1151738426789,291.9602,586.8555,439.4078,0.0,0.8513,0.9459,1027,34.50333333333334,294.04562589554075,292.5592,586.3999,439.4795,0.0167,0.8098,0.8654,1027,34.50333333333334
294.101578712644,292.5122,586.4043,439.4582,0.025,0.7386,0.8972,1028,34.54333333333334,294.0804896290233,292.5176,586.4043,439.4609,0.0,0.8092,0.8972,1028,34.54333333333334,295.07859935938603,291.977,586.7764,439.3767,0.0417,0.7198,0.9223,1028,34.54333333333334,295.1238295811865,291.9543,586.8585,439.4064,0.0,0.8745,0.9238,1028,34.54333333333334,294.101578712644,292.5122,586.4043,439.4582,0.025,0.7386,0.8972,1028,34.54333333333334
294.10077004466837,292.5132,586.4043,439.4588,0.025,0.7388,0.9022,1029,34.57,294.07983109696414,292.5185,586.4043,439.4614,0.0,0.8098,0.9022,1029,34.57,295.0769648210347,291.977,586.7754,439.3762,0.0417,0.7198,0.9193,1029,34.57,295.1221983685359,291.9543,586.8575,439.4059,0.0,0.8745,0.9367,1029,34.57,294.10077004466837,292.5132,586.4043,439.4588,0.025,0.7388,0.9022,1029,34.57
294.15143369853865,292.4673,586.4034,439.4354,0.0333,0.6815,0.9023,1030,34.60333333333334,294.0785418493442,292.5188,586.4034,439.4611,0.0,0.8085,0.9023,1030,34.60333333333334,295.0712921146222,291.9771,586.7719,439.3745,0.0417,0.7199,1.1387,1030,34.60333333333334,295.11658233709255,291.9544,586.8538,439.4041,0.0,0.8747,1.0137,1030,34.60333333333334,294.15143369853865,292.4673,586.4034,439.4354,0.0333,0.6815,0.9023,1030,34.60333333333334
294.1500924476465,292.4661,586.4014,439.4338,0.0333,0.6737,0.9019,1031,34.638333333333335,294.0772033465686,292.5176,586.4014,439.4595,0.0,0.8641,0.9019,1031,34.638333333333335,295.06895849514905,291.9784,586.7703,439.3743,0.0417,0.7196,1.1333,1031,34.638333333333335,295.1144651316012,291.9555,586.8524,439.404,0.0,0.8752,1.0141,1031,34.638333333333335,294.1500924476465,292.4661,586.4014,439.4338,0.0333,0.6737,0.9019,1031,34.638333333333335
294.1481918088054,292.4687,586.4009,439.4348,0.0333,0.683,0.8797,1032,34.67166666666667,294.0753993504013,292.5201,586.4009,439.4605,0.0,0.8206,0.8797,1032,34.67166666666667,295.073986339867,291.9741,586.7718,439.3729,0.0417,0.7254,0.9861,1032,34.67166666666667,295.11907966466015,291.9515,586.8533,439.4024,0.0,0.8835,0.9433,1032,34.67166666666667,294.1481918088054,292.4687,586.4009,439.4348,0.0333,0.683,0.8797,1032,34.67166666666667
294.19439077032234,292.4231,586.3991,439.4111,0.0417,0.633,0.8579,1033,34.70333333333333,294.1679868406816,292.4312,586.3991,439.4152,0.0,0.7201,0.8579,1033,34.70333333333333,295.07048217985806,291.9755,586.7702,439.3728,0.0417,0.7251,0.9746,1033,34.70333333333333,295.11585634368595,291.9526,586.8517,439.4022,0.0,0.8823,0.9491,1033,34.70333333333333,294.19439077032234,292.4231,586.3991,439.4111,0.0417,0.633,0.8579,1033,34.70333333333333
294.19422513719275,292.4232,586.3989,439.411,0.0417,0.6337,0.857,1034,34.73833333333334,294.1678065963937,292.4313,586.3989,439.4151,0.0,0.7199,0.857,1034,34.73833333333334,295.07086019878767,291.9754,586.7707,439.3731,0.0417,0.7251,0.9726,1034,34.73833333333334,295.11621438765764,291.9526,586.8522,439.4024,0.0,0.8823,0.95,1034,34.73833333333334,294.19422513719275,292.4232,586.3989,439.411,0.0417,0.6337,0.857,1034,34.73833333333334
294.0103797976841,292.8658,586.7219,439.7939,0.0333,0.7358,0.8727,1035,34.77333333333333,294.15059221664063,292.739,586.7219,439.7305,0.0,0.7681,0.8727,1035,34.77333333333333,295.11324777448567,292.1944,587.1296,439.662,0.0333,0.6802,1.0541,1035,34.77333333333333,295.0248237574417,292.264,587.1296,439.6968,0.0,0.7602,1.0541,1035,34.77333333333333,294.0103797976841,292.8658,586.7219,439.7939,0.0333,0.7358,0.8727,1035,34.77333333333333
294.2641027246436,292.6336,586.709,439.6713,0.0417,0.693,0.9672,1036,34.805,294.1400720144767,292.7364,586.709,439.7227,0.0,0.7752,0.9672,1036,34.805,295.01513303845684,292.2365,587.0728,439.6547,0.025,0.7162,1.12,1036,34.805,294.97528476236755,292.2612,587.0728,439.667,0.0,0.7255,1.12,1036,34.805,294.2641027246436,292.6336,586.709,439.6713,0.0417,0.693,0.9672,1036,34.805
294.1707656707332,292.7265,586.7047,439.7156,0.0417,0.719,0.9394,1037,34.83833333333334,294.1488454176903,292.7291,586.7047,439.7169,0.0,0.8015,0.9394,1037,34.83833333333334,295.08524948989736,292.1765,587.0739,439.6252,0.0333,0.6653,1.0781,1037,34.83833333333334,294.9920842773611,292.2496,587.0739,439.6618,0.0,0.7258,1.0781,1037,34.83833333333334,294.1707656707332,292.7265,586.7047,439.7156,0.0417,0.719,0.9394,1037,34.83833333333334
294.3596889932695,292.5831,586.6959,439.6395,0.05,0.6634,0.7067,1038,34.87166666666667,294.27086113373616,292.6799,586.773,439.7265,0.0,0.7884,0.7608,1038,34.87166666666667,295.13870996248534,292.1704,587.0808,439.6256,0.0333,0.759,0.8648,1038,34.87166666666667,295.13892318844444,292.1944,587.1632,439.6788,0.0,0.7857,0.8804,1038,34.87166666666667,294.3596889932695,292.5831,586.6959,439.6395,0.05,0.6634,0.7067,1038,34.87166666666667
294.41483905028656,297.8884,592.2959,445.0921,0.0083,0.9216,0.8422,1039,34.906666666666666,294.4849758725596,297.8183,592.2959,445.0571,0.0,0.96,0.8422,1039,34.906666666666666,298.3961943034664,294.6285,593.023,443.8257,0.0167,1.4249,1.0864,1039,34.906666666666666,298.2343488958662,294.7903,593.023,443.9067,0.0,1.5872,1.0864,1039,34.906666666666666,294.41483905028656,297.8884,592.2959,445.0921,0.0083,0.9216,0.8422,1039,34.906666666666666
293.6106069013024,299.6481,593.2454,446.4467,0.025,0.9638,0.9544,1040,34.93666666666667,293.559312858392,299.7764,593.314,446.5452,0.0,1.0265,0.8771,1040,34.93666666666667,294.542507711549,299.2475,593.7609,446.5042,0.0167,1.017,1.0197,1040,34.93666666666667,294.5515195009875,299.3078,593.8229,446.5653,0.0,1.0384,1.0308,1040,34.93666666666667,293.6106069013024,299.6481,593.2454,446.4467,0.025,0.9638,0.9544,1040,34.93666666666667
292.92221875657526,298.4386,591.3541,444.8963,0.025,0.9922,0.8008,1041,34.97,292.8786238761327,298.5611,591.4356,444.9983,0.0,0.9429,0.7801,1041,34.97,294.57293851788324,297.5681,592.1394,444.8538,0.025,0.8877,1.0637,1041,34.97,294.50444992328244,297.7047,592.2047,444.9547,0.0,0.918,1.0381,1041,34.97,292.92221875657526,298.4386,591.3541,444.8963,0.025,0.9922,0.8008,1041,34.97
293.16466436879807,295.8397,588.9647,442.4022,0.05,0.8585,0.6487,1042,35.010000000000005,293.2268944876665,295.8148,589.008,442.4114,0.0,0.965,0.7324,1042,35.010000000000005,294.54307042431105,295.1237,589.6537,442.3887,0.025,0.8272,0.9718,1042,35.010000000000005,294.6049069214563,295.0885,589.6742,442.3813,0.0,0.9552,0.895,1042,35.010000000000005,293.16466436879807,295.8397,588.9647,442.4022,0.05,0.8585,0.6487,1042,35.010000000000005
293.7524054767257,293.9344,587.6047,440.7696,0.0583,0.6993,0.8698,1043,35.04333333333334,293.56365446442607,294.0627,587.5355,440.7991,0.0,0.8554,0.8035,1043,35.04333333333334,294.6523430683385,293.4226,588.0096,440.7161,0.0167,0.7879,0.8655,1043,35.04333333333334,294.7371956198723,293.3395,588.0096,440.6746,0.0,0.8236,0.8655,1043,35.04333333333334,293.7524054767257,293.9344,587.6047,440.7696,0.0583,0.6993,0.8698,1043,35.04333333333334
294.0511037796664,292.9995,586.8387,439.9191,0.05,0.7641,0.6706,1044,35.071666666666665,293.93142900446713,293.1277,586.909,440.0184,0.0,0.8155,0.7277,1044,35.071666666666665,294.94968572263474,292.5305,587.3085,439.9195,0.0333,0.8125,0.9026,1044,35.071666666666665,294.93746659074293,292.5667,587.3809,439.9738,0.0,0.779,0.8798,1044,35.071666666666665,294.0511037796664,292.9995,586.8387,439.9191,0.05,0.7641,0.6706,1044,35.071666666666665
294.20747545949615,292.6824,586.7434,439.7129,0.0583,0.8444,0.6703,1045,35.115,294.21190688598676,292.704,586.7506,439.7273,0.0,0.8402,0.6719,1045,35.115,294.9650774092478,292.3015,587.0946,439.698,0.0167,0.9126,0.8575,1045,35.115,294.97836854032676,292.279,587.0946,439.6868,0.0,0.8685,0.8575,1045,35.115,294.20747545949615,292.6824,586.7434,439.7129,0.0583,0.8444,0.6703,1045,35.115
294.2532620175581,292.5726,586.6355,439.6041,0.0583,0.79,0.7195,1046,35.14333333333334,294.2312106701962,292.6388,586.6833,439.661,0.0,0.8614,0.7129,1046,35.14333333333334,294.97435988166603,292.245,587.0274,439.6362,0.0167,0.8414,0.9118,1046,35.14333333333334,294.9854320366293,292.2239,587.0274,439.6257,0.0,0.8629,0.9118,1046,35.14333333333334,294.2532620175581,292.5726,586.6355,439.6041,0.0583,0.79,0.7195,1046,35.14333333333334
294.1452270031021,292.6795,586.6624,439.671,0.0583,0.8561,0.6197,1047,35.17166666666667,294.1599662705037,292.6924,586.6662,439.6793,0.0,0.9108,0.7075,1047,35.17166666666667,294.9503749959396,292.2615,587.0202,439.6409,0.0083,0.9088,0.8394,1047,35.17166666666667,295.01910829778376,292.1872,587.0202,439.6037,0.0,0.9167,0.8394,1047,35.17166666666667,294.1452270031021,292.6795,586.6624,439.671,0.0583,0.8561,0.6197,1047,35.17166666666667
294.25961580291903,292.5952,586.6809,439.6381,0.05,0.857,0.6745,1048,35.21666666666667,294.2245002289036,292.6146,586.6497,439.6322,0.0,0.8905,0.6942,1048,35.21666666666667,294.93912900153884,292.2553,587.007,439.6311,0.0083,0.9069,0.9195,1048,35.21666666666667,295.00754974514143,292.1813,587.007,439.5941,0.0,0.9155,0.9195,1048,35.21666666666667,294.25961580291903,292.5952,586.6809,439.6381,0.05,0.857,0.6745,1048,35.21666666666667
294.24637562364455,292.5905,586.6285,439.6095,0.025,0.8312,0.7259,1049,35.24333333333333,294.21061929439315,292.6106,586.6285,439.6196,0.0,0.8615,0.7259,1049,35.24333333333333,294.94860276419274,292.2502,587.0036,439.6269,0.0083,0.8914,0.9323,1049,35.24333333333333,295.0170823261235,292.1762,587.0036,439.5899,0.0,0.9043,0.9323,1049,35.24333333333333,294.24637562364455,292.5905,586.6285,439.6095,0.025,0.8312,0.7259,1049,35.24333333333333
294.3696528158615,292.4754,586.625,439.5502,0.0417,0.8598,0.72,1050,35.27166666666667,294.21565250121216,292.6024,586.625,439.6137,0.0,0.8597,0.72,1050,35.27166666666667,295.00676397015445,292.1904,586.9979,439.5942,0.0167,0.8881,0.8821,1050,35.27166666666667,295.01521393824237,292.1717,586.9979,439.5848,0.0,0.8388,0.8821,1050,35.27166666666667,294.3696528158615,292.4754,586.625,439.5502,0.0417,0.8598,0.72,1050,35.27166666666667
294.31921519822635,292.5179,586.6208,439.5693,0.0333,0.8074,0.6598,1051,35.31666666666667,294.22487371795216,292.5902,586.6208,439.6055,0.0,0.9047,0.6598,1051,35.31666666666667,295.0135934378259,292.1761,586.9926,439.5843,0.0167,0.904,0.8816,1051,35.31666666666667,295.0215478602387,292.1579,586.9926,439.5753,0.0,0.8639,0.8816,1051,35.31666666666667,294.31921519822635,292.5179,586.6208,439.5693,0.0333,0.8074,0.6598,1051,35.31666666666667
294.28795270127836,292.5157,586.5899,439.5528,0.0333,0.8112,0.6447,1052,35.343333333333334,294.1987064468485,292.5833,586.5899,439.5866,0.0,0.9049,0.6447,1052,35.343333333333334,294.98879728261034,292.167,586.9632,439.5651,0.0167,0.8904,0.8813,1052,35.343333333333334,294.9980641189069,292.1474,586.9632,439.5553,0.0,0.901,0.8813,1052,35.343333333333334,294.28795270127836,292.5157,586.5899,439.5528,0.0333,0.8112,0.6447,1052,35.343333333333334
294.22841322396437,292.5609,586.5792,439.5701,0.025,0.8154,0.6533,1053,35.370000000000005,294.19117541033484,292.5822,586.5792,439.5807,0.0,0.9015,0.6533,1053,35.370000000000005,294.99367689443284,292.1542,586.9546,439.5544,0.0167,0.8421,0.8837,1053,35.370000000000005,295.00245615073726,292.1351,586.9546,439.5448,0.0,0.9021,0.8837,1053,35.370000000000005,294.22841322396437,292.5609,586.5792,439.5701,0.025,0.8154,0.6533,1053,35.370000000000005
294.18193115815745,292.6039,586.5993,439.6016,0.025,0.8136,0.7222,1054,35.415,294.1864413362659,292.57,586.5649,439.5675,0.0,0.9054,0.6647,1054,35.415,294.9440478858339,292.1488,586.8598,439.5043,0.025,0.8441,0.8333,1054,35.415,294.993386378913,292.126,586.9401,439.5331,0.0,0.8583,0.8749,1054,35.415,294.18193115815745,292.6039,586.5993,439.6016,0.025,0.8136,0.7222,1054,35.415
294.44304101320245,292.5723,586.8538,439.7131,0.0583,0.6763,0.6943,1055,35.443333333333335,294.3645762081396,292.59,586.7758,439.6829,0.0,0.7339,0.6877,1055,35.443333333333335,295.2554581125661,292.1459,587.2032,439.6745,0.025,0.8036,0.9659,1055,35.443333333333335,295.2174706072223,292.1682,587.2032,439.6857,0.0,0.9115,0.9659,1055,35.443333333333335,294.44304101320245,292.5723,586.8538,439.7131,0.0583,0.6763,0.6943,1055,35.443333333333335
294.418839779725,292.745,587.0018,439.8734,0.05,0.805,0.8435,1056,35.47166666666667,294.2411651789937,292.8783,586.9641,439.9212,0.0,0.7706,0.8026,1056,35.47166666666667,295.11624489029623,292.4285,587.3874,439.908,0.025,0.8594,0.8785,1056,35.47166666666667,295.0756073431414,292.4547,587.3874,439.921,0.0,0.8755,0.8785,1056,35.47166666666667,294.418839779725,292.745,587.0018,439.8734,0.05,0.805,0.8435,1056,35.47166666666667
294.3893223133329,292.7698,586.9934,439.8816,0.05,0.7103,0.8588,1057,35.510000000000005,294.20686574722765,292.907,586.9555,439.9313,0.0,0.8578,0.7808,1057,35.510000000000005,294.9885566939653,292.5476,587.3836,439.9656,0.0083,0.9364,0.9459,1057,35.510000000000005,295.05614294960253,292.4745,587.3836,439.929,0.0,0.9102,0.9459,1057,35.510000000000005,294.3893223133329,292.7698,586.9934,439.8816,0.05,0.7103,0.8588,1057,35.510000000000005
294.27033291958264,292.7406,586.7989,439.7697,0.0333,0.7805,0.7518,1058,35.538333333333334,294.1698704383236,292.8207,586.7989,439.8098,0.0,0.8448,0.7518,1058,35.538333333333334,294.9922336975836,292.4119,587.2201,439.816,0.0167,0.8607,0.884,1058,35.538333333333334,295.00392493925904,292.39,587.2201,439.805,0.0,0.877,0.884,1058,35.538333333333334,294.27033291958264,292.7406,586.7989,439.7697,0.0333,0.7805,0.7518,1058,35.538333333333334
294.15902468835367,292.611,586.5033,439.5571,0.0583,0.6466,0.7298,1059,35.571666666666665,294.1995515002551,292.6233,586.6209,439.6221,0.0,0.6676,0.6982,1059,35.571666666666665,294.9921495287772,292.2251,587.0229,439.624,0.0167,0.8679,0.9183,1059,35.571666666666665,295.0061059074319,292.2012,587.0229,439.6121,0.0,0.8428,0.9183,1059,35.571666666666665,294.15902468835367,292.611,586.5033,439.5571,0.0583,0.6466,0.7298,1059,35.571666666666665
294.18190427928556,292.5836,586.5461,439.5648,0.05,0.6811,0.6839,1060,35.60333333333334,294.1927557534682,292.5961,586.5923,439.5942,0.0,0.6032,0.7073,1060,35.60333333333334,294.98317834988563,292.1984,586.9915,439.595,0.0167,0.8656,0.9612,1060,35.60333333333334,294.9962645257555,292.1756,586.9915,439.5836,0.0,0.8566,0.9612,1060,35.60333333333334,294.18190427928556,292.5836,586.5461,439.5648,0.05,0.6811,0.6839,1060,35.60333333333334
294.2262791699046,292.581,586.5947,439.5878,0.0417,0.7341,0.7644,1061,35.63666666666667,294.1975419340809,292.5921,586.5947,439.5934,0.0,0.6637,0.7644,1061,35.63666666666667,294.99596077743894,292.1947,586.9995,439.5971,0.0167,0.8696,0.9523,1061,35.63666666666667,295.00904118659173,292.1717,586.9995,439.5856,0.0,0.8544,0.9523,1061,35.63666666666667,294.2262791699046,292.581,586.5947,439.5878,0.0417,0.7341,0.7644,1061,35.63666666666667
294.2392463354188,292.5684,586.5954,439.5819,0.0417,0.7708,0.7772,1062,35.67166666666667,294.20833714340404,292.5815,586.5954,439.5885,0.0,0.7121,0.7772,1062,35.67166666666667,294.95002386339274,292.2355,586.9997,439.6176,0.0083,0.898,0.9553,1062,35.67166666666667,295.01907870637007,292.1608,586.9997,439.5803,0.0,0.8902,0.9553,1062,35.67166666666667,294.2392463354188,292.5684,586.5954,439.5819,0.0417,0.7708,0.7772,1062,35.67166666666667
294.176026489221,292.6146,586.5869,439.6007,0.0333,0.7224,0.7217,1063,35.70333333333333,294.1999681891871,292.5788,586.5869,439.5829,0.0,0.708,0.7217,1063,35.70333333333333,294.9493787395213,292.2363,587.0002,439.6182,0.0083,0.8952,0.9698,1063,35.70333333333333,295.0184342599607,292.1616,587.0002,439.5809,0.0,0.8911,0.9698,1063,35.70333333333333,294.176026489221,292.6146,586.5869,439.6007,0.0333,0.7224,0.7217,1063,35.70333333333333
294.22141217617843,292.5711,586.5821,439.5766,0.0417,0.7766,0.6978,1064,35.73666666666667,294.1906222593881,292.5841,586.5821,439.5831,0.0,0.7439,0.6978,1064,35.73666666666667,294.94695876751655,292.2355,586.9978,439.6166,0.0083,0.9082,0.9867,1064,35.73666666666667,295.01601360289055,292.1608,586.9978,439.5793,0.0,0.8966,0.9867,1064,35.73666666666667,294.22141217617843,292.5711,586.5821,439.5766,0.0417,0.7766,0.6978,1064,35.73666666666667
294.2350637069902,292.5073,586.564,439.5356,0.0417,0.7585,0.8348,1065,35.77166666666667,294.13586763253784,292.5632,586.5217,439.5425,0.0,0.8199,0.8077,1065,35.77166666666667,295.0479897944971,292.0094,586.8281,439.4188,0.0417,0.6939,0.9764,1065,35.77166666666667,295.09611468791195,291.9849,586.9071,439.446,0.0,0.754,0.8704,1065,35.77166666666667,294.2350637069902,292.5073,586.564,439.5356,0.0417,0.7585,0.8348,1065,35.77166666666667
294.2347011938117,292.5076,586.564,439.5358,0.0417,0.7393,0.8314,1066,35.805,294.13581617913394,292.5633,586.5219,439.5426,0.0,0.8124,0.8047,1066,35.805,295.0454559560805,292.0134,586.8282,439.4208,0.0417,0.6939,0.9769,1066,35.805,295.09355330004223,291.9889,586.9073,439.4481,0.0,0.7411,0.8757,1066,35.805,294.2347011938117,292.5076,586.564,439.5358,0.0417,0.7393,0.8314,1066,35.805
294.2349366228366,292.5074,586.5646,439.536,0.0417,0.766,0.8288,1067,35.83833333333334,294.13579226922064,292.5633,586.5224,439.5428,0.0,0.8189,0.7895,1067,35.83833333333334,295.0431313346312,292.0155,586.8282,439.4218,0.0417,0.6969,0.9758,1067,35.83833333333334,295.09137534065826,291.9908,586.9071,439.449,0.0,0.7414,0.8768,1067,35.83833333333334,294.2349366228366,292.5074,586.5646,439.536,0.0417,0.766,0.8288,1067,35.83833333333334
294.1875837897056,292.5514,586.5663,439.5588,0.0333,0.7848,0.8196,1068,35.87166666666667,294.1378711558999,292.5632,586.524,439.5436,0.0,0.8198,0.8087,1068,35.87166666666667,295.0439927576035,292.0155,586.8287,439.4221,0.0417,0.7059,0.9869,1068,35.87166666666667,295.091798967764,291.9913,586.9077,439.4495,0.0,0.725,0.8778,1068,35.87166666666667,294.1875837897056,292.5514,586.5663,439.5588,0.0333,0.7848,0.8196,1068,35.87166666666667
294.17680780407903,292.5632,586.5615,439.5624,0.05,0.742,0.7876,1069,35.905,294.1314582657636,292.5637,586.5196,439.5417,0.0,0.7776,0.7963,1069,35.905,295.05764170026737,292.0252,586.8443,439.4348,0.0417,0.7199,0.9851,1069,35.905,295.105867801607,292.0005,586.9249,439.4627,0.0,0.7275,0.8812,1069,35.905,294.17680780407903,292.5632,586.5615,439.5624,0.05,0.742,0.7876,1069,35.905
294.099659388071,292.9494,586.9295,439.9395,0.025,1.0025,0.784,1070,35.93833333333333,294.1346506367656,292.8678,586.8537,439.8607,0.0,0.9531,0.7435,1070,35.93833333333333,295.18839686679325,292.2592,587.2844,439.7718,0.025,0.8456,0.9473,1070,35.93833333333333,295.1410091695704,292.2929,587.2844,439.7887,0.0,0.7783,0.9473,1070,35.93833333333333,294.099659388071,292.9494,586.9295,439.9395,0.025,1.0025,0.784,1070,35.93833333333333
294.0231539722271,292.9443,586.804,439.8742,0.0083,1.0107,0.7917,1071,35.97166666666667,294.1011611058898,292.8626,586.804,439.8333,0.0,0.9165,0.7917,1071,35.97166666666667,295.13140646474756,292.271,587.2249,439.7479,0.025,0.8631,1.0256,1071,35.97166666666667,295.0830913138846,292.3043,587.2249,439.7646,0.0,0.8398,1.0256,1071,35.97166666666667,294.0231539722271,292.9443,586.804,439.8742,0.0083,1.0107,0.7917,1071,35.97166666666667
294.11826806091165,292.6859,586.6012,439.6435,0.0167,0.9107,0.7296,1072,36.010000000000005,294.13697827375734,292.6561,586.6012,439.6286,0.0,0.8582,0.7296,1072,36.010000000000005,295.02259008251315,292.1527,586.9723,439.5625,0.025,0.8178,0.8797,1072,36.010000000000005,294.97539821141015,292.1846,586.9723,439.5785,0.0,0.8015,0.8797,1072,36.010000000000005,294.11826806091165,292.6859,586.6012,439.6435,0.0167,0.9107,0.7296,1072,36.010000000000005
294.19925836681205,292.5521,586.5516,439.5518,0.025,0.765,0.7432,1073,36.03666666666667,294.162019257059,292.5734,586.5516,439.5625,0.0,0.8283,0.7432,1073,36.03666666666667,294.95062811167907,292.1289,586.8999,439.5144,0.025,0.7945,0.8195,1073,36.03666666666667,294.9103433843227,292.1561,586.8999,439.528,0.0,0.8531,0.8195,1073,36.03666666666667,294.19925836681205,292.5521,586.5516,439.5518,0.025,0.765,0.7432,1073,36.03666666666667
294.11343239721236,292.6127,586.4813,439.547,0.0583,0.702,0.7111,1074,36.071666666666665,294.159964397546,292.5772,586.5508,439.564,0.0,0.806,0.7338,1074,36.071666666666665,294.90063762691295,292.175,586.8999,439.5374,0.0167,0.8228,0.8195,1074,36.071666666666665,294.9141025131636,292.1518,586.8999,439.5258,0.0,0.831,0.8195,1074,36.071666666666665,294.11343239721236,292.6127,586.4813,439.547,0.0583,0.702,0.7111,1074,36.071666666666665
294.16746130228125,292.6382,586.6106,439.6244,0.025,0.8091,0.6867,1075,36.105000000000004,294.1477052596093,292.6438,586.6106,439.6272,0.0,0.8741,0.6867,1075,36.105000000000004,294.9556912852467,292.2158,586.9885,439.6022,0.0083,0.8685,0.8682,1075,36.105000000000004,295.02900454852255,292.1365,586.9885,439.5625,0.0,0.8205,0.8682,1075,36.105000000000004,294.16746130228125,292.6382,586.6106,439.6244,0.025,0.8091,0.6867,1075,36.105000000000004
294.12450744787776,292.6393,586.5637,439.6015,0.0333,0.8126,0.6875,1076,36.13666666666667,294.1469869148291,292.6451,586.6113,439.6282,0.0,0.8706,0.6763,1076,36.13666666666667,294.8973374572681,292.2716,586.9886,439.6301,0.0167,0.8362,0.8719,1076,36.13666666666667,295.0322516080462,292.1337,586.9886,439.5612,0.0,0.8213,0.8719,1076,36.13666666666667,294.12450744787776,292.6393,586.5637,439.6015,0.0333,0.8126,0.6875,1076,36.13666666666667
294.17027719043926,292.593,586.5565,439.5748,0.0417,0.7857,0.7039,1077,36.17166666666667,294.1419121187067,292.644,586.6042,439.6241,0.0,0.8762,0.7026,1077,36.17166666666667,294.8626055640807,292.2686,586.9072,439.5879,0.025,0.8337,1.0344,1077,36.17166666666667,295.02936655346457,292.1343,586.9862,439.5602,0.0,0.8056,0.9163,1077,36.17166666666667,294.17027719043926,292.593,586.5565,439.5748,0.0417,0.7857,0.7039,1077,36.17166666666667
294.1763616104961,292.5876,586.5563,439.5719,0.0417,0.7908,0.7002,1078,36.205000000000005,294.14154656474886,292.645,586.6041,439.6246,0.0,0.8648,0.7016,1078,36.205000000000005,294.86339486966153,292.2631,586.9017,439.5824,0.025,0.8302,0.9348,1078,36.205000000000005,295.02619689198286,292.1332,586.9811,439.5571,0.0,0.8178,0.8922,1078,36.205000000000005,294.1763616104961,292.5876,586.5563,439.5719,0.0417,0.7908,0.7002,1078,36.205000000000005
294.2425145298198,292.5699,586.6252,439.5975,0.0417,0.7711,0.6661,1079,36.23833333333334,294.14503297589886,292.628,586.5907,439.6093,0.0,0.8417,0.6718,1079,36.23833333333334,294.89443057713845,292.2208,586.8955,439.5581,0.0333,0.894,0.9255,1079,36.23833333333334,295.0414432563426,292.1132,586.9747,439.5439,0.0,0.8203,0.8902,1079,36.23833333333334,294.2425145298198,292.5699,586.6252,439.5975,0.0417,0.7711,0.6661,1079,36.23833333333334
294.22533455396325,292.5662,586.6061,439.5861,0.0417,0.7507,0.6736,1080,36.27166666666667,294.1275381482976,292.6244,586.5716,439.598,0.0,0.8324,0.6672,1080,36.27166666666667,294.87537248807655,292.2379,586.8879,439.5629,0.025,0.8765,0.8332,1080,36.27166666666667,295.03700906791687,292.1089,586.9663,439.5376,0.0,0.8049,0.8672,1080,36.27166666666667,294.22533455396325,292.5662,586.6061,439.5861,0.0417,0.7507,0.6736,1080,36.27166666666667
294.19971672797715,292.5955,586.6341,439.6148,0.0417,0.7616,0.6929,1081,36.305,294.1304853497464,292.6096,586.5591,439.5844,0.0,0.8869,0.6574,1081,36.305,294.87110387288135,292.2332,586.8802,439.5567,0.025,0.8301,0.806,1081,36.305,295.0358240148372,292.1013,586.9583,439.5298,0.0,0.767,0.8368,1081,36.305,294.19971672797715,292.5955,586.6341,439.6148,0.0417,0.7616,0.6929,1081,36.305
294.06389606469907,292.6363,586.5016,439.569,0.025,0.8464,0.6446,1082,36.34,294.1308097782728,292.6031,586.5507,439.5769,0.0,0.8726,0.6621,1082,36.34,294.8670391245273,292.2281,586.865,439.5466,0.025,0.8394,0.8004,1082,36.34,295.0329172084208,292.0957,586.9455,439.5206,0.0,0.7721,0.8308,1082,36.34,294.06389606469907,292.6363,586.5016,439.569,0.025,0.8464,0.6446,1082,36.34
294.14642162841585,292.6382,586.6257,439.632,0.0333,0.833,0.6741,1083,36.370000000000005,294.1248417732726,292.6051,586.5427,439.5739,0.0,0.8682,0.669,1083,36.370000000000005,294.8441612829388,292.2386,586.857,439.5478,0.0333,0.8177,0.8239,1083,36.370000000000005,295.0283654053511,292.0976,586.9394,439.5185,0.0,0.7805,0.8223,1083,36.370000000000005,294.14642162841585,292.6382,586.6257,439.632,0.0333,0.833,0.6741,1083,36.370000000000005
294.25623391320215,292.607,586.6819,439.6445,0.0333,0.703,0.75,1084,36.403333333333336,294.17075260160914,292.6746,586.6819,439.6782,0.0,0.8836,0.75,1084,36.403333333333336,295.00498144689936,292.2406,587.0869,439.6638,0.0083,0.8946,0.8457,1084,36.403333333333336,295.0746173131597,292.1653,587.0869,439.6261,0.0,0.9206,0.8457,1084,36.403333333333336,294.25623391320215,292.607,586.6819,439.6445,0.0333,0.703,0.75,1084,36.403333333333336
293.99684407503065,292.945,586.7809,439.863,0.0083,0.9499,0.7984,1085,36.445,294.0789712511438,292.8591,586.7809,439.82,0.0,0.8839,0.7984,1085,36.445,294.9993673074978,292.3818,587.1933,439.7875,0.0167,0.8166,0.9971,1085,36.445,295.0125835889915,292.3583,587.1933,439.7758,0.0,0.7838,0.9971,1085,36.445,293.99684407503065,292.945,586.7809,439.863,0.0083,0.9499,0.7984,1085,36.445
294.1276095282293,292.7706,586.6396,439.7051,0.05,0.7109,0.7342,1086,36.47666666666667,294.14037820520855,292.7707,586.7248,439.7477,0.0,0.7569,0.795,1086,36.47666666666667,295.05078552482166,292.3352,587.1604,439.7478,0.0417,0.6722,0.9787,1086,36.47666666666667,295.11358886164186,292.2586,587.1604,439.7095,0.0,0.7274,0.9787,1086,36.47666666666667,294.1276095282293,292.7706,586.6396,439.7051,0.05,0.7109,0.7342,1086,36.47666666666667
294.1777427528648,292.6741,586.6624,439.6682,0.0333,0.7655,0.8153,1087,36.510000000000005,294.13392769542816,292.6835,586.6263,439.6549,0.0,0.782,0.7158,1087,36.510000000000005,295.07160916745113,292.1891,587.0385,439.6138,0.0167,0.8265,0.8917,1087,36.510000000000005,295.0840513922792,292.167,587.0385,439.6027,0.0,0.8341,0.8917,1087,36.510000000000005,294.1777427528648,292.6741,586.6624,439.6682,0.0333,0.7655,0.8153,1087,36.510000000000005
294.08799611282365,292.6123,586.4929,439.5526,0.0417,0.77,0.7501,1088,36.545,294.1366238811657,292.6236,586.5663,439.5949,0.0,0.7561,0.78,1088,36.545,295.0666742914413,292.176,587.0068,439.5914,0.0417,0.6634,0.9516,1088,36.545,295.12554631219336,292.1049,587.0068,439.5559,0.0,0.7029,0.9516,1088,36.545,294.08799611282365,292.6123,586.4929,439.5526,0.0417,0.77,0.7501,1088,36.545
294.1531432047269,292.6015,586.5452,439.5733,0.025,0.7665,0.7619,1089,36.57666666666667,294.12613737259426,292.6135,586.5452,439.5793,0.0,0.7695,0.7619,1089,36.57666666666667,295.0603161306925,292.1664,586.989,439.5777,0.0417,0.6075,0.8791,1089,36.57666666666667,295.1173760229915,292.0966,586.989,439.5428,0.0,0.7064,0.8791,1089,36.57666666666667,294.1531432047269,292.6015,586.5452,439.5733,0.025,0.7665,0.7619,1089,36.57666666666667
294.1621788661139,292.589,586.5459,439.5674,0.0333,0.7668,0.7625,1090,36.605000000000004,294.0816590519307,292.6808,586.5459,439.6133,0.0,0.8568,0.7625,1090,36.605000000000004,295.06049929290145,292.1572,586.9882,439.5727,0.0333,0.7739,0.8428,1090,36.605000000000004,295.0662865882171,292.1678,586.9882,439.578,0.0,0.8652,0.8428,1090,36.605000000000004,294.1621788661139,292.589,586.5459,439.5674,0.0333,0.7668,0.7625,1090,36.605000000000004
294.11792561505536,292.5909,586.5104,439.5507,0.0417,0.7634,0.7464,1091,36.64833333333333,294.07450508015336,292.6824,586.5412,439.6118,0.0,0.8453,0.756,1091,36.64833333333333,295.05392231605896,292.1571,586.9847,439.5709,0.0333,0.758,0.8777,1091,36.64833333333333,295.05925461589936,292.1677,586.9847,439.5762,0.0,0.8638,0.8777,1091,36.64833333333333,294.11792561505536,292.5909,586.5104,439.5507,0.0417,0.7634,0.7464,1091,36.64833333333333
294.11857765605595,292.5917,586.5115,439.5516,0.0417,0.7742,0.7466,1092,36.67666666666667,294.07496351577004,292.6834,586.5422,439.6128,0.0,0.8605,0.7531,1092,36.67666666666667,295.0545486017727,292.1572,586.9853,439.5712,0.0333,0.7575,0.8786,1092,36.67666666666667,295.0598779384152,292.1678,586.9853,439.5765,0.0,0.8643,0.8786,1092,36.67666666666667,294.11857765605595,292.5917,586.5115,439.5516,0.0417,0.7742,0.7466,1092,36.67666666666667
294.10609240277523,292.592,586.4779,439.5349,0.0583,0.7784,0.7351,1093,36.705000000000005,294.07028991503836,292.6834,586.5342,439.6088,0.0,0.8326,0.7449,1093,36.705000000000005,295.044190285501,292.1575,586.9725,439.565,0.0333,0.7579,0.8725,1093,36.705000000000005,295.04956528885793,292.1681,586.9725,439.5703,0.0,0.8639,0.8725,1093,36.705000000000005,294.10609240277523,292.592,586.4779,439.5349,0.0583,0.7784,0.7351,1093,36.705000000000005
294.1090702306012,292.5888,586.4782,439.5335,0.0583,0.772,0.7365,1094,36.75,294.072967317682,292.6807,586.5346,439.6076,0.0,0.7365,0.745,1094,36.75,295.0720697980606,292.1216,586.9732,439.5474,0.0333,0.7843,0.8693,1094,36.75,295.07869508084775,292.1323,586.9732,439.5528,0.0,0.8293,0.8693,1094,36.75,294.1090702306012,292.5888,586.4782,439.5335,0.0583,0.772,0.7365,1094,36.75
294.26371126371953,292.4429,586.4975,439.4702,0.0417,0.6354,0.7684,1095,36.77666666666667,294.13022898951033,292.5806,586.4975,439.5391,0.0,0.8666,0.7684,1095,36.77666666666667,294.92336531371376,292.1502,586.8807,439.5154,0.025,0.7971,0.9704,1095,36.77666666666667,294.99188872050934,292.1031,586.8807,439.4919,0.0,0.8714,0.9704,1095,36.77666666666667,294.26371126371953,292.4429,586.4975,439.4702,0.0417,0.6354,0.7684,1095,36.77666666666667
294.41214203586867,292.4751,586.7283,439.6017,0.05,0.6058,0.8362,1096,36.803333333333335,294.25593722745776,292.6165,586.6923,439.6544,0.0,0.7992,0.767,1096,36.803333333333335,295.1392019532768,292.1401,587.122,439.631,0.0167,0.8219,0.8093,1096,36.803333333333335,295.1527486626927,292.1423,587.122,439.6321,0.0,0.8378,0.8093,1096,36.803333333333335,294.41214203586867,292.4751,586.7283,439.6017,0.05,0.6058,0.8362,1096,36.803333333333335
294.14076497809174,292.768,586.7088,439.7384,0.05,0.7775,0.7713,1097,36.848333333333336,294.0322078066612,292.9117,586.7771,439.8444,0.0,0.8361,0.6629,1097,36.848333333333336,295.1351845363529,292.3132,587.3255,439.8193,0.05,0.7167,0.892,1097,36.848333333333336,294.98468702114354,292.425,587.2325,439.8287,0.0,0.8742,0.7969,1097,36.848333333333336,294.14076497809174,292.768,586.7088,439.7384,0.05,0.7775,0.7713,1097,36.848333333333336
294.12598838135284,292.8027,586.7505,439.7766,0.0333,0.676,0.6761,1098,36.87666666666667,294.03586835488136,292.9024,586.7505,439.8265,0.0,0.9304,0.6761,1098,36.87666666666667,294.9561007183213,292.4323,587.169,439.8007,0.0333,0.7017,0.8455,1098,36.87666666666667,295.06391282888444,292.3866,587.2528,439.8197,0.0,0.9319,0.8347,1098,36.87666666666667,294.12598838135284,292.8027,586.7505,439.7766,0.0333,0.676,0.6761,1098,36.87666666666667
294.0958053359207,292.7228,586.6144,439.6686,0.0333,0.7505,0.6727,1099,36.903333333333336,294.07826840109215,292.763,586.6144,439.6887,0.0,0.8624,0.6727,1099,36.903333333333336,295.13766840932806,292.1216,586.9915,439.5566,0.05,0.7021,0.6795,1099,36.903333333333336,295.0942732793353,292.2347,587.0934,439.6641,0.0,0.8261,0.8255,1099,36.903333333333336,294.0958053359207,292.7228,586.6144,439.6686,0.0333,0.7505,0.6727,1099,36.903333333333336
294.00086415920214,292.6571,586.4042,439.5307,0.075,0.7175,0.6544,1100,36.93833333333333,294.05078028059097,292.6769,586.524,439.6005,0.0,0.7979,0.788,1100,36.93833333333333,295.0632022729009,292.0388,586.8674,439.4531,0.05,0.7531,0.761,1100,36.93833333333333,295.0529313035116,292.0962,586.9475,439.5218,0.0,0.8471,0.8302,1100,36.93833333333333,294.00086415920214,292.6571,586.4042,439.5307,0.075,0.7175,0.6544,1100,36.93833333333333
294.0979394200276,292.5619,586.3937,439.4778,0.0667,0.618,0.6513,1101,36.97166666666667,294.1881962300771,292.5159,586.5143,439.5151,0.0,0.7861,0.7859,1101,36.97166666666667,295.04189530526145,292.0901,586.9303,439.5102,0.0333,0.7606,0.835,1101,36.97166666666667,295.0582662798804,292.0655,586.9303,439.4979,0.0,0.8436,0.835,1101,36.97166666666667,294.0979394200276,292.5619,586.3937,439.4778,0.0667,0.618,0.6513,1101,36.97166666666667
294.09875366425575,292.5572,586.3907,439.474,0.0667,0.6054,0.6714,1102,37.010000000000005,294.1884593133279,292.5118,586.5113,439.5115,0.0,0.7762,0.7849,1102,37.010000000000005,295.0709232447734,292.0525,586.9288,439.4907,0.0167,0.7997,0.8434,1102,37.010000000000005,295.0887379585338,292.028,586.9288,439.4784,0.0,0.8484,0.8434,1102,37.010000000000005,294.09875366425575,292.5572,586.3907,439.474,0.0667,0.6054,0.6714,1102,37.010000000000005
294.09798501321,292.5567,586.3891,439.4729,0.0667,0.627,0.6642,1103,37.038333333333334,294.1882831460931,292.5108,586.5098,439.5103,0.0,0.7937,0.7784,1103,37.038333333333334,295.046122132686,292.0839,586.9287,439.5063,0.0167,0.8223,0.8459,1103,37.038333333333334,295.0644392200516,292.0588,586.9287,439.4937,0.0,0.8584,0.8459,1103,37.038333333333334,294.09798501321,292.5567,586.3891,439.4729,0.0667,0.627,0.6642,1103,37.038333333333334
294.0559569384618,292.584,586.3838,439.4839,0.0583,0.6515,0.6618,1104,37.07166666666667,294.103429036932,292.5842,586.5051,439.5447,0.0,0.7561,0.7565,1104,37.07166666666667,295.0658570791875,292.0798,586.9674,439.5236,0.025,0.8555,0.8238,1104,37.07166666666667,295.0626239125553,292.0548,586.9233,439.489,0.0,0.8915,0.7946,1104,37.07166666666667,294.0559569384618,292.584,586.3838,439.4839,0.0583,0.6515,0.6618,1104,37.07166666666667
294.100390217024,292.5993,586.4966,439.5479,0.0167,0.8004,0.8028,1105,37.105000000000004,294.1302708161885,292.5587,586.4966,439.5277,0.0,0.7851,0.8028,1105,37.105000000000004,295.0983328964468,292.0165,586.8529,439.4347,0.0667,0.735,0.7982,1105,37.105000000000004,295.16220068099966,291.9939,586.9524,439.4732,0.0,0.7398,0.8692,1105,37.105000000000004,294.100390217024,292.5993,586.4966,439.5479,0.0167,0.8004,0.8028,1105,37.105000000000004
294.156095829888,292.5484,586.4974,439.5229,0.025,0.7382,0.7745,1106,37.13666666666667,294.1325665829185,292.5564,586.4974,439.5269,0.0,0.7864,0.7745,1106,37.13666666666667,295.0998308257875,292.0156,586.8535,439.4345,0.0667,0.7319,0.8003,1106,37.13666666666667,295.16337152358096,291.9933,586.9529,439.4731,0.0,0.7406,0.8704,1106,37.13666666666667,294.156095829888,292.5484,586.4974,439.5229,0.025,0.7382,0.7745,1106,37.13666666666667
294.1511852166114,292.5494,586.4942,439.5218,0.025,0.7723,0.7956,1107,37.17,294.12787259904815,292.5572,586.4942,439.5257,0.0,0.8052,0.7956,1107,37.17,294.97324343465345,292.0684,586.8125,439.4404,0.025,0.7709,0.9246,1107,37.17,295.10407495375955,291.9909,586.909,439.45,0.0,0.777,0.9244,1107,37.17,294.1511852166114,292.5494,586.4942,439.5218,0.025,0.7723,0.7956,1107,37.17
294.0422198489583,292.6464,586.493,439.5697,0.0083,0.7892,0.7964,1108,37.20333333333333,294.12636401129976,292.5571,586.493,439.525,0.0,0.8053,0.7964,1108,37.20333333333333,295.0355194356892,292.0097,586.8097,439.4097,0.05,0.7259,0.924,1108,37.20333333333333,295.1037219700727,291.988,586.9063,439.4472,0.0,0.7761,0.9084,1108,37.20333333333333,294.0422198489583,292.6464,586.493,439.5697,0.0083,0.7892,0.7964,1108,37.20333333333333
294.153078603924,292.5467,586.4936,439.5202,0.025,0.7716,0.7965,1109,37.23833333333334,294.12960344217333,292.5547,586.4936,439.5242,0.0,0.8053,0.7965,1109,37.23833333333334,294.976642015912,292.0635,586.8099,439.4367,0.0417,0.7451,0.9236,1109,37.23833333333334,295.1049704024141,291.9869,586.9065,439.4467,0.0,0.7778,0.9088,1109,37.23833333333334,294.153078603924,292.5467,586.4936,439.5202,0.025,0.7716,0.7965,1109,37.23833333333334
294.33382056717556,292.6299,586.7828,439.7064,0.025,0.7717,0.855,1110,37.27166666666667,294.30401430224407,292.6438,586.7828,439.7133,0.0,0.7713,0.855,1110,37.27166666666667,295.2480273861165,292.1477,587.1767,439.6622,0.0333,0.7936,0.8657,1110,37.27166666666667,295.239879172167,292.177,587.2575,439.7172,0.0,0.7548,0.8036,1110,37.27166666666667,294.33382056717556,292.6299,586.7828,439.7064,0.025,0.7717,0.855,1110,37.27166666666667
294.1432094824085,292.926,586.9375,439.9317,0.0333,0.9055,0.7283,1111,37.305,294.11767608317246,292.897,586.8568,439.8769,0.0,0.8798,0.6762,1111,37.305,295.0848261629027,292.411,587.3305,439.8707,0.05,0.6291,0.7502,1111,37.305,295.07636479516344,292.3889,587.3136,439.8512,0.0,0.7221,0.7118,1111,37.305,294.1432094824085,292.926,586.9375,439.9317,0.0333,0.9055,0.7283,1111,37.305
294.1657613303446,292.8166,586.8286,439.8226,0.0417,0.8038,0.7258,1112,37.33833333333334,294.08964797527244,292.8336,586.7475,439.7906,0.0,0.9085,0.6838,1112,37.33833333333334,295.1150366697839,292.2483,587.113,439.6807,0.0583,0.7014,0.6452,1112,37.33833333333334,295.1439932756426,292.2269,587.1922,439.7095,0.0,0.7084,0.6609,1112,37.33833333333334,294.1657613303446,292.8166,586.8286,439.8226,0.0417,0.8038,0.7258,1112,37.33833333333334
294.16490961134537,292.582,586.5319,439.5569,0.025,0.8499,0.671,1113,37.37166666666667,294.1237091082271,292.6073,586.5319,439.5696,0.0,0.8997,0.671,1113,37.37166666666667,295.07840671588326,292.1521,587.0664,439.6093,0.0583,0.6848,0.7741,1113,37.37166666666667,295.08071642972305,292.0907,586.9778,439.5343,0.0,0.8072,0.7772,1113,37.37166666666667,294.16490961134537,292.582,586.5319,439.5569,0.025,0.8499,0.671,1113,37.37166666666667
294.15781943923207,292.5729,586.5268,439.5498,0.0167,0.8167,0.6941,1114,37.405,294.1814527345716,292.538,586.5268,439.5324,0.0,0.883,0.6941,1114,37.405,295.07500560644837,292.1008,586.9106,439.5057,0.0417,0.755,0.7568,1114,37.405,295.13887809671496,292.0221,586.9706,439.4963,0.0,0.7959,0.8178,1114,37.405,294.15781943923207,292.5729,586.5268,439.5498,0.0167,0.8167,0.6941,1114,37.405
294.1299329370372,292.5163,586.4068,439.4615,0.0333,0.7956,0.701,1115,37.440000000000005,294.13531312568045,292.5229,586.4729,439.4979,0.0,0.8712,0.726,1115,37.440000000000005,294.9132213079388,292.087,586.77,439.4285,0.0333,0.7451,0.7143,1115,37.440000000000005,295.0949246390428,291.946,586.8496,439.3978,0.0,0.8083,0.7272,1115,37.440000000000005,294.1299329370372,292.5163,586.4068,439.4615,0.0333,0.7956,0.701,1115,37.440000000000005
294.08217110416336,292.5564,586.4045,439.4805,0.025,0.8411,0.723,1116,37.47166666666667,294.13892057177713,292.5163,586.4705,439.4934,0.0,0.8705,0.7316,1116,37.47166666666667,295.0484522916987,291.9706,586.77,439.3703,0.0417,0.7367,0.7143,1116,37.47166666666667,295.0972433098451,291.9444,586.8496,439.397,0.0,0.7883,0.7273,1116,37.47166666666667,294.08217110416336,292.5564,586.4045,439.4805,0.025,0.8411,0.723,1116,37.47166666666667
294.0859306519279,292.5561,586.4074,439.4817,0.025,0.8426,0.7029,1117,37.510000000000005,294.14254233897725,292.5161,586.4735,439.4948,0.0,0.8714,0.7206,1117,37.510000000000005,295.0325939178633,291.9706,586.7387,439.3547,0.0667,0.7367,0.6085,1117,37.510000000000005,295.0953984738579,291.9444,586.8484,439.3964,0.0,0.7883,0.7158,1117,37.510000000000005,294.0859306519279,292.5561,586.4074,439.4817,0.025,0.8426,0.7029,1117,37.510000000000005
294.0834502554926,292.5582,586.4073,439.4827,0.025,0.8023,0.7436,1118,37.53666666666667,294.14003573180895,292.5183,586.4732,439.4957,0.0,0.8243,0.7352,1118,37.53666666666667,295.0909426005736,291.9635,586.7933,439.3784,0.05,0.7349,0.631,1118,37.53666666666667,295.0976436251288,291.9365,586.8469,439.3917,0.0,0.7722,0.7478,1118,37.53666666666667,294.0834502554926,292.5582,586.4073,439.4827,0.025,0.8023,0.7436,1118,37.53666666666667
294.0842224015969,292.5589,586.4083,439.4836,0.025,0.8338,0.7527,1119,37.57,294.14090067819393,292.5189,586.4745,439.4967,0.0,0.8308,0.7264,1119,37.57,295.1251142758297,291.9658,586.8772,439.4215,0.0417,0.7539,0.7161,1119,37.57,295.09560316172053,291.9395,586.8468,439.3932,0.0,0.7687,0.7163,1119,37.57,294.0842224015969,292.5589,586.4083,439.4836,0.025,0.8338,0.7527,1119,37.57
294.07650813705425,292.5601,586.4015,439.4808,0.025,0.8358,0.7259,1120,37.60333333333334,294.1332393492282,292.52,586.4675,439.4937,0.0,0.854,0.7155,1120,37.60333333333334,295.12111868436904,291.9647,586.872,439.4183,0.0417,0.7445,0.6929,1120,37.60333333333334,295.0915091551732,291.9385,586.8417,439.3901,0.0,0.7692,0.7186,1120,37.60333333333334,294.07650813705425,292.5601,586.4015,439.4808,0.025,0.8358,0.7259,1120,37.60333333333334
294.1490307061123,292.558,586.5496,439.5538,0.0333,0.8405,0.7092,1121,37.638333333333335,294.1334440126972,292.518,586.4664,439.4922,0.0,0.8324,0.7201,1121,37.638333333333335,295.1220784739004,291.9632,586.872,439.4176,0.0417,0.7571,0.711,1121,37.638333333333335,295.09243103299104,291.9371,586.8417,439.3894,0.0,0.7681,0.7181,1121,37.638333333333335,294.1490307061123,292.558,586.5496,439.5538,0.0333,0.8405,0.7092,1121,37.638333333333335
294.0734635618964,292.5544,586.3952,439.4748,0.025,0.8441,0.762,1122,37.67166666666667,294.1299802767265,292.5144,586.4606,439.4875,0.0,0.8346,0.7368,1122,37.67166666666667,295.11802508540814,291.9616,586.9229,439.4422,0.05,0.7625,0.8166,1122,37.67166666666667,295.08759687767696,291.9359,586.8357,439.3858,0.0,0.7424,0.764,1122,37.67166666666667,294.0734635618964,292.5544,586.3952,439.4748,0.025,0.8441,0.762,1122,37.67166666666667
294.0740730747601,292.5558,586.3961,439.4759,0.025,0.8436,0.7449,1123,37.705000000000005,294.1305714523976,292.5158,586.4615,439.4886,0.0,0.8315,0.736,1123,37.705000000000005,295.1103996224798,291.9636,586.9194,439.4415,0.05,0.7592,0.803,1123,37.705000000000005,295.08119694729004,291.9376,586.8327,439.3851,0.0,0.7768,0.7421,1123,37.705000000000005,294.0740730747601,292.5558,586.3961,439.4759,0.025,0.8436,0.7449,1123,37.705000000000005
294.1148663669688,292.5557,586.4793,439.5175,0.0167,0.8432,0.7239,1124,37.73833333333334,294.1437058218878,292.516,586.4793,439.4977,0.0,0.8359,0.7239,1124,37.73833333333334,295.1371520556211,291.9616,586.9527,439.4572,0.05,0.7533,0.8014,1124,37.73833333333334,295.1070881709336,291.9359,586.8637,439.3998,0.0,0.7787,0.7388,1124,37.73833333333334,294.1148663669688,292.5557,586.4793,439.5175,0.0167,0.8432,0.7239,1124,37.73833333333334
294.1714378099981,292.815,586.8339,439.8245,0.0333,0.8185,0.8869,1125,37.77666666666667,294.1245798099467,292.8256,586.7906,439.8081,0.0,0.8566,0.8154,1125,37.77666666666667,295.0199985599835,292.3099,587.1823,439.7461,0.0333,0.7024,1.0622,1125,37.77666666666667,294.9551732439293,292.338,587.134,439.736,0.0,0.8333,1.0298,1125,37.77666666666667,294.1714378099981,292.815,586.8339,439.8245,0.0333,0.8185,0.8869,1125,37.77666666666667
294.15651404219466,292.8245,586.832,439.8283,0.0333,0.8307,0.9004,1126,37.81,294.1018346501756,292.8438,586.7883,439.8161,0.0,0.8718,0.8008,1126,37.81,294.920094574074,292.3593,587.0629,439.7111,0.0417,0.673,1.0478,1126,37.81,294.9423359966141,292.3554,587.1419,439.7486,0.0,0.7594,0.9607,1126,37.81,294.15651404219466,292.8245,586.832,439.8283,0.0333,0.8307,0.9004,1126,37.81
294.1636958939498,292.7753,586.7601,439.7677,0.0333,0.7919,0.8674,1127,37.836666666666666,294.10943712927815,292.7909,586.7169,439.7539,0.0,0.9085,0.8818,1127,37.836666666666666,295.00465102870385,292.2852,587.0865,439.6858,0.025,0.7647,0.8398,1127,37.836666666666666,294.9607087959887,292.3168,587.0865,439.7016,0.0,0.8544,0.8398,1127,37.836666666666666,294.1636958939498,292.7753,586.7601,439.7677,0.0333,0.7919,0.8674,1127,37.836666666666666
294.21921807415185,292.5909,586.6237,439.6073,0.025,0.8217,0.8101,1128,37.87666666666667,294.2230148736322,292.5517,586.5795,439.5656,0.0,0.8532,0.8233,1128,37.87666666666667,295.02276786737593,292.1949,587.008,439.6015,0.025,0.8017,0.9471,1128,37.87666666666667,295.09863701613347,292.1144,587.008,439.5612,0.0,0.8108,0.9471,1128,37.87666666666667,294.21921807415185,292.5909,586.6237,439.6073,0.025,0.8217,0.8101,1128,37.87666666666667
294.1971767314561,292.5663,586.5706,439.5684,0.025,0.8622,0.8095,1129,37.91000000000001,294.20150194741603,292.5277,586.5283,439.528,0.0,0.8586,0.7854,1129,37.91000000000001,294.92060506716325,292.2119,586.8777,439.5448,0.0167,0.9306,0.8493,1129,37.91000000000001,295.02857959727237,292.1317,586.9567,439.5442,0.0,0.9363,0.8157,1129,37.91000000000001,294.1971767314561,292.5663,586.5706,439.5684,0.025,0.8622,0.8095,1129,37.91000000000001
294.1713372466153,292.5494,586.548,439.5487,0.0417,0.9068,0.7461,1130,37.93666666666667,294.1920196218524,292.5119,586.5085,439.5102,0.0,0.9073,0.744,1130,37.93666666666667,294.9072849052841,292.193,586.8559,439.5244,0.0167,0.9512,0.8153,1130,37.93666666666667,295.01402206127983,292.1132,586.9345,439.5239,0.0,0.9737,0.7519,1130,37.93666666666667,294.1713372466153,292.5494,586.548,439.5487,0.0417,0.9068,0.7461,1130,37.93666666666667
294.1642939394234,292.5433,586.5295,439.5364,0.0417,0.8693,0.7116,1131,37.97833333333334,294.1863400205361,292.5058,586.4917,439.4987,0.0,0.8641,0.7364,1131,37.97833333333334,294.90280277081547,292.1845,586.9123,439.5484,0.0167,0.9522,0.7478,1131,37.97833333333334,294.95648328159234,292.1049,586.8664,439.4857,0.0,0.9762,0.7534,1131,37.97833333333334,294.1642939394234,292.5433,586.5295,439.5364,0.0417,0.8693,0.7116,1131,37.97833333333334
294.17044733438,292.5388,586.5316,439.5352,0.0417,0.8789,0.7453,1132,38.010000000000005,294.19205514987095,292.5016,586.4934,439.4975,0.0,0.8754,0.7366,1132,38.010000000000005,294.9198375295881,292.1552,586.8302,439.4927,0.0167,0.9246,0.8391,1132,38.010000000000005,295.0297506759582,292.0762,586.9129,439.4946,0.0,0.9658,0.7558,1132,38.010000000000005,294.17044733438,292.5388,586.5316,439.5352,0.0417,0.8789,0.7453,1132,38.010000000000005
294.1593314249585,292.5385,586.5224,439.5304,0.0417,0.8352,0.7491,1133,38.03666666666667,294.18074703350925,292.5012,586.4843,439.4928,0.0,0.8756,0.7221,1133,38.03666666666667,294.9168572260487,292.1555,586.8295,439.4925,0.0167,0.9051,0.8574,1133,38.03666666666667,295.02662413468784,292.0766,586.9111,439.4939,0.0,0.9547,0.7389,1133,38.03666666666667,294.1593314249585,292.5385,586.5224,439.5304,0.0417,0.8352,0.7491,1133,38.03666666666667
294.1524056857618,292.5378,586.5158,439.5268,0.0417,0.8342,0.7853,1134,38.08166666666667,294.1741684293497,292.5006,586.4784,439.4895,0.0,0.8762,0.7483,1134,38.08166666666667,294.9153299630334,292.1535,586.8258,439.4897,0.0167,0.8974,0.8561,1134,38.08166666666667,295.02502763990435,292.0746,586.9075,439.4911,0.0,0.9537,0.7289,1134,38.08166666666667,294.1524056857618,292.5378,586.5158,439.5268,0.0417,0.8342,0.7853,1134,38.08166666666667
294.1915956217256,292.4842,586.4751,439.4797,0.0333,0.7689,0.7921,1135,38.11,294.12407653412134,292.4954,586.4161,439.4558,0.0,0.8379,0.8169,1135,38.11,295.1204066189748,291.9123,586.7864,439.3493,0.0417,0.8338,0.8535,1135,38.11,295.06343871361446,291.9449,586.802,439.3734,0.0,0.8935,0.8889,1135,38.11,294.1915956217256,292.4842,586.4751,439.4797,0.0333,0.7689,0.7921,1135,38.11
294.1878241669425,292.4853,586.4728,439.479,0.0333,0.7485,0.7873,1136,38.14,294.1201228613246,292.4967,586.4139,439.4553,0.0,0.8403,0.8406,1136,38.14,294.9801086544284,292.0475,586.7936,439.4206,0.0333,0.8769,0.8769,1136,38.14,295.06090401086243,291.9611,586.8096,439.3854,0.0,0.8847,0.8804,1136,38.14,294.1878241669425,292.4853,586.4728,439.479,0.0333,0.7485,0.7873,1136,38.14
294.18941848069625,292.4851,586.4741,439.4796,0.0333,0.7476,0.7874,1137,38.18333333333334,294.12195665502986,292.4963,586.4151,439.4557,0.0,0.846,0.8213,1137,38.18333333333334,294.98003985590185,292.0476,586.7936,439.4206,0.0333,0.8769,0.8764,1137,38.18333333333334,295.06084222309914,291.9612,586.8096,439.3854,0.0,0.8847,0.8809,1137,38.18333333333334,294.18941848069625,292.4851,586.4741,439.4796,0.0333,0.7476,0.7874,1137,38.18333333333334
294.2138692632794,292.4843,586.5166,439.5005,0.0417,0.7482,0.7652,1138,38.21,294.12171738341766,292.4955,586.4142,439.4549,0.0,0.846,0.8263,1138,38.21,294.98059379429606,292.0473,586.7939,439.4206,0.0333,0.8773,0.8774,1138,38.21,295.06139787909603,291.961,586.81,439.3855,0.0,0.8854,0.8804,1138,38.21,294.2138692632794,292.4843,586.5166,439.5005,0.0417,0.7482,0.7652,1138,38.21
294.2554347770065,292.5384,586.6174,439.5779,0.0167,0.8729,0.7382,1139,38.23666666666667,294.28156379777226,292.5015,586.6174,439.5594,0.0,0.8277,0.7382,1139,38.23666666666667,295.10520840739304,292.0777,587.0148,439.5462,0.0167,0.8599,0.8408,1139,38.23666666666667,295.1947866895763,291.9905,587.0148,439.5026,0.0,0.8945,0.8408,1139,38.23666666666667,294.2554347770065,292.5384,586.6174,439.5779,0.0167,0.8729,0.7382,1139,38.23666666666667
294.2370382868271,292.8356,586.9397,439.8877,0.0417,0.8288,0.856,1140,38.281666666666666,294.15861417738586,292.8575,586.8567,439.8571,0.0,0.9285,0.749,1140,38.281666666666666,295.01882016220503,292.4034,587.2578,439.8306,0.0083,0.9994,1.0174,1140,38.281666666666666,295.086877384524,292.3297,587.2578,439.7938,0.0,0.9811,1.0174,1140,38.281666666666666,294.2370382868271,292.8356,586.9397,439.8877,0.0417,0.8288,0.856,1140,38.281666666666666
294.22670329900836,292.7367,586.7634,439.7501,0.025,0.8413,0.786,1141,38.31,294.1821798101351,292.7663,586.7634,439.7649,0.0,0.8396,0.786,1141,38.31,294.95721908262703,292.4001,587.1734,439.7867,0.0083,0.976,0.9638,1141,38.31,295.0252008092949,292.3265,587.1734,439.75,0.0,0.9749,0.9638,1141,38.31,294.22670329900836,292.7367,586.7634,439.7501,0.025,0.8413,0.786,1141,38.31
294.26347083571295,292.6304,586.6665,439.6484,0.025,0.7884,0.8341,1142,38.336666666666666,294.2227605668385,292.6555,586.6665,439.661,0.0,0.85,0.8341,1142,38.336666666666666,294.95291928320887,292.3144,587.0525,439.6835,0.0083,0.9553,0.9272,1142,38.336666666666666,295.0191382819402,292.2428,587.0525,439.6477,0.0,0.9906,0.9272,1142,38.336666666666666,294.26347083571295,292.6304,586.6665,439.6484,0.025,0.7884,0.8341,1142,38.336666666666666
294.28228963533115,292.5909,586.644,439.6174,0.0417,0.7246,0.7332,1143,38.37166666666667,294.2445029070684,292.6051,586.644,439.6245,0.0,0.8322,0.7332,1143,38.37166666666667,294.9791260211649,292.2792,587.045,439.6621,0.0083,0.9208,0.9083,1143,38.37166666666667,295.0498457048558,292.2027,587.045,439.6239,0.0,0.9789,0.9083,1143,38.37166666666667,294.28228963533115,292.5909,586.644,439.6174,0.0417,0.7246,0.7332,1143,38.37166666666667
294.299691877162,292.5847,586.6766,439.6307,0.05,0.7407,0.7197,1144,38.405,294.2397999197371,292.5989,586.634,439.6165,0.0,0.8244,0.7343,1144,38.405,294.9854072416356,292.2657,587.0402,439.653,0.0083,0.9289,0.899,1144,38.405,295.05586833503435,292.1895,587.0402,439.6149,0.0,0.984,0.899,1144,38.405,294.299691877162,292.5847,586.6766,439.6307,0.05,0.7407,0.7197,1144,38.405
294.3106999037832,292.4635,586.5462,439.5049,0.0333,0.7101,0.9056,1145,38.440000000000005,294.22991254335915,292.523,586.5462,439.5346,0.0,0.6915,0.9056,1145,38.440000000000005,295.09095105850156,292.0213,586.8469,439.4341,0.0333,0.8668,1.0985,1145,38.440000000000005,295.08352412613465,292.0496,586.9311,439.4903,0.0,0.8068,0.9109,1145,38.440000000000005,294.3106999037832,292.4635,586.5462,439.5049,0.0333,0.7101,0.9056,1145,38.440000000000005
294.29470546738037,292.4634,586.5341,439.4987,0.0333,0.7101,0.8995,1146,38.47166666666667,294.21031550427836,292.5266,586.5341,439.5303,0.0,0.6854,0.8995,1146,38.47166666666667,295.0787180474428,292.0659,586.9324,439.4992,0.025,0.8592,0.9199,1146,38.47166666666667,295.0372984751632,292.0922,586.9324,439.5123,0.0,0.8154,0.9199,1146,38.47166666666667,294.29470546738037,292.4634,586.5341,439.4987,0.0333,0.7101,0.8995,1146,38.47166666666667
294.29064894827707,292.4589,586.5293,439.4941,0.0333,0.7696,0.9005,1147,38.505,294.20618784494957,292.5221,586.5293,439.5257,0.0,0.6739,0.9005,1147,38.505,295.089276821573,292.0146,586.8407,439.4277,0.0417,0.8179,1.0835,1147,38.505,295.02743704158456,292.0919,586.9241,439.508,0.0,0.806,0.9074,1147,38.505,294.29064894827707,292.4589,586.5293,439.4941,0.0333,0.7696,0.9005,1147,38.505
294.2841294474663,292.4478,586.5122,439.48,0.0333,0.7114,0.8291,1148,38.54333333333334,294.198603986398,292.5119,586.5122,439.5121,0.0,0.6701,0.8291,1148,38.54333333333334,295.02869471328404,292.0543,586.8251,439.4397,0.0333,0.8009,1.0332,1148,38.54333333333334,295.0221600100498,292.0818,586.908,439.4949,0.0,0.8101,0.8728,1148,38.54333333333334,294.2841294474663,292.4478,586.5122,439.48,0.0333,0.7114,0.8291,1148,38.54333333333334
294.32374494108325,292.3871,586.4856,439.4363,0.0417,0.6654,0.8451,1149,38.57,294.17977327396864,292.5049,586.4856,439.4952,0.0,0.6718,0.8451,1149,38.57,295.07102757735356,292.0017,586.8562,439.4289,0.0333,0.7961,0.9131,1149,38.57,294.9723060444079,292.0797,586.8562,439.468,0.0,0.8095,0.9131,1149,38.57,294.32374494108325,292.3871,586.4856,439.4363,0.0417,0.6654,0.8451,1149,38.57
294.1914784501836,292.4814,586.459,439.4702,0.025,0.7763,0.8474,1150,38.60333333333334,294.158431839316,292.4989,586.459,439.479,0.0,0.7944,0.8474,1150,38.60333333333334,294.81649367844454,292.2088,586.8356,439.5222,0.025,0.7152,0.935,1150,38.60333333333334,294.9580895139139,292.0714,586.8356,439.4535,0.0,0.7955,0.935,1150,38.60333333333334,294.1914784501836,292.4814,586.459,439.4702,0.025,0.7763,0.8474,1150,38.60333333333334
294.24652392893915,292.4247,586.4531,439.4389,0.0333,0.7763,0.8618,1151,38.63666666666667,294.16084060260107,292.4891,586.4531,439.4711,0.0,0.7805,0.8618,1151,38.63666666666667,294.8121166495165,292.196,586.7717,439.4838,0.0333,0.7238,0.9217,1151,38.63666666666667,294.98997716749375,292.0591,586.8558,439.4574,0.0,0.7351,0.9088,1151,38.63666666666667,294.24652392893915,292.4247,586.4531,439.4389,0.0333,0.7763,0.8618,1151,38.63666666666667
294.198653238768,292.4692,586.4532,439.4612,0.025,0.7872,0.8477,1152,38.67166666666667,294.1653049737447,292.487,586.4532,439.4701,0.0,0.8041,0.8477,1152,38.67166666666667,294.8142261274561,292.2003,586.7761,439.4882,0.0333,0.6995,0.9346,1152,38.67166666666667,294.9921740375843,292.0633,586.8604,439.4619,0.0,0.766,0.906,1152,38.67166666666667,294.198653238768,292.4692,586.4532,439.4612,0.025,0.7872,0.8477,1152,38.67166666666667
294.1254541811776,292.8013,586.749,439.7752,0.025,0.7167,0.7993,1153,38.705000000000005,294.0969895047991,292.8186,586.749,439.7838,0.0,0.8595,0.7993,1153,38.705000000000005,295.00484105528625,292.3187,587.1602,439.7394,0.0167,0.8357,0.8894,1153,38.705000000000005,295.0207006287867,292.2931,587.1602,439.7266,0.0,0.8484,0.8894,1153,38.705000000000005,294.1254541811776,292.8013,586.749,439.7752,0.025,0.7167,0.7993,1153,38.705000000000005
294.10149578141574,292.7195,586.6066,439.663,0.0417,0.8,0.771,1154,38.73833333333334,294.05387074501914,292.7777,586.671,439.7244,0.0,0.89,0.7349,1154,38.73833333333334,294.99130165982547,292.2722,587.0954,439.6838,0.0167,0.8427,0.9924,1154,38.73833333333334,295.0097913535314,292.2434,587.0954,439.6694,0.0,0.8447,0.9924,1154,38.73833333333334,294.10149578141574,292.7195,586.6066,439.663,0.0417,0.8,0.771,1154,38.73833333333334
294.06228142642925,292.6237,586.4445,439.5341,0.0417,0.7437,0.6736,1155,38.77166666666667,294.11535982640254,292.6859,586.562,439.624,0.0,0.9638,0.7341,1155,38.77166666666667,294.9448893847632,292.2014,586.9125,439.5569,0.0333,0.8845,0.8589,1155,38.77166666666667,294.9722724798786,292.213,586.9683,439.5906,0.0,0.9801,0.7473,1155,38.77166666666667,294.06228142642925,292.6237,586.4445,439.5341,0.0417,0.7437,0.6736,1155,38.77166666666667
294.2514573998062,292.4398,586.4219,439.4309,0.0583,0.7329,0.6392,1156,38.805,294.19281963519416,292.6053,586.5398,439.5726,0.0,0.9184,0.771,1156,38.805,295.0663097983349,292.0621,586.8776,439.4699,0.0417,0.8638,0.8247,1156,38.805,295.02922758719177,292.1325,586.9311,439.5318,0.0,0.9782,0.7224,1156,38.805,294.2514573998062,292.4398,586.4219,439.4309,0.0583,0.7329,0.6392,1156,38.805
294.0532292857034,292.6038,586.4072,439.5055,0.0333,0.8072,0.6487,1157,38.83833333333334,294.1611255533147,292.6212,586.5256,439.5734,0.0,0.9068,0.7816,1157,38.83833333333334,295.03824850298827,292.0782,586.8688,439.4735,0.0417,0.8967,0.7824,1157,38.83833333333334,295.0029005709853,292.147,586.922,439.5345,0.0,0.9979,0.7432,1157,38.83833333333334,294.0532292857034,292.6038,586.4072,439.5055,0.0333,0.8072,0.6487,1157,38.83833333333334
294.24245327702613,292.4349,586.4085,439.4217,0.0583,0.7427,0.639,1158,38.87166666666667,294.1852063916069,292.5997,586.5265,439.5631,0.0,0.9213,0.7743,1158,38.87166666666667,295.0620847205892,292.0511,586.8664,439.4588,0.0417,0.8792,0.769,1158,38.87166666666667,295.02489530644334,292.1215,586.9199,439.5207,0.0,1.0341,0.7348,1158,38.87166666666667,294.24245327702613,292.4349,586.4085,439.4217,0.0583,0.7427,0.639,1158,38.87166666666667
294.172754134142,292.5138,586.462,439.4879,0.0417,0.7553,0.7357,1159,38.905,294.05528776059475,292.6672,586.462,439.5646,0.0,0.8164,0.7357,1159,38.905,294.9526627190219,292.0909,586.8444,439.4677,0.0167,0.8718,0.7579,1159,38.905,294.97554928825105,292.109,586.8444,439.4767,0.0,0.9618,0.7579,1159,38.905,294.172754134142,292.5138,586.462,439.4879,0.0417,0.7553,0.7357,1159,38.905
294.16359892263404,292.5128,586.4532,439.483,0.0417,0.7469,0.7286,1160,38.93666666666667,294.0481342402711,292.6645,586.4532,439.5588,0.0,0.8343,0.7286,1160,38.93666666666667,294.92760219213073,292.0919,586.8251,439.4585,0.0167,0.8685,0.7439,1160,38.93666666666667,294.95022302751227,292.1097,586.8251,439.4674,0.0,1.0159,0.7439,1160,38.93666666666667,294.16359892263404,292.5128,586.4532,439.483,0.0417,0.7469,0.7286,1160,38.93666666666667
294.188998736355,292.5294,586.4644,439.4969,0.05,0.7404,0.7814,1161,38.970000000000006,294.09893764384145,292.6815,586.5304,439.6059,0.0,0.8426,0.7721,1161,38.970000000000006,294.96594624296955,292.101,586.8402,439.4706,0.025,0.8622,0.8107,1161,38.970000000000006,295.0220635484421,292.1183,586.916,439.5171,0.0,1.0323,0.7343,1161,38.970000000000006,294.188998736355,292.5294,586.4644,439.4969,0.05,0.7404,0.7814,1161,38.970000000000006
294.1378740662376,292.5735,586.4638,439.5187,0.0417,0.7327,0.8053,1162,39.010000000000005,294.099406614824,292.6799,586.5296,439.6048,0.0,0.8425,0.7705,1162,39.010000000000005,294.9147787488175,292.1499,586.8428,439.4963,0.0333,0.9058,0.809,1162,39.010000000000005,295.03247651838353,292.1086,586.918,439.5133,0.0,1.0321,0.6866,1162,39.010000000000005,294.1378740662376,292.5735,586.4638,439.5187,0.0417,0.7327,0.8053,1162,39.010000000000005
294.07510472312686,292.6183,586.4551,439.5367,0.0417,0.8144,0.7021,1163,39.03666666666667,294.06123851355335,292.6788,586.4715,439.5752,0.0,0.8442,0.7295,1163,39.03666666666667,294.9246909667777,292.0913,586.7572,439.4242,0.025,0.8629,0.8239,1163,39.03666666666667,294.98751768688373,292.1089,586.8469,439.4779,0.0,1.0258,0.8212,1163,39.03666666666667,294.07510472312686,292.6183,586.4551,439.5367,0.0417,0.8144,0.7021,1163,39.03666666666667
294.02652562713354,292.6139,586.387,439.5005,0.0333,0.8149,0.7132,1164,39.07166666666667,294.04151057451145,292.6746,586.4567,439.5656,0.0,0.8373,0.7635,1164,39.07166666666667,294.95001880166956,292.086,586.8441,439.465,0.0167,0.8992,0.7346,1164,39.07166666666667,294.9724848444538,292.1037,586.8441,439.4739,0.0,1.0296,0.7346,1164,39.07166666666667,294.02652562713354,292.6139,586.387,439.5005,0.0333,0.8149,0.7132,1164,39.07166666666667
294.12269961422237,292.5425,586.4767,439.5096,0.05,0.7064,0.8041,1165,39.11,294.08268665677326,292.5357,586.4347,439.4852,0.0,0.8148,0.8514,1165,39.11,294.927072403096,292.1122,586.8013,439.4568,0.0333,0.7865,0.7841,1165,39.11,295.11234114409547,291.969,586.8839,439.4264,0.0,0.8086,0.8141,1165,39.11,294.12269961422237,292.5425,586.4767,439.5096,0.05,0.7064,0.8041,1165,39.11
294.1760520130081,292.4866,586.4768,439.4817,0.0417,0.7296,0.8081,1166,39.14333333333334,294.0813702831616,292.5373,586.4355,439.4864,0.0,0.7788,0.8546,1166,39.14333333333334,294.9212117536987,292.1214,586.8034,439.4624,0.0333,0.8002,0.7876,1166,39.14333333333334,295.1070180560058,291.9777,586.8859,439.4318,0.0,0.8005,0.8304,1166,39.14333333333334,294.1760520130081,292.4866,586.4768,439.4817,0.0417,0.7296,0.8081,1166,39.14333333333334
294.18481895975356,292.7178,586.7612,439.7395,0.0333,0.744,0.7529,1167,39.17,294.1365762983837,292.7351,586.722,439.7285,0.0,0.8038,0.7196,1167,39.17,294.96621676141206,292.3079,587.1317,439.7198,0.025,0.7716,0.9175,1167,39.17,295.1113033098082,292.1687,587.1317,439.6502,0.0,0.9111,0.9175,1167,39.17,294.18481895975356,292.7178,586.7612,439.7395,0.0333,0.744,0.7529,1167,39.17
293.9754445122596,292.8701,586.7175,439.7938,0.025,0.8493,0.752,1168,39.208333333333336,294.0502035436914,292.7775,586.6784,439.7279,0.0,0.8854,0.7881,1168,39.208333333333336,295.0043024823147,292.2334,587.0799,439.6567,0.0167,0.8592,1.0141,1168,39.208333333333336,295.01436852803715,292.2126,587.0799,439.6463,0.0,0.9465,1.0141,1168,39.208333333333336,293.9754445122596,292.8701,586.7175,439.7938,0.025,0.8493,0.752,1168,39.208333333333336
293.9799789343043,292.8173,586.6702,439.7438,0.0417,0.6921,0.8023,1169,39.23833333333334,294.0399897716242,292.7176,586.5849,439.6512,0.0,0.7722,0.7252,1169,39.23833333333334,294.9631131821318,292.233,587.0122,439.6226,0.025,0.8751,0.8528,1169,39.23833333333334,295.03339751857186,292.1556,587.0122,439.5839,0.0,0.8753,0.8528,1169,39.23833333333334,293.9799789343043,292.8173,586.6702,439.7438,0.0417,0.6921,0.8023,1169,39.23833333333334
294.11288635004075,292.5738,586.4705,439.5221,0.0417,0.795,0.6101,1170,39.27166666666667,294.1958898770605,292.5305,586.5453,439.5379,0.0,0.8701,0.6589,1170,39.27166666666667,295.16151731629213,291.9824,586.9611,439.4718,0.0417,0.7002,0.7875,1170,39.27166666666667,295.2068283044822,291.9572,586.9788,439.468,0.0,0.7804,0.811,1170,39.27166666666667,294.11288635004075,292.5738,586.4705,439.5221,0.0417,0.795,0.6101,1170,39.27166666666667
294.2539490004867,292.4474,586.5241,439.4858,0.05,0.7694,0.8341,1171,39.31,294.13443336500023,292.5005,586.4379,439.4692,0.0,0.8119,0.679,1171,39.31,295.13513957514044,291.9005,586.7679,439.3342,0.05,0.7871,0.7113,1171,39.31,295.121380782043,291.9292,586.8509,439.39,0.0,0.8042,0.7642,1171,39.31,294.2539490004867,292.4474,586.5241,439.4858,0.05,0.7694,0.8341,1171,39.31
294.1408379842115,292.5482,586.52,439.5341,0.0333,0.8222,0.8196,1172,39.343333333333334,294.1263604440042,292.5069,586.434,439.4704,0.0,0.8187,0.6875,1172,39.343333333333334,295.1475499153366,291.8919,586.7697,439.3308,0.0417,0.7525,0.7293,1172,39.343333333333334,295.1062909853904,291.9208,586.836,439.3784,0.0,0.7792,0.7915,1172,39.343333333333334,294.1408379842115,292.5482,586.52,439.5341,0.0333,0.8222,0.8196,1172,39.343333333333334
294.18694794175315,292.4997,586.5129,439.5063,0.0417,0.8031,0.8612,1173,39.370000000000005,294.1190024562825,292.5069,586.4273,439.4671,0.0,0.7609,0.6811,1173,39.370000000000005,295.1171881051654,291.8894,586.7468,439.3181,0.0417,0.7392,0.7112,1173,39.370000000000005,295.0756488572234,291.9188,586.8088,439.3638,0.0,0.7832,0.8006,1173,39.370000000000005,294.18694794175315,292.4997,586.5129,439.5063,0.0417,0.8031,0.8612,1173,39.370000000000005
294.24001671343274,292.4498,586.509,439.4794,0.05,0.8096,0.8555,1174,39.41166666666667,294.1186541162553,292.5048,586.4236,439.4642,0.0,0.7725,0.6772,1174,39.41166666666667,295.1088365878081,291.8932,586.7419,439.3176,0.0417,0.7502,0.6872,1174,39.41166666666667,295.0683740746747,291.9224,586.8043,439.3634,0.0,0.7993,0.7955,1174,39.41166666666667,294.24001671343274,292.4498,586.509,439.4794,0.05,0.8096,0.8555,1174,39.41166666666667
294.1376696943581,292.4444,586.3588,439.4016,0.0333,0.688,0.9127,1175,39.443333333333335,294.061610652089,292.5313,586.3588,439.4451,0.0,0.7855,0.9127,1175,39.443333333333335,294.87346179876386,292.0813,586.6876,439.3845,0.0333,0.8093,0.879,1175,39.443333333333335,294.98884935147976,292.0293,586.7808,439.4051,0.0,0.7324,0.9807,1175,39.443333333333335,294.1376696943581,292.4444,586.3588,439.4016,0.0333,0.688,0.9127,1175,39.443333333333335
294.13790010054845,292.443,586.3578,439.4004,0.0333,0.7014,0.8961,1176,39.47166666666667,294.0618158494334,292.53,586.3578,439.4439,0.0,0.7802,0.8961,1176,39.47166666666667,294.9904665037579,291.9723,586.6885,439.3304,0.0333,0.7691,0.8856,1176,39.47166666666667,294.99260730997895,292.0262,586.7814,439.4038,0.0,0.7315,0.9782,1176,39.47166666666667,294.13790010054845,292.443,586.3578,439.4004,0.0333,0.7014,0.8961,1176,39.47166666666667
294.13241971815575,292.4605,586.3618,439.4111,0.05,0.6881,0.9075,1177,39.52666666666667,294.060910369554,292.5351,586.3618,439.4484,0.0,0.7876,0.9075,1177,39.52666666666667,294.8745067455013,292.0793,586.6873,439.3833,0.0333,0.8123,0.871,1177,39.52666666666667,294.9897755310484,292.0275,586.7808,439.4042,0.0,0.742,0.9595,1177,39.52666666666667,294.13241971815575,292.4605,586.3618,439.4111,0.05,0.6881,0.9075,1177,39.52666666666667
294.1324853192824,292.4578,586.3602,439.409,0.05,0.7005,0.9096,1178,39.54333333333334,294.0607421388105,292.5327,586.3602,439.4465,0.0,0.7923,0.9096,1178,39.54333333333334,294.87464192381265,292.0793,586.6872,439.3832,0.0333,0.814,0.8717,1178,39.54333333333334,294.98974318240084,292.0277,586.7808,439.4042,0.0,0.742,0.9595,1178,39.54333333333334,294.1324853192824,292.4578,586.3602,439.409,0.05,0.7005,0.9096,1178,39.54333333333334
294.1802061105875,292.405,586.3578,439.3814,0.0417,0.7095,0.9085,1179,39.57166666666667,294.05471646061756,292.5358,586.3578,439.4468,0.0,0.7752,0.9085,1179,39.57166666666667,294.8703448715866,292.0828,586.6872,439.385,0.0333,0.8145,0.8714,1179,39.57166666666667,294.98557073717745,292.0311,586.7807,439.4059,0.0,0.7442,0.9592,1179,39.57166666666667,294.1802061105875,292.405,586.3578,439.3814,0.0417,0.7095,0.9085,1179,39.57166666666667
294.1298359192183,292.4533,586.3623,439.4078,0.0333,0.7024,0.9063,1180,39.61333333333334,294.0535228679922,292.5405,586.3623,439.4514,0.0,0.8358,0.9063,1180,39.61333333333334,294.86902864609584,292.0847,586.6902,439.3875,0.0333,0.8338,0.8701,1180,39.61333333333334,294.9844411168753,292.0327,586.7833,439.408,0.0,0.7436,0.9734,1180,39.61333333333334,294.1298359192183,292.4533,586.3623,439.4078,0.0333,0.7024,0.9063,1180,39.61333333333334
294.2332825396495,292.6609,586.6742,439.6676,0.0583,0.7776,0.8273,1181,39.64333333333334,294.16693681061486,292.8016,586.7826,439.7921,0.0,0.7732,0.7592,1181,39.64333333333334,295.25660133786215,292.1579,587.2355,439.6967,0.0333,0.7457,1.0174,1181,39.64333333333334,295.1642661590902,292.2626,587.2355,439.7491,0.0,0.7839,1.0174,1181,39.64333333333334,294.2332825396495,292.6609,586.6742,439.6676,0.0583,0.7776,0.8273,1181,39.64333333333334
294.24800759125,292.6923,586.7596,439.7259,0.0417,0.7007,0.7765,1182,39.67166666666667,294.1156778970518,292.83,586.7596,439.7948,0.0,0.8169,0.7765,1182,39.67166666666667,295.2519916243195,292.1343,587.2076,439.671,0.0417,0.7179,0.9627,1182,39.67166666666667,295.1037761459813,292.2903,587.2076,439.749,0.0,0.8696,0.9627,1182,39.67166666666667,294.24800759125,292.6923,586.7596,439.7259,0.0417,0.7007,0.7765,1182,39.67166666666667
294.1258976718637,292.6938,586.6157,439.6547,0.0333,0.7446,0.8456,1183,39.715,294.05132500941966,292.7787,586.6157,439.6972,0.0,0.8526,0.8456,1183,39.715,295.0986819531221,292.1857,587.0862,439.636,0.025,0.7501,0.9947,1183,39.715,295.0614132914548,292.2396,587.0862,439.6629,0.0,0.8853,0.9947,1183,39.715,294.1258976718637,292.6938,586.6157,439.6547,0.0333,0.7446,0.8456,1183,39.715
294.3268534753098,292.4201,586.516,439.468,0.0417,0.7539,0.8192,1184,39.74333333333335,294.1904332627279,292.561,586.516,439.5385,0.0,0.879,0.8192,1184,39.74333333333335,295.0199611768521,292.0977,586.9193,439.5085,0.0167,0.9049,0.9748,1184,39.74333333333335,295.03771345274544,292.0993,586.9193,439.5093,0.0,0.8873,0.9748,1184,39.74333333333335,294.3268534753098,292.4201,586.516,439.468,0.0417,0.7539,0.8192,1184,39.74333333333335
294.2428141938271,292.4346,586.4621,439.4484,0.0333,0.7104,0.8316,1185,39.775000000000006,294.26488195699017,292.4001,586.4621,439.4311,0.0,0.7803,0.8316,1185,39.775000000000006,295.0099549671596,292.0889,586.9116,439.5003,0.0167,0.8718,0.9907,1185,39.775000000000006,295.1390897498474,291.9567,586.9116,439.4342,0.0,0.8319,0.9907,1185,39.775000000000006,294.2428141938271,292.4346,586.4621,439.4484,0.0333,0.7104,0.8316,1185,39.775000000000006
294.2521977301027,292.3866,586.4139,439.4003,0.05,0.6732,0.8077,1186,39.803333333333335,294.2634502346515,292.4017,586.4622,439.4319,0.0,0.7766,0.8307,1186,39.803333333333335,295.0014577332243,292.0968,586.9102,439.5035,0.0167,0.8564,1.0015,1186,39.803333333333335,295.1308468406208,291.9644,586.9102,439.4373,0.0,0.8194,1.0015,1186,39.803333333333335,294.2521977301027,292.3866,586.4139,439.4003,0.05,0.6732,0.8077,1186,39.803333333333335
294.1981783817169,292.4371,586.4149,439.426,0.0417,0.7104,0.7866,1187,39.83833333333334,294.26334725311,292.4026,586.4631,439.4328,0.0,0.777,0.8105,1187,39.83833333333334,295.0005092501675,292.0979,586.9101,439.504,0.0167,0.8506,1.018,1187,39.83833333333334,295.12988898013793,291.9654,586.9101,439.4378,0.0,0.8185,1.018,1187,39.83833333333334,294.1981783817169,292.4371,586.4149,439.426,0.0417,0.7104,0.7866,1187,39.83833333333334
294.2352504531732,292.4362,586.4568,439.4465,0.0333,0.7067,0.8476,1188,39.87166666666667,294.25739010144815,292.4015,586.4568,439.4291,0.0,0.7767,0.8476,1188,39.87166666666667,294.9934877753069,292.0967,586.9017,439.4992,0.0167,0.8567,1.0192,1188,39.87166666666667,295.12287129648126,291.9642,586.9017,439.433,0.0,0.8196,1.0192,1188,39.87166666666667,294.2352504531732,292.4362,586.4568,439.4465,0.0333,0.7067,0.8476,1188,39.87166666666667
294.23634268733207,292.436,586.4579,439.447,0.0333,0.7111,0.8442,1189,39.905,294.2586379373858,292.4012,586.4579,439.4295,0.0,0.7755,0.8442,1189,39.905,294.99277872833045,292.0976,586.9016,439.4996,0.0167,0.8505,1.0206,1189,39.905,295.12222620137806,291.9651,586.9016,439.4333,0.0,0.82,1.0206,1189,39.905,294.23634268733207,292.436,586.4579,439.447,0.0333,0.7111,0.8442,1189,39.905
294.2458756394743,292.3873,586.4092,439.3983,0.05,0.674,0.8591,1190,39.93833333333333,294.25866441166227,292.4011,586.4574,439.4293,0.0,0.7763,0.8347,1190,39.93833333333333,294.9921356899083,292.0972,586.9008,439.499,0.0167,0.856,1.0213,1190,39.93833333333333,295.1216336834178,291.9646,586.9008,439.4327,0.0,0.8199,1.0213,1190,39.93833333333333,294.2458756394743,292.3873,586.4092,439.3983,0.05,0.674,0.8591,1190,39.93833333333333
294.29056060577113,292.3872,586.4581,439.4226,0.0417,0.6832,0.846,1191,39.97166666666667,294.26104259255317,292.4,586.4581,439.429,0.0,0.7772,0.846,1191,39.97166666666667,294.9925810771822,292.0967,586.9009,439.4988,0.0167,0.8065,1.0212,1191,39.97166666666667,295.12213694208714,291.964,586.9009,439.4325,0.0,0.8193,1.0212,1191,39.97166666666667,294.29056060577113,292.3872,586.4581,439.4226,0.0417,0.6832,0.846,1191,39.97166666666667
294.24735331601045,292.387,586.4098,439.3984,0.05,0.682,0.8606,1192,40.010000000000005,294.26118502325926,292.3997,586.4581,439.4289,0.0,0.7794,0.8351,1192,40.010000000000005,294.9932123191235,292.0955,586.9007,439.4981,0.0167,0.8045,1.0213,1192,40.010000000000005,295.1227680981185,291.9628,586.9007,439.4318,0.0,0.8204,1.0213,1192,40.010000000000005,294.24735331601045,292.387,586.4098,439.3984,0.05,0.682,0.8606,1192,40.010000000000005
294.2840054330003,292.3876,586.452,439.4198,0.0417,0.6868,0.8681,1193,40.03666666666667,294.2547836046946,292.4001,586.452,439.4261,0.0,0.7788,0.8681,1193,40.03666666666667,294.964416083316,292.0961,586.826,439.4611,0.025,0.8071,1.0674,1193,40.03666666666667,295.1282949778051,291.9635,586.9027,439.4331,0.0,0.8198,1.0305,1193,40.03666666666667,294.2840054330003,292.3876,586.452,439.4198,0.0417,0.6868,0.8681,1193,40.03666666666667
294.2308103133551,292.4414,586.4508,439.4461,0.05,0.6941,0.8684,1194,40.07166666666667,294.25379020874857,292.3996,586.4508,439.4252,0.0,0.7803,0.8684,1194,40.07166666666667,294.964886574111,292.0951,586.8257,439.4604,0.025,0.8049,1.0687,1194,40.07166666666667,295.12879647842146,291.9625,586.9024,439.4325,0.0,0.8206,1.0301,1194,40.07166666666667,294.2308103133551,292.4414,586.4508,439.4461,0.05,0.6941,0.8684,1194,40.07166666666667
294.1167436692706,292.5549,586.4605,439.5077,0.0167,0.7844,0.8062,1195,40.105000000000004,294.1448871396715,292.5159,586.4605,439.4882,0.0,0.8125,0.8062,1195,40.105000000000004,295.01874109056627,292.1018,586.8471,439.4744,0.0333,0.7422,0.8143,1195,40.105000000000004,295.1394105179261,291.9668,586.9031,439.4349,0.0,0.7225,0.8533,1195,40.105000000000004,294.1167436692706,292.5549,586.4605,439.5077,0.0167,0.7844,0.8062,1195,40.105000000000004
294.1690694191353,292.5095,586.4622,439.4858,0.025,0.7508,0.8089,1196,40.13666666666667,294.1451104812028,292.5178,586.4622,439.49,0.0,0.8049,0.8089,1196,40.13666666666667,295.0171679617114,292.1029,586.8471,439.475,0.0333,0.7444,0.8194,1196,40.13666666666667,295.13788787610736,291.9679,586.9029,439.4354,0.0,0.7682,0.8299,1196,40.13666666666667,294.1690694191353,292.5095,586.4622,439.4858,0.025,0.7508,0.8089,1196,40.13666666666667
294.17298548260214,292.509,586.4659,439.4874,0.025,0.7468,0.8309,1197,40.17,294.1492497219655,292.5172,586.4659,439.4915,0.0,0.8032,0.8309,1197,40.17,295.0100879322769,292.0942,586.8368,439.4655,0.0333,0.7493,0.784,1197,40.17,295.1304349487483,291.9599,586.8919,439.4259,0.0,0.7273,0.7809,1197,40.17,294.17298548260214,292.509,586.4659,439.4874,0.025,0.7468,0.8309,1197,40.17
294.2723213944562,292.5536,586.6354,439.5945,0.0333,0.7173,0.7591,1198,40.205000000000005,294.19462203911064,292.6111,586.6354,439.6232,0.0,0.8581,0.7591,1198,40.205000000000005,295.1663654842026,292.1004,587.0417,439.5711,0.05,0.6679,0.7746,1198,40.205000000000005,295.1672010455669,292.0733,587.0829,439.5781,0.0,0.7189,0.8085,1198,40.205000000000005,294.2723213944562,292.5536,586.6354,439.5945,0.0333,0.7173,0.7591,1198,40.205000000000005
294.199915515547,292.7426,586.7812,439.7619,0.0333,0.8431,0.7616,1199,40.23833333333334,294.1391374368153,292.7671,586.7414,439.7542,0.0,0.8382,0.7739,1199,40.23833333333334,294.81443534149014,292.4709,587.1952,439.833,0.0583,0.6592,0.7677,1199,40.23833333333334,294.94564829742455,292.3002,587.1071,439.7036,0.0,0.676,0.7461,1199,40.23833333333334,294.199915515547,292.7426,586.7812,439.7619,0.0333,0.8431,0.7616,1199,40.23833333333334
294.21210124417394,292.668,586.6755,439.6718,0.025,0.8165,0.7541,1200,40.27166666666667,294.17073565747603,292.6934,586.6755,439.6845,0.0,0.9092,0.7541,1200,40.27166666666667,295.10410046763377,292.161,587.1269,439.644,0.0417,0.6936,0.7834,1200,40.27166666666667,295.01132572113363,292.194,587.0384,439.6162,0.0,0.735,0.7219,1200,40.27166666666667,294.21210124417394,292.668,586.6755,439.6718,0.025,0.8165,0.7541,1200,40.27166666666667
294.08720719023506,292.5653,586.4339,439.4996,0.0333,0.7678,0.781,1201,40.305,294.00976791294,292.623,586.4339,439.5284,0.0,0.8233,0.781,1201,40.305,294.9652154336912,292.0461,586.8423,439.4442,0.0833,0.5866,0.7337,1201,40.305,294.9746912774735,292.0736,586.8666,439.4701,0.0,0.711,0.707,1201,40.305,294.08720719023506,292.5653,586.4339,439.4996,0.0333,0.7678,0.781,1201,40.305
294.15410538236347,292.5274,586.4797,439.5035,0.0417,0.8002,0.725,1202,40.33833333333334,294.05048664689537,292.5887,586.4382,439.5134,0.0,0.8907,0.7558,1202,40.33833333333334,295.0232110459546,292.0005,586.8468,439.4236,0.0833,0.5907,0.7537,1202,40.33833333333334,295.01390776527853,292.0419,586.8713,439.4566,0.0,0.7611,0.7173,1202,40.33833333333334,294.15410538236347,292.5274,586.4797,439.5035,0.0417,0.8002,0.725,1202,40.33833333333334
294.1039954192661,292.5507,586.4394,439.495,0.025,0.7421,0.7736,1203,40.37166666666667,294.075933223462,292.5632,586.4394,439.5013,0.0,0.8713,0.7736,1203,40.37166666666667,295.0666295306954,291.9382,586.8391,439.3886,0.0583,0.6634,0.7971,1203,40.37166666666667,295.03168129464257,292.013,586.8639,439.4384,0.0,0.7956,0.7605,1203,40.37166666666667,294.1039954192661,292.5507,586.4394,439.495,0.025,0.7421,0.7736,1203,40.37166666666667
294.1003052644027,292.5385,586.4224,439.4804,0.025,0.7591,0.7914,1204,40.403333333333336,294.07123037805934,292.5519,586.4224,439.4871,0.0,0.8401,0.7914,1204,40.403333333333336,294.9084631972914,292.0912,586.8701,439.4806,0.05,0.7664,0.7969,1204,40.403333333333336,295.0290639852116,292.007,586.8531,439.4301,0.0,0.8129,0.7565,1204,40.403333333333336,294.1003052644027,292.5385,586.4224,439.4804,0.025,0.7591,0.7914,1204,40.403333333333336
294.2253133481143,292.4394,586.4532,439.4463,0.0333,0.7051,0.8702,1205,40.43833333333333,294.1478525649479,292.5279,586.4532,439.4906,0.0,0.7928,0.8702,1205,40.43833333333333,294.9477565561441,292.1042,586.855,439.4796,0.0333,0.6554,0.9553,1205,40.43833333333333,295.03449916546583,292.0456,586.855,439.4503,0.0,0.8954,0.9553,1205,40.43833333333333,294.2253133481143,292.4394,586.4532,439.4463,0.0333,0.7051,0.8702,1205,40.43833333333333
294.1723420712899,292.481,586.4489,439.465,0.025,0.8079,0.9157,1206,40.47166666666667,294.14571707555433,292.5237,586.4489,439.4863,0.0,0.791,0.9157,1206,40.47166666666667,295.0763931123003,291.9921,586.8541,439.4231,0.0417,0.7224,0.9487,1206,40.47166666666667,295.0342834502726,292.0455,586.8541,439.4498,0.0,0.9088,0.9487,1206,40.47166666666667,294.1723420712899,292.481,586.4489,439.465,0.025,0.8079,0.9157,1206,40.47166666666667
294.171252290448,292.4805,586.4477,439.4641,0.025,0.8074,0.9161,1207,40.510000000000005,294.14459873642375,292.5233,586.4477,439.4855,0.0,0.7916,0.9161,1207,40.510000000000005,295.0762297840075,291.9924,586.8541,439.4233,0.0417,0.7225,0.9477,1207,40.510000000000005,295.03414581541534,292.0458,586.8541,439.4499,0.0,0.9089,0.9477,1207,40.510000000000005,294.171252290448,292.4805,586.4477,439.4641,0.025,0.8074,0.9161,1207,40.510000000000005
294.1699550560441,292.4823,586.4479,439.4651,0.025,0.8069,0.9144,1208,40.538333333333334,294.1433499352879,292.5249,586.4479,439.4864,0.0,0.79,0.9144,1208,40.538333333333334,295.07713105480417,291.9925,586.8549,439.4237,0.0417,0.7225,0.9482,1208,40.538333333333334,295.03500937514366,292.0459,586.8549,439.4504,0.0,0.9089,0.9482,1208,40.538333333333334,294.1699550560441,292.4823,586.4479,439.4651,0.025,0.8069,0.9144,1208,40.538333333333334
294.1712911287161,292.4809,586.4485,439.4647,0.025,0.8075,0.9054,1209,40.57,294.14488342728254,292.5233,586.4485,439.4859,0.0,0.791,0.9054,1209,40.57,295.0777042772851,291.9923,586.8555,439.4239,0.0417,0.7224,0.9484,1209,40.57,295.0357952235692,292.0456,586.8555,439.4505,0.0,0.9088,0.9484,1209,40.57,294.1712911287161,292.4809,586.4485,439.4647,0.025,0.8075,0.9054,1209,40.57
294.17117688365636,292.4828,586.4495,439.4662,0.025,0.8092,0.9145,1210,40.605000000000004,294.14488655045017,292.5251,586.4495,439.4873,0.0,0.7886,0.9145,1210,40.605000000000004,295.0763993136363,291.9939,586.8555,439.4247,0.0417,0.7203,0.9482,1210,40.605000000000004,295.03454242355065,292.047,586.8555,439.4513,0.0,0.9671,0.9482,1210,40.605000000000004,294.17117688365636,292.4828,586.4495,439.4662,0.025,0.8092,0.9145,1210,40.605000000000004
294.1715148863443,292.4813,586.4489,439.4651,0.025,0.7964,0.9094,1211,40.64166666666667,294.14514076392516,292.5237,586.4489,439.4863,0.0,0.7891,0.9094,1211,40.64166666666667,295.07841626210677,291.9905,586.8557,439.4231,0.0417,0.7449,0.9485,1211,40.64166666666667,295.03694163527564,292.0434,586.8557,439.4496,0.0,0.9152,0.9485,1211,40.64166666666667,294.1715148863443,292.4813,586.4489,439.4651,0.025,0.7964,0.9094,1211,40.64166666666667
294.1695366831931,292.4818,586.4483,439.465,0.025,0.8095,0.9113,1212,40.67166666666667,294.14289999304026,292.5245,586.4483,439.4864,0.0,0.789,0.9113,1212,40.67166666666667,295.08395594691183,291.9916,586.8589,439.4253,0.0417,0.7452,0.9376,1212,40.67166666666667,295.0422875425686,292.0447,586.8589,439.4518,0.0,0.9436,0.9376,1212,40.67166666666667,294.1695366831931,292.4818,586.4483,439.465,0.025,0.8095,0.9113,1212,40.67166666666667
294.16858819766196,292.4818,586.4475,439.4647,0.025,0.8006,0.9115,1213,40.705000000000005,294.1419705627043,292.5245,586.4475,439.486,0.0,0.7856,0.9115,1213,40.705000000000005,295.04608877864473,291.9917,586.8233,439.4075,0.0417,0.7243,0.9107,1213,40.705000000000005,295.0045290686277,292.0447,586.8233,439.434,0.0,0.9156,0.9107,1213,40.705000000000005,294.16858819766196,292.4818,586.4475,439.4647,0.025,0.8006,0.9115,1213,40.705000000000005
294.32311635925277,292.5916,586.7313,439.6615,0.05,0.69,0.6698,1214,40.745000000000005,294.2441077240061,292.6745,586.7313,439.7029,0.0,0.7902,0.6698,1214,40.745000000000005,295.3455769654604,292.0449,587.1908,439.6179,0.0417,0.7577,0.8308,1214,40.745000000000005,295.1946377650123,292.2034,587.1908,439.6971,0.0,0.9499,0.8308,1214,40.745000000000005,294.32311635925277,292.5916,586.7313,439.6615,0.05,0.69,0.6698,1214,40.745000000000005
294.2788174160514,292.7288,586.8051,439.7669,0.0333,0.7534,0.7562,1215,40.77666666666667,294.19350232532065,292.7922,586.8051,439.7986,0.0,0.6983,0.7562,1215,40.77666666666667,295.1678693790159,292.2758,587.2468,439.7613,0.025,0.7994,1.0798,1215,40.77666666666667,295.1243070237025,292.3034,587.2468,439.7751,0.0,0.7454,1.0798,1215,40.77666666666667,294.2788174160514,292.7288,586.8051,439.7669,0.0333,0.7534,0.7562,1215,40.77666666666667
294.21965238612614,292.6301,586.6236,439.6269,0.025,0.7751,0.827,1216,40.81,294.18878657950086,292.6444,586.6236,439.634,0.0,0.789,0.827,1216,40.81,295.1526504743715,292.1294,587.0544,439.5919,0.025,0.8188,1.0924,1216,40.81,295.102980429226,292.1628,587.0544,439.6086,0.0,0.8336,1.0924,1216,40.81,294.21965238612614,292.6301,586.6236,439.6269,0.025,0.7751,0.827,1216,40.81
294.2351121617317,292.598,586.6549,439.6264,0.0333,0.8013,0.7549,1217,40.845000000000006,294.22271916085003,292.5575,586.5753,439.5664,0.0,0.7647,0.753,1217,40.845000000000006,295.13460917376415,292.0995,586.9591,439.5293,0.025,0.8567,0.9182,1217,40.845000000000006,295.18378655882975,292.0756,587.044,439.5598,0.0,0.9107,0.9277,1217,40.845000000000006,294.2351121617317,292.598,586.6549,439.6264,0.0333,0.8013,0.7549,1217,40.845000000000006
294.183209472767,292.4511,586.3609,439.406,0.0417,0.7833,0.7206,1218,40.87666666666667,294.2271386749825,292.4622,586.4777,439.4699,0.0,0.7825,0.7623,1218,40.87666666666667,295.0404986346528,292.0637,586.9123,439.488,0.0333,0.8741,0.8439,1218,40.87666666666667,295.1348814047062,291.9872,586.9041,439.4457,0.0,0.8909,0.803,1218,40.87666666666667,294.183209472767,292.4511,586.3609,439.406,0.0417,0.7833,0.7206,1218,40.87666666666667
294.2438802302586,292.422,586.4018,439.4119,0.0333,0.813,0.7852,1219,40.903333333333336,294.24500867597624,292.4332,586.469,439.4511,0.0,0.7965,0.7938,1219,40.903333333333336,295.02956405084205,292.083,586.9225,439.5028,0.05,0.8612,0.8576,1219,40.903333333333336,295.1406487480415,291.9509,586.8849,439.4179,0.0,0.8638,0.8658,1219,40.903333333333336,294.2438802302586,292.422,586.4018,439.4119,0.0333,0.813,0.7852,1219,40.903333333333336
294.2432992372278,292.4184,586.398,439.4082,0.0333,0.8186,0.7504,1220,40.94833333333334,294.24155652561785,292.4321,586.4649,439.4485,0.0,0.7899,0.7741,1220,40.94833333333334,295.08077967244867,292.0282,586.9176,439.4729,0.0417,0.9105,0.8564,1220,40.94833333333334,295.1351337986845,291.9515,586.8804,439.4159,0.0,0.8635,0.8664,1220,40.94833333333334,294.2432992372278,292.4184,586.398,439.4082,0.0333,0.8186,0.7504,1220,40.94833333333334
294.1760093081348,292.4698,586.39,439.4299,0.025,0.8326,0.7519,1221,40.97666666666667,294.2304932800321,292.4323,586.4562,439.4443,0.0,0.8545,0.7754,1221,40.97666666666667,295.10456526622966,292.0171,586.9299,439.4735,0.0417,0.9189,0.85,1221,40.97666666666667,295.1574483992959,291.9405,586.8922,439.4164,0.0,0.89,0.8646,1221,40.97666666666667,294.1760093081348,292.4698,586.39,439.4299,0.025,0.8326,0.7519,1221,40.97666666666667
294.1755912731671,292.4714,586.3905,439.4309,0.025,0.8372,0.7509,1222,41.010000000000005,294.2303008868862,292.4339,586.4571,439.4455,0.0,0.8518,0.7805,1222,41.010000000000005,295.1022759476573,292.0189,586.9293,439.4741,0.0417,0.9221,0.8463,1222,41.010000000000005,295.15535268140974,291.9423,586.8917,439.417,0.0,0.8931,0.8626,1222,41.010000000000005,294.1755912731671,292.4714,586.3905,439.4309,0.025,0.8372,0.7509,1222,41.010000000000005
294.1807437477254,292.4668,586.3919,439.4294,0.025,0.8372,0.7525,1223,41.04666666666667,294.23570256604876,292.429,586.4585,439.4437,0.0,0.8648,0.7976,1223,41.04666666666667,295.0495140065202,292.0692,586.9302,439.4997,0.05,0.9096,0.8546,1223,41.04666666666667,295.15973195882225,291.9362,586.8919,439.414,0.0,0.8767,0.8642,1223,41.04666666666667,294.1807437477254,292.4668,586.3919,439.4294,0.025,0.8372,0.7525,1223,41.04666666666667
294.18597204206947,292.4615,586.3932,439.4274,0.025,0.8285,0.7375,1224,41.07666666666667,294.2404508502858,292.4242,586.4599,439.442,0.0,0.843,0.774,1224,41.07666666666667,295.0497798672469,292.0677,586.9292,439.4984,0.05,0.8585,0.8564,1224,41.07666666666667,295.1591872989303,291.9346,586.8902,439.4124,0.0,0.8748,0.8647,1224,41.07666666666667,294.18597204206947,292.4615,586.3932,439.4274,0.025,0.8285,0.7375,1224,41.07666666666667
294.1242856640964,292.5203,586.44,439.4802,0.0167,0.8619,0.7839,1225,41.10666666666667,294.15125309245343,292.4828,586.44,439.4614,0.0,0.8825,0.7839,1225,41.10666666666667,295.1517026507511,291.8848,586.825,439.3549,0.025,0.7337,0.9413,1225,41.10666666666667,295.10809769120397,291.913,586.825,439.369,0.0,0.8104,0.9413,1225,41.10666666666667,294.1242856640964,292.5203,586.44,439.4802,0.0167,0.8619,0.7839,1225,41.10666666666667
294.1236612580842,292.5198,586.4392,439.4795,0.0167,0.8673,0.7987,1226,41.150000000000006,294.15057976826586,292.4823,586.4392,439.4608,0.0,0.8901,0.7987,1226,41.150000000000006,295.15565533724293,291.8843,586.8274,439.3558,0.025,0.7612,0.9529,1226,41.150000000000006,295.1119472401605,291.9126,586.8274,439.37,0.0,0.8182,0.9529,1226,41.150000000000006,294.1236612580842,292.5198,586.4392,439.4795,0.0167,0.8673,0.7987,1226,41.150000000000006
294.1162619476006,292.5228,586.4353,439.479,0.0167,0.8509,0.8015,1227,41.17666666666667,294.1427501292575,292.4857,586.4353,439.4605,0.0,0.8878,0.8015,1227,41.17666666666667,295.14816646546717,291.8825,586.821,439.3518,0.025,0.7411,0.9559,1227,41.17666666666667,295.10347595500036,291.9117,586.821,439.3664,0.0,0.819,0.9559,1227,41.17666666666667,294.1162619476006,292.5228,586.4353,439.479,0.0167,0.8509,0.8015,1227,41.17666666666667
294.1140623102424,292.5254,586.4351,439.4803,0.0167,0.8506,0.8068,1228,41.20333333333333,294.14061867370594,292.4883,586.4351,439.4617,0.0,0.88,0.8068,1228,41.20333333333333,295.14979724658804,291.8827,586.8223,439.3525,0.025,0.7411,0.9477,1228,41.20333333333333,295.1051228474148,291.9119,586.8223,439.3671,0.0,0.8192,0.9477,1228,41.20333333333333,294.1140623102424,292.5254,586.4351,439.4803,0.0167,0.8506,0.8068,1228,41.20333333333333
294.11484263273076,292.5249,586.4366,439.4807,0.0167,0.8517,0.7939,1229,41.23666666666667,294.1414105169618,292.4877,586.4366,439.4622,0.0,0.8896,0.7939,1229,41.23666666666667,295.090187944331,291.9397,586.8218,439.3808,0.0333,0.7487,0.9589,1229,41.23666666666667,295.10059231415,291.9166,586.8218,439.3692,0.0,0.7938,0.9589,1229,41.23666666666667,294.11484263273076,292.5249,586.4366,439.4807,0.0167,0.8517,0.7939,1229,41.23666666666667
294.1142143159249,292.5247,586.4365,439.4806,0.0167,0.8569,0.7865,1230,41.27166666666667,294.1409809632321,292.4874,586.4365,439.462,0.0,0.8867,0.7865,1230,41.27166666666667,295.08724693596474,291.9422,586.8216,439.3819,0.0333,0.7498,0.9598,1230,41.27166666666667,295.0981497428446,291.9186,586.8216,439.3701,0.0,0.8217,0.9598,1230,41.27166666666667,294.1142143159249,292.5247,586.4365,439.4806,0.0167,0.8569,0.7865,1230,41.27166666666667
294.2302822467816,292.6636,586.7109,439.6873,0.0333,0.6723,0.7359,1231,41.305,294.15130679776473,292.7245,586.7109,439.7177,0.0,0.8906,0.7359,1231,41.305,295.0242067432291,292.273,587.1302,439.7016,0.0083,0.813,0.8461,1231,41.305,295.0969866444737,292.1943,587.1302,439.6623,0.0,0.8744,0.8461,1231,41.305,294.2302822467816,292.6636,586.7109,439.6873,0.0333,0.6723,0.7359,1231,41.305
294.11165972067226,292.8164,586.7874,439.8019,0.05,0.7535,0.8,1232,41.336666666666666,293.98898591270677,292.881,586.7106,439.7958,0.0,0.8447,0.7449,1232,41.336666666666666,295.0774130363235,292.2837,587.2221,439.7529,0.0417,0.7668,0.9232,1232,41.336666666666666,294.9914225318663,292.309,587.1395,439.7243,0.0,0.8182,0.87,1232,41.336666666666666,294.11165972067226,292.8164,586.7874,439.8019,0.05,0.7535,0.8,1232,41.336666666666666
294.23140662602316,292.7062,586.7826,439.7444,0.0583,0.727,0.8181,1233,41.37166666666667,294.0556452383449,292.8151,586.7058,439.7605,0.0,0.8246,0.746,1233,41.37166666666667,295.10852888107127,292.2058,587.1261,439.6659,0.025,0.9159,0.9003,1233,41.37166666666667,295.0658232038418,292.2329,587.1261,439.6795,0.0,0.8016,0.9003,1233,41.37166666666667,294.23140662602316,292.7062,586.7826,439.7444,0.0583,0.727,0.8181,1233,41.37166666666667
294.14813634309667,292.5321,586.4783,439.5052,0.0167,0.8233,0.7362,1234,41.405,294.17294945851506,292.4963,586.4783,439.4873,0.0,0.8499,0.7362,1234,41.405,295.06885946203033,292.0313,586.9518,439.4916,0.0333,0.7845,0.9892,1234,41.405,295.04700493065155,292.0043,586.8693,439.4368,0.0,0.898,0.8268,1234,41.405,294.14813634309667,292.5321,586.4783,439.5052,0.0167,0.8233,0.7362,1234,41.405
294.08060960166506,292.532,586.3802,439.4561,0.0417,0.7549,0.946,1235,41.43833333333333,294.0536540417541,292.5674,586.3802,439.4738,0.0,0.7872,0.946,1235,41.43833333333333,295.0667490275349,291.9355,586.7522,439.3439,0.05,0.6883,0.8856,1235,41.43833333333333,294.9606183916387,292.0472,586.7729,439.41,0.0,0.7669,0.9615,1235,41.43833333333333,294.08060960166506,292.532,586.3802,439.4561,0.0417,0.7549,0.946,1235,41.43833333333333
294.0421660859122,292.5753,586.3796,439.4774,0.05,0.7234,0.9406,1236,41.47166666666667,294.0534570093465,292.5665,586.3796,439.473,0.0,0.7849,0.9406,1236,41.47166666666667,295.06785552534564,291.9355,586.7536,439.3445,0.05,0.6841,0.8873,1236,41.47166666666667,294.9614065081281,292.0474,586.7741,439.4107,0.0,0.7675,0.9635,1236,41.47166666666667,294.0421660859122,292.5753,586.3796,439.4774,0.05,0.7234,0.9406,1236,41.47166666666667
294.04173315943524,292.5773,586.3807,439.479,0.05,0.7241,0.9489,1237,41.510000000000005,294.05322644410273,292.5684,586.3807,439.4746,0.0,0.7838,0.9489,1237,41.510000000000005,295.09853274951695,291.9073,586.7526,439.33,0.05,0.5733,0.8861,1237,41.510000000000005,294.9897953337163,292.0213,586.7731,439.3972,0.0,0.7472,0.9625,1237,41.510000000000005,294.04173315943524,292.5773,586.3807,439.479,0.05,0.7241,0.9489,1237,41.510000000000005
294.1622870995098,292.4411,586.3689,439.405,0.0417,0.7487,0.9446,1238,41.53666666666667,294.0347325721939,292.5739,586.3689,439.4714,0.0,0.8023,0.9446,1238,41.53666666666667,295.0961464978843,291.905,586.751,439.328,0.05,0.5735,0.9392,1238,41.53666666666667,294.9892043041423,292.0178,586.7721,439.395,0.0,0.7235,0.9648,1238,41.53666666666667,294.1622870995098,292.4411,586.3689,439.405,0.0417,0.7487,0.9446,1238,41.53666666666667
294.15686001806813,292.4322,586.3554,439.3938,0.0417,0.7729,0.941,1239,41.57,294.0291765351283,292.5654,586.3554,439.4604,0.0,0.786,0.941,1239,41.57,294.979547374149,291.9489,586.6609,439.3049,0.0333,0.8298,0.9209,1239,41.57,294.97478470110536,292.0104,586.7561,439.3832,0.0,0.7357,1.0138,1239,41.57,294.15686001806813,292.4322,586.3554,439.3938,0.0417,0.7729,0.941,1239,41.57
294.1089239248846,292.4747,586.3557,439.4152,0.0333,0.7365,0.9393,1240,41.60333333333334,294.0289254226602,292.5656,586.3557,439.4606,0.0,0.7867,0.9393,1240,41.60333333333334,295.0367895995621,291.8955,586.6603,439.2779,0.0417,0.7566,0.9215,1240,41.60333333333334,294.9734043947697,292.0109,586.7555,439.3832,0.0,0.7356,1.0157,1240,41.60333333333334,294.1089239248846,292.4747,586.3557,439.4152,0.0333,0.7365,0.9393,1240,41.60333333333334
294.11594615755547,292.4651,586.3547,439.4099,0.0333,0.7335,0.9402,1241,41.63666666666667,294.0356892209469,292.5565,586.3547,439.4556,0.0,0.7614,0.9402,1241,41.63666666666667,294.97467446589496,291.9857,586.758,439.3719,0.0167,0.7575,1.0354,1241,41.63666666666667,294.9878114681147,291.9951,586.758,439.3766,0.0,0.7583,1.0354,1241,41.63666666666667,294.11594615755547,292.4651,586.3547,439.4099,0.0333,0.7335,0.9402,1241,41.63666666666667
294.2075726158753,292.4217,586.4145,439.4181,0.05,0.7661,0.7768,1242,41.67166666666667,294.0396850073659,292.5559,586.3564,439.4562,0.0,0.743,0.9057,1242,41.67166666666667,294.99239287112175,291.983,586.743,439.363,0.0333,0.7659,0.8754,1242,41.67166666666667,294.9990487988763,291.9926,586.7635,439.3781,0.0,0.7632,0.9177,1242,41.67166666666667,294.2075726158753,292.4217,586.4145,439.4181,0.05,0.7661,0.7768,1242,41.67166666666667
294.1649958971998,292.4134,586.349,439.3812,0.0417,0.7626,0.9374,1243,41.70333333333333,294.0358317980552,292.548,586.349,439.4485,0.0,0.7228,0.9374,1243,41.70333333333333,295.0387712134267,291.9392,586.7391,439.3391,0.0417,0.7783,0.8813,1243,41.70333333333333,294.9861110144368,292.0021,586.7586,439.3804,0.0,0.7325,0.9328,1243,41.70333333333333,294.1649958971998,292.4134,586.349,439.3812,0.0417,0.7626,0.9374,1243,41.70333333333333
294.16319579812875,292.4136,586.3474,439.3805,0.0417,0.7768,0.9369,1244,41.73666666666667,294.0340749284977,292.5483,586.3474,439.4479,0.0,0.7239,0.9369,1244,41.73666666666667,295.0305781939064,291.9392,586.7277,439.3335,0.0417,0.7783,0.8988,1244,41.73666666666667,294.9782832888394,292.0021,586.7479,439.375,0.0,0.7325,0.9468,1244,41.73666666666667,294.16319579812875,292.4136,586.3474,439.3805,0.0417,0.7768,0.9369,1244,41.73666666666667
294.141589886232,292.5284,586.4458,439.4871,0.0583,0.6511,0.8504,1245,41.77166666666667,294.1151638782384,292.5514,586.4458,439.4986,0.0,0.7219,0.8504,1245,41.77166666666667,295.15913021689215,291.9488,586.8872,439.418,0.05,0.7193,0.9835,1245,41.77166666666667,295.06647424431605,292.0512,586.8872,439.4692,0.0,0.8756,0.9835,1245,41.77166666666667,294.141589886232,292.5284,586.4458,439.4871,0.0583,0.6511,0.8504,1245,41.77166666666667
294.1394570395774,292.528,586.4438,439.4859,0.0583,0.6501,0.8504,1246,41.805,294.1127469842702,292.5513,586.4438,439.4976,0.0,0.7254,0.8504,1246,41.805,295.1585966691117,291.9475,586.8858,439.4166,0.05,0.7229,0.985,1246,41.805,295.06587157013905,292.05,586.8858,439.4679,0.0,0.8752,0.985,1246,41.805,294.1394570395774,292.528,586.4438,439.4859,0.0583,0.6501,0.8504,1246,41.805
294.2479127542448,292.6913,586.7603,439.7258,0.0333,0.7917,0.7537,1247,41.83833333333334,294.16681338836315,292.7839,586.7603,439.7721,0.0,0.8021,0.7537,1247,41.83833333333334,295.114881009151,292.2268,587.1663,439.6966,0.025,0.8655,0.7979,1247,41.83833333333334,295.0739389125837,292.2854,587.1663,439.7259,0.0,0.9819,0.7979,1247,41.83833333333334,294.2479127542448,292.6913,586.7603,439.7258,0.0333,0.7917,0.7537,1247,41.83833333333334
294.06099319466443,292.948,586.8351,439.8916,0.025,0.8253,0.7388,1248,41.87166666666667,294.03392656224867,292.9627,586.8351,439.8989,0.0,0.8646,0.7388,1248,41.87166666666667,294.9738989049115,292.4429,587.2405,439.8417,0.0167,0.808,0.7842,1248,41.87166666666667,294.98553244809057,292.4212,587.2405,439.8309,0.0,0.7466,0.7842,1248,41.87166666666667,294.06099319466443,292.948,586.8351,439.8916,0.025,0.8253,0.7388,1248,41.87166666666667
294.10979932257595,292.7837,586.6924,439.7381,0.0167,0.874,0.813,1249,41.903333333333336,294.1412739823255,292.7419,586.6924,439.7172,0.0,0.8835,0.813,1249,41.903333333333336,295.0607007278377,292.2444,587.1103,439.6774,0.0167,0.8503,0.7857,1249,41.903333333333336,295.0738009540362,292.2211,587.1103,439.6657,0.0,0.8574,0.7857,1249,41.903333333333336,294.10979932257595,292.7837,586.6924,439.7381,0.0167,0.874,0.813,1249,41.903333333333336
294.32277692179156,292.4264,586.5263,439.4764,0.0583,0.6782,0.7507,1250,41.93666666666667,294.2011525733858,292.5418,586.533,439.5374,0.0,0.7384,0.7148,1250,41.93666666666667,294.9967320807475,292.179,586.989,439.584,0.0167,0.7703,0.7683,1250,41.93666666666667,295.0416751059822,292.1025,586.9438,439.5231,0.0,0.8374,0.7378,1250,41.93666666666667,294.32277692179156,292.4264,586.5263,439.4764,0.0583,0.6782,0.7507,1250,41.93666666666667
294.34642885334824,292.4111,586.5461,439.4786,0.0417,0.6911,0.7909,1251,41.97166666666667,294.2359877963936,292.4785,586.5072,439.4928,0.0,0.785,0.7639,1251,41.97166666666667,295.01649446235274,292.1305,586.9628,439.5466,0.0167,0.8918,0.7704,1251,41.97166666666667,295.06332291976855,292.0549,586.9183,439.4866,0.0,0.8882,0.7533,1251,41.97166666666667,294.34642885334824,292.4111,586.5461,439.4786,0.0417,0.6911,0.7909,1251,41.97166666666667
294.2060666639627,292.5031,586.4851,439.4941,0.0333,0.7136,0.7701,1252,42.010000000000005,294.1269575129012,292.5611,586.4851,439.5231,0.0,0.8053,0.7701,1252,42.010000000000005,294.9933642807914,292.127,586.9334,439.5302,0.0167,0.9402,0.71,1252,42.010000000000005,295.04023625509143,292.0514,586.8899,439.4707,0.0,0.9038,0.721,1252,42.010000000000005,294.2060666639627,292.5031,586.4851,439.4941,0.0333,0.7136,0.7701,1252,42.010000000000005
294.2074081858053,292.5028,586.4861,439.4945,0.0333,0.7141,0.7722,1253,42.03666666666667,294.13087133440087,292.558,586.4861,439.5221,0.0,0.8054,0.7722,1253,42.03666666666667,294.95235124027533,292.1255,586.8955,439.5105,0.025,0.9435,0.7583,1253,42.03666666666667,295.04149712615276,292.0481,586.8884,439.4683,0.0,0.9043,0.6751,1253,42.03666666666667,294.2074081858053,292.5028,586.4861,439.4945,0.0333,0.7141,0.7722,1253,42.03666666666667
294.16515073007395,292.5368,586.4847,439.5108,0.025,0.7243,0.769,1254,42.07666666666667,294.1377923025025,292.5483,586.4847,439.5165,0.0,0.8516,0.769,1254,42.07666666666667,294.96132479343464,292.1128,586.8933,439.503,0.025,0.9314,0.7581,1254,42.07666666666667,295.0499200612179,292.0356,586.8864,439.461,0.0,0.9273,0.6724,1254,42.07666666666667,294.16515073007395,292.5368,586.4847,439.5108,0.025,0.7243,0.769,1254,42.07666666666667
294.05474713101813,292.6169,586.4882,439.5526,0.0167,0.7574,0.8222,1255,42.11,294.15160071536286,292.5213,586.4882,439.5048,0.0,0.8404,0.8222,1255,42.11,294.88616059502135,292.1575,586.8035,439.4805,0.025,0.6616,0.9599,1255,42.11,295.0515361513238,292.0254,586.8876,439.4565,0.0,0.7046,0.8852,1255,42.11,294.05474713101813,292.6169,586.4882,439.5526,0.0167,0.7574,0.8222,1255,42.11
294.0777160689761,292.6015,586.4913,439.5464,0.0083,0.8633,0.8293,1256,42.13666666666667,294.1611954695327,292.5141,586.4913,439.5027,0.0,0.8826,0.8293,1256,42.13666666666667,294.9413718230361,292.1034,586.8009,439.4521,0.0167,0.635,0.9437,1256,42.13666666666667,295.0488081211589,292.0266,586.8858,439.4562,0.0,0.6359,0.8795,1256,42.13666666666667,294.0777160689761,292.6015,586.4913,439.5464,0.0083,0.8633,0.8293,1256,42.13666666666667
294.23922779036263,292.4678,586.4906,439.4792,0.0667,0.6475,0.8257,1257,42.17666666666667,294.255641764712,292.4224,586.4906,439.4565,0.0,0.7736,0.8257,1257,42.17666666666667,294.8524277044297,292.1741,586.8003,439.4872,0.0417,0.71,0.9439,1257,42.17666666666667,295.0528532824258,292.0222,586.8853,439.4537,0.0,0.6351,0.8794,1257,42.17666666666667,294.23922779036263,292.4678,586.4906,439.4792,0.0667,0.6475,0.8257,1257,42.17666666666667
294.18172733203755,292.5214,586.4906,439.506,0.0583,0.6794,0.8244,1258,42.21,294.2552823791125,292.4231,586.4906,439.4569,0.0,0.7828,0.8244,1258,42.21,294.8505611147293,292.1735,586.7984,439.4859,0.0417,0.7105,0.9445,1258,42.21,295.05093406716935,292.0216,586.8832,439.4524,0.0,0.6351,0.8798,1258,42.21,294.18172733203755,292.5214,586.4906,439.506,0.0583,0.6794,0.8244,1258,42.21
294.2239179447688,292.4712,586.489,439.4801,0.05,0.6724,0.8311,1259,42.23833333333334,294.2552748978401,292.4211,586.489,439.4551,0.0,0.7869,0.8311,1259,42.23833333333334,294.8467983193161,292.1731,586.7957,439.4844,0.0417,0.7114,0.9422,1259,42.23833333333334,295.04769459490683,292.0208,586.88,439.4504,0.0,0.6349,0.8802,1259,42.23833333333334,294.2239179447688,292.4712,586.489,439.4801,0.05,0.6724,0.8311,1259,42.23833333333334
294.28339367992726,292.4186,586.4914,439.455,0.0583,0.7219,0.8176,1260,42.28,294.25719973412066,292.4216,586.4914,439.4565,0.0,0.7847,0.8176,1260,42.28,294.8526002739459,292.1726,586.7989,439.4858,0.0417,0.7122,0.9277,1260,42.28,295.0529739973118,292.0207,586.8839,439.4523,0.0,0.6313,0.871,1260,42.28,294.28339367992726,292.4186,586.4914,439.455,0.0583,0.7219,0.8176,1260,42.28
294.227871171057,292.4693,586.4914,439.4803,0.05,0.6972,0.818,1261,42.31,294.25944145259945,292.4192,586.4914,439.4553,0.0,0.794,0.818,1261,42.31,294.85521549557524,292.1726,586.8009,439.4868,0.0417,0.712,0.9225,1261,42.31,295.05558701970205,292.0208,586.886,439.4534,0.0,0.6294,0.8727,1261,42.31,294.227871171057,292.4693,586.4914,439.4803,0.05,0.6972,0.818,1261,42.31
294.28032775430086,292.4151,586.4915,439.4533,0.0417,0.6876,0.818,1262,42.336666666666666,294.2586393415207,292.4204,586.4915,439.4559,0.0,0.7994,0.818,1262,42.336666666666666,294.8555814547143,292.1722,586.8009,439.4866,0.0417,0.7121,0.9225,1262,42.336666666666666,295.0559282597519,292.0205,586.886,439.4532,0.0,0.6295,0.8727,1262,42.336666666666666,294.28032775430086,292.4151,586.4915,439.4533,0.0417,0.6876,0.818,1262,42.336666666666666
294.1921743719083,292.7207,586.7425,439.7316,0.0167,0.8805,0.7865,1263,42.38166666666667,294.2221487750845,292.6834,586.7425,439.7129,0.0,0.9273,0.7865,1263,42.38166666666667,295.14137625320996,292.1731,587.1355,439.6543,0.0333,0.7351,0.9595,1263,42.38166666666667,295.1532579000095,292.1485,587.1355,439.642,0.0,0.7216,0.9595,1263,42.38166666666667,294.1921743719083,292.7207,586.7425,439.7316,0.0167,0.8805,0.7865,1263,42.38166666666667
294.0396909654551,292.8784,586.7499,439.8141,0.0083,1.011,0.7961,1264,42.41000000000001,294.11801682643835,292.7964,586.7499,439.7731,0.0,0.9733,0.7961,1264,42.41000000000001,295.12336969193206,292.1902,587.1379,439.6641,0.025,0.8862,0.9163,1264,42.41000000000001,295.07314518485487,292.2255,587.1379,439.6817,0.0,0.8613,0.9163,1264,42.41000000000001,294.0396909654551,292.8784,586.7499,439.8141,0.0083,1.011,0.7961,1264,42.41000000000001
294.3860288221854,292.6244,586.8099,439.7171,0.0333,0.8169,0.6573,1265,42.43833333333333,294.3068530518345,292.6831,586.8099,439.7465,0.0,0.7911,0.6573,1265,42.43833333333333,295.2772703243359,292.1946,587.2981,439.7464,0.0583,0.6684,0.8619,1265,42.43833333333333,295.13674121405097,292.2665,587.2094,439.7379,0.0,0.7215,0.7803,1265,42.43833333333333,294.3860288221854,292.6244,586.8099,439.7171,0.0333,0.8169,0.6573,1265,42.43833333333333
294.16935242355396,292.5811,586.4897,439.5354,0.0333,0.8205,0.7332,1266,42.485,294.1736148242186,292.5905,586.5627,439.5766,0.0,0.7913,0.7338,1266,42.485,294.9930038373425,292.1338,586.8352,439.4845,0.0583,0.7178,0.6691,1266,42.485,295.0335132585763,292.1552,586.9752,439.5652,0.0,0.8393,0.7083,1266,42.485,294.16935242355396,292.5811,586.4897,439.5354,0.0333,0.8205,0.7332,1266,42.485
294.16744814680635,292.5753,586.4838,439.5295,0.025,0.7577,0.6953,1267,42.510000000000005,294.2264995575388,292.5349,586.5566,439.5457,0.0,0.8238,0.7312,1267,42.510000000000005,295.05920493228984,292.0544,586.8202,439.4373,0.0417,0.7296,0.6605,1267,42.510000000000005,295.1002961841687,292.078,586.959,439.5185,0.0,0.7329,0.6877,1267,42.510000000000005,294.16744814680635,292.5753,586.4838,439.5295,0.025,0.7577,0.6953,1267,42.510000000000005
294.2696002394242,292.4961,586.5458,439.521,0.0417,0.7871,0.7738,1268,42.54333333333334,294.2436777240185,292.498,586.5458,439.5219,0.0,0.7901,0.7738,1268,42.54333333333334,295.0140987308967,292.0593,586.8034,439.4313,0.05,0.7467,0.6872,1268,42.54333333333334,295.10439971128073,292.0357,586.9377,439.4867,0.0,0.8402,0.7282,1268,42.54333333333334,294.2696002394242,292.4961,586.5458,439.521,0.0417,0.7871,0.7738,1268,42.54333333333334
294.28118962752376,292.4727,586.5436,439.5082,0.025,0.7366,0.7598,1269,42.583333333333336,294.25739830327893,292.4797,586.5436,439.5117,0.0,0.8234,0.7598,1269,42.583333333333336,295.02904678436835,292.0415,586.8027,439.4221,0.05,0.7488,0.6939,1269,42.583333333333336,295.11780108882226,292.0194,586.9365,439.478,0.0,0.8539,0.7364,1269,42.583333333333336,294.28118962752376,292.4727,586.5436,439.5082,0.025,0.7366,0.7598,1269,42.583333333333336
294.27599236772676,292.4713,586.5341,439.5027,0.025,0.7462,0.8055,1270,42.61,294.25198959152027,292.4786,586.5341,439.5063,0.0,0.834,0.8055,1270,42.61,295.02096693333317,292.04,586.7887,439.4143,0.05,0.7593,0.6831,1270,42.61,295.1101388028215,292.0182,586.925,439.4716,0.0,0.8551,0.7618,1270,42.61,294.27599236772676,292.4713,586.5341,439.5027,0.025,0.7462,0.8055,1270,42.61
294.2699402635894,292.459,586.5175,439.4883,0.025,0.7564,0.7373,1271,42.63666666666667,294.2513899711179,292.4612,586.5175,439.4894,0.0,0.8503,0.7373,1271,42.63666666666667,294.95537174554875,292.0817,586.7743,439.428,0.025,0.8427,0.7334,1271,42.63666666666667,295.11120794419685,292.0008,586.9113,439.456,0.0,0.9453,0.8169,1271,42.63666666666667,294.2699402635894,292.459,586.5175,439.4883,0.025,0.7564,0.7373,1271,42.63666666666667
294.3405531542563,292.3946,586.5212,439.4579,0.0333,0.7478,0.738,1272,42.67166666666667,294.2683497003918,292.4457,586.5212,439.4834,0.0,0.8206,0.738,1272,42.67166666666667,294.99039443362943,292.1223,586.9142,439.5182,0.0083,0.8429,0.8235,1272,42.67166666666667,295.06584372077145,292.0407,586.9142,439.4774,0.0,0.8623,0.8235,1272,42.67166666666667,294.3405531542563,292.3946,586.5212,439.4579,0.0333,0.7478,0.738,1272,42.67166666666667
294.276558732976,292.4397,586.5081,439.4739,0.025,0.7686,0.7169,1273,42.70333333333333,294.25663811882896,292.4441,586.5081,439.4761,0.0,0.8327,0.7169,1273,42.70333333333333,294.9802322887041,292.1195,586.9009,439.5102,0.0083,0.8234,0.8535,1273,42.70333333333333,295.05567307059744,292.0379,586.9009,439.4694,0.0,0.8629,0.8535,1273,42.70333333333333,294.276558732976,292.4397,586.5081,439.4739,0.025,0.7686,0.7169,1273,42.70333333333333
294.3335228115485,292.3861,586.5072,439.4467,0.0333,0.7596,0.7037,1274,42.73666666666667,294.26199882275296,292.4366,586.5072,439.4719,0.0,0.8513,0.7037,1274,42.73666666666667,294.98455195153673,292.1129,586.8999,439.5064,0.0083,0.7861,0.8534,1274,42.73666666666667,295.0598365030269,292.0314,586.8999,439.4657,0.0,0.8597,0.8534,1274,42.73666666666667,294.3335228115485,292.3861,586.5072,439.4467,0.0333,0.7596,0.7037,1274,42.73666666666667
294.0967323792205,292.5353,586.4193,439.4773,0.05,0.6564,0.8138,1275,42.77166666666667,294.1228078433795,292.4798,586.4193,439.4496,0.0,0.7342,0.8138,1275,42.77166666666667,295.1017349903427,291.9549,586.8584,439.4067,0.0333,0.7316,0.8681,1275,42.77166666666667,295.1151581178313,291.9321,586.8584,439.3953,0.0,0.7568,0.8681,1275,42.77166666666667,294.0967323792205,292.5353,586.4193,439.4773,0.05,0.6564,0.8138,1275,42.77166666666667
294.19267733184097,292.4299,586.4183,439.4241,0.0333,0.6967,0.8108,1276,42.803333333333335,294.12236611678316,292.4792,586.4183,439.4487,0.0,0.7349,0.8108,1276,42.803333333333335,295.1005985017122,291.9535,586.8563,439.4049,0.0333,0.732,0.8682,1276,42.803333333333335,295.1139229094629,291.9308,586.8563,439.3936,0.0,0.7643,0.8682,1276,42.803333333333335,294.19267733184097,292.4299,586.4183,439.4241,0.0333,0.6967,0.8108,1276,42.803333333333335
294.18942990070855,292.4274,586.4145,439.421,0.0333,0.6988,0.7895,1277,42.836666666666666,294.1201539511303,292.4758,586.4145,439.4452,0.0,0.743,0.7895,1277,42.836666666666666,295.1456781083562,291.9051,586.8508,439.378,0.025,0.7358,0.8766,1277,42.836666666666666,295.10476204863556,291.9351,586.8508,439.393,0.0,0.7506,0.8766,1277,42.836666666666666,294.18942990070855,292.4274,586.4145,439.421,0.0333,0.6988,0.7895,1277,42.836666666666666
294.18719978205127,292.4274,586.4123,439.4198,0.0333,0.6988,0.7948,1278,42.87166666666667,294.11789072448175,292.4758,586.4123,439.444,0.0,0.7402,0.7948,1278,42.87166666666667,295.14412472000436,291.9051,586.8496,439.3774,0.025,0.7347,0.8758,1278,42.87166666666667,295.10421186911736,291.9343,586.8496,439.3919,0.0,0.7444,0.8758,1278,42.87166666666667,294.18719978205127,292.4274,586.4123,439.4198,0.0333,0.6988,0.7948,1278,42.87166666666667
294.34599370687533,292.6287,586.8325,439.7306,0.0667,0.6594,0.7171,1279,42.905,294.22602343455543,292.6814,586.7534,439.7174,0.0,0.7277,0.758,1279,42.905,295.06738737483454,292.3204,587.2281,439.7742,0.025,0.6829,0.8359,1279,42.905,295.2135108243466,292.1798,587.2281,439.7039,0.0,0.7751,0.8359,1279,42.905,294.34599370687533,292.6287,586.8325,439.7306,0.0667,0.6594,0.7171,1279,42.905
294.241780002421,292.7146,586.828,439.7713,0.0417,0.6984,0.7206,1280,42.93833333333333,294.1691805942545,292.7325,586.7485,439.7405,0.0,0.8325,0.7861,1280,42.93833333333333,295.1273270884766,292.2415,587.1994,439.7204,0.0167,0.8078,0.8433,1280,42.93833333333333,295.1404128611189,292.2189,587.1994,439.7091,0.0,0.8135,0.8433,1280,42.93833333333333,294.241780002421,292.7146,586.828,439.7713,0.0417,0.6984,0.7206,1280,42.93833333333333
294.18058671818847,292.7165,586.7398,439.7282,0.0333,0.7305,0.6974,1281,42.97166666666667,294.12761898013173,292.7359,586.6982,439.717,0.0,0.8399,0.7021,1281,42.97166666666667,295.03850495483573,292.2595,587.0604,439.66,0.0417,0.8259,0.8117,1281,42.97166666666667,295.0974099553396,292.2261,587.1483,439.6872,0.0,0.8229,0.8135,1281,42.97166666666667,294.18058671818847,292.7165,586.7398,439.7282,0.0333,0.7305,0.6974,1281,42.97166666666667
294.28902623057024,292.606,586.7105,439.6583,0.0417,0.7017,0.7063,1282,43.010000000000005,294.18720702978624,292.6653,586.6701,439.6677,0.0,0.7739,0.7063,1282,43.010000000000005,295.163602198682,292.1346,587.0933,439.614,0.0417,0.6831,0.9342,1282,43.010000000000005,295.1244135952281,292.1571,587.0933,439.6252,0.0,0.7646,0.9342,1282,43.010000000000005,294.28902623057024,292.606,586.7105,439.6583,0.0417,0.7017,0.7063,1282,43.010000000000005
294.2192231030251,292.6542,586.6997,439.6769,0.0583,0.6888,0.7738,1283,43.03666666666667,294.1476138695665,292.6586,586.6163,439.6374,0.0,0.7501,0.7254,1283,43.03666666666667,295.11905595591884,292.1291,587.0355,439.5823,0.0417,0.6822,0.9461,1283,43.03666666666667,295.07742393831677,292.1532,587.0355,439.5943,0.0,0.721,0.9461,1283,43.03666666666667,294.2192231030251,292.6542,586.6997,439.6769,0.0583,0.6888,0.7738,1283,43.03666666666667
294.183334520129,292.5955,586.5616,439.5786,0.05,0.655,0.5798,1284,43.07166666666667,294.2012587634519,292.5573,586.5616,439.5595,0.0,0.6886,0.5798,1284,43.07166666666667,295.05594227730785,292.1197,586.9121,439.5159,0.05,0.7154,0.8926,1284,43.07166666666667,295.0517501848482,292.1433,586.9992,439.5712,0.0,0.7766,0.9275,1284,43.07166666666667,294.183334520129,292.5955,586.5616,439.5786,0.05,0.655,0.5798,1284,43.07166666666667
294.1889345585125,292.5211,586.4931,439.5071,0.0417,0.7433,0.7639,1285,43.105000000000004,294.0620393936257,292.6531,586.4931,439.5731,0.0,0.7413,0.7639,1285,43.105000000000004,294.8887095799373,292.1687,586.8661,439.5174,0.0333,0.7817,0.9149,1285,43.105000000000004,295.0268410200631,292.1189,586.9127,439.5158,0.0,0.8602,0.9421,1285,43.105000000000004,294.1889345585125,292.5211,586.4931,439.5071,0.0417,0.7433,0.7639,1285,43.105000000000004
294.13698089802125,292.5684,586.4888,439.5286,0.05,0.6911,0.7617,1286,43.13666666666667,294.0602761240896,292.6483,586.4888,439.5685,0.0,0.7266,0.7617,1286,43.13666666666667,294.870404942178,292.1804,586.8663,439.5233,0.0417,0.7864,0.8959,1286,43.13666666666667,295.0222710538809,292.1251,586.913,439.519,0.0,0.8104,0.9263,1286,43.13666666666667,294.13698089802125,292.5684,586.4888,439.5286,0.05,0.6911,0.7617,1286,43.13666666666667
294.18455284874267,292.5217,586.4897,439.5057,0.0417,0.7357,0.7698,1287,43.17,294.05540616357933,292.6562,586.4897,439.5729,0.0,0.7404,0.7698,1287,43.17,294.8848177501709,292.1793,586.8768,439.528,0.0417,0.7875,0.9333,1287,43.17,295.0362159273586,292.1241,586.9231,439.5236,0.0,0.8094,0.9416,1287,43.17,294.18455284874267,292.5217,586.4897,439.5057,0.0417,0.7357,0.7698,1287,43.17
294.13226886647897,292.5637,586.4796,439.5216,0.05,0.6788,0.7636,1288,43.205000000000005,294.05541269950197,292.6438,586.4796,439.5617,0.0,0.7202,0.7636,1288,43.205000000000005,294.88760562032905,292.1779,586.8758,439.5269,0.0417,0.7671,0.8428,1288,43.205000000000005,295.03951154878695,292.1227,586.9225,439.5226,0.0,0.7511,0.9085,1288,43.205000000000005,294.13226886647897,292.5637,586.4796,439.5216,0.05,0.6788,0.7636,1288,43.205000000000005
294.1235189349834,292.5743,586.4802,439.5272,0.05,0.7045,0.7683,1289,43.23833333333334,294.0471555506429,292.6537,586.4802,439.567,0.0,0.7347,0.7683,1289,43.23833333333334,294.8854992324972,292.1711,586.8645,439.5178,0.0333,0.7999,0.9049,1289,43.23833333333334,295.02086487408405,292.1243,586.9112,439.5177,0.0,0.7448,0.9244,1289,43.23833333333334,294.1235189349834,292.5743,586.4802,439.5272,0.05,0.7045,0.7683,1289,43.23833333333334
294.10934782583274,292.6104,586.519,439.5647,0.0667,0.6727,0.8343,1290,43.27166666666667,294.05168907679115,292.642,586.477,439.5595,0.0,0.6778,0.7708,1290,43.27166666666667,294.8819454961292,292.1631,586.8575,439.5103,0.0333,0.7682,0.8914,1290,43.27166666666667,295.0183986066926,292.1157,586.9044,439.5101,0.0,0.8125,0.9125,1290,43.27166666666667,294.10934782583274,292.6104,586.519,439.5647,0.0667,0.6727,0.8343,1290,43.27166666666667
294.10248099365003,292.6181,586.5171,439.5676,0.0667,0.7004,0.8269,1291,43.305,294.0457489891958,292.6487,586.4751,439.5619,0.0,0.7058,0.7615,1291,43.305,294.8798792508836,292.1638,586.8555,439.5097,0.0333,0.7677,0.9008,1291,43.305,295.0165779575795,292.1162,586.9024,439.5093,0.0,0.8044,0.9115,1291,43.305,294.10248099365003,292.6181,586.5171,439.5676,0.0667,0.7004,0.8269,1291,43.305
294.15317592804877,292.5592,586.5153,439.5373,0.0583,0.6842,0.8286,1292,43.33833333333334,294.05274853235164,292.6399,586.4734,439.5567,0.0,0.7112,0.754,1292,43.33833333333334,294.8835608251326,292.158,586.8534,439.5057,0.0333,0.8426,0.905,1292,43.33833333333334,295.02019775924595,292.1105,586.9004,439.5054,0.0,0.8677,0.9136,1292,43.33833333333334,294.15317592804877,292.5592,586.5153,439.5373,0.0583,0.6842,0.8286,1292,43.33833333333334
294.17457168964563,292.5651,586.5433,439.5542,0.0583,0.71,0.789,1293,43.37166666666667,294.0745978415674,292.6449,586.5012,439.5731,0.0,0.7344,0.7474,1293,43.37166666666667,294.9217711494741,292.1561,586.8904,439.5233,0.0333,0.859,0.9151,1293,43.37166666666667,295.05799923245274,292.1083,586.9368,439.5225,0.0,0.8759,0.9428,1293,43.37166666666667,294.17457168964563,292.5651,586.5433,439.5542,0.0583,0.71,0.789,1293,43.37166666666667
294.1915068378487,292.543,586.5429,439.543,0.0583,0.6537,0.7804,1294,43.405,294.08972113858385,292.6251,586.5012,439.5631,0.0,0.8066,0.7412,1294,43.405,294.9290484563583,292.1166,586.8733,439.4949,0.0417,0.7857,0.9168,1294,43.405,295.04727906294664,292.0933,586.9203,439.5068,0.0,0.8692,0.9548,1294,43.405,294.1915068378487,292.543,586.5429,439.543,0.0583,0.6537,0.7804,1294,43.405
294.28093868652365,292.6512,586.7288,439.69,0.0417,0.7431,0.7632,1295,43.443333333333335,294.2468377876979,292.662,586.7288,439.6954,0.0,0.7824,0.7632,1295,43.443333333333335,295.1609198965563,292.1929,587.1604,439.6767,0.025,0.7471,1.0152,1295,43.443333333333335,295.1179503701829,292.2209,587.1604,439.6907,0.0,0.8223,1.0152,1295,43.443333333333335,294.28093868652365,292.6512,586.7288,439.69,0.0417,0.7431,0.7632,1295,43.443333333333335
294.30178215994147,292.6482,586.7415,439.6949,0.0417,0.7406,0.7934,1296,43.47666666666667,294.26414027565545,292.6626,586.7415,439.702,0.0,0.7897,0.7934,1296,43.47666666666667,295.14736431322376,292.1906,587.1421,439.6664,0.025,0.7553,1.0187,1296,43.47666666666667,295.0983338906194,292.2244,587.1421,439.6833,0.0,0.822,1.0187,1296,43.47666666666667,294.30178215994147,292.6482,586.7415,439.6949,0.0417,0.7406,0.7934,1296,43.47666666666667
294.1522748095063,292.6296,586.5484,439.589,0.0583,0.6839,0.7905,1297,43.510000000000005,294.1287418297335,292.633,586.5381,439.5856,0.0,0.7629,0.8448,1297,43.510000000000005,294.9343448542772,292.2428,586.9572,439.6,0.0167,0.8466,0.8866,1297,43.510000000000005,294.9508946973367,292.216,586.9572,439.5866,0.0,0.8372,0.8866,1297,43.510000000000005,294.1522748095063,292.6296,586.5484,439.589,0.0583,0.6839,0.7905,1297,43.510000000000005
294.2849715923594,292.4474,586.4846,439.466,0.0583,0.7667,0.766,1298,43.54333333333334,294.25710692145606,292.4564,586.4773,439.4668,0.0,0.7611,0.8089,1298,43.54333333333334,295.1553639114002,291.9667,586.8808,439.4237,0.0333,0.7381,0.9759,1298,43.54333333333334,295.0586984629512,292.0428,586.8808,439.4618,0.0,0.7863,0.9759,1298,43.54333333333334,294.2849715923594,292.4474,586.4846,439.466,0.0583,0.7667,0.766,1298,43.54333333333334
294.34418945953155,292.3814,586.4807,439.431,0.05,0.7128,0.775,1299,43.57,294.2658702945351,292.4434,586.4736,439.4585,0.0,0.781,0.8437,1299,43.57,295.16478790825767,291.951,586.8741,439.4125,0.025,0.6829,0.959,1299,43.57,295.1220479721484,291.9782,586.8741,439.4261,0.0,0.7851,0.959,1299,43.57,294.34418945953155,292.3814,586.4807,439.431,0.05,0.7128,0.775,1299,43.57
294.34235422680973,292.3828,586.4808,439.4318,0.05,0.7289,0.781,1300,43.61,294.26482157094455,292.444,586.4736,439.4588,0.0,0.7873,0.8474,1300,43.61,295.06639522177693,292.0072,586.7768,439.392,0.0417,0.6901,0.8865,1300,43.61,295.11834753823666,291.9816,586.8736,439.4276,0.0,0.7793,0.9627,1300,43.61,294.34235422680973,292.3828,586.4808,439.4318,0.05,0.7289,0.781,1300,43.61
294.2585300160091,292.4718,586.4943,439.4831,0.05,0.7587,0.8078,1301,43.64333333333334,294.19200145050763,292.5228,586.4868,439.5048,0.0,0.774,0.7746,1301,43.64333333333334,295.12611150082625,291.9999,586.8888,439.4443,0.0333,0.6967,1.0542,1301,43.64333333333334,295.13906819791123,291.9743,586.8888,439.4316,0.0,0.7584,1.0542,1301,43.64333333333334,294.2585300160091,292.4718,586.4943,439.4831,0.05,0.7587,0.8078,1301,43.64333333333334
294.1897831878524,292.464,586.3741,439.419,0.0583,0.74,0.6522,1302,43.68333333333334,294.1532297706956,292.5153,586.4446,439.4799,0.0,0.7854,0.7591,1302,43.68333333333334,295.17745194361135,291.9341,586.8744,439.4042,0.025,0.7035,1.0441,1302,43.68333333333334,295.13555953074274,291.9607,586.8744,439.4175,0.0,0.8382,1.0441,1302,43.68333333333334,294.1897831878524,292.464,586.3741,439.419,0.0583,0.74,0.6522,1302,43.68333333333334
294.20960438760164,292.5023,586.5145,439.5084,0.0417,0.7201,0.8188,1303,43.71333333333334,294.1268717564967,292.5087,586.4155,439.4621,0.0,0.7858,0.7542,1303,43.71333333333334,295.1572295848079,291.9233,586.8489,439.3861,0.025,0.7521,1.1115,1303,43.71333333333334,295.1147027901759,291.9505,586.8489,439.3997,0.0,0.8752,1.1115,1303,43.71333333333334,294.20960438760164,292.5023,586.5145,439.5084,0.0417,0.7201,0.8188,1303,43.71333333333334
294.14117814269304,292.5034,586.419,439.4612,0.0417,0.7205,0.7671,1304,43.74333333333335,294.12090522572413,292.5098,586.4079,439.4589,0.0,0.7851,0.7541,1304,43.74333333333335,295.15117150603294,291.925,586.8422,439.3836,0.025,0.755,1.1035,1304,43.74333333333335,295.1087848351682,291.9521,586.8422,439.3971,0.0,0.8732,1.1035,1304,43.74333333333335,294.14117814269304,292.5034,586.419,439.4612,0.0417,0.7205,0.7671,1304,43.74333333333335
294.1824959222813,292.4573,586.4138,439.4356,0.0583,0.8007,0.7772,1305,43.77166666666667,294.1660410316154,292.4952,586.4081,439.4517,0.0,0.8183,0.7873,1305,43.77166666666667,295.1264284090857,291.8957,586.725,439.3104,0.05,0.7003,0.9969,1305,43.77166666666667,295.11968824869535,291.9571,586.8233,439.3902,0.0,0.7186,0.9684,1305,43.77166666666667,294.1824959222813,292.4573,586.4138,439.4356,0.0583,0.8007,0.7772,1305,43.77166666666667
294.1897395074935,292.454,586.4188,439.4364,0.0583,0.7565,0.8062,1306,43.815000000000005,294.17354101832086,292.4912,586.4124,439.4518,0.0,0.797,0.8035,1306,43.815000000000005,295.13134606198275,291.894,586.7287,439.3114,0.05,0.6852,1.0622,1306,43.815000000000005,295.12471615371544,291.9554,586.8274,439.3914,0.0,0.6866,0.9911,1306,43.815000000000005,294.1897395074935,292.454,586.4188,439.4364,0.0583,0.7565,0.8062,1306,43.815000000000005
294.19040477666215,292.4535,586.419,439.4363,0.0583,0.7358,0.7994,1307,43.843333333333334,294.1743143662482,292.4907,586.4128,439.4517,0.0,0.789,0.7904,1307,43.843333333333334,295.0108735727997,291.9863,586.7284,439.3574,0.0667,0.5976,1.0419,1307,43.843333333333334,295.12299231286454,291.9571,586.8272,439.3921,0.0,0.6505,0.9836,1307,43.843333333333334,294.19040477666215,292.4535,586.419,439.4363,0.0583,0.7358,0.7994,1307,43.843333333333334
294.19538992796055,292.4489,586.4196,439.4343,0.0417,0.7799,0.8016,1308,43.87166666666667,294.1725219013065,292.4936,586.4131,439.4533,0.0,0.7911,0.7982,1308,43.87166666666667,295.0102577315996,291.987,586.7284,439.3577,0.0667,0.5981,1.0486,1308,43.87166666666667,295.12286225634705,291.9573,586.8271,439.3922,0.0,0.6507,0.9904,1308,43.87166666666667,294.19538992796055,292.4489,586.4196,439.4343,0.0417,0.7799,0.8016,1308,43.87166666666667
294.18947321172067,292.4539,586.4181,439.436,0.0583,0.7474,0.7871,1309,43.915000000000006,294.17224147657623,292.4918,586.4113,439.4515,0.0,0.7934,0.8002,1309,43.915000000000006,295.09420854824384,291.9343,586.7264,439.3303,0.0583,0.6077,1.0412,1309,43.915000000000006,295.11915593522,291.9589,586.8249,439.3919,0.0,0.6459,0.9936,1309,43.915000000000006,294.18947321172067,292.4539,586.4181,439.436,0.0583,0.7474,0.7871,1309,43.915000000000006
294.1351786405317,292.5049,586.4193,439.4621,0.05,0.7793,0.7885,1310,43.943333333333335,294.1723244136118,292.4933,586.4125,439.4529,0.0,0.7997,0.8047,1310,43.943333333333335,295.00793889068257,291.9885,586.7274,439.3579,0.0667,0.6049,1.0241,1310,43.943333333333335,295.1203966199878,291.9588,586.8259,439.3923,0.0,0.6506,0.9978,1310,43.943333333333335,294.1351786405317,292.5049,586.4193,439.4621,0.05,0.7793,0.7885,1310,43.943333333333335
294.18725242027847,292.454,586.4165,439.4353,0.0583,0.7635,0.7898,1311,43.970000000000006,294.17040818109194,292.4917,586.4099,439.4508,0.0,0.8049,0.8104,1311,43.970000000000006,295.008344102739,291.988,586.728,439.358,0.0667,0.6052,1.03,1311,43.970000000000006,295.120277284656,291.9588,586.8263,439.3925,0.0,0.6505,0.9761,1311,43.970000000000006,294.18725242027847,292.454,586.4165,439.4353,0.0583,0.7635,0.7898,1311,43.970000000000006
294.1551930431575,292.8105,586.7211,439.7658,0.075,0.5425,0.7529,1312,44.01833333333334,294.1108554376821,292.8751,586.7876,439.8313,0.0,0.7074,0.793,1312,44.01833333333334,295.1187256512694,292.2529,587.1525,439.7027,0.05,0.7725,0.9909,1312,44.01833333333334,295.1262754072453,292.2975,587.234,439.7657,0.0,0.875,0.8779,1312,44.01833333333334,294.1551930431575,292.8105,586.7211,439.7658,0.075,0.5425,0.7529,1312,44.01833333333334
294.08167714546465,292.8013,586.6299,439.7156,0.0667,0.7067,0.678,1313,44.04333333333334,294.0861537516157,292.8725,586.7513,439.8119,0.0,0.7333,0.8483,1313,44.04333333333334,295.0659484606448,292.2542,587.0979,439.6761,0.05,0.7384,0.9084,1313,44.04333333333334,295.07476747385874,292.2984,587.1818,439.7401,0.0,0.8703,0.9511,1313,44.04333333333334,294.08167714546465,292.8013,586.6299,439.7156,0.0667,0.7067,0.678,1313,44.04333333333334
294.0699928798478,292.7085,586.5604,439.6344,0.025,0.8752,0.7654,1314,44.07166666666667,294.0508379473098,292.7424,586.5604,439.6514,0.0,0.736,0.7654,1314,44.07166666666667,295.06184347902985,292.0754,586.8802,439.4778,0.0583,0.6375,0.9255,1314,44.07166666666667,295.0163794671756,292.1686,586.969,439.5688,0.0,0.8148,0.8761,1314,44.07166666666667,294.0699928798478,292.7085,586.5604,439.6344,0.025,0.8752,0.7654,1314,44.07166666666667
294.0911078478629,292.6203,586.526,439.5731,0.025,0.8327,0.7505,1315,44.10666666666667,294.1045629497896,292.5728,586.4827,439.5278,0.0,0.9107,0.7758,1315,44.10666666666667,295.04931064329094,292.1147,586.9566,439.5356,0.0167,0.911,0.8895,1315,44.10666666666667,295.18605371112903,291.9748,586.9566,439.4657,0.0,0.805,0.8895,1315,44.10666666666667,294.0911078478629,292.6203,586.526,439.5731,0.025,0.8327,0.7505,1315,44.10666666666667
294.0848753180512,292.6212,586.5208,439.571,0.025,0.8312,0.7744,1316,44.13666666666667,294.09829552958104,292.5737,586.4775,439.5256,0.0,0.911,0.7982,1316,44.13666666666667,295.04277153049964,292.118,586.9522,439.5351,0.0167,0.9113,0.9061,1316,44.13666666666667,295.1795789835943,291.9781,586.9522,439.4651,0.0,0.8129,0.9061,1316,44.13666666666667,294.0848753180512,292.6212,586.5208,439.571,0.025,0.8312,0.7744,1316,44.13666666666667
294.0843139943963,292.6203,586.5193,439.5698,0.025,0.8354,0.8004,1317,44.17,294.09686265956805,292.5736,586.4759,439.5248,0.0,0.8988,0.7883,1317,44.17,295.04153177496175,292.1242,586.9559,439.5401,0.0167,0.8549,0.9611,1317,44.17,295.1783865380311,291.9842,586.9559,439.4701,0.0,0.8141,0.9611,1317,44.17,294.0843139943963,292.6203,586.5193,439.5698,0.025,0.8354,0.8004,1317,44.17
294.0875432028705,292.6212,586.5227,439.572,0.025,0.8332,0.7766,1318,44.20333333333333,294.10088040619064,292.5738,586.4793,439.5265,0.0,0.909,0.802,1318,44.20333333333333,295.04131670509594,292.1226,586.9535,439.538,0.0167,0.9046,0.9482,1318,44.20333333333333,295.1780894400395,291.9827,586.9535,439.4681,0.0,0.8056,0.9482,1318,44.20333333333333,294.0875432028705,292.6212,586.5227,439.572,0.025,0.8332,0.7766,1318,44.20333333333333
294.08908460005784,292.6181,586.5221,439.5701,0.025,0.8357,0.753,1319,44.23666666666667,294.10242858866224,292.5707,586.4787,439.5247,0.0,0.9108,0.7815,1319,44.23666666666667,295.06206865046005,292.0655,586.856,439.4608,0.0167,0.8681,0.9317,1319,44.23666666666667,295.17712429220944,291.9844,586.9537,439.4691,0.0,0.8159,0.8903,1319,44.23666666666667,294.08908460005784,292.6181,586.5221,439.5701,0.025,0.8357,0.753,1319,44.23666666666667
294.08937986909405,292.6179,586.522,439.57,0.025,0.8387,0.7488,1320,44.27166666666667,294.1027691044287,292.5705,586.4786,439.5245,0.0,0.907,0.7814,1320,44.27166666666667,295.0400465695318,292.1233,586.9524,439.5379,0.0167,0.9215,0.9068,1320,44.27166666666667,295.1793703679414,291.981,586.9524,439.4667,0.0,0.8083,0.9068,1320,44.27166666666667,294.08937986909405,292.6179,586.522,439.57,0.025,0.8387,0.7488,1320,44.27166666666667
294.0950033649215,292.6131,586.5226,439.5679,0.025,0.8863,0.7572,1321,44.303333333333335,294.1080919156837,292.5661,586.4793,439.5227,0.0,0.9112,0.7893,1321,44.303333333333335,295.1579409478906,292.0153,586.9532,439.4842,0.0333,0.8127,0.8787,1321,44.303333333333335,295.1860126512397,291.9746,586.9532,439.4639,0.0,0.795,0.8787,1321,44.303333333333335,294.0950033649215,292.6131,586.5226,439.5679,0.025,0.8863,0.7572,1321,44.303333333333335
294.1264995956592,292.5373,586.4584,439.4979,0.025,0.834,0.808,1322,44.33833333333334,294.1198376376876,292.4941,586.4011,439.4476,0.0,0.9214,0.8697,1322,44.33833333333334,295.0035871193293,292.0595,586.7595,439.4095,0.0333,0.8086,1.0108,1322,44.33833333333334,295.12772994441775,291.969,586.8686,439.4188,0.0,0.8265,0.9317,1322,44.33833333333334,294.1264995956592,292.5373,586.4584,439.4979,0.025,0.834,0.808,1322,44.33833333333334
294.12383344700834,292.533,586.4538,439.4934,0.025,0.8605,0.8007,1323,44.37166666666667,294.114953112284,292.4922,586.3966,439.4444,0.0,0.9213,0.8577,1323,44.37166666666667,295.00037715917387,292.0467,586.7485,439.3976,0.0167,0.8854,0.9399,1323,44.37166666666667,295.1146776826934,291.9673,586.8566,439.4119,0.0,0.8655,0.8985,1323,44.37166666666667,294.12383344700834,292.533,586.4538,439.4934,0.025,0.8605,0.8007,1323,44.37166666666667
294.1229984045277,292.5334,586.4536,439.4935,0.025,0.8578,0.8001,1324,44.405,294.11417525674017,292.4925,586.3963,439.4444,0.0,0.9218,0.8679,1324,44.405,295.00041562481636,292.0467,586.7485,439.3976,0.0167,0.886,0.9399,1324,44.405,295.1147162182074,291.9672,586.8566,439.4119,0.0,0.8662,0.8985,1324,44.405,294.1229984045277,292.5334,586.4536,439.4935,0.025,0.8578,0.8001,1324,44.405
294.2696802348246,292.3645,586.4238,439.3942,0.0583,0.7566,0.8106,1325,44.440000000000005,294.1448123299195,292.4588,586.3682,439.4135,0.0,0.8571,0.834,1325,44.440000000000005,294.97894937729586,291.9915,586.7711,439.3813,0.025,0.8217,0.8519,1325,44.440000000000005,295.0588165880317,291.9987,586.8186,439.4087,0.0,0.9406,0.8621,1325,44.440000000000005,294.2696802348246,292.3645,586.4238,439.3942,0.0583,0.7566,0.8106,1325,44.440000000000005
294.2695172182342,292.3604,586.4205,439.3905,0.0583,0.7376,0.7685,1326,44.47166666666667,294.1446664261915,292.4548,586.3649,439.4098,0.0,0.8508,0.826,1326,44.47166666666667,294.9449299359806,291.9723,586.707,439.3397,0.0583,0.8425,0.7891,1326,44.47166666666667,295.04167025462266,292.0054,586.809,439.4072,0.0,0.8659,0.8388,1326,44.47166666666667,294.2695172182342,292.3604,586.4205,439.3905,0.0583,0.7376,0.7685,1326,44.47166666666667
294.2703500171542,292.3581,586.4194,439.3888,0.0583,0.7417,0.7639,1327,44.510000000000005,294.1451039033493,292.4529,586.3638,439.4084,0.0,0.8561,0.8264,1327,44.510000000000005,294.9438965890918,291.9725,586.7064,439.3394,0.0583,0.8421,0.7893,1327,44.510000000000005,295.0406960285573,292.0056,586.8084,439.407,0.0,0.8659,0.8387,1327,44.510000000000005,294.2703500171542,292.3581,586.4194,439.3888,0.0583,0.7417,0.7639,1327,44.510000000000005
294.36668323360425,292.4792,586.7047,439.592,0.0583,0.7401,0.7632,1328,44.53666666666667,294.1903217527437,292.6142,586.6208,439.6175,0.0,0.8299,0.7848,1328,44.53666666666667,295.23516816111083,291.9309,587.0034,439.4672,0.0417,0.7841,0.8006,1328,44.53666666666667,295.20278429107,292.0451,587.0594,439.5522,0.0,0.7702,0.8118,1328,44.53666666666667,294.36668323360425,292.4792,586.7047,439.592,0.0583,0.7401,0.7632,1328,44.53666666666667
294.2275317044924,292.6654,586.7588,439.7121,0.075,0.652,0.7329,1329,44.57,294.0368636464017,292.8509,586.7129,439.7819,0.0,0.8483,0.7175,1329,44.57,294.94739597566536,292.3068,587.1035,439.7052,0.025,0.9324,0.9037,1329,44.57,295.0256180691104,292.3087,587.1522,439.7304,0.0,0.8936,0.949,1329,44.57,294.2275317044924,292.6654,586.7588,439.7121,0.075,0.652,0.7329,1329,44.57
294.20437075884263,292.6522,586.6995,439.6759,0.0667,0.6069,0.7075,1330,44.60333333333334,293.972647401209,292.8406,586.6169,439.7288,0.0,0.7143,0.6911,1330,44.60333333333334,294.8856386832343,292.2647,586.9834,439.6241,0.025,0.9349,0.879,1330,44.60333333333334,294.95714251130585,292.2765,587.0319,439.6542,0.0,0.8836,0.9634,1330,44.60333333333334,294.20437075884263,292.6522,586.6995,439.6759,0.0667,0.6069,0.7075,1330,44.60333333333334
294.26637592799744,292.5005,586.5499,439.5252,0.0667,0.553,0.6857,1331,44.638333333333335,294.1096150323674,292.6322,586.5058,439.569,0.0,0.6564,0.6794,1331,44.638333333333335,294.95813114113014,292.1366,586.897,439.5168,0.025,0.839,0.8294,1331,44.638333333333335,295.03550640975016,292.143,586.9425,439.5428,0.0,0.9044,0.8742,1331,44.638333333333335,294.26637592799744,292.5005,586.5499,439.5252,0.0667,0.553,0.6857,1331,44.638333333333335
294.2300637326847,292.5,586.5095,439.5047,0.075,0.5317,0.6915,1332,44.67166666666667,294.11049419461966,292.5892,586.4671,439.5281,0.0,0.6563,0.6706,1332,44.67166666666667,294.9890162660497,292.0668,586.8676,439.4672,0.0333,0.8675,0.7826,1332,44.67166666666667,295.04019777378414,292.1012,586.9085,439.5049,0.0,0.9606,0.7561,1332,44.67166666666667,294.2300637326847,292.5,586.5095,439.5047,0.075,0.5317,0.6915,1332,44.67166666666667
294.3077238904911,292.4,586.5044,439.4522,0.05,0.6116,0.713,1333,44.705000000000005,294.1471303849438,292.5427,586.4618,439.5022,0.0,0.7551,0.6794,1333,44.705000000000005,295.1247028298658,291.9408,586.8638,439.4023,0.0417,0.829,0.8036,1333,44.705000000000005,295.0799762855502,292.0539,586.9048,439.4794,0.0,0.9866,0.783,1333,44.705000000000005,294.3077238904911,292.4,586.5044,439.4522,0.05,0.6116,0.713,1333,44.705000000000005
294.3038832403772,292.3996,586.5025,439.451,0.05,0.6119,0.7326,1334,44.74,294.14364644514205,292.542,586.4602,439.5011,0.0,0.7596,0.6973,1334,44.74,295.0761371079142,291.9377,586.8209,439.3793,0.05,0.8332,0.8353,1334,44.74,295.07669351064794,292.051,586.9019,439.4765,0.0,0.9752,0.8543,1334,44.74,294.3038832403772,292.3996,586.5025,439.451,0.05,0.6119,0.7326,1334,44.74
294.1461565727056,292.5657,586.5176,439.5417,0.025,0.8877,0.6929,1335,44.77166666666667,294.15185648701356,292.5268,586.4756,439.5012,0.0,0.8976,0.6831,1335,44.77166666666667,294.97576113376374,292.0741,586.8521,439.4631,0.0083,0.8797,0.8083,1335,44.77166666666667,295.0472394851121,291.9968,586.8521,439.4245,0.0,0.8306,0.8083,1335,44.77166666666667,294.1461565727056,292.5657,586.5176,439.5417,0.025,0.8877,0.6929,1335,44.77166666666667
294.1451446836336,292.5657,586.5167,439.5412,0.025,0.8855,0.6936,1336,44.805,294.15083101022066,292.5268,586.4748,439.5008,0.0,0.9214,0.6813,1336,44.805,294.9732842854595,292.078,586.8526,439.4653,0.0083,0.8766,0.8083,1336,44.805,295.04484141917436,292.0007,586.8526,439.4266,0.0,0.8073,0.8083,1336,44.805,294.1451446836336,292.5657,586.5167,439.5412,0.025,0.8855,0.6936,1336,44.805
294.1460338694305,292.5649,586.5172,439.5411,0.025,0.8876,0.6907,1337,44.84,294.1516986191775,292.526,586.4754,439.5007,0.0,0.9214,0.6954,1337,44.84,294.9749705049992,292.0763,586.8527,439.4645,0.0083,0.8822,0.809,1337,44.84,295.04648988833253,291.9989,586.8527,439.4258,0.0,0.8231,0.809,1337,44.84,294.1460338694305,292.5649,586.5172,439.5411,0.025,0.8876,0.6907,1337,44.84
294.18941196246766,292.5606,586.539,439.5498,0.0167,0.873,0.6928,1338,44.87166666666667,294.2173458438876,292.5217,586.539,439.5304,0.0,0.8585,0.6928,1338,44.87166666666667,295.1960882998793,292.0245,586.9631,439.4938,0.05,0.8072,0.7905,1338,44.87166666666667,295.21598288376595,291.9941,587.0289,439.5115,0.0,0.8701,0.8391,1338,44.87166666666667,294.18941196246766,292.5606,586.539,439.5498,0.0167,0.873,0.6928,1338,44.87166666666667
294.39993606759026,297.7058,592.0993,444.9025,0.025,0.8406,0.9531,1339,44.905,294.49473023326374,297.6798,592.1657,444.9227,0.0,0.9111,0.9951,1339,44.905,298.69688155684526,294.2719,592.966,443.6189,0.0167,1.6156,1.0956,1339,44.905,298.5770327819415,294.389,592.966,443.6775,0.0,1.6332,1.0956,1339,44.905,294.39993606759026,297.7058,592.0993,444.9025,0.025,0.8406,0.9531,1339,44.905
293.6798781985237,299.3857,593.0568,446.2213,0.0667,0.729,0.872,1340,44.943333333333335,293.4292751928592,299.7054,593.1179,446.4117,0.0,0.8767,0.8053,1340,44.943333333333335,294.7071184611448,298.8864,593.57,446.2282,0.05,0.8841,0.9219,1340,44.943333333333335,294.6108367220352,299.0477,593.6284,446.338,0.0,0.8846,0.9406,1340,44.943333333333335,293.6798781985237,299.3857,593.0568,446.2213,0.0667,0.729,0.872,1340,44.943333333333335
292.9231519429743,298.2316,591.1458,444.6887,0.0667,0.6375,0.5897,1341,44.97666666666667,292.88650403012593,298.353,591.2394,444.7962,0.0,0.7864,0.7087,1341,44.97666666666667,294.5970183923464,297.2526,591.8484,444.5505,0.0333,0.7318,1.002,1341,44.97666666666667,294.46955507600774,297.4506,591.9144,444.6825,0.0,0.8011,1.0134,1341,44.97666666666667,292.9231519429743,298.2316,591.1458,444.6887,0.0667,0.6375,0.5897,1341,44.97666666666667
292.99867307077545,295.8735,588.8303,442.3519,0.0083,0.8412,0.8118,1342,45.00333333333334,293.072418103392,295.7978,588.8303,442.3141,0.0,0.9068,0.8118,1342,45.00333333333334,294.6875232548921,294.9209,589.5871,442.254,0.0167,0.8052,0.9817,1342,45.00333333333334,294.6952832497275,294.9131,589.5871,442.2501,0.0,0.8952,0.9817,1342,45.00333333333334,292.99867307077545,295.8735,588.8303,442.3519,0.0083,0.8412,0.8118,1342,45.00333333333334
293.77454699080465,293.7967,587.4642,440.6305,0.05,0.7336,0.736,1343,45.04333333333334,293.61160142731694,293.9218,587.4304,440.6761,0.0,0.8662,0.7824,1343,45.04333333333334,294.91118859629705,293.1568,587.9755,440.5662,0.025,0.8163,0.7793,1343,45.04333333333334,294.86085498007606,293.1997,587.9755,440.5876,0.0,0.8625,0.7793,1343,45.04333333333334,293.77454699080465,293.7967,587.4642,440.6305,0.05,0.7336,0.736,1343,45.04333333333334
294.061137697978,292.9795,586.8163,439.8979,0.05,0.7138,0.6248,1344,45.075,293.9496403663862,293.0969,586.8853,439.9911,0.0,0.8242,0.7288,1344,45.075,294.86674493200405,292.6279,587.286,439.9569,0.025,0.8991,0.6265,1344,45.075,295.04470326188687,292.5518,587.4219,439.9869,0.0,0.9442,0.659,1344,45.075,294.061137697978,292.9795,586.8163,439.8979,0.05,0.7138,0.6248,1344,45.075
294.0532616142236,292.7977,586.6599,439.7288,0.0083,0.8592,0.9466,1345,45.105000000000004,294.1325306954552,292.7137,586.6599,439.6868,0.0,0.8634,0.9466,1345,45.105000000000004,294.86598272000197,292.3633,587.0652,439.7142,0.0167,0.8712,0.9763,1345,45.105000000000004,294.9906901389816,292.2885,587.1086,439.6986,0.0,0.8555,0.9546,1345,45.105000000000004,294.0532616142236,292.7977,586.6599,439.7288,0.0083,0.8592,0.9466,1345,45.105000000000004
294.03268267055023,292.8211,586.6691,439.7451,0.025,0.6818,0.9277,1346,45.14666666666667,294.1842454522071,292.6756,586.6691,439.6723,0.0,0.7697,0.9277,1346,45.14666666666667,295.0927856787547,292.2083,587.107,439.6577,0.025,0.8404,0.9903,1346,45.14666666666667,295.0509020886315,292.2349,587.107,439.6709,0.0,0.828,0.9903,1346,45.14666666666667,294.03268267055023,292.8211,586.6691,439.7451,0.025,0.6818,0.9277,1346,45.14666666666667
294.2523344021699,292.5824,586.5777,439.5801,0.0417,0.7153,0.8954,1347,45.175000000000004,294.19208505307176,292.6497,586.6478,439.6487,0.0,0.8176,0.9201,1347,45.175000000000004,295.0637882370755,292.1787,586.9979,439.5883,0.0333,0.8442,0.9522,1347,45.175000000000004,295.05750051176193,292.2075,587.0864,439.6469,0.0,0.7532,1.0097,1347,45.175000000000004,294.2523344021699,292.5824,586.5777,439.5801,0.0417,0.7153,0.8954,1347,45.175000000000004
294.21027326747935,292.6185,586.5766,439.5975,0.0333,0.7631,0.8907,1348,45.205000000000005,294.2053977053494,292.6365,586.6464,439.6415,0.0,0.8297,0.9397,1348,45.205000000000005,295.02807584161843,292.2134,586.9985,439.6059,0.025,0.8014,0.9578,1348,45.205000000000005,295.0790302075129,292.1896,587.086,439.6378,0.0,0.8391,1.0234,1348,45.205000000000005,294.21027326747935,292.6185,586.5766,439.5975,0.0333,0.7631,0.8907,1348,45.205000000000005
294.1637580239437,292.616,586.5194,439.5677,0.0417,0.773,0.7849,1349,45.248333333333335,294.20349235362863,292.6341,586.6424,439.6382,0.0,0.8422,0.8424,1349,45.248333333333335,294.98926459709287,292.2083,586.9726,439.5904,0.0333,0.8124,0.8001,1349,45.248333333333335,295.0938115175686,292.1846,587.0962,439.6404,0.0,0.8338,0.8788,1349,45.248333333333335,294.1637580239437,292.616,586.5194,439.5677,0.0417,0.773,0.7849,1349,45.248333333333335
294.1677991825377,292.5957,586.4961,439.5459,0.0417,0.7764,0.7367,1350,45.275000000000006,294.20672700891765,292.6141,586.6197,439.6169,0.0,0.8717,0.783,1350,45.275000000000006,294.9835531817969,292.1943,586.9467,439.5705,0.0333,0.8423,0.8142,1350,45.275000000000006,295.08755020653757,292.171,587.0711,439.621,0.0,0.8192,0.8696,1350,45.275000000000006,294.1677991825377,292.5957,586.4961,439.5459,0.0417,0.7764,0.7367,1350,45.275000000000006
294.16960742960873,292.5903,586.4897,439.54,0.0417,0.7871,0.7384,1351,45.303333333333335,294.21476349773366,292.6034,586.6145,439.6089,0.0,0.858,0.8078,1351,45.303333333333335,294.984324502174,292.1883,586.9372,439.5628,0.0333,0.8562,0.8134,1351,45.303333333333335,295.09321591866336,292.1608,587.0629,439.6118,0.0,0.8617,0.8699,1351,45.303333333333335,294.16960742960873,292.5903,586.4897,439.54,0.0417,0.7871,0.7384,1351,45.303333333333335
294.154605050987,292.6756,586.616,439.6458,0.025,0.8206,0.8241,1352,45.34666666666667,294.23847850103874,292.585,586.616,439.6005,0.0,0.8755,0.8241,1352,45.34666666666667,294.9444539730256,292.2157,586.9264,439.5711,0.025,0.869,0.7815,1352,45.34666666666667,295.10646468759023,292.1394,587.0521,439.5957,0.0,0.8524,0.8129,1352,45.34666666666667,294.154605050987,292.6756,586.616,439.6458,0.025,0.8206,0.8241,1352,45.34666666666667
294.1465657493659,292.6056,586.4829,439.5442,0.0333,0.8163,0.7415,1353,45.375,294.24458665664895,292.5708,586.6083,439.5895,0.0,0.8712,0.791,1353,45.375,294.9504845327981,292.2019,586.9186,439.5602,0.025,0.8677,0.7785,1353,45.375,295.1127613058919,292.1255,587.0443,439.5849,0.0,0.8689,0.8113,1353,45.375,294.1465657493659,292.6056,586.4829,439.5442,0.0333,0.8163,0.7415,1353,45.375
294.18707748433496,292.6412,586.6366,439.6389,0.0167,0.9085,0.8372,1354,45.403333333333336,294.245294701052,292.5563,586.594,439.5751,0.0,0.9025,0.8444,1354,45.403333333333336,294.9745012575336,292.1679,586.9097,439.5388,0.025,0.9148,0.7999,1354,45.403333333333336,295.1361416979481,292.0924,587.0354,439.5639,0.0,0.9359,0.8272,1354,45.403333333333336,294.18707748433496,292.6412,586.6366,439.6389,0.0167,0.9085,0.8372,1354,45.403333333333336
294.0277394333773,292.6338,586.4588,439.5463,0.05,0.8389,0.6792,1355,45.45166666666667,294.23115454181544,292.4882,586.5343,439.5113,0.0,0.8463,0.7728,1355,45.45166666666667,294.936447929364,292.1949,586.8899,439.5424,0.025,0.8852,0.8587,1355,45.45166666666667,295.1058968332238,292.0597,586.9775,439.5186,0.0,0.8453,0.7643,1355,45.45166666666667,294.0277394333773,292.6338,586.4588,439.5463,0.05,0.8389,0.6792,1355,45.45166666666667
294.36351401332183,292.7474,586.9335,439.8404,0.0667,0.7472,0.661,1356,45.475,294.1969730454653,292.8807,586.9221,439.9014,0.0,0.854,0.7138,1356,45.475,294.9605878501567,292.4997,587.2686,439.8842,0.0167,0.9358,0.7418,1356,45.475,295.0652666386506,292.4275,587.3473,439.8874,0.0,0.8996,0.7565,1356,45.475,294.36351401332183,292.7474,586.9335,439.8404,0.0667,0.7472,0.661,1356,45.475
294.30838327282675,292.7895,586.9217,439.8556,0.0583,0.7915,0.6303,1357,45.505,294.2030115968896,292.8726,586.9193,439.8959,0.0,0.8446,0.6748,1357,45.505,295.01338355009005,292.41,587.2245,439.8173,0.0333,0.8061,0.7839,1357,45.505,295.0070786428772,292.4413,587.3053,439.8733,0.0,0.902,0.8054,1357,45.505,294.30838327282675,292.7895,586.9217,439.8556,0.0583,0.7915,0.6303,1357,45.505
294.2259169989293,292.6711,586.7346,439.7029,0.0417,0.7939,0.7163,1358,45.538333333333334,294.1459579861116,292.6898,586.6495,439.6696,0.0,0.9068,0.625,1358,45.538333333333334,294.95464518028496,292.2704,586.9833,439.6269,0.025,0.8302,0.8505,1358,45.538333333333334,295.00339996404693,292.2477,587.0654,439.6566,0.0,0.8421,0.8031,1358,45.538333333333334,294.2259169989293,292.6711,586.7346,439.7029,0.0417,0.7939,0.7163,1358,45.538333333333334
294.19430237161737,292.5524,586.5225,439.5375,0.0333,0.8698,0.7243,1359,45.57166666666667,294.12490640589726,292.5667,586.4644,439.5156,0.0,0.836,0.7057,1359,45.57166666666667,295.01623685499465,292.0809,586.8234,439.4522,0.05,0.73,0.8942,1359,45.57166666666667,294.9171304888962,292.1563,586.8541,439.5052,0.0,0.7976,0.8549,1359,45.57166666666667,294.19430237161737,292.5524,586.5225,439.5375,0.0333,0.8698,0.7243,1359,45.57166666666667
294.103306276291,292.5583,586.4218,439.49,0.0583,0.8426,0.6403,1360,45.60333333333334,294.18434011216016,292.5211,586.4818,439.5014,0.0,0.8549,0.7228,1360,45.60333333333334,295.02465311371407,292.0936,586.8527,439.4732,0.05,0.7473,0.8486,1360,45.60333333333334,295.0347384927776,292.0671,586.8811,439.4741,0.0,0.7523,0.8054,1360,45.60333333333334,294.103306276291,292.5583,586.4218,439.49,0.0583,0.8426,0.6403,1360,45.60333333333334
294.1471963312328,292.5502,586.4523,439.5012,0.05,0.8679,0.6436,1361,45.63666666666667,294.1905950275335,292.513,586.4827,439.4979,0.0,0.8567,0.7627,1361,45.63666666666667,295.02872674976857,292.0891,586.8526,439.4709,0.05,0.7383,0.7968,1361,45.63666666666667,295.03868179278106,292.0627,586.8809,439.4718,0.0,0.7567,0.7879,1361,45.63666666666667,294.1471963312328,292.5502,586.4523,439.5012,0.05,0.8679,0.6436,1361,45.63666666666667
294.1863309511742,292.5466,586.4959,439.5212,0.0417,0.8627,0.6188,1362,45.67166666666667,294.1881606192595,292.5096,586.4774,439.4935,0.0,0.8148,0.7555,1362,45.67166666666667,295.02017226611895,292.0874,586.843,439.4652,0.05,0.7373,0.7924,1362,45.67166666666667,295.03000600957506,292.0613,586.8712,439.4662,0.0,0.7565,0.7773,1362,45.67166666666667,294.1863309511742,292.5466,586.4959,439.5212,0.0417,0.8627,0.6188,1362,45.67166666666667
294.1748302508188,292.5461,586.4843,439.5152,0.0417,0.8623,0.6265,1363,45.70333333333333,294.1804367872785,292.5053,586.4661,439.4857,0.0,0.8294,0.7611,1363,45.70333333333333,295.0097250294705,292.0856,586.8331,439.4594,0.05,0.7347,0.7856,1363,45.70333333333333,295.0226588009562,292.0561,586.8608,439.4584,0.0,0.7609,0.7963,1363,45.70333333333333,294.1748302508188,292.5461,586.4843,439.5152,0.0417,0.8623,0.6265,1363,45.70333333333333
294.1691426129476,292.5366,586.4731,439.5048,0.0417,0.8472,0.6498,1364,45.73666666666667,294.1748263587349,292.4955,586.4543,439.4749,0.0,0.8266,0.7437,1364,45.73666666666667,295.00537896199387,292.0782,586.8251,439.4516,0.05,0.7462,0.7871,1364,45.73666666666667,295.02022812021676,292.0468,586.8514,439.4491,0.0,0.7569,0.8002,1364,45.73666666666667,294.1691426129476,292.5366,586.4731,439.5048,0.0417,0.8472,0.6498,1364,45.73666666666667
294.3309431875707,292.412,586.5116,439.4618,0.05,0.6238,0.7343,1365,45.77166666666667,294.23908184432753,292.4747,586.5116,439.4932,0.0,0.7177,0.7343,1365,45.77166666666667,295.00756751377247,292.0704,586.8918,439.4811,0.0333,0.7792,0.8976,1365,45.77166666666667,295.0681789771261,292.0094,586.8918,439.4506,0.0,0.7569,0.8976,1365,45.77166666666667,294.3309431875707,292.412,586.5116,439.4618,0.05,0.6238,0.7343,1365,45.77166666666667
294.38051061756533,292.3587,586.5086,439.4337,0.0417,0.6739,0.7405,1366,45.805,294.2377585383157,292.4743,586.5086,439.4915,0.0,0.7192,0.7405,1366,45.805,295.0051622828686,292.0726,586.89,439.4813,0.0333,0.7752,0.8946,1366,45.805,295.0658388161012,292.0116,586.89,439.4508,0.0,0.7601,0.8946,1366,45.805,294.38051061756533,292.3587,586.5086,439.4337,0.0417,0.6739,0.7405,1366,45.805
294.37751669059946,292.3606,586.5084,439.4345,0.0417,0.6969,0.7515,1367,45.83833333333334,294.2354178876454,292.4756,586.5084,439.492,0.0,0.7747,0.7515,1367,45.83833333333334,295.04734338827586,292.0418,586.8904,439.4661,0.0333,0.7638,0.9148,1367,45.83833333333334,295.06619904049103,292.01,586.8904,439.4502,0.0,0.7613,0.9148,1367,45.83833333333334,294.37751669059946,292.3606,586.5084,439.4345,0.0417,0.6969,0.7515,1367,45.83833333333334
294.31908293132267,292.4148,586.5072,439.461,0.0333,0.6459,0.7142,1368,45.87166666666667,294.23418133784446,292.4774,586.5072,439.4923,0.0,0.7763,0.7142,1368,45.87166666666667,295.1053436752952,291.9919,586.8922,439.442,0.0417,0.7602,0.9298,1368,45.87166666666667,295.0659268423244,292.0132,586.8922,439.4527,0.0,0.7638,0.9298,1368,45.87166666666667,294.31908293132267,292.4148,586.5072,439.461,0.0333,0.6459,0.7142,1368,45.87166666666667
294.31719745707977,292.4168,586.5074,439.4621,0.0333,0.6459,0.7211,1369,45.905,294.23225364965737,292.4794,586.5074,439.4934,0.0,0.7722,0.7211,1369,45.905,295.1059497435238,291.9917,586.8925,439.4421,0.0417,0.7598,0.9016,1369,45.905,295.0662303142153,292.0133,586.8925,439.4529,0.0,0.7635,0.9016,1369,45.905,294.31719745707977,292.4168,586.5074,439.4621,0.0333,0.6459,0.7211,1369,45.905
294.31823181918014,292.4162,586.5077,439.462,0.0333,0.6468,0.7281,1370,45.93833333333334,294.23328095481605,292.4788,586.5077,439.4933,0.0,0.7711,0.7281,1370,45.93833333333334,295.10853869316475,291.9913,586.894,439.4427,0.0417,0.7595,0.8964,1370,45.93833333333334,295.06878025937766,292.013,586.894,439.4535,0.0,0.7635,0.8964,1370,45.93833333333334,294.31823181918014,292.4162,586.5077,439.462,0.0333,0.6468,0.7281,1370,45.93833333333334
294.27894063278336,292.4128,586.4601,439.4364,0.0417,0.6202,0.6651,1371,45.970000000000006,294.2385113361056,292.4754,586.5106,439.493,0.0,0.7661,0.7293,1371,45.970000000000006,295.1080273743427,291.9907,586.8935,439.4421,0.0417,0.776,0.8929,1371,45.970000000000006,295.06818497465883,292.0124,586.8935,439.4529,0.0,0.764,0.8929,1371,45.970000000000006,294.27894063278336,292.4128,586.4601,439.4364,0.0417,0.6202,0.6651,1371,45.970000000000006
294.22519474422234,292.7738,586.8122,439.793,0.05,0.5744,0.8636,1372,46.00833333333333,294.1443992642077,292.8304,586.8122,439.8213,0.0,0.8083,0.8636,1372,46.00833333333333,295.04624278153176,292.3304,587.2162,439.7733,0.0167,0.877,0.8031,1372,46.00833333333333,295.06264835101047,292.3056,587.2162,439.7609,0.0,0.8705,0.8031,1372,46.00833333333333,294.22519474422234,292.7738,586.8122,439.793,0.05,0.5744,0.8636,1372,46.00833333333333
294.2410195192019,292.8041,586.874,439.839,0.0667,0.5898,0.7782,1373,46.03666666666667,294.07560158555526,292.9235,586.8392,439.8814,0.0,0.7673,0.7808,1373,46.03666666666667,294.98399031872407,292.4288,587.2557,439.8423,0.0333,0.7792,0.8907,1373,46.03666666666667,295.0022581247909,292.4018,587.2557,439.8288,0.0,0.8118,0.8907,1373,46.03666666666667,294.2410195192019,292.8041,586.874,439.839,0.0667,0.5898,0.7782,1373,46.03666666666667
294.21149396132705,292.7279,586.7153,439.7216,0.0583,0.5399,0.7282,1374,46.07166666666667,294.0684105300018,292.8399,586.7153,439.7776,0.0,0.7591,0.7282,1374,46.07166666666667,294.948600215434,292.3431,587.048,439.6955,0.0417,0.7351,0.7284,1374,46.07166666666667,294.9944155353446,292.3236,587.1363,439.7299,0.0,0.7902,0.6931,1374,46.07166666666667,294.21149396132705,292.7279,586.7153,439.7216,0.0583,0.5399,0.7282,1374,46.07166666666667
294.146004367228,292.6359,586.5724,439.6041,0.0417,0.7039,0.8689,1375,46.105000000000004,294.1325128745509,292.6262,586.5724,439.5993,0.0,0.7411,0.8689,1375,46.105000000000004,294.9573411919017,292.2241,586.9784,439.6013,0.0083,0.936,0.944,1375,46.105000000000004,295.0315914652782,292.1438,586.9784,439.5611,0.0,0.9619,0.944,1375,46.105000000000004,294.146004367228,292.6359,586.5724,439.6041,0.0417,0.7039,0.8689,1375,46.105000000000004
294.2473921883699,292.535,586.5653,439.5501,0.0417,0.7558,0.9341,1376,46.13666666666667,294.22060794647626,292.5381,586.5653,439.5517,0.0,0.7718,0.9341,1376,46.13666666666667,294.9792285005035,292.1999,586.9748,439.5874,0.0083,0.8941,0.9441,1376,46.13666666666667,295.05307525985825,292.1201,586.9748,439.5475,0.0,0.924,0.9441,1376,46.13666666666667,294.2473921883699,292.535,586.5653,439.5501,0.0417,0.7558,0.9341,1376,46.13666666666667
294.32174986976247,292.4578,586.5661,439.512,0.0333,0.7263,0.9303,1377,46.17166666666667,294.2408166238763,292.5173,586.5661,439.5417,0.0,0.7966,0.9303,1377,46.17166666666667,294.99628941432303,292.1847,586.9758,439.5803,0.0083,0.898,0.9451,1377,46.17166666666667,295.06987008798313,292.1051,586.9758,439.5405,0.0,0.9508,0.9451,1377,46.17166666666667,294.32174986976247,292.4578,586.5661,439.512,0.0333,0.7263,0.9303,1377,46.17166666666667
294.2744120900092,292.5081,586.5663,439.5372,0.0417,0.7703,0.9217,1378,46.205000000000005,294.24439635496066,292.5144,586.5663,439.5403,0.0,0.7876,0.9217,1378,46.205000000000005,295.006112035034,292.1752,586.9771,439.5762,0.0083,0.9003,0.9438,1378,46.205000000000005,295.07944482829805,292.0959,586.9771,439.5365,0.0,0.9495,0.9438,1378,46.205000000000005,294.2744120900092,292.5081,586.5663,439.5372,0.0417,0.7703,0.9217,1378,46.205000000000005
294.26960564380215,292.5069,586.5567,439.5318,0.0417,0.7315,0.8692,1379,46.23833333333334,294.23792929392334,292.5147,586.5567,439.5357,0.0,0.8138,0.8692,1379,46.23833333333334,294.99139716984655,292.176,586.9701,439.573,0.0167,0.8757,1.0069,1379,46.23833333333334,295.08054550414397,292.0893,586.9701,439.5297,0.0,0.8726,1.0069,1379,46.23833333333334,294.26960564380215,292.5069,586.5567,439.5318,0.0417,0.7315,0.8692,1379,46.23833333333334
294.2419893017468,292.5014,586.5234,439.5124,0.0417,0.7747,0.8452,1380,46.27333333333333,294.2086895623711,292.5107,586.5234,439.517,0.0,0.8051,0.8452,1380,46.27333333333333,295.04570501296655,292.1073,586.9416,439.5245,0.0167,0.8503,1.0261,1380,46.27333333333333,295.0621265381443,292.0806,586.9416,439.5111,0.0,0.9042,1.0261,1380,46.27333333333333,294.2419893017468,292.5014,586.5234,439.5124,0.0417,0.7747,0.8452,1380,46.27333333333333
294.3000103756633,292.4424,586.5232,439.4828,0.0333,0.6936,0.8391,1381,46.305,294.21711901235324,292.5037,586.5232,439.5135,0.0,0.819,0.8391,1381,46.305,295.02390208535917,292.1202,586.9407,439.5304,0.0167,0.827,1.0244,1381,46.305,295.11522149137005,292.0328,586.9407,439.4867,0.0,0.8853,1.0244,1381,46.305,294.3000103756633,292.4424,586.5232,439.4828,0.0333,0.6936,0.8391,1381,46.305
294.29662504476073,292.4382,586.5133,439.4757,0.0333,0.7185,0.8412,1382,46.33833333333334,294.2130767431692,292.5001,586.5133,439.5067,0.0,0.8027,0.8412,1382,46.33833333333334,295.01707388856266,292.1184,586.9297,439.524,0.0167,0.8257,1.017,1382,46.33833333333334,295.1079139720064,292.0314,586.9297,439.4805,0.0,0.8973,1.017,1382,46.33833333333334,294.29662504476073,292.4382,586.5133,439.4757,0.0333,0.7185,0.8412,1382,46.33833333333334
294.2915855755291,292.4372,586.509,439.4731,0.0333,0.7435,0.8718,1383,46.375,294.20788714024377,292.4992,586.509,439.5041,0.0,0.8179,0.8718,1383,46.375,295.01463401794587,292.1148,586.9252,439.52,0.0167,0.8226,1.0193,1383,46.375,295.1054223509418,292.0279,586.9252,439.4766,0.0,0.8865,1.0193,1383,46.375,294.2915855755291,292.4372,586.509,439.4731,0.0333,0.7435,0.8718,1383,46.375
294.2903935408861,292.4367,586.5041,439.4704,0.0333,0.7393,0.8818,1384,46.40833333333334,294.20691872618863,292.4985,586.5041,439.5013,0.0,0.8204,0.8818,1384,46.40833333333334,295.0103790146916,292.1145,586.9179,439.5162,0.0167,0.8225,1.0158,1384,46.40833333333334,295.1011548805437,292.0276,586.9179,439.4727,0.0,0.885,1.0158,1384,46.40833333333334,294.2903935408861,292.4367,586.5041,439.4704,0.0333,0.7393,0.8818,1384,46.40833333333334
294.2297352086633,292.4729,586.4863,439.4796,0.0333,0.7207,0.8958,1385,46.43833333333334,294.2555748958463,292.4347,586.4863,439.4605,0.0,0.837,0.8958,1385,46.43833333333334,295.0323592576497,292.037,586.8009,439.4189,0.0417,0.7996,0.9417,1385,46.43833333333334,295.0786276138681,292.0134,586.883,439.4482,0.0,0.7805,0.9503,1385,46.43833333333334,294.2297352086633,292.4729,586.4863,439.4796,0.0333,0.7207,0.8958,1385,46.43833333333334
294.2279433939011,292.4711,586.4832,439.4772,0.0333,0.7357,0.9152,1386,46.47666666666667,294.2540437642816,292.4328,586.4832,439.458,0.0,0.837,0.9152,1386,46.47666666666667,295.0887845816754,291.9788,586.7985,439.3886,0.0333,0.809,0.9325,1386,46.47666666666667,295.0791591523399,292.0084,586.8803,439.4444,0.0,0.7889,0.9573,1386,46.47666666666667,294.2279433939011,292.4711,586.4832,439.4772,0.0333,0.7357,0.9152,1386,46.47666666666667
294.2812313772762,292.4183,586.4791,439.4487,0.025,0.7538,0.8878,1387,46.50833333333333,294.2497281389787,292.4337,586.4791,439.4564,0.0,0.8259,0.8878,1387,46.50833333333333,294.90258863218673,292.1452,586.7982,439.4717,0.0333,0.6906,0.9481,1387,46.50833333333333,295.0811700422631,292.0061,586.8799,439.443,0.0,0.7868,0.9436,1387,46.50833333333333,294.2812313772762,292.4183,586.4791,439.4487,0.025,0.7538,0.8878,1387,46.50833333333333
294.21887969463705,292.6644,586.708,439.6862,0.025,0.8755,0.711,1388,46.54166666666667,294.31061960530053,292.5659,586.708,439.6369,0.0,0.9337,0.711,1388,46.54166666666667,295.0327793487247,292.2589,587.1196,439.6893,0.0083,0.8996,0.8217,1388,46.54166666666667,295.10827503628354,292.1773,587.1196,439.6484,0.0,0.9053,0.8217,1388,46.54166666666667,294.21887969463705,292.6644,586.708,439.6862,0.025,0.8755,0.711,1388,46.54166666666667
294.0499092242634,292.9147,586.7908,439.8527,0.025,0.8579,0.7188,1389,46.580000000000005,294.02568824923185,292.9257,586.7908,439.8582,0.0,0.8694,0.7188,1389,46.580000000000005,294.9190596403199,292.4241,587.182,439.803,0.0083,0.9056,0.8968,1389,46.580000000000005,294.9899002416782,292.3476,587.182,439.7648,0.0,0.9271,0.8968,1389,46.580000000000005,294.0499092242634,292.9147,586.7908,439.8527,0.025,0.8579,0.7188,1389,46.580000000000005
294.1610239558567,292.7912,586.7634,439.7773,0.025,0.7782,0.7427,1390,46.608333333333334,294.13089924497467,292.8058,586.7634,439.7846,0.0,0.8185,0.7427,1390,46.608333333333334,295.0937223381719,292.2321,587.1448,439.6885,0.0167,0.828,0.9662,1390,46.608333333333334,295.1041061149595,292.2127,587.1448,439.6787,0.0,0.8163,0.9662,1390,46.608333333333334,294.1610239558567,292.7912,586.7634,439.7773,0.025,0.7782,0.7427,1390,46.608333333333334
294.16903495519125,292.777,586.748,439.7625,0.025,0.802,0.7779,1391,46.638333333333335,294.13776027050824,292.7927,586.748,439.7704,0.0,0.7629,0.7779,1391,46.638333333333335,295.1534721871541,292.2166,587.1762,439.6964,0.0167,0.8641,0.9264,1391,46.638333333333335,295.16416110967884,292.1975,587.1762,439.6869,0.0,0.8511,0.9264,1391,46.638333333333335,294.16903495519125,292.777,586.748,439.7625,0.025,0.802,0.7779,1391,46.638333333333335
294.0952921115696,292.6759,586.5132,439.5945,0.05,0.7009,0.7624,1392,46.68333333333334,293.9930020179263,292.7821,586.5831,439.6826,0.0,0.7429,0.8594,1392,46.68333333333334,294.97959513511836,292.2081,586.987,439.5976,0.0167,0.8124,0.911,1392,46.68333333333334,294.9884122298705,292.1893,586.987,439.5881,0.0,0.8086,0.911,1392,46.68333333333334,294.0952921115696,292.6759,586.5132,439.5945,0.05,0.7009,0.7624,1392,46.68333333333334
294.19161604856606,292.5939,586.5677,439.5808,0.0333,0.7473,0.882,1393,46.708333333333336,294.1184231511943,292.6472,586.5677,439.6075,0.0,0.8004,0.882,1393,46.708333333333336,295.0150243875581,292.1591,586.9702,439.5646,0.025,0.7912,0.9155,1393,46.708333333333336,295.0910430530987,292.0775,586.9702,439.5239,0.0,0.8488,0.9155,1393,46.708333333333336,294.19161604856606,292.5939,586.5677,439.5808,0.0333,0.7473,0.882,1393,46.708333333333336
294.20510939506005,292.6001,586.6357,439.6179,0.0417,0.7373,0.7702,1394,46.73666666666667,294.1380916831821,292.605,586.5475,439.5763,0.0,0.7468,0.8323,1394,46.73666666666667,295.045107978787,292.1116,586.9525,439.5321,0.025,0.7952,0.9081,1394,46.73666666666667,295.11678467620925,292.0327,586.9525,439.4926,0.0,0.8138,0.9081,1394,46.73666666666667,294.20510939506005,292.6001,586.6357,439.6179,0.0417,0.7373,0.7702,1394,46.73666666666667
294.0998572256636,292.6187,586.4953,439.557,0.0417,0.7152,0.7702,1395,46.78333333333334,294.07799914525015,292.649,586.4953,439.5721,0.0,0.8962,0.7702,1395,46.78333333333334,294.94660161882956,292.105,586.7975,439.4513,0.0583,0.6093,0.7675,1395,46.78333333333334,295.0414815336027,292.0984,586.9058,439.5021,0.0,0.8726,0.8373,1395,46.78333333333334,294.0998572256636,292.6187,586.4953,439.557,0.0417,0.7152,0.7702,1395,46.78333333333334
294.10080244770046,292.6181,586.4956,439.5569,0.0417,0.6931,0.7645,1396,46.80833333333334,294.0789680645178,292.6484,586.4956,439.572,0.0,0.8969,0.7645,1396,46.80833333333334,294.92935809914377,292.1062,586.7765,439.4414,0.05,0.6092,0.7233,1396,46.80833333333334,295.0030163484486,292.1002,586.8712,439.4857,0.0,0.8694,0.7952,1396,46.80833333333334,294.10080244770046,292.6181,586.4956,439.5569,0.0417,0.6931,0.7645,1396,46.80833333333334
294.149783921561,292.5754,586.4981,439.5368,0.05,0.6671,0.7678,1397,46.83666666666667,294.1747384485534,292.5621,586.4981,439.5301,0.0,0.9323,0.7678,1397,46.83666666666667,294.984737897296,292.1023,586.8801,439.4912,0.0417,0.6249,0.8613,1397,46.83666666666667,295.01954832456283,292.0962,586.8801,439.4881,0.0,0.874,0.8613,1397,46.83666666666667,294.149783921561,292.5754,586.4981,439.5368,0.05,0.6671,0.7678,1397,46.83666666666667
294.15061893871564,292.5758,586.4991,439.5374,0.05,0.6595,0.7696,1398,46.88333333333333,294.17583399673083,292.5623,586.4991,439.5307,0.0,0.9585,0.7696,1398,46.88333333333333,295.04075812993335,292.0522,586.8804,439.4663,0.05,0.552,0.8612,1398,46.88333333333333,295.01989293338465,292.0965,586.8804,439.4885,0.0,0.8732,0.8612,1398,46.88333333333333,294.15061893871564,292.5758,586.4991,439.5374,0.05,0.6595,0.7696,1398,46.88333333333333
294.1505957033203,292.5758,586.4988,439.5373,0.05,0.6577,0.7658,1399,46.90833333333334,294.1758636795129,292.5622,586.4988,439.5305,0.0,0.9508,0.7658,1399,46.90833333333334,295.040727482086,292.0514,586.8802,439.4658,0.05,0.5495,0.8622,1399,46.90833333333334,295.0197843323447,292.0959,586.8802,439.488,0.0,0.8733,0.8622,1399,46.90833333333334,294.1505957033203,292.5758,586.4988,439.5373,0.05,0.6577,0.7658,1399,46.90833333333334
294.1013020577551,292.6193,586.4967,439.558,0.0417,0.6819,0.7719,1400,46.93666666666667,294.07938589448145,292.6496,586.4967,439.5732,0.0,0.9474,0.7719,1400,46.93666666666667,294.98242027539527,292.1025,586.878,439.4902,0.0417,0.6231,0.8689,1400,46.93666666666667,295.0171406271172,292.0966,586.878,439.4873,0.0,0.8803,0.8689,1400,46.93666666666667,294.1013020577551,292.6193,586.4967,439.558,0.0417,0.6819,0.7719,1400,46.93666666666667
294.1027793173879,292.6199,586.4985,439.5592,0.0417,0.6882,0.7696,1401,46.970000000000006,294.08052501966324,292.6506,586.4985,439.5746,0.0,0.9297,0.7696,1401,46.970000000000006,294.94747259476276,292.1011,586.7857,439.4434,0.05,0.6257,0.7551,1401,46.970000000000006,295.02121249750974,292.0952,586.8803,439.4877,0.0,0.8753,0.9115,1401,46.970000000000006,294.1027793173879,292.6199,586.4985,439.5592,0.0417,0.6882,0.7696,1401,46.970000000000006
294.10299337108904,292.6206,586.4992,439.5599,0.0417,0.7009,0.7699,1402,47.00833333333333,294.08081295634435,292.6512,586.4992,439.5752,0.0,0.9294,0.7699,1402,47.00833333333333,294.98731063914784,292.1017,586.8816,439.4917,0.0417,0.6262,0.9107,1402,47.00833333333333,295.02249190068585,292.0956,586.8816,439.4886,0.0,0.8758,0.9107,1402,47.00833333333333,294.10299337108904,292.6206,586.4992,439.5599,0.0417,0.7009,0.7699,1402,47.00833333333333
294.1026242332955,292.6203,586.4984,439.5594,0.0417,0.6924,0.77,1403,47.038333333333334,294.0803415202445,292.6511,586.4984,439.5747,0.0,0.9305,0.77,1403,47.038333333333334,294.98729319431027,292.1011,586.881,439.491,0.0417,0.6257,0.9109,1403,47.038333333333334,295.02203539801974,292.0952,586.881,439.4881,0.0,0.8753,0.9109,1403,47.038333333333334,294.1026242332955,292.6203,586.4984,439.5594,0.0417,0.6924,0.77,1403,47.038333333333334
294.1497435089575,292.5764,586.4983,439.5373,0.05,0.6633,0.7598,1404,47.07166666666667,294.1746081220114,292.5632,586.4983,439.5307,0.0,0.9587,0.7598,1404,47.07166666666667,294.9872256431214,292.1015,586.8809,439.4912,0.0417,0.626,0.9097,1404,47.07166666666667,295.0219240309842,292.0955,586.8809,439.4882,0.0,0.873,0.9097,1404,47.07166666666667,294.1497435089575,292.5764,586.4983,439.5373,0.05,0.6633,0.7598,1404,47.07166666666667
294.27940278211634,292.6729,586.7644,439.7186,0.0333,0.809,0.7902,1405,47.105000000000004,294.19704337026735,292.7665,586.7644,439.7654,0.0,0.8242,0.7902,1405,47.105000000000004,295.200000367683,292.1109,587.1222,439.6166,0.0333,0.7602,1.0646,1405,47.105000000000004,295.1020485986453,292.2211,587.1222,439.6717,0.0,0.9348,1.0646,1405,47.105000000000004,294.27940278211634,292.6729,586.7644,439.7186,0.0333,0.809,0.7902,1405,47.105000000000004
294.07101917702937,292.8718,586.7704,439.8211,0.025,0.8803,0.7758,1406,47.13666666666667,294.04368171775695,292.9117,586.7704,439.841,0.0,0.8361,0.7758,1406,47.13666666666667,295.0360416998153,292.256,587.1105,439.6833,0.0333,0.7442,1.0538,1406,47.13666666666667,294.9397241493351,292.3639,587.1105,439.7372,0.0,0.9204,1.0538,1406,47.13666666666667,294.07101917702937,292.8718,586.7704,439.8211,0.025,0.8803,0.7758,1406,47.13666666666667
294.11609826823155,292.7692,586.6683,439.7188,0.0333,0.8531,0.7846,1407,47.17,294.0373692734107,292.8589,586.6683,439.7636,0.0,0.7557,0.7846,1407,47.17,295.02940878243317,292.2098,587.0205,439.6152,0.0333,0.7533,1.1764,1407,47.17,294.93603920013254,292.3149,587.0205,439.6677,0.0,0.9334,1.1764,1407,47.17,294.11609826823155,292.7692,586.6683,439.7188,0.0333,0.8531,0.7846,1407,47.17
294.1947034471107,292.6825,586.6561,439.6693,0.0333,0.7756,0.7831,1408,47.20333333333333,294.1118343349948,292.7762,586.6561,439.7161,0.0,0.79,0.7831,1408,47.20333333333333,295.12177692456237,292.1251,587.0206,439.5728,0.0333,0.8056,1.2054,1408,47.20333333333333,295.0233459334762,292.235,587.0206,439.6278,0.0,0.8273,1.2054,1408,47.20333333333333,294.1947034471107,292.6825,586.6561,439.6693,0.0333,0.7756,0.7831,1408,47.20333333333333
294.1162065443285,292.6607,586.5241,439.5924,0.0333,0.8273,0.7371,1409,47.23666666666667,294.1201230033887,292.7007,586.5949,439.6478,0.0,0.89,0.7295,1409,47.23666666666667,295.0780383376924,292.082,586.9443,439.5131,0.0417,0.6933,1.0911,1409,47.23666666666667,295.04048299142016,292.1339,586.9443,439.5391,0.0,0.8407,1.0911,1409,47.23666666666667,294.1162065443285,292.6607,586.5241,439.5924,0.0333,0.8273,0.7371,1409,47.23666666666667
294.054725912544,292.6593,586.459,439.5592,0.0417,0.8229,0.7394,1410,47.27166666666667,294.1060185512256,292.6982,586.5828,439.6405,0.0,0.8936,0.7405,1410,47.27166666666667,295.05118930000174,292.0809,586.9238,439.5023,0.0417,0.6929,1.0193,1410,47.27166666666667,295.01383745423726,292.1326,586.9238,439.5282,0.0,0.8667,1.0193,1410,47.27166666666667,294.054725912544,292.6593,586.459,439.5592,0.0417,0.8229,0.7394,1410,47.27166666666667
294.0584170099083,292.6464,586.4904,439.5684,0.0333,0.8133,0.7556,1411,47.303333333333335,294.0808785709421,292.6861,586.5434,439.6148,0.0,0.8554,0.7441,1411,47.303333333333335,295.089908204455,292.0728,586.9948,439.5338,0.0583,0.6926,0.9343,1411,47.303333333333335,295.00695762523856,292.1252,586.907,439.5161,0.0,0.9181,1.0125,1411,47.303333333333335,294.0584170099083,292.6464,586.4904,439.5684,0.0333,0.8133,0.7556,1411,47.303333333333335
294.06783669456456,292.5976,586.4031,439.5003,0.05,0.7693,0.7174,1412,47.33833333333334,294.0689106700449,292.6852,586.5318,439.6085,0.0,0.8682,0.7445,1412,47.33833333333334,295.1367786587247,292.0121,586.9822,439.4972,0.05,0.7557,1.0039,1412,47.33833333333334,294.9953304339557,292.1217,586.8962,439.509,0.0,0.8473,1.0742,1412,47.33833333333334,294.06783669456456,292.5976,586.4031,439.5003,0.05,0.7693,0.7174,1412,47.33833333333334
294.0743950476013,292.582,586.3938,439.4879,0.05,0.7958,0.7442,1413,47.37166666666667,294.0741101656882,292.6709,586.5225,439.5967,0.0,0.8717,0.7628,1413,47.37166666666667,295.05969853939877,292.0503,586.946,439.4982,0.0583,0.7939,0.9403,1413,47.37166666666667,294.9760072872193,292.1047,586.8606,439.4827,0.0,0.8489,1.0128,1413,47.37166666666667,294.0743950476013,292.582,586.3938,439.4879,0.05,0.7958,0.7442,1413,47.37166666666667
294.0993514718614,292.5672,586.4058,439.4865,0.05,0.7865,0.7097,1414,47.405,294.1016890465729,292.6535,586.5335,439.5935,0.0,0.8336,0.7366,1414,47.405,295.09739464814083,292.0338,586.9685,439.5012,0.0583,0.7469,0.9544,1414,47.405,295.01753485293034,292.0843,586.8825,439.4834,0.0,0.8542,0.9671,1414,47.405,294.0993514718614,292.5672,586.4058,439.4865,0.05,0.7865,0.7097,1414,47.405
294.1249956929369,292.5658,586.4694,439.5176,0.0167,0.817,0.7923,1415,47.440000000000005,294.154022798676,292.5267,586.4694,439.498,0.0,0.8527,0.7923,1415,47.440000000000005,294.9576323089779,292.0761,586.7527,439.4144,0.0167,0.8075,0.9529,1415,47.440000000000005,295.0669633616467,292.0009,586.8506,439.4258,0.0,0.926,1.0186,1415,47.440000000000005,294.1249956929369,292.5658,586.4694,439.5176,0.0167,0.817,0.7923,1415,47.440000000000005
294.1275298979143,292.5652,586.4712,439.5182,0.0167,0.8199,0.7846,1416,47.47166666666667,294.15650980156556,292.5261,586.4712,439.4986,0.0,0.8528,0.7846,1416,47.47166666666667,294.9445481370865,292.0765,586.7456,439.411,0.0167,0.807,0.9624,1416,47.47166666666667,295.0538657339759,292.0013,586.8426,439.422,0.0,0.9182,1.0107,1416,47.47166666666667,294.1275298979143,292.5652,586.4712,439.5182,0.0167,0.8199,0.7846,1416,47.47166666666667
294.12808607923,292.5803,586.478,439.5291,0.0167,0.8293,0.7999,1417,47.50833333333333,294.15790655719724,292.5401,586.478,439.5091,0.0,0.8937,0.7999,1417,47.50833333333333,294.9296343557064,292.1018,586.7471,439.4244,0.0167,1.0265,1.0065,1417,47.50833333333333,295.0411694650303,292.0247,586.8459,439.4353,0.0,1.0561,0.9731,1417,47.50833333333333,294.12808607923,292.5803,586.478,439.5291,0.0167,0.8293,0.7999,1417,47.50833333333333
294.08215527319277,292.6226,586.4795,439.5511,0.0083,0.8933,0.8016,1418,47.53666666666667,294.16415329603495,292.5355,586.4795,439.5075,0.0,0.8903,0.8016,1418,47.53666666666667,294.9343835679549,292.0979,586.7475,439.4227,0.0167,1.0449,1.0122,1418,47.53666666666667,295.04575948589616,292.0209,586.8463,439.4336,0.0,1.0471,0.9754,1418,47.53666666666667,294.08215527319277,292.6226,586.4795,439.5511,0.0083,0.8933,0.8016,1418,47.53666666666667
294.08200374296166,292.6222,586.4788,439.5505,0.0083,0.8938,0.7977,1419,47.57,294.16419229371337,292.5349,586.4788,439.5068,0.0,0.8935,0.7977,1419,47.57,294.93472085461883,292.0983,586.748,439.4232,0.0167,1.0444,1.0101,1419,47.57,295.04611207218625,292.0213,586.8469,439.4341,0.0,1.0452,0.9746,1419,47.57,294.08200374296166,292.6222,586.4788,439.5505,0.0083,0.8938,0.7977,1419,47.57
294.08294298646354,292.6221,586.4796,439.5509,0.0083,0.8935,0.806,1420,47.60333333333334,294.16493219941344,292.535,586.4796,439.5073,0.0,0.8936,0.806,1420,47.60333333333334,294.9353341502134,292.0977,586.7482,439.4229,0.0167,1.0454,1.0095,1420,47.60333333333334,295.04671410345287,292.0208,586.847,439.4339,0.0,1.0469,0.9743,1420,47.60333333333334,294.08294298646354,292.6221,586.4796,439.5509,0.0083,0.8935,0.806,1420,47.60333333333334
294.0781121224754,292.6251,586.4781,439.5516,0.0083,0.8825,0.8,1421,47.63666666666667,294.16036244494205,292.5377,586.4781,439.5079,0.0,0.8923,0.8,1421,47.63666666666667,294.9338484337203,292.0986,586.7478,439.4232,0.0167,1.0393,1.0037,1421,47.63666666666667,295.04527380804825,292.0216,586.8467,439.4342,0.0,1.0464,0.9725,1421,47.63666666666667,294.0781121224754,292.6251,586.4781,439.5516,0.0083,0.8825,0.8,1421,47.63666666666667
294.16692545442277,292.7721,586.7577,439.7649,0.0167,0.857,0.8747,1422,47.67166666666667,294.19313318998604,292.7375,586.7577,439.7476,0.0,0.8725,0.8747,1422,47.67166666666667,295.11245574015595,292.1984,587.1337,439.666,0.0167,0.8782,1.0298,1422,47.67166666666667,295.12502685122354,292.1759,587.1337,439.6548,0.0,0.8635,1.0298,1422,47.67166666666667,294.16692545442277,292.7721,586.7577,439.7649,0.0167,0.857,0.8747,1422,47.67166666666667
294.0294320664441,292.9454,586.7946,439.87,0.0167,0.8898,0.8272,1423,47.70666666666667,294.057028813781,292.9104,586.7946,439.8525,0.0,0.9503,0.8272,1423,47.70666666666667,294.99268587712197,292.3545,587.1641,439.7593,0.0167,0.9069,1.0232,1423,47.70666666666667,295.00581918170775,292.3303,587.1641,439.7472,0.0,0.9363,1.0232,1423,47.70666666666667,294.0294320664441,292.9454,586.7946,439.87,0.0167,0.8898,0.8272,1423,47.70666666666667
294.1463252615516,292.7566,586.6803,439.7185,0.025,0.8539,0.7972,1424,47.73833333333334,294.12011631512024,292.7677,586.6803,439.724,0.0,0.865,0.7972,1424,47.73833333333334,295.0325712707504,292.2645,587.0848,439.6747,0.0083,0.9082,0.9638,1424,47.73833333333334,295.1022304855809,292.1892,587.0848,439.637,0.0,0.899,0.9638,1424,47.73833333333334,294.1463252615516,292.7566,586.6803,439.7185,0.025,0.8539,0.7972,1424,47.73833333333334
294.24345646559175,292.6174,586.6457,439.6315,0.025,0.8111,0.7998,1425,47.77333333333333,294.2245017886371,292.6207,586.6457,439.6332,0.0,0.7751,0.7998,1425,47.77333333333333,295.20858929009415,292.0173,586.9456,439.4814,0.05,0.7148,0.8373,1425,47.77333333333333,295.0957555333927,292.1437,587.037,439.5903,0.0,0.8042,0.864,1425,47.77333333333333,294.24345646559175,292.6174,586.6457,439.6315,0.025,0.8111,0.7998,1425,47.77333333333333
294.23968627440667,292.6164,586.6427,439.6295,0.025,0.8047,0.7864,1426,47.81,294.2207685143109,292.6196,586.6427,439.6311,0.0,0.8199,0.7864,1426,47.81,295.09756455591844,292.1184,586.9406,439.5295,0.05,0.7205,0.8188,1426,47.81,295.08432985944523,292.1465,587.0313,439.5889,0.0,0.8338,0.8491,1426,47.81,294.23968627440667,292.6164,586.6427,439.6295,0.025,0.8047,0.7864,1426,47.81
294.242154466394,292.6122,586.6418,439.627,0.025,0.8082,0.7977,1427,47.84166666666667,294.22299931633086,292.6161,586.6418,439.6289,0.0,0.8176,0.7977,1427,47.84166666666667,295.21148187157814,292.0044,586.9408,439.4726,0.05,0.7128,0.8243,1427,47.84166666666667,295.1005374741328,292.1294,587.0315,439.5805,0.0,0.839,0.8196,1427,47.84166666666667,294.242154466394,292.6122,586.6418,439.627,0.025,0.8082,0.7977,1427,47.84166666666667
294.2315991545547,292.6062,586.6192,439.6127,0.025,0.8353,0.8147,1428,47.87166666666667,294.2119318957185,292.6105,586.6192,439.6149,0.0,0.801,0.8147,1428,47.87166666666667,295.2120591846565,291.9985,586.9213,439.4599,0.05,0.7047,0.8394,1428,47.87166666666667,295.1012361534265,292.1245,587.0173,439.5709,0.0,0.7887,0.8645,1428,47.87166666666667,294.2315991545547,292.6062,586.6192,439.6127,0.025,0.8353,0.8147,1428,47.87166666666667
294.23494102408324,292.6064,586.622,439.6142,0.025,0.8257,0.8119,1429,47.91166666666667,294.21548378414354,292.6105,586.622,439.6162,0.0,0.7939,0.8119,1429,47.91166666666667,295.10202106143856,292.102,586.9222,439.5121,0.05,0.7027,0.9085,1429,47.91166666666667,295.10389648862656,292.1222,587.0183,439.5703,0.0,0.8084,0.872,1429,47.91166666666667,294.23494102408324,292.6064,586.622,439.6142,0.025,0.8257,0.8119,1429,47.91166666666667
294.219386488865,292.5979,586.5995,439.5987,0.025,0.8154,0.8402,1430,47.94166666666667,294.19928775720837,292.6026,586.5995,439.6011,0.0,0.7793,0.8402,1430,47.94166666666667,295.12286637046054,292.0959,586.9955,439.5457,0.0417,0.7,0.8349,1430,47.94166666666667,295.08431306574687,292.1171,586.9955,439.5563,0.0,0.781,0.8349,1430,47.94166666666667,294.219386488865,292.5979,586.5995,439.5987,0.025,0.8154,0.8402,1430,47.94166666666667
294.2175744900152,292.5871,586.5888,439.5879,0.025,0.7928,0.8286,1431,47.970000000000006,294.19663393187864,292.5926,586.5888,439.5907,0.0,0.7834,0.8286,1431,47.970000000000006,295.1281175860362,292.076,586.9864,439.5312,0.025,0.7369,0.8429,1431,47.970000000000006,295.08858230258886,292.1005,586.9864,439.5435,0.0,0.801,0.8429,1431,47.970000000000006,294.2175744900152,292.5871,586.5888,439.5879,0.025,0.7928,0.8286,1431,47.970000000000006
294.24160067424486,292.5609,586.5855,439.5732,0.025,0.7056,0.824,1432,48.015,294.21880408052584,292.5681,586.5855,439.5768,0.0,0.7416,0.824,1432,48.015,295.06075972812096,292.1314,586.9861,439.5587,0.0083,0.9094,0.9042,1432,48.015,295.131792570111,292.0545,586.9861,439.5203,0.0,0.8904,0.9042,1432,48.015,294.24160067424486,292.5609,586.5855,439.5732,0.025,0.7056,0.824,1432,48.015
294.2676641482343,292.4598,586.4536,439.4567,0.0583,0.6948,0.7167,1433,48.04166666666667,294.2171375935716,292.5589,586.5781,439.5685,0.0,0.7449,0.8257,1433,48.04166666666667,295.06637000622715,292.1179,586.9811,439.5495,0.0083,0.8866,0.894,1433,48.04166666666667,295.1372081820292,292.0412,586.9811,439.5112,0.0,0.8926,0.894,1433,48.04166666666667,294.2676641482343,292.4598,586.4536,439.4567,0.0583,0.6948,0.7167,1433,48.04166666666667
294.21084267278513,292.5174,586.4531,439.4853,0.0667,0.5787,0.7166,1434,48.07166666666667,294.2157570725908,292.559,586.5778,439.5684,0.0,0.7474,0.8249,1434,48.07166666666667,295.12171940201563,292.0657,586.9811,439.5234,0.0167,0.8495,0.894,1434,48.07166666666667,295.1362036372206,292.0411,586.9811,439.5111,0.0,0.8472,0.894,1434,48.07166666666667,294.21084267278513,292.5174,586.4531,439.4853,0.0667,0.5787,0.7166,1434,48.07166666666667
294.2481546625683,292.53,586.5703,439.5502,0.05,0.7351,0.8397,1435,48.11833333333335,294.10901865005144,292.5823,586.4642,439.5233,0.0,0.7589,0.8336,1435,48.11833333333335,295.07060572622424,291.9911,586.8622,439.4267,0.0417,0.7446,0.9465,1435,48.11833333333335,295.03739516714745,291.964,586.7944,439.3792,0.0,0.7388,0.9148,1435,48.11833333333335,294.2481546625683,292.53,586.5703,439.5502,0.05,0.7351,0.8397,1435,48.11833333333335
294.2250331839115,292.5293,586.5255,439.5274,0.0417,0.7423,0.8672,1436,48.14166666666667,294.11097687758524,292.5818,586.4655,439.5237,0.0,0.7526,0.8489,1436,48.14166666666667,295.06772822374336,291.9951,586.862,439.4286,0.0417,0.7463,0.9469,1436,48.14166666666667,295.03422168219396,291.9682,586.7943,439.3812,0.0,0.7373,0.916,1436,48.14166666666667,294.2250331839115,292.5293,586.5255,439.5274,0.0417,0.7423,0.8672,1436,48.14166666666667
294.2290237281244,292.5281,586.5276,439.5278,0.0417,0.7341,0.8601,1437,48.17166666666667,294.1156998858563,292.5799,586.4677,439.5238,0.0,0.7544,0.8334,1437,48.17166666666667,295.0872485674109,292.0125,586.8882,439.4504,0.0417,0.7418,0.9259,1437,48.17166666666667,295.05393251425573,291.9855,586.8185,439.402,0.0,0.7483,0.8922,1437,48.17166666666667,294.2290237281244,292.5281,586.5276,439.5278,0.0417,0.7341,0.8601,1437,48.17166666666667
294.19933470464525,292.5856,586.5743,439.5799,0.0583,0.7317,0.8397,1438,48.215,294.1136489853303,292.5821,586.468,439.525,0.0,0.7643,0.8335,1438,48.215,295.10273147803804,291.9949,586.8901,439.4425,0.0417,0.7446,0.8905,1438,48.215,295.06951167037386,291.9678,586.8204,439.3941,0.0,0.7421,0.8864,1438,48.215,294.19933470464525,292.5856,586.5743,439.5799,0.0583,0.7317,0.8397,1438,48.215
294.17277768404585,292.5859,586.5268,439.5564,0.05,0.7351,0.8524,1439,48.24166666666667,294.112522452569,292.5823,586.467,439.5247,0.0,0.7621,0.8438,1439,48.24166666666667,295.10492058535374,291.9936,586.8912,439.4424,0.0417,0.7439,0.9173,1439,48.24166666666667,295.0717795831008,291.9664,586.8215,439.394,0.0,0.7478,0.8928,1439,48.24166666666667,294.17277768404585,292.5859,586.5268,439.5564,0.05,0.7351,0.8524,1439,48.24166666666667
294.28000953283447,292.6729,586.7488,439.7108,0.05,0.6216,0.7752,1440,48.27166666666667,294.20959126786306,292.7149,586.7488,439.7319,0.0,0.6893,0.7752,1440,48.27166666666667,295.2160088323996,292.073,587.1146,439.5938,0.025,0.7393,0.9677,1440,48.27166666666667,295.17259874527656,292.1008,587.1146,439.6077,0.0,0.815,0.9677,1440,48.27166666666667,294.28000953283447,292.6729,586.7488,439.7108,0.05,0.6216,0.7752,1440,48.27166666666667
294.3191422086796,292.6664,586.7819,439.7242,0.0417,0.6901,0.7511,1441,48.303333333333335,294.17375118533823,292.7847,586.7819,439.7833,0.0,0.8676,0.7511,1441,48.303333333333335,294.983082655011,292.3101,587.1274,439.7188,0.0333,0.7075,1.0144,1441,48.303333333333335,295.00396102240296,292.2773,587.1274,439.7024,0.0,0.7683,1.0144,1441,48.303333333333335,294.3191422086796,292.6664,586.7819,439.7242,0.0417,0.6901,0.7511,1441,48.303333333333335
294.32527546025597,292.6288,586.705,439.6669,0.05,0.6886,0.7669,1442,48.33666666666667,294.2125570121534,292.744,586.7739,439.759,0.0,0.7301,0.7914,1442,48.33666666666667,294.95349290492123,292.3129,587.1155,439.7142,0.025,0.7676,1.0225,1442,48.33666666666667,295.06645065192185,292.2029,587.1155,439.6592,0.0,0.7311,1.0225,1442,48.33666666666667,294.32527546025597,292.6288,586.705,439.6669,0.05,0.6886,0.7669,1442,48.33666666666667
294.08865132007327,292.7134,586.5958,439.6546,0.0583,0.7469,0.7892,1443,48.37166666666667,294.19339928550426,292.5648,586.5523,439.5585,0.0,0.8798,0.8115,1443,48.37166666666667,294.9067379489986,292.1332,586.8102,439.4717,0.0333,0.8557,0.7958,1443,48.37166666666667,295.0242760055264,292.0463,586.8922,439.4692,0.0,0.8557,0.9435,1443,48.37166666666667,294.08865132007327,292.7134,586.5958,439.6546,0.0583,0.7469,0.7892,1443,48.37166666666667
294.2992797643667,292.4977,586.5895,439.5436,0.0583,0.6798,0.7958,1444,48.403333333333336,294.1922963042736,292.5582,586.546,439.5521,0.0,0.8651,0.7618,1444,48.403333333333336,294.9856004199743,292.1307,586.9278,439.5292,0.025,0.7844,0.9644,1444,48.403333333333336,295.0634470615526,292.0455,586.9278,439.4866,0.0,0.8827,0.9644,1444,48.403333333333336,294.2992797643667,292.4977,586.5895,439.5436,0.0583,0.6798,0.7958,1444,48.403333333333336
294.20835571888495,292.5808,586.5662,439.5735,0.0333,0.7052,0.764,1445,48.43833333333334,294.1388851016259,292.6295,586.5662,439.5978,0.0,0.7803,0.764,1445,48.43833333333334,295.0081274085129,292.183,586.9911,439.5871,0.025,0.8095,1.0174,1445,48.43833333333334,295.12737326749607,292.0669,586.9911,439.529,0.0,0.7743,1.0174,1445,48.43833333333334,294.20835571888495,292.5808,586.5662,439.5735,0.0333,0.7052,0.764,1445,48.43833333333334
294.10272406657424,292.6547,586.5451,439.5999,0.0167,0.8085,0.7998,1446,48.47166666666667,294.1341440471467,292.6127,586.5451,439.5789,0.0,0.8165,0.7998,1446,48.47166666666667,295.07679572162345,292.059,586.9371,439.4981,0.0333,0.8734,0.9352,1446,48.47166666666667,295.0845492943747,292.0806,586.9694,439.525,0.0,0.8122,0.9884,1446,48.47166666666667,294.10272406657424,292.6547,586.5451,439.5999,0.0167,0.8085,0.7998,1446,48.47166666666667
294.06361072992866,292.6388,586.4857,439.5622,0.025,0.8486,0.748,1447,48.50833333333334,294.13950736317497,292.5973,586.5368,439.5671,0.0,0.8228,0.774,1447,48.50833333333334,294.98322642011317,292.1452,586.9381,439.5416,0.0167,0.8348,0.903,1447,48.50833333333334,295.0996213643932,292.067,586.9703,439.5187,0.0,0.8362,0.9772,1447,48.50833333333334,294.06361072992866,292.6388,586.4857,439.5622,0.025,0.8486,0.748,1447,48.50833333333334
294.07127201038867,292.6324,586.495,439.5637,0.0167,0.8678,0.752,1448,48.538333333333334,294.10504599019123,292.5879,586.495,439.5414,0.0,0.9243,0.752,1448,48.538333333333334,295.0511320938924,292.0526,586.9028,439.4777,0.0417,0.6697,0.8718,1448,48.538333333333334,295.117256631597,292.019,586.9359,439.4774,0.0,0.756,0.9561,1448,48.538333333333334,294.07127201038867,292.6324,586.495,439.5637,0.0167,0.8678,0.752,1448,48.538333333333334
294.00018587756244,292.6782,586.4748,439.5765,0.0083,0.9034,0.7543,1449,48.57166666666667,294.0875928211095,292.5854,586.4748,439.5301,0.0,0.9197,0.7543,1449,48.57166666666667,295.05233279685194,292.0532,586.8931,439.4732,0.0333,0.6596,0.9397,1449,48.57166666666667,295.0752550351574,292.0179,586.8931,439.4555,0.0,0.7566,0.9397,1449,48.57166666666667,294.00018587756244,292.6782,586.4748,439.5765,0.0083,0.9034,0.7543,1449,48.57166666666667
294.00139468958866,292.6209,586.4117,439.5163,0.025,0.837,0.7811,1450,48.60333333333334,294.082613117213,292.5756,586.4647,439.5201,0.0,0.9119,0.7571,1450,48.60333333333334,294.99301876169557,292.0948,586.8814,439.4881,0.0333,0.7112,0.9106,1450,48.60333333333334,295.01996014896105,292.0557,586.8814,439.4685,0.0,0.776,0.9106,1450,48.60333333333334,294.00139468958866,292.6209,586.4117,439.5163,0.025,0.837,0.7811,1450,48.60333333333334
294.0258372485959,292.614,586.448,439.531,0.0333,0.8386,0.7102,1451,48.63666666666667,294.08515401665255,292.569,586.4608,439.5149,0.0,0.9018,0.7168,1451,48.63666666666667,295.03657585300425,292.0492,586.8735,439.4613,0.0333,0.7074,0.9329,1451,48.63666666666667,295.0578848092433,292.0154,586.8735,439.4445,0.0,0.7609,0.9329,1451,48.63666666666667,294.0258372485959,292.614,586.448,439.531,0.0333,0.8386,0.7102,1451,48.63666666666667
294.11642124829086,292.5535,586.4731,439.5133,0.0333,0.771,0.7231,1452,48.67166666666667,294.0760607529611,292.5562,586.4306,439.4934,0.0,0.9466,0.7239,1452,48.67166666666667,295.1014148737252,291.9701,586.8491,439.4096,0.025,0.805,0.9464,1452,48.67166666666667,295.0633324190836,291.9928,586.8491,439.4209,0.0,0.8215,0.9464,1452,48.67166666666667,294.11642124829086,292.5535,586.4731,439.5133,0.0333,0.771,0.7231,1452,48.67166666666667
294.06764510332187,292.5889,586.4673,439.5281,0.0333,0.8451,0.6721,1453,48.70333333333333,294.03893230738015,292.5451,586.3672,439.4561,0.0,0.946,0.7193,1453,48.70333333333333,294.9127997303108,292.129,586.8463,439.4877,0.0333,0.7531,0.9547,1453,48.70333333333333,295.01951997222494,291.9838,586.7799,439.3819,0.0,0.8749,0.941,1453,48.70333333333333,294.06764510332187,292.5889,586.4673,439.5281,0.0333,0.8451,0.6721,1453,48.70333333333333
294.0644396262787,292.5868,586.4623,439.5245,0.0333,0.8385,0.684,1454,48.73666666666667,294.03567024489195,292.5431,586.3623,439.4527,0.0,0.95,0.7159,1454,48.73666666666667,295.0456271418309,292.0079,586.842,439.4249,0.025,0.8588,0.9599,1454,48.73666666666667,295.01764411023316,291.9799,586.7755,439.3777,0.0,0.8901,0.9367,1454,48.73666666666667,294.0644396262787,292.5868,586.4623,439.5245,0.0333,0.8385,0.684,1454,48.73666666666667
294.289845675528,292.3633,586.4286,439.396,0.0333,0.6501,0.7595,1455,48.775000000000006,294.20431628978605,292.4272,586.4286,439.4279,0.0,0.7688,0.7595,1455,48.775000000000006,294.97835304668376,291.9841,586.7701,439.3771,0.0083,0.8525,0.806,1455,48.775000000000006,295.0506248096925,291.9059,586.7701,439.338,0.0,0.8527,0.806,1455,48.775000000000006,294.289845675528,292.3633,586.4286,439.396,0.0333,0.6501,0.7595,1455,48.775000000000006
294.26347898261974,292.419,586.4754,439.4472,0.05,0.6571,0.8115,1456,48.80833333333334,294.20579343570455,292.4302,586.4343,439.4323,0.0,0.7514,0.7487,1456,48.80833333333334,295.00340983080355,291.9895,586.8232,439.4064,0.0167,0.8727,0.8808,1456,48.80833333333334,295.0514812671996,291.9113,586.7772,439.3443,0.0,0.8789,0.8023,1456,48.80833333333334,294.26347898261974,292.419,586.4754,439.4472,0.05,0.6571,0.8115,1456,48.80833333333334
294.1342411239732,292.8195,586.7342,439.7768,0.0333,0.8141,0.6917,1457,48.83833333333334,294.13391855217606,292.8325,586.7976,439.8151,0.0,0.9042,0.7344,1457,48.83833333333334,295.0011089958963,292.3012,587.0849,439.693,0.025,0.8792,0.7516,1457,48.83833333333334,295.04574770453667,292.2791,587.1538,439.7164,0.0,0.9545,0.769,1457,48.83833333333334,294.1342411239732,292.8195,586.7342,439.7768,0.0333,0.8141,0.6917,1457,48.83833333333334
294.3259623491738,292.6115,586.6987,439.6551,0.05,0.7159,0.7303,1458,48.87166666666667,294.19896411542675,292.739,586.7632,439.7511,0.0,0.8388,0.7221,1458,48.87166666666667,294.8971960855748,292.3494,587.0379,439.6937,0.0167,0.9032,0.8511,1458,48.87166666666667,295.0012884206693,292.2738,587.108,439.6909,0.0,0.9401,0.8351,1458,48.87166666666667,294.3259623491738,292.6115,586.6987,439.6551,0.05,0.7159,0.7303,1458,48.87166666666667
294.01724521921267,292.7335,586.5218,439.6276,0.0167,0.8326,0.8885,1459,48.905,294.05056675522087,292.6893,586.5218,439.6055,0.0,0.9442,0.8885,1459,48.905,294.87305431204004,292.2559,586.9306,439.5932,0.0167,0.905,0.8393,1459,48.905,294.89958819306855,292.1745,586.8626,439.5186,0.0,0.8423,0.8318,1459,48.905,294.01724521921267,292.7335,586.5218,439.6276,0.0167,0.8326,0.8885,1459,48.905
294.05802829588254,292.63,586.455,439.5425,0.025,0.8538,0.8265,1460,48.93833333333334,294.03766715965025,292.6339,586.455,439.5444,0.0,0.8853,0.8265,1460,48.93833333333334,294.96317847604246,292.1047,586.8604,439.4825,0.0333,0.8052,0.9011,1460,48.93833333333334,294.87756751146304,292.127,586.7939,439.4605,0.0,0.8169,0.9159,1460,48.93833333333334,294.05802829588254,292.63,586.455,439.5425,0.025,0.8538,0.8265,1460,48.93833333333334
294.12793218947314,292.5599,586.4531,439.5065,0.0167,0.8649,0.8233,1461,48.970000000000006,294.15161514679005,292.5251,586.4531,439.4891,0.0,0.8957,0.8233,1461,48.970000000000006,294.9833337828365,292.0837,586.8615,439.4726,0.05,0.7688,0.9049,1461,48.970000000000006,294.9026490986113,292.0994,586.7949,439.4472,0.0,0.9254,0.9182,1461,48.970000000000006,294.12793218947314,292.5599,586.4531,439.5065,0.0167,0.8649,0.8233,1461,48.970000000000006
294.13494275573726,292.5468,586.4504,439.4986,0.0167,0.8751,0.8368,1462,49.00833333333334,294.1583020684392,292.5124,586.4504,439.4814,0.0,0.888,0.8368,1462,49.00833333333334,294.88272549831225,292.1669,586.859,439.5129,0.0167,0.9158,0.9061,1462,49.00833333333334,294.9083557065034,292.0879,586.7926,439.4402,0.0,0.954,0.9214,1462,49.00833333333334,294.13494275573726,292.5468,586.4504,439.4986,0.0167,0.8751,0.8368,1462,49.00833333333334
294.26319763082506,292.4372,586.4564,439.4468,0.05,0.7105,0.8576,1463,49.03666666666667,294.1726858857997,292.5044,586.4564,439.4804,0.0,0.8375,0.8576,1463,49.03666666666667,294.8490728278123,292.152,586.7935,439.4728,0.0083,0.9255,0.9267,1463,49.03666666666667,294.92173307100484,292.0734,586.7935,439.4335,0.0,0.9765,0.9267,1463,49.03666666666667,294.26319763082506,292.4372,586.4564,439.4468,0.05,0.7105,0.8576,1463,49.03666666666667
294.1428847279958,292.546,586.4583,439.5021,0.0167,0.8831,0.8571,1464,49.07166666666667,294.166847952612,292.5111,586.4583,439.4847,0.0,0.9093,0.8571,1464,49.07166666666667,294.88031435639664,292.1686,586.8612,439.5149,0.0167,0.9378,0.8652,1464,49.07166666666667,294.9059962755206,292.0896,586.7947,439.4422,0.0,0.9819,0.8984,1464,49.07166666666667,294.1428847279958,292.546,586.4583,439.5021,0.0167,0.8831,0.8571,1464,49.07166666666667
294.35114895766907,292.4011,586.5164,439.4587,0.0583,0.6259,0.8207,1465,49.105000000000004,294.425318932702,292.3012,586.5164,439.4088,0.0,0.674,0.8207,1465,49.105000000000004,295.2309230944865,291.8423,586.8651,439.3537,0.0333,0.7064,0.863,1465,49.105000000000004,295.2452936462988,291.8152,586.8651,439.3402,0.0,0.7517,0.863,1465,49.105000000000004,294.35114895766907,292.4011,586.5164,439.4587,0.0583,0.6259,0.8207,1465,49.105000000000004
294.2991662681326,292.4421,586.5107,439.4764,0.0667,0.5526,0.771,1466,49.14,294.3164373097701,292.3936,586.5107,439.4522,0.0,0.7157,0.771,1466,49.14,295.10539309411615,291.9506,586.8575,439.4041,0.0333,0.7152,0.8772,1466,49.14,295.12240707788203,291.9209,586.8575,439.3892,0.0,0.7033,0.8772,1466,49.14,294.2991662681326,292.4421,586.5107,439.4764,0.0667,0.5526,0.771,1466,49.14
294.2044559029797,292.4452,586.4175,439.4313,0.0667,0.5871,0.7639,1467,49.17166666666667,294.2219773412646,292.3971,586.4175,439.4073,0.0,0.7216,0.7639,1467,49.17166666666667,294.98864646798256,291.9537,586.7447,439.3492,0.0333,0.7044,0.9542,1467,49.17166666666667,295.0079011953585,291.9222,586.7447,439.3335,0.0,0.7312,0.9542,1467,49.17166666666667,294.2044559029797,292.4452,586.4175,439.4313,0.0667,0.5871,0.7639,1467,49.17166666666667
294.2251364048781,292.424,586.4204,439.4222,0.05,0.6107,0.774,1468,49.20333333333333,294.1369406710331,292.4805,586.4204,439.4504,0.0,0.7776,0.774,1468,49.20333333333333,294.98983365614544,291.9555,586.7474,439.3515,0.0333,0.6931,0.9692,1468,49.20333333333333,295.0089253526076,291.9242,586.7474,439.3358,0.0,0.7376,0.9692,1468,49.20333333333333,294.2251364048781,292.424,586.4204,439.4222,0.05,0.6107,0.774,1468,49.20333333333333
294.099391469342,292.4437,586.298,439.3708,0.0667,0.5374,0.947,1469,49.24333333333335,294.11742214642084,292.3952,586.298,439.3466,0.0,0.6885,0.947,1469,49.24333333333335,294.9313803303253,291.9188,586.6404,439.2796,0.0333,0.6855,0.9638,1469,49.24333333333335,294.9461064243425,291.8916,586.6404,439.266,0.0,0.7164,0.9638,1469,49.24333333333335,294.099391469342,292.4437,586.298,439.3708,0.0667,0.5374,0.947,1469,49.24333333333335
294.2093533300942,292.4416,586.3728,439.4072,0.075,0.5475,0.808,1470,49.275000000000006,294.25748417109264,292.3933,586.4471,439.4202,0.0,0.69,0.788,1470,49.275000000000006,295.07990488574666,291.9194,586.7945,439.3569,0.0333,0.6912,0.9407,1470,49.275000000000006,295.0942905186566,291.8925,586.7945,439.3435,0.0,0.7198,0.9407,1470,49.275000000000006,294.2093533300942,292.4416,586.3728,439.4072,0.075,0.5475,0.808,1470,49.275000000000006
294.22353949804517,292.3949,586.3852,439.3901,0.0583,0.647,0.8136,1471,49.305,294.1948229157193,292.3996,586.3852,439.3924,0.0,0.6783,0.8136,1471,49.305,295.0194091981417,291.9235,586.7337,439.3286,0.0333,0.683,0.9208,1471,49.305,295.0340654758995,291.8963,586.7337,439.315,0.0,0.6964,0.9208,1471,49.305,294.22353949804517,292.3949,586.3852,439.3901,0.0583,0.647,0.8136,1471,49.305
294.1397141715008,292.4774,586.3816,439.4295,0.0583,0.5894,0.8194,1472,49.345000000000006,294.1038787856063,292.4801,586.3816,439.4309,0.0,0.743,0.8194,1472,49.345000000000006,295.0152139748161,291.9235,586.7308,439.3271,0.0333,0.6703,0.9191,1472,49.345000000000006,295.02986932124236,291.8964,586.7308,439.3136,0.0,0.6936,0.9191,1472,49.345000000000006,294.1397141715008,292.4774,586.3816,439.4295,0.0583,0.5894,0.8194,1472,49.345000000000006
294.23600841397297,292.508,586.5585,439.5332,0.025,0.8188,0.8913,1473,49.375,294.21142444713234,292.5174,586.5585,439.5379,0.0,0.8313,0.8913,1473,49.375,295.0949647330257,292.0215,586.9391,439.4803,0.025,0.7258,0.8342,1473,49.375,295.16955086474877,291.9395,586.9391,439.4393,0.0,0.7193,0.8342,1473,49.375,294.23600841397297,292.508,586.5585,439.5332,0.025,0.8188,0.8913,1473,49.375
294.1944040164063,292.7195,586.7377,439.7286,0.0333,0.7646,0.7369,1474,49.403333333333336,294.11802254261147,292.7778,586.7377,439.7577,0.0,0.8157,0.7369,1474,49.403333333333336,295.07216108386194,292.2499,587.1545,439.7022,0.0167,0.8604,0.8271,1474,49.403333333333336,295.08777069973945,292.2244,587.1545,439.6894,0.0,0.8678,0.8271,1474,49.403333333333336,294.1944040164063,292.7195,586.7377,439.7286,0.0333,0.7646,0.7369,1474,49.403333333333336
294.1278679290109,292.7442,586.6659,439.705,0.025,0.7977,0.8137,1475,49.44833333333334,294.103221542322,292.755,586.6659,439.7104,0.0,0.7873,0.8137,1475,49.44833333333334,295.08214143909777,292.1882,587.063,439.6256,0.025,0.84,0.9798,1475,49.44833333333334,295.03458143178864,292.2203,587.063,439.6416,0.0,0.7826,0.9798,1475,49.44833333333334,294.1278679290109,292.7442,586.6659,439.705,0.025,0.7977,0.8137,1475,49.44833333333334
294.2021902713575,292.6479,586.6239,439.6359,0.025,0.7911,0.7086,1476,49.475,294.293960606175,292.5496,586.6239,439.5867,0.0,0.9124,0.7086,1476,49.475,295.05975493552324,292.161,586.999,439.58,0.0083,0.8514,0.9596,1476,49.475,295.1306262421648,292.0843,586.999,439.5416,0.0,0.7929,0.9596,1476,49.475,294.2021902713575,292.6479,586.6239,439.6359,0.025,0.7911,0.7086,1476,49.475
294.26913253588214,292.4898,586.5516,439.5207,0.0417,0.7636,0.7483,1477,49.50833333333334,294.17563455815,292.5405,586.5096,439.525,0.0,0.8206,0.7447,1477,49.50833333333334,295.0424079906687,292.0406,586.8148,439.4277,0.0417,0.7274,1.0106,1477,49.50833333333334,295.09858196559355,292.0091,586.8993,439.4542,0.0,0.8001,0.9367,1477,49.50833333333334,294.26913253588214,292.4898,586.5516,439.5207,0.0417,0.7636,0.7483,1477,49.50833333333334
294.2636647127006,292.4831,586.5404,439.5117,0.0417,0.7782,0.7457,1478,49.550000000000004,294.16955974028735,292.5343,586.4988,439.5166,0.0,0.8029,0.7586,1478,49.550000000000004,295.0399715667031,292.0354,586.8089,439.4222,0.0417,0.7263,1.0138,1478,49.550000000000004,295.0952575086106,292.0048,586.8929,439.4488,0.0,0.8003,0.938,1478,49.550000000000004,294.2636647127006,292.4831,586.5404,439.5117,0.0417,0.7782,0.7457,1478,49.550000000000004
294.2599082043798,292.4803,586.5379,439.5091,0.0417,0.7477,0.7624,1479,49.575,294.16562262342245,292.5318,586.4966,439.5142,0.0,0.8077,0.749,1479,49.575,295.04149837145974,292.0264,586.8055,439.4159,0.0417,0.7141,1.0171,1479,49.575,295.09643861811185,291.9962,586.8896,439.4429,0.0,0.7833,0.9703,1479,49.575,294.2599082043798,292.4803,586.5379,439.5091,0.0417,0.7477,0.7624,1479,49.575
294.24034398582955,292.4728,586.4949,439.4838,0.0333,0.7667,0.8129,1480,49.605000000000004,294.16762004365114,292.5244,586.4949,439.5096,0.0,0.8231,0.8129,1480,49.605000000000004,294.9321007176098,292.1049,586.7958,439.4504,0.0333,0.7744,1.0587,1480,49.605000000000004,295.08440921270017,291.9937,586.8795,439.4366,0.0,0.7775,0.9032,1480,49.605000000000004,294.24034398582955,292.4728,586.4949,439.4838,0.0333,0.7667,0.8129,1480,49.605000000000004
294.21199353173324,292.4711,586.4218,439.4464,0.0417,0.7693,0.7507,1481,49.64833333333333,294.1688816671375,292.5228,586.494,439.5084,0.0,0.8257,0.8308,1481,49.64833333333333,294.93327579424727,292.103,586.7943,439.4486,0.0333,0.783,1.0584,1481,49.64833333333333,295.0855728814215,291.9919,586.8786,439.4353,0.0,0.7744,0.8998,1481,49.64833333333333,294.21199353173324,292.4711,586.4218,439.4464,0.0417,0.7693,0.7507,1481,49.64833333333333
294.20862811728693,292.4715,586.4567,439.4641,0.0333,0.7692,0.7905,1482,49.675000000000004,294.1358168054949,292.5232,586.4567,439.4899,0.0,0.8258,0.7905,1482,49.675000000000004,294.92162332570814,292.1044,586.7791,439.4417,0.0333,0.7801,1.0035,1482,49.675000000000004,295.071894564063,291.9932,586.859,439.4261,0.0,0.7741,0.9182,1482,49.675000000000004,294.20862811728693,292.4715,586.4567,439.4641,0.0333,0.7692,0.7905,1482,49.675000000000004
294.22141037315254,292.4527,586.459,439.4559,0.0083,1.0036,0.8236,1483,49.705000000000005,294.3055605094247,292.3634,586.459,439.4112,0.0,0.9877,0.8236,1483,49.705000000000005,295.1852805984728,291.8603,586.7803,439.3203,0.0167,0.7743,1.0054,1483,49.705000000000005,295.2913508235662,291.7834,586.8602,439.3218,0.0,0.7791,0.9587,1483,49.705000000000005,294.22141037315254,292.4527,586.459,439.4559,0.0083,1.0036,0.8236,1483,49.705000000000005
294.0710358917989,292.5798,586.4475,439.5137,0.0083,0.9235,0.8352,1484,49.75166666666667,294.1584272436122,292.487,586.4475,439.4673,0.0,1.0115,0.8352,1484,49.75166666666667,295.04068720726536,291.9641,586.757,439.3605,0.0167,0.878,0.9613,1484,49.75166666666667,295.1489453695244,291.8847,586.8348,439.3598,0.0,0.8115,0.9603,1484,49.75166666666667,294.0710358917989,292.5798,586.4475,439.5137,0.0083,0.9235,0.8352,1484,49.75166666666667
294.062780371709,292.5738,586.4181,439.4959,0.0167,0.7568,0.7646,1485,49.775000000000006,294.0969996375363,292.5296,586.4181,439.4738,0.0,0.8214,0.7646,1485,49.775000000000006,295.09556199575144,291.9609,586.7703,439.3656,0.025,0.8047,0.6771,1485,49.775000000000006,295.2453201329879,291.8836,586.9089,439.3962,0.0,0.8227,0.8537,1485,49.775000000000006,294.062780371709,292.5738,586.4181,439.4959,0.0167,0.7568,0.7646,1485,49.775000000000006
293.84490738004183,292.8295,586.4782,439.6539,0.0167,0.9558,0.8516,1486,49.803333333333335,293.92917003760084,292.7372,586.4782,439.6077,0.0,0.9293,0.8516,1486,49.803333333333335,294.96124020538844,292.2003,586.9548,439.5775,0.0083,0.9486,0.904,1486,49.803333333333335,295.03046004506155,292.1254,586.9548,439.5401,0.0,0.9745,0.904,1486,49.803333333333335,293.84490738004183,292.8295,586.4782,439.6539,0.0167,0.9558,0.8516,1486,49.803333333333335
294.2275574694787,292.2418,586.2025,439.2221,0.025,0.9651,0.7239,1487,49.83666666666667,294.4119303414359,292.0892,586.2819,439.1855,0.0,0.9377,0.7138,1487,49.83666666666667,295.1293006176717,291.7631,586.6859,439.2245,0.025,0.8644,0.8322,1487,49.83666666666667,295.30203346506465,291.6231,586.714,439.1686,0.0,0.9015,0.8661,1487,49.83666666666667,294.2275574694787,292.2418,586.2025,439.2221,0.025,0.9651,0.7239,1487,49.83666666666667
294.07341489233056,292.5287,586.3814,439.455,0.075,0.6081,0.8904,1488,49.87166666666667,293.9811517201379,292.528,586.2841,439.406,0.0,0.6729,0.8189,1488,49.87166666666667,294.77100960815767,292.1316,586.6114,439.3715,0.025,0.8062,0.9146,1488,49.87166666666667,294.83160580468365,292.1011,586.71,439.4056,0.0,0.8229,0.87,1488,49.87166666666667,294.07341489233056,292.5287,586.3814,439.455,0.075,0.6081,0.8904,1488,49.87166666666667
294.1815769744478,292.3993,586.3811,439.3902,0.0417,0.7641,0.8553,1489,49.903333333333336,294.099887051142,292.4057,586.2838,439.3448,0.0,0.868,0.8327,1489,49.903333333333336,295.007765833046,291.9011,586.6144,439.2578,0.025,0.8711,0.9128,1489,49.903333333333336,295.0665223088947,291.8719,586.713,439.2925,0.0,0.8694,0.8693,1489,49.903333333333336,294.1815769744478,292.3993,586.3811,439.3902,0.0417,0.7641,0.8553,1489,49.903333333333336
294.35824920271136,292.837,587.0032,439.9201,0.0333,0.7358,0.6395,1490,49.93333333333334,294.2839543196086,292.8913,587.0032,439.9473,0.0,0.7861,0.6395,1490,49.93333333333334,295.42602690885025,292.2858,587.5171,439.9015,0.025,0.8135,1.0493,1490,49.93333333333334,295.38774976564093,292.3088,587.5171,439.913,0.0,0.7921,1.0493,1490,49.93333333333334,294.35824920271136,292.837,587.0032,439.9201,0.0333,0.7358,0.6395,1490,49.93333333333334
294.0588100870108,292.7159,586.5724,439.6441,0.05,0.6567,0.8507,1491,49.97166666666667,294.1847271104658,292.5684,586.5724,439.5704,0.0,0.6688,0.8507,1491,49.97166666666667,294.8821152268538,292.1589,586.8291,439.494,0.0333,0.9016,0.7121,1491,49.97166666666667,295.0561790249394,292.0831,586.9723,439.5277,0.0,0.8603,0.7918,1491,49.97166666666667,294.0588100870108,292.7159,586.5724,439.6441,0.05,0.6567,0.8507,1491,49.97166666666667
294.0472040657336,292.75,586.6019,439.6759,0.025,0.757,0.8644,1492,50.00833333333334,294.0191824319561,292.7625,586.6019,439.6822,0.0,0.8352,0.8644,1492,50.00833333333334,294.82723204682327,292.2542,586.8571,439.5556,0.025,0.9693,0.8128,1492,50.00833333333334,294.97956465253014,292.1769,586.9862,439.5816,0.0,0.9254,0.873,1492,50.00833333333334,294.0472040657336,292.75,586.6019,439.6759,0.025,0.757,0.8644,1492,50.00833333333334
293.9609825651367,292.5601,586.3122,439.4362,0.0167,0.7991,0.7978,1493,50.038333333333334,293.9948440761434,292.5157,586.3122,439.414,0.0,0.8563,0.7978,1493,50.038333333333334,294.99264367771,291.9475,586.7408,439.3441,0.0167,0.8177,0.7928,1493,50.038333333333334,295.01117078429706,291.9202,586.7408,439.3305,0.0,0.7845,0.7928,1493,50.038333333333334,293.9609825651367,292.5601,586.3122,439.4362,0.0167,0.7991,0.7978,1493,50.038333333333334
294.2339030437363,292.5346,586.5514,439.543,0.025,0.7725,0.7495,1494,50.07166666666667,294.21764459542203,292.5357,586.5514,439.5436,0.0,0.8555,0.7495,1494,50.07166666666667,295.241186957681,291.926,586.9474,439.4367,0.025,0.8945,0.9918,1494,50.07166666666667,295.20222595488536,291.9498,586.9474,439.4486,0.0,0.834,0.9918,1494,50.07166666666667,294.2339030437363,292.5346,586.5514,439.543,0.025,0.7725,0.7495,1494,50.07166666666667
294.0601203492824,292.4029,586.233,439.3179,0.0167,0.8531,0.8641,1495,50.105000000000004,294.0926722592093,292.3597,586.233,439.2964,0.0,0.945,0.8641,1495,50.105000000000004,294.87283947944854,291.9402,586.5248,439.2325,0.0333,0.7665,0.7971,1495,50.105000000000004,295.06555837160676,291.795,586.6264,439.2107,0.0,0.7657,0.925,1495,50.105000000000004,294.0601203492824,292.4029,586.233,439.3179,0.0167,0.8531,0.8641,1495,50.105000000000004
294.12425160065584,292.5895,586.5247,439.5571,0.0167,0.7811,0.8346,1496,50.13666666666667,294.2271753503528,292.4888,586.5247,439.5068,0.0,0.7927,0.8346,1496,50.13666666666667,295.01702829070575,292.0564,586.8923,439.4744,0.025,0.8092,0.7955,1496,50.13666666666667,295.1695933663682,291.9114,586.8923,439.4019,0.0,0.8262,0.7955,1496,50.13666666666667,294.12425160065584,292.5895,586.5247,439.5571,0.0167,0.7811,0.8346,1496,50.13666666666667
294.16344837381916,292.5293,586.4953,439.5123,0.0167,0.8199,0.7634,1497,50.17,294.19775596505497,292.4865,586.4953,439.4909,0.0,0.8475,0.7634,1497,50.17,295.0244646898426,292.0583,586.839,439.4487,0.0417,0.7974,0.7052,1497,50.17,295.18068486927217,291.913,586.9035,439.4082,0.0,0.8239,0.8389,1497,50.17,294.16344837381916,292.5293,586.4953,439.5123,0.0167,0.8199,0.7634,1497,50.17
294.2591321181253,292.4488,586.4965,439.4726,0.0333,0.7175,0.7614,1498,50.20333333333333,294.1939622218923,292.4943,586.4965,439.4954,0.0,0.8121,0.7614,1498,50.20333333333333,295.006831174605,292.0752,586.8339,439.4545,0.0417,0.7673,0.7121,1498,50.20333333333333,295.1645319251871,291.9288,586.8993,439.414,0.0,0.8011,0.8367,1498,50.20333333333333,294.2591321181253,292.4488,586.4965,439.4726,0.0333,0.7175,0.7614,1498,50.20333333333333
294.1086565043886,292.5687,586.4968,439.5327,0.0333,0.7558,0.755,1499,50.23666666666667,294.2520840267398,292.4399,586.4968,439.4684,0.0,0.8112,0.755,1499,50.23666666666667,295.1085475641363,291.9917,586.8385,439.4151,0.0333,0.7743,0.6945,1499,50.23666666666667,295.24180808196877,291.8597,586.9048,439.3822,0.0,0.8404,0.8334,1499,50.23666666666667,294.1086565043886,292.5687,586.4968,439.5327,0.0333,0.7558,0.755,1499,50.23666666666667
293.97656466143127,292.588,586.3398,439.4639,0.0583,0.87,0.6737,1500,50.27166666666667,294.2246805139055,292.4386,586.4632,439.4509,0.0,0.7653,0.7992,1500,50.27166666666667,295.1622489636269,291.8964,586.8719,439.3842,0.0417,0.7377,0.9038,1500,50.27166666666667,295.16287935062985,291.8638,586.8298,439.3468,0.0,0.7976,0.8029,1500,50.27166666666667,293.97656466143127,292.588,586.3398,439.4639,0.0583,0.87,0.6737,1500,50.27166666666667
293.92040840535145,292.5869,586.3132,439.45,0.0417,0.8583,0.8401,1501,50.303333333333335,294.09182459651885,292.4373,586.3132,439.3753,0.0,0.7963,0.8401,1501,50.303333333333335,295.0138857287709,291.8914,586.6451,439.2683,0.05,0.7079,0.7,1501,50.303333333333335,295.03149629398706,291.8602,586.6749,439.2676,0.0,0.8068,0.7873,1501,50.303333333333335,293.92040840535145,292.5869,586.3132,439.45,0.0417,0.8583,0.8401,1501,50.303333333333335
294.10958366046157,292.604,586.5522,439.5781,0.025,0.6916,0.8021,1502,50.33833333333334,294.1899426241092,292.5034,586.5123,439.5078,0.0,0.7659,0.7476,1502,50.33833333333334,294.95947901553217,292.1059,586.8821,439.494,0.0167,0.8513,0.9062,1502,50.33833333333334,295.09457003826424,291.9677,586.8821,439.4249,0.0,0.7766,0.9062,1502,50.33833333333334,294.10958366046157,292.604,586.5522,439.5781,0.025,0.6916,0.8021,1502,50.33833333333334
294.08697152113336,292.3622,586.2304,439.2963,0.0083,1.0002,0.9369,1503,50.37166666666667,294.17106733053197,292.2729,586.2304,439.2516,0.0,0.892,0.9369,1503,50.37166666666667,295.1491674921621,291.6866,586.6684,439.1775,0.0417,0.7774,0.8638,1503,50.37166666666667,295.05066298979307,291.7092,586.5609,439.135,0.0,0.8345,0.7996,1503,50.37166666666667,294.08697152113336,292.3622,586.2304,439.2963,0.0083,1.0002,0.9369,1503,50.37166666666667
294.0070100691481,292.5849,586.3714,439.4782,0.0333,0.745,0.7413,1504,50.405,294.09801460932977,292.4887,586.3896,439.4392,0.0,0.8194,0.869,1504,50.405,294.9139938825296,292.0702,586.8145,439.4423,0.0417,0.7406,0.9235,1504,50.405,294.9576177355734,291.9806,586.7491,439.3648,0.0,0.7624,0.879,1504,50.405,294.0070100691481,292.5849,586.3714,439.4782,0.0333,0.745,0.7413,1504,50.405
294.2105694654829,292.4135,586.369,439.3913,0.05,0.6243,0.8571,1505,50.440000000000005,294.1341660559774,292.4622,586.369,439.4156,0.0,0.7129,0.8571,1505,50.440000000000005,295.0146238065055,291.9347,586.6676,439.3011,0.025,0.748,1.0205,1505,50.440000000000005,295.0714645687003,291.9078,586.7691,439.3384,0.0,0.8789,1.0601,1505,50.440000000000005,294.2105694654829,292.4135,586.369,439.3913,0.05,0.6243,0.8571,1505,50.440000000000005
294.4249623028412,292.4142,586.6166,439.5154,0.05,0.5933,0.7681,1506,50.47166666666667,294.34890365359547,292.4626,586.6166,439.5396,0.0,0.7003,0.7681,1506,50.47166666666667,295.3113473663475,291.8682,586.9846,439.4264,0.0333,0.7332,0.8202,1506,50.47166666666667,295.2197498895835,291.9448,586.9846,439.4647,0.0,0.8798,0.8202,1506,50.47166666666667,294.4249623028412,292.4142,586.6166,439.5154,0.05,0.5933,0.7681,1506,50.47166666666667
294.0510754404431,292.8104,586.6682,439.7393,0.0417,0.6349,0.6826,1507,50.50833333333334,294.02723550836845,292.811,586.6682,439.7396,0.0,0.7371,0.6826,1507,50.50833333333334,295.06349035975165,292.1978,587.1135,439.6557,0.0333,0.7102,0.8846,1507,50.50833333333334,295.00236138003675,292.2278,587.0746,439.6512,0.0,0.8344,0.9481,1507,50.50833333333334,294.0510754404431,292.8104,586.6682,439.7393,0.0417,0.6349,0.6826,1507,50.50833333333334
294.091159869104,292.7857,586.673,439.7294,0.0417,0.6509,0.8037,1508,50.53666666666667,294.067075103757,292.7866,586.673,439.7298,0.0,0.7001,0.8037,1508,50.53666666666667,295.09220730453535,292.2076,587.1607,439.6842,0.0333,0.8374,0.8314,1508,50.53666666666667,295.06012671329233,292.1885,587.0767,439.6326,0.0,0.867,0.9008,1508,50.53666666666667,294.091159869104,292.7857,586.673,439.7294,0.0417,0.6509,0.8037,1508,50.53666666666667
294.02859801020986,292.7454,586.5454,439.6454,0.025,0.7509,0.6908,1509,50.57333333333334,294.0003787210534,292.7583,586.5454,439.6518,0.0,0.8149,0.6908,1509,50.57333333333334,294.88788666811456,292.233,586.8643,439.5487,0.0167,0.8971,0.8008,1509,50.57333333333334,294.9934229493139,292.1605,586.9553,439.5579,0.0,0.8836,0.8105,1509,50.57333333333334,294.02859801020986,292.7454,586.5454,439.6454,0.025,0.7509,0.6908,1509,50.57333333333334
293.8741454754691,292.6149,586.2468,439.4309,0.05,0.9,0.9161,1510,50.60333333333334,294.09451687509375,292.4628,586.3344,439.3986,0.0,0.9602,0.8305,1510,50.60333333333334,294.9937683667083,291.9226,586.6797,439.3012,0.025,0.9166,0.8598,1510,50.60333333333334,295.0592618610282,291.8473,586.7045,439.2759,0.0,0.96,0.9176,1510,50.60333333333334,293.8741454754691,292.6149,586.2468,439.4309,0.05,0.9,0.9161,1510,50.60333333333334
294.0214733960281,292.5141,586.2442,439.3792,0.025,0.8287,0.9044,1511,50.638333333333335,294.08541355554064,292.4722,586.3312,439.4017,0.0,0.879,0.8236,1511,50.638333333333335,295.02882239502685,291.8858,586.6726,439.2792,0.0333,0.7476,0.824,1511,50.638333333333335,295.0431905138911,291.8572,586.6964,439.2768,0.0,0.8773,0.8821,1511,50.638333333333335,294.0214733960281,292.5141,586.2442,439.3792,0.025,0.8287,0.9044,1511,50.638333333333335
294.084272313081,292.4567,586.2416,439.3492,0.025,0.8551,0.8827,1512,50.67666666666667,294.1431513722773,292.4196,586.3291,439.3743,0.0,0.9286,0.7995,1512,50.67666666666667,295.04863123212345,291.8664,586.6688,439.2676,0.025,0.8214,0.7368,1512,50.67666666666667,295.1154021176465,291.7901,586.694,439.242,0.0,0.8862,0.8384,1512,50.67666666666667,294.084272313081,292.4567,586.2416,439.3492,0.025,0.8551,0.8827,1512,50.67666666666667
294.0095038787351,292.5232,586.2422,439.3827,0.025,0.8909,0.8548,1513,50.708333333333336,294.0724333865069,292.4821,586.3294,439.4058,0.0,0.9032,0.7764,1513,50.708333333333336,294.97492304452254,291.9352,586.6722,439.3037,0.025,0.7908,0.7349,1513,50.708333333333336,295.0429453204954,291.8573,586.697,439.2771,0.0,0.8126,0.8353,1513,50.708333333333336,294.0095038787351,292.5232,586.2422,439.3827,0.025,0.8909,0.8548,1513,50.708333333333336
294.0088457804012,292.5235,586.2421,439.3828,0.025,0.8837,0.8691,1514,50.73666666666667,294.07185214729435,292.4824,586.3293,439.4059,0.0,0.9013,0.7798,1514,50.73666666666667,294.9819592779796,291.9334,586.6754,439.3044,0.025,0.8002,0.7315,1514,50.73666666666667,295.0500413076418,291.8555,586.7008,439.2782,0.0,0.8107,0.8343,1514,50.73666666666667,294.0088457804012,292.5235,586.2421,439.3828,0.025,0.8837,0.8691,1514,50.73666666666667
294.1981555874677,292.4769,586.4641,439.4705,0.0333,0.8218,0.8084,1515,50.78166666666667,294.1258027659236,292.561,586.4641,439.5126,0.0,0.8283,0.8084,1515,50.78166666666667,295.00119581147214,292.0248,586.8334,439.4291,0.0333,0.7736,0.8337,1515,50.78166666666667,295.0566942874542,292.0013,586.8334,439.4173,0.0,0.8399,0.8337,1515,50.78166666666667,294.1981555874677,292.4769,586.4641,439.4705,0.0333,0.8218,0.8084,1515,50.78166666666667
294.2047333407434,292.4709,586.4642,439.4675,0.0333,0.8351,0.8045,1516,50.80833333333334,294.1322750404653,292.5551,586.4642,439.5096,0.0,0.8571,0.8045,1516,50.80833333333334,294.9803192198059,292.0522,586.8319,439.442,0.025,0.7418,0.8399,1516,50.80833333333334,295.05301042858173,292.004,586.8319,439.4179,0.0,0.8462,0.8399,1516,50.80833333333334,294.2047333407434,292.4709,586.4642,439.4675,0.0333,0.8351,0.8045,1516,50.80833333333334
294.1247442441172,292.5129,586.3846,439.4487,0.0333,0.7996,0.745,1517,50.83833333333334,294.13184430749465,292.552,586.4581,439.505,0.0,0.8639,0.8086,1517,50.83833333333334,294.9904793975513,292.0277,586.8246,439.4262,0.0333,0.7033,0.8117,1517,50.83833333333334,295.0458006884403,292.0041,586.8246,439.4143,0.0,0.8403,0.8117,1517,50.83833333333334,294.1247442441172,292.5129,586.3846,439.4487,0.0333,0.7996,0.745,1517,50.83833333333334
294.16199950393036,292.5104,586.4642,439.4873,0.025,0.7935,0.8574,1518,50.88,294.13931310309283,292.5496,586.4642,439.5069,0.0,0.8613,0.8574,1518,50.88,295.03632984860917,291.9999,586.8314,439.4157,0.0333,0.7865,0.7972,1518,50.88,295.0550320958861,292.0001,586.8314,439.4158,0.0,0.8404,0.7972,1518,50.88,294.16199950393036,292.5104,586.4642,439.4873,0.025,0.7935,0.8574,1518,50.88
294.15650292040857,292.5103,586.4574,439.4839,0.025,0.7852,0.8567,1519,50.90833333333334,294.13360117643094,292.5497,586.4574,439.5036,0.0,0.8615,0.8567,1519,50.90833333333334,295.03244759212026,291.9966,586.824,439.4103,0.0333,0.7874,0.7394,1519,50.90833333333334,295.05089065713514,291.9971,586.824,439.4105,0.0,0.8424,0.7394,1519,50.90833333333334,294.15650292040857,292.5103,586.4574,439.4839,0.025,0.7852,0.8567,1519,50.90833333333334
294.15360132501326,292.5108,586.4554,439.4831,0.025,0.7975,0.8618,1520,50.93666666666667,294.1305089188408,292.5503,586.4554,439.5029,0.0,0.8206,0.8618,1520,50.93666666666667,295.03504853394634,291.9965,586.8256,439.411,0.0333,0.7842,0.7406,1520,50.93666666666667,295.05356385216635,291.9973,586.8256,439.4115,0.0,0.8565,0.7406,1520,50.93666666666667,294.15360132501326,292.5108,586.4554,439.4831,0.025,0.7975,0.8618,1520,50.93666666666667
294.149249951887,292.5128,586.4536,439.4832,0.025,0.7873,0.853,1521,50.983333333333334,294.12624106285693,292.5522,586.4536,439.5029,0.0,0.8304,0.853,1521,50.983333333333334,294.9890103082048,292.0246,586.8215,439.4231,0.0333,0.6975,0.7481,1521,50.983333333333334,295.044217332081,292.0009,586.8215,439.4112,0.0,0.8406,0.7481,1521,50.983333333333334,294.149249951887,292.5128,586.4536,439.4832,0.025,0.7873,0.853,1521,50.983333333333334
294.18684165487184,292.4772,586.4549,439.4661,0.025,0.8467,0.8524,1522,51.00833333333334,294.16201376328104,292.5184,586.4549,439.4866,0.0,0.8494,0.8524,1522,51.00833333333334,295.115681107521,291.9161,586.8218,439.369,0.0417,0.7386,0.7489,1522,51.00833333333334,295.0770410038243,291.9694,586.8218,439.3956,0.0,0.8158,0.7489,1522,51.00833333333334,294.18684165487184,292.4772,586.4549,439.4661,0.025,0.8467,0.8524,1522,51.00833333333334
294.16169714200515,292.7807,586.7702,439.7754,0.0167,0.9171,0.8115,1523,51.038333333333334,294.1844110536274,292.7782,586.7702,439.7742,0.0,0.8811,0.8115,1523,51.038333333333334,295.06785713327656,292.2345,587.1392,439.6868,0.025,0.9366,0.9123,1523,51.038333333333334,295.11909978675294,292.2455,587.1734,439.7094,0.0,0.86,0.9167,1523,51.038333333333334,294.16169714200515,292.7807,586.7702,439.7754,0.0167,0.9171,0.8115,1523,51.038333333333334
294.12132508818854,292.7845,586.7338,439.7592,0.0167,0.9282,0.7931,1524,51.08166666666667,294.14655655987076,292.7787,586.7338,439.7563,0.0,0.901,0.7931,1524,51.08166666666667,295.0009979707294,292.2379,587.0806,439.6593,0.025,0.8821,0.865,1524,51.08166666666667,295.0556119400203,292.2471,587.116,439.6816,0.0,0.857,0.8905,1524,51.08166666666667,294.12132508818854,292.7845,586.7338,439.7592,0.0167,0.9282,0.7931,1524,51.08166666666667
294.136831715786,292.7153,586.6645,439.6899,0.0417,0.7181,0.7292,1525,51.108333333333334,294.20918763633165,292.6289,586.6645,439.6467,0.0,0.7442,0.7292,1525,51.108333333333334,295.0113303145244,292.2244,586.9912,439.6078,0.0417,0.7355,0.7877,1525,51.108333333333334,295.0623441125357,292.199,587.0784,439.6387,0.0,0.8155,0.7445,1525,51.108333333333334,294.136831715786,292.7153,586.6645,439.6899,0.0417,0.7181,0.7292,1525,51.108333333333334
294.2036609374585,292.4711,586.4785,439.4748,0.0417,0.7126,0.7846,1526,51.138333333333335,294.10186649966306,292.5297,586.4352,439.4825,0.0,0.9274,0.7425,1526,51.138333333333335,295.00480691017754,291.9951,586.736,439.3655,0.0417,0.7636,0.7505,1526,51.138333333333335,295.05773221861665,291.9676,586.8236,439.3956,0.0,0.7585,0.7778,1526,51.138333333333335,294.2036609374585,292.4711,586.4785,439.4748,0.0417,0.7126,0.7846,1526,51.138333333333335
294.1406181641722,292.5334,586.4688,439.5011,0.0583,0.7066,0.8009,1527,51.17166666666667,294.133905895255,292.4882,586.4258,439.457,0.0,0.7949,0.7568,1527,51.17166666666667,295.0429441720147,291.9749,586.807,439.391,0.0333,0.7241,0.7915,1527,51.17166666666667,295.05455749470593,291.9516,586.807,439.3793,0.0,0.7678,0.7915,1527,51.17166666666667,294.1406181641722,292.5334,586.4688,439.5011,0.0583,0.7066,0.8009,1527,51.17166666666667
294.08602687313345,292.3994,586.2007,439.3,0.0583,0.645,0.8681,1528,51.205000000000005,294.03933954854006,292.4509,586.2831,439.367,0.0,0.7543,0.8851,1528,51.205000000000005,294.9702486660018,291.9195,586.6328,439.2762,0.05,0.7244,0.8344,1528,51.205000000000005,294.97863983500423,291.8973,586.6634,439.2804,0.0,0.7345,0.9285,1528,51.205000000000005,294.08602687313345,292.3994,586.2007,439.3,0.0583,0.645,0.8681,1528,51.205000000000005
294.0458406669141,292.4913,586.2987,439.395,0.05,0.6939,0.9262,1529,51.23666666666667,294.0613247563735,292.4468,586.2987,439.3727,0.0,0.7621,0.9262,1529,51.23666666666667,295.01891602588273,291.9094,586.729,439.3192,0.0417,0.7299,0.9616,1529,51.23666666666667,294.9846620046907,291.8866,586.6651,439.2758,0.0,0.7804,0.948,1529,51.23666666666667,294.0458406669141,292.4913,586.2987,439.395,0.05,0.6939,0.9262,1529,51.23666666666667
294.1398090177755,292.3901,586.2996,439.3448,0.0333,0.7187,0.926,1530,51.27166666666667,294.06358627447634,292.4452,586.2996,439.3724,0.0,0.7963,0.926,1530,51.27166666666667,295.0202164164748,291.9087,586.7295,439.3191,0.0417,0.7287,0.9633,1530,51.27166666666667,294.98588618336913,291.886,586.6655,439.2757,0.0,0.779,0.9473,1530,51.27166666666667,294.1398090177755,292.3901,586.2996,439.3448,0.0333,0.7187,0.926,1530,51.27166666666667
294.1980461698155,292.3387,586.2636,439.3011,0.05,0.7404,0.8001,1531,51.303333333333335,294.09888061276484,292.4437,586.3419,439.3928,0.0,0.756,0.8614,1531,51.303333333333335,295.057628251306,291.9088,586.775,439.3419,0.0417,0.7274,0.8527,1531,51.303333333333335,295.0231584563139,291.8861,586.7109,439.2985,0.0,0.7772,0.8124,1531,51.303333333333335,294.1980461698155,292.3387,586.2636,439.3011,0.05,0.7404,0.8001,1531,51.303333333333335
294.1402058435042,292.4444,586.3441,439.3943,0.0333,0.7375,0.7976,1532,51.33666666666667,294.1442778098665,292.4544,586.415,439.4347,0.0,0.8496,0.844,1532,51.33666666666667,295.02506851285443,291.9187,586.7446,439.3317,0.0417,0.7022,0.7869,1532,51.33666666666667,295.07986608990984,291.895,586.7924,439.3437,0.0,0.7292,0.837,1532,51.33666666666667,294.1402058435042,292.4444,586.3441,439.3943,0.0333,0.7375,0.7976,1532,51.33666666666667
294.1324824254049,292.4422,586.3374,439.3898,0.0333,0.7241,0.7711,1533,51.370000000000005,294.13707441552367,292.4517,586.4075,439.4296,0.0,0.8271,0.83,1533,51.370000000000005,294.88533334916224,291.9334,586.5936,439.2635,0.0667,0.7035,0.7505,1533,51.370000000000005,295.0643040509227,291.9084,586.7897,439.3491,0.0,0.7078,0.8303,1533,51.370000000000005,294.1324824254049,292.4422,586.3374,439.3898,0.0333,0.7241,0.7711,1533,51.370000000000005
294.13088709807687,292.4428,586.3365,439.3896,0.0333,0.7529,0.7847,1534,51.403333333333336,294.1357042591152,292.452,586.4062,439.4291,0.0,0.8339,0.8522,1534,51.403333333333336,294.88592377963556,291.9329,586.5937,439.2633,0.0667,0.7031,0.7478,1534,51.403333333333336,295.06485356552434,291.908,586.7898,439.3489,0.0,0.707,0.8277,1534,51.403333333333336,294.13088709807687,292.4428,586.3365,439.3896,0.0333,0.7529,0.7847,1534,51.403333333333336
294.06615491522393,292.5416,586.4165,439.479,0.0333,0.8353,0.9155,1535,51.43833333333334,294.1694406873262,292.4719,586.4165,439.4442,0.0,0.8813,0.9155,1535,51.43833333333334,295.0869982162027,291.9453,586.8125,439.3789,0.025,0.716,0.917,1535,51.43833333333334,295.04545752801494,292.0002,586.8125,439.4064,0.0,0.9018,0.917,1535,51.43833333333334,294.06615491522393,292.5416,586.4165,439.479,0.0333,0.8353,0.9155,1535,51.43833333333334
294.244337464782,292.3835,586.4132,439.3984,0.0333,0.7808,0.9107,1536,51.47166666666667,294.1661104738673,292.4737,586.4132,439.4434,0.0,0.877,0.9107,1536,51.47166666666667,295.08791669890286,291.943,586.8102,439.3766,0.025,0.7103,0.9195,1536,51.47166666666667,295.0464402329901,291.9981,586.8102,439.4041,0.0,0.8985,0.9195,1536,51.47166666666667,294.244337464782,292.3835,586.4132,439.3984,0.0333,0.7808,0.9107,1536,51.47166666666667
294.0704186940358,292.5366,586.4144,439.4755,0.0333,0.8448,0.9493,1537,51.505,294.17423940930394,292.4666,586.4144,439.4405,0.0,0.8781,0.9493,1537,51.505,295.077859358125,291.9495,586.8076,439.3786,0.025,0.7207,0.9085,1537,51.505,295.03623643448145,292.0044,586.8076,439.406,0.0,0.8864,0.9085,1537,51.505,294.0704186940358,292.5366,586.4144,439.4755,0.0333,0.8448,0.9493,1537,51.505
294.2488160846932,292.3817,586.4153,439.3985,0.0333,0.7817,0.9165,1538,51.54166666666667,294.1701469669342,292.4722,586.4153,439.4438,0.0,0.8792,0.9165,1538,51.54166666666667,295.0855247158984,291.9483,586.8126,439.3804,0.025,0.7313,0.9128,1538,51.54166666666667,295.0443265683257,292.003,586.8126,439.4078,0.0,0.8884,0.9128,1538,51.54166666666667,294.2488160846932,292.3817,586.4153,439.3985,0.0333,0.7817,0.9165,1538,51.54166666666667
294.30051236113275,292.3891,586.4609,439.425,0.0417,0.7931,0.8939,1539,51.57166666666667,294.24640671253945,292.4829,586.5251,439.504,0.0,0.893,0.7938,1539,51.57166666666667,295.16334159981557,291.954,586.926,439.44,0.025,0.7355,0.9776,1539,51.57166666666667,295.1195349465646,292.0107,586.926,439.4684,0.0,0.8826,0.9776,1539,51.57166666666667,294.30051236113275,292.3891,586.4609,439.425,0.0417,0.7931,0.8939,1539,51.57166666666667
294.12511216968505,292.7666,586.7572,439.7619,0.0417,0.8338,0.8065,1540,51.60333333333334,294.0606433169158,292.8027,586.6757,439.7392,0.0,0.9141,0.849,1540,51.60333333333334,294.98531748066375,292.2464,587.0786,439.6625,0.0417,0.7113,0.885,1540,51.60333333333334,294.9826131392605,292.244,587.0359,439.64,0.0,0.8391,0.8611,1540,51.60333333333334,294.12511216968505,292.7666,586.7572,439.7619,0.0417,0.8338,0.8065,1540,51.60333333333334
294.0658531074126,292.7746,586.6661,439.7204,0.025,0.8805,0.8911,1541,51.63666666666667,294.0457048349825,292.8109,586.6661,439.7385,0.0,0.9096,0.8911,1541,51.63666666666667,295.04857765718907,292.2065,587.1207,439.6636,0.0583,0.6967,0.9163,1541,51.63666666666667,294.96923398226363,292.2555,587.0345,439.645,0.0,0.7706,0.7985,1541,51.63666666666667,294.0658531074126,292.7746,586.6661,439.7204,0.025,0.8805,0.8911,1541,51.63666666666667
293.98578587489044,292.6337,586.4012,439.5174,0.025,0.8359,0.9244,1542,51.67166666666667,293.9593719460081,292.6772,586.4012,439.5392,0.0,0.91,0.9244,1542,51.67166666666667,294.97664156097915,292.0649,586.8405,439.4527,0.05,0.7117,0.7951,1542,51.67166666666667,294.8954017523591,292.1152,586.7728,439.444,0.0,0.8605,0.8452,1542,51.67166666666667,293.98578587489044,292.6337,586.4012,439.5174,0.025,0.8359,0.9244,1542,51.67166666666667
294.07022350199975,292.5485,586.3972,439.4728,0.0333,0.8004,0.923,1543,51.70333333333333,293.99356981132166,292.6367,586.3972,439.5169,0.0,0.8968,0.923,1543,51.70333333333333,295.0098597370122,292.0255,586.8365,439.431,0.05,0.6995,0.8165,1543,51.70333333333333,294.92897470484183,292.0757,586.7692,439.4224,0.0,0.7417,0.8391,1543,51.70333333333333,294.07022350199975,292.5485,586.3972,439.4728,0.0333,0.8004,0.923,1543,51.70333333333333
294.01879013356745,292.5599,586.3668,439.4634,0.0167,0.9395,0.9305,1544,51.73666666666667,294.0481997018429,292.5531,586.3668,439.46,0.0,0.8657,0.9305,1544,51.73666666666667,294.9780454391514,291.985,586.7434,439.3642,0.0333,0.772,0.872,1544,51.73666666666667,294.9996814632347,291.9843,586.7434,439.3638,0.0,0.863,0.872,1544,51.73666666666667,294.01879013356745,292.5599,586.3668,439.4634,0.0167,0.9395,0.9305,1544,51.73666666666667
294.1334213314056,292.4793,586.3818,439.4306,0.0167,0.8484,1.0043,1545,51.775000000000006,294.16521617016474,292.4366,586.3818,439.4092,0.0,0.8642,1.0043,1545,51.775000000000006,295.07647927564415,291.9002,586.7412,439.3207,0.0333,0.6987,1.0857,1545,51.775000000000006,295.09041495143003,291.8735,586.7412,439.3073,0.0,0.7657,1.0857,1545,51.775000000000006,294.1334213314056,292.4793,586.3818,439.4306,0.0167,0.8484,1.0043,1545,51.775000000000006
294.12913947941695,292.4811,586.3783,439.4297,0.0167,0.855,0.9957,1546,51.80833333333334,294.16116195442044,292.4382,586.3783,439.4082,0.0,0.8639,0.9957,1546,51.80833333333334,295.0779711226496,291.8987,586.7404,439.3195,0.0333,0.6919,1.0712,1546,51.80833333333334,295.0918173237551,291.872,586.7404,439.3062,0.0,0.7761,1.0712,1546,51.80833333333334,294.12913947941695,292.4811,586.3783,439.4297,0.0167,0.855,0.9957,1546,51.80833333333334
294.1290396122199,292.4799,586.3769,439.4284,0.0167,0.8442,0.9943,1547,51.83666666666667,294.1609834951736,292.4371,586.3769,439.407,0.0,0.861,0.9943,1547,51.83666666666667,295.07667393034023,291.9001,586.7405,439.3203,0.0333,0.6935,1.0662,1547,51.83666666666667,295.0907376060967,291.8732,586.7405,439.3069,0.0,0.7712,1.0662,1547,51.83666666666667,294.1290396122199,292.4799,586.3769,439.4284,0.0167,0.8442,0.9943,1547,51.83666666666667
294.1226214138902,292.4852,586.3757,439.4304,0.0167,0.858,0.9953,1548,51.87166666666667,294.15753835941916,292.4397,586.3757,439.4077,0.0,0.8592,0.9953,1548,51.87166666666667,295.06687066132173,291.9106,586.7394,439.325,0.0333,0.6756,1.0684,1548,51.87166666666667,295.0833412990857,291.8815,586.7394,439.3105,0.0,0.7247,1.0684,1548,51.87166666666667,294.1226214138902,292.4852,586.3757,439.4304,0.0167,0.858,0.9953,1548,51.87166666666667
294.2154073323543,292.4734,586.4765,439.4749,0.025,0.829,1.005,1549,51.905,294.19705370354035,292.4762,586.4765,439.4764,0.0,0.8493,1.005,1549,51.905,295.1270632576675,291.9392,586.8526,439.3959,0.0333,0.6898,1.1056,1549,51.905,295.13919020786193,291.9141,586.8526,439.3834,0.0,0.677,1.1056,1549,51.905,294.2154073323543,292.4734,586.4765,439.4749,0.025,0.829,1.005,1549,51.905
294.2142688221579,292.47,586.47,439.47,0.025,0.8328,0.9485,1550,51.93833333333334,294.19552725945323,292.4732,586.47,439.4716,0.0,0.8518,0.9485,1550,51.93833333333334,295.1284590337933,291.9344,586.847,439.3907,0.0333,0.7115,1.0788,1550,51.93833333333334,295.1429223331263,291.907,586.847,439.377,0.0,0.7124,1.0788,1550,51.93833333333334,294.2142688221579,292.47,586.47,439.47,0.025,0.8328,0.9485,1550,51.93833333333334
294.19315097298943,292.472,586.4476,439.4598,0.025,0.8365,0.9589,1551,51.970000000000006,294.17447545029063,292.4751,586.4476,439.4613,0.0,0.8507,0.9589,1551,51.970000000000006,295.1110983813075,291.936,586.8285,439.3822,0.0333,0.7018,1.0438,1551,51.970000000000006,295.12605596665276,291.9081,586.8285,439.3683,0.0,0.7122,1.0438,1551,51.970000000000006,294.19315097298943,292.472,586.4476,439.4598,0.025,0.8365,0.9589,1551,51.970000000000006
294.25439829639106,292.4149,586.4473,439.4311,0.0417,0.8075,0.9788,1552,52.00833333333334,294.13127390718245,292.5435,586.4473,439.4954,0.0,0.8896,0.9788,1552,52.00833333333334,295.1182207682641,291.9247,586.8255,439.3751,0.0417,0.655,1.0027,1552,52.00833333333334,295.0793163320736,291.9783,586.8255,439.4019,0.0,0.8402,1.0027,1552,52.00833333333334,294.25439829639106,292.4149,586.4473,439.4311,0.0417,0.8075,0.9788,1552,52.00833333333334
294.2058273109524,292.4567,586.4467,439.4517,0.0333,0.8226,0.9788,1553,52.04166666666667,294.1341522868002,292.5397,586.4467,439.4932,0.0,0.9035,0.9788,1553,52.04166666666667,295.11841754935585,291.9226,586.8247,439.3736,0.0417,0.6602,1.0114,1553,52.04166666666667,295.07955999493026,291.9762,586.8247,439.4004,0.0,0.8271,1.0114,1553,52.04166666666667,294.2058273109524,292.4567,586.4467,439.4517,0.0333,0.8226,0.9788,1553,52.04166666666667
294.2562087160542,292.4085,586.4439,439.4262,0.0417,0.8062,0.9696,1554,52.07,294.1324220472546,292.5378,586.4439,439.4909,0.0,0.8969,0.9696,1554,52.07,295.1203973166808,291.9173,586.8224,439.3698,0.0417,0.6718,1.0118,1554,52.07,295.084479614679,291.9682,586.8224,439.3953,0.0,0.8397,1.0118,1554,52.07,294.2562087160542,292.4085,586.4439,439.4262,0.0417,0.8062,0.9696,1554,52.07
294.11028410061317,292.531,586.426,439.4785,0.0167,0.8143,0.8161,1555,52.11166666666667,294.14250498242563,292.4879,586.426,439.4569,0.0,0.8553,0.8161,1555,52.11166666666667,294.9755427012442,292.101,586.8643,439.4826,0.025,0.757,0.894,1555,52.11166666666667,295.1264112508816,291.9563,586.8643,439.4103,0.0,0.8558,0.894,1555,52.11166666666667,294.11028410061317,292.531,586.426,439.4785,0.0167,0.8143,0.8161,1555,52.11166666666667
294.11127809268413,292.5268,586.4219,439.4744,0.0167,0.8195,0.8278,1556,52.14166666666667,294.14331949374287,292.4839,586.4219,439.4529,0.0,0.8279,0.8278,1556,52.14166666666667,294.97362449646437,292.0976,586.8595,439.4785,0.025,0.7583,0.9207,1556,52.14166666666667,295.1243139436813,291.9531,586.8595,439.4063,0.0,0.8583,0.9207,1556,52.14166666666667,294.11127809268413,292.5268,586.4219,439.4744,0.0167,0.8195,0.8278,1556,52.14166666666667
294.1132722642294,292.7567,586.6917,439.7242,0.0083,0.8945,0.7304,1557,52.17,294.1992388283371,292.6667,586.6917,439.6792,0.0,0.8483,0.7304,1557,52.17,295.05846413811184,292.2456,587.0694,439.6575,0.0167,0.8975,0.8273,1557,52.17,295.16804038214826,292.1669,587.1527,439.6598,0.0,0.95,0.8447,1557,52.17,294.1132722642294,292.7567,586.6917,439.7242,0.0083,0.8945,0.7304,1557,52.17
294.2827238157753,292.6082,586.6972,439.6527,0.0417,0.6871,0.755,1558,52.21166666666667,294.1614439774212,292.7065,586.6972,439.7018,0.0,0.7984,0.755,1558,52.21166666666667,295.0790683164805,292.22,587.0638,439.6419,0.025,0.8707,0.8538,1558,52.21166666666667,295.1304140115242,292.1948,587.1463,439.6705,0.0,0.8631,0.8488,1558,52.21166666666667,294.2827238157753,292.6082,586.6972,439.6527,0.0417,0.6871,0.755,1558,52.21166666666667
294.04729475426814,292.7172,586.5589,439.6381,0.0167,0.7828,0.709,1559,52.24166666666667,294.0837913138828,292.6704,586.5589,439.6146,0.0,0.8707,0.709,1559,52.24166666666667,294.95211465722707,292.2405,587.0135,439.627,0.025,0.8723,0.8548,1559,52.24166666666667,295.043357786995,292.1618,587.0002,439.581,0.0,0.8589,0.8302,1559,52.24166666666667,294.04729475426814,292.7172,586.5589,439.6381,0.0167,0.7828,0.709,1559,52.24166666666667
294.1831980398769,292.5545,586.5114,439.5329,0.0417,0.6376,0.7486,1560,52.27166666666667,294.06000178284535,292.6524,586.5114,439.5819,0.0,0.8193,0.7486,1560,52.27166666666667,294.9426296613159,292.214,586.9685,439.5912,0.025,0.8929,0.857,1560,52.27166666666667,295.0329416257755,292.136,586.9549,439.5455,0.0,0.8732,0.8578,1560,52.27166666666667,294.1831980398769,292.5545,586.5114,439.5329,0.0417,0.6376,0.7486,1560,52.27166666666667
294.2828940412788,292.4466,586.5061,439.4764,0.0333,0.664,0.7776,1561,52.315000000000005,294.20984372867406,292.4985,586.5061,439.5023,0.0,0.7471,0.7776,1561,52.315000000000005,295.1033157342438,292.0268,586.9147,439.4707,0.0333,0.7714,0.8501,1561,52.315000000000005,295.21803623734434,291.9475,586.9461,439.4468,0.0,0.8233,0.8668,1561,52.315000000000005,294.2828940412788,292.4466,586.5061,439.4764,0.0333,0.664,0.7776,1561,52.315000000000005
294.24274416662786,292.4462,586.4642,439.4552,0.0333,0.6971,0.8362,1562,52.34166666666667,294.16947709953934,292.4982,586.4642,439.4812,0.0,0.7371,0.8362,1562,52.34166666666667,295.12961187861004,291.9688,586.8783,439.4236,0.025,0.8316,0.8364,1562,52.34166666666667,295.18747920516284,291.9443,586.9101,439.4272,0.0,0.8198,0.8782,1562,52.34166666666667,294.24274416662786,292.4462,586.4642,439.4552,0.0333,0.6971,0.8362,1562,52.34166666666667
294.20817416642217,292.4456,586.4433,439.4444,0.05,0.6983,0.7699,1563,52.370000000000005,294.15526407640704,292.4977,586.4503,439.474,0.0,0.7352,0.7487,1563,52.370000000000005,295.1149775561445,291.9708,586.8666,439.4187,0.025,0.8284,0.8162,1563,52.370000000000005,295.17320564958095,291.9461,586.8987,439.4224,0.0,0.8296,0.8658,1563,52.370000000000005,294.20817416642217,292.4456,586.4433,439.4444,0.05,0.6983,0.7699,1563,52.370000000000005
294.21064584805157,292.4464,586.4371,439.4418,0.0333,0.7117,0.782,1564,52.413333333333334,294.1394168648043,292.4966,586.4371,439.4669,0.0,0.7304,0.782,1564,52.413333333333334,295.1315063971943,291.9743,586.8818,439.4281,0.0167,0.8233,0.9068,1564,52.413333333333334,295.14592757491755,291.9495,586.8818,439.4156,0.0,0.8365,0.9068,1564,52.413333333333334,294.21064584805157,292.4464,586.4371,439.4418,0.0333,0.7117,0.782,1564,52.413333333333334
294.1357118499449,292.511,586.4309,439.4709,0.0167,0.7645,0.9904,1565,52.44166666666667,294.16976152108816,292.4665,586.4309,439.4487,0.0,0.8086,0.9904,1565,52.44166666666667,294.85396925122694,292.1161,586.7984,439.4573,0.0417,0.675,0.9608,1565,52.44166666666667,295.04596158796426,291.9456,586.7984,439.372,0.0,0.6899,0.9608,1565,52.44166666666667,294.1357118499449,292.511,586.4309,439.4709,0.0167,0.7645,0.9904,1565,52.44166666666667
294.137279266533,292.5071,586.4279,439.4675,0.0167,0.7762,0.9849,1566,52.47166666666667,294.17142395116497,292.4626,586.4279,439.4453,0.0,0.8101,0.9849,1566,52.47166666666667,294.87087855009713,292.093,586.7961,439.4445,0.05,0.6463,0.964,1566,52.47166666666667,295.04335220421297,291.9468,586.7961,439.3714,0.0,0.6846,0.964,1566,52.47166666666667,294.137279266533,292.5071,586.4279,439.4675,0.0167,0.7762,0.9849,1566,52.47166666666667
294.1682605947879,292.4882,586.4287,439.4585,0.0417,0.6872,0.9858,1567,52.525000000000006,294.1444761499,292.4882,586.4287,439.4585,0.0,0.7473,0.9858,1567,52.525000000000006,295.0496374574175,291.9589,586.7994,439.3792,0.0417,0.611,0.9601,1567,52.525000000000006,295.0075426725615,291.9826,586.7994,439.391,0.0,0.7264,0.9601,1567,52.525000000000006,294.1682605947879,292.4882,586.4287,439.4585,0.0417,0.6872,0.9858,1567,52.525000000000006
294.2247636546316,292.4106,586.4054,439.408,0.0333,0.7112,1.0473,1568,52.54166666666667,294.15647752122715,292.4582,586.4054,439.4318,0.0,0.8075,1.0473,1568,52.54166666666667,294.8927121757681,292.0816,586.7821,439.4319,0.025,0.6871,1.0348,1568,52.54166666666667,295.039256903411,291.9401,586.7821,439.3611,0.0,0.6977,1.0348,1568,52.54166666666667,294.2247636546316,292.4106,586.4054,439.408,0.0333,0.7112,1.0473,1568,52.54166666666667
294.2251715114779,292.4136,586.4094,439.4115,0.0333,0.7209,1.0027,1569,52.57,294.15674343243035,292.4614,586.4094,439.4354,0.0,0.8044,1.0027,1569,52.57,294.8913645918803,292.0833,586.7834,439.4334,0.025,0.6911,0.9771,1569,52.57,295.0377930905473,291.9417,586.7834,439.3626,0.0,0.7105,0.9771,1569,52.57,294.2251715114779,292.4136,586.4094,439.4115,0.0333,0.7209,1.0027,1569,52.57
294.2227860587137,292.4208,586.4086,439.4147,0.05,0.6586,0.9951,1570,52.605000000000004,294.1563343173483,292.4603,586.4086,439.4345,0.0,0.8057,0.9951,1570,52.605000000000004,294.8903878792014,292.0843,586.7837,439.434,0.025,0.6834,0.9734,1570,52.605000000000004,295.0368829025467,291.9427,586.7837,439.3632,0.0,0.7111,0.9734,1570,52.605000000000004,294.2227860587137,292.4208,586.4086,439.4147,0.05,0.6586,0.9951,1570,52.605000000000004
294.21967606506337,292.427,586.4108,439.4189,0.05,0.6715,0.9969,1571,52.638333333333335,294.1537715460061,292.466,586.4108,439.4384,0.0,0.8034,0.9969,1571,52.638333333333335,294.8866375723593,292.0891,586.7844,439.4368,0.025,0.6804,0.9755,1571,52.638333333333335,295.0333963685951,291.9472,586.7844,439.3658,0.0,0.7059,0.9755,1571,52.638333333333335,294.21967606506337,292.427,586.4108,439.4189,0.05,0.6715,0.9969,1571,52.638333333333335
294.1675203988212,292.4704,586.4071,439.4388,0.0417,0.6684,1.0014,1572,52.67166666666667,294.1505714825595,292.4643,586.4071,439.4357,0.0,0.8064,1.0014,1572,52.67166666666667,294.8819451891369,292.0936,586.7842,439.4389,0.025,0.6727,0.9747,1572,52.67166666666667,295.02887795211996,291.9514,586.7842,439.3678,0.0,0.7066,0.9747,1572,52.67166666666667,294.1675203988212,292.4704,586.4071,439.4388,0.0417,0.6684,1.0014,1572,52.67166666666667
294.16138040984623,292.4757,586.405,439.4403,0.0417,0.67,1.0022,1573,52.705000000000005,294.1445863070202,292.4694,586.405,439.4372,0.0,0.7902,1.0022,1573,52.705000000000005,294.8801080972414,292.0966,586.7844,439.4405,0.025,0.6804,0.9779,1573,52.705000000000005,295.0271530988133,291.9543,586.7844,439.3694,0.0,0.6889,0.9779,1573,52.705000000000005,294.16138040984623,292.4757,586.405,439.4403,0.0417,0.67,1.0022,1573,52.705000000000005
294.25145345169506,292.591,586.6419,439.6164,0.05,0.6595,0.8719,1574,52.73666666666667,294.17925176676357,292.6395,586.6419,439.6407,0.0,0.6906,0.8719,1574,52.73666666666667,295.0951726104387,292.0863,586.9995,439.5429,0.0333,0.6919,0.9974,1574,52.73666666666667,295.1090747783869,292.0604,586.9995,439.5299,0.0,0.7276,0.9974,1574,52.73666666666667,294.25145345169506,292.591,586.6419,439.6164,0.05,0.6595,0.8719,1574,52.73666666666667
294.1655199225687,292.6602,586.5743,439.6173,0.0667,0.6597,0.6487,1575,52.77166666666667,294.2623375239649,292.6132,586.6916,439.6524,0.0,0.7268,0.6926,1575,52.77166666666667,295.10216818002255,292.1735,587.0346,439.6041,0.0333,0.8244,0.684,1575,52.77166666666667,295.1061091235757,292.1505,587.0925,439.6215,0.0,0.8217,0.8399,1575,52.77166666666667,294.1655199225687,292.6602,586.5743,439.6173,0.0667,0.6597,0.6487,1575,52.77166666666667
294.17585695252467,292.6816,586.6134,439.6475,0.05,0.6735,0.7081,1576,52.803333333333335,294.1842182259105,292.6819,586.6845,439.6832,0.0,0.7713,0.6758,1576,52.803333333333335,294.98277850522373,292.2822,587.0265,439.6543,0.0333,0.795,0.7418,1576,52.803333333333335,295.1029778895642,292.1501,587.0858,439.6179,0.0,0.8212,0.8353,1576,52.803333333333335,294.17585695252467,292.6816,586.6134,439.6475,0.05,0.6735,0.7081,1576,52.803333333333335
294.17391251667345,292.4406,586.347,439.3938,0.05,0.7317,0.7446,1577,52.83666666666667,294.0960502025938,292.4926,586.3685,439.4306,0.0,0.8667,0.8246,1577,52.83666666666667,295.2220983399716,291.8819,586.8785,439.3802,0.05,0.7674,0.8024,1577,52.83666666666667,295.03152186846603,291.96,586.7794,439.3697,0.0,0.8074,0.7883,1577,52.83666666666667,294.17391251667345,292.4406,586.347,439.3938,0.05,0.7317,0.7446,1577,52.83666666666667
294.1678517879096,292.4457,586.3467,439.3962,0.05,0.702,0.7467,1578,52.87166666666667,294.0915620367077,292.4962,586.3681,439.4321,0.0,0.8664,0.8157,1578,52.87166666666667,295.217211527772,291.8874,586.8788,439.3831,0.05,0.7586,0.8092,1578,52.87166666666667,295.0283869119271,291.9639,586.7798,439.3718,0.0,0.802,0.791,1578,52.87166666666667,294.1678517879096,292.4457,586.3467,439.3962,0.05,0.702,0.7467,1578,52.87166666666667
294.1405379636723,292.4204,586.2595,439.34,0.0583,0.6733,0.8044,1579,52.903333333333336,294.09803521363244,292.467,586.3421,439.4046,0.0,0.7348,0.8161,1579,52.903333333333336,295.0728944198694,291.9565,586.8231,439.3898,0.025,0.8303,0.7601,1579,52.903333333333336,295.0418343260501,291.9312,586.7559,439.3435,0.0,0.845,0.8033,1579,52.903333333333336,294.1405379636723,292.4204,586.2595,439.34,0.0583,0.6733,0.8044,1579,52.903333333333336
294.1273198018692,292.4253,586.2542,439.3397,0.0417,0.7213,0.8423,1580,52.93833333333334,294.0848483317773,292.4786,586.3377,439.4082,0.0,0.7678,0.813,1580,52.93833333333334,295.0620738953677,291.9547,586.8126,439.3837,0.025,0.8237,0.7981,1580,52.93833333333334,295.03103792543146,291.9295,586.7454,439.3375,0.0,0.8323,0.8097,1580,52.93833333333334,294.1273198018692,292.4253,586.2542,439.3397,0.0417,0.7213,0.8423,1580,52.93833333333334
294.1365911646416,292.4107,586.2518,439.3312,0.0417,0.7211,0.838,1581,52.97166666666667,294.0959685453766,292.4624,586.3352,439.3988,0.0,0.7395,0.8196,1581,52.97166666666667,295.0861059007708,291.887,586.7442,439.3156,0.025,0.8346,0.8588,1581,52.97166666666667,295.04533512943345,291.9127,586.7442,439.3285,0.0,0.8186,0.8588,1581,52.97166666666667,294.1365911646416,292.4107,586.2518,439.3312,0.0417,0.7211,0.838,1581,52.97166666666667
294.1352599369317,292.4118,586.2511,439.3314,0.0417,0.7345,0.8352,1582,53.00833333333334,294.09465131385457,292.4635,586.3346,439.399,0.0,0.7334,0.8157,1582,53.00833333333334,295.0858163959402,291.8867,586.7437,439.3152,0.025,0.8345,0.8656,1582,53.00833333333334,295.0450252381406,291.9124,586.7437,439.3281,0.0,0.8169,0.8656,1582,53.00833333333334,294.1352599369317,292.4118,586.2511,439.3314,0.0417,0.7345,0.8352,1582,53.00833333333334
294.1367305197606,292.4092,586.2502,439.3297,0.0417,0.684,0.8315,1583,53.038333333333334,294.0962131288567,292.4608,586.3338,439.3973,0.0,0.7326,0.8171,1583,53.038333333333334,295.0839018227189,291.8866,586.7415,439.3141,0.025,0.8346,0.8648,1583,53.038333333333334,295.0431008579151,291.9123,586.7415,439.3269,0.0,0.8169,0.8648,1583,53.038333333333334,294.1367305197606,292.4092,586.2502,439.3297,0.0417,0.684,0.8315,1583,53.038333333333334
294.0774762163094,292.461,586.2481,439.3545,0.0333,0.776,0.8319,1584,53.07166666666667,294.08605899776893,292.4688,586.3312,439.4,0.0,0.7918,0.8012,1584,53.07166666666667,294.96368950603977,291.9991,586.7419,439.3705,0.0083,0.8318,0.882,1584,53.07166666666667,295.03525882115196,291.9217,586.7419,439.3318,0.0,0.8003,0.882,1584,53.07166666666667,294.0774762163094,292.461,586.2481,439.3545,0.0333,0.776,0.8319,1584,53.07166666666667
294.1559673919244,292.4803,586.3957,439.438,0.025,0.7523,0.8738,1585,53.105000000000004,294.13833804744496,292.4829,586.3957,439.4393,0.0,0.8312,0.8738,1585,53.105000000000004,295.0559646855038,291.9491,586.7077,439.3284,0.0417,0.7322,1.1054,1585,53.105000000000004,295.11321389493986,291.9195,586.8069,439.3632,0.0,0.7445,0.9928,1585,53.105000000000004,294.1559673919244,292.4803,586.3957,439.438,0.025,0.7523,0.8738,1585,53.105000000000004
294.13383269645294,292.4734,586.3642,439.4188,0.0167,0.8745,0.8337,1586,53.13666666666667,294.1650281562428,292.4318,586.3642,439.398,0.0,0.8755,0.8337,1586,53.13666666666667,294.9610851198776,292.0001,586.672,439.3361,0.0333,0.6706,0.9984,1586,53.13666666666667,295.1503264861524,291.8565,586.7733,439.3149,0.0,0.7286,1.0382,1586,53.13666666666667,294.13383269645294,292.4734,586.3642,439.4188,0.0167,0.8745,0.8337,1586,53.13666666666667
294.13562026798706,292.471,586.3652,439.4181,0.0167,0.8749,0.8324,1587,53.17,294.16672728489766,292.4295,586.3652,439.3973,0.0,0.8806,0.8324,1587,53.17,294.9588576489306,292.0053,586.6766,439.3409,0.0333,0.6607,1.0074,1587,53.17,295.1481368435374,291.8615,586.7768,439.3191,0.0,0.7626,0.9983,1587,53.17,294.13562026798706,292.471,586.3652,439.4181,0.0167,0.8749,0.8324,1587,53.17
294.1276847932704,292.4762,586.3603,439.4182,0.0167,0.8809,0.8425,1588,53.20333333333334,294.15861483244885,292.4348,586.3603,439.3975,0.0,0.903,0.8425,1588,53.20333333333334,294.9515419027903,292.0089,586.6703,439.3396,0.0333,0.6642,1.0215,1588,53.20333333333334,295.1371821206304,291.8687,586.7714,439.32,0.0,0.7749,0.9707,1588,53.20333333333334,294.1276847932704,292.4762,586.3603,439.4182,0.0167,0.8809,0.8425,1588,53.20333333333334
294.1324918981139,292.47,586.3621,439.4161,0.0167,0.8373,0.7895,1589,53.23666666666667,294.16338192814516,292.4286,586.3621,439.3954,0.0,0.8548,0.7895,1589,53.23666666666667,294.9506311063845,292.0069,586.6749,439.3409,0.0333,0.6636,1.0759,1589,53.23666666666667,295.1356055686953,291.8671,586.774,439.3205,0.0,0.7636,0.9695,1589,53.23666666666667,294.1324918981139,292.47,586.3621,439.4161,0.0167,0.8373,0.7895,1589,53.23666666666667
294.1339576454712,292.4688,586.3626,439.4157,0.0167,0.8696,0.7918,1590,53.27166666666667,294.1651849243605,292.4271,586.3626,439.3949,0.0,0.8793,0.7918,1590,53.27166666666667,294.95143091115875,292.0052,586.6745,439.3398,0.0333,0.6669,1.0776,1590,53.27166666666667,295.13627608660084,291.8654,586.7735,439.3194,0.0,0.7192,0.9688,1590,53.27166666666667,294.1339576454712,292.4688,586.3626,439.4157,0.0167,0.8696,0.7918,1590,53.27166666666667
294.23878757243426,292.4739,586.5126,439.4932,0.025,0.8394,0.8274,1591,53.303333333333335,294.22979588019075,292.432,586.4537,439.4429,0.0,0.8642,0.8887,1591,53.303333333333335,295.15693449579965,291.9021,586.7867,439.3444,0.0417,0.6797,1.0134,1591,53.303333333333335,295.2154763376457,291.8717,586.8815,439.3766,0.0,0.7142,1.029,1591,53.303333333333335,294.23878757243426,292.4739,586.5126,439.4932,0.025,0.8394,0.8274,1591,53.303333333333335
294.1555300160599,292.7751,586.7428,439.759,0.025,0.7686,0.7565,1592,53.33833333333334,294.13962892143707,292.7778,586.7428,439.7603,0.0,0.8462,0.7565,1592,53.33833333333334,295.0129058925936,292.2924,587.1252,439.7088,0.0167,0.905,0.8883,1592,53.33833333333334,295.03251670838176,292.2624,587.1252,439.6938,0.0,0.8593,0.8883,1592,53.33833333333334,294.1555300160599,292.7751,586.7428,439.759,0.025,0.7686,0.7565,1592,53.33833333333334
294.0909828010081,292.7412,586.6288,439.685,0.025,0.7877,0.7242,1593,53.37166666666667,294.0712622340359,292.7468,586.6288,439.6878,0.0,0.7895,0.7242,1593,53.37166666666667,294.89492368561184,292.2498,586.9064,439.5781,0.025,0.8994,0.7491,1593,53.37166666666667,294.949281378292,292.2221,586.9896,439.6058,0.0,0.8554,0.7588,1593,53.37166666666667,294.0909828010081,292.7412,586.6288,439.685,0.025,0.7877,0.7242,1593,53.37166666666667
294.1375388064523,292.5814,586.4418,439.5116,0.05,0.6833,0.7686,1594,53.405,294.0613872001923,292.6319,586.4636,439.5478,0.0,0.7471,0.7965,1594,53.405,294.97257964290895,292.1706,586.9803,439.5754,0.0333,0.9108,0.8074,1594,53.405,294.9484273598871,292.0927,586.8126,439.4527,0.0,0.8414,0.781,1594,53.405,294.1375388064523,292.5814,586.4418,439.5116,0.05,0.6833,0.7686,1594,53.405
294.0845834340828,292.5783,586.4372,439.5078,0.0417,0.8223,0.8438,1595,53.443333333333335,294.16003871836944,292.4831,586.4372,439.4601,0.0,0.8309,0.8438,1595,53.443333333333335,295.0650006742907,291.9934,586.8331,439.4132,0.0333,0.6819,0.8731,1595,53.443333333333335,295.08551136906794,291.9606,586.8331,439.3969,0.0,0.7513,0.8731,1595,53.443333333333335,294.0845834340828,292.5783,586.4372,439.5078,0.0417,0.8223,0.8438,1595,53.443333333333335
294.0791490007334,292.5799,586.4316,439.5057,0.0417,0.8181,0.7263,1596,53.475,294.15464596156954,292.4846,586.4316,439.4581,0.0,0.8323,0.7263,1596,53.475,295.0606881578665,291.9919,586.8275,439.4097,0.0333,0.6828,0.8572,1596,53.475,295.0812057094769,291.9593,586.8275,439.3934,0.0,0.7506,0.8572,1596,53.475,294.0791490007334,292.5799,586.4316,439.5057,0.0417,0.8181,0.7263,1596,53.475
294.0801474173998,292.5766,586.4285,439.5026,0.0417,0.8991,0.7264,1597,53.50833333333334,294.15537794099384,292.4816,586.4285,439.455,0.0,0.8533,0.7264,1597,53.50833333333334,295.13229891869855,291.923,586.8294,439.3762,0.025,0.7334,0.8384,1597,53.50833333333334,295.0952741293826,291.945,586.8294,439.3872,0.0,0.773,0.8384,1597,53.50833333333334,294.0801474173998,292.5766,586.4285,439.5026,0.0417,0.8991,0.7264,1597,53.50833333333334
294.0807648032287,292.5762,586.4297,439.503,0.0417,0.8514,0.7368,1598,53.54333333333334,294.1560108355539,292.4813,586.4297,439.4555,0.0,0.8788,0.7368,1598,53.54333333333334,295.0738833775862,291.9799,586.8296,439.4047,0.0333,0.7326,0.8345,1598,53.54333333333334,295.09401103586606,291.9476,586.8296,439.3886,0.0,0.7783,0.8345,1598,53.54333333333334,294.0807648032287,292.5762,586.4297,439.503,0.0417,0.8514,0.7368,1598,53.54333333333334
294.0799743818601,292.5698,586.4227,439.4962,0.0417,0.8198,0.742,1599,53.575,294.1547500746143,292.4754,586.4227,439.4491,0.0,0.8816,0.742,1599,53.575,295.0783971143982,291.9746,586.8283,439.4015,0.0333,0.7285,0.8985,1599,53.575,295.09792095937973,291.9428,586.8283,439.3856,0.0,0.7861,0.8985,1599,53.575,294.0799743818601,292.5698,586.4227,439.4962,0.0417,0.8198,0.742,1599,53.575
294.20033693615403,292.4519,586.4238,439.4378,0.025,0.7819,0.7202,1600,53.60333333333334,294.1843546687033,292.4529,586.4238,439.4383,0.0,0.82,0.7202,1600,53.60333333333334,295.11037326257355,291.9425,586.8235,439.383,0.0333,0.6655,0.8936,1600,53.60333333333334,295.12818919795944,291.9139,586.8235,439.3687,0.0,0.7381,0.8936,1600,53.60333333333334,294.20033693615403,292.4519,586.4238,439.4378,0.025,0.7819,0.7202,1600,53.60333333333334
294.19689822596183,292.4572,586.4262,439.4417,0.025,0.7906,0.7871,1601,53.645,294.1817050012788,292.4574,586.4262,439.4418,0.0,0.8295,0.7871,1601,53.645,295.11043601013705,291.9412,586.8231,439.3822,0.0333,0.6729,0.9068,1601,53.645,295.12835304537515,291.9121,586.8231,439.3676,0.0,0.7547,0.9068,1601,53.645,294.19689822596183,292.4572,586.4262,439.4417,0.025,0.7906,0.7871,1601,53.645
294.1992579427775,292.4568,586.4282,439.4425,0.025,0.7798,0.808,1602,53.675000000000004,294.1839384253076,292.4571,586.4282,439.4426,0.0,0.8307,0.808,1602,53.675000000000004,295.09168931550346,291.9655,586.8243,439.3949,0.0333,0.7057,0.9014,1602,53.675000000000004,295.111358342371,291.9365,586.8243,439.3804,0.0,0.7282,0.9014,1602,53.675000000000004,294.1992579427775,292.4568,586.4282,439.4425,0.025,0.7798,0.808,1602,53.675000000000004
294.20080430327823,292.4563,586.4293,439.4428,0.025,0.7788,0.7846,1603,53.70333333333334,294.18544642152233,292.4567,586.4293,439.443,0.0,0.8273,0.7846,1603,53.70333333333334,295.09190755321504,291.965,586.8241,439.3946,0.0333,0.7046,0.8881,1603,53.70333333333334,295.11152538999323,291.936,586.8241,439.3801,0.0,0.7296,0.8881,1603,53.70333333333334,294.20080430327823,292.4563,586.4293,439.4428,0.025,0.7788,0.7846,1603,53.70333333333334
294.2006814609178,292.4559,586.4326,439.4443,0.025,0.7933,0.7521,1604,53.748333333333335,294.1852550927861,292.4564,586.4326,439.4445,0.0,0.8345,0.7521,1604,53.748333333333335,295.09258985791314,291.9635,586.824,439.3938,0.0333,0.7064,0.8528,1604,53.748333333333335,295.1119560449605,291.9346,586.824,439.3793,0.0,0.7298,0.8528,1604,53.748333333333335,294.2006814609178,292.4559,586.4326,439.4443,0.025,0.7933,0.7521,1604,53.748333333333335
294.22546354629014,292.3916,586.3996,439.3956,0.0333,0.6812,0.8391,1605,53.775000000000006,294.1523406063875,292.4437,586.3996,439.4216,0.0,0.785,0.8391,1605,53.775000000000006,295.1154138669359,291.904,586.7444,439.3242,0.05,0.6958,0.9953,1605,53.775000000000006,295.114959356289,291.9247,586.8359,439.3803,0.0,0.7117,0.9498,1605,53.775000000000006,294.22546354629014,292.3916,586.3996,439.3956,0.0333,0.6812,0.8391,1605,53.775000000000006
294.22556652670255,292.3931,586.3993,439.3962,0.0333,0.6621,0.8523,1606,53.80833333333334,294.1523228620276,292.4452,586.3993,439.4222,0.0,0.7969,0.8523,1606,53.80833333333334,294.91764871137394,292.0685,586.7357,439.4021,0.0333,0.6878,0.9921,1606,53.80833333333334,295.10677435285925,291.9244,586.8279,439.3762,0.0,0.7422,0.9967,1606,53.80833333333334,294.22556652670255,292.3931,586.3993,439.3962,0.0333,0.6621,0.8523,1606,53.80833333333334
294.22616286371397,292.393,586.3994,439.3962,0.0333,0.6685,0.8525,1607,53.84666666666667,294.1548387447583,292.4435,586.3994,439.4214,0.0,0.8228,0.8525,1607,53.84666666666667,294.91517586182056,292.0671,586.7327,439.3999,0.0333,0.6859,0.9971,1607,53.84666666666667,295.1041142020333,291.923,586.8244,439.3737,0.0,0.756,0.9998,1607,53.84666666666667,294.22616286371397,292.393,586.3994,439.3962,0.0333,0.6685,0.8525,1607,53.84666666666667
294.2229021739763,292.3948,586.398,439.3964,0.0333,0.6758,0.8513,1608,53.875,294.15180603926865,292.445,586.398,439.4215,0.0,0.818,0.8513,1608,53.875,294.91823185773205,292.0669,586.7347,439.4008,0.0333,0.687,0.9938,1608,53.875,295.1076961321083,291.9224,586.8267,439.3746,0.0,0.7561,0.9955,1608,53.875,294.2229021739763,292.3948,586.398,439.3964,0.0333,0.6758,0.8513,1608,53.875
294.22424528780937,292.3914,586.3969,439.3942,0.0333,0.677,0.8547,1609,53.903333333333336,294.1525340587704,292.4422,586.3969,439.4196,0.0,0.8186,0.8547,1609,53.903333333333336,294.9160391665218,292.0651,586.7324,439.3988,0.0333,0.6983,0.9814,1609,53.903333333333336,295.1048239771732,291.9214,586.8244,439.3729,0.0,0.7602,0.9611,1609,53.903333333333336,294.22424528780937,292.3914,586.3969,439.3942,0.0333,0.677,0.8547,1609,53.903333333333336
294.27841186510614,292.5776,586.6584,439.618,0.0333,0.6989,0.8266,1610,53.94833333333334,294.1985812489937,292.6372,586.6584,439.6478,0.0,0.8428,0.8266,1610,53.94833333333334,295.05747202346953,292.1441,587.0179,439.581,0.0417,0.7278,0.9078,1610,53.94833333333334,295.12957309010767,292.1104,587.0573,439.5838,0.0,0.7852,0.8993,1610,53.94833333333334,294.27841186510614,292.5776,586.6584,439.618,0.0333,0.6989,0.8266,1610,53.94833333333334
294.2398792145529,292.6195,586.659,439.6393,0.0417,0.767,0.8138,1611,53.975,294.107597704128,292.7276,586.659,439.6933,0.0,0.9072,0.8138,1611,53.975,294.98108999179266,292.2174,587.0192,439.6183,0.025,0.8552,0.8549,1611,53.975,295.0455189840821,292.1934,587.0589,439.6261,0.0,0.8754,0.8683,1611,53.975,294.2398792145529,292.6195,586.659,439.6393,0.0417,0.767,0.8138,1611,53.975
294.2077565393406,292.6467,586.6551,439.6509,0.0333,0.7185,0.7834,1612,54.00833333333334,294.1313117252151,292.7023,586.6551,439.6787,0.0,0.7766,0.7834,1612,54.00833333333334,294.99170144388427,292.2072,587.0143,439.6108,0.0417,0.8197,0.8604,1612,54.00833333333334,295.06681556694537,292.1712,587.0543,439.6127,0.0,0.8174,0.8868,1612,54.00833333333334,294.2077565393406,292.6467,586.6551,439.6509,0.0333,0.7185,0.7834,1612,54.00833333333334
293.80502654049064,292.7175,586.3296,439.5235,0.0333,0.8301,0.847,1613,54.038333333333334,293.95564920671484,292.5848,586.3296,439.4572,0.0,0.8647,0.847,1613,54.038333333333334,294.8676980752937,292.1374,586.7232,439.4303,0.0167,0.9193,0.9579,1613,54.038333333333334,294.97965422124764,292.0576,586.819,439.4383,0.0,0.9112,1.0833,1613,54.038333333333334,293.80502654049064,292.7175,586.3296,439.5235,0.0333,0.8301,0.847,1613,54.038333333333334
293.95499608288674,292.5967,586.3303,439.4635,0.0167,0.8685,0.8158,1614,54.07166666666667,294.00843961092096,292.5272,586.3303,439.4288,0.0,0.9719,0.8158,1614,54.07166666666667,295.05218305724657,291.9519,586.768,439.3599,0.05,0.7465,1.0576,1614,54.07166666666667,294.97335478782895,292.0018,586.768,439.3849,0.0,0.8377,1.0576,1614,54.07166666666667,293.95499608288674,292.5967,586.3303,439.4635,0.0167,0.8685,0.8158,1614,54.07166666666667
294.25976384667166,292.3726,586.398,439.3853,0.0333,0.7261,0.8029,1615,54.105000000000004,294.1906966586207,292.4211,586.398,439.4095,0.0,0.8116,0.8029,1615,54.105000000000004,295.1536896016622,291.8913,586.7993,439.3453,0.05,0.5323,0.833,1615,54.105000000000004,295.1452364745647,291.8762,586.7993,439.3377,0.0,0.724,0.833,1615,54.105000000000004,294.25976384667166,292.3726,586.398,439.3853,0.0333,0.7261,0.8029,1615,54.105000000000004
294.26074459544833,292.3717,586.3983,439.385,0.0333,0.7356,0.8251,1616,54.138333333333335,294.19152926118335,292.4203,586.3983,439.4093,0.0,0.7963,0.8251,1616,54.138333333333335,295.06945509112563,291.9413,586.7093,439.3253,0.05,0.5588,0.8499,1616,54.138333333333335,295.1479736441025,291.8785,586.8028,439.3406,0.0,0.7655,0.8336,1616,54.138333333333335,294.26074459544833,292.3717,586.3983,439.385,0.0333,0.7356,0.8251,1616,54.138333333333335
294.157892783232,292.4674,586.402,439.4347,0.0167,0.7487,0.7894,1617,54.17166666666667,294.1916388422859,292.4234,586.402,439.4127,0.0,0.8691,0.7894,1617,54.17166666666667,295.1198695583853,291.8967,586.7119,439.3043,0.0583,0.5116,0.8545,1617,54.17166666666667,295.1457077173126,291.8832,586.8053,439.3443,0.0,0.7415,0.8274,1617,54.17166666666667,294.157892783232,292.4674,586.402,439.4347,0.0167,0.7487,0.7894,1617,54.17166666666667
294.2619754931569,292.3659,586.3985,439.3822,0.0333,0.7385,0.8161,1618,54.20333333333334,294.19336483224265,292.4139,586.3985,439.4062,0.0,0.8109,0.8161,1618,54.20333333333334,295.17217314695625,291.8421,586.7111,439.2766,0.0667,0.519,0.8324,1618,54.20333333333334,295.14760302349447,291.8758,586.8023,439.3391,0.0,0.6897,0.8674,1618,54.20333333333334,294.2619754931569,292.3659,586.3985,439.3822,0.0333,0.7385,0.8161,1618,54.20333333333334
294.2643577564168,292.3666,586.4009,439.3838,0.0333,0.7456,0.8137,1619,54.23666666666667,294.19580806946783,292.4146,586.4009,439.4077,0.0,0.8106,0.8137,1619,54.23666666666667,295.1252968784821,291.8865,586.7108,439.2986,0.075,0.5113,0.8331,1619,54.23666666666667,295.14682805534846,291.8763,586.802,439.3391,0.0,0.6893,0.9012,1619,54.23666666666667,294.2643577564168,292.3666,586.4009,439.3838,0.0333,0.7456,0.8137,1619,54.23666666666667
294.261221527312,292.3682,586.3997,439.384,0.0333,0.7479,0.8154,1620,54.27166666666667,294.19281405964637,292.416,586.3997,439.4079,0.0,0.7991,0.8154,1620,54.27166666666667,295.1794916449088,291.8876,586.8504,439.369,0.075,0.5095,0.9763,1620,54.27166666666667,295.145376526408,291.8772,586.8018,439.3395,0.0,0.6897,0.9017,1620,54.27166666666667,294.261221527312,292.3682,586.3997,439.384,0.0333,0.7479,0.8154,1620,54.27166666666667
294.2619217397008,292.3682,586.4002,439.3842,0.0333,0.7485,0.8131,1621,54.303333333333335,294.19351852143643,292.416,586.4002,439.4081,0.0,0.8123,0.8131,1621,54.303333333333335,295.1273467888353,291.8875,586.7127,439.3001,0.075,0.5097,0.8424,1621,54.303333333333335,295.1491667131189,291.877,586.8041,439.3406,0.0,0.6896,0.9019,1621,54.303333333333335,294.2619217397008,292.3682,586.4002,439.3842,0.0333,0.7485,0.8131,1621,54.303333333333335
294.2600670548902,292.3692,586.3998,439.3845,0.0333,0.7406,0.8149,1622,54.33666666666667,294.1917615896923,292.4169,586.3998,439.4084,0.0,0.7999,0.8149,1622,54.33666666666667,295.1732426769722,291.8433,586.7128,439.2781,0.0667,0.5134,0.8436,1622,54.33666666666667,295.1488255768634,291.8771,586.8044,439.3407,0.0,0.6905,0.8991,1622,54.33666666666667,294.2600670548902,292.3692,586.3998,439.3845,0.0333,0.7406,0.8149,1622,54.33666666666667
294.26174726657337,292.3685,586.4007,439.3846,0.0333,0.7424,0.8173,1623,54.37166666666667,294.1933936552471,292.4163,586.4007,439.4085,0.0,0.8002,0.8173,1623,54.37166666666667,295.0760155962305,291.9362,586.7133,439.3247,0.0667,0.5144,0.8423,1623,54.37166666666667,295.14959029927286,291.8768,586.8047,439.3407,0.0,0.6905,0.8984,1623,54.37166666666667,294.26174726657337,292.3685,586.4007,439.3846,0.0333,0.7424,0.8173,1623,54.37166666666667
294.260882609296,292.3691,586.4,439.3846,0.0333,0.7396,0.8157,1624,54.405,294.1925653732635,292.4169,586.4,439.4084,0.0,0.7997,0.8157,1624,54.405,295.1330528959624,291.9363,586.8534,439.3949,0.0667,0.5145,0.941,1624,54.405,295.1495553211616,291.8769,586.8046,439.3407,0.0,0.6906,0.8978,1624,54.405,294.260882609296,292.3691,586.4,439.3846,0.0333,0.7396,0.8157,1624,54.405
294.2311382857723,292.3854,586.4065,439.396,0.0417,0.6834,0.9041,1625,54.44166666666667,294.10514136585607,292.5177,586.4065,439.4621,0.0,0.7427,0.9041,1625,54.44166666666667,295.02104796246465,291.9471,586.7173,439.3322,0.0667,0.631,0.8831,1625,54.44166666666667,295.0054636674309,292.0017,586.8,439.4008,0.0,0.6977,0.9576,1625,54.44166666666667,294.2311382857723,292.3854,586.4065,439.396,0.0417,0.6834,0.9041,1625,54.44166666666667
294.1539672219688,292.5891,586.5712,439.5802,0.05,0.6722,0.8332,1626,54.475,294.08283610322235,292.6641,586.5712,439.6177,0.0,0.7373,0.8332,1626,54.475,295.11106808902093,292.0605,587.0044,439.5324,0.05,0.5665,0.9548,1626,54.475,295.0181463556024,292.1613,587.0044,439.5829,0.0,0.781,0.9548,1626,54.475,294.1539672219688,292.5891,586.5712,439.5802,0.05,0.6722,0.8332,1626,54.475
294.18725697890216,292.6899,586.7026,439.6963,0.0417,0.648,0.8514,1627,54.50833333333334,294.06063345385996,292.796,586.7026,439.7493,0.0,0.8169,0.8514,1627,54.50833333333334,294.96703212201055,292.2369,586.9898,439.6134,0.05,0.655,0.7605,1627,54.50833333333334,295.0545788588111,292.2157,587.1167,439.6662,0.0,0.7255,0.871,1627,54.50833333333334,294.18725697890216,292.6899,586.7026,439.6963,0.0417,0.648,0.8514,1627,54.50833333333334
294.0770327665856,292.7361,586.623,439.6795,0.0167,0.7367,0.8164,1628,54.538333333333334,294.1062541283793,292.6968,586.623,439.6599,0.0,0.795,0.8164,1628,54.538333333333334,295.07307660267304,292.1511,586.9669,439.559,0.0417,0.6227,0.9074,1628,54.538333333333334,295.12780906329846,292.1246,587.0618,439.5932,0.0,0.7223,0.8981,1628,54.538333333333334,294.0770327665856,292.7361,586.623,439.6795,0.0167,0.7367,0.8164,1628,54.538333333333334
294.0644205785202,292.6643,586.5067,439.5855,0.05,0.6893,0.7826,1629,54.57,294.0952444444381,292.6507,586.5527,439.6017,0.0,0.7572,0.83,1629,54.57,294.98647550317696,292.1494,586.8731,439.5113,0.05,0.5761,0.9422,1629,54.57,295.0850018227586,292.0725,586.9602,439.5164,0.0,0.7022,0.8831,1629,54.57,294.0644205785202,292.6643,586.5067,439.5855,0.05,0.6893,0.7826,1629,54.57
294.0452848030294,292.6656,586.5041,439.5849,0.0167,0.8489,0.8544,1630,54.60333333333334,294.07828616520396,292.6216,586.5041,439.5629,0.0,0.8627,0.8544,1630,54.60333333333334,295.0184128545344,292.0747,586.8264,439.4505,0.0417,0.6593,0.9422,1630,54.60333333333334,295.0694673958118,292.0484,586.9151,439.4818,0.0,0.6914,0.8724,1630,54.60333333333334,294.0452848030294,292.6656,586.5041,439.5849,0.0167,0.8489,0.8544,1630,54.60333333333334
294.24182304331873,292.4585,586.4852,439.4719,0.0417,0.7073,0.8573,1631,54.63666666666667,294.21612292572775,292.466,586.4852,439.4756,0.0,0.8387,0.8573,1631,54.63666666666667,295.04658397588224,292.0188,586.8011,439.4099,0.0417,0.7159,0.9385,1631,54.63666666666667,295.09983817763737,291.9907,586.8896,439.4402,0.0,0.7146,0.9387,1631,54.63666666666667,294.24182304331873,292.4585,586.4852,439.4719,0.0417,0.7073,0.8573,1631,54.63666666666667
294.1903261992703,292.4873,586.4665,439.4769,0.0583,0.6623,0.8758,1632,54.67166666666667,294.1646427391625,292.5189,586.4665,439.4927,0.0,0.774,0.8758,1632,54.67166666666667,295.0517174061995,291.9836,586.7783,439.381,0.05,0.7401,0.9917,1632,54.67166666666667,295.0482160230759,292.0387,586.8674,439.453,0.0,0.8451,0.889,1632,54.67166666666667,294.1903261992703,292.4873,586.4665,439.4769,0.0583,0.6623,0.8758,1632,54.67166666666667
294.1018005559551,292.5164,586.4029,439.4596,0.0333,0.7966,0.8458,1633,54.70333333333334,294.1319846306412,292.5059,586.4029,439.4544,0.0,0.7916,0.8458,1633,54.70333333333334,294.95081791638313,291.9727,586.7131,439.3429,0.05,0.7236,0.8019,1633,54.70333333333334,294.95954448184364,292.0258,586.7471,439.3865,0.0,0.8313,0.8394,1633,54.70333333333334,294.1018005559551,292.5164,586.4029,439.4596,0.0333,0.7966,0.8458,1633,54.70333333333334
294.15295051300274,292.4669,586.3985,439.4327,0.025,0.7543,0.9116,1634,54.74166666666667,294.12370533048284,292.5117,586.3985,439.4551,0.0,0.7846,0.9116,1634,54.74166666666667,294.9483657900943,291.9748,586.7109,439.3429,0.05,0.7373,0.7865,1634,54.74166666666667,294.95642700780957,292.0285,586.7449,439.3867,0.0,0.834,0.8301,1634,54.74166666666667,294.15295051300274,292.4669,586.3985,439.4327,0.025,0.7543,0.9116,1634,54.74166666666667
294.08285769952533,292.5676,586.4479,439.5078,0.025,0.7012,0.8054,1635,54.775000000000006,294.1254497642898,292.5555,586.4479,439.5017,0.0,0.8299,0.8054,1635,54.775000000000006,295.1434646609199,291.9369,586.8015,439.3692,0.0417,0.7557,0.9866,1635,54.775000000000006,295.0831080168578,292.0459,586.8935,439.4697,0.0,0.87,0.923,1635,54.775000000000006,294.08285769952533,292.5676,586.4479,439.5078,0.025,0.7012,0.8054,1635,54.775000000000006
294.0820134975618,292.5652,586.4441,439.5046,0.025,0.7069,0.8085,1636,54.80833333333334,294.12454689677395,292.5532,586.4441,439.4986,0.0,0.822,0.8085,1636,54.80833333333334,295.13180654665246,291.9483,586.7981,439.3732,0.05,0.6802,0.9864,1636,54.80833333333334,295.1214159860965,292.0084,586.8909,439.4496,0.0,0.7185,0.9256,1636,54.80833333333334,294.0820134975618,292.5652,586.4441,439.5046,0.025,0.7069,0.8085,1636,54.80833333333334
294.08149411212327,292.5655,586.4437,439.5046,0.025,0.6954,0.8011,1637,54.83833333333334,294.12381412087143,292.5537,586.4437,439.4987,0.0,0.8205,0.8011,1637,54.83833333333334,295.1387020254073,291.9384,586.797,439.3677,0.0417,0.7525,0.9752,1637,54.83833333333334,295.0781551832843,292.0473,586.89,439.4687,0.0,0.8703,0.9253,1637,54.83833333333334,294.08149411212327,292.5655,586.4437,439.5046,0.025,0.6954,0.8011,1637,54.83833333333334
294.22566686681535,292.4701,586.4437,439.4569,0.05,0.7527,0.7592,1638,54.875,294.2195968093927,292.5603,586.5619,439.5611,0.0,0.7785,0.7085,1638,54.875,295.2520405384015,291.9518,587.0036,439.4777,0.0417,0.728,0.9566,1638,54.875,295.20376017131855,292.0119,587.0036,439.5077,0.0,0.7439,0.9566,1638,54.875,294.22566686681535,292.4701,586.4437,439.4569,0.05,0.7527,0.7592,1638,54.875
294.30716537192217,297.6067,591.9139,444.7603,0.0167,0.8775,0.9845,1639,54.90833333333334,294.439567740763,297.5387,591.9765,444.7576,0.0,0.9399,1.0482,1639,54.90833333333334,298.37307056684426,294.4469,592.8129,443.6299,0.05,1.2487,1.096,1639,54.90833333333334,298.12385772176356,294.6893,592.8129,443.7511,0.0,1.592,1.096,1639,54.90833333333334,294.30716537192217,297.6067,591.9139,444.7603,0.0167,0.8775,0.9845,1639,54.90833333333334
293.517476072213,299.4303,592.9278,446.179,0.0583,0.7699,0.6969,1640,54.93666666666667,293.53169504300934,299.4379,592.9569,446.1974,0.0,0.9569,0.8213,1640,54.93666666666667,294.5464907131761,298.9418,593.4466,446.1942,0.0,0.9626,1.3556,1640,54.93666666666667,294.5464907131761,298.9418,593.4466,446.1942,0.0,0.9626,1.3556,1640,54.93666666666667,293.517476072213,299.4303,592.9278,446.179,0.0583,0.7699,0.6969,1640,54.93666666666667
293.00632597844225,297.9915,590.9879,444.4897,0.0417,0.8341,0.8883,1641,54.976666666666674,292.9313568732,298.1242,591.0475,444.5859,0.0,0.8332,0.8884,1641,54.976666666666674,294.54716054619087,297.2242,591.7713,444.4978,0.0417,0.6396,1.2154,1641,54.976666666666674,294.46583683242375,297.306,591.7713,444.5386,0.0,0.877,1.2154,1641,54.976666666666674,293.00632597844225,297.9915,590.9879,444.4897,0.0417,0.8341,0.8883,1641,54.976666666666674
293.14739308448435,295.6273,588.7127,442.17,0.05,0.6201,0.9034,1642,55.00833333333334,293.1798619861104,295.5805,588.7127,442.1466,0.0,0.728,0.9034,1642,55.00833333333334,294.6288464069749,294.7544,589.3632,442.0588,0.0083,1.0054,1.0307,1642,55.00833333333334,294.69528814219865,294.6877,589.3632,442.0255,0.0,0.9444,1.0307,1642,55.00833333333334,293.14739308448435,295.6273,588.7127,442.17,0.05,0.6201,0.9034,1642,55.00833333333334
293.7646560856991,293.7547,587.3871,440.5709,0.0417,0.6519,0.8095,1643,55.03666666666667,293.62640662433415,293.8756,587.3871,440.6314,0.0,0.8224,0.8095,1643,55.03666666666667,294.91291971219107,293.1647,587.9752,440.57,0.05,0.636,1.0582,1643,55.03666666666667,294.8972402628773,293.1698,587.9752,440.5725,0.0,0.7519,1.0582,1643,55.03666666666667,293.7646560856991,293.7547,587.3871,440.5709,0.0417,0.6519,0.8095,1643,55.03666666666667
293.8317093550835,293.1208,586.7903,439.9555,0.0333,0.9321,0.7923,1644,55.080000000000005,293.88443610061273,293.0874,586.8069,439.9471,0.0,0.9708,0.7861,1644,55.080000000000005,295.07176318860724,292.4192,587.2899,439.8545,0.05,0.6685,0.8455,1644,55.080000000000005,295.0609986642031,292.4501,587.3644,439.9073,0.0,0.8059,0.8789,1644,55.080000000000005,293.8317093550835,293.1208,586.7903,439.9555,0.0333,0.9321,0.7923,1644,55.080000000000005
294.1941591727932,292.6938,586.7477,439.7207,0.0417,0.7742,0.7813,1645,55.108333333333334,294.1224469053732,292.7095,586.6624,439.686,0.0,0.8829,0.7294,1645,55.108333333333334,294.8706357546988,292.3482,587.0963,439.7222,0.025,0.9407,0.8795,1645,55.108333333333334,294.88708311225787,292.2733,587.0033,439.6383,0.0,0.9698,0.7885,1645,55.108333333333334,294.1941591727932,292.6938,586.7477,439.7207,0.0417,0.7742,0.7813,1645,55.108333333333334
294.36587593184754,292.5463,586.7463,439.6463,0.05,0.7968,0.7275,1646,55.138333333333335,294.23828332901843,292.6058,586.6603,439.6331,0.0,0.8672,0.7286,1646,55.138333333333335,295.0332882782079,292.2061,587.1005,439.6533,0.025,0.9618,0.9215,1646,55.138333333333335,295.060101900378,292.1261,587.0068,439.5665,0.0,0.9678,0.7847,1646,55.138333333333335,294.36587593184754,292.5463,586.7463,439.6463,0.05,0.7968,0.7275,1646,55.138333333333335
294.2680902372125,292.61,586.7184,439.6642,0.0333,0.8429,0.7266,1647,55.18166666666667,294.2545695110297,292.5674,586.6334,439.6004,0.0,0.8644,0.6809,1647,55.18166666666667,295.09475506028014,292.1185,587.0655,439.592,0.0333,0.8334,0.8449,1647,55.18166666666667,295.06545287102426,292.0928,586.9729,439.5329,0.0,0.8563,0.7523,1647,55.18166666666667,294.2680902372125,292.61,586.7184,439.6642,0.0333,0.8429,0.7266,1647,55.18166666666667
294.00639301833195,292.7153,586.5458,439.6306,0.075,0.8624,0.5928,1648,55.208333333333336,294.24519609772796,292.5538,586.6054,439.5796,0.0,0.7981,0.6492,1648,55.208333333333336,295.070225615606,292.1026,586.9938,439.5482,0.0417,0.7671,0.8173,1648,55.208333333333336,295.0629187861803,292.0773,586.9502,439.5137,0.0,0.8426,0.7768,1648,55.208333333333336,294.00639301833195,292.7153,586.5458,439.6306,0.075,0.8624,0.5928,1648,55.208333333333336
294.00861247169973,292.7321,586.5588,439.6455,0.075,0.856,0.5956,1649,55.23833333333334,294.23594355570077,292.5523,586.5929,439.5726,0.0,0.8185,0.6585,1649,55.23833333333334,295.06634538280724,292.0986,586.9855,439.542,0.025,0.8098,0.7885,1649,55.23833333333334,295.0598409555595,292.0737,586.9424,439.5081,0.0,0.8426,0.7521,1649,55.23833333333334,294.00861247169973,292.7321,586.5588,439.6455,0.075,0.856,0.5956,1649,55.23833333333334
294.0667816319853,292.6812,586.5921,439.6367,0.05,0.8631,0.7731,1650,55.28166666666667,294.2399861934132,292.5353,586.5747,439.555,0.0,0.8478,0.6954,1650,55.28166666666667,294.95291433456725,292.1735,586.9892,439.5814,0.0333,0.9546,0.7567,1650,55.28166666666667,295.0143014156621,292.0939,586.9213,439.5076,0.0,0.9316,0.7681,1650,55.28166666666667,294.0667816319853,292.6812,586.5921,439.6367,0.05,0.8631,0.7731,1650,55.28166666666667
294.2117806430568,292.5423,586.5897,439.566,0.05,0.793,0.8283,1651,55.30833333333334,294.2704107115983,292.502,586.573,439.5375,0.0,0.7841,0.6948,1651,55.30833333333334,294.95432548801455,292.1687,586.9859,439.5773,0.0333,0.9213,0.773,1651,55.30833333333334,295.0173627493357,292.0889,586.9184,439.5036,0.0,0.9148,0.7571,1651,55.30833333333334,294.2117806430568,292.5423,586.5897,439.566,0.05,0.793,0.8283,1651,55.30833333333334
294.1453492531323,292.5902,586.578,439.5841,0.0417,0.7678,0.8224,1652,55.33666666666667,294.25957937180965,292.5005,586.5622,439.5313,0.0,0.8313,0.6917,1652,55.33666666666667,294.96014122652343,292.1664,586.9553,439.5609,0.0167,0.926,0.7448,1652,55.33666666666667,295.0088031288909,292.0866,586.9084,439.4975,0.0,0.9172,0.7658,1652,55.33666666666667,294.1453492531323,292.5902,586.578,439.5841,0.0417,0.7678,0.8224,1652,55.33666666666667
294.18266664105505,292.5831,586.603,439.593,0.0333,0.8046,0.7753,1653,55.38333333333334,294.2561931296358,292.4938,586.5536,439.5237,0.0,0.841,0.7257,1653,55.38333333333334,294.9591378037264,292.1556,586.9469,439.5513,0.0167,0.9229,0.7884,1653,55.38333333333334,295.00680296416556,292.0763,586.8998,439.488,0.0,0.9453,0.7796,1653,55.38333333333334,294.18266664105505,292.5831,586.603,439.593,0.0333,0.8046,0.7753,1653,55.38333333333334
294.197061577377,292.6404,586.6932,439.6668,0.0333,0.8233,0.845,1654,55.40833333333334,294.29339709149104,292.4964,586.6086,439.5525,0.0,0.796,0.8023,1654,55.40833333333334,295.0025592968278,292.1554,587.0072,439.5813,0.0167,0.9176,0.8704,1654,55.40833333333334,295.0545596253644,292.0761,586.9626,439.5194,0.0,0.9381,0.89,1654,55.40833333333334,294.197061577377,292.6404,586.6932,439.6668,0.0333,0.8233,0.845,1654,55.40833333333334
294.2426917687106,292.8379,586.9088,439.8733,0.05,0.7633,0.8215,1655,55.43833333333334,294.2804255145479,292.759,586.8674,439.8132,0.0,0.8023,0.749,1655,55.43833333333334,295.0771836320535,292.3578,587.2964,439.8271,0.0417,0.7989,0.9997,1655,55.43833333333334,295.1071202335132,292.2998,587.2479,439.7739,0.0,0.759,0.9758,1655,55.43833333333334,294.2426917687106,292.8379,586.9088,439.8733,0.05,0.7633,0.8215,1655,55.43833333333334
294.2380447615764,292.8323,586.8943,439.8633,0.0667,0.7064,0.8091,1656,55.47166666666667,294.26610551839616,292.7565,586.8529,439.8047,0.0,0.8108,0.7781,1656,55.47166666666667,295.0960733373237,292.3237,587.1933,439.7585,0.0417,0.7352,0.7822,1656,55.47166666666667,295.154641693729,292.2938,587.2845,439.7892,0.0,0.7696,0.8661,1656,55.47166666666667,294.2380447615764,292.8323,586.8943,439.8633,0.0667,0.7064,0.8091,1656,55.47166666666667
294.19087256058026,292.7464,586.7273,439.7368,0.05,0.7723,0.7846,1657,55.50333333333334,294.26081578130356,292.6432,586.6879,439.6655,0.0,0.7644,0.7499,1657,55.50333333333334,295.0113218978051,292.2661,587.0122,439.6392,0.0417,0.7678,0.7754,1657,55.50333333333334,295.0831842236865,292.2226,587.1089,439.6657,0.0,0.7799,0.7524,1657,55.50333333333334,294.19087256058026,292.7464,586.7273,439.7368,0.05,0.7723,0.7846,1657,55.50333333333334
294.2402157943959,292.6314,586.6664,439.6489,0.0417,0.7796,0.7652,1658,55.54166666666667,294.24736353376875,292.5929,586.6288,439.6109,0.0,0.8351,0.7923,1658,55.54166666666667,294.96515328620376,292.1741,586.9545,439.5643,0.025,0.8014,0.7965,1658,55.54166666666667,295.02235979034947,292.1504,586.9892,439.5698,0.0,0.8205,0.791,1658,55.54166666666667,294.2402157943959,292.6314,586.6664,439.6489,0.0417,0.7796,0.7652,1658,55.54166666666667
294.28638715839946,292.5402,586.591,439.5656,0.0417,0.7229,0.8235,1659,55.57166666666667,294.25617657039487,292.5524,586.591,439.5717,0.0,0.931,0.8235,1659,55.57166666666667,294.9699430245583,292.1311,586.909,439.5201,0.025,0.8636,0.8509,1659,55.57166666666667,295.02551947323013,292.1094,586.9427,439.526,0.0,0.8669,0.8525,1659,55.57166666666667,294.28638715839946,292.5402,586.591,439.5656,0.0417,0.7229,0.8235,1659,55.57166666666667
294.3303663098311,292.5216,586.6581,439.5898,0.0583,0.6684,0.8054,1660,55.605000000000004,294.25411462296984,292.5359,586.5725,439.5542,0.0,0.9247,0.7396,1660,55.605000000000004,294.98843091083415,292.105,586.8975,439.5013,0.025,0.8895,0.85,1660,55.605000000000004,295.04286017668585,292.0843,586.93,439.5071,0.0,0.9167,0.8671,1660,55.605000000000004,294.3303663098311,292.5216,586.6581,439.5898,0.0583,0.6684,0.8054,1660,55.605000000000004
294.29249867814735,292.5097,586.5841,439.5469,0.0667,0.6631,0.7653,1661,55.638333333333335,294.2379724395726,292.5172,586.5403,439.5288,0.0,0.8504,0.7222,1661,55.638333333333335,294.94388400559683,292.1399,586.9155,439.5277,0.025,0.906,0.8187,1661,55.638333333333335,295.03605506053486,292.0614,586.9049,439.4832,0.0,0.8685,0.8477,1661,55.638333333333335,294.29249867814735,292.5097,586.5841,439.5469,0.0667,0.6631,0.7653,1661,55.638333333333335
294.07413214502935,292.6392,586.4473,439.5432,0.025,0.7876,0.7355,1662,55.67166666666667,294.13384431305354,292.5989,586.5228,439.5609,0.0,0.8514,0.7377,1662,55.67166666666667,294.79309840652724,292.1303,586.6901,439.4102,0.0417,0.9151,0.672,1662,55.67166666666667,295.03396558418115,292.0519,586.89,439.4709,0.0,0.901,0.8123,1662,55.67166666666667,294.07413214502935,292.6392,586.4473,439.5432,0.025,0.7876,0.7355,1662,55.67166666666667
294.093375582583,292.6404,586.5151,439.5777,0.0167,0.7864,0.7471,1663,55.70333333333334,294.12287630309993,292.6,586.5151,439.5575,0.0,0.8565,0.7471,1663,55.70333333333334,294.82294882693634,292.1326,586.7134,439.423,0.0333,0.9248,0.7019,1663,55.70333333333334,295.02546609519425,292.0541,586.8841,439.4691,0.0,0.9126,0.7472,1663,55.70333333333334,294.093375582583,292.6404,586.5151,439.5777,0.0167,0.7864,0.7471,1663,55.70333333333334
294.0704631197573,292.6429,586.4892,439.5661,0.0167,0.8516,0.7267,1664,55.73666666666667,294.09993205933796,292.6026,586.4892,439.5459,0.0,0.856,0.7267,1664,55.73666666666667,294.94663106074,292.129,586.812,439.4705,0.0167,0.9322,0.8566,1664,55.73666666666667,295.0585893990799,292.0505,586.9063,439.4784,0.0,0.9136,0.8057,1664,55.73666666666667,294.0704631197573,292.6429,586.4892,439.5661,0.0167,0.8516,0.7267,1664,55.73666666666667
294.1520809240503,292.5585,586.4999,439.5292,0.0417,0.7382,0.9179,1665,55.775000000000006,294.12803494405046,292.5918,586.4999,439.5458,0.0,0.8288,0.9179,1665,55.775000000000006,294.85604284026704,292.1687,586.8424,439.5056,0.0417,0.844,0.8809,1665,55.775000000000006,294.996477259545,292.1094,586.8767,439.4931,0.0,0.8374,0.9226,1665,55.775000000000006,294.1520809240503,292.5585,586.4999,439.5292,0.0417,0.7382,0.9179,1665,55.775000000000006
294.14956611709454,292.5562,586.4971,439.5267,0.0417,0.7443,0.9248,1666,55.80833333333334,294.1250151813205,292.59,586.4971,439.5435,0.0,0.8259,0.9248,1666,55.80833333333334,294.98788514702784,292.053,586.8425,439.4478,0.0333,0.787,0.8701,1666,55.80833333333334,294.99730989184434,292.1078,586.8768,439.4923,0.0,0.808,0.9129,1666,55.80833333333334,294.14956611709454,292.5562,586.4971,439.5267,0.0417,0.7443,0.9248,1666,55.80833333333334
294.24963982097825,292.455,586.4925,439.4738,0.0417,0.7655,0.9056,1667,55.83666666666667,294.1226186511068,292.5884,586.4925,439.5405,0.0,0.8419,0.9056,1667,55.83666666666667,294.95139738875497,292.0528,586.7574,439.4051,0.0417,0.7864,0.8612,1667,55.83666666666667,294.9959853243412,292.1077,586.8744,439.491,0.0,0.808,0.918,1667,55.83666666666667,294.24963982097825,292.455,586.4925,439.4738,0.0417,0.7655,0.9056,1667,55.83666666666667
294.1521223685962,292.5527,586.4949,439.5238,0.0417,0.7258,0.9157,1668,55.87166666666667,294.1273310462965,292.5868,586.4949,439.5409,0.0,0.8291,0.9157,1668,55.87166666666667,294.9535364911944,292.0532,586.7587,439.4059,0.0417,0.8046,0.8665,1668,55.87166666666667,294.9981323585142,292.108,586.8762,439.4921,0.0,0.81,0.916,1668,55.87166666666667,294.1521223685962,292.5527,586.4949,439.5238,0.0417,0.7258,0.9157,1668,55.87166666666667
294.20438686836155,292.4948,586.4934,439.4941,0.0333,0.7305,0.9162,1669,55.903333333333336,294.1258594466878,292.5852,586.4934,439.5393,0.0,0.8298,0.9162,1669,55.903333333333336,294.9887681475534,292.0536,586.8426,439.4481,0.0333,0.8031,0.8764,1669,55.903333333333336,294.99809586276314,292.1084,586.8767,439.4925,0.0,0.815,0.9162,1669,55.903333333333336,294.20438686836155,292.4948,586.4934,439.4941,0.0333,0.7305,0.9162,1669,55.903333333333336
294.252124016316,292.454,586.4943,439.4741,0.0417,0.7611,0.9164,1670,55.93666666666667,294.12511143159054,292.5874,586.4943,439.5408,0.0,0.8413,0.9164,1670,55.93666666666667,294.9872740866758,292.0541,586.8421,439.4481,0.0333,0.8039,0.8921,1670,55.93666666666667,294.9966152804982,292.1089,586.8762,439.4925,0.0,0.8135,0.9163,1670,55.93666666666667,294.252124016316,292.454,586.4943,439.4741,0.0417,0.7611,0.9164,1670,55.93666666666667
294.2106502166882,292.7991,586.8273,439.8132,0.0583,0.6712,0.7798,1671,55.97166666666667,294.1674538459869,292.8408,586.8273,439.8341,0.0,0.6722,0.7798,1671,55.97166666666667,294.9542472298331,292.3573,587.1607,439.759,0.0417,0.7596,0.7978,1671,55.97166666666667,295.08720446104576,292.3055,587.2002,439.7528,0.0,0.8345,0.8592,1671,55.97166666666667,294.2106502166882,292.7991,586.8273,439.8132,0.0583,0.6712,0.7798,1671,55.97166666666667
294.1110854828886,292.8865,586.8297,439.8581,0.0333,0.7999,0.7812,1672,56.00833333333334,294.1367711264721,292.8706,586.8297,439.8502,0.0,0.8675,0.7812,1672,56.00833333333334,295.01317685926995,292.3124,587.1629,439.7377,0.0333,0.8904,0.8087,1672,56.00833333333334,295.02195087049324,292.3703,587.2023,439.7863,0.0,0.9004,0.8641,1672,56.00833333333334,294.1110854828886,292.8865,586.8297,439.8581,0.0333,0.7999,0.7812,1672,56.00833333333334
294.1459666623474,292.8208,586.7747,439.7977,0.0417,0.7776,0.7986,1673,56.038333333333334,294.2239366037859,292.7604,586.7747,439.7675,0.0,0.8739,0.7986,1673,56.038333333333334,295.01959308666255,292.2536,587.0896,439.6716,0.0333,0.8325,0.7971,1673,56.038333333333334,295.02673145296353,292.3128,587.1283,439.7206,0.0,0.9022,0.7902,1673,56.038333333333334,294.1459666623474,292.8208,586.7747,439.7977,0.0417,0.7776,0.7986,1673,56.038333333333334
294.3452124000909,292.5888,586.7115,439.6501,0.0417,0.7581,0.8741,1674,56.07166666666667,294.2058531625737,292.7328,586.7115,439.7222,0.0,0.8803,0.8741,1674,56.07166666666667,294.98950931333184,292.2324,587.023,439.6277,0.0333,0.7984,0.7994,1674,56.07166666666667,294.9996047787924,292.2916,587.0624,439.677,0.0,0.9335,0.7603,1674,56.07166666666667,294.3452124000909,292.5888,586.7115,439.6501,0.0417,0.7581,0.8741,1674,56.07166666666667
294.1351422792866,292.6144,586.497,439.5557,0.0417,0.6776,0.8977,1675,56.105000000000004,294.10453511886783,292.6527,586.497,439.5748,0.0,0.8,0.8977,1675,56.105000000000004,294.98419697671966,292.1862,586.9388,439.5625,0.0333,0.874,0.782,1675,56.105000000000004,294.89929614788656,292.2404,586.8692,439.5548,0.0,0.9196,0.842,1675,56.105000000000004,294.1351422792866,292.6144,586.497,439.5557,0.0417,0.6776,0.8977,1675,56.105000000000004
294.1939392578703,292.5532,586.4963,439.5248,0.0333,0.7179,0.8711,1676,56.13666666666667,294.11080747989865,292.6463,586.4963,439.5713,0.0,0.8045,0.8711,1676,56.13666666666667,294.9944753766536,292.1756,586.9385,439.557,0.0333,0.8461,0.7835,1676,56.13666666666667,294.9084735874287,292.231,586.8688,439.5499,0.0,0.9302,0.8429,1676,56.13666666666667,294.1939392578703,292.5532,586.4963,439.5248,0.0333,0.7179,0.8711,1676,56.13666666666667
294.2059022529619,292.5429,586.4981,439.5205,0.0333,0.7493,0.8777,1677,56.17,294.1222534604784,292.6366,586.4981,439.5673,0.0,0.804,0.8777,1677,56.17,295.01008321014666,292.161,586.9399,439.5505,0.0333,0.8521,0.7808,1677,56.17,294.92342394166116,292.2172,586.8702,439.5437,0.0,1.0234,0.8408,1677,56.17,294.2059022529619,292.5429,586.4981,439.5205,0.0333,0.7493,0.8777,1677,56.17
294.209620846911,292.5397,586.4967,439.5182,0.0333,0.744,0.8712,1678,56.205000000000005,294.1252550109622,292.634,586.4967,439.5654,0.0,0.803,0.8712,1678,56.205000000000005,294.9395133992032,292.1531,586.8486,439.5008,0.025,0.8153,0.8306,1678,56.205000000000005,294.9002832782945,292.2094,586.8486,439.529,0.0,0.9814,0.8306,1678,56.205000000000005,294.209620846911,292.5397,586.4967,439.5182,0.0333,0.744,0.8712,1678,56.205000000000005
294.10509080869593,292.6269,586.4811,439.554,0.05,0.7693,0.9106,1679,56.23666666666667,294.1232328782178,292.6198,586.4811,439.5505,0.0,0.6824,0.9106,1679,56.23666666666667,294.9587320994184,292.1438,586.8511,439.4975,0.025,0.8139,0.8932,1679,56.23666666666667,294.9191636801992,292.2004,586.8511,439.5257,0.0,0.9415,0.8932,1679,56.23666666666667,294.10509080869593,292.6269,586.4811,439.554,0.05,0.7693,0.9106,1679,56.23666666666667
294.11265092225585,292.5945,586.4644,439.5294,0.0333,0.7864,0.8524,1680,56.27166666666667,294.0336306326862,292.6842,586.4644,439.5743,0.0,0.7515,0.8524,1680,56.27166666666667,294.9496806141169,292.1387,586.8379,439.4883,0.025,0.8123,0.8196,1680,56.27166666666667,294.90996868014315,292.1959,586.8379,439.5169,0.0,0.9274,0.8196,1680,56.27166666666667,294.11265092225585,292.5945,586.4644,439.5294,0.0333,0.7864,0.8524,1680,56.27166666666667
294.1092222040674,292.5892,586.4578,439.5235,0.0333,0.7925,0.8486,1681,56.30833333333334,294.02977648129536,292.6793,586.4578,439.5685,0.0,0.7407,0.8486,1681,56.30833333333334,294.9260919597442,292.1315,586.8168,439.4742,0.025,0.8013,0.8357,1681,56.30833333333334,294.8851736378015,292.1893,586.8168,439.503,0.0,0.8881,0.8357,1681,56.30833333333334,294.1092222040674,292.5892,586.4578,439.5235,0.0333,0.7925,0.8486,1681,56.30833333333334
294.1134330816925,292.5794,586.4512,439.5153,0.0333,0.7691,0.8308,1682,56.34166666666667,294.03281826050824,292.6707,586.4512,439.561,0.0,0.7631,0.8308,1682,56.34166666666667,294.9358207219452,292.1131,586.8097,439.4614,0.025,0.8378,0.8342,1682,56.34166666666667,294.894572575003,292.1713,586.8097,439.4905,0.0,0.8195,0.8342,1682,56.34166666666667,294.1134330816925,292.5794,586.4512,439.5153,0.0333,0.7691,0.8308,1682,56.34166666666667
294.1101850568855,292.5718,586.4429,439.5074,0.0333,0.7775,0.8241,1683,56.37166666666667,294.02951689030505,292.6634,586.4429,439.5531,0.0,0.7937,0.8241,1683,56.37166666666667,294.94652721932084,292.0963,586.8065,439.4514,0.025,0.8476,0.8262,1683,56.37166666666667,294.9048042495426,292.1546,586.8065,439.4805,0.0,0.9473,0.8262,1683,56.37166666666667,294.1101850568855,292.5718,586.4429,439.5074,0.0333,0.7775,0.8241,1683,56.37166666666667
294.10517760005257,292.5607,586.4299,439.4953,0.0333,0.8296,0.8585,1684,56.41000000000001,294.02354529046386,292.6531,586.4299,439.5415,0.0,0.7927,0.8585,1684,56.41000000000001,294.9911890208349,292.079,586.8607,439.4698,0.0333,0.8547,0.8482,1684,56.41000000000001,294.90139640519527,292.1384,586.7922,439.4653,0.0,0.9446,0.8129,1684,56.41000000000001,294.10517760005257,292.5607,586.4299,439.4953,0.0333,0.8296,0.8585,1684,56.41000000000001
294.1729397198769,292.4806,586.431,439.4558,0.0417,0.7367,0.8024,1685,56.44166666666667,294.04547477225844,292.6146,586.431,439.5228,0.0,0.8027,0.8024,1685,56.44166666666667,295.0126760706121,292.0288,586.8526,439.4407,0.025,0.7624,0.9516,1685,56.44166666666667,295.00940141728483,292.0627,586.8526,439.4577,0.0,0.9252,0.9516,1685,56.44166666666667,294.1729397198769,292.4806,586.431,439.4558,0.0417,0.7367,0.8024,1685,56.44166666666667
294.2274025883665,292.4293,586.4302,439.4298,0.05,0.6943,0.8021,1686,56.475,294.0481197689961,292.6107,586.4302,439.5204,0.0,0.7739,0.8021,1686,56.475,294.95109014373884,292.0865,586.8518,439.4692,0.0333,0.7533,0.9501,1686,56.475,295.007542382819,292.0639,586.8518,439.4578,0.0,0.9241,0.9501,1686,56.475,294.2274025883665,292.4293,586.4302,439.4298,0.05,0.6943,0.8021,1686,56.475
294.23731032049807,292.6282,586.6867,439.6575,0.0667,0.6204,0.8596,1687,56.525000000000006,294.1849157701208,292.6552,586.6438,439.6495,0.0,0.7115,0.7402,1687,56.525000000000006,295.034600058342,292.1021,586.9372,439.5196,0.025,0.871,0.8445,1687,56.525000000000006,295.0828538899873,292.1103,587.0119,439.5611,0.0,0.8325,0.8453,1687,56.525000000000006,294.23731032049807,292.6282,586.6867,439.6575,0.0667,0.6204,0.8596,1687,56.525000000000006
294.1724717540761,292.8016,586.7897,439.7957,0.0333,0.714,0.7803,1688,56.54166666666667,294.0952847008466,292.8621,586.7897,439.8259,0.0,0.8129,0.7803,1688,56.54166666666667,294.989536019579,292.3959,587.2265,439.8112,0.0083,0.8889,0.966,1688,56.54166666666667,295.06303468179647,292.3164,587.2265,439.7715,0.0,0.8825,0.966,1688,56.54166666666667,294.1724717540761,292.8016,586.7897,439.7957,0.0333,0.714,0.7803,1688,56.54166666666667
294.1456245585912,292.7705,586.7081,439.7393,0.0333,0.7029,0.8285,1689,56.57,294.0716888125139,292.8246,586.7081,439.7663,0.0,0.8052,0.8285,1689,56.57,294.9766127524881,292.2702,587.0136,439.6419,0.0417,0.7461,0.8085,1689,56.57,295.0344555775897,292.2378,587.096,439.6669,0.0,0.8372,0.9154,1689,56.57,294.1456245585912,292.7705,586.7081,439.7393,0.0333,0.7029,0.8285,1689,56.57
294.19935837387095,292.6594,586.6206,439.64,0.025,0.713,0.8274,1690,56.615,294.17791130938065,292.6651,586.6206,439.6428,0.0,0.7555,0.8274,1690,56.615,295.0316147158342,292.1666,586.9278,439.5472,0.025,0.8981,0.8356,1690,56.615,295.0878826371285,292.1379,587.0184,439.5781,0.0,0.8679,0.8593,1690,56.615,294.19935837387095,292.6594,586.6206,439.64,0.025,0.713,0.8274,1690,56.615
294.2243260731148,292.56,586.4913,439.5257,0.05,0.6154,0.7396,1691,56.64166666666667,294.1343493352381,292.6554,586.5696,439.6125,0.0,0.7159,0.7828,1691,56.64166666666667,294.9882140972596,292.1491,586.8731,439.5111,0.025,0.847,0.8264,1691,56.64166666666667,295.04296642619533,292.1219,586.9623,439.5421,0.0,0.8827,0.8405,1691,56.64166666666667,294.2243260731148,292.56,586.4913,439.5257,0.05,0.6154,0.7396,1691,56.64166666666667
294.08404231233635,292.6474,586.4349,439.5412,0.0583,0.6767,0.7754,1692,56.67166666666667,294.1351122998097,292.5988,586.516,439.5574,0.0,0.7453,0.7606,1692,56.67166666666667,294.9643863951752,292.1148,586.8171,439.466,0.025,0.8293,0.812,1692,56.67166666666667,295.01886951709577,292.0888,586.9085,439.4987,0.0,0.8474,0.8368,1692,56.67166666666667,294.08404231233635,292.6474,586.4349,439.5412,0.0583,0.6767,0.7754,1692,56.67166666666667
294.20680356789853,292.5243,586.4984,439.5114,0.0333,0.7339,0.7823,1693,56.715,294.13297760642655,292.5771,586.4984,439.5377,0.0,0.8065,0.7823,1693,56.715,294.8924967819886,292.1627,586.8045,439.4836,0.0333,0.8616,0.9215,1693,56.715,295.0091011250271,292.0775,586.8941,439.4858,0.0,0.8415,0.8711,1693,56.715,294.20680356789853,292.5243,586.4984,439.5114,0.0333,0.7339,0.7823,1693,56.715
294.14181278510193,292.5573,586.4517,439.5045,0.025,0.7827,0.7951,1694,56.74166666666667,294.1205114640559,292.5632,586.4517,439.5075,0.0,0.8077,0.7951,1694,56.74166666666667,294.87735636975447,292.136,586.734,439.435,0.0167,0.9334,0.9308,1694,56.74166666666667,294.99211409653856,292.0568,586.8363,439.4466,0.0,0.9322,0.8932,1694,56.74166666666667,294.14181278510193,292.5573,586.4517,439.5045,0.025,0.7827,0.7951,1694,56.74166666666667
294.1460803331862,292.5811,586.4912,439.5362,0.0583,0.7039,0.9436,1695,56.77166666666667,294.12912409370847,292.5298,586.4333,439.4816,0.0,0.8064,0.9065,1695,56.77166666666667,294.9095909789638,292.1829,586.8964,439.5396,0.0333,0.7878,0.8679,1695,56.77166666666667,295.01875853731326,292.0343,586.8278,439.4311,0.0,0.8152,0.836,1695,56.77166666666667,294.1460803331862,292.5811,586.4912,439.5362,0.0583,0.7039,0.9436,1695,56.77166666666667
294.14552376122685,292.5797,586.49,439.5349,0.0583,0.7086,0.9236,1696,56.81666666666667,294.1287498688866,292.5282,586.4322,439.4802,0.0,0.7927,0.901,1696,56.81666666666667,294.9074250864343,292.1869,586.8974,439.5422,0.0333,0.8096,0.8661,1696,56.81666666666667,295.0167426692755,292.0383,586.8289,439.4336,0.0,0.8224,0.8359,1696,56.81666666666667,294.14552376122685,292.5797,586.49,439.5349,0.0583,0.7086,0.9236,1696,56.81666666666667
294.14581866605715,292.5814,586.4921,439.5368,0.0583,0.7072,0.9407,1697,56.84166666666667,294.1287511057515,292.5301,586.4341,439.4821,0.0,0.8055,0.9051,1697,56.84166666666667,294.9056469129221,292.1866,586.8957,439.5412,0.0333,0.8084,0.8681,1697,56.84166666666667,295.0149714060907,292.038,586.8272,439.4326,0.0,0.8217,0.8389,1697,56.84166666666667,294.14581866605715,292.5814,586.4921,439.5368,0.0583,0.7072,0.9407,1697,56.84166666666667
294.14503894761197,292.5789,586.4901,439.5345,0.0583,0.7043,0.8543,1698,56.87166666666667,294.1281159737224,292.5275,586.4322,439.4798,0.0,0.8018,0.8256,1698,56.87166666666667,294.8635841713699,292.1882,586.8015,439.4949,0.0417,0.7907,0.7588,1698,56.87166666666667,295.0140824201864,292.0397,586.8294,439.4346,0.0,0.8136,0.8017,1698,56.87166666666667,294.14503894761197,292.5789,586.4901,439.5345,0.0583,0.7043,0.8543,1698,56.87166666666667
294.14712529924554,292.5789,586.4914,439.5352,0.0583,0.7096,0.8764,1699,56.903333333333336,294.13018310846564,292.5276,586.4335,439.4806,0.0,0.8162,0.8638,1699,56.903333333333336,294.85490593105055,292.1946,586.7968,439.4957,0.0417,0.8278,0.747,1699,56.903333333333336,295.00551257206837,292.0461,586.8252,439.4356,0.0,0.8734,0.8071,1699,56.903333333333336,294.14712529924554,292.5789,586.4914,439.5352,0.0583,0.7096,0.8764,1699,56.903333333333336
294.1462555911868,292.579,586.4906,439.5348,0.0583,0.7188,0.8725,1700,56.93666666666667,294.12980713821673,292.5272,586.4328,439.48,0.0,0.8029,0.8749,1700,56.93666666666667,294.85676102755986,292.1944,586.798,439.4962,0.0417,0.8288,0.7444,1700,56.93666666666667,295.0073425412328,292.046,586.8265,439.4362,0.0,0.8743,0.8025,1700,56.93666666666667,294.1462555911868,292.579,586.4906,439.5348,0.0583,0.7188,0.8725,1700,56.93666666666667
294.1445907842,292.5795,586.4899,439.5347,0.0583,0.712,0.8791,1701,56.970000000000006,294.12813844727907,292.5277,586.432,439.4799,0.0,0.8212,0.8638,1701,56.970000000000006,294.89743330516296,292.1945,586.894,439.5443,0.0333,0.829,0.8245,1701,56.970000000000006,295.0064042285966,292.046,586.8255,439.4358,0.0,0.8741,0.7859,1701,56.970000000000006,294.1445907842,292.5795,586.4899,439.5347,0.0583,0.712,0.8791,1701,56.970000000000006
294.1436461796044,292.5795,586.4885,439.534,0.0583,0.7059,1.0012,1702,57.00833333333334,294.1271476796724,292.5277,586.4306,439.4792,0.0,0.7977,0.9542,1702,57.00833333333334,294.8639009265281,292.1863,586.7989,439.4926,0.0417,0.8098,0.8066,1702,57.00833333333334,295.0145558838741,292.0377,586.8267,439.4322,0.0,0.8222,0.819,1702,57.00833333333334,294.1436461796044,292.5795,586.4885,439.534,0.0583,0.7059,1.0012,1702,57.00833333333334
294.2272016279669,292.4844,586.4873,439.4859,0.0417,0.687,0.9021,1703,57.038333333333334,294.1176329710764,292.5339,586.4295,439.4817,0.0,0.8112,0.8888,1703,57.038333333333334,294.8310226274672,292.2289,586.8827,439.5558,0.05,0.7006,0.8716,1703,57.038333333333334,294.9897639633693,292.0467,586.8142,439.4304,0.0,0.8264,0.7997,1703,57.038333333333334,294.2272016279669,292.4844,586.4873,439.4859,0.0417,0.687,0.9021,1703,57.038333333333334
294.22912603563583,292.6807,586.7203,439.7005,0.0333,0.728,0.7822,1704,57.07166666666667,294.153964134343,292.7385,586.7203,439.7294,0.0,0.8271,0.7822,1704,57.07166666666667,295.02284002511396,292.2297,587.0675,439.6486,0.0333,0.7295,0.834,1704,57.07166666666667,295.0365611963574,292.2039,587.0675,439.6357,0.0,0.7752,0.834,1704,57.07166666666667,294.22912603563583,292.6807,586.7203,439.7005,0.0333,0.728,0.7822,1704,57.07166666666667
294.24057302194234,292.7026,586.7472,439.7249,0.0417,0.7209,0.8197,1705,57.10666666666667,294.1066698205431,292.841,586.7472,439.7941,0.0,0.8873,0.8197,1705,57.10666666666667,295.0577577236862,292.228,587.109,439.6685,0.025,0.7527,0.8374,1705,57.10666666666667,295.01497195040156,292.2866,587.109,439.6978,0.0,0.7988,0.8374,1705,57.10666666666667,294.24057302194234,292.7026,586.7472,439.7249,0.0417,0.7209,0.8197,1705,57.10666666666667
293.98131746796037,292.6506,586.3571,439.5039,0.0417,0.8311,0.6215,1706,57.138333333333335,294.03198929565986,292.6905,586.4859,439.5882,0.0,0.9086,0.6889,1706,57.138333333333335,294.87562381028,292.1544,586.7737,439.4641,0.025,0.877,0.7519,1706,57.138333333333335,294.9311861483699,292.1607,586.8679,439.5143,0.0,0.7395,0.6842,1706,57.138333333333335,293.98131746796037,292.6506,586.3571,439.5039,0.0417,0.8311,0.6215,1706,57.138333333333335
294.1380265116762,292.5019,586.3567,439.4293,0.0583,0.6377,0.6247,1707,57.17,294.08328560270894,292.6365,586.4844,439.5604,0.0,0.8029,0.6725,1707,57.17,295.06157301001923,291.9761,586.7686,439.3724,0.0417,0.7419,0.7288,1707,57.17,295.00579711692035,292.0825,586.8611,439.4718,0.0,0.7511,0.6788,1707,57.17,294.1380265116762,292.5019,586.3567,439.4293,0.0583,0.6377,0.6247,1707,57.17
294.03068160120245,292.5993,586.3552,439.4772,0.0417,0.71,0.6227,1708,57.20333333333334,294.07980399549723,292.6404,586.4831,439.5618,0.0,0.9777,0.67,1708,57.20333333333334,295.10710677477795,291.9741,586.7941,439.3841,0.05,0.7388,0.6914,1708,57.20333333333334,295.0087074760132,292.0802,586.8618,439.471,0.0,0.7619,0.7022,1708,57.20333333333334,294.03068160120245,292.5993,586.3552,439.4772,0.0417,0.71,0.6227,1708,57.20333333333334
294.1300732417071,292.5087,586.354,439.4313,0.0583,0.6471,0.6245,1709,57.23666666666667,294.0771665466999,292.6414,586.482,439.5617,0.0,0.9467,0.6653,1709,57.23666666666667,295.1010332961759,291.9754,586.7912,439.3833,0.05,0.7383,0.6617,1709,57.23666666666667,295.0025607282878,292.0813,586.8584,439.4699,0.0,0.7618,0.6854,1709,57.23666666666667,294.1300732417071,292.5087,586.354,439.4313,0.0583,0.6471,0.6245,1709,57.23666666666667
294.13501456591155,292.4985,586.3467,439.4226,0.0583,0.649,0.6497,1710,57.27166666666667,294.0814732754561,292.6323,586.4758,439.5541,0.0,0.8961,0.6687,1710,57.27166666666667,295.0156721407758,292.0076,586.7585,439.383,0.0333,0.7768,0.7631,1710,57.27166666666667,295.0118083886423,292.0675,586.8518,439.4597,0.0,0.7057,0.7156,1710,57.27166666666667,294.13501456591155,292.4985,586.3467,439.4226,0.0583,0.649,0.6497,1710,57.27166666666667
294.18312028107437,292.4884,586.3922,439.4403,0.05,0.7013,0.6927,1711,57.303333333333335,294.08544573296194,292.6225,586.4707,439.5466,0.0,0.9265,0.6442,1711,57.303333333333335,295.11090928193636,291.9515,586.7761,439.3638,0.05,0.7326,0.7107,1711,57.303333333333335,295.01274164768404,292.059,586.8451,439.4521,0.0,0.7128,0.7198,1711,57.303333333333335,294.18312028107437,292.4884,586.3922,439.4403,0.05,0.7013,0.6927,1711,57.303333333333335
294.1430419372393,292.4759,586.336,439.4059,0.0583,0.6793,0.6753,1712,57.33666666666667,294.08804518811365,292.6115,586.4655,439.5385,0.0,0.9323,0.7144,1712,57.33666666666667,295.1237048298825,291.9379,586.7761,439.357,0.05,0.7333,0.7004,1712,57.33666666666667,295.0244027392363,292.0464,586.8431,439.4448,0.0,0.7044,0.6946,1712,57.33666666666667,294.1430419372393,292.4759,586.336,439.4059,0.0583,0.6793,0.6753,1712,57.33666666666667
294.1369806481084,292.5115,586.3805,439.446,0.0417,0.728,0.7295,1713,57.370000000000005,294.0878586986647,292.6027,586.4578,439.5302,0.0,0.9311,0.6677,1713,57.370000000000005,295.040153240421,291.9719,586.7258,439.3489,0.0667,0.7474,0.6507,1713,57.370000000000005,295.03608855688947,292.0303,586.8411,439.4357,0.0,0.7809,0.6974,1713,57.370000000000005,294.1369806481084,292.5115,586.3805,439.446,0.0417,0.728,0.7295,1713,57.370000000000005
294.14180671329143,292.4468,586.3055,439.3762,0.0583,0.7039,0.6262,1714,57.405,294.0824374808726,292.5851,586.4335,439.5093,0.0,0.9321,0.6601,1714,57.405,295.05268755042744,291.9588,586.745,439.3519,0.075,0.7427,0.6247,1714,57.405,295.0281404531007,292.0186,586.8173,439.4179,0.0,0.7781,0.7231,1714,57.405,294.14180671329143,292.4468,586.3055,439.3762,0.0583,0.7039,0.6262,1714,57.405
294.1633754411397,292.4243,586.3572,439.3908,0.0333,0.7828,0.7957,1715,57.43833333333334,294.0882257991854,292.5114,586.3572,439.4343,0.0,0.7999,0.7957,1715,57.43833333333334,294.9030466116078,291.9961,586.6894,439.3428,0.0417,0.8218,0.8939,1715,57.43833333333334,295.01196380053443,291.9703,586.7271,439.3487,0.0,0.7908,0.8403,1715,57.43833333333334,294.1633754411397,292.4243,586.3572,439.3908,0.0333,0.7828,0.7957,1715,57.43833333333334
294.2040794873569,292.3878,586.3539,439.3708,0.0417,0.6921,0.8026,1716,57.47166666666667,294.0818224134872,292.5166,586.3539,439.4352,0.0,0.7314,0.8026,1716,57.47166666666667,294.94858490757815,291.9926,586.7507,439.3716,0.05,0.787,0.8709,1716,57.47166666666667,295.01531888732904,291.9637,586.7233,439.3435,0.0,0.8337,0.8407,1716,57.47166666666667,294.2040794873569,292.3878,586.3539,439.3708,0.0417,0.6921,0.8026,1716,57.47166666666667
294.1534571259348,292.431,586.3527,439.3919,0.0333,0.737,0.8109,1717,57.50833333333334,294.0795423868815,292.5169,586.3527,439.4348,0.0,0.7671,0.8109,1717,57.50833333333334,294.90116453215785,291.993,586.6845,439.3387,0.0417,0.801,0.8823,1717,57.50833333333334,295.0133810502693,291.9641,586.7223,439.3432,0.0,0.8333,0.8385,1717,57.50833333333334,294.1534571259348,292.431,586.3527,439.3919,0.0333,0.737,0.8109,1717,57.50833333333334
294.1937864127902,292.4309,586.4107,439.4208,0.0417,0.7366,0.8185,1718,57.53666666666667,294.081487136346,292.517,586.3544,439.4357,0.0,0.7773,0.804,1718,57.53666666666667,294.9010839032795,291.9933,586.6846,439.3389,0.0417,0.8007,0.8829,1718,57.53666666666667,295.0130700982327,291.9646,586.7223,439.3435,0.0,0.8333,0.8402,1718,57.53666666666667,294.1937864127902,292.4309,586.4107,439.4208,0.0417,0.7366,0.8185,1718,57.53666666666667
294.10597735056797,292.4741,586.3536,439.4138,0.025,0.8009,0.81,1719,57.57,294.0821898637457,292.5147,586.3536,439.4341,0.0,0.7893,0.81,1719,57.57,294.9444374013502,291.9933,586.7479,439.3706,0.05,0.8012,0.8754,1719,57.57,295.0119319752611,291.9649,586.7217,439.3433,0.0,0.8331,0.8416,1719,57.57,294.10597735056797,292.4741,586.3536,439.4138,0.025,0.8009,0.81,1719,57.57
294.36716034688646,292.4619,586.6416,439.5517,0.05,0.6926,0.7841,1720,57.60333333333334,294.17494306780077,292.656,586.6416,439.6488,0.0,0.7728,0.7841,1720,57.60333333333334,295.1592037675677,292.0513,586.9757,439.5135,0.05,0.7245,0.8633,1720,57.60333333333334,295.1504149050347,292.1143,587.0626,439.5884,0.0,0.8061,0.93,1720,57.60333333333334,294.36716034688646,292.4619,586.6416,439.5517,0.05,0.6926,0.7841,1720,57.60333333333334
294.2600584917333,292.5616,586.6216,439.5916,0.0583,0.6281,0.7915,1721,57.638333333333335,294.125919913389,292.6947,586.6216,439.6582,0.0,0.7408,0.7915,1721,57.638333333333335,295.0760573385983,292.0861,586.9416,439.5138,0.0583,0.7643,0.7652,1721,57.638333333333335,295.12074165234566,292.1436,587.061,439.6023,0.0,0.7888,0.8859,1721,57.638333333333335,294.2600584917333,292.5616,586.6216,439.5916,0.0583,0.6281,0.7915,1721,57.638333333333335
294.29437846988253,292.5041,586.5935,439.5488,0.05,0.637,0.7061,1722,57.67166666666667,294.10562578420274,292.6938,586.5935,439.6437,0.0,0.7385,0.7061,1722,57.67166666666667,294.99632710612656,292.1759,586.9354,439.5557,0.05,0.7654,0.7645,1722,57.67166666666667,295.10917328498647,292.1403,587.0302,439.5853,0.0,0.7983,0.8727,1722,57.67166666666667,294.29437846988253,292.5041,586.5935,439.5488,0.05,0.637,0.7061,1722,57.67166666666667
294.2610826570272,292.3967,586.4604,439.4286,0.05,0.7984,0.6914,1723,57.70333333333334,294.1228665751226,292.4853,586.3625,439.4239,0.0,0.9035,0.7921,1723,57.70333333333334,294.98849075090186,291.9661,586.6641,439.3151,0.0333,0.78,0.8965,1723,57.70333333333334,294.99161443955467,292.0209,586.7645,439.3927,0.0,0.8843,0.7905,1723,57.70333333333334,294.2610826570272,292.3967,586.4604,439.4286,0.05,0.7984,0.6914,1723,57.70333333333334
294.21117793224676,292.4443,586.4626,439.4534,0.0583,0.7708,0.6878,1724,57.74166666666667,294.13203082487365,292.4779,586.3646,439.4213,0.0,0.917,0.7913,1724,57.74166666666667,295.0310534378436,291.9598,586.7305,439.3452,0.05,0.789,0.7462,1724,57.74166666666667,295.0016360448843,292.015,586.7684,439.3917,0.0,0.8944,0.7691,1724,57.74166666666667,294.21117793224676,292.4443,586.4626,439.4534,0.0583,0.7708,0.6878,1724,57.74166666666667
294.2197046834789,292.4717,586.4727,439.4722,0.0417,0.7525,0.838,1725,57.775000000000006,294.0934207264396,292.6039,586.4727,439.5383,0.0,0.7263,0.838,1725,57.775000000000006,294.90148301351485,292.0956,586.819,439.4573,0.0417,0.6884,0.8641,1725,57.775000000000006,295.0392312808092,292.0388,586.856,439.4474,0.0,0.7895,0.8226,1725,57.775000000000006,294.2197046834789,292.4717,586.4727,439.4722,0.0417,0.7525,0.838,1725,57.775000000000006
294.11964468968335,292.5778,586.4684,439.5231,0.0583,0.6812,0.8916,1726,57.80500000000001,294.0904370590971,292.6042,586.4684,439.5363,0.0,0.7261,0.8916,1726,57.80500000000001,294.89589778415404,292.0969,586.8134,439.4551,0.0417,0.6468,0.8609,1726,57.80500000000001,295.0338504151633,292.04,586.8502,439.4451,0.0,0.7811,0.8215,1726,57.80500000000001,294.11964468968335,292.5778,586.4684,439.5231,0.0583,0.6812,0.8916,1726,57.80500000000001
294.2159781093327,292.4731,586.4685,439.4708,0.0417,0.765,0.9026,1727,57.845000000000006,294.0898285911471,292.6052,586.4685,439.5368,0.0,0.7256,0.9026,1727,57.845000000000006,294.96169509780157,291.99,586.71,439.35,0.0583,0.6864,0.7587,1727,57.845000000000006,295.00820065034895,292.0434,586.8321,439.4378,0.0,0.7894,0.8378,1727,57.845000000000006,294.2159781093327,292.4731,586.4685,439.4708,0.0417,0.765,0.9026,1727,57.845000000000006
294.21771763525203,292.4681,586.4668,439.4674,0.0417,0.7727,0.8951,1728,57.87500000000001,294.09153604421914,292.6002,586.4668,439.5335,0.0,0.7283,0.8951,1728,57.87500000000001,294.9636974087374,291.9925,586.7686,439.3806,0.05,0.6521,0.8269,1728,57.87500000000001,294.97605733669104,292.0456,586.8088,439.4272,0.0,0.7919,0.8581,1728,57.87500000000001,294.21771763525203,292.4681,586.4668,439.4674,0.0417,0.7727,0.8951,1728,57.87500000000001
294.21774111420956,292.4674,586.4662,439.4668,0.0417,0.7716,0.893,1729,57.903333333333336,294.0917326890358,292.5994,586.4662,439.5328,0.0,0.7158,0.893,1729,57.903333333333336,294.9650249277014,291.9916,586.7683,439.38,0.05,0.6549,0.8196,1729,57.903333333333336,294.9771727310674,292.0449,586.8084,439.4266,0.0,0.791,0.8593,1729,57.903333333333336,294.21774111420956,292.4674,586.4662,439.4668,0.0417,0.7716,0.893,1729,57.903333333333336
294.21790347208923,292.467,586.4658,439.4664,0.0417,0.7662,0.8955,1730,57.94666666666667,294.09198641394437,292.5989,586.4658,439.5323,0.0,0.7209,0.8955,1730,57.94666666666667,294.83778781984694,292.1028,586.7682,439.4355,0.0417,0.6318,0.82,1730,57.94666666666667,294.97629403081964,292.0458,586.8083,439.4271,0.0,0.7911,0.8588,1730,57.94666666666667,294.21790347208923,292.467,586.4658,439.4664,0.0417,0.7662,0.8955,1730,57.94666666666667
294.27036959555585,292.4183,586.465,439.4417,0.05,0.7991,0.9026,1731,57.975,294.09241473503323,292.5982,586.465,439.5316,0.0,0.7305,0.9026,1731,57.975,294.83767544509305,292.1025,586.7674,439.435,0.0417,0.6316,0.832,1731,57.975,294.97636936035434,292.0453,586.8074,439.4264,0.0,0.7913,0.8599,1731,57.975,294.27036959555585,292.4183,586.465,439.4417,0.05,0.7991,0.9026,1731,57.975
294.2098115805486,292.4753,586.4632,439.4692,0.0417,0.7636,0.9396,1732,58.00833333333334,294.08272529087543,292.6083,586.4632,439.5357,0.0,0.7044,0.9396,1732,58.00833333333334,294.873714389625,292.1051,586.7983,439.4517,0.0417,0.6855,0.8441,1732,58.00833333333334,295.0118307922714,292.0486,586.8361,439.4424,0.0,0.8145,0.8819,1732,58.00833333333334,294.2098115805486,292.4753,586.4632,439.4692,0.0417,0.7636,0.9396,1732,58.00833333333334
294.20383512381056,292.4757,586.458,439.4668,0.0417,0.7634,0.9184,1733,58.04833333333334,294.0767660118594,292.6086,586.458,439.5333,0.0,0.723,0.9184,1733,58.04833333333334,294.996554526799,291.9946,586.7945,439.3945,0.05,0.6803,0.822,1733,58.04833333333334,295.0081083289608,292.0482,586.8325,439.4403,0.0,0.8142,0.8435,1733,58.04833333333334,294.20383512381056,292.4757,586.458,439.4668,0.0417,0.7634,0.9184,1733,58.04833333333334
294.205700101312,292.4737,586.4576,439.4657,0.0417,0.7605,0.9232,1734,58.075,294.08261627029844,292.6034,586.4576,439.5305,0.0,0.7158,0.9232,1734,58.075,294.8740430301216,292.1007,586.7943,439.4475,0.0417,0.665,0.8212,1734,58.075,295.01023443335805,292.0463,586.8324,439.4394,0.0,0.8158,0.8767,1734,58.075,294.205700101312,292.4737,586.4576,439.4657,0.0417,0.7605,0.9232,1734,58.075
294.18571356994414,292.4486,586.419,439.4338,0.0333,0.7583,0.8643,1735,58.108333333333334,294.1097323639441,292.5359,586.419,439.4775,0.0,0.8586,0.8643,1735,58.108333333333334,295.07461753208815,291.9505,586.7448,439.3477,0.05,0.6488,1.0074,1735,58.108333333333334,295.0643005361201,292.0108,586.8334,439.4221,0.0,0.7517,1.0096,1735,58.108333333333334,294.18571356994414,292.4486,586.419,439.4338,0.0333,0.7583,0.8643,1735,58.108333333333334
294.1849392457466,292.4505,586.4205,439.4355,0.0333,0.7312,0.853,1736,58.14833333333334,294.1090645318044,292.5377,586.4205,439.4791,0.0,0.8567,0.853,1736,58.14833333333334,295.07110729725275,291.9514,586.7429,439.3472,0.05,0.6485,1.0121,1736,58.14833333333334,295.0610168668319,292.0115,586.8312,439.4213,0.0,0.7519,0.9933,1736,58.14833333333334,294.1849392457466,292.4505,586.4205,439.4355,0.0333,0.7312,0.853,1736,58.14833333333334
294.1797150013932,292.7508,586.7537,439.7523,0.0333,0.7635,0.7992,1737,58.175000000000004,294.100551874719,292.8416,586.7537,439.7977,0.0,0.855,0.7992,1737,58.175000000000004,295.04949822835414,292.295,587.1667,439.7309,0.05,0.6779,0.8695,1737,58.175000000000004,295.073802881534,292.3457,587.2142,439.78,0.0,0.8196,0.9002,1737,58.175000000000004,294.1797150013932,292.7508,586.7537,439.7523,0.0333,0.7635,0.7992,1737,58.175000000000004
294.0964857059124,292.7401,586.6376,439.6888,0.0333,0.7145,0.9185,1738,58.205000000000005,294.01981353491453,292.8281,586.6376,439.7328,0.0,0.8376,0.9185,1738,58.205000000000005,294.9401101510077,292.2941,587.0319,439.663,0.0583,0.5491,0.9945,1738,58.205000000000005,295.0070722836712,292.3003,587.0787,439.6895,0.0,0.8002,0.9998,1738,58.205000000000005,294.0964857059124,292.7401,586.6376,439.6888,0.0333,0.7145,0.9185,1738,58.205000000000005
294.1987390536808,292.4699,586.404,439.4369,0.0417,0.7502,0.9032,1739,58.25000000000001,294.0687655476118,292.6046,586.404,439.5043,0.0,0.851,0.9032,1739,58.25000000000001,294.9336077102148,292.107,586.8104,439.4587,0.0583,0.6285,0.8755,1739,58.25000000000001,294.9184208168615,292.1575,586.79,439.4738,0.0,0.8383,0.8661,1739,58.25000000000001,294.1987390536808,292.4699,586.404,439.4369,0.0417,0.7502,0.9032,1739,58.25000000000001
294.1538569935183,292.5055,586.4126,439.459,0.025,0.8091,0.922,1740,58.275000000000006,294.1276284564805,292.5478,586.4126,439.4802,0.0,0.9452,0.922,1740,58.275000000000006,295.0456346307798,292.0458,586.805,439.4254,0.0667,0.7276,0.9148,1740,58.275000000000006,295.0180145410652,292.1016,586.8428,439.4722,0.0,0.7569,0.9156,1740,58.275000000000006,294.1538569935183,292.5055,586.4126,439.459,0.025,0.8091,0.922,1740,58.275000000000006
294.2448186044071,292.4087,586.4068,439.4077,0.0333,0.7484,0.9266,1741,58.303333333333335,294.1584141093972,292.5065,586.4068,439.4566,0.0,0.8356,0.9266,1741,58.303333333333335,295.03146113463947,291.9998,586.7234,439.3616,0.0583,0.6407,0.9441,1741,58.303333333333335,295.04411244206847,292.0595,586.835,439.4472,0.0,0.7449,0.9226,1741,58.303333333333335,294.2448186044071,292.4087,586.4068,439.4077,0.0333,0.7484,0.9266,1741,58.303333333333335
294.24254801460074,292.4101,586.406,439.408,0.0333,0.7546,0.9267,1742,58.33666666666667,294.15610188873984,292.5079,586.406,439.4569,0.0,0.8396,0.9267,1742,58.33666666666667,295.03147715353685,291.9999,586.7233,439.3616,0.0583,0.6403,0.9455,1742,58.33666666666667,295.0442753264191,292.0595,586.8349,439.4472,0.0,0.7455,0.9207,1742,58.33666666666667,294.24254801460074,292.4101,586.406,439.408,0.0333,0.7546,0.9267,1742,58.33666666666667
294.24360852169434,292.4082,586.4053,439.4068,0.0333,0.7506,0.9269,1743,58.370000000000005,294.1570678480639,292.5062,586.4053,439.4558,0.0,0.8418,0.9269,1743,58.370000000000005,295.03184594527283,291.9992,586.7232,439.3612,0.0583,0.6423,0.9467,1743,58.370000000000005,295.0443975103281,292.0589,586.8348,439.4468,0.0,0.7439,0.92,1743,58.370000000000005,294.24360852169434,292.4082,586.4053,439.4068,0.0333,0.7506,0.9269,1743,58.370000000000005
294.240825862693,292.4099,586.4051,439.4075,0.0333,0.7571,0.9247,1744,58.403333333333336,294.15767011097273,292.5049,586.4051,439.455,0.0,0.854,0.9247,1744,58.403333333333336,295.0300443530331,292.0002,586.7227,439.3615,0.0583,0.6265,0.9378,1744,58.403333333333336,295.04295374669516,292.0597,586.8345,439.4471,0.0,0.7473,0.9296,1744,58.403333333333336,294.240825862693,292.4099,586.4051,439.4075,0.0333,0.7571,0.9247,1744,58.403333333333336
294.1861857897849,292.4322,586.3791,439.4056,0.0417,0.6558,0.9146,1745,58.43833333333334,294.0627194049566,292.5624,586.3791,439.4707,0.0,0.7808,0.9146,1745,58.43833333333334,295.02848486169506,291.9353,586.739,439.3372,0.05,0.6604,1.0694,1745,58.43833333333334,294.9403145715268,292.0346,586.739,439.3868,0.0,0.837,1.0694,1745,58.43833333333334,294.1861857897849,292.4322,586.3791,439.4056,0.0417,0.6558,0.9146,1745,58.43833333333334
293.9780200555905,292.6027,586.3792,439.491,0.0417,0.7367,0.9143,1746,58.47166666666667,294.06362786514876,292.5611,586.3792,439.4702,0.0,0.8024,0.9143,1746,58.47166666666667,295.0902350080904,291.8759,586.7388,439.3074,0.0417,0.6442,1.0274,1746,58.47166666666667,294.9432768859989,292.0308,586.7388,439.3848,0.0,0.8359,1.0274,1746,58.47166666666667,293.9780200555905,292.6027,586.3792,439.491,0.0417,0.7367,0.9143,1746,58.47166666666667
294.191760918263,292.4273,586.3804,439.4038,0.0417,0.6843,0.9147,1747,58.50833333333334,294.0673604740045,292.5584,586.3804,439.4694,0.0,0.7964,0.9147,1747,58.50833333333334,294.9271843781171,292.0249,586.7385,439.3817,0.0333,0.7438,1.0271,1747,58.50833333333334,294.94631972900294,292.0272,586.7385,439.3829,0.0,0.8352,1.0271,1747,58.50833333333334,294.191760918263,292.4273,586.3804,439.4038,0.0417,0.6843,0.9147,1747,58.50833333333334
294.0914243918759,292.5361,586.3784,439.4573,0.0583,0.7149,0.8963,1748,58.538333333333334,294.0651294033896,292.5599,586.3784,439.4692,0.0,0.7591,0.8963,1748,58.538333333333334,295.0381252509586,291.9279,586.7413,439.3346,0.05,0.65,0.9918,1748,58.538333333333334,294.94877227549114,292.0285,586.7413,439.3849,0.0,0.7756,0.9918,1748,58.538333333333334,294.0914243918759,292.5361,586.3784,439.4573,0.0583,0.7149,0.8963,1748,58.538333333333334
294.0972075854635,292.5298,586.3805,439.4552,0.0583,0.7086,0.9235,1749,58.57166666666667,294.0708751741723,292.554,586.3805,439.4672,0.0,0.7321,0.9235,1749,58.57166666666667,295.03518678144906,291.9274,586.7382,439.3328,0.05,0.6524,1.0257,1749,58.57166666666667,294.9453160578337,292.0284,586.7382,439.3833,0.0,0.8486,1.0257,1749,58.57166666666667,294.0972075854635,292.5298,586.3805,439.4552,0.0583,0.7086,0.9235,1749,58.57166666666667
294.0953160700343,292.5317,586.3798,439.4557,0.0583,0.7028,0.9168,1750,58.605000000000004,294.0691054251682,292.5557,586.3798,439.4677,0.0,0.7321,0.9168,1750,58.605000000000004,295.034769155308,291.9279,586.7382,439.3331,0.05,0.6531,1.0257,1750,58.605000000000004,294.94495232865125,292.0288,586.7382,439.3835,0.0,0.8666,1.0257,1750,58.605000000000004,294.0953160700343,292.5317,586.3798,439.4557,0.0583,0.7028,0.9168,1750,58.605000000000004
294.09683074201905,292.5312,586.3811,439.4561,0.0583,0.7069,0.9217,1751,58.63666666666667,294.0706614963219,292.5551,586.3811,439.4681,0.0,0.7321,0.9217,1751,58.63666666666667,295.0344642293918,291.9281,586.7382,439.3332,0.05,0.6532,1.0259,1751,58.63666666666667,294.9447259156127,292.029,586.7382,439.3836,0.0,0.8526,1.0259,1751,58.63666666666667,294.09683074201905,292.5312,586.3811,439.4561,0.0583,0.7069,0.9217,1751,58.63666666666667
294.0947235484836,292.5335,586.38,439.4568,0.0583,0.6859,0.9155,1752,58.671666666666674,294.06942104105224,292.5564,586.38,439.4682,0.0,0.7469,0.9155,1752,58.671666666666674,294.9797219869806,291.9782,586.7386,439.3584,0.0417,0.6899,1.0262,1752,58.671666666666674,294.9464308420703,292.0275,586.7386,439.3831,0.0,0.835,1.0262,1752,58.671666666666674,294.0947235484836,292.5335,586.38,439.4568,0.0583,0.6859,0.9155,1752,58.671666666666674
294.232832085676,292.5422,586.5954,439.5688,0.0333,0.7778,0.8687,1753,58.70333333333334,294.1494993587624,292.6373,586.5954,439.6163,0.0,0.7582,0.8687,1753,58.70333333333334,295.0365931018538,292.0662,586.9434,439.5048,0.0417,0.713,0.9938,1753,58.70333333333334,294.9959173436207,292.1201,586.9434,439.5317,0.0,0.771,0.9938,1753,58.70333333333334,294.232832085676,292.5422,586.5954,439.5688,0.0333,0.7778,0.8687,1753,58.70333333333334
294.16104739305626,292.6941,586.6774,439.6857,0.025,0.8586,0.7836,1754,58.73666666666667,294.13167466888484,292.7398,586.6774,439.7086,0.0,0.791,0.7836,1754,58.73666666666667,294.98081449752567,292.2012,587.0228,439.612,0.0333,0.7977,0.882,1754,58.73666666666667,294.8839331842545,292.3107,587.0228,439.6667,0.0,0.851,0.882,1754,58.73666666666667,294.16104739305626,292.6941,586.6774,439.6857,0.025,0.8586,0.7836,1754,58.73666666666667
294.19702179172776,292.675,586.6637,439.6693,0.0333,0.8075,0.8035,1755,58.77166666666667,294.12294971665824,292.7603,586.6637,439.712,0.0,0.8174,0.8035,1755,58.77166666666667,295.02607177916,292.1711,586.9491,439.5601,0.0333,0.8401,0.7947,1755,58.77166666666667,295.0221739232056,292.2263,587.0306,439.6284,0.0,0.8991,0.8288,1755,58.77166666666667,294.19702179172776,292.675,586.6637,439.6693,0.0333,0.8075,0.8035,1755,58.77166666666667
294.08955355468703,292.6255,586.4709,439.5482,0.0333,0.6892,0.829,1756,58.803333333333335,294.0143905110574,292.7118,586.4709,439.5913,0.0,0.8569,0.829,1756,58.803333333333335,295.0096546457908,292.1104,586.9027,439.5066,0.05,0.7588,0.7801,1756,58.803333333333335,294.94855102361817,292.1644,586.8572,439.5108,0.0,0.8455,0.826,1756,58.803333333333335,294.08955355468703,292.6255,586.4709,439.5482,0.0333,0.6892,0.829,1756,58.803333333333335
294.09518174861876,292.6051,586.4524,439.5287,0.0333,0.7192,0.8246,1757,58.83666666666667,294.0203728461522,292.691,586.4524,439.5717,0.0,0.7901,0.8246,1757,58.83666666666667,295.0050799421193,292.0845,586.8479,439.4662,0.0417,0.7007,0.8214,1757,58.83666666666667,294.9731745392405,292.1315,586.8479,439.4897,0.0,0.8143,0.8214,1757,58.83666666666667,294.09518174861876,292.6051,586.4524,439.5287,0.0333,0.7192,0.8246,1757,58.83666666666667
294.0964692879073,292.5964,586.447,439.5217,0.0333,0.7791,0.8246,1758,58.87166666666667,294.0209534435106,292.683,586.447,439.565,0.0,0.7879,0.8246,1758,58.87166666666667,294.9971839647877,292.0734,586.8344,439.4539,0.05,0.7195,0.7786,1758,58.87166666666667,295.0120245447026,292.1217,586.8685,439.4951,0.0,0.8657,0.8233,1758,58.87166666666667,294.0964692879073,292.5964,586.447,439.5217,0.0333,0.7791,0.8246,1758,58.87166666666667
294.10204869682923,292.5909,586.4475,439.5192,0.0333,0.7741,0.8277,1759,58.905,294.0254773431456,292.6786,586.4475,439.563,0.0,0.7843,0.8277,1759,58.905,295.00117213356134,292.0679,586.8339,439.4509,0.05,0.7271,0.7789,1759,58.905,295.01492195672324,292.1173,586.868,439.4927,0.0,0.8541,0.8229,1759,58.905,294.10204869682923,292.5909,586.4475,439.5192,0.0333,0.7741,0.8277,1759,58.905
294.10142927735285,292.5867,586.4451,439.5159,0.0333,0.7691,0.8125,1760,58.93833333333334,294.0245566500615,292.6748,586.4451,439.56,0.0,0.7973,0.8125,1760,58.93833333333334,295.0314254922223,292.0661,586.9198,439.4929,0.0667,0.7315,0.8097,1760,58.93833333333334,295.002158117005,292.1157,586.86,439.4879,0.0,0.8542,0.7755,1760,58.93833333333334,294.10142927735285,292.5867,586.4451,439.5159,0.0333,0.7691,0.8125,1760,58.93833333333334
294.1169646111732,292.5737,586.4484,439.511,0.0333,0.7304,0.8057,1761,58.97166666666667,294.0414452210043,292.6607,586.4484,439.5545,0.0,0.8058,0.8057,1761,58.97166666666667,294.9642323701614,292.0574,586.7453,439.4014,0.0583,0.7617,0.7304,1761,58.97166666666667,295.0097390324345,292.1077,586.8618,439.4847,0.0,0.7441,0.7729,1761,58.97166666666667,294.1169646111732,292.5737,586.4484,439.511,0.0333,0.7304,0.8057,1761,58.97166666666667
294.0990419592082,292.576,586.4366,439.5063,0.0333,0.73,0.8171,1762,59.00833333333334,294.02365776852787,292.6629,586.4366,439.5497,0.0,0.8006,0.8171,1762,59.00833333333334,295.00605159441886,292.0512,586.7675,439.4093,0.05,0.7635,0.7848,1762,59.00833333333334,295.0061023011003,292.1014,586.8554,439.4784,0.0,0.7774,0.7755,1762,59.00833333333334,294.0990419592082,292.576,586.4366,439.5063,0.0333,0.73,0.8171,1762,59.00833333333334
294.1319208390373,292.5328,586.4297,439.4813,0.0333,0.7499,0.8163,1763,59.03666666666667,294.0546797476587,292.6216,586.4297,439.5257,0.0,0.9003,0.8163,1763,59.03666666666667,295.0339961760184,292.0174,586.7646,439.391,0.05,0.6876,0.7961,1763,59.03666666666667,295.0319194310264,292.0701,586.8521,439.4611,0.0,0.7831,0.7664,1763,59.03666666666667,294.1319208390373,292.5328,586.4297,439.4813,0.0333,0.7499,0.8163,1763,59.03666666666667
294.16004475779823,292.5029,586.4305,439.4667,0.0333,0.7352,0.8291,1764,59.07166666666667,294.08107916440383,292.5935,586.4305,439.512,0.0,0.8639,0.8291,1764,59.07166666666667,295.05523336252156,291.9968,586.7659,439.3814,0.05,0.7075,0.7936,1764,59.07166666666667,295.05134363670186,292.0515,586.8535,439.4525,0.0,0.7689,0.7693,1764,59.07166666666667,294.16004475779823,292.5029,586.4305,439.4667,0.0333,0.7352,0.8291,1764,59.07166666666667
294.12599484511895,292.5176,586.4206,439.4691,0.025,0.8242,0.9401,1765,59.105000000000004,294.1015219324432,292.5576,586.4206,439.4891,0.0,0.8239,0.9401,1765,59.105000000000004,295.1441341168498,291.8712,586.7981,439.3347,0.0333,0.7571,0.9405,1765,59.105000000000004,295.0464075190813,291.98,586.7981,439.3891,0.0,0.8595,0.9405,1765,59.105000000000004,294.12599484511895,292.5176,586.4206,439.4691,0.025,0.8242,0.9401,1765,59.105000000000004
294.1788026348552,292.4691,586.421,439.445,0.0333,0.7787,0.9522,1766,59.13666666666667,294.103508998332,292.5552,586.421,439.4881,0.0,0.8131,0.9522,1766,59.13666666666667,295.09017089513475,291.9268,586.8016,439.3642,0.0417,0.6957,0.9401,1766,59.13666666666667,295.0505423315468,291.9807,586.8016,439.3912,0.0,0.814,0.9401,1766,59.13666666666667,294.1788026348552,292.4691,586.421,439.445,0.0333,0.7787,0.9522,1766,59.13666666666667
294.17314078036793,292.4717,586.416,439.4439,0.0333,0.7595,0.9466,1767,59.175000000000004,294.0982020685494,292.5576,586.416,439.4868,0.0,0.8115,0.9466,1767,59.175000000000004,295.1440512383534,291.8738,586.7981,439.3359,0.0333,0.7561,0.9448,1767,59.175000000000004,295.0467103272665,291.9826,586.7981,439.3904,0.0,0.8352,0.9448,1767,59.175000000000004,294.17314078036793,292.4717,586.416,439.4439,0.0333,0.7595,0.9466,1767,59.175000000000004
294.1229486511047,292.5135,586.4151,439.4643,0.025,0.8122,0.9528,1768,59.208333333333336,294.0986752325754,292.5538,586.4151,439.4844,0.0,0.8362,0.9528,1768,59.208333333333336,295.0875573936693,291.9255,586.7971,439.3613,0.0417,0.7244,0.9407,1768,59.208333333333336,295.0486278725003,291.9794,586.7971,439.3882,0.0,0.7545,0.9407,1768,59.208333333333336,294.1229486511047,292.5135,586.4151,439.4643,0.025,0.8122,0.9528,1768,59.208333333333336
294.170633534147,292.4724,586.4143,439.4434,0.0333,0.7764,0.9553,1769,59.23666666666667,294.09563969728697,292.5583,586.4143,439.4863,0.0,0.8062,0.9553,1769,59.23666666666667,295.08446845378285,291.9293,586.7968,439.363,0.0417,0.7217,0.9356,1769,59.23666666666667,295.04489827696864,291.9833,586.7968,439.39,0.0,0.841,0.9356,1769,59.23666666666667,294.170633534147,292.4724,586.4143,439.4434,0.0333,0.7764,0.9553,1769,59.23666666666667
294.1677089798691,292.6838,586.6846,439.6842,0.0333,0.8474,0.838,1770,59.278333333333336,294.1228160418009,292.7236,586.6467,439.6851,0.0,0.8748,0.8501,1770,59.278333333333336,295.07930554915515,292.0931,587.0007,439.5469,0.0417,0.7713,0.9728,1770,59.278333333333336,295.03675859908833,292.1493,587.0007,439.575,0.0,0.8579,0.9728,1770,59.278333333333336,294.1677089798691,292.6838,586.6846,439.6842,0.0333,0.8474,0.838,1770,59.278333333333336
294.12451365021604,292.7247,586.6803,439.7025,0.05,0.7424,0.8222,1771,59.30833333333334,294.0764371445598,292.7607,586.6427,439.7017,0.0,0.7286,0.8571,1771,59.30833333333334,295.0544294670002,292.108,586.9973,439.5527,0.025,0.8046,0.9969,1771,59.30833333333334,295.0086183278064,292.1713,586.9973,439.5843,0.0,0.8835,0.9969,1771,59.30833333333334,294.12451365021604,292.7247,586.6803,439.7025,0.05,0.7424,0.8222,1771,59.30833333333334
294.161473546078,292.6399,586.604,439.6219,0.0333,0.7592,0.8806,1772,59.33833333333334,294.0830763300795,292.7298,586.604,439.6669,0.0,0.7783,0.8806,1772,59.33833333333334,294.97826671375856,292.1469,586.9504,439.5486,0.0333,0.7796,0.944,1772,59.33833333333334,294.99041168360014,292.1543,586.9504,439.5523,0.0,0.9495,0.944,1772,59.33833333333334,294.161473546078,292.6399,586.604,439.6219,0.0333,0.7592,0.8806,1772,59.33833333333334
294.02461691561456,292.6179,586.4254,439.5217,0.0167,0.8862,0.8681,1773,59.38,294.050466954049,292.6142,586.4254,439.5198,0.0,0.8698,0.8681,1773,59.38,295.035138263602,291.9634,586.792,439.3777,0.025,0.8118,0.8387,1773,59.38,294.99180047212946,292.0245,586.792,439.4082,0.0,0.8228,0.8387,1773,59.38,294.02461691561456,292.6179,586.4254,439.5217,0.0167,0.8862,0.8681,1773,59.38
294.04278916607564,292.5836,586.4073,439.4955,0.0167,0.8655,0.8989,1774,59.40833333333334,294.073448778639,292.5749,586.4073,439.4911,0.0,0.8838,0.8989,1774,59.40833333333334,295.0501878843827,291.9334,586.7674,439.3504,0.0417,0.7588,0.7878,1774,59.40833333333334,295.0118099607323,291.9905,586.7766,439.3835,0.0,0.7619,0.8324,1774,59.40833333333334,294.04278916607564,292.5836,586.4073,439.4955,0.0167,0.8655,0.8989,1774,59.40833333333334
294.010476719705,292.5977,586.3915,439.4946,0.0333,0.7257,0.9727,1775,59.43833333333334,294.15290635636177,292.4717,586.3915,439.4316,0.0,0.7371,0.9727,1775,59.43833333333334,295.0807722005958,291.955,586.7075,439.3313,0.0333,0.8554,0.8043,1775,59.43833333333334,295.159683613953,291.8778,586.7972,439.3375,0.0,0.8503,0.8458,1775,59.43833333333334,294.010476719705,292.5977,586.3915,439.4946,0.0333,0.7257,0.9727,1775,59.43833333333334
294.1624528950982,292.4838,586.3904,439.4371,0.0417,0.6674,0.9834,1776,59.48166666666667,294.151224298893,292.4721,586.3904,439.4313,0.0,0.7376,0.9834,1776,59.48166666666667,295.0801850978647,291.9558,586.7074,439.3316,0.0333,0.8544,0.8033,1776,59.48166666666667,295.15920201186094,291.8786,586.7971,439.3378,0.0,0.8497,0.8448,1776,59.48166666666667,294.1624528950982,292.4838,586.3904,439.4371,0.0417,0.6674,0.9834,1776,59.48166666666667
294.1643966651361,292.4808,586.3888,439.4348,0.0417,0.6824,0.9927,1777,59.50833333333334,294.15230406959745,292.4699,586.3888,439.4293,0.0,0.7355,0.9927,1777,59.50833333333334,295.07534702261216,291.9583,586.7048,439.3315,0.0333,0.8502,0.6165,1777,59.50833333333334,295.15344615420724,291.8809,586.7934,439.3371,0.0,0.8442,0.8382,1777,59.50833333333334,294.1643966651361,292.4808,586.3888,439.4348,0.0417,0.6824,0.9927,1777,59.50833333333334
294.1642076134832,292.4823,586.3894,439.4358,0.0417,0.668,1.0211,1778,59.54166666666667,294.1518979717923,292.4717,586.3894,439.4305,0.0,0.7578,1.0211,1778,59.54166666666667,295.080455308179,291.9561,586.7073,439.3317,0.0333,0.858,0.7596,1778,59.54166666666667,295.15850010485747,291.8789,586.7967,439.3378,0.0,0.8525,0.8705,1778,59.54166666666667,294.1642076134832,292.4823,586.3894,439.4358,0.0417,0.668,1.0211,1778,59.54166666666667
294.1631682900909,292.4827,586.3885,439.4356,0.0417,0.6727,1.0067,1779,59.58166666666667,294.15155717238486,292.4714,586.3885,439.4299,0.0,0.7573,1.0067,1779,59.58166666666667,295.07871827267115,291.9578,586.7069,439.3324,0.0333,0.8591,0.7596,1779,59.58166666666667,295.15679361267433,291.8806,586.7962,439.3384,0.0,0.8548,0.8762,1779,59.58166666666667,294.1631682900909,292.4827,586.3885,439.4356,0.0417,0.6727,1.0067,1779,59.58166666666667
294.2188855944995,292.4259,586.3898,439.4079,0.0333,0.6608,1.0139,1780,59.608333333333334,294.1529380785952,292.4713,586.3898,439.4305,0.0,0.7588,1.0139,1780,59.608333333333334,295.0798221748301,291.9553,586.7065,439.3309,0.0333,0.8573,0.7597,1780,59.608333333333334,295.157991293231,291.8781,586.796,439.337,0.0,0.8585,0.8641,1780,59.608333333333334,294.2188855944995,292.4259,586.3898,439.4079,0.0333,0.6608,1.0139,1780,59.608333333333334
294.1627349033838,292.4825,586.3891,439.4358,0.0417,0.6737,1.0051,1781,59.63666666666667,294.1512408835225,292.4711,586.3891,439.4301,0.0,0.7377,1.0051,1781,59.63666666666667,295.07671371703583,291.9587,586.706,439.3324,0.0333,0.8577,0.7938,1781,59.63666666666667,295.15499092225957,291.8814,586.7956,439.3385,0.0,0.8513,0.8569,1781,59.63666666666667,294.1627349033838,292.4825,586.3891,439.4358,0.0417,0.6737,1.0051,1781,59.63666666666667
294.21013178822943,292.4254,586.382,439.4037,0.0333,0.672,1.0079,1782,59.68333333333334,294.1444697074985,292.4705,586.382,439.4262,0.0,0.7749,1.0079,1782,59.68333333333334,295.07753796314796,291.9531,586.7025,439.3278,0.0333,0.8562,0.7569,1782,59.68333333333334,295.15564256423386,291.8759,586.7918,439.3339,0.0,0.8658,0.8673,1782,59.68333333333334,294.21013178822943,292.4254,586.382,439.4037,0.0333,0.672,1.0079,1782,59.68333333333334
294.20756024650535,292.4239,586.3788,439.4014,0.0333,0.6728,1.0082,1783,59.708333333333336,294.14133892491463,292.4695,586.3788,439.4241,0.0,0.7784,1.0082,1783,59.708333333333336,295.07504542145966,291.9538,586.7021,439.328,0.025,0.8543,0.7107,1783,59.708333333333336,295.14195835175815,291.8767,586.7833,439.33,0.0,0.8625,0.8681,1783,59.708333333333336,294.20756024650535,292.4239,586.3788,439.4014,0.0333,0.6728,1.0082,1783,59.708333333333336
294.22548057625096,292.423,586.41,439.4165,0.0333,0.6707,0.9798,1784,59.74166666666667,294.1592318166771,292.4687,586.41,439.4393,0.0,0.7782,0.9798,1784,59.74166666666667,295.10163863082573,291.9509,586.7564,439.3537,0.025,0.8565,0.6835,1784,59.74166666666667,295.16667557104546,291.8739,586.8228,439.3483,0.0,0.8666,0.8785,1784,59.74166666666667,294.22548057625096,292.423,586.41,439.4165,0.0333,0.6707,0.9798,1784,59.74166666666667
294.0884948094704,292.4773,586.335,439.4061,0.025,0.8368,1.1041,1785,59.775000000000006,294.0643349057432,292.5187,586.335,439.4269,0.0,0.8282,1.1041,1785,59.775000000000006,295.0414891174853,291.9616,586.7627,439.3621,0.0167,0.8018,1.1026,1785,59.775000000000006,295.056233143328,291.968,586.7627,439.3653,0.0,0.8869,1.1026,1785,59.775000000000006,294.0884948094704,292.4773,586.335,439.4061,0.025,0.8368,1.1041,1785,59.775000000000006
294.08504169650644,292.4773,586.3306,439.404,0.025,0.871,1.1073,1786,59.803333333333335,294.0609395894811,292.5188,586.3306,439.4247,0.0,0.796,1.1073,1786,59.803333333333335,294.98037305159255,292.0122,586.7565,439.3844,0.025,0.7881,1.123,1786,59.803333333333335,295.05016963241957,291.966,586.7565,439.3613,0.0,0.8692,1.123,1786,59.803333333333335,294.08504169650644,292.4773,586.3306,439.404,0.025,0.871,1.1073,1786,59.803333333333335
294.2075553260902,292.7034,586.7085,439.706,0.0583,0.6621,1.0421,1787,59.83666666666667,294.17540649918675,292.7351,586.7085,439.7218,0.0,0.7067,1.0421,1787,59.83666666666667,295.169781261317,292.0624,587.0478,439.5551,0.0417,0.7366,0.9198,1787,59.83666666666667,295.1257493334314,292.1701,587.0879,439.629,0.0,0.8356,0.9059,1787,59.83666666666667,294.2075553260902,292.7034,586.7085,439.706,0.0583,0.6621,1.0421,1787,59.83666666666667
294.1660672069261,292.7583,586.7355,439.7469,0.0333,0.754,0.9232,1788,59.87166666666667,294.08766213384206,292.8186,586.7355,439.777,0.0,0.8421,0.9232,1788,59.87166666666667,294.98423515803336,292.2435,587.0494,439.6465,0.0333,0.6963,0.8709,1788,59.87166666666667,294.988765387607,292.275,587.0901,439.6825,0.0,0.8369,0.8444,1788,59.87166666666667,294.1660672069261,292.7583,586.7355,439.7469,0.0333,0.754,0.9232,1788,59.87166666666667
294.21769872425193,292.6472,586.6359,439.6416,0.0417,0.6975,0.8941,1789,59.905,294.0842992007372,292.7549,586.6359,439.6954,0.0,0.8241,0.8941,1789,59.905,295.0062543001933,292.2145,586.993,439.6038,0.0333,0.7074,0.9506,1789,59.905,294.99322869932473,292.2071,586.993,439.6001,0.0,0.8015,0.9506,1789,59.905,294.21769872425193,292.6472,586.6359,439.6416,0.0417,0.6975,0.8941,1789,59.905
294.05661022272193,292.6454,586.4687,439.557,0.0167,0.7956,0.9295,1790,59.93666666666667,294.0888890273382,292.602,586.4687,439.5353,0.0,0.8228,0.9295,1790,59.93666666666667,294.90667139017705,292.1193,586.8131,439.4662,0.0167,0.8708,0.9691,1790,59.93666666666667,295.03242049819346,292.0386,586.8503,439.4444,0.0,0.8765,0.968,1790,59.93666666666667,294.05661022272193,292.6454,586.4687,439.557,0.0167,0.7956,0.9295,1790,59.93666666666667
294.0825825989823,292.555,586.4076,439.4813,0.0167,0.8602,0.9177,1791,59.970000000000006,294.1112371358141,292.5152,586.4076,439.4614,0.0,0.8066,0.9177,1791,59.970000000000006,295.07758523031384,291.9411,586.7323,439.3367,0.0417,0.6998,0.7645,1791,59.970000000000006,295.12856788523084,291.9168,586.8283,439.3726,0.0,0.7628,0.9863,1791,59.970000000000006,294.0825825989823,292.555,586.4076,439.4813,0.0167,0.8602,0.9177,1791,59.970000000000006
294.10162676626805,292.5185,586.3973,439.4579,0.0167,0.8242,0.9435,1792,60.00833333333334,294.13359895953204,292.4759,586.3973,439.4366,0.0,0.833,0.9435,1792,60.00833333333334,294.9741525330073,292.02,586.7226,439.3713,0.025,0.7781,0.8192,1792,60.00833333333334,295.1422369365157,291.8883,586.8182,439.3533,0.0,0.7902,0.984,1792,60.00833333333334,294.10162676626805,292.5185,586.3973,439.4579,0.0167,0.8242,0.9435,1792,60.00833333333334
294.152207222538,292.4662,586.3897,439.428,0.025,0.7917,0.9964,1793,60.03666666666667,294.1341343661244,292.4691,586.3897,439.4294,0.0,0.8105,0.9964,1793,60.03666666666667,294.97172290289507,292.0154,586.7148,439.3651,0.025,0.763,0.8633,1793,60.03666666666667,295.1404956435482,291.8833,586.8107,439.347,0.0,0.798,0.9836,1793,60.03666666666667,294.152207222538,292.4662,586.3897,439.428,0.025,0.7917,0.9964,1793,60.03666666666667
294.1439009895739,292.4666,586.3827,439.4246,0.025,0.763,0.9938,1794,60.07166666666667,294.12617662113996,292.4691,586.3827,439.4259,0.0,0.7978,0.9938,1794,60.07166666666667,295.11855388162894,291.9088,586.8037,439.3563,0.0333,0.6986,1.0022,1794,60.07166666666667,295.13613545761916,291.8791,586.8037,439.3414,0.0,0.7691,1.0022,1794,60.07166666666667,294.1439009895739,292.4666,586.3827,439.4246,0.025,0.763,0.9938,1794,60.07166666666667
294.1841921484208,292.4148,586.352,439.3834,0.0333,0.6864,0.92,1795,60.105000000000004,294.11286748789985,292.4654,586.352,439.4087,0.0,0.8714,0.92,1795,60.105000000000004,294.99486545133163,291.9804,586.7612,439.3708,0.0583,0.5834,0.9482,1795,60.105000000000004,295.11187126403723,291.8019,586.6955,439.2487,0.0,0.7251,0.9059,1795,60.105000000000004,294.1841921484208,292.4148,586.352,439.3834,0.0333,0.6864,0.92,1795,60.105000000000004
294.18284979808845,292.4141,586.3493,439.3817,0.0333,0.7,0.9465,1796,60.13666666666667,294.11135387100796,292.4649,586.3493,439.4071,0.0,0.873,0.9465,1796,60.13666666666667,294.99387891712274,291.9841,586.7623,439.3732,0.0583,0.5594,0.9475,1796,60.13666666666667,295.1111534033486,291.8055,586.6965,439.251,0.0,0.6663,0.9037,1796,60.13666666666667,294.18284979808845,292.4141,586.3493,439.3817,0.0333,0.7,0.9465,1796,60.13666666666667
294.1393652886869,292.4529,586.3503,439.4016,0.025,0.7134,0.9185,1797,60.17,294.1146695421895,292.462,586.3503,439.4062,0.0,0.8739,0.9185,1797,60.17,295.04787265974517,291.885,586.6951,439.29,0.05,0.5988,0.9048,1797,60.17,295.10941496933594,291.8054,586.6951,439.2502,0.0,0.6616,0.9048,1797,60.17,294.1393652886869,292.4529,586.3503,439.4016,0.025,0.7134,0.9185,1797,60.17
294.0652027447111,292.5117,586.3472,439.4295,0.025,0.7183,0.9344,1798,60.20333333333334,294.1081757801219,292.4654,586.3472,439.4063,0.0,0.8583,0.9344,1798,60.20333333333334,294.9360065845579,291.9882,586.6889,439.3386,0.05,0.5616,0.9279,1798,60.20333333333334,295.09721617962356,291.8095,586.6889,439.2492,0.0,0.6577,0.9279,1798,60.20333333333334,294.0652027447111,292.5117,586.3472,439.4295,0.025,0.7183,0.9344,1798,60.20333333333334
294.14191690167786,292.4478,586.3505,439.3991,0.025,0.7168,0.9011,1799,60.23666666666667,294.11720495466307,292.4569,586.3505,439.4037,0.0,0.8572,0.9011,1799,60.23666666666667,295.0904978049954,291.884,586.7596,439.3218,0.0583,0.5953,0.9711,1799,60.23666666666667,295.1085725003859,291.8039,586.694,439.249,0.0,0.656,0.8952,1799,60.23666666666667,294.14191690167786,292.4478,586.3505,439.3991,0.025,0.7168,0.9011,1799,60.23666666666667
294.1407683583757,292.4495,586.3509,439.4002,0.025,0.7208,0.9373,1800,60.27166666666667,294.1161637390301,292.4585,586.3509,439.4047,0.0,0.8461,0.9373,1800,60.27166666666667,295.09077500427827,291.8841,586.7601,439.3221,0.0583,0.5956,0.9716,1800,60.27166666666667,295.108882652236,291.804,586.6945,439.2492,0.0,0.6608,0.8959,1800,60.27166666666667,294.1407683583757,292.4495,586.3509,439.4002,0.025,0.7208,0.9373,1800,60.27166666666667
294.1406720663339,292.4501,586.3506,439.4003,0.025,0.7202,0.9149,1801,60.303333333333335,294.1159128108242,292.4592,586.3506,439.4049,0.0,0.8477,0.9149,1801,60.303333333333335,295.0923693102675,291.884,586.761,439.3225,0.0583,0.5944,0.9392,1801,60.303333333333335,295.1104027711368,291.8039,586.6953,439.2496,0.0,0.6599,0.9002,1801,60.303333333333335,294.1406720663339,292.4501,586.3506,439.4003,0.025,0.7202,0.9149,1801,60.303333333333335
294.14365381745563,292.4504,586.3525,439.4015,0.025,0.7161,0.9429,1802,60.33666666666667,294.11886667943145,292.4596,586.3525,439.4061,0.0,0.8449,0.9429,1802,60.33666666666667,294.9949646128552,291.9829,586.7623,439.3726,0.0583,0.5595,0.9173,1802,60.33666666666667,295.1120366582877,291.8045,586.6965,439.2505,0.0,0.6668,0.9037,1802,60.33666666666667,294.14365381745563,292.4504,586.3525,439.4015,0.025,0.7161,0.9429,1802,60.33666666666667
294.1452570602182,292.5556,586.5152,439.5354,0.0167,0.8301,0.8856,1803,60.370000000000005,294.2430575509848,292.4603,586.5152,439.4878,0.0,0.8742,0.8856,1803,60.370000000000005,295.15192000835964,291.9407,586.8868,439.4137,0.0417,0.6216,0.906,1803,60.370000000000005,295.26420078007976,291.8142,586.8868,439.3505,0.0,0.6878,0.906,1803,60.370000000000005,294.1452570602182,292.5556,586.5152,439.5354,0.0167,0.8301,0.8856,1803,60.370000000000005
294.096684304934,292.7298,586.6501,439.6899,0.025,0.7411,0.8971,1804,60.405,294.07812734630613,292.7371,586.6501,439.6936,0.0,0.8248,0.8971,1804,60.405,294.93843831509855,292.2625,587.0231,439.6428,0.0417,0.7044,0.8516,1804,60.405,294.99965381965114,292.1867,587.0231,439.6049,0.0,0.7522,0.8516,1804,60.405,294.096684304934,292.7298,586.6501,439.6899,0.025,0.7411,0.8971,1804,60.405
294.2857332970647,292.5973,586.6761,439.6367,0.025,0.6957,0.868,1805,60.43833333333334,294.25253431751196,292.6162,586.6761,439.6461,0.0,0.8057,0.868,1805,60.43833333333334,295.18677394790626,292.0778,587.0578,439.5678,0.025,0.7081,0.9935,1805,60.43833333333334,295.13676701386566,292.112,587.0578,439.5849,0.0,0.7538,0.9935,1805,60.43833333333334,294.2857332970647,292.5973,586.6761,439.6367,0.025,0.6957,0.868,1805,60.43833333333334
294.13573109810125,292.5574,586.4309,439.4941,0.0167,0.8749,0.8927,1806,60.47166666666667,294.1633451688093,292.5192,586.4309,439.4751,0.0,0.8194,0.8927,1806,60.47166666666667,295.01902993953536,292.0393,586.7247,439.382,0.0417,0.7199,1.0045,1806,60.47166666666667,295.0800405943934,292.0065,586.8287,439.4176,0.0,0.6993,0.9744,1806,60.47166666666667,294.13573109810125,292.5574,586.4309,439.4941,0.0167,0.8749,0.8927,1806,60.47166666666667
294.1784346657522,292.4752,586.399,439.4371,0.025,0.7846,0.899,1807,60.50833333333334,294.15497685423117,292.4833,586.399,439.4411,0.0,0.8795,0.899,1807,60.50833333333334,294.8821857311593,292.1193,586.7912,439.4552,0.0417,0.7107,0.8014,1807,60.50833333333334,295.08059716146613,291.8785,586.7246,439.3016,0.0,0.7424,0.7889,1807,60.50833333333334,294.1784346657522,292.4752,586.399,439.4371,0.025,0.7846,0.899,1807,60.50833333333334
294.05891129178053,292.4959,586.285,439.3905,0.05,0.8129,0.6949,1808,60.54166666666667,294.1669997227473,292.4572,586.3917,439.4245,0.0,0.8898,0.8009,1808,60.54166666666667,294.9214261424154,291.9858,586.634,439.3099,0.05,0.7647,0.6347,1808,60.54166666666667,295.03325736398983,291.9086,586.7144,439.3115,0.0,0.8234,0.7457,1808,60.54166666666667,294.05891129178053,292.4959,586.285,439.3905,0.05,0.8129,0.6949,1808,60.54166666666667
294.15721945666394,292.4291,586.3054,439.3673,0.05,0.7803,0.6671,1809,60.57000000000001,294.1727718201048,292.4396,586.3855,439.4126,0.0,0.857,0.7795,1809,60.57000000000001,295.03749070363494,291.9121,586.7113,439.3117,0.0333,0.7146,0.8003,1809,60.57000000000001,295.0500412732561,291.8872,586.7113,439.2993,0.0,0.7552,0.8003,1809,60.57000000000001,294.15721945666394,292.4291,586.3054,439.3673,0.05,0.7803,0.6671,1809,60.57000000000001
294.06612668070693,292.4655,586.2737,439.3696,0.05,0.8669,0.6766,1810,60.608333333333334,294.17402765111865,292.4268,586.3791,439.403,0.0,0.8872,0.8061,1810,60.608333333333334,295.07628283760084,291.9091,586.7715,439.3403,0.05,0.7864,0.8099,1810,60.608333333333334,295.13304841492237,291.7928,586.7053,439.2491,0.0,0.808,0.7872,1810,60.608333333333334,294.06612668070693,292.4655,586.2737,439.3696,0.05,0.8669,0.6766,1810,60.608333333333334
294.1644243472922,292.4023,586.2916,439.3469,0.05,0.8334,0.6408,1811,60.64166666666667,294.1818122344416,292.4127,586.3736,439.3932,0.0,0.8488,0.8034,1811,60.64166666666667,295.04696884533377,291.8919,586.6747,439.2833,0.05,0.7234,0.7574,1811,60.64166666666667,295.0545060474459,291.8681,586.6999,439.284,0.0,0.8159,0.7918,1811,60.64166666666667,294.1644243472922,292.4023,586.2916,439.3469,0.05,0.8334,0.6408,1811,60.64166666666667
294.1666358976778,292.4005,586.2921,439.3463,0.05,0.8376,0.6409,1812,60.671666666666674,294.1840211516764,292.411,586.3742,439.3926,0.0,0.8496,0.8039,1812,60.671666666666674,295.04712534201656,291.8918,586.6747,439.2832,0.05,0.7233,0.7573,1812,60.671666666666674,295.054794426033,291.8679,586.6999,439.2839,0.0,0.8157,0.7915,1812,60.671666666666674,294.1666358976778,292.4005,586.2921,439.3463,0.05,0.8376,0.6409,1812,60.671666666666674
294.16656757694454,292.4002,586.292,439.3461,0.05,0.8387,0.6364,1813,60.71166666666667,294.1841155253709,292.4108,586.3742,439.3925,0.0,0.8492,0.8103,1813,60.71166666666667,295.04620064799235,291.8919,586.6742,439.2831,0.05,0.7233,0.7573,1813,60.71166666666667,295.0537418444095,291.8682,586.6994,439.2838,0.0,0.8161,0.7918,1813,60.71166666666667,294.16656757694454,292.4002,586.292,439.3461,0.05,0.8387,0.6364,1813,60.71166666666667
294.1673442858099,292.3999,586.2919,439.3459,0.05,0.8447,0.6322,1814,60.74166666666667,294.1851516582146,292.4105,586.3747,439.3926,0.0,0.8495,0.8103,1814,60.74166666666667,295.0482080312328,291.8902,586.6743,439.2823,0.05,0.7344,0.7572,1814,60.74166666666667,295.0557590454573,291.8665,586.6996,439.283,0.0,0.817,0.791,1814,60.74166666666667,294.1673442858099,292.3999,586.2919,439.3459,0.05,0.8447,0.6322,1814,60.74166666666667
294.05798934440793,292.4587,586.3019,439.3803,0.0333,0.744,0.9614,1815,60.775000000000006,294.04342234870455,292.4963,586.3019,439.3991,0.0,0.799,0.9614,1815,60.775000000000006,294.99401182818406,291.8957,586.6124,439.2541,0.05,0.7908,0.8854,1815,60.775000000000006,295.0273811015585,291.9106,586.709,439.3098,0.0,0.8792,0.9553,1815,60.775000000000006,294.0717613214288,292.4428,586.3019,439.3724,0.0417,0.651,0.9614,1815,60.775000000000006
294.05593457881025,292.4598,586.3009,439.3804,0.0333,0.7501,0.9679,1816,60.81333333333334,294.0415467907345,292.4973,586.3009,439.3991,0.0,0.8086,0.9679,1816,60.81333333333334,294.992374511299,291.896,586.6115,439.2537,0.05,0.7909,0.8791,1816,60.81333333333334,295.0256007547897,291.9109,586.7079,439.3094,0.0,0.8838,0.9553,1816,60.81333333333334,294.0824967076089,292.4381,586.3009,439.3695,0.0333,0.7744,0.9679,1816,60.81333333333334
294.1668292192399,292.3641,586.3029,439.3335,0.025,0.8318,0.958,1817,60.84166666666667,294.13467909653946,292.4121,586.3029,439.3575,0.0,0.8681,0.958,1817,60.84166666666667,294.99280713490737,291.894,586.6102,439.2521,0.05,0.7911,0.8746,1817,60.84166666666667,295.0257165285267,291.9092,586.7064,439.3078,0.0,0.8839,0.9555,1817,60.84166666666667,294.23714208686874,292.2968,586.3029,439.2998,0.0417,0.8091,0.958,1817,60.84166666666667
294.1755686385035,292.352,586.3029,439.3275,0.025,0.8042,0.9641,1818,60.87166666666667,294.1426269167799,292.401,586.3029,439.352,0.0,0.8549,0.9641,1818,60.87166666666667,294.97462973106633,291.9434,586.6358,439.2896,0.0417,0.8316,0.9234,1818,60.87166666666667,295.0681291087313,291.9043,586.7358,439.3201,0.0,0.9001,0.9453,1818,60.87166666666667,294.24438981979745,292.2863,586.3029,439.2946,0.0417,0.7909,0.9641,1818,60.87166666666667
294.2744167609784,292.2652,586.3016,439.2834,0.0417,0.6429,0.9295,1819,60.915000000000006,294.1330032102237,292.4113,586.3016,439.3564,0.0,0.8657,0.9295,1819,60.915000000000006,294.94081429464046,291.9497,586.616,439.2828,0.0417,0.8301,0.8934,1819,60.915000000000006,295.0335082716436,291.9108,586.7144,439.3126,0.0,0.8942,0.8872,1819,60.915000000000006,294.165840101222,292.3536,586.3016,439.3276,0.0417,0.743,0.9295,1819,60.915000000000006
294.35079539975044,292.3849,586.5423,439.4636,0.0417,0.6141,0.7316,1820,60.94166666666667,294.2153463044416,292.5253,586.5423,439.5338,0.0,0.8573,0.7316,1820,60.94166666666667,294.8682078034619,292.1715,586.8908,439.5311,0.0417,0.8427,0.7076,1820,60.94166666666667,295.0037378949747,292.1091,586.9271,439.5181,0.0,0.7387,0.7492,1820,60.94166666666667,294.42294865707186,292.3158,586.5423,439.429,0.0583,0.5802,0.7316,1820,60.94166666666667
294.34287901091017,292.3878,586.5371,439.4625,0.05,0.6305,0.7351,1821,60.970000000000006,294.1441518075825,292.5864,586.5371,439.5617,0.0,0.7389,0.7351,1821,60.970000000000006,294.93110680092104,292.1446,586.9148,439.5297,0.0167,0.9294,0.8086,1821,60.970000000000006,294.9433968817732,292.1515,586.9148,439.5332,0.0,0.8752,0.8086,1821,60.970000000000006,294.3566193285661,292.3723,586.5371,439.4547,0.0583,0.5475,0.7351,1821,60.970000000000006
294.1754646573588,292.4478,586.3682,439.408,0.075,0.6157,0.6646,1822,61.015,294.10195603039324,292.5917,586.4907,439.5412,0.0,0.7312,0.6898,1822,61.015,294.75716711347343,292.1485,586.6922,439.4204,0.0417,0.9175,0.6446,1822,61.015,294.89652092300247,292.1551,586.8626,439.5089,0.0,0.8638,0.7685,1822,61.015,294.2440540828278,292.3748,586.3682,439.3715,0.075,0.6684,0.6646,1822,61.015
294.0857962757249,292.3882,586.2036,439.2959,0.0417,0.8486,0.842,1823,61.04166666666667,294.1362453935356,292.4325,586.336,439.3842,0.0,0.84,0.76,1823,61.04166666666667,294.7846754682984,292.0631,586.6201,439.3416,0.0417,0.788,0.7861,1823,61.04166666666667,294.9134280144285,292.0031,586.7076,439.3553,0.0,0.7417,0.7176,1823,61.04166666666667,294.1031378476211,292.3684,586.2036,439.286,0.05,0.8377,0.842,1823,61.04166666666667
294.1287871643568,292.3716,586.2782,439.3249,0.0333,0.8351,0.8094,1824,61.07166666666667,294.14533347009944,292.4169,586.3302,439.3736,0.0,0.797,0.7584,1824,61.07166666666667,294.83689094749104,292.043,586.7015,439.3723,0.0333,0.8392,0.7448,1824,61.07166666666667,294.92587189348274,291.9841,586.7015,439.3428,0.0,0.8221,0.7448,1824,61.07166666666667,294.1463094289677,292.3515,586.2782,439.3149,0.0417,0.8167,0.8094,1824,61.07166666666667
294.1101020798418,292.4515,586.3234,439.3874,0.025,0.8087,0.9324,1825,61.11833333333335,294.0893789113286,292.4885,586.3234,439.4059,0.0,0.8437,0.9324,1825,61.11833333333335,294.9313735349133,291.9626,586.6683,439.3155,0.0167,0.7948,1.0075,1825,61.11833333333335,294.94949903348225,291.9663,586.6683,439.3173,0.0,0.9901,1.0075,1825,61.11833333333335,294.1101020798418,292.4515,586.3234,439.3874,0.025,0.8087,0.9324,1825,61.11833333333335
294.1071891499481,292.4554,586.324,439.3897,0.025,0.82,0.946,1826,61.14166666666667,294.08633059305475,292.4925,586.324,439.4083,0.0,0.8495,0.946,1826,61.14166666666667,294.92966776027185,291.9637,586.6682,439.3159,0.0167,0.8021,1.0077,1826,61.14166666666667,294.9477442320825,291.9675,586.6682,439.3178,0.0,0.987,1.0077,1826,61.14166666666667,294.1071891499481,292.4554,586.324,439.3897,0.025,0.82,0.946,1826,61.14166666666667
294.1654427582003,292.4017,586.3255,439.3636,0.0333,0.7498,0.9274,1827,61.171666666666674,294.09397143010125,292.4849,586.3255,439.4052,0.0,0.7997,0.9274,1827,61.171666666666674,294.87283661274057,292.016,586.6666,439.3413,0.025,0.8318,0.9673,1827,61.171666666666674,294.94973914983734,291.964,586.6666,439.3153,0.0,0.9823,0.9673,1827,61.171666666666674,294.1654427582003,292.4017,586.3255,439.3636,0.0333,0.7498,0.9274,1827,61.171666666666674
294.1162647416314,292.4468,586.3254,439.3861,0.025,0.8352,0.9586,1828,61.205000000000005,294.09495585650325,292.4845,586.3254,439.405,0.0,0.8498,0.9586,1828,61.205000000000005,294.93438312093974,291.9579,586.6679,439.3129,0.0167,0.8338,1.0156,1828,61.205000000000005,294.9522142297452,291.962,586.6679,439.3149,0.0,0.9731,1.0156,1828,61.205000000000005,294.1162647416314,292.4468,586.3254,439.3861,0.025,0.8352,0.9586,1828,61.205000000000005
294.1149366444471,292.4479,586.3256,439.3868,0.025,0.8351,0.9286,1829,61.23666666666667,294.0937244097533,292.4855,586.3256,439.4056,0.0,0.8478,0.9286,1829,61.23666666666667,294.93690284343006,291.9577,586.6696,439.3137,0.0167,0.8333,1.0032,1829,61.23666666666667,294.9547303459124,291.9618,586.6696,439.3157,0.0,0.9809,1.0032,1829,61.23666666666667,294.1149366444471,292.4479,586.3256,439.3868,0.025,0.8351,0.9286,1829,61.23666666666667
294.12273114228094,292.4476,586.3346,439.3911,0.025,0.816,0.9738,1830,61.27,294.10144866846815,292.4853,586.3346,439.41,0.0,0.8625,0.9738,1830,61.27,294.9424400929564,291.9608,586.6802,439.3205,0.0167,0.8313,0.9935,1830,61.27,294.96030361607336,291.9649,586.6802,439.3225,0.0,0.9921,0.9935,1830,61.27,294.12273114228094,292.4476,586.3346,439.3911,0.025,0.816,0.9738,1830,61.27
294.112944242132,292.4553,586.3331,439.3942,0.025,0.8409,0.9737,1831,61.303333333333335,294.092034321692,292.4926,586.3331,439.4128,0.0,0.8605,0.9737,1831,61.303333333333335,294.9393572673924,291.966,586.6824,439.3242,0.0167,0.7788,0.9935,1831,61.303333333333335,294.95737955855446,291.9698,586.6824,439.3261,0.0,1.0171,0.9935,1831,61.303333333333335,294.112944242132,292.4553,586.3331,439.3942,0.025,0.8409,0.9737,1831,61.303333333333335
294.1058041352687,292.462,586.3328,439.3974,0.025,0.8315,0.9734,1832,61.33666666666667,294.08522396403583,292.499,586.3328,439.4159,0.0,0.8547,0.9734,1832,61.33666666666667,294.9811396233124,291.9313,586.6834,439.3073,0.0333,0.7748,0.9925,1832,61.33666666666667,295.0023795707299,291.9305,586.6834,439.3069,0.0,0.9356,0.9925,1832,61.33666666666667,294.1058041352687,292.462,586.3328,439.3974,0.025,0.8315,0.9734,1832,61.33666666666667
294.107528161034,292.461,586.3336,439.3973,0.025,0.8306,0.982,1833,61.370000000000005,294.08686350783734,292.498,586.3336,439.4158,0.0,0.8617,0.982,1833,61.370000000000005,294.9882297454808,291.9304,586.6335,439.2819,0.0417,0.7768,1.0174,1833,61.370000000000005,295.0464785198313,291.9297,586.7246,439.3271,0.0,0.9366,1.0437,1833,61.370000000000005,294.107528161034,292.461,586.3336,439.3973,0.025,0.8306,0.982,1833,61.370000000000005
294.10605877838304,292.4615,586.3325,439.397,0.025,0.8347,0.9707,1834,61.403333333333336,294.0854237309733,292.4986,586.3325,439.4155,0.0,0.8611,0.9707,1834,61.403333333333336,294.9873591305494,291.9309,586.6334,439.2821,0.0417,0.7767,1.0181,1834,61.403333333333336,295.04563218710246,291.9302,586.7244,439.3273,0.0,0.9366,1.0436,1834,61.403333333333336,294.10605877838304,292.4615,586.3325,439.397,0.025,0.8347,0.9707,1834,61.403333333333336
294.14665544770537,292.4936,586.4177,439.4557,0.0167,0.8279,0.9292,1835,61.43833333333334,294.1778208650669,292.4519,586.4177,439.4348,0.0,0.929,0.9292,1835,61.43833333333334,294.96831326914935,292.0113,586.7778,439.3945,0.0083,0.7746,0.9127,1835,61.43833333333334,295.04183044629553,291.9318,586.7778,439.3548,0.0,0.8136,0.9127,1835,61.43833333333334,294.14665544770537,292.4936,586.4177,439.4557,0.0167,0.8279,0.9292,1835,61.43833333333334
294.24395919829004,292.4001,586.4097,439.4049,0.0333,0.7862,0.9253,1836,61.47166666666667,294.1698013919157,292.453,586.4097,439.4314,0.0,0.8848,0.9253,1836,61.47166666666667,295.1363179086384,291.854,586.7737,439.3139,0.0333,0.7932,0.9001,1836,61.47166666666667,295.03955635863633,291.93,586.7737,439.3519,0.0,0.8391,0.9001,1836,61.47166666666667,294.24395919829004,292.4001,586.4097,439.4049,0.0333,0.7862,0.9253,1836,61.47166666666667
294.23998507474715,292.6767,586.7401,439.7084,0.0083,0.8732,0.8209,1837,61.50833333333334,294.3178576014572,292.594,586.7401,439.6671,0.0,0.9468,0.8209,1837,61.50833333333334,295.17845908305685,292.2168,587.2601,439.7385,0.025,0.9043,0.913,1837,61.50833333333334,295.195935191193,292.1429,587.1697,439.6563,0.0,0.8761,0.8205,1837,61.50833333333334,294.23998507474715,292.6767,586.7401,439.7084,0.0083,0.8732,0.8209,1837,61.50833333333334
294.2255645630089,292.6351,586.6641,439.6496,0.0167,0.8573,0.8991,1838,61.538333333333334,294.2502979831829,292.6001,586.6641,439.6321,0.0,0.9097,0.8991,1838,61.538333333333334,295.14634693132996,292.1218,587.0212,439.5715,0.0333,0.8453,0.842,1838,61.538333333333334,295.14014712345266,292.1491,587.1061,439.6276,0.0,0.8781,0.8841,1838,61.538333333333334,294.2255645630089,292.6351,586.6641,439.6496,0.0167,0.8573,0.8991,1838,61.538333333333334
294.159154817719,292.5821,586.5155,439.5488,0.0333,0.7573,0.9054,1839,61.57166666666667,294.0771670802146,292.643,586.5155,439.5792,0.0,0.9003,0.9054,1839,61.57166666666667,295.0474555673501,292.0892,586.8552,439.4722,0.0417,0.7769,0.8782,1839,61.57166666666667,295.09966447035845,292.0644,586.9513,439.5079,0.0,0.834,0.9278,1839,61.57166666666667,294.159154817719,292.5821,586.5155,439.5488,0.0333,0.7573,0.9054,1839,61.57166666666667
294.2083981512433,292.4176,586.3806,439.3991,0.0167,0.9219,0.8814,1840,61.60333333333334,294.23206777926185,292.383,586.3806,439.3818,0.0,0.9569,0.8814,1840,61.60333333333334,294.9585685513166,292.0298,586.7008,439.3653,0.0333,0.8022,0.8635,1840,61.60333333333334,295.08146047132084,291.9382,586.7955,439.3669,0.0,0.8693,0.8794,1840,61.60333333333334,294.2083981512433,292.4176,586.3806,439.3991,0.0167,0.9219,0.8814,1840,61.60333333333334
294.1477419474512,292.4993,586.4226,439.461,0.025,0.8969,0.8436,1841,61.63666666666667,294.1395368798766,292.46,586.3685,439.4143,0.0,0.9719,0.8269,1841,61.63666666666667,294.94229191689374,292.0631,586.7543,439.4087,0.0333,0.8241,0.8944,1841,61.63666666666667,295.07364759675227,291.9236,586.7773,439.3504,0.0,0.8621,0.8433,1841,61.63666666666667,294.1477419474512,292.4993,586.4226,439.461,0.025,0.8969,0.8436,1841,61.63666666666667
294.13597399554743,292.493,586.4083,439.4506,0.025,0.8861,0.8988,1842,61.671666666666674,294.12841127639854,292.4533,586.3544,439.4039,0.0,0.9516,0.8747,1842,61.671666666666674,295.0055351635358,291.9931,586.7454,439.3693,0.025,0.914,0.8667,1842,61.671666666666674,295.0725640898022,291.915,586.7693,439.3421,0.0,0.8514,0.8425,1842,61.671666666666674,294.13597399554743,292.493,586.4083,439.4506,0.025,0.8861,0.8988,1842,61.671666666666674
294.12112030315126,292.498,586.3985,439.4482,0.025,0.8881,0.9047,1843,61.70333333333334,294.1137457548529,292.4582,586.3448,439.4015,0.0,0.9374,0.8679,1843,61.70333333333334,294.92418296566257,292.0222,586.6646,439.3434,0.025,0.8127,0.9404,1843,61.70333333333334,295.100060886209,291.8826,586.7604,439.3215,0.0,0.8484,0.836,1843,61.70333333333334,294.12112030315126,292.498,586.3985,439.4482,0.025,0.8881,0.9047,1843,61.70333333333334
294.07886752371104,292.4897,586.3329,439.4113,0.0167,0.9094,0.8746,1844,61.73666666666667,294.1072565782624,292.4505,586.3329,439.3917,0.0,0.9435,0.8746,1844,61.73666666666667,294.9202416527172,292.0145,586.655,439.3348,0.025,0.8119,0.9567,1844,61.73666666666667,295.09551586562634,291.8755,586.7502,439.3128,0.0,0.8613,0.8499,1844,61.73666666666667,294.07886752371104,292.4897,586.3329,439.4113,0.0167,0.9094,0.8746,1844,61.73666666666667
294.1718549104865,292.3675,586.294,439.3307,0.0417,0.7086,0.9403,1845,61.77166666666667,294.041194477717,292.5074,586.294,439.4007,0.0,0.7706,0.9403,1845,61.77166666666667,294.9262680706722,291.9549,586.6121,439.2835,0.0417,0.8312,1.0005,1845,61.77166666666667,295.14971381892536,291.7588,586.7057,439.2323,0.0,0.797,1.055,1845,61.77166666666667,294.1718549104865,292.3675,586.294,439.3307,0.0417,0.7086,0.9403,1845,61.77166666666667
294.16778625005986,292.3668,586.2887,439.3277,0.0417,0.7086,0.9419,1846,61.803333333333335,294.03700579183726,292.5068,586.2887,439.3977,0.0,0.744,0.9419,1846,61.803333333333335,294.92397334699797,291.9555,586.6083,439.2819,0.0417,0.831,0.9743,1846,61.803333333333335,295.14753100707617,291.7594,586.7028,439.2311,0.0,0.8003,1.0509,1846,61.803333333333335,294.16778625005986,292.3668,586.2887,439.3277,0.0417,0.7086,0.9419,1846,61.803333333333335
293.95032263659687,292.5484,586.2919,439.4202,0.0333,0.7382,0.9398,1847,61.83666666666667,294.0981049638807,292.4212,586.2919,439.3565,0.0,0.8167,0.9398,1847,61.83666666666667,294.90001797812783,291.9544,586.5896,439.272,0.0417,0.833,0.8552,1847,61.83666666666667,295.1231273486352,291.7586,586.6821,439.2204,0.0,0.8072,0.9783,1847,61.83666666666667,293.95032263659687,292.5484,586.2919,439.4202,0.0333,0.7382,0.9398,1847,61.83666666666667
294.1755970570049,292.3647,586.2936,439.3292,0.0333,0.6802,0.997,1848,61.87166666666667,294.10669194035984,292.4125,586.2936,439.3531,0.0,0.7381,0.997,1848,61.87166666666667,294.9418987805765,291.94,586.6129,439.2764,0.0333,0.8222,0.9704,1848,61.87166666666667,295.06822228352723,291.8442,586.707,439.2756,0.0,0.8431,0.9777,1848,61.87166666666667,294.1755970570049,292.3647,586.2936,439.3292,0.0333,0.6802,0.997,1848,61.87166666666667
294.17673386500974,292.3645,586.2935,439.329,0.0333,0.6859,0.9961,1849,61.905,294.1077518323925,292.4123,586.2935,439.3529,0.0,0.7456,0.9961,1849,61.905,294.94224181151594,291.9392,586.6123,439.2757,0.0333,0.8244,0.8923,1849,61.905,295.06837310514345,291.8435,586.706,439.2748,0.0,0.8439,0.9742,1849,61.905,294.17673386500974,292.3645,586.2935,439.329,0.0333,0.6859,0.9961,1849,61.905
294.1772071085362,292.3633,586.2929,439.3281,0.0333,0.6838,0.996,1850,61.94166666666667,294.10803066543974,292.4113,586.2929,439.3521,0.0,0.7377,0.996,1850,61.94166666666667,294.895864489389,291.9389,586.6407,439.2898,0.0333,0.8247,0.9452,1850,61.94166666666667,295.04156168681334,291.8433,586.6838,439.2635,0.0,0.8436,0.9345,1850,61.94166666666667,294.1772071085362,292.3633,586.2929,439.3281,0.0333,0.6838,0.996,1850,61.94166666666667
294.1796768870099,292.3631,586.2956,439.3293,0.0333,0.6889,0.9961,1851,61.975,294.1106313521992,292.411,586.2956,439.3533,0.0,0.7454,0.9961,1851,61.975,294.9430630820966,291.9393,586.6133,439.2763,0.0333,0.8243,0.8914,1851,61.975,295.0691257065365,291.8437,586.7068,439.2753,0.0,0.8371,0.9743,1851,61.975,294.1796768870099,292.3631,586.2956,439.3293,0.0333,0.6889,0.9961,1851,61.975
294.17749620857614,292.3643,586.2946,439.3294,0.0333,0.6816,0.9879,1852,62.00833333333334,294.1084129810274,292.4122,586.2946,439.3534,0.0,0.7364,0.9879,1852,62.00833333333334,294.9426950445221,291.9392,586.6131,439.2761,0.0333,0.8237,0.89,1852,62.00833333333334,295.0687727032651,291.8435,586.7066,439.2751,0.0,0.83,0.9745,1852,62.00833333333334,294.17749620857614,292.3643,586.2946,439.3294,0.0333,0.6816,0.9879,1852,62.00833333333334
294.2887162282724,292.3653,586.4225,439.3939,0.0333,0.6838,0.9246,1853,62.04166666666667,294.2195916171652,292.4133,586.4225,439.4179,0.0,0.736,0.9246,1853,62.04166666666667,295.0976714188714,291.9412,586.8184,439.3798,0.0417,0.8257,0.8554,1853,62.04166666666667,295.17529471205944,291.8453,586.8315,439.3384,0.0,0.8343,0.8635,1853,62.04166666666667,294.2887162282724,292.3653,586.4225,439.3939,0.0333,0.6838,0.9246,1853,62.04166666666667
294.19203150709507,292.6939,586.6377,439.6658,0.0667,0.5621,0.7415,1854,62.07333333333334,294.0703070983623,292.8408,586.7073,439.774,0.0,0.8675,0.6742,1854,62.07333333333334,294.9317733266006,292.25,587.0275,439.6387,0.0167,0.8137,0.8428,1854,62.07333333333334,295.07032113486514,292.1674,587.0768,439.6221,0.0,0.8262,0.7867,1854,62.07333333333334,294.19203150709507,292.6939,586.6377,439.6658,0.0667,0.5621,0.7415,1854,62.07333333333334
294.2455992173956,292.5818,586.6125,439.5971,0.0417,0.6982,0.9398,1855,62.105000000000004,294.2184054535918,292.5919,586.6125,439.6022,0.0,0.7911,0.9398,1855,62.105000000000004,295.13261673664545,292.1342,587.0596,439.5969,0.0417,0.6368,0.9698,1855,62.105000000000004,295.23782966228623,292.0131,587.0596,439.5364,0.0,0.7085,0.9698,1855,62.105000000000004,294.2455992173956,292.5818,586.6125,439.5971,0.0417,0.6982,0.9398,1855,62.105000000000004
294.05578541338673,292.6562,586.4475,439.5519,0.0583,0.6885,0.9054,1856,62.145,294.23429516118404,292.5009,586.4981,439.4995,0.0,0.7477,0.8792,1856,62.145,295.141056396799,291.9854,586.8342,439.4098,0.05,0.6277,0.8527,1856,62.145,295.2781829443104,291.9165,586.9635,439.44,0.0,0.6973,0.9008,1856,62.145,294.05578541338673,292.6562,586.4475,439.5519,0.0583,0.6885,0.9054,1856,62.145
294.05894587009,292.6103,586.4556,439.533,0.0417,0.6393,0.8812,1857,62.175000000000004,294.25878207624623,292.4323,586.4556,439.4439,0.0,0.6973,0.8812,1857,62.175000000000004,295.1633998045702,291.9263,586.7981,439.3622,0.05,0.7366,0.824,1857,62.175000000000004,295.30586477571245,291.854,586.928,439.391,0.0,0.6766,0.9152,1857,62.175000000000004,294.05894587009,292.6103,586.4556,439.533,0.0417,0.6393,0.8812,1857,62.175000000000004
294.2998087989216,292.3944,586.4459,439.4202,0.025,0.7056,0.8736,1858,62.20333333333334,294.27381759827415,292.4044,586.4459,439.4252,0.0,0.7771,0.8736,1858,62.20333333333334,295.12093460532003,291.9504,586.7873,439.3688,0.0583,0.7649,0.8107,1858,62.20333333333334,295.32233032508384,291.8235,586.9172,439.3704,0.0,0.71,0.8897,1858,62.20333333333334,294.2998087989216,292.3944,586.4459,439.4202,0.025,0.7056,0.8736,1858,62.20333333333334
294.29531767470064,292.3812,586.432,439.4066,0.025,0.6599,0.9096,1859,62.24666666666667,294.26804380713446,292.3926,586.432,439.4123,0.0,0.7549,0.9096,1859,62.24666666666667,295.1723793025233,291.8738,586.7697,439.3217,0.05,0.7428,0.8125,1859,62.24666666666667,295.3150043520483,291.8031,586.8974,439.3502,0.0,0.7334,0.899,1859,62.24666666666667,294.29531767470064,292.3812,586.432,439.4066,0.025,0.6599,0.9096,1859,62.24666666666667
294.1805772276888,292.4748,586.4211,439.4479,0.025,0.7484,0.963,1860,62.27333333333334,294.16197140515374,292.478,586.4211,439.4495,0.0,0.8109,0.963,1860,62.27333333333334,295.10354342023044,291.9235,586.7579,439.3407,0.0583,0.7123,0.8176,1860,62.27333333333334,295.30435618875265,291.7979,586.8851,439.3415,0.0,0.711,0.934,1860,62.27333333333334,294.1805772276888,292.4748,586.4211,439.4479,0.025,0.7484,0.963,1860,62.27333333333334
294.23828015982076,292.4103,586.4165,439.4134,0.0417,0.6562,0.9655,1861,62.30500000000001,294.1143278302542,292.5414,586.4165,439.4789,0.0,0.8168,0.9655,1861,62.30500000000001,295.2113699748911,291.8499,586.7799,439.3149,0.05,0.7521,0.8062,1861,62.30500000000001,295.2446007803914,291.8649,586.8728,439.3688,0.0,0.7562,0.9496,1861,62.30500000000001,294.23828015982076,292.4103,586.4165,439.4134,0.0417,0.6562,0.9655,1861,62.30500000000001
294.28287034889485,292.3573,586.4069,439.3821,0.0333,0.6636,0.9228,1862,62.35,294.20130446629685,292.4496,586.4069,439.4282,0.0,0.8449,0.9228,1862,62.35,295.144877066219,291.9054,586.7726,439.339,0.0583,0.7454,0.7974,1862,62.35,295.2375816371782,291.8639,586.8654,439.3647,0.0,0.7676,0.9328,1862,62.35,294.28287034889485,292.3573,586.4069,439.3821,0.0333,0.6636,0.9228,1862,62.35
294.2791669681907,292.3537,586.4032,439.3784,0.0333,0.6831,0.9156,1863,62.37500000000001,294.1985492908423,292.4452,586.4032,439.4242,0.0,0.8988,0.9156,1863,62.37500000000001,295.0936665891103,291.9018,586.739,439.3204,0.0667,0.729,0.8193,1863,62.37500000000001,295.2375949404272,291.8582,586.862,439.3601,0.0,0.7643,0.9363,1863,62.37500000000001,294.2791669681907,292.3537,586.4032,439.3784,0.0333,0.6831,0.9156,1863,62.37500000000001
294.2726618974091,292.3585,586.4019,439.3802,0.05,0.6248,0.912,1864,62.403333333333336,294.1979780042821,292.4438,586.4019,439.4228,0.0,0.9002,0.912,1864,62.403333333333336,295.1394282352003,291.9147,586.7706,439.3427,0.0583,0.6293,0.7937,1864,62.403333333333336,295.23129018414784,291.8733,586.863,439.3682,0.0,0.7956,0.9397,1864,62.403333333333336,294.2726618974091,292.3585,586.4019,439.3802,0.05,0.6248,0.912,1864,62.403333333333336
294.0979815457216,292.4828,586.3622,439.4225,0.0333,0.7223,0.8825,1865,62.45,294.08458528825724,292.5198,586.3622,439.441,0.0,0.7966,0.8825,1865,62.45,294.99654863413156,291.9239,586.6742,439.2991,0.0583,0.8111,0.8717,1865,62.45,295.1964498397787,291.8307,586.7952,439.313,0.0,0.9059,0.9003,1865,62.45,294.0979815457216,292.4828,586.3622,439.4225,0.0333,0.7223,0.8825,1865,62.45
294.10050417714194,292.479,586.3613,439.4201,0.0333,0.7141,0.8815,1866,62.475,294.0869587325918,292.5162,586.3613,439.4387,0.0,0.7976,0.8815,1866,62.475,295.0521785090741,291.8732,586.6737,439.2735,0.0667,0.7247,0.8719,1866,62.475,295.19339009711,291.8339,586.7947,439.3143,0.0,0.9162,0.8985,1866,62.475,294.10050417714194,292.479,586.3613,439.4201,0.0333,0.7141,0.8815,1866,62.475
294.09921368649424,292.4799,586.3616,439.4207,0.0333,0.7136,0.8902,1867,62.50833333333334,294.0856629213157,292.5171,586.3616,439.4393,0.0,0.7975,0.8902,1867,62.50833333333334,295.0542907563723,291.87,586.6735,439.2718,0.0667,0.7316,0.8713,1867,62.50833333333334,295.1958343370841,291.8308,586.7945,439.3127,0.0,0.8901,0.889,1867,62.50833333333334,294.09921368649424,292.4799,586.3616,439.4207,0.0333,0.7136,0.8902,1867,62.50833333333334
294.1615389867495,292.4278,586.3604,439.3941,0.0333,0.7749,0.8962,1868,62.53666666666667,294.08447348905713,292.5168,586.3604,439.4386,0.0,0.8231,0.8962,1868,62.53666666666667,295.0503861226066,291.9289,586.7106,439.3197,0.05,0.8353,0.8211,1868,62.53666666666667,295.1981506151097,291.8355,586.7992,439.3173,0.0,0.8994,0.9081,1868,62.53666666666667,294.1615389867495,292.4278,586.3604,439.3941,0.0333,0.7749,0.8962,1868,62.53666666666667
294.16424870965557,292.4276,586.3625,439.395,0.0333,0.7569,0.8602,1869,62.57000000000001,294.0872391401464,292.5166,586.3625,439.4395,0.0,0.8024,0.8602,1869,62.57000000000001,295.10379049434806,291.8741,586.7071,439.2906,0.0583,0.7171,0.826,1869,62.57000000000001,295.1924836862138,291.8348,586.7951,439.315,0.0,0.9208,0.9163,1869,62.57000000000001,294.16424870965557,292.4276,586.3625,439.395,0.0333,0.7569,0.8602,1869,62.57000000000001
294.3516141225758,292.3801,586.5274,439.4538,0.05,0.6727,0.8464,1870,62.60333333333334,294.16796935834475,292.5652,586.5274,439.5463,0.0,0.8002,0.8464,1870,62.60333333333334,295.0578184752208,291.9392,586.831,439.3851,0.0583,0.7487,0.8095,1870,62.60333333333334,295.16776275424365,291.8978,586.8751,439.3865,0.0,0.9369,0.7918,1870,62.60333333333334,294.3516141225758,292.3801,586.5274,439.4538,0.05,0.6727,0.8464,1870,62.60333333333334
294.0650848310877,292.7893,586.6533,439.7213,0.0583,0.6631,0.8746,1871,62.63666666666667,294.0414876317443,292.8116,586.6533,439.7325,0.0,0.7915,0.8746,1871,62.63666666666667,294.8310694697751,292.2256,586.8478,439.5367,0.05,0.8553,0.6381,1871,62.63666666666667,295.07781115667984,292.1367,587.0216,439.5792,0.0,0.9765,0.815,1871,62.63666666666667,294.0650848310877,292.7893,586.6533,439.7213,0.0583,0.6631,0.8746,1871,62.63666666666667
294.18008843009807,292.6064,586.5764,439.5914,0.0417,0.7279,0.8606,1872,62.671666666666674,294.15642158077253,292.6451,586.5764,439.6108,0.0,0.8553,0.8606,1872,62.671666666666674,294.89801669829006,292.1858,586.9128,439.5493,0.05,0.8416,0.8433,1872,62.671666666666674,295.1392122282209,292.0345,586.9569,439.4957,0.0,1.0339,0.8441,1872,62.671666666666674,294.18008843009807,292.6064,586.5764,439.5914,0.0417,0.7279,0.8606,1872,62.671666666666674
294.064944270379,292.5515,586.3841,439.4678,0.0417,0.8445,0.836,1873,62.705000000000005,294.2123061620204,292.4237,586.3841,439.4039,0.0,1.028,0.836,1873,62.705000000000005,294.7353384503705,292.0695,586.6225,439.346,0.0667,0.782,0.846,1873,62.705000000000005,295.1143428450227,291.9087,586.78,439.3443,0.0,1.0717,0.7772,1873,62.705000000000005,294.064944270379,292.5515,586.3841,439.4678,0.0417,0.8445,0.836,1873,62.705000000000005
294.12832727985347,292.4752,586.3708,439.423,0.0417,0.7962,0.8367,1874,62.73666666666667,294.26666999656254,292.3566,586.3708,439.3637,0.0,0.9401,0.8367,1874,62.73666666666667,294.827433607482,292.0012,586.6379,439.3195,0.0583,0.8248,0.8501,1874,62.73666666666667,295.1118980736684,291.8482,586.73,439.2891,0.0,0.9904,0.8634,1874,62.73666666666667,294.12832727985347,292.4752,586.3708,439.423,0.0417,0.7962,0.8367,1874,62.73666666666667
294.14501087981205,292.4471,586.3681,439.4076,0.025,0.8246,0.9506,1875,62.77166666666667,294.27627680820854,292.3035,586.3681,439.3358,0.0,0.8155,0.9506,1875,62.77166666666667,295.0453236706529,291.8404,586.6825,439.2614,0.05,0.6672,0.9701,1875,62.77166666666667,295.2076764683799,291.7213,586.7262,439.2237,0.0,0.7396,0.9597,1875,62.77166666666667,294.14501087981205,292.4471,586.3681,439.4076,0.025,0.8246,0.9506,1875,62.77166666666667
294.1408985384162,292.4496,586.365,439.4073,0.025,0.8184,0.9346,1876,62.803333333333335,294.27250545570286,292.3057,586.365,439.3354,0.0,0.8137,0.9346,1876,62.803333333333335,295.04319470199925,291.8419,586.6803,439.2611,0.05,0.6801,0.9808,1876,62.803333333333335,295.20576898700006,291.7224,586.7237,439.2231,0.0,0.7208,0.9487,1876,62.803333333333335,294.1408985384162,292.4496,586.365,439.4073,0.025,0.8184,0.9346,1876,62.803333333333335
294.1375978043286,292.4518,586.3629,439.4073,0.025,0.8602,0.951,1877,62.83666666666667,294.2691667800319,292.3079,586.3629,439.3354,0.0,0.8391,0.951,1877,62.83666666666667,295.04576205086994,291.8364,586.6809,439.2586,0.05,0.7011,0.9547,1877,62.83666666666667,295.20683595646,291.719,586.7245,439.2217,0.0,0.7094,0.9462,1877,62.83666666666667,294.1375978043286,292.4518,586.3629,439.4073,0.025,0.8602,0.951,1877,62.83666666666667
294.1378011041145,292.4519,586.3629,439.4074,0.025,0.8618,0.9489,1878,62.87166666666667,294.26919708591527,292.3082,586.3629,439.3356,0.0,0.8328,0.9489,1878,62.87166666666667,295.0444834519949,291.8361,586.6795,439.2578,0.05,0.7098,0.9529,1878,62.87166666666667,295.205634829,291.7187,586.7233,439.221,0.0,0.7097,0.9415,1878,62.87166666666667,294.1378011041145,292.4519,586.3629,439.4074,0.025,0.8618,0.9489,1878,62.87166666666667
294.137717869113,292.4521,586.363,439.4075,0.025,0.8636,0.9475,1879,62.903333333333336,294.2690605687626,292.3084,586.363,439.3357,0.0,0.8608,0.9475,1879,62.903333333333336,295.0441819376389,291.8363,586.6795,439.2579,0.05,0.713,0.9528,1879,62.903333333333336,295.2053882426739,291.7189,586.7234,439.2211,0.0,0.722,0.9405,1879,62.903333333333336,294.137717869113,292.4521,586.363,439.4075,0.025,0.8636,0.9475,1879,62.903333333333336
294.136768227982,292.4522,586.3625,439.4074,0.025,0.8633,0.9461,1880,62.93666666666667,294.26812813448015,292.3085,586.3625,439.3355,0.0,0.8613,0.9461,1880,62.93666666666667,295.02580472282125,291.8363,586.6653,439.2508,0.0583,0.713,0.9293,1880,62.93666666666667,295.27349260969817,291.7189,586.7736,439.2462,0.0,0.722,0.997,1880,62.93666666666667,294.136768227982,292.4522,586.3625,439.4074,0.025,0.8633,0.9461,1880,62.93666666666667
294.13618134735066,292.4534,586.3635,439.4084,0.025,0.8894,0.953,1881,62.97166666666667,294.2678160132393,292.3094,586.3635,439.3365,0.0,0.8621,0.953,1881,62.97166666666667,295.0241838981095,291.8369,586.6645,439.2507,0.0583,0.7053,0.93,1881,62.97166666666667,295.272339231042,291.7194,586.7732,439.2463,0.0,0.7222,0.9969,1881,62.97166666666667,294.13618134735066,292.4534,586.3635,439.4084,0.025,0.8894,0.953,1881,62.97166666666667
294.1348693128614,292.4536,586.3629,439.4082,0.025,0.8942,0.9474,1882,63.00833333333334,294.2663584259318,292.3098,586.3629,439.3363,0.0,0.8375,0.9474,1882,63.00833333333334,295.0231389752672,291.8378,586.6645,439.2512,0.0583,0.715,0.93,1882,63.00833333333334,295.27048458269303,291.7206,586.7729,439.2468,0.0,0.7215,0.9966,1882,63.00833333333334,294.1348693128614,292.4536,586.3629,439.4082,0.025,0.8942,0.9474,1882,63.00833333333334
294.1336158829448,292.4551,586.3637,439.4094,0.025,0.8994,0.9395,1883,63.03666666666667,294.2654092885674,292.311,586.3637,439.3373,0.0,0.8442,0.9395,1883,63.03666666666667,295.021422530085,291.8394,586.6648,439.2521,0.0583,0.7156,0.93,1883,63.03666666666667,295.26910660937256,291.7221,586.7734,439.2477,0.0,0.7196,0.9913,1883,63.03666666666667,294.1336158829448,292.4551,586.3637,439.4094,0.025,0.8994,0.9395,1883,63.03666666666667
294.1290777677427,292.4586,586.3633,439.4109,0.025,0.9047,0.9391,1884,63.07166666666667,294.26116588631544,292.3142,586.3633,439.3387,0.0,0.8499,0.9391,1884,63.07166666666667,295.0239448422838,291.837,586.6648,439.2509,0.0583,0.7101,0.93,1884,63.07166666666667,295.2713524313864,291.7201,586.7734,439.2467,0.0,0.7191,0.9913,1884,63.07166666666667,294.1290777677427,292.4586,586.3633,439.4109,0.025,0.9047,0.9391,1884,63.07166666666667
294.1811635266512,292.3766,586.3311,439.3538,0.05,0.7351,0.9834,1885,63.105000000000004,294.1579707637094,292.4044,586.3311,439.3678,0.0,0.8593,0.9834,1885,63.105000000000004,295.04270723128593,291.8805,586.732,439.3062,0.025,0.8211,1.0155,1885,63.105000000000004,295.1426038087226,291.7962,586.732,439.2641,0.0,0.8496,1.0155,1885,63.105000000000004,294.1811635266512,292.3766,586.3311,439.3538,0.05,0.7351,0.9834,1885,63.105000000000004
294.07913862168255,292.4617,586.3253,439.3935,0.0333,0.803,0.9986,1886,63.13666666666667,294.1611221298689,292.3951,586.3253,439.3602,0.0,0.9194,0.9986,1886,63.13666666666667,295.1411928534591,291.7837,586.7257,439.2547,0.0417,0.7519,1.0083,1886,63.13666666666667,295.13186806419054,291.8019,586.7257,439.2638,0.0,0.8317,1.0083,1886,63.13666666666667,294.07913862168255,292.4617,586.3253,439.3935,0.0333,0.803,0.9986,1886,63.13666666666667
294.07118056343666,292.699,586.5919,439.6454,0.025,0.8572,0.8845,1887,63.17,294.209824209677,292.5803,586.5919,439.5861,0.0,0.8809,0.8845,1887,63.17,295.02261526692575,292.1592,587.0207,439.5899,0.025,0.8652,1.0485,1887,63.17,295.1311287821842,292.0675,587.0207,439.5441,0.0,0.9406,1.0485,1887,63.17,294.07118056343666,292.699,586.5919,439.6454,0.025,0.8572,0.8845,1887,63.17
294.11094827618297,292.7138,586.674,439.6939,0.05,0.7965,0.8314,1888,63.20333333333334,294.15628824675434,292.6125,586.5969,439.6047,0.0,0.9067,0.8845,1888,63.20333333333334,294.94506855846726,292.2383,587.0205,439.6294,0.0167,0.8504,1.0702,1888,63.20333333333334,295.1150512709146,292.0594,587.0205,439.5399,0.0,0.7869,1.0702,1888,63.20333333333334,294.11094827618297,292.7138,586.674,439.6939,0.05,0.7965,0.8314,1888,63.20333333333334
294.0652408016341,292.6805,586.5435,439.612,0.025,0.7177,0.8416,1889,63.23666666666667,294.20296849445236,292.5308,586.5435,439.5371,0.0,0.7847,0.8416,1889,63.23666666666667,295.0449483184416,292.0907,586.9484,439.5195,0.05,0.6521,1.1098,1889,63.23666666666667,295.1050557824475,292.0127,586.9484,439.4805,0.0,0.7249,1.1098,1889,63.23666666666667,294.0652408016341,292.6805,586.5435,439.612,0.025,0.7177,0.8416,1889,63.23666666666667
293.98510275203705,292.5941,586.3716,439.4829,0.0167,0.9568,0.863,1890,63.27166666666667,294.1732694488219,292.3996,586.3716,439.3856,0.0,0.8271,0.863,1890,63.27166666666667,294.9830470452745,291.9959,586.7842,439.39,0.0417,0.731,1.0399,1890,63.27166666666667,295.1040518443232,291.8639,586.7842,439.3241,0.0,0.7589,1.0399,1890,63.27166666666667,293.98510275203705,292.5941,586.3716,439.4829,0.0167,0.9568,0.863,1890,63.27166666666667
294.17696650751606,292.4022,586.3556,439.3789,0.0417,0.7843,0.8623,1891,63.303333333333335,294.20300219008595,292.3538,586.3556,439.3547,0.0,0.8044,0.8623,1891,63.303333333333335,295.06079625875566,291.909,586.7692,439.3391,0.0417,0.6975,1.0681,1891,63.303333333333335,295.17316962787385,291.7869,586.7692,439.2781,0.0,0.6607,1.0681,1891,63.303333333333335,294.17696650751606,292.4022,586.3556,439.3789,0.0417,0.7843,0.8623,1891,63.303333333333335
294.18380898466944,292.3882,586.3485,439.3684,0.0417,0.7843,0.8567,1892,63.33666666666667,294.20980531842906,292.34,586.3485,439.3442,0.0,0.7902,0.8567,1892,63.33666666666667,295.06899815011116,291.8939,586.7626,439.3282,0.0417,0.7142,1.0656,1892,63.33666666666667,295.17940487597014,291.7725,586.7626,439.2675,0.0,0.6513,1.0656,1892,63.33666666666667,294.18380898466944,292.3882,586.3485,439.3684,0.0417,0.7843,0.8567,1892,63.33666666666667
294.1351121959858,292.4262,586.3433,439.3847,0.0333,0.8044,0.8774,1893,63.37500000000001,294.21294302963986,292.3317,586.3433,439.3375,0.0,0.801,0.8774,1893,63.37500000000001,294.9693255599621,291.9779,586.7591,439.3685,0.0333,0.7331,0.9499,1893,63.37500000000001,295.1861206750589,291.7618,586.7591,439.2605,0.0,0.6551,0.9499,1893,63.37500000000001,294.1351121959858,292.4262,586.3433,439.3847,0.0333,0.8044,0.8774,1893,63.37500000000001
294.141871417164,292.4193,586.3445,439.3819,0.0333,0.7701,0.8782,1894,63.40833333333334,294.21904499430934,292.3254,586.3445,439.335,0.0,0.8228,0.8782,1894,63.40833333333334,294.97315203110713,291.9732,586.7593,439.3663,0.0333,0.7309,0.9506,1894,63.40833333333334,295.18550984919244,291.7614,586.7593,439.2603,0.0,0.6597,0.9506,1894,63.40833333333334,294.141871417164,292.4193,586.3445,439.3819,0.0333,0.7701,0.8782,1894,63.40833333333334
294.0948234160479,292.4122,586.2827,439.3474,0.0333,0.7885,0.8484,1895,63.43833333333334,294.17212286238055,292.351,586.2827,439.3168,0.0,0.872,0.8484,1895,63.43833333333334,295.1714803586349,291.7673,586.6987,439.233,0.0417,0.6997,0.9327,1895,63.43833333333334,295.1572039466056,291.7916,586.6987,439.2451,0.0,0.9764,0.9327,1895,63.43833333333334,294.0948234160479,292.4122,586.2827,439.3474,0.0333,0.7885,0.8484,1895,63.43833333333334
294.14193615328315,292.3679,586.2818,439.3249,0.0417,0.7389,0.8397,1896,63.475,294.16817941882175,292.3531,586.2818,439.3175,0.0,0.8403,0.8397,1896,63.475,295.16613184748405,291.7715,586.6972,439.2343,0.0417,0.7014,0.9336,1896,63.475,295.1521061546881,291.7955,586.6972,439.2463,0.0,0.9704,0.9336,1896,63.475,294.14193615328315,292.3679,586.2818,439.3249,0.0417,0.7389,0.8397,1896,63.475
294.13746950314953,292.3722,586.2795,439.3259,0.0417,0.7416,0.8382,1897,63.50666666666667,294.1642179574811,292.3568,586.2795,439.3182,0.0,0.8561,0.8382,1897,63.50666666666667,295.12932548776337,291.7709,586.5992,439.185,0.05,0.7287,1.0406,1897,63.50666666666667,295.15521005259234,291.7948,586.6984,439.2466,0.0,0.966,0.93,1897,63.50666666666667,294.13746950314953,292.3722,586.2795,439.3259,0.0417,0.7416,0.8382,1897,63.50666666666667
294.141730359584,292.3679,586.2809,439.3244,0.0417,0.7299,0.8382,1898,63.54166666666667,294.1677022047045,292.3534,586.2809,439.3171,0.0,0.8405,0.8382,1898,63.54166666666667,295.1092996702798,291.7671,586.6539,439.2105,0.05,0.7506,0.8611,1898,63.54166666666667,295.14766257115923,291.7916,586.6924,439.242,0.0,0.9582,0.8786,1898,63.54166666666667,294.141730359584,292.3679,586.2809,439.3244,0.0417,0.7299,0.8382,1898,63.54166666666667
294.13934581423587,292.3693,586.2801,439.3247,0.0417,0.7383,0.8396,1899,63.57833333333334,294.1654603816908,292.3546,586.2801,439.3174,0.0,0.8392,0.8396,1899,63.57833333333334,295.10826588346424,291.7679,586.6538,439.2108,0.05,0.7504,0.8614,1899,63.57833333333334,295.14669749553855,291.7923,586.6923,439.2423,0.0,0.9574,0.8785,1899,63.57833333333334,294.13934581423587,292.3693,586.2801,439.3247,0.0417,0.7383,0.8396,1899,63.57833333333334
294.14142112810265,292.3685,586.2811,439.3248,0.0417,0.7298,0.846,1900,63.60666666666667,294.1674296027741,292.3539,586.2811,439.3175,0.0,0.8717,0.846,1900,63.60666666666667,295.1118296690121,291.7663,586.6557,439.211,0.05,0.6996,0.8601,1900,63.60666666666667,295.1500935247434,291.7908,586.6942,439.2425,0.0,0.9409,0.8796,1900,63.60666666666667,294.14142112810265,292.3685,586.2811,439.3248,0.0417,0.7298,0.846,1900,63.60666666666667
294.08878876304834,292.4174,586.2819,439.3497,0.0333,0.7854,0.8334,1901,63.63666666666667,294.16638425852346,292.3558,586.2819,439.3189,0.0,0.8673,0.8334,1901,63.63666666666667,295.1698260791128,291.7683,586.6985,439.2334,0.0417,0.7,0.9335,1901,63.63666666666667,295.15556966910276,291.7926,586.6985,439.2455,0.0,0.964,0.9335,1901,63.63666666666667,294.08878876304834,292.4174,586.2819,439.3497,0.0333,0.7854,0.8334,1901,63.63666666666667
294.1434461380862,292.3693,586.2831,439.3262,0.0417,0.7083,0.8333,1902,63.68000000000001,294.16949203267797,292.3546,586.2831,439.3188,0.0,0.8392,0.8333,1902,63.68000000000001,295.16571916198853,291.7682,586.6951,439.2316,0.0417,0.6922,0.9314,1902,63.68000000000001,295.1511281679007,291.7927,586.6951,439.2439,0.0,1.0134,0.9314,1902,63.68000000000001,294.1434461380862,292.3693,586.2831,439.3262,0.0417,0.7083,0.8333,1902,63.68000000000001
294.0947352163204,292.4141,586.2839,439.349,0.0333,0.7635,0.8153,1903,63.70666666666667,294.17222300012,292.3526,586.2839,439.3182,0.0,0.8648,0.8153,1903,63.70666666666667,295.1701290351659,291.7676,586.6981,439.2328,0.0417,0.6922,0.9362,1903,63.70666666666667,295.1554898340895,291.7922,586.6981,439.2451,0.0,1.0129,0.9362,1903,63.70666666666667,294.0947352163204,292.4141,586.2839,439.349,0.0333,0.7635,0.8153,1903,63.70666666666667
294.09377022250834,292.4148,586.2834,439.3491,0.0333,0.7584,0.8205,1904,63.73666666666667,294.1712039460143,292.3534,586.2834,439.3184,0.0,0.8407,0.8205,1904,63.73666666666667,295.1706730311423,291.7671,586.6982,439.2327,0.0417,0.6925,0.932,1904,63.73666666666667,295.15599206572585,291.7917,586.6982,439.245,0.0,1.0127,0.932,1904,63.73666666666667,294.09377022250834,292.4148,586.2834,439.3491,0.0333,0.7584,0.8205,1904,63.73666666666667
294.2510442199392,292.62,586.6443,439.6321,0.0583,0.6239,0.8135,1905,63.78666666666667,294.2748985545446,292.5713,586.6421,439.6067,0.0,0.71,0.815,1905,63.78666666666667,295.15970166147497,292.0764,586.9678,439.5221,0.05,0.7671,0.8832,1905,63.78666666666667,295.30992529912817,292.0126,587.1066,439.5596,0.0,0.7731,0.9134,1905,63.78666666666667,294.2510442199392,292.62,586.6443,439.6321,0.0583,0.6239,0.8135,1905,63.78666666666667
294.1318361277072,292.6815,586.591,439.6362,0.05,0.6503,0.8222,1906,63.80666666666667,294.31678411832706,292.4809,586.591,439.536,0.0,0.7899,0.8222,1906,63.80666666666667,295.0771772056724,292.1366,587.0022,439.5694,0.0583,0.7378,0.9165,1906,63.80666666666667,295.207913370811,292.0577,587.0547,439.5562,0.0,0.7437,0.9425,1906,63.80666666666667,294.1318361277072,292.6815,586.591,439.6362,0.05,0.6503,0.8222,1906,63.80666666666667
294.240790918348,292.4513,586.3764,439.4139,0.0583,0.7545,0.7062,1907,63.83666666666667,294.32180856838875,292.4223,586.5105,439.4664,0.0,0.8978,0.796,1907,63.83666666666667,295.175479486684,292.0029,586.8566,439.4297,0.05,0.789,0.7592,1907,63.83666666666667,295.2059203616211,291.9891,586.9645,439.4768,0.0,0.8133,0.7824,1907,63.83666666666667,294.240790918348,292.4513,586.3764,439.4139,0.0583,0.7545,0.7062,1907,63.83666666666667
294.18535391137203,292.4889,586.4255,439.4572,0.0417,0.7235,0.8731,1908,63.88166666666667,294.3077776572361,292.3536,586.4255,439.3895,0.0,0.8589,0.8731,1908,63.88166666666667,295.1607522959316,291.9787,586.8124,439.3955,0.0667,0.76,0.8147,1908,63.88166666666667,295.21179226928314,291.8664,586.8548,439.3606,0.0,0.7674,0.8513,1908,63.88166666666667,294.18535391137203,292.4889,586.4255,439.4572,0.0417,0.7235,0.8731,1908,63.88166666666667
294.1283193480955,292.4552,586.3239,439.3895,0.025,0.8173,0.8801,1909,63.90666666666667,294.2480957438394,292.3238,586.3239,439.3238,0.0,0.8576,0.8801,1909,63.90666666666667,295.06855313116455,291.9415,586.7591,439.3503,0.05,0.6852,0.9319,1909,63.90666666666667,295.1135155060802,291.8761,586.7591,439.3176,0.0,0.851,0.9319,1909,63.90666666666667,294.1283193480955,292.4552,586.3239,439.3895,0.025,0.8173,0.8801,1909,63.90666666666667
294.1568228319135,292.4229,586.3222,439.3725,0.025,0.7594,0.8805,1910,63.93666666666667,294.27429168158557,292.2937,586.3222,439.308,0.0,0.8968,0.8805,1910,63.93666666666667,295.09924155428394,291.9049,586.7558,439.3304,0.05,0.7293,0.8317,1910,63.93666666666667,295.13955889336006,291.8439,586.7558,439.2999,0.0,0.7939,0.8317,1910,63.93666666666667,294.1568228319135,292.4229,586.3222,439.3725,0.025,0.7594,0.8805,1910,63.93666666666667
294.1450627060034,292.4344,586.3213,439.3778,0.025,0.752,0.8824,1911,63.970000000000006,294.2630614850664,292.3047,586.3213,439.313,0.0,0.8871,0.8824,1911,63.970000000000006,295.09149401109744,291.9082,586.7522,439.3302,0.05,0.7243,0.923,1911,63.970000000000006,295.13215167291924,291.8469,586.7522,439.2995,0.0,0.7891,0.923,1911,63.970000000000006,294.1450627060034,292.4344,586.3213,439.3778,0.025,0.752,0.8824,1911,63.970000000000006
294.14387450129607,292.4285,586.3174,439.3729,0.025,0.7567,0.9026,1912,64.00666666666667,294.2656306016686,292.2948,586.3174,439.3061,0.0,0.8623,0.9026,1912,64.00666666666667,295.0900148103742,291.9064,586.7502,439.3283,0.05,0.7296,0.9211,1912,64.00666666666667,295.13200501754886,291.8436,586.7502,439.2969,0.0,0.7931,0.9211,1912,64.00666666666667,294.14387450129607,292.4285,586.3174,439.3729,0.025,0.7567,0.9026,1912,64.00666666666667
294.13843431725945,292.4307,586.3148,439.3727,0.025,0.7579,0.9311,1913,64.03666666666668,294.26022412259863,292.297,586.3148,439.3059,0.0,0.8807,0.9311,1913,64.03666666666668,295.0901741682585,291.905,586.7497,439.3273,0.05,0.73,0.9519,1913,64.03666666666668,295.132092736494,291.8423,586.7497,439.296,0.0,0.792,0.9519,1913,64.03666666666668,294.13843431725945,292.4307,586.3148,439.3727,0.025,0.7579,0.9311,1913,64.03666666666668
294.2533799004079,292.3239,586.3126,439.3183,0.0417,0.6987,0.9593,1914,64.07166666666667,294.2603136309541,292.2939,586.3126,439.3033,0.0,0.8645,0.9593,1914,64.07166666666667,295.0883651270649,291.9061,586.7487,439.3274,0.05,0.7456,0.9792,1914,64.07166666666667,295.13052665198416,291.8432,586.7487,439.296,0.0,0.7926,0.9792,1914,64.07166666666667,294.2533799004079,292.3239,586.3126,439.3183,0.0417,0.6987,0.9593,1914,64.07166666666667
294.16274333752733,292.4238,586.3605,439.3922,0.0333,0.6933,0.9279,1915,64.105,294.08895998594767,292.5089,586.3605,439.4347,0.0,0.7719,0.9279,1915,64.105,295.0327679154107,291.8754,586.6527,439.2641,0.0667,0.7456,0.8621,1915,64.105,295.17604768592196,291.8352,586.7797,439.3074,0.0,0.979,0.8811,1915,64.105,294.16274333752733,292.4238,586.3605,439.3922,0.0333,0.6933,0.9279,1915,64.105
294.2119765666079,292.382,586.363,439.3725,0.0417,0.6787,0.9386,1916,64.13833333333334,294.09190327199076,292.5082,586.363,439.4356,0.0,0.8482,0.9386,1916,64.13833333333334,294.9439099855887,291.9462,586.6529,439.2996,0.0583,0.7151,0.8623,1916,64.13833333333334,295.17536152324755,291.8358,586.7799,439.3078,0.0,1.0519,0.8773,1916,64.13833333333334,294.2119765666079,292.382,586.363,439.3725,0.0417,0.6787,0.9386,1916,64.13833333333334
294.0668389306979,292.5295,586.3622,439.4459,0.05,0.7511,0.9346,1917,64.17166666666667,294.0888114349765,292.51,586.3622,439.4361,0.0,0.8506,0.9346,1917,64.17166666666667,294.9448841917629,291.9447,586.653,439.2989,0.0583,0.7253,0.8622,1917,64.17166666666667,295.1762462165115,291.8345,586.7797,439.3071,0.0,1.0493,0.8776,1917,64.17166666666667,294.0668389306979,292.5295,586.3622,439.4459,0.05,0.7511,0.9346,1917,64.17166666666667
294.21087511142525,292.3835,586.3631,439.3733,0.0417,0.6491,0.916,1918,64.20333333333333,294.09038000970554,292.5101,586.3631,439.4366,0.0,0.8302,0.916,1918,64.20333333333333,295.01203097422126,291.946,586.7866,439.3663,0.0583,0.7651,0.8465,1918,64.20333333333333,295.18438322370656,291.8356,586.7834,439.3095,0.0,1.0367,0.8687,1918,64.20333333333333,294.21087511142525,292.3835,586.3631,439.3733,0.0417,0.6491,0.916,1918,64.20333333333333
294.16181239423116,292.4254,586.3622,439.3938,0.0333,0.6812,0.9313,1919,64.23666666666666,294.0882657315816,292.5104,586.3622,439.4363,0.0,0.8231,0.9313,1919,64.23666666666666,294.9451664654568,291.9443,586.6532,439.2988,0.0583,0.7346,0.8614,1919,64.23666666666666,295.176947063822,291.8342,586.7801,439.3071,0.0,1.0326,0.894,1919,64.23666666666666,294.16181239423116,292.4254,586.3622,439.3938,0.0333,0.6812,0.9313,1919,64.23666666666666
294.16215372466377,292.424,586.36,439.392,0.0333,0.6805,0.9467,1920,64.27166666666668,294.0885173894732,292.5091,586.36,439.4345,0.0,0.8169,0.9467,1920,64.27166666666668,294.9447266047458,291.9426,586.6496,439.2961,0.0583,0.7142,0.8545,1920,64.27166666666668,295.17678530636147,291.8327,586.7774,439.305,0.0,1.0267,0.8867,1920,64.27166666666668,294.16215372466377,292.424,586.36,439.392,0.0333,0.6805,0.9467,1920,64.27166666666668
294.16547703393746,292.4229,586.3646,439.3937,0.0333,0.6794,0.9411,1921,64.30333333333334,294.09179714567426,292.508,586.3646,439.4363,0.0,0.8146,0.9411,1921,64.30333333333334,295.1021428441045,291.8138,586.661,439.2374,0.0583,0.7069,0.8571,1921,64.30333333333334,295.1849221313407,291.8317,586.7876,439.3096,0.0,1.0214,0.902,1921,64.30333333333334,294.16547703393746,292.4229,586.3646,439.3937,0.0333,0.6794,0.9411,1921,64.30333333333334
294.1396930828812,292.6638,586.6163,439.6401,0.05,0.6614,0.7626,1922,64.33666666666667,294.06240932834805,292.7927,586.6534,439.723,0.0,0.7638,0.8236,1922,64.33666666666667,295.0232586353369,292.1693,587.0257,439.5975,0.0333,0.818,0.7099,1922,64.33666666666667,295.03612473879883,292.2251,587.0684,439.6468,0.0,0.8954,0.757,1922,64.33666666666667,294.1396930828812,292.6638,586.6163,439.6401,0.05,0.6614,0.7626,1922,64.33666666666667
294.03576508304513,292.7673,586.5982,439.6827,0.0583,0.6774,0.7858,1923,64.37,294.0995316132296,292.7211,586.6337,439.6774,0.0,0.7796,0.8286,1923,64.37,294.93383626097807,292.1771,586.9423,439.5597,0.0333,0.7959,0.741,1923,64.37,295.05414022949816,292.1511,587.0256,439.5883,0.0,0.8249,0.7212,1923,64.37,294.03576508304513,292.7673,586.5982,439.6827,0.0583,0.6774,0.7858,1923,64.37
293.9732883229294,292.6153,586.3674,439.4913,0.0667,0.7277,0.809,1924,64.405,294.1169494644612,292.4631,586.3504,439.4068,0.0,0.7566,0.8375,1924,64.405,294.8812548609741,292.0001,586.6151,439.3076,0.05,0.7484,0.9193,1924,64.405,294.99778655612704,291.9707,586.7564,439.3635,0.0,0.8301,0.8461,1924,64.405,293.9732883229294,292.6153,586.3674,439.4913,0.0667,0.7277,0.809,1924,64.405
294.05496914749426,292.5679,586.4046,439.4862,0.025,0.5832,0.922,1925,64.43833333333333,294.1038181216412,292.5165,586.4046,439.4605,0.0,0.7816,0.922,1925,64.43833333333333,294.88207159755046,292.0978,586.6975,439.3977,0.0333,0.8926,0.8286,1925,64.43833333333333,295.18696632198754,291.9181,586.8613,439.3897,0.0,0.9371,0.8325,1925,64.43833333333333,294.05496914749426,292.5679,586.4046,439.4862,0.025,0.5832,0.922,1925,64.43833333333333
294.0356202145943,292.5713,586.3887,439.48,0.025,0.637,0.9126,1926,64.47166666666666,294.08471706818324,292.5197,586.3887,439.4542,0.0,0.7829,0.9126,1926,64.47166666666666,294.82229407585794,292.0998,586.6342,439.367,0.0417,0.8363,0.8501,1926,64.47166666666666,295.17102482230496,291.92,586.848,439.384,0.0,0.9108,0.826,1926,64.47166666666666,294.0356202145943,292.5713,586.3887,439.48,0.025,0.637,0.9126,1926,64.47166666666666
294.03566764055563,292.5683,586.3853,439.4768,0.025,0.6245,0.9242,1927,64.50666666666667,294.08430630319504,292.5171,586.3853,439.4512,0.0,0.7926,0.9242,1927,64.50666666666667,294.9759492520334,291.9988,586.6801,439.3395,0.0417,0.7339,0.8687,1927,64.50666666666667,295.2226793234303,291.8737,586.8447,439.3592,0.0,0.9154,0.854,1927,64.50666666666667,294.03566764055563,292.5683,586.3853,439.4768,0.025,0.6245,0.9242,1927,64.50666666666667
294.03039864687184,292.57,586.3816,439.4758,0.025,0.6334,0.8985,1928,64.53833333333334,294.07879080284306,292.519,586.3816,439.4503,0.0,0.7935,0.8985,1928,64.53833333333334,294.98232140428865,291.9971,586.6823,439.3397,0.0417,0.7291,0.787,1928,64.53833333333334,295.22883948129686,291.8722,586.8473,439.3598,0.0,0.9155,0.8572,1928,64.53833333333334,294.03039864687184,292.57,586.3816,439.4758,0.025,0.6334,0.8985,1928,64.53833333333334
293.90574240615433,292.6611,586.378,439.5195,0.0417,0.7233,0.9076,1929,64.57000000000001,294.0864179097364,292.5049,586.378,439.4414,0.0,0.7999,0.9076,1929,64.57000000000001,294.93477911184243,292.038,586.6819,439.3599,0.0333,0.7888,0.8025,1929,64.57000000000001,295.2369249052009,291.8618,586.8469,439.3543,0.0,0.903,0.8483,1929,64.57000000000001,293.90574240615433,292.6611,586.378,439.5195,0.0417,0.7233,0.9076,1929,64.57000000000001
294.05305684790744,292.565,586.3753,439.4701,0.05,0.6188,0.908,1930,64.60333333333334,294.0844729858726,292.5044,586.3753,439.4398,0.0,0.7952,0.908,1930,64.60333333333334,294.880854210086,292.0863,586.6813,439.3838,0.0333,0.7733,0.8174,1930,64.60333333333334,295.1853327457401,291.9076,586.8463,439.377,0.0,0.9018,0.854,1930,64.60333333333334,294.05305684790744,292.565,586.3753,439.4701,0.05,0.6188,0.908,1930,64.60333333333334
294.05470037937164,292.5645,586.3765,439.4705,0.05,0.6315,0.901,1931,64.63666666666667,294.0860844531703,292.504,586.3765,439.4403,0.0,0.7956,0.901,1931,64.63666666666667,294.82762767927727,292.0902,586.6262,439.3582,0.05,0.6819,0.7167,1931,64.63666666666667,295.2304792532382,291.8594,586.8409,439.3502,0.0,0.8963,0.802,1931,64.63666666666667,294.05470037937164,292.5645,586.3765,439.4705,0.05,0.6315,0.901,1931,64.63666666666667
293.90555301764033,292.6589,586.375,439.5169,0.0417,0.7062,0.951,1932,64.67,294.08578063933976,292.503,586.375,439.439,0.0,0.8042,0.951,1932,64.67,294.87496574670735,292.0914,586.6765,439.384,0.0417,0.6818,0.7984,1932,64.67,295.23449942035256,291.8606,586.8419,439.3512,0.0,0.8953,0.8333,1932,64.67,293.90555301764033,292.6589,586.375,439.5169,0.0417,0.7062,0.951,1932,64.67
294.04745265027964,292.563,586.37,439.4665,0.05,0.6468,0.9196,1933,64.70333333333333,294.07855850478745,292.5028,586.37,439.4364,0.0,0.8188,0.9196,1933,64.70333333333333,294.8260733282923,292.0909,586.6465,439.3687,0.0417,0.6815,0.9099,1933,64.70333333333333,295.18641473001384,291.86,586.8101,439.3351,0.0,0.8938,1.0092,1933,64.70333333333333,294.04745265027964,292.563,586.37,439.4665,0.05,0.6468,0.9196,1933,64.70333333333333
294.04784318210153,292.5644,586.3706,439.4675,0.05,0.6521,0.9435,1934,64.73833333333334,294.0790359110063,292.504,586.3706,439.4373,0.0,0.8063,0.9435,1934,64.73833333333334,294.82599316121934,292.0904,586.6461,439.3683,0.0417,0.6814,0.8988,1934,64.73833333333334,295.1863418884297,291.8595,586.8097,439.3346,0.0,0.8924,1.0046,1934,64.73833333333334,294.04784318210153,292.5644,586.3706,439.4675,0.05,0.6521,0.9435,1934,64.73833333333334
294.16870922652026,292.432,586.3619,439.3969,0.025,0.7446,1.0919,1935,64.77166666666668,294.14764360984316,292.4377,586.3619,439.3998,0.0,0.8016,1.0919,1935,64.77166666666668,295.0529568666983,291.8726,586.6288,439.2507,0.0417,0.7892,0.8546,1935,64.77166666666668,295.1419079414359,291.8052,586.7268,439.266,0.0,0.8055,0.8399,1935,64.77166666666668,294.16870922652026,292.432,586.3619,439.3969,0.025,0.7446,1.0919,1935,64.77166666666668
294.1627281394893,292.4316,586.3542,439.3929,0.025,0.7546,1.0317,1936,64.80666666666667,294.141022316076,292.4379,586.3542,439.3961,0.0,0.7952,1.0317,1936,64.80666666666667,295.0499565081541,291.8667,586.6198,439.2432,0.0417,0.7981,0.8597,1936,64.80666666666667,295.137764160723,291.8005,586.7182,439.2594,0.0,0.8061,0.8366,1936,64.80666666666667,294.1627281394893,292.4316,586.3542,439.3929,0.025,0.7546,1.0317,1936,64.80666666666667
294.16310237739464,292.43,586.3534,439.3917,0.025,0.7455,1.0324,1937,64.84,294.1412849734721,292.4364,586.3534,439.3949,0.0,0.8043,1.0324,1937,64.84,295.0495695917907,291.8672,586.6198,439.2435,0.0417,0.7966,0.8592,1937,64.84,295.1374380254696,291.801,586.7182,439.2596,0.0,0.8032,0.8364,1937,64.84,294.16310237739464,292.43,586.3534,439.3917,0.025,0.7455,1.0324,1937,64.84
294.39763413716787,292.6087,586.7763,439.6925,0.0333,0.7518,0.7267,1938,64.87166666666667,294.40694175105614,292.6199,586.8543,439.7371,0.0,0.8064,0.7818,1938,64.87166666666667,295.28543134982925,292.1455,587.2171,439.6813,0.0333,0.765,0.7864,1938,64.87166666666667,295.4019944204474,292.063,587.3057,439.6843,0.0,0.8421,0.9833,1938,64.87166666666667,294.39763413716787,292.6087,586.7763,439.6925,0.0333,0.7518,0.7267,1938,64.87166666666667
294.542653867882,297.4489,591.9884,444.7187,0.0333,0.7644,0.9158,1939,64.91000000000001,294.4359750587062,297.5564,591.9884,444.7724,0.0,0.9496,0.9158,1939,64.91000000000001,298.0475185473493,294.765,592.8125,443.7887,0.0167,1.7308,1.1004,1939,64.91000000000001,297.8877686915392,294.9247,592.8125,443.8686,0.0,1.8493,1.1004,1939,64.91000000000001,294.542653867882,297.4489,591.9884,444.7187,0.0333,0.7644,0.9158,1939,64.91000000000001
293.3077858332332,299.6126,592.9108,446.2617,0.0417,1.0153,0.9496,1940,64.94,293.48669645262845,299.5036,592.9686,446.2361,0.0,0.8739,0.9112,1940,64.94,294.47557891507745,299.0589,593.5075,446.2832,0.025,0.7012,1.0967,1940,64.94,294.64094964719743,298.8955,593.5075,446.2015,0.0,0.8745,1.0967,1940,64.94,293.3077858332332,299.6126,592.9108,446.2617,0.0417,1.0153,0.9496,1940,64.94
292.96926019352713,297.8927,590.8435,444.3681,0.0583,0.7882,0.9041,1941,64.97,292.9042034009324,298.0557,590.9549,444.5053,0.0,0.9494,0.8101,1941,64.97,294.50673864902717,297.1545,591.6612,444.4079,0.025,0.8939,1.1671,1941,64.97,294.43898831413514,297.2241,591.6612,444.4427,0.0,1.0114,1.1671,1941,64.97,292.96926019352713,297.8927,590.8435,444.3681,0.0583,0.7882,0.9041,1941,64.97
293.2387424798241,295.383,588.5701,441.9766,0.025,0.8296,0.971,1942,65.01166666666667,293.1974477511071,295.4196,588.5701,441.9949,0.0,0.9443,0.971,1942,65.01166666666667,294.622719581037,294.6268,589.223,441.9249,0.0417,0.6984,0.9399,1942,65.01166666666667,294.58598932894336,294.658,589.223,441.9405,0.0,0.8269,0.9399,1942,65.01166666666667,293.2387424798241,295.383,588.5701,441.9766,0.025,0.8296,0.971,1942,65.01166666666667
293.66527721862354,293.6757,587.2194,440.4475,0.0417,0.748,0.7543,1943,65.04166666666667,293.61478507967854,293.7551,587.2548,440.505,0.0,0.8267,0.7592,1943,65.04166666666667,294.733800797918,293.0727,587.7148,440.3938,0.0583,0.7077,0.7885,1943,65.04166666666667,294.9117425674285,292.9836,587.7974,440.3905,0.0,0.8578,0.8086,1943,65.04166666666667,293.66527721862354,293.6757,587.2194,440.4475,0.0417,0.748,0.7543,1943,65.04166666666667
293.8582637006915,292.9576,586.6042,439.7809,0.0583,0.7125,0.6412,1944,65.07166666666667,293.8894761028694,293.0206,586.7477,439.8841,0.0,0.8984,0.742,1944,65.07166666666667,294.9001188918869,292.522,587.2739,439.8979,0.025,0.7227,0.9751,1944,65.07166666666667,295.052692517924,292.3732,587.2739,439.8236,0.0,0.8338,0.9751,1944,65.07166666666667,293.8582637006915,292.9576,586.6042,439.7809,0.0583,0.7125,0.6412,1944,65.07166666666667
294.16097492204153,292.5795,586.5498,439.5647,0.0333,0.7581,0.7823,1945,65.11666666666667,294.17646630758486,292.5963,586.5893,439.5928,0.0,0.8771,0.8324,1945,65.11666666666667,294.8739841209141,292.2294,586.885,439.5572,0.0333,0.842,0.7332,1945,65.11666666666667,295.12809543893695,292.0507,587.0009,439.5258,0.0,0.9029,0.869,1945,65.11666666666667,294.16097492204153,292.5795,586.5498,439.5647,0.0333,0.7581,0.7823,1945,65.11666666666667
294.09876050042317,292.6183,586.527,439.5727,0.0333,0.7714,0.7139,1946,65.14,294.12286939554053,292.6276,586.5667,439.5972,0.0,0.9075,0.8189,1946,65.14,294.99231459493444,292.1219,586.8847,439.5033,0.0333,0.8133,0.7682,1946,65.14,295.08741933182773,292.099,586.9969,439.548,0.0,0.8316,0.8348,1946,65.14,294.09876050042317,292.6183,586.527,439.5727,0.0333,0.7714,0.7139,1946,65.14
294.11025724785645,292.6078,586.5217,439.5648,0.0333,0.8317,0.7189,1947,65.17166666666667,294.1330996350099,292.6182,586.5612,439.5897,0.0,0.9294,0.8226,1947,65.17166666666667,295.00547181592333,292.1187,586.8825,439.5006,0.0333,0.9032,0.7586,1947,65.17166666666667,295.0989108530106,292.0975,586.9951,439.5463,0.0,0.8932,0.8378,1947,65.17166666666667,294.11025724785645,292.6078,586.5217,439.5648,0.0333,0.8317,0.7189,1947,65.17166666666667
294.12133342957577,292.5905,586.5169,439.5537,0.0333,0.8082,0.7231,1948,65.21666666666667,294.1448715289846,292.6005,586.5565,439.5785,0.0,0.8875,0.7969,1948,65.21666666666667,295.0082271048899,292.098,586.8715,439.4848,0.0333,0.9,0.7464,1948,65.21666666666667,295.1022952309052,292.0764,586.9842,439.5303,0.0,0.8766,0.8461,1948,65.21666666666667,294.12133342957577,292.5905,586.5169,439.5537,0.0333,0.8082,0.7231,1948,65.21666666666667
294.1213557497126,292.585,586.5091,439.547,0.0333,0.8356,0.7792,1949,65.24000000000001,294.14413281134057,292.5952,586.5474,439.5713,0.0,0.9095,0.8291,1949,65.24000000000001,295.00537695156527,292.096,586.8629,439.4795,0.0333,0.9052,0.7492,1949,65.24000000000001,295.0996733476206,292.0745,586.9765,439.5255,0.0,0.8791,0.8441,1949,65.24000000000001,294.1213557497126,292.585,586.5091,439.547,0.0333,0.8356,0.7792,1949,65.24000000000001
294.11982163827605,292.5815,586.5032,439.5424,0.0333,0.7829,0.7059,1950,65.27166666666668,294.1423727837,292.5919,586.541,439.5665,0.0,0.8549,0.8025,1950,65.27166666666668,294.99679849363065,292.0976,586.8517,439.4747,0.0333,0.911,0.7653,1950,65.27166666666668,295.0914356617925,292.0761,586.9662,439.5212,0.0,0.8826,0.8556,1950,65.27166666666668,294.11982163827605,292.5815,586.5032,439.5424,0.0333,0.7829,0.7059,1950,65.27166666666668
294.11390815477404,292.5812,586.4978,439.5395,0.0333,0.7679,0.707,1951,65.315,294.13648887692125,292.5918,586.5363,439.564,0.0,0.852,0.7905,1951,65.315,294.97925897524055,292.1499,586.8775,439.5137,0.025,0.9039,0.7637,1951,65.315,295.1762405480737,291.9801,586.9609,439.4705,0.0,0.9816,0.8292,1951,65.315,294.11390815477404,292.5812,586.4978,439.5395,0.0333,0.7679,0.707,1951,65.315
294.100607442212,292.5798,586.4815,439.5307,0.0333,0.7739,0.7082,1952,65.34,294.1235911693652,292.5905,586.5198,439.5551,0.0,0.8778,0.7507,1952,65.34,294.9622710974395,292.149,586.8585,439.5038,0.025,0.9027,0.7522,1952,65.34,295.15925037824593,291.9795,586.9428,439.4612,0.0,0.981,0.8785,1952,65.34,294.100607442212,292.5798,586.4815,439.5307,0.0333,0.7739,0.7082,1952,65.34
294.105312292397,292.5738,586.478,439.5259,0.0333,0.8021,0.7136,1953,65.37,294.12829761145883,292.5846,586.5163,439.5504,0.0,0.8418,0.7556,1953,65.37,294.97887778478105,292.0862,586.8218,439.454,0.0417,0.8855,0.7654,1953,65.37,295.16211654980225,291.9742,586.9373,439.4558,0.0,0.9746,0.8744,1953,65.37,294.105312292397,292.5738,586.478,439.5259,0.0333,0.8021,0.7136,1953,65.37
294.0365828754555,292.6173,586.428,439.5227,0.0167,0.8161,0.8287,1954,65.40333333333334,294.0666207768021,292.5769,586.428,439.5025,0.0,0.8252,0.8287,1954,65.40333333333334,294.95838485558147,292.1347,586.8349,439.4848,0.0333,0.8931,0.7674,1954,65.40333333333334,295.1121374026013,291.9652,586.8562,439.4107,0.0,0.9749,0.7957,1954,65.40333333333334,294.0365828754555,292.6173,586.428,439.5227,0.0167,0.8161,0.8287,1954,65.40333333333334
294.1203774353826,292.5442,586.4629,439.5036,0.025,0.8248,0.8582,1955,65.43833333333333,294.0927756262998,292.589,586.4629,439.526,0.0,0.9353,0.8582,1955,65.43833333333333,294.91460347466057,292.1092,586.8383,439.4737,0.025,0.7725,0.7502,1955,65.43833333333333,294.98981074188623,292.0602,586.8383,439.4492,0.0,0.8234,0.7502,1955,65.43833333333333,294.1203774353826,292.5442,586.4629,439.5036,0.025,0.8248,0.8582,1955,65.43833333333333
294.1193082598536,292.5483,586.4656,439.5069,0.025,0.8144,0.8493,1956,65.47166666666666,294.09187843758014,292.5928,586.4656,439.5292,0.0,0.9436,0.8493,1956,65.47166666666666,295.05859392074194,291.9811,586.8366,439.4088,0.0417,0.7414,0.7547,1956,65.47166666666666,295.01645464092405,292.0393,586.8366,439.4379,0.0,0.7298,0.7547,1956,65.47166666666666,294.1193082598536,292.5483,586.4656,439.5069,0.025,0.8144,0.8493,1956,65.47166666666666
294.15825930195757,292.5476,586.5278,439.5377,0.0417,0.8048,0.8165,1957,65.50666666666667,294.0651391515173,292.5921,586.4234,439.5078,0.0,0.9392,0.8474,1957,65.50666666666667,295.0783231110642,291.9839,586.8659,439.4249,0.05,0.7399,0.7971,1957,65.50666666666667,294.988580720758,292.0417,586.7964,439.4191,0.0,0.7316,0.8195,1957,65.50666666666667,294.15825930195757,292.5476,586.5278,439.5377,0.0417,0.8048,0.8165,1957,65.50666666666667
294.0986186662242,292.8433,586.725,439.7842,0.0417,0.7873,0.7701,1958,65.53833333333334,294.15062375700546,292.8495,586.8368,439.8432,0.0,0.8607,0.8011,1958,65.53833333333334,294.9527546988777,292.4029,587.1511,439.777,0.0167,0.8626,0.9113,1958,65.53833333333334,295.0608899144636,292.3233,587.2241,439.7737,0.0,0.9204,0.8295,1958,65.53833333333334,294.0986186662242,292.8433,586.725,439.7842,0.0417,0.7873,0.7701,1958,65.53833333333334
294.1368619296883,292.7827,586.737,439.7599,0.0333,0.8384,0.8618,1959,65.57166666666667,294.0647045873387,292.8393,586.737,439.7882,0.0,0.8654,0.8618,1959,65.57166666666667,294.953549428206,292.3907,587.1746,439.7826,0.0083,0.8553,0.8454,1959,65.57166666666667,295.0262174566156,292.3121,587.1746,439.7433,0.0,0.9244,0.8454,1959,65.57166666666667,294.1368619296883,292.7827,586.737,439.7599,0.0333,0.8384,0.8618,1959,65.57166666666667
294.08168558439854,292.6974,586.5774,439.6374,0.0167,0.8831,0.9042,1960,65.605,294.10338348419646,292.665,586.5774,439.6212,0.0,0.9672,0.9042,1960,65.605,295.0946658869999,292.1127,586.9424,439.5275,0.05,0.8494,0.8115,1960,65.605,295.13440499070896,292.0454,586.994,439.5197,0.0,0.9242,0.8403,1960,65.605,294.08168558439854,292.6974,586.5774,439.6374,0.0167,0.8831,0.9042,1960,65.605
294.1073481394174,292.631,586.5282,439.5796,0.0167,0.7708,0.9199,1961,65.63833333333334,294.1348800729643,292.593,586.5282,439.5606,0.0,0.791,0.9199,1961,65.63833333333334,294.9561334943915,292.1486,586.9043,439.5265,0.0167,0.8443,0.8632,1961,65.63833333333334,295.12685578388175,291.9691,586.9043,439.4367,0.0,0.9465,0.8632,1961,65.63833333333334,294.1073481394174,292.631,586.5282,439.5796,0.0167,0.7708,0.9199,1961,65.63833333333334
294.192745893816,292.5228,586.5038,439.5133,0.025,0.76,0.839,1962,65.67166666666667,294.1668574537839,292.5335,586.5038,439.5186,0.0,0.8507,0.839,1962,65.67166666666667,294.9276971244257,292.0724,586.752,439.4122,0.0333,0.8905,0.7013,1962,65.67166666666667,295.17885657011027,291.896,586.8866,439.3913,0.0,0.8927,0.8288,1962,65.67166666666667,294.192745893816,292.5228,586.5038,439.5133,0.025,0.76,0.839,1962,65.67166666666667
294.1908125546969,292.5154,586.4954,439.5054,0.025,0.7627,0.8284,1963,65.70333333333333,294.1640730304183,292.527,586.4954,439.5112,0.0,0.8506,0.8284,1963,65.70333333333333,294.9205833943263,292.0585,586.7337,439.3961,0.0333,0.8896,0.6909,1963,65.70333333333333,295.1712723607605,291.8831,586.8696,439.3763,0.0,0.8583,0.8486,1963,65.70333333333333,294.1908125546969,292.5154,586.4954,439.5054,0.025,0.7627,0.8284,1963,65.70333333333333
294.19182350681615,292.5213,586.4977,439.5095,0.025,0.7606,0.8384,1964,65.73666666666666,294.1643338018605,292.5336,586.4977,439.5157,0.0,0.8501,0.8384,1964,65.73666666666666,295.16381580892073,291.954,586.844,439.399,0.05,0.7679,0.7993,1964,65.73666666666666,295.2027585478528,291.8882,586.8998,439.394,0.0,0.845,0.8342,1964,65.73666666666666,294.19182350681615,292.5213,586.4977,439.5095,0.025,0.7606,0.8384,1964,65.73666666666666
294.0965482718233,292.5981,586.4828,439.5405,0.0083,0.9214,0.9837,1965,65.77166666666668,294.1802769809015,292.5092,586.4828,439.496,0.0,0.9326,0.9837,1965,65.77166666666668,294.9320068507641,292.0825,586.8121,439.4473,0.0167,0.9701,0.9935,1965,65.77166666666668,295.10452053205046,291.9009,586.8121,439.3565,0.0,0.8976,0.9935,1965,65.77166666666668,294.0965482718233,292.5981,586.4828,439.5405,0.0083,0.9214,0.9837,1965,65.77166666666668
294.09785563601605,292.5965,586.4826,439.5395,0.0083,0.9203,0.9876,1966,65.80333333333334,294.18148163776095,292.5076,586.4826,439.4951,0.0,0.9223,0.9876,1966,65.80333333333334,294.92949931138213,292.0904,586.8144,439.4524,0.0167,0.936,0.9961,1966,65.80333333333334,295.10226627972395,291.9085,586.8144,439.3615,0.0,0.8206,0.9961,1966,65.80333333333334,294.09785563601605,292.5965,586.4826,439.5395,0.0083,0.9203,0.9876,1966,65.80333333333334
294.08985277013846,292.598,586.4744,439.5362,0.0083,0.9198,0.9495,1967,65.83666666666667,294.1735707884578,292.5091,586.4744,439.4917,0.0,0.9417,0.9495,1967,65.83666666666667,294.9283724919994,292.0895,586.8114,439.4504,0.0167,0.9297,0.9333,1967,65.83666666666667,295.10100973082996,291.9077,586.8114,439.3595,0.0,0.821,0.9333,1967,65.83666666666667,294.08985277013846,292.598,586.4744,439.5362,0.0083,0.9198,0.9495,1967,65.83666666666667
294.1405117455865,292.5549,586.4761,439.5155,0.0167,0.8483,0.9729,1968,65.87166666666667,294.1713386844403,292.5136,586.4761,439.4948,0.0,0.947,0.9729,1968,65.87166666666667,294.92234441201424,292.0964,586.8116,439.454,0.0167,0.9244,0.9477,1968,65.87166666666667,295.09521016883485,291.9144,586.8116,439.363,0.0,0.8139,0.9477,1968,65.87166666666667,294.1405117455865,292.5549,586.4761,439.5155,0.0167,0.8483,0.9729,1968,65.87166666666667
294.0884693619888,292.6017,586.4763,439.539,0.0083,0.9171,0.9469,1969,65.90333333333334,294.1722601366034,292.5127,586.4763,439.4945,0.0,0.9474,0.9469,1969,65.90333333333334,294.92673043239483,292.0911,586.8115,439.4513,0.0167,0.9268,0.9359,1969,65.90333333333334,295.0994301990652,291.9093,586.8115,439.3604,0.0,0.8152,0.9359,1969,65.90333333333334,294.0884693619888,292.6017,586.4763,439.539,0.0083,0.9171,0.9469,1969,65.90333333333334
294.0895562819582,292.5999,586.4756,439.5378,0.0083,0.9231,0.9254,1970,65.93833333333333,294.1732858652673,292.511,586.4756,439.4933,0.0,0.9488,0.9254,1970,65.93833333333333,294.92798424565984,292.0907,586.8123,439.4515,0.0167,0.9344,0.9342,1970,65.93833333333333,295.100714614363,291.9089,586.8123,439.3606,0.0,0.8211,0.9342,1970,65.93833333333333,294.0895562819582,292.5999,586.4756,439.5378,0.0083,0.9231,0.9254,1970,65.93833333333333
294.09030410093465,292.5995,586.4767,439.5381,0.0083,0.9256,0.9342,1971,65.97166666666666,294.1740522371055,292.5106,586.4767,439.4936,0.0,0.9508,0.9342,1971,65.97166666666666,294.88405507052164,292.13,586.8132,439.4716,0.025,0.8561,0.9315,1971,65.97166666666666,295.117942499489,291.8899,586.8132,439.3515,0.0,0.7715,0.9315,1971,65.97166666666666,294.09030410093465,292.5995,586.4767,439.5381,0.0083,0.9256,0.9342,1971,65.97166666666666
294.08586309838483,292.6012,586.4745,439.5378,0.0083,0.9259,0.9148,1972,66.00666666666667,294.1696386377685,292.5122,586.4745,439.4934,0.0,0.9501,0.9148,1972,66.00666666666667,294.8793631343678,292.1301,586.8098,439.4699,0.025,0.8578,0.9334,1972,66.00666666666667,295.11326611346135,291.89,586.8098,439.3499,0.0,0.7729,0.9334,1972,66.00666666666667,294.08586309838483,292.6012,586.4745,439.5378,0.0083,0.9259,0.9148,1972,66.00666666666667
294.08219286951237,292.6005,586.4714,439.536,0.0083,0.9225,0.9245,1973,66.03666666666668,294.1661496534161,292.5114,586.4714,439.4914,0.0,0.9509,0.9245,1973,66.03666666666668,294.8770434072152,292.1305,586.8082,439.4693,0.025,0.8477,0.9335,1973,66.03666666666668,295.11094756625215,291.8904,586.8082,439.3493,0.0,0.771,0.9335,1973,66.03666666666668,294.08219286951237,292.6005,586.4714,439.536,0.0083,0.9225,0.9245,1973,66.03666666666668
294.0850124900044,292.6001,586.4725,439.5363,0.0083,0.9176,0.9194,1974,66.07166666666667,294.1687514025565,292.5112,586.4725,439.4918,0.0,0.9516,0.9194,1974,66.07166666666667,294.87711303156595,292.1303,586.808,439.4691,0.025,0.8477,0.9336,1974,66.07166666666667,295.1110391726234,291.8902,586.808,439.3491,0.0,0.771,0.9336,1974,66.07166666666667,294.0850124900044,292.6001,586.4725,439.5363,0.0083,0.9176,0.9194,1974,66.07166666666667
294.0711357885418,292.5526,586.3882,439.4704,0.0167,0.8495,0.9191,1975,66.105,294.1041412571391,292.5087,586.3882,439.4484,0.0,0.8762,0.9191,1975,66.105,294.916594844476,292.059,586.6962,439.3776,0.0333,0.7353,0.9925,1975,66.105,295.1876927874406,291.8207,586.7933,439.307,0.0,0.7002,0.8815,1975,66.105,294.0711357885418,292.5526,586.3882,439.4704,0.0167,0.8495,0.9191,1975,66.105
294.12373424772795,292.5045,586.3877,439.4461,0.025,0.7261,0.886,1976,66.13666666666667,294.1058560234343,292.506,586.3877,439.4468,0.0,0.874,0.886,1976,66.13666666666667,294.9186657850395,292.0577,586.6963,439.377,0.0333,0.75,0.9924,1976,66.13666666666667,295.18921725540224,291.8198,586.7934,439.3066,0.0,0.6913,0.8803,1976,66.13666666666667,294.12373424772795,292.5045,586.3877,439.4461,0.025,0.7261,0.886,1976,66.13666666666667
294.21713578241656,292.5985,586.6198,439.6092,0.05,0.7521,0.7188,1977,66.17,294.2155783587824,292.661,586.6972,439.6791,0.0,0.8486,0.7401,1977,66.17,295.0927777003709,292.099,587.0215,439.5603,0.05,0.7224,0.8187,1977,66.17,295.2069038513316,292.0694,587.1001,439.5847,0.0,0.7714,0.89,1977,66.17,294.21713578241656,292.5985,586.6198,439.6092,0.05,0.7521,0.7188,1977,66.17
294.2641712511038,292.6451,586.7544,439.6998,0.0667,0.7738,0.7184,1978,66.20333333333333,294.11932173874254,292.7625,586.7059,439.7342,0.0,0.8145,0.7262,1978,66.20333333333333,295.00064175789964,292.1935,587.0271,439.6103,0.0667,0.6737,0.739,1978,66.20333333333333,295.1044791601656,292.1694,587.1058,439.6376,0.0,0.704,0.9156,1978,66.20333333333333,294.2641712511038,292.6451,586.7544,439.6998,0.0667,0.7738,0.7184,1978,66.20333333333333
293.9584495380301,292.807,586.5305,439.6687,0.05,0.7025,0.7301,1979,66.24000000000001,294.0755777278802,292.7098,586.5805,439.6452,0.0,0.7826,0.6959,1979,66.24000000000001,295.06504075558007,292.1386,587.0044,439.5715,0.025,0.696,0.8571,1979,66.24000000000001,295.0259893973891,292.1638,587.0044,439.5841,0.0,0.7964,0.8571,1979,66.24000000000001,293.9584495380301,292.807,586.5305,439.6687,0.05,0.7025,0.7301,1979,66.24000000000001
294.04423383837593,292.564,586.3926,439.4783,0.025,0.8504,0.7275,1980,66.27333333333334,294.1209381874819,292.5201,586.4259,439.473,0.0,0.826,0.7534,1980,66.27333333333334,295.1313557579813,291.9018,586.7584,439.3301,0.0417,0.7302,0.6413,1980,66.27333333333334,295.0898485606981,291.924,586.8168,439.3704,0.0,0.8412,0.8059,1980,66.27333333333334,294.04423383837593,292.564,586.3926,439.4783,0.025,0.8504,0.7275,1980,66.27333333333334
294.0522175639376,292.5015,586.3268,439.4142,0.0417,0.7931,0.7456,1981,66.73166666666667,294.1196024507975,292.5055,586.409,439.4572,0.0,0.7949,0.7795,1981,66.73166666666667,295.0301912659081,291.939,586.7103,439.3246,0.0417,0.7086,0.7353,1981,66.73166666666667,295.08495009541423,291.9076,586.7941,439.3509,0.0,0.8211,0.8126,1981,66.73166666666667,294.0522175639376,292.5015,586.3268,439.4142,0.0417,0.7931,0.7456,1981,66.73166666666667
293.9929064436106,292.5462,586.3192,439.4327,0.0333,0.8187,0.708,1982,66.74166666666667,294.11325022711134,292.503,586.4022,439.4526,0.0,0.8027,0.7446,1982,66.74166666666667,295.0284770022819,291.9369,586.7082,439.3225,0.0417,0.7159,0.74,1982,66.74166666666667,295.08323761214274,291.9055,586.7917,439.3486,0.0,0.821,0.8139,1982,66.74166666666667,293.9929064436106,292.5462,586.3192,439.4327,0.0333,0.8187,0.708,1982,66.74166666666667
294.15048541397573,292.4414,586.3375,439.3894,0.0167,0.8791,0.9527,1983,66.75833333333334,294.17327812938146,292.4075,586.3375,439.3725,0.0,0.8968,0.9527,1983,66.75833333333334,295.05815564711736,291.9205,586.6712,439.2958,0.025,0.7864,1.011,1983,66.75833333333334,295.11055849127047,291.8959,586.7708,439.3333,0.0,0.7736,1.004,1983,66.75833333333334,294.15048541397573,292.4414,586.3375,439.3894,0.0167,0.8791,0.9527,1983,66.75833333333334
294.1596778405237,292.439,586.345,439.392,0.0167,0.8835,0.9777,1984,66.775,294.18226227764785,292.4052,586.345,439.3751,0.0,0.8913,0.9777,1984,66.775,295.11520241646355,291.8681,586.7343,439.3012,0.025,0.7136,0.8784,1984,66.775,295.0706405311858,291.8971,586.7343,439.3157,0.0,0.7701,0.8784,1984,66.775,294.1596778405237,292.439,586.345,439.392,0.0167,0.8835,0.9777,1984,66.775
294.24610566766705,292.6399,586.6857,439.6628,0.0417,0.7558,0.8758,1985,66.79,294.10881070362313,292.7839,586.6857,439.7348,0.0,0.7789,0.8758,1985,66.79,294.9496632067486,292.2444,587.0183,439.6314,0.0333,0.801,0.9179,1985,66.79,294.95879538934935,292.3035,587.0585,439.681,0.0,0.8318,0.8527,1985,66.79,294.24610566766705,292.6399,586.6857,439.6628,0.0417,0.7558,0.8758,1985,66.79
294.0946746150065,292.7407,586.6401,439.6904,0.0417,0.7701,0.9074,1986,66.80666666666667,294.06922877073237,292.7815,586.6401,439.7108,0.0,0.7688,0.9074,1986,66.80666666666667,295.0321331955971,292.2618,587.0881,439.6749,0.025,0.8092,0.945,1986,66.80666666666667,294.99136552581706,292.3202,587.0881,439.7041,0.0,0.8331,0.945,1986,66.80666666666667,294.0946746150065,292.7407,586.6401,439.6904,0.0417,0.7701,0.9074,1986,66.80666666666667
294.11211272189087,292.557,586.4483,439.5026,0.0417,0.8017,0.7577,1987,66.83666666666667,294.0812084240624,292.6492,586.4869,439.568,0.0,0.7387,0.7833,1987,66.83666666666667,294.88959861924616,292.1711,586.856,439.5136,0.0333,0.8808,0.9097,1987,66.83666666666667,295.0114476652884,292.1752,586.9323,439.5537,0.0,0.7712,0.895,1987,66.83666666666667,294.11211272189087,292.557,586.4483,439.5026,0.0417,0.8017,0.7577,1987,66.83666666666667
294.25519522307656,292.4033,586.433,439.4181,0.05,0.795,0.7511,1988,66.87,294.1573794731073,292.5505,586.4672,439.5089,0.0,0.8132,0.7354,1988,66.87,294.9719269346102,292.0803,586.8551,439.4677,0.0417,0.668,0.8941,1988,66.87,295.0076275555383,292.0752,586.8551,439.4651,0.0,0.9241,0.8941,1988,66.87,294.25519522307656,292.4033,586.433,439.4181,0.05,0.795,0.7511,1988,66.87
294.00151058378424,292.5838,586.4142,439.499,0.0583,0.7751,0.8134,1989,66.90333333333334,294.15221336750096,292.5009,586.4067,439.4538,0.0,0.776,0.8149,1989,66.90333333333334,294.98496609514353,292.0311,586.739,439.3851,0.0417,0.6958,0.8711,1989,66.90333333333334,295.1134524608075,291.9777,586.8389,439.4083,0.0,0.9406,0.9354,1989,66.90333333333334,294.00151058378424,292.5838,586.4142,439.499,0.0583,0.7751,0.8134,1989,66.90333333333334
293.98114535996683,292.5558,586.2583,439.4071,0.0417,0.7985,0.7446,1990,66.93666666666667,294.11521636741156,292.4896,586.3467,439.4182,0.0,0.7677,0.8603,1990,66.93666666666667,295.0153357085384,291.9121,586.5983,439.2552,0.0417,0.764,0.7926,1990,66.93666666666667,295.06302512280445,291.9704,586.7654,439.3679,0.0,0.9347,0.9202,1990,66.93666666666667,293.98114535996683,292.5558,586.2583,439.4071,0.0417,0.7985,0.7446,1990,66.93666666666667
294.1724307342947,292.3969,586.2671,439.332,0.0583,0.7045,0.7895,1991,66.97,294.131273428541,292.4832,586.3553,439.4193,0.0,0.7944,0.8058,1991,66.97,294.98825492022104,291.9692,586.62,439.2946,0.0333,0.8111,0.778,1991,66.97,295.08926414477,291.9778,586.788,439.3829,0.0,0.8834,0.8544,1991,66.97,294.1724307342947,292.3969,586.2671,439.332,0.0583,0.7045,0.7895,1991,66.97
293.95024573578644,292.615,586.2602,439.4376,0.0583,0.7464,0.8128,1992,67.00666666666667,294.1171379060728,292.4928,586.3474,439.4201,0.0,0.7785,0.8012,1992,67.00666666666667,294.9840142797417,291.9633,586.6144,439.2889,0.0333,0.8112,0.7785,1992,67.00666666666667,295.084897754554,291.9724,586.7819,439.3771,0.0,0.8753,0.8452,1992,67.00666666666667,293.95024573578644,292.615,586.2602,439.4376,0.0583,0.7464,0.8128,1992,67.00666666666667
293.9357999872812,292.6151,586.2834,439.4493,0.075,0.7446,0.7716,1993,67.03666666666668,294.11064660280033,292.4932,586.3418,439.4175,0.0,0.787,0.8001,1993,67.03666666666668,295.03243705320654,291.9152,586.6117,439.2634,0.0417,0.8276,0.7656,1993,67.03666666666668,295.0799919457988,291.9733,586.7786,439.3759,0.0,0.8794,0.8391,1993,67.03666666666668,293.9357999872812,292.6151,586.2834,439.4493,0.075,0.7446,0.7716,1993,67.03666666666668
294.096397047118,292.4306,586.2761,439.3533,0.05,0.7914,0.7715,1994,67.07166666666667,294.11252707818585,292.4739,586.3345,439.4042,0.0,0.8284,0.795,1994,67.07166666666667,295.0283936921536,291.9151,586.6093,439.2622,0.0417,0.8276,0.7706,1994,67.07166666666667,295.0759456316838,291.9732,586.7762,439.3747,0.0,0.8795,0.8283,1994,67.07166666666667,294.096397047118,292.4306,586.2761,439.3533,0.05,0.7914,0.7715,1994,67.07166666666667
294.04500597117544,292.4984,586.339,439.4187,0.025,0.605,0.849,1995,67.10666666666667,294.09250741456407,292.4497,586.339,439.3944,0.0,0.8083,0.849,1995,67.10666666666667,295.0772636837846,291.949,586.7529,439.351,0.05,0.6798,0.8078,1995,67.10666666666667,295.0996982780505,291.9116,586.7881,439.3498,0.0,0.7657,0.9098,1995,67.10666666666667,294.04500597117544,292.4984,586.339,439.4187,0.025,0.605,0.849,1995,67.10666666666667
294.16326219280796,292.3953,586.3347,439.365,0.0333,0.6769,0.8483,1996,67.14,294.09510090582467,292.4438,586.3347,439.3892,0.0,0.8241,0.8483,1996,67.14,295.07640835599454,291.9542,586.7459,439.3501,0.0667,0.6375,0.8305,1996,67.14,295.08946121022825,291.9191,586.7815,439.3503,0.0,0.7244,0.8735,1996,67.14,294.16326219280796,292.3953,586.3347,439.365,0.0333,0.6769,0.8483,1996,67.14
294.1636136624427,292.3969,586.3359,439.3664,0.0333,0.6777,0.8379,1997,67.17,294.0952701411993,292.4454,586.3359,439.3906,0.0,0.8242,0.8379,1997,67.17,295.07389649765275,291.9546,586.7438,439.3492,0.0667,0.6377,0.8324,1997,67.17,295.08699400878083,291.9195,586.7794,439.3495,0.0,0.7287,0.8727,1997,67.17,294.1636136624427,292.3969,586.3359,439.3664,0.0333,0.6777,0.8379,1997,67.17
294.16548809218386,292.3948,586.3361,439.3654,0.0333,0.7013,0.8289,1998,67.20333333333333,294.09705764477616,292.4435,586.3361,439.3898,0.0,0.8108,0.8289,1998,67.20333333333333,294.9395338770721,292.0583,586.7436,439.4009,0.0417,0.705,0.8414,1998,67.20333333333333,295.09244635891645,291.9111,586.7792,439.3451,0.0,0.7782,0.8762,1998,67.20333333333333,294.16548809218386,292.3948,586.3361,439.3654,0.0333,0.7013,0.8289,1998,67.20333333333333
294.16499923475794,292.3927,586.3347,439.3637,0.0333,0.7018,0.8392,1999,67.23666666666666,294.09636862736227,292.4418,586.3347,439.3882,0.0,0.8144,0.8392,1999,67.23666666666666,295.12060854758914,291.9017,586.7436,439.3227,0.05,0.6907,0.8438,1999,67.23666666666666,295.1414747199299,291.8666,586.7791,439.3229,0.0,0.7346,0.8752,1999,67.23666666666666,294.16499923475794,292.3927,586.3347,439.3637,0.0333,0.7018,0.8392,1999,67.23666666666666
294.164967604803,292.3928,586.3345,439.3637,0.0333,0.698,0.8399,2000,67.27000000000001,294.09621744306423,292.4419,586.3345,439.3882,0.0,0.8077,0.8399,2000,67.27000000000001,295.12024657724356,291.9017,586.7433,439.3225,0.05,0.6943,0.8439,2000,67.27000000000001,295.1412033592442,291.8666,586.7788,439.3227,0.0,0.7353,0.8752,2000,67.27000000000001,294.164967604803,292.3928,586.3345,439.3637,0.0333,0.698,0.8399,2000,67.27000000000001
294.16523272143945,292.3912,586.3336,439.3624,0.0333,0.6981,0.8301,2001,67.30333333333334,294.09646756581674,292.4405,586.3336,439.387,0.0,0.7996,0.8301,2001,67.30333333333334,295.1187369871763,291.9025,586.7425,439.3225,0.05,0.6944,0.8431,2001,67.30333333333334,295.1397717422243,291.8673,586.7781,439.3227,0.0,0.7371,0.8746,2001,67.30333333333334,294.16523272143945,292.3912,586.3336,439.3624,0.0333,0.6981,0.8301,2001,67.30333333333334
294.16471739999065,292.3927,586.3342,439.3634,0.0333,0.6966,0.8309,2002,67.33666666666667,294.09596436745085,292.4418,586.3342,439.388,0.0,0.7995,0.8309,2002,67.33666666666667,295.1185520022286,291.9027,586.7425,439.3226,0.05,0.6943,0.8431,2002,67.33666666666667,295.13960835850844,291.8675,586.7781,439.3228,0.0,0.7372,0.8746,2002,67.33666666666667,294.16471739999065,292.3927,586.3342,439.3634,0.0333,0.6966,0.8309,2002,67.33666666666667
294.2866463945694,292.5698,586.6691,439.6195,0.0417,0.7152,0.8297,2003,67.37,294.1516279322268,292.6841,586.6691,439.6766,0.0,0.8058,0.8297,2003,67.37,295.1993927241267,292.044,587.0507,439.5473,0.0333,0.6934,0.8336,2003,67.37,295.1038377243346,292.1207,587.0507,439.5857,0.0,0.7389,0.8336,2003,67.37,294.2866463945694,292.5698,586.6691,439.6195,0.0417,0.7152,0.8297,2003,67.37
293.9788696703704,292.8576,586.673,439.7653,0.025,0.7273,0.8504,2004,67.40333333333334,294.0923668459439,292.7508,586.673,439.7119,0.0,0.754,0.8504,2004,67.40333333333334,295.10044728672153,292.155,587.0607,439.6079,0.025,0.7181,0.8236,2004,67.40333333333334,295.0604461398565,292.1798,587.0607,439.6203,0.0,0.7339,0.8236,2004,67.40333333333334,293.9788696703704,292.8576,586.673,439.7653,0.025,0.7273,0.8504,2004,67.40333333333334
294.2126226550422,292.5214,586.5106,439.516,0.0333,0.7521,0.837,2005,67.44,294.2303768708989,292.5393,586.5499,439.5446,0.0,0.8766,0.8929,2005,67.44,294.90515402006724,292.1663,586.8207,439.4935,0.025,0.8735,0.8171,2005,67.44,295.07639408636464,292.0875,586.9518,439.5197,0.0,0.9186,0.8893,2005,67.44,294.2126226550422,292.5214,586.5106,439.516,0.0333,0.7521,0.837,2005,67.44
294.1554457149084,292.5267,586.4469,439.4868,0.0417,0.7911,0.7527,2006,67.47500000000001,294.1544051087896,292.534,586.4291,439.4816,0.0,0.8378,0.8378,2006,67.47500000000001,294.9453507388545,292.0882,586.784,439.4361,0.0167,0.8319,0.8787,2006,67.47500000000001,295.0807426833526,292.0086,586.8253,439.417,0.0,0.8511,0.836,2006,67.47500000000001,294.1554457149084,292.5267,586.4469,439.4868,0.0417,0.7911,0.7527,2006,67.47500000000001
