vigente__thickness_px,vigente__y_top_px,vigente__y_bottom_px,vigente__center_px,vigente__outlier_frac,vigente__residual_top_px,vigente__residual_bottom_px,vigente__frame,vigente__time_s,clahe_mco__thickness_px,clahe_mco__y_top_px,clahe_mco__y_bottom_px,clahe_mco__center_px,clahe_mco__outlier_frac,clahe_mco__residual_top_px,clahe_mco__residual_bottom_px,clahe_mco__frame,clahe_mco__time_s,crudo__thickness_px,crudo__y_top_px,crudo__y_bottom_px,crudo__center_px,crudo__outlier_frac,crudo__residual_top_px,crudo__residual_bottom_px,crudo__frame,crudo__time_s,crudo_mco__thickness_px,crudo_mco__y_top_px,crudo_mco__y_bottom_px,crudo_mco__center_px,crudo_mco__outlier_frac,crudo_mco__residual_top_px,crudo_mco__residual_bottom_px,crudo_mco__frame,crudo_mco__time_s,ventana25__thickness_px,ventana25__y_top_px,ventana25__y_bottom_px,ventana25__center_px,ventana25__outlier_frac,ventana25__residual_top_px,ventana25__residual_bottom_px,ventana25__frame,ventana25__time_s
200.52445038756062,385.028,585.4681,485.248,0.0583,1.5591,0.5948,0,0.0,200.82451767603422,385.3767,586.1873,485.782,0.0,1.8803,0.7568,0,0.0,201.33708919073237,384.9831,586.326,485.6546,0.1083,1.4403,0.6301,0,0.0,202.3831195026038,384.9487,587.5452,486.2469,0.0,1.669,1.7076,0,0.0,184.94986714051421,400.5182,585.4681,492.9931,0.1167,3.8283,0.5948,0,0.0
200.01354912587215,385.818,585.8866,485.8523,0.1083,1.7811,0.546,1,0.02666666666666667,200.24749694708942,385.7839,586.0445,485.9142,0.0,1.9046,0.6847,1,0.02666666666666667,201.37561665605685,384.9963,586.5534,485.7749,0.1,1.4702,0.7612,1,0.02666666666666667,202.35221027427616,384.9546,587.5225,486.2386,0.0,1.6595,1.6873,1,0.02666666666666667,185.5020437438815,400.508,585.8866,493.1973,0.15,3.8768,0.546,1,0.02666666666666667
200.02159963609552,385.8064,585.8843,485.8453,0.1083,1.8772,0.5394,2,0.05166666666666667,200.2536415961594,385.7749,586.0435,485.9092,0.0,2.0095,0.7227,2,0.05166666666666667,201.43311820243838,384.9963,586.6222,485.8093,0.0833,1.4578,0.8677,2,0.05166666666666667,202.35150818638783,384.9578,587.523,486.2404,0.0,1.6832,1.691,2,0.05166666666666667,186.9801807000661,399.0247,585.8843,492.4545,0.15,4.7992,0.5394,2,0.05166666666666667
200.04546956219522,385.7839,585.8852,485.8345,0.1083,1.9124,0.5272,3,0.07666666666666667,200.27166946730222,385.7542,586.0392,485.8967,0.0,2.0224,0.6901,3,0.07666666666666667,201.4404102592085,384.9877,586.6225,485.8051,0.0833,1.4959,0.8671,3,0.07666666666666667,202.3588618555101,384.9507,587.5233,486.237,0.0,1.6772,1.6902,3,0.07666666666666667,187.34265756641463,398.6627,585.8852,492.274,0.1167,5.2549,0.5272,3,0.07666666666666667
200.4312781056892,385.1557,585.2735,485.2146,0.0583,1.8307,0.5347,4,0.11166666666666668,200.73427558583649,385.452,586.1574,485.8047,0.0,1.9155,0.8539,4,0.11166666666666668,201.51973283686178,384.659,586.1161,485.3876,0.0917,1.4398,0.7217,4,0.11166666666666668,202.44324078334134,384.8036,587.4429,486.1232,0.0,1.5389,1.7321,4,0.11166666666666668,182.93274599455512,402.3152,585.2735,493.7944,0.1333,2.7891,0.5347,4,0.11166666666666668
200.51800271824405,385.289,585.4029,485.3459,0.0583,1.9604,0.5469,5,0.15333333333333335,200.39408610205518,385.6982,586.1843,485.9412,0.0,2.3916,0.878,5,0.15333333333333335,201.47461238380305,384.668,586.132,485.4,0.0917,1.5416,0.7013,5,0.15333333333333335,202.44662213313558,384.812,587.4682,486.1401,0.0,1.542,1.759,5,0.15333333333333335,183.86863105093045,401.5342,585.4029,493.4685,0.1417,2.7764,0.5469,5,0.15333333333333335
200.46402063127147,385.2458,585.3937,485.3198,0.0833,1.7945,0.5733,6,0.17666666666666667,200.3992732459729,385.7017,586.1942,485.9479,0.0,2.2898,0.8637,6,0.17666666666666667,201.40700148619902,384.7252,586.1322,485.4287,0.0917,1.6167,0.7009,6,0.17666666666666667,202.39244182629608,384.8527,587.4668,486.1597,0.0,1.5351,1.7515,6,0.17666666666666667,188.35617951486373,397.0375,585.3937,491.2156,0.1,6.3605,0.5733,6,0.17666666666666667
201.07603577563037,384.8294,585.9014,485.3654,0.1,1.8075,0.6591,7,0.21166666666666667,200.72276818718325,385.3767,586.1928,485.7848,0.0083,2.1932,0.8759,7,0.21166666666666667,201.39061805704785,384.7435,586.1341,485.4388,0.1,1.4693,0.6845,7,0.21166666666666667,202.39094897744158,384.837,587.4676,486.1523,0.0,1.5543,1.7413,7,0.21166666666666667,188.48168106267548,397.4198,585.9014,491.6606,0.15,6.0245,0.6591,7,0.21166666666666667
200.7920758015012,385.1264,585.8463,485.4864,0.0583,2.0969,0.7096,8,0.2566666666666667,200.5411078609952,385.4097,585.9232,485.6664,0.0083,2.2391,0.8722,8,0.2566666666666667,201.210856740985,384.8117,586.0226,485.4172,0.1167,1.4607,0.7073,8,0.2566666666666667,202.36059902763492,384.8543,587.4656,486.1599,0.0,1.5813,1.7338,8,0.2566666666666667,188.82700018905956,397.0193,585.8463,491.4328,0.0917,6.2856,0.7096,8,0.2566666666666667
200.810765706342,385.1276,585.8951,485.5114,0.0583,2.0832,0.7581,9,0.2783333333333334,200.5629516509763,385.4111,585.9716,485.6914,0.0083,2.246,0.8968,9,0.2783333333333334,201.63832684337248,384.814,586.4553,485.6347,0.1,1.4632,0.7848,9,0.2783333333333334,202.38600272484825,384.8523,587.4821,486.1672,0.0,1.5806,1.8438,9,0.2783333333333334,188.42070917141498,397.4744,585.8951,491.6848,0.1,5.3494,0.7581,9,0.2783333333333334
200.77576085620504,385.1761,585.8804,485.5283,0.0667,2.0778,0.7205,10,0.31,200.6889040807205,385.4469,586.2049,485.8259,0.0083,2.1947,0.8929,10,0.31,201.646714035165,384.8002,586.461,485.6306,0.1,1.4568,0.7886,10,0.31,202.4094676510182,384.8496,587.4886,486.1691,0.0,1.5772,1.8312,10,0.31,188.8491237676007,397.0313,585.8804,491.4558,0.1,6.0665,0.7205,10,0.31
200.82710049705852,385.1244,585.8795,485.502,0.075,2.0362,0.716,11,0.35500000000000004,200.62350981927034,385.5162,586.205,485.8606,0.0083,2.1215,0.8971,11,0.35500000000000004,201.6345091782296,384.8371,586.4633,485.6502,0.1,1.4712,0.8192,11,0.35500000000000004,202.38161371134245,384.8701,587.4904,486.1803,0.0,1.5602,1.8181,11,0.35500000000000004,188.40217152488808,397.4774,585.8795,491.6785,0.1083,5.3436,0.716,11,0.35500000000000004
200.78753948342657,385.1801,585.8987,485.5394,0.0667,1.8866,0.7147,12,0.3766666666666667,200.51388887482557,385.5747,586.0941,485.8344,0.0083,2.1137,0.8129,12,0.3766666666666667,201.36256324700253,384.853,586.2156,485.5343,0.1083,1.481,0.7191,12,0.3766666666666667,202.39760051767942,384.886,587.5101,486.198,0.0,1.5396,1.8041,12,0.3766666666666667,188.70726205974898,397.1914,585.8987,491.5451,0.125,5.1781,0.7147,12,0.3766666666666667
200.64499349890397,385.296,585.8546,485.5753,0.05,1.9374,0.7746,13,0.755,200.51331648746353,385.5696,586.0909,485.8303,0.0083,2.0623,0.8096,13,0.755,201.68487823778617,384.8249,586.5913,485.7081,0.0833,1.4463,0.8734,13,0.755,202.40548987806213,384.885,587.5122,486.1986,0.0,1.5262,1.8113,13,0.755,184.03140661564564,401.8232,585.8546,493.8389,0.1167,2.4561,0.7746,13,0.755
200.03753468201066,385.9249,585.9908,485.9578,0.0417,2.8469,0.641,14,0.7683333333333334,200.3559299203997,385.9249,586.3197,486.1223,0.0,2.8469,0.8196,14,0.7683333333333334,200.78269165976897,385.0817,585.8329,485.4573,0.1,1.7799,0.6237,14,0.7683333333333334,202.19064568880293,385.0817,587.5163,486.299,0.0,1.7799,1.7959,14,0.7683333333333334,183.7476108705874,402.2432,585.9908,494.117,0.125,2.857,0.641,14,0.7683333333333334
200.33556955627304,385.696,586.0316,485.8638,0.0833,2.0545,0.6125,15,0.7766666666666667,200.55974981838503,385.7904,586.4042,486.0973,0.0,2.6775,0.8604,15,0.7766666666666667,200.8001523422676,385.0679,585.8254,485.4466,0.1,1.8666,0.5986,15,0.7766666666666667,202.17390975981942,385.0679,587.4757,486.2718,0.0,1.8666,1.7846,15,0.7766666666666667,184.3568652731806,401.6747,586.0316,493.8532,0.1167,2.7825,0.6125,15,0.7766666666666667
200.38257545431355,385.6522,586.0348,485.8435,0.0833,2.1658,0.6231,16,0.7933333333333333,200.59890930597246,385.7503,586.4051,486.0777,0.0,2.6112,0.8471,16,0.7933333333333333,200.91185957525693,384.9192,585.8266,485.3729,0.1083,1.7489,0.5917,16,0.7933333333333333,202.21727674491387,385.0604,587.5289,486.2946,0.0,1.6895,1.7887,16,0.7933333333333333,183.96514415452006,402.0696,586.0348,494.0522,0.1333,2.6682,0.6231,16,0.7933333333333333
200.70457187642336,385.3399,585.7449,485.5424,0.075,1.8529,0.6469,17,0.81,200.6911239854858,385.6171,586.3874,486.0022,0.0,2.1451,0.8932,17,0.81,201.68562341883947,384.9983,586.8002,485.8992,0.075,1.4589,1.071,17,0.81,202.55182285543896,384.9173,587.655,486.2861,0.0,1.4011,1.9039,17,0.81,186.1033390087682,399.6415,585.7449,492.6932,0.1167,3.7879,0.6469,17,0.81
199.70381504452402,386.0299,585.7448,485.8873,0.0917,1.1612,0.6647,18,0.8433333333333334,200.6929660860096,385.6155,586.3909,486.0032,0.0,2.1527,0.9116,18,0.8433333333333334,201.68209505473328,385.0128,586.8002,485.9065,0.075,1.4798,1.071,18,0.8433333333333334,202.54615318238058,384.9148,587.655,486.2849,0.0,1.3823,1.9039,18,0.8433333333333334,186.10161062167407,399.6432,585.7448,492.694,0.1167,3.789,0.6647,18,0.8433333333333334
200.7245174991738,385.3743,585.7496,485.5619,0.075,1.6464,0.6943,19,0.8766666666666667,200.71565851103497,385.6313,586.3982,486.0147,0.0,2.0618,0.8788,19,0.8766666666666667,201.68945360465852,385.0049,586.8063,485.9056,0.075,1.4316,1.0227,19,0.8766666666666667,202.55344837239056,384.9096,587.6586,486.2841,0.0,1.431,1.928,19,0.8766666666666667,185.44701751226444,400.3026,585.7496,493.0261,0.1,3.7353,0.6943,19,0.8766666666666667
200.82105785256056,385.2601,585.7573,485.5087,0.0667,1.6746,0.7232,20,0.91,200.5484865522372,385.5657,586.1486,485.8572,0.0,2.1734,0.9023,20,0.91,201.6173069509502,385.0419,586.6873,485.8646,0.0917,1.3824,0.8495,20,0.91,202.56103345550568,384.8996,587.659,486.2793,0.0,1.4168,1.9245,20,0.91,184.77680506100768,400.9805,585.7573,493.3689,0.1083,3.362,0.7232,20,0.91
200.81056892827317,385.2631,585.7568,485.5099,0.0667,1.7107,0.7091,21,0.9433333333333334,200.54425603020118,385.5644,586.147,485.8557,0.0,2.1534,0.8881,21,0.9433333333333334,201.1905970717905,385.0419,586.2325,485.6372,0.1167,1.3824,0.7576,21,0.9433333333333334,202.6178967978885,384.8996,587.7074,486.3035,0.0,1.4168,1.9681,21,0.9433333333333334,184.7891244539313,400.9677,585.7568,493.3623,0.1083,3.3548,0.7091,21,0.9433333333333334
200.70147588863276,385.3878,585.7561,485.572,0.075,1.715,0.7127,22,0.9766666666666667,200.48929454410964,385.5973,586.1442,485.8707,0.0,2.1055,0.8895,22,0.9766666666666667,201.1918660851789,385.0404,586.2323,485.6363,0.1167,1.3829,0.7587,22,0.9766666666666667,202.61875350215192,384.8994,587.7073,486.3033,0.0,1.4167,1.9667,22,0.9766666666666667,184.72348210256635,401.0326,585.7561,493.3944,0.1083,3.2135,0.7127,22,0.9766666666666667
200.70141298824913,385.3878,585.7559,485.5719,0.075,1.715,0.7127,23,1.0116666666666667,200.48956315192723,385.5973,586.1447,485.871,0.0,2.1055,0.8897,23,1.0116666666666667,201.1918660851789,385.0404,586.2323,485.6363,0.1167,1.3829,0.7587,23,1.0116666666666667,202.61875350215192,384.8994,587.7073,486.3033,0.0,1.4167,1.9667,23,1.0116666666666667,184.72718019171083,401.0287,585.7559,493.3923,0.1083,3.2198,0.7127,23,1.0116666666666667
200.69566906072026,385.391,585.756,485.5735,0.075,1.7176,0.7093,24,1.0433333333333334,200.48490141674725,385.5998,586.1432,485.8715,0.0,2.1075,0.8856,24,1.0433333333333334,201.18834712493927,385.0437,586.232,485.6379,0.1167,1.3796,0.76,24,1.0433333333333334,202.61554773274017,384.9015,587.7063,486.3039,0.0,1.4191,1.9642,24,1.0433333333333334,184.7309513539614,401.025,585.756,493.3905,0.1083,3.2917,0.7093,24,1.0433333333333334
200.78899231906868,385.3144,585.7552,485.5348,0.075,1.6496,0.7097,25,1.0766666666666667,200.54641262728737,385.5596,586.1425,485.851,0.0,2.1649,0.8853,25,1.0766666666666667,201.19558783306752,385.0364,586.232,485.6342,0.1167,1.3848,0.76,25,1.0766666666666667,202.62044107289708,384.8977,587.7063,486.302,0.0,1.4157,1.9642,25,1.0766666666666667,184.80349953770786,400.9517,585.7552,493.3535,0.1083,3.4608,0.7097,25,1.0766666666666667
200.78837323897514,385.4265,586.0362,485.7313,0.05,1.8621,0.8276,26,1.1133333333333335,200.7317143583133,385.4891,586.2546,485.8719,0.0,1.8923,0.8813,26,1.1133333333333335,200.77758189546608,385.0711,585.8787,485.4749,0.1083,1.4215,0.7599,26,1.1133333333333335,202.3409573696967,385.0251,587.5812,486.3032,0.0,1.3344,1.6366,26,1.1133333333333335,183.89455345740288,402.1416,586.0362,494.0889,0.1333,3.0406,0.8276,26,1.1133333333333335
200.5860970576641,385.5122,585.9204,485.7163,0.0333,2.059,0.7904,27,1.1433333333333333,200.63863559768802,385.4022,585.9311,485.6666,0.0083,1.9489,0.764,27,1.1433333333333333,200.88433800962403,385.0806,585.965,485.5228,0.1,1.4337,0.7199,27,1.1433333333333333,202.34895184842722,385.0333,587.5902,486.3117,0.0,1.3448,1.69,27,1.1433333333333333,182.46713696808317,403.3389,585.806,494.5725,0.1417,2.3984,0.6948,27,1.1433333333333333
200.9728751286789,385.1648,585.8828,485.5238,0.0583,2.0003,0.7555,28,1.1783333333333335,200.89161878128047,385.3314,586.2674,485.7994,0.0,2.0822,0.8829,28,1.1783333333333335,200.8281740015098,385.0889,585.934,485.5114,0.1,1.4144,0.7103,28,1.1783333333333335,202.31894334362812,385.0409,587.5602,486.3006,0.0,1.3523,1.701,28,1.1783333333333335,182.6658464293276,403.2169,585.8828,494.5498,0.1417,2.6095,0.7555,28,1.1783333333333335
201.13038255697148,385.0277,586.1517,485.5897,0.05,1.3592,0.8755,29,1.2116666666666667,201.23131905352847,385.0764,586.3435,485.7099,0.0083,1.4905,0.9095,29,1.2116666666666667,200.79127202393335,385.1151,585.9262,485.5207,0.0917,1.3239,0.7251,29,1.2116666666666667,202.30231221095534,385.1151,587.5343,486.3247,0.0,1.3239,1.699,29,1.2116666666666667,185.6875840448567,400.4641,586.1517,493.3079,0.1083,3.7361,0.8755,29,1.2116666666666667
201.1739586748793,384.8414,585.9293,485.3853,0.075,1.2148,0.7329,30,1.2433333333333334,201.2822984222115,384.981,586.2581,485.6195,0.0083,1.4191,0.947,30,1.2433333333333334,200.9067915836713,385.0063,585.9256,485.466,0.0917,1.4658,0.7318,30,1.2433333333333334,202.36989639096612,385.0063,587.5296,486.2679,0.0,1.4658,1.6511,30,1.2433333333333334,190.89697179346695,395.0323,585.9293,490.4808,0.1583,3.6747,0.7329,30,1.2433333333333334
201.29266122622434,384.8192,586.073,485.4461,0.0583,1.1773,0.8257,31,1.28,200.99857592897342,385.2538,586.25,485.7519,0.0083,1.4444,0.8559,31,1.28,201.0084814601536,384.8543,585.8627,485.3585,0.0917,1.4091,0.7371,31,1.28,202.39755144443046,384.8543,587.4616,486.1579,0.0,1.4091,1.6071,31,1.28,189.13116081801056,396.9418,586.073,491.5074,0.075,4.9221,0.8257,31,1.28
201.32775961117508,384.7077,585.951,485.3293,0.0667,1.4337,0.7147,32,1.31,200.88433080602977,385.36,586.2463,485.8032,0.0083,1.473,0.8499,32,1.31,201.00745560589482,384.8523,585.8598,485.3561,0.0917,1.4364,0.7349,32,1.31,202.40002675853148,384.8523,587.4626,486.1575,0.0,1.4364,1.5969,32,1.31,192.70352628629897,393.2475,585.951,489.5992,0.15,3.7319,0.7147,32,1.31
201.4557041553236,384.6139,586.0702,485.3421,0.075,1.0467,0.7877,33,1.3433333333333335,200.9668713588815,385.2747,586.2453,485.76,0.0083,1.2014,0.8374,33,1.3433333333333335,201.0353229927048,384.823,585.8583,485.3407,0.0917,1.368,0.7348,33,1.3433333333333335,202.4249284149211,384.823,587.4595,486.1412,0.0,1.368,1.5886,33,1.3433333333333335,192.31502002405077,393.7551,586.0702,489.9126,0.1333,3.5218,0.7877,33,1.3433333333333335
201.35969775161604,384.6847,586.0643,485.3745,0.0667,1.1764,0.8003,34,1.3833333333333335,200.96507168322373,385.2735,586.2437,485.7586,0.0083,1.3619,0.9568,34,1.3833333333333335,201.00345877730928,384.8496,585.8531,485.3513,0.0917,1.3541,0.6938,34,1.3833333333333335,202.40815204885882,384.8496,587.4575,486.1536,0.0,1.3541,1.5951,34,1.3833333333333335,191.68446565685903,394.3799,586.0643,490.2221,0.1417,3.7641,0.8003,34,1.3833333333333335
201.43953658105818,384.5784,586.0541,485.3163,0.075,0.9887,0.7403,35,1.4100000000000001,200.9485069635856,385.244,586.2015,485.7228,0.0083,1.3486,0.9179,35,1.4100000000000001,200.9991863584634,384.8546,585.8538,485.3542,0.0917,1.3526,0.6892,35,1.4100000000000001,202.37035541163448,384.8546,587.4266,486.1406,0.0,1.3526,1.5774,35,1.4100000000000001,191.6876403351533,394.3689,586.0541,490.2115,0.1417,3.848,0.7403,35,1.4100000000000001
201.30118801642797,384.6973,585.9988,485.3481,0.0833,1.5396,0.9178,36,1.4466666666666668,200.53236462530464,385.5601,586.1656,485.8628,0.0167,1.9335,1.0109,36,1.4466666666666668,201.434479136331,384.697,585.965,485.331,0.0833,1.5804,0.6469,36,1.4466666666666668,202.59920033358648,384.697,587.455,486.076,0.0,1.5804,1.6708,36,1.4466666666666668,185.1259600004918,400.9596,585.9988,493.4792,0.1083,3.8086,0.9178,36,1.4466666666666668
201.29362127382484,384.6857,585.9911,485.3384,0.075,1.5624,0.9785,37,1.485,200.54211523076762,385.5508,586.1677,485.8592,0.0167,2.037,1.0255,37,1.485,201.43329771485836,384.7008,585.9644,485.3326,0.0833,1.5852,0.6748,37,1.485,202.60109681613497,384.7008,587.4566,486.0787,0.0,1.5852,1.661,37,1.485,185.0591578088075,400.971,585.9911,493.4811,0.1,3.8142,0.9785,37,1.485
201.13330794670208,384.8929,586.0432,485.468,0.0667,1.9751,0.9565,38,1.5266666666666668,200.7544580170235,385.5094,586.3034,485.9064,0.025,1.7655,1.1121,38,1.5266666666666668,201.43881985045107,384.7063,585.9688,485.3375,0.0833,1.6373,0.6763,38,1.5266666666666668,202.59677921889534,384.7063,587.4584,486.0823,0.0,1.6373,1.656,38,1.5266666666666668,183.57042184162285,402.4728,586.0432,494.258,0.1333,2.2903,0.9565,38,1.5266666666666668
201.13431952472882,384.8933,586.0355,485.4644,0.0667,1.878,0.9583,39,1.5433333333333334,200.75296314775352,385.5102,586.3107,485.9104,0.025,1.8154,1.1073,39,1.5433333333333334,201.43745384619973,384.7064,585.9693,485.3378,0.0833,1.6214,0.6729,39,1.5433333333333334,202.59583886836705,384.7064,587.4606,486.0835,0.0,1.6214,1.6557,39,1.5433333333333334,183.1671982038338,402.8683,586.0355,494.4519,0.1167,2.313,0.9583,39,1.5433333333333334
201.13651991943684,384.8914,586.0389,485.4651,0.0667,1.9091,0.9693,40,1.5866666666666667,200.7528721753417,385.5122,586.3098,485.911,0.025,1.7713,1.1083,40,1.5866666666666667,201.44422978783078,384.704,585.9697,485.3369,0.0833,1.5499,0.6692,40,1.5866666666666667,202.599147062516,384.704,587.46,486.082,0.0,1.5499,1.6559,40,1.5866666666666667,183.15001497810206,402.8888,586.0389,494.4638,0.1083,2.6005,0.9693,40,1.5866666666666667
201.11134917974613,384.9116,586.0368,485.4742,0.0667,1.9746,0.9584,41,1.61,200.73490738414083,385.5325,586.3151,485.9238,0.025,1.9189,1.0882,41,1.61,201.3856492394796,384.7174,585.9706,485.344,0.0833,1.3715,0.6542,41,1.61,202.5732369210673,384.7174,587.4651,486.0912,0.0,1.3715,1.6585,41,1.61,184.20277989336554,401.834,586.0368,493.9354,0.1,2.793,0.9584,41,1.61
201.12257782960313,384.9049,586.049,485.4769,0.0667,1.9232,0.9595,42,1.6433333333333335,200.7374443331126,385.5436,586.3255,485.9345,0.025,1.7962,1.0985,42,1.6433333333333335,201.39884466429066,384.7193,585.9779,485.3486,0.0833,1.3561,0.6499,42,1.6433333333333335,202.57451643306365,384.7193,587.4671,486.0932,0.0,1.3561,1.683,42,1.6433333333333335,183.84505625273243,402.2039,586.049,494.1264,0.1,2.4086,0.9595,42,1.6433333333333335
201.17960675203062,384.7678,585.8057,485.2868,0.0833,1.656,0.8391,43,1.6900000000000002,200.6721831832478,385.5462,586.2765,485.9113,0.025,1.8332,1.12,43,1.6900000000000002,201.39114619850417,384.7203,585.9774,485.3488,0.0833,1.3703,0.6498,43,1.6900000000000002,202.56892781770935,384.7203,587.465,486.0926,0.0,1.3703,1.6826,43,1.6900000000000002,183.98218651849047,401.8236,585.8057,493.8146,0.1083,2.7749,0.8391,43,1.6900000000000002
201.0272851869273,384.9107,585.8009,485.3558,0.075,1.9301,0.7844,44,1.7100000000000002,200.5048558299357,385.5519,586.1455,485.8487,0.025,1.8377,0.972,44,1.7100000000000002,201.38487940196953,384.7286,585.9734,485.351,0.075,1.368,0.6082,44,1.7100000000000002,202.4073307521176,384.7286,587.3215,486.0251,0.0,1.368,1.5446,44,1.7100000000000002,184.14419753886057,401.6567,585.8009,493.7288,0.1167,2.7366,0.7844,44,1.7100000000000002
201.35189476021327,384.5996,585.7964,485.198,0.075,1.6094,0.7236,45,1.7433333333333334,200.65449123873557,385.4234,586.1542,485.7888,0.025,1.6736,0.9226,45,1.7433333333333334,201.39846126105607,384.7629,585.9761,485.3695,0.075,1.2977,0.5826,45,1.7433333333333334,202.4175144957986,384.7629,587.3235,486.0432,0.0,1.2977,1.5859,45,1.7433333333333334,184.2000140505611,401.5963,585.7964,493.6963,0.1083,3.3899,0.7236,45,1.7433333333333334
200.79746771722222,385.1856,585.7758,485.4807,0.0833,1.7888,0.6553,46,1.7916666666666667,200.62171484943406,385.5433,586.0884,485.8158,0.0167,1.7998,0.9052,46,1.7916666666666667,200.75440387035803,385.0715,585.8327,485.4521,0.1167,1.1869,0.6897,46,1.7916666666666667,202.1191057634963,384.9609,587.2667,486.1138,0.0,1.4918,1.5029,46,1.7916666666666667,187.73560771653007,398.0402,585.7758,491.908,0.1167,4.9768,0.6553,46,1.7916666666666667
200.8052403342594,385.1852,585.7816,485.4834,0.0833,1.7519,0.6504,47,1.8116666666666668,200.62824756755074,385.5428,586.0945,485.8186,0.0167,1.7615,0.8962,47,1.8116666666666668,200.76014594346566,385.0658,585.8327,485.4492,0.1167,1.1855,0.6897,47,1.8116666666666668,202.12141861962547,384.9548,587.2667,486.1108,0.0,1.5033,1.5029,47,1.8116666666666668,188.51476111332008,397.2669,585.7816,491.5242,0.1083,5.5314,0.6504,47,1.8116666666666668
200.83223644420178,385.1903,585.8216,485.5059,0.0667,1.7681,0.7061,48,1.8433333333333335,200.55518749417035,385.5442,585.9308,485.7375,0.0167,1.8096,0.8883,48,1.8433333333333335,200.8129966650429,385.013,585.8332,485.4231,0.1167,1.2304,0.6862,48,1.8433333333333335,202.1463948148525,384.9223,587.2711,486.0967,0.0,1.4141,1.4991,48,1.8433333333333335,186.4067324245437,399.4148,585.8216,492.6182,0.1083,3.5227,0.7061,48,1.8433333333333335
200.7733906020327,385.0727,585.7288,485.4007,0.0917,1.7465,0.6174,49,1.8766666666666667,200.15475137905077,385.9906,586.0834,486.037,0.0167,2.0761,0.8679,49,1.8766666666666667,200.82767325569935,384.9916,585.8312,485.4114,0.125,1.2669,0.7135,49,1.8766666666666667,202.24612023106658,384.91,587.3864,486.1482,0.0,1.4039,1.5723,49,1.8766666666666667,185.54380775385832,400.185,585.7288,492.9569,0.125,3.9287,0.6174,49,1.8766666666666667
199.91331337384761,385.9227,585.836,485.8793,0.0917,1.9299,0.7802,50,1.9116666666666668,200.45649536620397,385.6494,585.9448,485.7971,0.0,2.0066,0.8841,50,1.9116666666666668,201.00741575832532,384.8998,585.8358,485.3678,0.0917,1.5506,0.6885,50,1.9116666666666668,202.26799416695872,384.8998,587.3911,486.1455,0.0,1.5506,1.5702,50,1.9116666666666668,189.58651193517687,396.2495,585.836,491.0427,0.1333,5.9043,0.7802,50,1.9116666666666668
200.47434802221946,385.1244,585.5988,485.3616,0.0833,1.6229,0.5488,51,1.9433333333333334,200.66293699517215,385.5178,586.1279,485.8229,0.0,1.9963,0.8654,51,1.9433333333333334,201.02994806175022,384.9074,585.8632,485.3853,0.0917,1.5572,0.6954,51,1.9433333333333334,202.2860555925662,384.9074,587.4136,486.1605,0.0,1.5572,1.5182,51,1.9433333333333334,184.4576657371328,401.1411,585.5988,493.37,0.1,3.2417,0.5488,51,1.9433333333333334
200.66402039789003,385.1987,585.8628,485.5307,0.1083,1.5239,0.5931,52,1.9766666666666668,200.64047358184257,385.5552,586.1311,485.8432,0.0,1.8838,0.8621,52,1.9766666666666668,200.90583884589412,384.9589,585.8647,485.4118,0.1167,1.3633,0.6865,52,1.9766666666666668,202.27773414981624,384.9136,587.4149,486.1642,0.0,1.4828,1.52,52,1.9766666666666668,185.00115088222574,400.8616,585.8628,493.3622,0.1333,3.0468,0.5931,52,1.9766666666666668
199.809597357676,385.776,585.5856,485.6808,0.075,2.2618,0.5812,53,2.0116666666666667,200.46995190357188,385.6701,585.9651,485.8176,0.0,1.8753,0.8178,53,2.0116666666666667,201.27426792295952,384.9702,586.2444,485.6073,0.1083,1.2869,0.7218,53,2.0116666666666667,202.27100467278032,384.9238,587.4191,486.1714,0.0,1.4822,1.5356,53,2.0116666666666667,184.7661392437894,400.8195,585.5856,493.2026,0.125,3.2495,0.5812,53,2.0116666666666667
200.38582312927258,385.2007,585.5865,485.3936,0.0917,1.5225,0.5793,54,2.0433333333333334,200.57163598936398,385.5572,585.9658,485.7615,0.0,1.8843,0.8005,54,2.0433333333333334,201.42122485894018,384.9089,586.2565,485.5827,0.075,1.5562,0.7229,54,2.0433333333333334,202.2931002466007,384.9089,587.4252,486.167,0.0,1.5562,1.4949,54,2.0433333333333334,185.38262466284058,400.2039,585.5865,492.8952,0.125,3.9367,0.5793,54,2.0433333333333334
199.94574406783966,385.7382,585.6839,485.7111,0.0583,2.4786,0.681,55,2.0766666666666667,200.43511912467864,385.7246,585.9736,485.8491,0.0,1.867,0.8213,55,2.0766666666666667,201.36279070422893,384.9188,586.2568,485.5878,0.075,1.563,0.6086,55,2.0766666666666667,202.26444956625903,384.9188,587.4236,486.1712,0.0,1.563,1.4915,55,2.0766666666666667,184.93555487737933,400.7484,585.6839,493.2162,0.1167,3.168,0.681,55,2.0766666666666667
200.8195911173611,385.1367,585.7724,485.4545,0.0583,1.3706,0.8091,56,2.111666666666667,200.8676440756548,385.427,586.3481,485.8876,0.0083,1.58,0.995,56,2.111666666666667,201.64265967246658,384.9341,586.7462,485.8402,0.0667,1.2619,0.857,56,2.111666666666667,202.55769135220572,384.9341,587.7545,486.3443,0.0,1.2619,1.8435,56,2.111666666666667,182.91659331216619,402.8558,585.7724,494.3141,0.0917,2.474,0.8091,56,2.111666666666667
201.1209269741304,384.9616,585.7928,485.3772,0.0583,1.1726,0.8223,57,2.1433333333333335,201.07174028496013,385.3603,586.4622,485.9112,0.0083,1.414,1.2897,57,2.1433333333333335,201.67890382430878,384.9319,586.788,485.8599,0.075,1.2785,0.8517,57,2.1433333333333335,202.547883856901,384.9319,587.7441,486.338,0.0,1.2785,1.8117,57,2.1433333333333335,181.69822309230977,404.0946,585.7928,494.9437,0.1583,1.7591,0.8223,57,2.1433333333333335
201.13554698061222,384.9298,585.7907,485.3602,0.0583,1.2213,0.8222,58,2.1766666666666667,201.12309550254653,385.3205,586.4592,485.8898,0.0083,1.419,1.3226,58,2.1766666666666667,201.68669310502406,384.93,586.7885,485.8592,0.075,1.257,0.852,58,2.1766666666666667,202.56588790432573,384.93,587.7445,486.3372,0.0,1.257,1.8121,58,2.1766666666666667,182.34719419327445,403.4435,585.7907,494.6171,0.0917,2.5734,0.8222,58,2.1766666666666667
201.0967202928762,384.9328,585.788,485.3604,0.075,1.1395,0.8202,59,2.211666666666667,201.12279196368402,385.3191,586.4576,485.8884,0.0083,1.402,1.2974,59,2.211666666666667,201.68917685603728,384.9257,586.7879,485.8568,0.075,1.2783,0.8517,59,2.211666666666667,202.58581911884008,384.9257,587.7576,486.3416,0.0,1.2783,1.8147,59,2.211666666666667,181.73725750174273,404.0508,585.788,494.9194,0.1333,2.1839,0.8202,59,2.211666666666667
200.94844531833834,385.0893,585.7891,485.4392,0.05,1.3533,0.8204,60,2.2433333333333336,201.09512141794534,385.3485,586.4597,485.9041,0.0083,1.5031,1.3082,60,2.2433333333333336,201.6870269510299,384.9301,586.7888,485.8595,0.075,1.3147,0.8517,60,2.2433333333333336,202.5875915059295,384.9301,587.7583,486.3442,0.0,1.3147,1.8146,60,2.2433333333333336,182.7315824492463,403.0575,585.7891,494.4233,0.0917,2.6236,0.8204,60,2.2433333333333336
200.94656205547832,385.0858,585.7878,485.4368,0.05,1.4049,0.8222,61,2.276666666666667,201.09104116858288,385.3513,586.4579,485.9046,0.0083,1.5301,1.3016,61,2.276666666666667,201.68969731327059,384.9292,586.7905,485.8598,0.075,1.3484,0.8497,61,2.276666666666667,202.5827910188636,384.9292,587.7593,486.3442,0.0,1.3484,1.7595,61,2.276666666666667,182.7263142001461,403.0615,585.7878,494.4246,0.0917,2.623,0.8222,61,2.276666666666667
200.80393563349995,385.08,585.6413,485.3607,0.075,1.3878,0.6576,62,2.31,201.04404147012673,385.3692,586.43,485.8996,0.0083,1.5583,1.2662,62,2.31,201.51747097709216,384.9245,586.404,485.6642,0.0833,1.3679,0.6304,62,2.31,202.55384856161513,384.9245,587.7424,486.3334,0.0,1.3679,1.754,62,2.31,182.24301712885875,403.3983,585.6413,494.5198,0.1083,2.3995,0.6576,62,2.31
200.8985701525816,385.0287,585.528,485.2783,0.075,1.6213,0.6071,63,2.3433333333333333,201.00080356928325,385.4066,586.4264,485.9165,0.0083,1.6447,1.2903,63,2.3433333333333333,201.50967867096062,384.9329,586.402,485.6675,0.0833,1.3504,0.6351,63,2.3433333333333333,202.5431548290703,384.9329,587.7399,486.3364,0.0,1.3504,1.8068,63,2.3433333333333333,182.5701489964919,402.9578,585.528,494.2429,0.1,2.7492,0.6071,63,2.3433333333333333
200.78293558471742,385.0979,585.6294,485.3636,0.075,1.3788,0.6511,64,2.376666666666667,201.0276470236837,385.3888,586.4338,485.9113,0.0083,1.6838,1.2752,64,2.376666666666667,201.5076641738138,384.942,586.4051,485.6736,0.0833,1.3098,0.6359,64,2.376666666666667,202.55349509625844,384.942,587.7479,486.345,0.0,1.3098,1.8083,64,2.376666666666667,182.66387066140845,402.9655,585.6294,494.2974,0.0917,2.7491,0.6511,64,2.376666666666667
200.97557025171858,384.9956,585.6376,485.3166,0.0667,1.5379,0.7061,65,2.4116666666666666,201.04562540483977,385.376,586.439,485.9075,0.0083,1.7063,1.2694,65,2.4116666666666666,201.50736679235914,384.9424,586.4051,485.6738,0.0833,1.3051,0.6359,65,2.4116666666666666,202.5511707902794,384.9424,587.7465,486.3444,0.0,1.3051,1.808,65,2.4116666666666666,182.7876622907553,402.8499,585.6376,494.2438,0.1,2.7947,0.7061,65,2.4116666666666666
201.0278021110992,385.1008,586.1251,485.6129,0.0833,1.8463,0.5646,66,2.4466666666666668,200.45708272007423,385.5629,585.8281,485.6955,0.0083,1.8348,0.7086,66,2.4466666666666668,201.17362467627257,384.9844,586.0732,485.5288,0.0917,1.5095,0.7398,66,2.4466666666666668,202.34920342646495,384.9844,587.5707,486.2776,0.0,1.5095,1.6543,66,2.4466666666666668,184.7065231461933,400.9774,585.6839,493.3306,0.1333,3.8221,0.7132,66,2.4466666666666668
200.9525673726382,385.1042,586.0835,485.5939,0.075,1.6522,0.5497,67,2.476666666666667,200.33510830403807,385.5685,585.6526,485.6106,0.0083,1.7604,0.7197,67,2.476666666666667,201.17574371810102,384.9851,586.0716,485.5283,0.0917,1.5437,0.7409,67,2.476666666666667,202.35025631029927,384.9851,587.5707,486.2779,0.0,1.5437,1.6614,67,2.476666666666667,182.87278489506443,402.9371,585.8099,494.3735,0.1333,2.3456,0.6408,67,2.476666666666667
200.85150382933838,385.1522,585.6405,485.3964,0.0667,1.9457,0.678,68,2.526666666666667,200.37612984962914,385.6223,585.7197,485.671,0.0083,1.7314,0.729,68,2.526666666666667,201.16311501883675,384.9851,586.073,485.529,0.0917,1.5592,0.7659,68,2.526666666666667,202.3462131410355,384.9851,587.5734,486.2792,0.0,1.5592,1.657,68,2.526666666666667,182.4502606690759,403.2,585.6503,494.4251,0.15,2.1151,0.6496,68,2.526666666666667
200.94650707787926,385.1082,586.079,485.5936,0.0583,1.5447,0.5441,69,2.5433333333333334,200.66014415971705,385.4253,585.8266,485.626,0.0083,1.7121,0.6629,69,2.5433333333333334,201.30628719880627,384.9783,586.1866,485.5825,0.0833,1.565,0.7452,69,2.5433333333333334,202.36229057022248,384.9783,587.5711,486.2747,0.0,1.565,1.6748,69,2.5433333333333334,182.9426016820053,403.0836,586.0262,494.5549,0.1083,2.4994,0.6759,69,2.5433333333333334
200.9922100703454,385.1043,586.1133,485.6088,0.0667,1.6299,0.5395,70,2.5766666666666667,200.75304801948946,385.4226,585.9993,485.711,0.0083,1.755,0.6634,70,2.5766666666666667,201.31392179330777,384.9785,586.1909,485.5847,0.0833,1.5936,0.7434,70,2.5766666666666667,202.36272945901453,384.9785,587.5715,486.275,0.0,1.5936,1.6755,70,2.5766666666666667,183.12797272030787,402.9719,586.0998,494.5359,0.1167,2.5983,0.6126,70,2.5766666666666667
200.94457034985805,385.1043,586.0685,485.5864,0.0583,1.5399,0.5954,71,2.611666666666667,200.66111109125384,385.4224,585.8152,485.6188,0.0083,1.7381,0.716,71,2.611666666666667,201.31382375532704,384.977,586.1867,485.5819,0.0833,1.6076,0.7444,71,2.611666666666667,202.36605638754241,384.977,587.5718,486.2744,0.0,1.6076,1.6756,71,2.611666666666667,182.91156247067474,403.103,586.0145,494.5588,0.1,2.4864,0.6623,71,2.611666666666667
201.07849101133817,385.0958,585.8182,485.457,0.0333,1.5244,0.637,72,2.6433333333333335,200.73603104047785,385.4136,585.9053,485.6595,0.0083,1.728,0.6894,72,2.6433333333333335,201.2051741324136,384.9758,586.0786,485.5272,0.0917,1.6083,0.7365,72,2.6433333333333335,202.36539800968006,384.9758,587.5719,486.2738,0.0,1.6083,1.6738,72,2.6433333333333335,182.77758595833356,402.9746,585.7522,494.3634,0.1167,2.5972,0.6703,72,2.6433333333333335
200.99865951078357,385.0848,586.1027,485.5938,0.0583,1.6765,0.5559,73,2.6766666666666667,200.77428100495933,385.4048,585.9993,485.702,0.0083,1.7231,0.6724,73,2.6766666666666667,201.3170694266233,384.9666,586.1856,485.5761,0.0833,1.6485,0.7062,73,2.6766666666666667,202.36647579705019,384.9666,587.5631,486.2648,0.0,1.6485,1.6083,73,2.6766666666666667,183.26501976746965,403.0836,586.1558,494.6197,0.15,2.5437,0.6361,73,2.6766666666666667
200.23453991250543,385.7129,586.015,485.864,0.0917,1.3554,0.6416,74,2.7133333333333334,200.74040948689023,385.5712,586.3507,485.961,0.0083,1.7988,0.7368,74,2.7133333333333334,201.30525237511966,384.9739,586.189,485.5815,0.0833,1.6356,0.7083,74,2.7133333333333334,202.35159793140303,384.9739,587.5575,486.2657,0.0,1.6356,1.6044,74,2.7133333333333334,183.49195655994436,402.6272,586.0986,494.3629,0.15,2.755,0.5809,74,2.7133333333333334
200.13363630207402,385.7952,586.0078,485.9015,0.1,1.3403,0.6636,75,2.7433333333333336,200.71919093573757,385.5922,586.3503,485.9712,0.0083,1.728,0.7312,75,2.7433333333333336,201.29932653167472,384.9833,586.1848,485.584,0.0833,1.6338,0.7066,75,2.7433333333333336,202.34489686501936,384.9833,587.5566,486.27,0.0,1.6338,1.6098,75,2.7433333333333336,183.0801200856787,403.0299,586.0948,494.5624,0.1333,2.479,0.5875,75,2.7433333333333336
200.93020923613747,385.2317,585.8052,485.5184,0.075,1.7972,0.6763,76,2.7800000000000002,200.97445505900626,385.7365,586.7207,486.2286,0.0083,2.2034,1.2406,76,2.7800000000000002,201.1429065608369,385.0991,586.2421,485.6706,0.1083,1.3519,0.7318,76,2.7800000000000002,202.3216287028173,385.0268,587.5986,486.3127,0.0,1.3516,1.6147,76,2.7800000000000002,182.52368748496056,403.2815,585.8052,494.5433,0.15,2.3434,0.6763,76,2.7800000000000002
200.886897474075,385.2563,585.7568,485.5065,0.0833,1.8409,0.699,77,2.8150000000000004,200.9799060311669,385.7103,586.6902,486.2003,0.0083,2.1852,1.0661,77,2.8150000000000004,201.1433671047029,385.1061,586.2495,485.6778,0.1083,1.357,0.7312,77,2.8150000000000004,202.32197555278987,385.0277,587.6007,486.3142,0.0,1.3481,1.64,77,2.8150000000000004,182.8351607745905,402.9216,585.7568,494.3392,0.15,2.3346,0.699,77,2.8150000000000004
200.94555277534565,385.2491,585.8201,485.5346,0.075,1.8559,0.7455,78,2.843333333333334,200.83968598122763,385.7006,586.5482,486.1244,0.0083,2.1317,1.0475,78,2.843333333333334,201.1359445057592,385.1152,586.2512,485.6832,0.1083,1.3396,0.7309,78,2.843333333333334,202.3146016662111,385.0321,587.5999,486.316,0.0,1.3813,1.6409,78,2.843333333333334,182.54682128810515,403.2732,585.8201,494.5466,0.1417,2.3899,0.7455,78,2.843333333333334
200.87940925040834,385.2677,585.8041,485.5359,0.0667,1.8674,0.7599,79,2.876666666666667,200.77646988010773,385.7721,586.5417,486.1569,0.0083,2.1745,1.0815,79,2.876666666666667,201.12486386559354,385.1232,586.2481,485.6856,0.1083,1.3412,0.7238,79,2.876666666666667,202.3080598466565,385.0335,587.5971,486.3153,0.0,1.3825,1.6502,79,2.876666666666667,182.84010804116994,402.964,585.8041,494.384,0.1417,2.3659,0.7599,79,2.876666666666667
200.9297162201777,385.2493,585.8016,485.5255,0.075,1.8032,0.7943,80,2.9183333333333334,200.82478596564397,385.7051,586.5396,486.1223,0.0083,2.1501,1.0903,80,2.9183333333333334,201.11931456394942,385.1243,586.2436,485.6839,0.1083,1.3418,0.7246,80,2.9183333333333334,202.30694213232155,385.0337,587.5967,486.3152,0.0,1.3819,1.6493,80,2.9183333333333334,182.7932038820156,403.0084,585.8016,494.405,0.1333,2.5819,0.7943,80,2.9183333333333334
200.9367869888957,385.2427,585.8078,485.5253,0.075,1.7486,0.7941,81,2.9433333333333334,200.8351491696701,385.6986,586.5432,486.1209,0.0083,1.9619,1.0933,81,2.9433333333333334,201.11482365341263,385.129,586.2439,485.6864,0.1083,1.3771,0.7247,81,2.9433333333333334,202.3066346867873,385.0336,587.5995,486.3165,0.0,1.3785,1.6523,81,2.9433333333333334,182.87941781862324,402.9284,585.8078,494.3681,0.1167,2.5263,0.7941,81,2.9433333333333334
200.91971553485754,385.2338,585.7588,485.4963,0.075,1.8392,0.7287,82,2.976666666666667,200.81740463978906,385.6805,586.5181,486.0993,0.0083,2.0336,1.0563,82,2.976666666666667,201.07061332568884,385.1226,586.1932,485.6579,0.1083,1.3719,0.7102,82,2.976666666666667,202.29066874677358,385.033,587.5785,486.3057,0.0,1.3791,1.673,82,2.976666666666667,182.9568676571516,402.8019,585.7588,494.2803,0.125,2.4441,0.7287,82,2.976666666666667
200.82965903926862,385.2812,585.7237,485.5025,0.075,1.7498,0.6354,83,3.02,200.7478380227751,385.7271,586.4749,486.101,0.0083,1.9906,1.0948,83,3.02,200.92330783158042,385.1251,586.0484,485.5867,0.1167,1.3409,0.6522,83,3.02,202.25315255094583,385.0333,587.5362,486.2847,0.0,1.3365,1.7495,83,3.02,183.05102655227816,402.6727,585.7237,494.1982,0.125,2.3295,0.6354,83,3.02
200.92767126788533,385.0239,585.5744,485.2991,0.0667,1.8523,0.6544,84,3.0433333333333334,200.9410054678213,385.3153,586.2601,485.7877,0.0083,1.916,0.9411,84,3.0433333333333334,200.8768551893675,385.019,585.8959,485.4574,0.1167,1.6491,0.5193,84,3.0433333333333334,202.20276054071616,384.889,587.3054,486.0972,0.0,1.3615,1.5142,84,3.0433333333333334,182.73308344601529,402.8413,585.5744,494.2078,0.1167,2.6991,0.6544,84,3.0433333333333334
200.54873348910186,385.0954,585.4752,485.2853,0.0667,2.0337,0.7674,85,3.0766666666666667,200.26648077051976,385.8396,586.1385,485.9891,0.0167,2.1754,1.1152,85,3.0766666666666667,200.8296723191887,384.9956,585.8252,485.4104,0.1,1.5195,0.6794,85,3.0766666666666667,202.11283367806297,384.8594,587.1293,485.9943,0.0,1.583,1.6017,85,3.0766666666666667,182.6503162379238,402.8249,585.4752,494.1501,0.1083,2.851,0.7674,85,3.0766666666666667
201.28258915566911,384.4307,585.5325,484.9816,0.1167,1.5657,0.7142,86,3.126666666666667,200.14643755722935,385.4679,585.5732,485.5206,0.0083,1.7476,0.7909,86,3.126666666666667,201.58184716644627,384.4765,585.9569,485.2167,0.075,1.2004,0.6938,86,3.126666666666667,202.4272620374819,384.4765,587.1269,485.8017,0.0,1.2004,1.5679,86,3.126666666666667,182.44285647654317,403.0897,585.5325,494.3111,0.1917,2.7855,0.7142,86,3.126666666666667
200.90408408393287,384.4275,585.0154,484.7215,0.1,1.5495,0.5997,87,3.1433333333333335,200.1557476311666,385.4648,585.5892,485.527,0.0083,1.7527,0.8103,87,3.1433333333333335,201.58105846437957,384.4746,585.9561,485.2154,0.075,1.2177,0.6827,87,3.1433333333333335,202.43594280708962,384.4746,587.1358,485.8052,0.0,1.2177,1.5762,87,3.1433333333333335,181.928689971391,403.0868,585.0154,494.0511,0.175,2.7564,0.5997,87,3.1433333333333335
201.27960214903882,384.4296,585.5324,484.981,0.1167,1.4875,0.7161,88,3.1766666666666667,200.16442943517882,385.4592,585.6022,485.5307,0.0083,2.1664,0.8203,88,3.1766666666666667,201.58352009222438,384.4767,585.9591,485.2179,0.075,1.1795,0.6957,88,3.1766666666666667,202.44444721868572,384.4767,587.1376,485.8072,0.0,1.1795,1.5752,88,3.1766666666666667,182.72700449804148,402.8054,585.5324,494.1689,0.1917,2.0258,0.7161,88,3.1766666666666667
201.1435936778437,384.571,585.5196,485.0453,0.0833,1.7444,0.8182,89,3.2216666666666667,199.94168964292314,385.6587,585.6191,485.6389,0.0083,2.1305,0.8796,89,3.2216666666666667,201.4561650093573,384.5052,585.834,485.1696,0.075,1.2476,0.7315,89,3.2216666666666667,202.3803688975181,384.5052,587.0863,485.7957,0.0,1.2476,1.5955,89,3.2216666666666667,183.2864982391637,402.2331,585.5196,493.8763,0.1083,2.1042,0.8182,89,3.2216666666666667
201.12955453307725,384.5942,585.5937,485.0939,0.1083,1.8183,0.6425,90,3.2433333333333336,200.09104360690884,385.5575,585.6689,485.6132,0.0083,1.9978,0.7239,90,3.2433333333333336,201.53420322904188,384.5294,585.9449,485.2371,0.0833,1.2899,0.6403,90,3.2433333333333336,202.4668505294436,384.5294,587.1685,485.8489,0.0,1.2899,1.5882,90,3.2433333333333336,182.54948383811902,403.0442,585.5937,494.3189,0.1583,1.4594,0.6425,90,3.2433333333333336
200.84009981577336,384.6834,585.1604,484.9219,0.1,1.8099,0.5203,91,3.276666666666667,200.05964373433108,385.6303,585.6667,485.6485,0.0083,2.0375,0.6857,91,3.276666666666667,201.41933310230888,384.5707,585.85,485.2103,0.1,1.1837,0.5621,91,3.276666666666667,202.46769754861907,384.5818,587.2242,485.903,0.0,1.2671,1.5088,91,3.276666666666667,182.1947513111818,402.9065,585.1604,494.0334,0.1667,1.7315,0.5203,91,3.276666666666667
200.75713168732761,384.7361,585.1795,484.9578,0.1083,1.7904,0.5087,92,3.31,200.17436975161425,385.6887,585.942,485.8153,0.0083,2.0511,0.8756,92,3.31,201.57630083013245,384.6347,586.1254,485.3801,0.075,1.4594,0.6161,92,3.31,202.41669419510322,384.6347,587.2781,485.9564,0.0,1.4594,1.3975,92,3.31,182.65934022525445,402.423,585.1795,493.8012,0.1667,1.5958,0.5087,92,3.31
201.1121330018373,384.7375,585.6548,485.1962,0.1083,1.976,0.5633,93,3.343333333333334,200.06838498413103,385.6859,585.7495,485.7177,0.0083,2.0912,0.6477,93,3.343333333333334,201.30069861754004,384.6313,585.8492,485.2403,0.0917,1.4038,0.6246,93,3.343333333333334,202.43016029038105,384.6313,587.2822,485.9568,0.0,1.4038,1.4695,93,3.343333333333334,181.82886494019922,403.826,585.6548,494.7404,0.2,1.5848,0.5633,93,3.343333333333334
201.10314804797906,384.8205,585.925,485.3728,0.0917,1.8919,0.7144,94,3.3783333333333334,200.41436605647326,385.4538,585.8959,485.6748,0.0167,2.0038,0.7491,94,3.3783333333333334,201.4785956848791,384.7016,586.056,485.3788,0.0833,1.3869,0.6415,94,3.3783333333333334,202.31752038198707,384.8493,587.3329,486.0911,0.0,1.5349,1.5672,94,3.3783333333333334,181.97515286712775,403.9499,585.925,494.9374,0.175,1.7295,0.7144,94,3.3783333333333334
200.88763398798963,385.0938,585.8822,485.488,0.1,1.5664,0.6609,95,3.411666666666667,200.2279130820953,385.7139,585.9674,485.8407,0.0167,1.9732,0.7223,95,3.411666666666667,201.29929227034125,384.9314,586.1688,485.5501,0.075,1.378,0.6556,95,3.411666666666667,202.27218524873734,384.9314,587.423,486.1772,0.0,1.378,1.5338,95,3.411666666666667,181.83717642290262,404.045,585.8822,494.9636,0.1833,1.5725,0.6609,95,3.411666666666667
200.75479598758824,384.8888,585.4561,485.1724,0.1333,1.971,0.5778,96,3.4466666666666668,200.57242072423398,385.6931,586.3024,485.9978,0.0167,1.9987,1.047,96,3.4466666666666668,201.44465666656686,384.948,586.1963,485.5721,0.0833,1.6064,0.6761,96,3.4466666666666668,202.42261950234285,384.948,587.5355,486.2417,0.0,1.6064,1.698,96,3.4466666666666668,188.10757405266006,397.2322,585.4561,491.3442,0.1333,6.228,0.5778,96,3.4466666666666668
200.70643821992027,384.9097,585.4654,485.1875,0.125,1.837,0.569,97,3.476666666666667,200.77338137828104,385.5288,586.307,485.9179,0.0167,2.0752,1.0273,97,3.476666666666667,201.40646962071685,384.9577,586.2009,485.5793,0.0833,1.5143,0.6727,97,3.476666666666667,202.39262257500488,384.9577,587.5355,486.2466,0.0,1.5143,1.6895,97,3.476666666666667,182.9972078459328,402.3455,585.4654,493.9054,0.1833,3.3853,0.569,97,3.476666666666667
200.81180673844216,384.8798,585.4566,485.1682,0.125,1.8509,0.586,98,3.526666666666667,200.755531463151,385.496,586.2731,485.8846,0.0167,2.1169,1.0241,98,3.526666666666667,201.37327484283145,384.9441,586.0845,485.5143,0.0917,1.6161,0.6202,98,3.526666666666667,202.45680538144873,384.9441,587.5349,486.2395,0.0,1.6161,1.7117,98,3.526666666666667,182.45326068642132,402.8869,585.4566,494.1717,0.2,3.4731,0.586,98,3.526666666666667
200.80482664534497,384.8777,585.4527,485.1652,0.125,1.9217,0.5914,99,3.5450000000000004,200.74426321883834,385.4943,586.2695,485.8819,0.0167,2.1172,1.0029,99,3.5450000000000004,201.35939275632157,384.9408,586.084,485.5124,0.0917,1.6482,0.6207,99,3.5450000000000004,202.4591008614009,384.9408,587.5357,486.2383,0.0,1.6482,1.7101,99,3.5450000000000004,182.4448623130697,402.8897,585.4527,494.1712,0.2,3.4884,0.5914,99,3.5450000000000004
200.81645471664228,384.8782,585.4577,485.168,0.125,1.9361,0.5916,100,3.576666666666667,200.75382772514916,385.4954,586.2715,485.8835,0.0167,2.0684,0.9951,100,3.576666666666667,201.53082046043258,384.9549,586.3081,485.6315,0.075,1.5393,0.6445,100,3.576666666666667,202.43374312383747,384.9549,587.5385,486.2467,0.0,1.5393,1.6376,100,3.576666666666667,182.99300024036987,402.3449,585.4577,493.9013,0.1833,3.8651,0.5916,100,3.576666666666667
200.81472117909826,384.8797,585.4578,485.1687,0.1333,1.9484,0.5704,101,3.611666666666667,200.88118499412016,385.4998,586.3734,485.9366,0.0167,1.9655,1.1352,101,3.611666666666667,201.53208431110073,384.9505,586.3071,485.6288,0.075,1.5897,0.6411,101,3.611666666666667,202.46113643412895,384.9505,587.5426,486.2465,0.0,1.5897,1.6409,101,3.611666666666667,182.4298812039251,402.91,585.4578,494.1839,0.2083,3.6172,0.5704,101,3.611666666666667
200.68100095751228,385.0254,585.4585,485.2419,0.125,2.0245,0.607,102,3.6433333333333335,200.89134449941818,385.4969,586.3832,485.9401,0.0167,2.0379,1.1092,102,3.6433333333333335,201.3398162758889,384.9858,586.0814,485.5336,0.0917,1.5491,0.5716,102,3.6433333333333335,202.4479094453813,384.9858,587.5689,486.2774,0.0,1.5491,1.6963,102,3.6433333333333335,182.73955984767005,402.5924,585.4585,494.0254,0.1917,3.3397,0.607,102,3.6433333333333335
200.67884337456874,385.0353,585.467,485.2512,0.125,2.0148,0.5792,103,3.6766666666666667,200.85872305582623,385.5067,586.3605,485.9336,0.0167,2.114,1.0857,103,3.6766666666666667,201.31999251997513,384.9957,586.084,485.5398,0.0917,1.6725,0.532,103,3.6766666666666667,202.4478011540491,384.9957,587.5812,486.2884,0.0,1.6725,1.6953,103,3.6766666666666667,182.79072562008673,402.5656,585.467,494.0163,0.1917,3.3457,0.5792,103,3.6766666666666667
200.67187100036128,385.0345,585.4694,485.2519,0.125,1.9959,0.5785,104,3.7100000000000004,200.8595691097027,385.5079,586.3616,485.9347,0.0167,2.0873,1.086,104,3.7100000000000004,201.3005140644767,384.9936,586.0858,485.5397,0.0917,1.5935,0.5322,104,3.7100000000000004,202.44199496589204,384.9936,587.5831,486.2884,0.0,1.5935,1.6849,104,3.7100000000000004,182.74008669777103,402.6184,585.4694,494.0439,0.2,3.4678,0.5785,104,3.7100000000000004
200.7027277261995,385.0287,585.4935,485.2611,0.125,1.9956,0.605,105,3.745,200.87166213213519,385.5029,586.3674,485.9352,0.0167,2.0628,1.0798,105,3.745,201.4512787402754,384.9944,586.5278,485.7611,0.075,1.6337,0.6829,105,3.745,202.44364956475107,384.9944,587.5789,486.2866,0.0,1.6337,1.7111,105,3.745,182.76372004529523,402.6156,585.4935,494.0545,0.2,3.5122,0.605,105,3.745
201.12991148836883,384.9503,585.8715,485.4109,0.1,1.735,0.5476,106,3.7783333333333338,200.90502740203718,385.7286,586.6551,486.1919,0.0083,2.356,1.2333,106,3.7783333333333338,201.0619877417417,384.8838,585.9779,485.4308,0.1167,1.423,0.6658,106,3.7783333333333338,202.2838448677686,385.0374,587.5491,486.2932,0.0,1.3464,1.7387,106,3.7783333333333338,183.7391031276141,402.1324,585.8715,494.002,0.1583,3.1155,0.5476,106,3.7783333333333338
201.11058160003,384.9811,585.9198,485.4505,0.1083,1.8307,0.4841,107,3.81,201.02028786803703,385.7619,586.7906,486.2762,0.0083,2.4625,1.3065,107,3.81,201.06079628263137,384.8849,585.9779,485.4314,0.1167,1.4109,0.6659,107,3.81,202.28812641470162,385.0388,587.5491,486.2939,0.0,1.3293,1.7387,107,3.81,183.79185273654352,402.128,585.9198,494.0239,0.1667,3.1234,0.4841,107,3.81
201.12362860663612,384.9541,585.8815,485.4178,0.1,1.7507,0.5366,108,3.843333333333334,200.89678390916404,385.7325,586.6494,486.1909,0.0083,2.3876,1.2281,108,3.843333333333334,201.06841401184641,384.8849,585.9796,485.4323,0.1167,1.3664,0.6759,108,3.843333333333334,202.2791137847969,385.0385,587.5469,486.2927,0.0,1.3818,1.7418,108,3.843333333333334,183.74459498387705,402.1369,585.8815,494.0092,0.1583,3.159,0.5366,108,3.843333333333334
201.15932675205875,384.9522,585.9095,485.4308,0.1083,1.8826,0.5879,109,3.876666666666667,201.04658793280512,385.7272,586.7825,486.2549,0.0083,2.3066,1.3328,109,3.876666666666667,201.11367286706,384.8659,585.9857,485.4258,0.1167,1.4847,0.6981,109,3.876666666666667,202.29227925359015,385.0113,587.5491,486.2802,0.0,1.5261,1.7152,109,3.876666666666667,184.6394439864844,401.2701,585.9095,493.5898,0.1583,3.5173,0.5879,109,3.876666666666667
201.06349634812602,384.9951,585.9086,485.4519,0.1,1.8033,0.5406,110,3.91,200.99910566973602,385.7821,586.7866,486.2844,0.0083,2.3886,1.3299,110,3.91,201.2603752580644,384.8507,586.0819,485.4663,0.1,1.4676,0.6963,110,3.91,202.43462249720952,384.8942,587.5294,486.2118,0.0,1.6097,1.7055,110,3.91,183.4998502757437,402.4088,585.9086,494.1587,0.1667,2.7301,0.5406,110,3.91
201.08243166385637,384.993,585.9221,485.4575,0.1083,1.7901,0.5311,111,3.943333333333334,200.96743733846728,385.7842,586.7589,486.2715,0.0083,2.393,1.2206,111,3.943333333333334,201.08611218712412,384.8419,585.9241,485.383,0.1083,1.4373,0.5299,111,3.943333333333334,202.4097189645857,384.8874,587.5144,486.2009,0.0,1.5276,1.6691,111,3.943333333333334,183.78480362778933,402.1373,585.9221,494.0297,0.1667,3.1999,0.5311,111,3.943333333333334
201.0811546016547,384.9943,585.9225,485.4584,0.1083,1.7884,0.5141,112,3.976666666666667,200.963845109891,385.7875,586.758,486.2727,0.0083,2.3929,1.2716,112,3.976666666666667,201.0852793217409,384.8383,585.9236,485.3809,0.1083,1.3843,0.5347,112,3.976666666666667,202.4142184779628,384.8839,587.5153,486.1996,0.0,1.5344,1.6691,112,3.976666666666667,183.7826390300079,402.1398,585.9225,494.0311,0.1667,3.186,0.5141,112,3.976666666666667
200.60857223355535,384.9666,585.5194,485.243,0.1167,1.7956,0.5479,113,4.011666666666667,200.99522734830958,385.7506,586.7531,486.2518,0.0083,2.3753,1.2398,113,4.011666666666667,201.05628006718683,384.8684,585.9247,485.3965,0.1083,1.428,0.5352,113,4.011666666666667,202.3990747317526,384.8959,587.5142,486.205,0.0,1.4004,1.6921,113,4.011666666666667,183.26670372746773,402.137,585.5194,493.8282,0.175,3.196,0.5479,113,4.011666666666667
201.12104393760092,385.0119,585.9454,485.4787,0.1083,1.9061,0.4987,114,4.045,201.03932556869012,385.7078,586.7717,486.2397,0.0,2.2878,1.3102,114,4.045,200.61374532016126,385.3142,585.928,485.6211,0.1417,1.0383,0.5905,114,4.045,202.38878471368426,384.8792,587.5148,486.197,0.0,1.3039,1.6603,114,4.045,186.42301722755425,399.5224,585.9454,492.7339,0.1333,4.8892,0.4987,114,4.045
201.12778723582545,384.9877,585.9485,485.4681,0.1083,1.9353,0.4863,115,4.076666666666667,201.0664635152704,385.6759,586.7689,486.2224,0.0,2.3596,1.3124,115,4.076666666666667,200.62101524403687,385.307,585.928,485.6175,0.1417,1.0261,0.5905,115,4.076666666666667,202.3938530039029,384.8747,587.5148,486.1947,0.0,1.2854,1.6603,115,4.076666666666667,186.48091969791776,399.4676,585.9485,492.7081,0.1333,4.8798,0.4863,115,4.076666666666667
200.4243861688398,385.6135,586.1431,485.8783,0.0417,2.5462,0.6984,116,4.115,200.35466285943787,385.8401,586.3617,486.1009,0.0083,2.8366,0.8557,116,4.115,201.32031896376228,384.9737,586.294,485.6339,0.0917,1.3524,0.6312,116,4.115,202.37617526926314,384.9714,587.5238,486.2476,0.0,1.4718,1.4867,116,4.115,183.09506100241381,403.0874,586.1431,494.6153,0.15,2.0833,0.6984,116,4.115
200.4563393064971,385.5843,586.1433,485.8638,0.0417,2.6822,0.6867,117,4.1466666666666665,200.38802946366252,385.8141,586.3634,486.0888,0.0083,2.8507,0.8549,117,4.1466666666666665,201.3240958376589,384.9693,586.2934,485.6313,0.0917,1.3594,0.6405,117,4.1466666666666665,202.37540842198186,384.9769,587.5239,486.2504,0.0,1.4754,1.4771,117,4.1466666666666665,183.13466602167563,403.0489,586.1433,494.5961,0.15,2.6024,0.6867,117,4.1466666666666665
200.53066154519175,385.4514,586.0759,485.7637,0.0833,2.4156,0.7131,118,4.193333333333333,200.54013873644305,385.6349,586.299,485.9669,0.0167,2.6231,0.8414,118,4.193333333333333,201.27188177905617,385.0172,586.2891,485.6531,0.1167,1.339,0.6472,118,4.193333333333333,202.4020295959075,384.9557,587.5171,486.2364,0.0,1.4162,1.4885,118,4.193333333333333,183.04752701981857,403.0284,586.0759,494.5522,0.1833,2.4497,0.7131,118,4.193333333333333
200.55356312871402,385.4641,586.1147,485.7894,0.0583,2.4725,0.7331,119,4.211666666666667,200.53768158624123,385.6474,586.3061,485.9768,0.0167,2.6654,0.8996,119,4.211666666666667,201.28121537263002,385.0156,586.2968,485.6562,0.1083,1.3028,0.6578,119,4.211666666666667,202.37914438637765,384.974,587.5212,486.2476,0.0,1.522,1.5197,119,4.211666666666667,183.00923475811695,403.1054,586.1147,494.61,0.15,2.3073,0.7331,119,4.211666666666667
200.69253291987243,385.335,586.1169,485.7259,0.0667,2.2679,0.7488,120,4.25,200.52088474652294,385.6668,586.3014,485.9841,0.0167,2.5084,0.8984,120,4.25,201.2696962637463,385.0312,586.3009,485.666,0.1083,1.2916,0.6653,120,4.25,202.36645401918958,384.9753,587.5205,486.2479,0.0,1.5157,1.5153,120,4.25,183.01391229077504,403.103,586.1169,494.6099,0.15,2.3725,0.7488,120,4.25
200.74061692885292,385.3253,586.1486,485.737,0.0583,2.4382,0.7067,121,4.276666666666667,200.61382462054405,385.6577,586.3708,486.0142,0.0167,2.5448,0.9225,121,4.276666666666667,201.29017633195915,384.9985,586.2886,485.6436,0.1,1.301,0.6779,121,4.276666666666667,202.34595969975157,384.9889,587.5152,486.2521,0.0,1.5693,1.4917,121,4.276666666666667,182.8992108877237,403.2894,586.1486,494.719,0.15,2.2757,0.7067,121,4.276666666666667
200.78779584767523,385.2699,586.1434,485.7066,0.0583,2.2959,0.7365,122,4.3100000000000005,200.65565689058616,385.5986,586.3644,485.9815,0.0167,2.6238,0.9128,122,4.3100000000000005,201.2948812564931,384.9834,586.2783,485.6308,0.1,1.3265,0.6724,122,4.3100000000000005,202.348898357903,384.9869,587.5138,486.2504,0.0,1.5818,1.4951,122,4.3100000000000005,182.88860363602524,403.2867,586.1434,494.715,0.15,2.276,0.7365,122,4.3100000000000005
200.59372021969475,385.4657,586.1478,485.8067,0.05,2.4873,0.7206,123,4.351666666666667,200.61970501678726,385.6411,586.3692,486.0051,0.0167,2.6405,0.9286,123,4.351666666666667,201.2700931470982,385.017,586.2871,485.6521,0.1083,1.3367,0.6772,123,4.351666666666667,202.35463140617196,384.9877,587.5157,486.2517,0.0,1.5517,1.4885,123,4.351666666666667,182.8969221744547,403.2867,586.1478,494.7172,0.15,2.2573,0.7206,123,4.351666666666667
201.08383225625818,384.9887,586.114,485.5514,0.0833,1.9154,0.7444,124,4.376666666666667,200.61833794124803,385.5632,586.2983,485.9308,0.0167,2.5412,0.8997,124,4.376666666666667,201.2324956585688,385.059,586.2915,485.6753,0.1167,1.2651,0.6816,124,4.376666666666667,202.35895171137804,384.9812,587.5176,486.2494,0.0,1.5496,1.4957,124,4.376666666666667,182.83002715289052,403.284,586.114,494.699,0.1583,2.3019,0.7444,124,4.376666666666667
200.76831939636645,385.2788,586.1512,485.715,0.075,2.3601,0.6853,125,4.411666666666667,200.56522224582062,385.6176,586.298,485.9578,0.0167,2.3492,0.8997,125,4.411666666666667,201.28705727196842,385.0045,586.2915,485.648,0.1083,1.3103,0.6816,125,4.411666666666667,202.35296761010085,385.0156,587.5176,486.2666,0.0,1.5565,1.4957,125,4.411666666666667,182.88497483271072,403.2743,586.1512,494.7127,0.1667,2.2016,0.6853,125,4.411666666666667
200.4882509006888,385.4507,586.0073,485.729,0.05,2.5205,0.5508,126,4.456666666666667,200.89069168372635,385.3402,586.3021,485.8211,0.0,2.3978,0.6412,126,4.456666666666667,200.77931498079712,385.2286,586.008,485.6183,0.1333,1.1962,0.6205,126,4.456666666666667,202.3077751300951,385.0193,587.5405,486.2799,0.0,1.271,1.6968,126,4.456666666666667,187.2798342656766,398.7275,586.0073,492.3674,0.1,5.7507,0.5508,126,4.456666666666667
201.0702829420346,385.0092,586.017,485.5131,0.05,2.2313,0.558,127,4.476666666666667,200.84487453580334,385.4075,586.3047,485.8561,0.0,2.1806,0.6432,127,4.476666666666667,200.84838526250084,385.1982,586.0466,485.6224,0.1417,1.2489,0.6512,127,4.476666666666667,202.41585104754347,384.9925,587.5826,486.2875,0.0,1.5385,1.5477,127,4.476666666666667,188.1929604112161,397.824,586.017,491.9205,0.0917,6.0051,0.558,127,4.476666666666667
200.84518558881874,385.2552,586.0191,485.6372,0.0417,1.9284,0.5689,128,4.526666666666667,200.76313619970566,385.4903,586.3074,485.8989,0.0,2.2119,0.6372,128,4.526666666666667,200.86648853011008,385.182,586.0484,485.6152,0.1417,1.2833,0.6098,128,4.526666666666667,202.4272736530436,384.9824,587.5817,486.2821,0.0,1.528,1.5387,128,4.526666666666667,186.15149002403794,399.8677,586.0191,492.9434,0.0917,4.8566,0.5689,128,4.526666666666667
200.89170175266344,385.2677,586.1585,485.7131,0.0583,1.9354,0.5269,129,4.553333333333334,200.74561305095222,385.5059,586.3043,485.9051,0.0,2.1851,0.6496,129,4.553333333333334,200.902497752592,385.1518,586.0543,485.6031,0.1333,1.3126,0.6392,129,4.553333333333334,202.4203439886942,384.9879,587.5839,486.2859,0.0,1.5417,1.5323,129,4.553333333333334,188.32811115534713,397.9137,586.1585,492.0361,0.1083,5.9821,0.5269,129,4.553333333333334
200.8207091297937,385.263,585.9648,485.6139,0.05,1.816,0.6235,130,4.576666666666667,200.69218709030378,385.5051,586.2768,485.8909,0.0,2.1478,0.7052,130,4.576666666666667,200.90020252657965,385.1903,586.0905,485.6404,0.1333,1.2549,0.6319,130,4.576666666666667,202.35737641308842,384.9835,587.5422,486.2629,0.0,1.4749,1.6934,130,4.576666666666667,187.51686697353367,398.448,585.9648,492.2064,0.0917,5.8878,0.6235,130,4.576666666666667
201.30526536502353,384.6517,585.8779,485.2648,0.05,1.6378,0.5228,131,4.611666666666667,200.9623373646351,385.0991,586.1001,485.5996,0.0083,1.786,0.7932,131,4.611666666666667,201.27421547465156,384.7203,585.9945,485.3574,0.1,1.2368,0.7403,131,4.611666666666667,202.527264411634,384.654,587.3582,486.0061,0.0,1.4676,1.5218,131,4.611666666666667,191.1641896983911,394.7137,585.8779,490.2958,0.0667,6.593,0.5228,131,4.611666666666667
201.28087084473177,384.6154,585.7197,485.1675,0.075,1.6533,0.4398,132,4.655,200.62583920764914,385.3884,586.0711,485.7298,0.0083,2.2746,0.6574,132,4.655,201.2070405353645,384.7521,585.9592,485.3556,0.0917,1.2477,0.6323,132,4.655,202.43286521213545,384.6857,587.2709,485.9783,0.0,1.3799,1.636,132,4.655,182.50266485735,403.217,585.7197,494.4684,0.15,2.4574,0.4398,132,4.655
201.51940212713006,384.337,585.6587,484.9979,0.0583,1.6085,0.5041,133,4.676666666666667,200.84753073362663,385.1453,586.0023,485.5738,0.0,1.4409,0.7931,133,4.676666666666667,201.22583814569393,384.5765,585.8023,485.1894,0.1,1.3455,0.6571,133,4.676666666666667,202.5412327980827,384.5108,587.2402,485.8755,0.0,1.3561,1.6473,133,4.676666666666667,183.37024865004256,402.2885,585.6587,493.9736,0.1167,3.2739,0.5041,133,4.676666666666667
201.4498509020032,384.3272,585.617,484.9721,0.075,1.4759,0.5309,134,4.71,200.8213541826834,385.1689,586.0018,485.5853,0.0,1.5748,0.8115,134,4.71,201.13806453488402,384.5491,585.6872,485.1182,0.1083,1.3966,0.7164,134,4.71,202.56022912062312,384.4841,587.2417,485.8629,0.0,1.3541,1.6577,134,4.71,182.7044433894821,402.9126,585.617,494.2648,0.125,3.2557,0.5309,134,4.71
201.21436085102363,384.5935,585.6618,485.1276,0.0417,1.7913,0.494,135,4.745,201.05442163791545,384.9105,586.0019,485.4562,0.0,2.0012,0.8345,135,4.745,201.13916826606376,384.5477,585.6869,485.1173,0.1083,1.3903,0.7165,135,4.745,202.54098227823317,384.4827,587.2261,485.8544,0.0,1.4047,1.6417,135,4.745,182.74726488206446,402.9145,585.6618,494.2881,0.125,2.4592,0.494,135,4.745
200.3007005752089,385.2551,585.4701,485.3626,0.0917,1.886,0.7169,136,4.781666666666667,200.9389336672648,385.2044,586.1496,485.677,0.0,1.8772,1.1181,136,4.781666666666667,201.61351157352811,384.7518,586.2048,485.4783,0.1417,1.0927,0.6734,136,4.781666666666667,202.61474991300224,384.6032,587.4171,486.0102,0.0,1.3459,1.7358,136,4.781666666666667,184.66238058916727,400.8077,585.4701,493.1389,0.1167,3.2962,0.7169,136,4.781666666666667
200.5161451665025,385.3614,585.7061,485.5337,0.075,1.7612,0.7602,137,4.8116666666666665,200.6495529970454,385.2248,585.9449,485.5848,0.0,1.9995,0.9681,137,4.8116666666666665,201.60458622108337,384.641,586.2041,485.4226,0.1083,1.2275,0.6722,137,4.8116666666666665,202.60906404458746,384.6103,587.4177,486.014,0.0,1.3444,1.7403,137,4.8116666666666665,184.4715652171522,401.2345,585.7061,493.4703,0.1,3.1829,0.7602,137,4.8116666666666665
200.7953524592839,385.0614,585.5525,485.307,0.1,1.6371,0.7874,138,4.843333333333334,200.90465042632937,385.1387,586.0671,485.6029,0.0,1.8088,1.0942,138,4.843333333333334,201.7750213463182,384.5963,586.5817,485.589,0.1083,1.278,0.9182,138,4.843333333333334,202.57945392634772,384.6376,587.4212,486.0294,0.0,1.1832,1.7289,138,4.843333333333334,185.00267717187842,400.5498,585.5525,493.0512,0.125,3.3711,0.7874,138,4.843333333333334
200.4475366231072,385.1922,585.4114,485.3018,0.1,1.8323,0.7246,139,4.876666666666667,201.05950445916224,385.0895,586.1559,485.6227,0.0,1.8648,1.0316,139,4.876666666666667,201.76456372560568,384.5949,586.5801,485.5875,0.1,1.3259,0.9654,139,4.876666666666667,202.60039216474394,384.6373,587.4644,486.0508,0.0,1.1762,1.75,139,4.876666666666667,184.8569511965358,400.5544,585.4114,492.9829,0.1333,3.1917,0.7246,139,4.876666666666667
200.46859412040234,385.3171,585.5722,485.4447,0.0917,1.8228,0.8051,140,4.91,200.99480566450572,385.1966,586.2009,485.6988,0.0,2.0694,1.1424,140,4.91,201.84025281901492,384.6247,586.6832,485.6539,0.1167,1.5107,0.8855,140,4.91,202.53595347303167,384.8454,587.5175,486.1814,0.0,1.5267,1.7559,140,4.91,182.85116959079434,402.721,585.5722,494.1466,0.15,2.5674,0.8051,140,4.91
200.20113979784864,385.4352,585.4874,485.4613,0.1083,1.6391,0.6562,141,4.943333333333333,200.90050743473515,385.3052,586.2119,485.7586,0.0,2.1871,1.0935,141,4.943333333333333,201.7313074835163,384.761,586.6934,485.7272,0.1167,1.5455,0.8876,141,4.943333333333333,202.442085407372,384.9291,587.528,486.2286,0.0,1.6714,1.7794,141,4.943333333333333,182.5281368923618,402.9305,585.4874,494.209,0.2,2.323,0.6562,141,4.943333333333333
199.94246281338823,385.5188,585.4572,485.488,0.1167,1.851,0.6229,142,4.976666666666667,200.68495567101428,385.422,586.1255,485.7737,0.0083,2.1427,0.9961,142,4.976666666666667,201.63571383039812,384.7864,586.6557,485.721,0.0917,1.4334,0.9214,142,4.976666666666667,202.3300621785011,385.0405,587.5474,486.294,0.0,1.7846,1.804,142,4.976666666666667,185.21050345845214,400.2563,585.5011,492.8787,0.1417,3.3473,0.6707,142,4.976666666666667
200.5283423432443,385.1553,585.4593,485.3073,0.1167,1.9133,0.6536,143,5.011666666666667,200.84641155529576,385.3805,586.2608,485.8206,0.0167,2.4632,1.0794,143,5.011666666666667,201.36758526818068,384.9948,586.2741,485.6344,0.0833,1.5009,0.6796,143,5.011666666666667,202.38424618989234,384.9667,587.4735,486.2201,0.0,1.6514,1.6843,143,5.011666666666667,183.9081652315208,401.4758,585.4624,493.4691,0.15,3.1834,0.6484,143,5.011666666666667
200.57546914165195,385.1462,585.4734,485.3098,0.1167,1.6454,0.7064,144,5.043333333333334,200.67835586609334,385.4094,586.1117,485.7606,0.0167,2.3474,0.9255,144,5.043333333333334,201.36009343149985,385.006,586.2732,485.6396,0.0833,1.3864,0.6811,144,5.043333333333334,202.34730919318793,384.9803,587.4704,486.2253,0.0,1.6808,1.6821,144,5.043333333333334,183.31757293749544,402.1257,585.4786,493.8021,0.1583,2.8263,0.6526,144,5.043333333333334
200.61626119414004,385.1606,585.5427,485.3516,0.1083,1.6697,0.7544,145,5.076666666666667,200.66456221425233,385.4379,586.1177,485.7778,0.0167,2.3074,0.9528,145,5.076666666666667,201.3342371656535,385.0062,586.1644,485.5853,0.0917,1.4119,0.6049,145,5.076666666666667,202.3501388990976,384.9803,587.4702,486.2253,0.0,1.6856,1.6781,145,5.076666666666667,183.66684802099113,401.7736,585.4775,493.6255,0.15,2.99,0.6962,145,5.076666666666667
200.7315690748618,385.354,585.8951,485.6246,0.0333,1.8464,0.7858,146,5.115,200.8410736405887,385.3762,586.2372,485.8067,0.0083,1.9938,0.9412,146,5.115,201.3433898386497,384.9952,586.3385,485.6669,0.1,1.4976,0.6245,146,5.115,202.31629726398114,385.1367,587.5808,486.3588,0.0,1.6511,1.7732,146,5.115,183.57198637886657,402.127,585.699,493.913,0.1417,3.1053,0.7301,146,5.115
200.7312855572516,385.3455,585.8922,485.6188,0.0333,1.8462,0.7983,147,5.1433333333333335,200.84599233396287,385.3685,586.2344,485.8015,0.0083,2.0317,0.9285,147,5.1433333333333335,201.3470655823436,384.9955,586.3426,485.6691,0.1,1.4977,0.6046,147,5.1433333333333335,202.317737495857,385.1374,587.5834,486.3604,0.0,1.6524,1.7676,147,5.1433333333333335,183.57072690828372,402.1257,585.6965,493.9111,0.1417,3.0928,0.7401,147,5.1433333333333335
200.4547987043982,385.2832,585.7379,485.5105,0.0833,1.5704,0.6584,148,5.176666666666667,201.12136267899044,385.3801,586.5004,485.9403,0.0,1.9773,1.1897,148,5.176666666666667,201.36195741273943,384.9812,586.3432,485.6622,0.1,1.5965,0.6174,148,5.176666666666667,202.32287143870266,385.1286,587.5745,486.3515,0.0,1.7162,1.7583,148,5.176666666666667,187.90845599945192,397.8295,585.7379,491.7837,0.1333,4.4893,0.6584,148,5.176666666666667
200.5710382864225,385.457,585.7374,485.5972,0.05,2.2011,0.6586,149,5.21,201.0430000087821,385.457,586.4993,485.9782,0.0,2.2011,1.1895,149,5.21,201.34096924866327,385.095,586.3434,485.7192,0.0917,1.5025,0.617,149,5.21,202.31259183116308,385.1314,587.5736,486.3525,0.0,1.755,1.7577,149,5.21,185.08775379387626,400.6497,585.7374,493.1935,0.15,3.9818,0.6586,149,5.21
200.45621298877325,385.2813,585.7375,485.5094,0.0833,1.7155,0.6611,150,5.243333333333334,201.13055153991505,385.3703,586.4992,485.9347,0.0,1.9228,1.177,150,5.243333333333334,201.3450684537094,385.0985,586.3445,485.7215,0.0917,1.5153,0.6169,150,5.243333333333334,202.30976037878906,385.134,587.574,486.354,0.0,1.7626,1.7416,150,5.243333333333334,185.11496136375854,400.6225,585.7375,493.18,0.15,3.8525,0.6611,150,5.243333333333334
200.41529191971216,385.2913,585.7066,485.4989,0.075,1.669,0.68,151,5.276666666666667,201.0448725968815,385.3838,586.4562,485.92,0.0,2.0651,1.1386,151,5.276666666666667,201.37115322950575,385.0877,586.3517,485.7197,0.0917,1.5981,0.6029,151,5.276666666666667,202.3348595812391,385.1218,587.5787,486.3502,0.0,1.7956,1.7307,151,5.276666666666667,183.4485292942787,402.258,585.7066,493.9823,0.1667,3.0798,0.68,151,5.276666666666667
200.45706078194695,385.2776,585.7346,485.5061,0.0833,1.6841,0.6616,152,5.3100000000000005,201.12468889450935,385.3744,586.4991,485.9368,0.0,2.0382,1.1425,152,5.3100000000000005,201.31530287966586,385.1198,586.3415,485.7306,0.075,1.8319,0.6046,152,5.3100000000000005,202.33165112025918,385.1198,587.5727,486.3463,0.0,1.8319,1.7292,152,5.3100000000000005,185.1176640929128,400.617,585.7346,493.1758,0.15,3.8512,0.6616,152,5.3100000000000005
200.4688603606896,385.2196,585.6884,485.454,0.075,1.6377,0.6835,153,5.343333333333334,201.09224588556248,385.3351,586.4549,485.895,0.0,2.1565,1.1153,153,5.343333333333334,201.31212671363045,385.1234,586.3435,485.7335,0.075,1.832,0.6029,153,5.343333333333334,202.32806984207397,385.1234,587.5732,486.3483,0.0,1.832,1.7304,153,5.343333333333334,185.1236159799638,400.5648,585.6884,493.1266,0.1417,3.8629,0.6835,153,5.343333333333334
200.52793032505892,385.21,585.7379,485.4739,0.0833,1.6396,0.6719,154,5.376666666666667,201.17320394770258,385.3284,586.4987,485.9135,0.0,2.1623,1.1358,154,5.376666666666667,201.31343202609108,385.1211,586.3435,485.7323,0.075,1.8417,0.6039,154,5.376666666666667,202.33145440774854,385.1211,587.5729,486.347,0.0,1.8417,1.7312,154,5.376666666666667,185.1782576495496,400.5596,585.7379,493.1488,0.15,3.8619,0.6719,154,5.376666666666667
200.53517860545486,385.2054,585.7406,485.473,0.0833,1.5651,0.677,155,5.41,201.18978520522327,385.3126,586.5047,485.9087,0.0,2.2296,1.169,155,5.41,201.3174047144616,385.1211,586.3456,485.7333,0.075,1.8525,0.6039,155,5.41,202.3337899580981,385.1211,587.5752,486.3481,0.0,1.8525,1.7454,155,5.41,185.16383278919963,400.5767,585.7406,493.1586,0.15,4.0612,0.677,155,5.41
200.5082017831009,385.3088,585.5423,485.4255,0.1,1.6312,0.6099,156,5.448333333333333,201.05412180101584,385.4684,586.5436,486.006,0.0,1.8089,1.2293,156,5.448333333333333,201.26313966761828,384.9321,586.01,485.471,0.0917,1.5698,0.7133,156,5.448333333333333,202.44020753489076,384.9321,587.5417,486.2369,0.0,1.5698,1.6598,156,5.448333333333333,183.35377590799663,402.1673,585.5423,493.8548,0.1667,3.2556,0.6099,156,5.448333333333333
200.49661471404409,385.331,585.5463,485.4387,0.1,1.7226,0.615,157,5.4783333333333335,201.04224261206832,385.4905,586.5449,486.0177,0.0,1.862,1.2449,157,5.4783333333333335,201.24351545115033,384.9472,586.01,485.4786,0.0917,1.5807,0.7131,157,5.4783333333333335,202.4138930894943,384.9472,587.5417,486.2445,0.0,1.5807,1.6581,157,5.4783333333333335,182.954283302889,402.571,585.5463,494.0586,0.1667,2.7058,0.615,157,5.4783333333333335
200.54939672223236,385.3284,585.5484,485.4384,0.0917,1.7247,0.6875,158,5.526666666666667,201.03913793321922,385.4877,586.5383,486.013,0.0,1.8922,1.2271,158,5.526666666666667,201.24339670000757,384.9457,586.0104,485.4781,0.0917,1.52,0.7151,158,5.526666666666667,202.4150197090542,384.9457,587.542,486.2439,0.0,1.52,1.6751,158,5.526666666666667,182.88354379262083,402.5832,585.5484,494.0658,0.1583,2.6018,0.6875,158,5.526666666666667
200.3350143340793,385.5006,585.558,485.5293,0.0917,1.7334,0.6768,159,5.543333333333334,200.8724511301551,385.6481,586.5478,486.098,0.0,2.0606,1.2454,159,5.543333333333334,201.23281672238494,384.9527,586.0127,485.4827,0.0917,1.536,0.7477,159,5.543333333333334,202.40795668923047,384.9527,587.5423,486.2475,0.0,1.536,1.6493,159,5.543333333333334,183.6015171716134,401.8716,585.558,493.7148,0.15,3.1805,0.6768,159,5.543333333333334
200.62083999963713,385.2364,585.5509,485.3936,0.1,1.732,0.7213,160,5.58,201.28195553536383,385.4043,586.6797,486.042,0.0,1.9882,1.4262,160,5.58,201.3090860907108,385.0841,586.1121,485.5981,0.0833,1.5265,0.6894,160,5.58,202.34703318152603,385.0841,587.5462,486.3151,0.0,1.5265,1.6528,160,5.58,184.96850181848455,400.4855,585.5509,493.0182,0.15,4.0755,0.7213,160,5.58
200.60951139289654,385.2462,585.5449,485.3956,0.0917,1.7487,0.7181,161,5.611666666666667,201.09609726038323,385.4127,586.5311,485.9719,0.0,1.9659,1.238,161,5.611666666666667,201.31516140292263,385.084,586.1144,485.5992,0.0833,1.5477,0.6902,161,5.611666666666667,202.34872695376075,385.084,587.5476,486.3158,0.0,1.5477,1.6645,161,5.611666666666667,188.61002292927472,396.8345,585.5449,491.1897,0.1167,7.5669,0.7181,161,5.611666666666667
200.60424969722058,385.2621,585.5443,485.4032,0.0917,1.7573,0.7147,162,5.6433333333333335,201.09071309055665,385.4235,586.5296,485.9766,0.0,1.943,1.2441,162,5.6433333333333335,201.31884231965975,385.0831,586.1144,485.5988,0.0833,1.5619,0.6886,162,5.6433333333333335,202.34976632070013,385.0831,587.5468,486.315,0.0,1.5619,1.6559,162,5.6433333333333335,188.13088980800646,397.3162,585.5443,491.4302,0.1167,7.3477,0.7147,162,5.6433333333333335
200.6313663511298,385.2363,585.5536,485.3949,0.0917,1.6536,0.6563,163,5.683333333333334,201.12424899632316,385.3984,586.548,485.9732,0.0,1.8899,1.2293,163,5.683333333333334,201.34038500072754,384.9481,586.1111,485.5296,0.0833,1.5778,0.6932,163,5.683333333333334,202.42237004497585,384.9481,587.5507,486.2494,0.0,1.5778,1.6827,163,5.683333333333334,188.17167686231437,397.3096,585.5536,491.4316,0.1167,7.3643,0.6563,163,5.683333333333334
199.99114671184762,385.6827,585.5491,485.6159,0.1167,1.4806,0.6568,164,5.71,201.04044686187723,385.4843,586.5446,486.0145,0.0,1.7585,1.2659,164,5.71,201.34892192420276,385.0818,586.1177,485.5998,0.0833,1.6026,0.6873,164,5.71,202.3606652186865,385.0818,587.5549,486.3183,0.0,1.6026,1.6127,164,5.71,185.66348005004158,399.8183,585.5491,492.6837,0.1333,5.3133,0.6568,164,5.71
200.5736910237888,385.3011,585.5475,485.4243,0.1,1.6169,0.64,165,5.745,201.10867057440328,385.4067,586.5424,485.9746,0.0,1.9569,1.2401,165,5.745,201.36994925817214,385.0808,586.2223,485.6516,0.075,1.5645,0.6929,165,5.745,202.36294039138727,385.0808,587.5553,486.3181,0.0,1.5645,1.615,165,5.745,186.09432768981603,399.3878,585.5475,492.4677,0.1333,5.672,0.64,165,5.745
200.19528708012555,385.9103,586.2233,486.0668,0.1,1.6979,0.539,166,5.788333333333334,200.88916794589858,385.6638,586.584,486.1239,0.0,1.962,0.7909,166,5.788333333333334,201.304716411183,385.1725,586.249,485.7107,0.0917,1.4337,0.6456,166,5.788333333333334,202.21715937920928,385.2848,587.6394,486.4621,0.0,1.3254,1.8324,166,5.788333333333334,183.8318017822616,402.4841,586.2233,494.3537,0.175,3.0138,0.539,166,5.788333333333334
200.1909381319363,385.9168,586.2242,486.0705,0.1,1.6822,0.4966,167,5.811666666666668,200.885267762574,385.6705,586.5873,486.1289,0.0,1.9892,0.7865,167,5.811666666666668,201.3106538924691,385.1711,586.2474,485.7093,0.0917,1.4458,0.6452,167,5.811666666666668,202.21960130622506,385.284,587.6388,486.4614,0.0,1.2894,1.832,167,5.811666666666668,183.83651580349445,402.4824,586.2242,494.3533,0.175,3.0094,0.4966,167,5.811666666666668
200.0077366592168,385.8963,585.879,485.8877,0.0917,1.8064,0.6212,168,5.843333333333334,200.7594170531364,385.6559,586.4253,486.0406,0.0,1.9501,0.9691,168,5.843333333333334,201.18645950809324,385.2356,586.2482,485.7419,0.1167,1.4093,0.6401,168,5.843333333333334,202.21491974629362,385.3001,587.6473,486.4737,0.0,1.4196,1.8426,168,5.843333333333334,183.1993156563709,402.6797,585.879,494.2794,0.1583,1.9909,0.6212,168,5.843333333333334
200.23223043729172,385.9093,586.2603,486.0848,0.1,1.6668,0.6631,169,5.888333333333334,200.57771911363665,385.6687,586.27,485.9694,0.0,1.9913,0.8545,169,5.888333333333334,201.17548486258244,385.0718,586.2473,485.6595,0.125,1.2321,0.6458,169,5.888333333333334,202.20798123124212,385.3038,587.6473,486.4756,0.0,1.3957,1.8397,169,5.888333333333334,184.30540012860533,402.064,586.2603,494.1621,0.15,3.2533,0.6631,169,5.888333333333334
200.06332377459736,386.0666,586.2203,486.1435,0.1083,1.7031,0.6565,170,5.91,200.7886625239419,385.7696,586.5862,486.1779,0.0,1.9694,0.9082,170,5.91,201.16433442739066,385.0868,586.2511,485.669,0.125,1.2639,0.6477,170,5.91,202.19927213907664,385.3105,587.6496,486.4801,0.0,1.3934,1.8324,170,5.91,183.66830090562354,402.6538,586.2203,494.4371,0.1583,2.7269,0.6565,170,5.91
200.25394610722375,385.9016,586.276,486.0888,0.1,1.606,0.6097,171,5.943333333333333,200.59302743583257,385.6635,586.2832,485.9734,0.0,2.0254,0.7922,171,5.943333333333333,201.25875826608865,385.2011,586.2545,485.7278,0.1,1.4056,0.6357,171,5.943333333333333,202.21898344172416,385.2947,587.6514,486.4731,0.0,1.3218,1.8393,171,5.943333333333333,183.91507672292445,402.4748,586.276,494.3754,0.175,2.8557,0.6097,171,5.943333333333333
199.99166457642616,386.0408,586.1893,486.115,0.0667,1.7416,0.6508,172,5.986666666666667,200.35047622426498,385.8025,586.0172,485.9098,0.0,2.0954,0.6388,172,5.986666666666667,200.86097151023768,385.3936,586.2545,485.824,0.1333,1.3448,0.6266,172,5.986666666666667,202.09684125914126,385.4158,587.6377,486.5268,0.0,1.3838,1.778,172,5.986666666666667,184.677631850916,401.5117,586.1893,493.8505,0.1083,3.4552,0.6508,172,5.986666666666667
199.99436979704464,386.037,586.1874,486.1122,0.0667,1.7644,0.6746,173,6.010000000000001,200.35141970112917,385.8003,586.0159,485.9081,0.0,2.0757,0.6225,173,6.010000000000001,200.85885985372548,385.3942,586.2531,485.8236,0.1333,1.3151,0.6264,173,6.010000000000001,202.09652715164955,385.414,587.6365,486.5253,0.0,1.383,1.7775,173,6.010000000000001,187.63159200188252,398.5558,586.1874,492.3716,0.0833,5.965,0.6746,173,6.010000000000001
199.99340913674237,386.0384,586.1879,486.1131,0.0667,1.8216,0.6741,174,6.043333333333334,200.349861558229,385.8023,586.0165,485.9094,0.0,2.0732,0.6346,174,6.043333333333334,200.85839545263588,385.394,586.2524,485.8232,0.1333,1.3151,0.626,174,6.043333333333334,202.0988553459456,385.4124,587.6371,486.5248,0.0,1.384,1.7782,174,6.043333333333334,188.30817164876063,397.8797,586.1879,492.0338,0.075,6.3606,0.6741,174,6.043333333333334
200.02702834997112,386.0382,586.2288,486.1335,0.0833,1.8164,0.704,175,6.090000000000001,200.44820556539338,385.8019,586.1759,485.9889,0.0,2.0734,0.7,175,6.090000000000001,200.85839545263588,385.394,586.2524,485.8232,0.1333,1.3151,0.626,175,6.090000000000001,202.0988553459456,385.4124,587.6371,486.5248,0.0,1.384,1.7782,175,6.090000000000001,188.37187521580728,397.8797,586.2288,492.0542,0.0917,6.3604,0.704,175,6.090000000000001
200.30593036540773,385.4626,585.6036,485.5331,0.0833,2.3325,0.6356,176,6.116666666666667,200.85426036975997,385.6023,586.4707,486.0365,0.0167,2.2343,1.073,176,6.116666666666667,200.92400563158262,385.0891,586.0131,485.5511,0.1167,1.5497,0.7304,176,6.116666666666667,202.06941025406803,385.1726,587.4464,486.3095,0.0,1.818,1.6128,176,6.116666666666667,182.92914223673677,402.8603,585.7894,494.3249,0.1417,3.1454,0.7211,176,6.116666666666667
200.80205790773186,385.123,585.601,485.362,0.1,2.1452,0.6245,177,6.1433333333333335,200.89304394597934,385.5619,586.4653,486.0136,0.0167,2.2543,1.0832,177,6.1433333333333335,200.73204635054952,385.2765,586.0085,485.6425,0.1083,1.4334,0.7095,177,6.1433333333333335,202.1116155339785,385.1088,587.4457,486.2772,0.0,1.8453,1.6164,177,6.1433333333333335,184.63489401428404,401.1474,585.7823,493.4648,0.1333,3.5521,0.7364,177,6.1433333333333335
199.69226934992773,385.7283,585.3998,485.564,0.1167,1.6628,0.6868,178,6.176666666666667,200.54239302219278,385.7666,586.325,486.0458,0.0083,2.0265,1.1848,178,6.176666666666667,201.4547211516529,384.8589,586.3369,485.5979,0.075,2.0121,0.7452,178,6.176666666666667,202.22742701361526,384.9622,587.41,486.1861,0.0,1.9306,1.8204,178,6.176666666666667,182.90899883461518,402.6872,585.5962,494.1417,0.1417,3.2612,0.6652,178,6.176666666666667
200.93007047144738,384.8052,585.329,485.0671,0.1167,1.8857,0.6165,179,6.211666666666667,200.60200421682,385.704,586.3118,486.0079,0.0083,1.9243,1.1866,179,6.211666666666667,201.32542057754262,384.9614,586.3276,485.6445,0.0667,1.9564,0.7535,179,6.211666666666667,202.2211139134452,384.9614,587.4019,486.1817,0.0,1.9564,1.8344,179,6.211666666666667,184.19919346398254,401.3129,585.5121,493.4125,0.15,3.9868,0.6399,179,6.211666666666667
200.54067994050448,385.0663,585.3277,485.197,0.1083,1.9973,0.6209,180,6.243333333333334,200.50320474017224,385.8015,586.3131,486.0573,0.0083,2.1744,1.2038,180,6.243333333333334,201.44270679414169,384.8586,586.3286,485.5936,0.075,2.0511,0.7511,180,6.243333333333334,202.21382424174223,384.9637,587.4029,486.1833,0.0,1.9376,1.8352,180,6.243333333333334,184.2248858437595,401.3838,585.6087,493.4963,0.1417,3.955,0.6828,180,6.243333333333334
200.6001777203264,385.0174,585.3376,485.1775,0.1083,1.8845,0.5564,181,6.276666666666667,200.53707949949734,385.7606,586.3102,486.0354,0.0083,1.9122,1.195,181,6.276666666666667,201.3177260239049,384.8634,586.1814,485.5224,0.0917,2.0453,0.7347,181,6.276666666666667,202.1934855242877,384.9687,587.3928,486.1807,0.0,1.8607,1.8048,181,6.276666666666667,187.87241546294612,397.7408,585.6132,491.677,0.1167,7.3164,0.6922,181,6.276666666666667
200.05661847288076,385.2844,585.236,485.2602,0.125,1.6299,0.5659,182,6.3100000000000005,200.54989364163822,385.7247,586.2854,486.0051,0.0083,2.3675,1.166,182,6.3100000000000005,201.3406674726513,384.8371,586.1636,485.5003,0.0917,1.9938,0.7342,182,6.3100000000000005,202.18935874552412,384.9386,587.3652,486.1519,0.0,1.8943,1.7491,182,6.3100000000000005,183.746187644745,401.7236,585.4698,493.5967,0.1583,3.1955,0.6604,182,6.3100000000000005
200.0052203963587,385.2906,585.2307,485.2606,0.125,1.7834,0.578,183,6.343333333333334,200.52711437354637,385.7354,586.2692,486.0023,0.0083,2.3722,1.1652,183,6.343333333333334,201.42721480220823,384.8154,586.2909,485.5532,0.075,1.7081,0.7745,183,6.343333333333334,202.21709523167902,384.9228,587.3548,486.1388,0.0,1.5895,1.6935,183,6.343333333333334,183.85640566969087,401.6096,585.466,493.5378,0.1583,3.38,0.6818,183,6.343333333333334
200.1504462164264,385.3131,585.2315,485.2723,0.1083,2.0851,0.5773,184,6.378333333333334,200.6032923580584,385.6567,586.2688,485.9628,0.0083,1.994,1.1647,184,6.378333333333334,201.423912581531,384.8188,586.2906,485.5547,0.075,1.7058,0.7745,184,6.378333333333334,202.21245859936025,384.9258,587.3544,486.1401,0.0,1.5913,1.69,184,6.378333333333334,183.8273424494799,401.6392,585.4665,493.5529,0.1583,3.3139,0.6801,184,6.378333333333334
200.2064765623532,385.2616,585.2318,485.2467,0.1083,2.0839,0.5771,185,6.411666666666667,200.65498580046886,385.6071,586.2692,485.9382,0.0083,1.946,1.1651,185,6.411666666666667,201.33157893195744,384.8177,586.15,485.4838,0.0917,1.7075,0.7382,185,6.411666666666667,202.1861705674571,384.9249,587.3342,486.1296,0.0,1.5902,1.6922,185,6.411666666666667,185.05293303574004,400.4144,585.4673,492.9409,0.15,3.5966,0.6795,185,6.411666666666667
200.9488369086947,384.9424,585.5105,485.2264,0.0583,1.7963,0.6763,186,6.445,200.79570782475523,385.446,586.2449,485.8455,0.0,1.7523,0.9367,186,6.445,201.13851999602014,384.8808,585.9713,485.4261,0.075,1.7058,0.7171,186,6.445,202.224329184494,384.8808,587.3217,486.1013,0.0,1.7058,1.6168,186,6.445,184.23102384237643,401.2794,585.5105,493.3949,0.1167,3.527,0.6763,186,6.445
200.9871652454032,384.9266,585.5176,485.2221,0.0583,1.6987,0.6496,187,6.4766666666666675,200.81199707527594,385.437,586.2472,485.8421,0.0,1.8636,0.9395,187,6.4766666666666675,201.14156852918748,384.8808,585.9706,485.4257,0.075,1.7114,0.7149,187,6.4766666666666675,202.2235843975202,384.8808,587.3214,486.1011,0.0,1.7114,1.6164,187,6.4766666666666675,184.32652249455677,401.1911,585.5176,493.3543,0.125,3.6873,0.6496,187,6.4766666666666675
200.95670748300472,384.8858,585.4425,485.1641,0.075,1.7121,0.6598,188,6.526666666666667,200.6848514734102,385.6757,586.3797,486.0277,0.0,1.7103,1.0646,188,6.526666666666667,201.16893832088823,384.8838,585.9753,485.4296,0.075,1.6551,0.7071,188,6.526666666666667,202.23267529997483,384.8838,587.325,486.1044,0.0,1.6551,1.609,188,6.526666666666667,183.76227184381,401.6802,585.4425,493.5614,0.1417,3.5777,0.6598,188,6.526666666666667
200.940576822246,384.9499,585.5437,485.2468,0.0667,1.6759,0.6933,189,6.543333333333334,200.83459557347462,385.4529,586.2858,485.8694,0.0,1.8274,0.9889,189,6.543333333333334,200.95385982326113,384.8762,585.7609,485.3185,0.0917,1.673,0.6453,189,6.543333333333334,202.2496146404279,384.8762,587.3326,486.1044,0.0,1.673,1.6735,189,6.543333333333334,183.94282482588667,401.6009,585.5437,493.5723,0.1333,3.1735,0.6933,189,6.543333333333334
200.91353280457463,384.9635,585.5483,485.2559,0.0667,1.6779,0.6972,190,6.576666666666667,200.8122431391504,385.4512,586.2855,485.8683,0.0,1.7193,1.0104,190,6.576666666666667,200.95541977139268,384.9083,585.7627,485.3355,0.0917,1.6459,0.6468,190,6.576666666666667,202.2328149902722,384.9083,587.3358,486.122,0.0,1.6459,1.6698,190,6.576666666666667,184.36720550127572,401.181,585.5483,493.3646,0.1417,3.7371,0.6972,190,6.576666666666667
200.97533260354732,384.9623,585.5203,485.2413,0.0667,1.719,0.7607,191,6.611666666666667,200.86296531486562,385.4504,586.32,485.8852,0.0,1.7789,1.0119,191,6.611666666666667,200.93672865204678,384.9058,585.7546,485.3302,0.0917,1.6764,0.6856,191,6.611666666666667,202.26657393352758,384.9058,587.3565,486.1311,0.0,1.6764,1.7041,191,6.611666666666667,184.44526155086245,401.075,585.5203,493.2977,0.1583,3.5009,0.7607,191,6.611666666666667
200.3373822844226,385.3843,585.5662,485.4753,0.0833,1.7935,0.7033,192,6.6433333333333335,200.45990899587716,385.8642,586.3458,486.105,0.0,1.8414,0.9462,192,6.6433333333333335,201.14301155261478,384.8737,585.9088,485.3913,0.0917,1.6886,0.6191,192,6.6433333333333335,202.211175570366,384.9958,587.3871,486.1914,0.0,1.6324,1.6611,192,6.6433333333333335,182.45422005684395,403.112,585.5662,494.3391,0.1583,2.216,0.7033,192,6.6433333333333335
200.3818027203763,385.4225,585.6625,485.5425,0.0833,1.8784,0.7449,193,6.676666666666667,200.50050480897477,385.8841,586.4163,486.1502,0.0,1.7665,0.9938,193,6.676666666666667,201.098678956086,384.8803,585.9202,485.4002,0.1,1.6486,0.7072,193,6.676666666666667,202.2705703408742,385.0032,587.4811,486.2421,0.0,1.6086,1.6827,193,6.676666666666667,182.88855192205088,402.774,585.6625,494.2182,0.15,2.7214,0.7449,193,6.676666666666667
200.35081871791186,385.4954,585.7928,485.6441,0.0833,1.6983,0.8088,194,6.710000000000001,200.49270104773208,385.9069,586.4293,486.1681,0.0,1.8494,0.9602,194,6.710000000000001,201.25444463786704,384.895,586.0353,485.4652,0.0917,1.7166,0.6516,194,6.710000000000001,202.26431440203092,385.019,587.4794,486.2492,0.0,1.6909,1.6838,194,6.710000000000001,182.8449712213588,402.9478,585.7928,494.3703,0.1417,2.1624,0.8088,194,6.710000000000001
200.20482489545407,385.8402,585.7924,485.8163,0.05,2.0144,0.8077,195,6.745,200.4808572369006,386.0306,586.5065,486.2685,0.0,2.045,1.0818,195,6.745,201.07405885952946,385.0511,586.0353,485.5432,0.0833,1.7743,0.6516,195,6.745,202.22146999895494,385.0511,587.4794,486.2653,0.0,1.7743,1.6838,195,6.745,182.97477016253862,402.8176,585.7924,494.305,0.1333,2.4721,0.8077,195,6.745
200.44856476995676,385.3612,585.6096,485.4854,0.0667,1.6156,0.693,196,6.781666666666667,201.03326126709345,385.4053,586.5022,485.9537,0.0,1.7974,0.825,196,6.781666666666667,202.11241804146346,384.9395,587.158,486.0488,0.0583,1.3075,1.237,196,6.781666666666667,202.57515841822232,385.1001,587.7578,486.4289,0.0,1.6023,1.7803,196,6.781666666666667,187.86512919142103,397.7445,585.6096,491.677,0.1,6.0076,0.693,196,6.781666666666667
200.39276877117416,385.4189,585.695,485.5569,0.075,1.5783,0.674,197,6.811666666666668,201.08330027554322,385.4382,586.584,486.0111,0.0,1.8685,0.859,197,6.811666666666668,202.13059341905716,384.9179,587.161,486.0394,0.0667,1.3899,1.2351,197,6.811666666666668,202.57495311972343,385.0983,587.756,486.4271,0.0,1.6103,1.7911,197,6.811666666666668,187.9781830978031,397.7168,585.695,491.7059,0.0917,6.138,0.674,197,6.811666666666668
200.42226219388095,385.3886,585.6994,485.544,0.075,1.4072,0.6729,198,6.843333333333334,201.11564745203074,385.4077,586.5885,485.9981,0.0,1.8509,0.8707,198,6.843333333333334,202.1338304046115,384.9205,587.1585,486.0395,0.0667,1.3944,1.2371,198,6.843333333333334,202.56733490322574,385.1021,587.7537,486.4279,0.0,1.6158,1.7906,198,6.843333333333334,187.90287988498372,397.7965,585.6994,491.748,0.0917,6.0324,0.6729,198,6.843333333333334
200.36637723983344,385.4146,585.6108,485.5127,0.075,1.296,0.6576,199,6.876666666666667,201.2661686425635,385.4124,586.7123,486.0623,0.0,1.86,1.0881,199,6.876666666666667,202.12678792899882,384.9405,587.1586,486.0496,0.0583,1.4097,1.2374,199,6.876666666666667,202.5685037611778,385.1019,587.755,486.4284,0.0,1.6204,1.791,199,6.876666666666667,187.80342672594105,397.8073,585.6108,491.7091,0.1,6.0232,0.6576,199,6.876666666666667
200.4517742285001,385.3634,585.6117,485.4876,0.0667,1.4649,0.6606,200,6.911666666666667,201.2701827319092,385.4111,586.7157,486.0634,0.0,1.8152,1.097,200,6.911666666666667,202.1365796064562,384.9206,587.1595,486.0401,0.0667,1.3496,1.2351,200,6.911666666666667,202.56869408930427,385.1018,587.756,486.4289,0.0,1.613,1.7728,200,6.911666666666667,187.8403788407666,397.7714,585.6117,491.6915,0.1,5.9236,0.6606,200,6.911666666666667
200.50679707863952,385.3856,585.7846,485.5851,0.05,1.5337,0.6446,201,6.943333333333333,200.48818510342687,385.7261,586.2111,485.9686,0.0,1.9042,0.7299,201,6.943333333333333,201.88796729294012,385.0926,587.0608,486.0767,0.0583,1.559,1.1799,201,6.943333333333333,202.4841265370451,385.2172,587.7597,486.4885,0.0,1.7032,1.7884,201,6.943333333333333,182.6410183596623,403.1435,585.7846,494.4641,0.125,2.2708,0.6446,201,6.943333333333333
200.39770073162956,385.3932,585.6144,485.5038,0.0667,1.4847,0.6363,202,6.9766666666666675,200.7789379719103,385.7339,586.5789,486.1564,0.0,1.8766,0.9133,202,6.9766666666666675,202.0357810848582,384.9276,587.0608,485.9942,0.075,1.3852,1.1522,202,6.9766666666666675,202.56872971595382,385.1151,587.7594,486.4372,0.0,1.6162,1.7899,202,6.9766666666666675,182.45279144101065,403.1616,585.6144,494.388,0.1417,2.2222,0.6363,202,6.9766666666666675
200.41850311027176,385.4228,585.7023,485.5626,0.05,1.4752,0.659,203,7.015000000000001,200.88528134711643,385.485,586.4813,485.9831,0.0,1.7484,0.8395,203,7.015000000000001,202.03209425660935,384.9326,587.0616,485.9971,0.075,1.3935,1.1699,203,7.015000000000001,202.5657971813074,385.1195,587.7607,486.4401,0.0,1.6025,1.787,203,7.015000000000001,183.83698504932127,401.8653,585.7023,493.7838,0.125,3.7703,0.659,203,7.015000000000001
200.42685223906557,385.4147,585.7028,485.5587,0.05,1.4793,0.6561,204,7.043333333333334,200.89290533438708,385.4788,586.4817,485.9803,0.0,1.7531,0.8391,204,7.043333333333334,201.79434789768067,384.9301,586.793,485.8616,0.0917,1.3926,0.8931,204,7.043333333333334,202.5677315156915,385.1169,587.76,486.4385,0.0,1.604,1.7861,204,7.043333333333334,182.59440447116285,403.1084,585.7028,494.4056,0.1417,2.3814,0.6561,204,7.043333333333334
200.42515876965433,385.416,585.7019,485.559,0.05,1.4995,0.6593,205,7.076666666666667,200.89172380887217,385.4782,586.481,485.9796,0.0,1.7084,0.8394,205,7.076666666666667,201.7927383025555,384.9315,586.793,485.8623,0.0917,1.3931,0.8931,205,7.076666666666667,202.56603086972032,385.1185,587.76,486.4393,0.0,1.603,1.7861,205,7.076666666666667,182.59850724976232,403.1034,585.7019,494.4027,0.1417,2.3834,0.6593,205,7.076666666666667
200.71941293282262,385.3452,586.0552,485.7002,0.0583,1.8848,0.5579,206,7.12,200.6726201127335,385.6323,586.3573,485.9948,0.0083,2.0885,0.8152,206,7.12,201.50414615288813,385.0038,586.508,485.7559,0.1083,1.55,0.6634,206,7.12,202.29358663906535,385.1131,587.6641,486.3886,0.0,1.5404,1.5634,206,7.12,182.78617937182852,403.269,586.0552,494.6621,0.1583,2.4589,0.5579,206,7.12
200.92572689036373,385.2,586.1264,485.6632,0.0667,1.7465,0.69,207,7.1433333333333335,200.67640117193773,385.6225,586.3558,485.9892,0.0083,2.0219,0.816,207,7.1433333333333335,201.49473223869506,385.0129,586.5077,485.7603,0.1083,1.5617,0.6367,207,7.1433333333333335,202.27767825836816,385.1213,587.6582,486.3898,0.0,1.5333,1.5637,207,7.1433333333333335,183.5265790965354,402.6876,586.1264,494.407,0.15,2.2984,0.69,207,7.1433333333333335
200.92958088644403,385.1941,586.1237,485.6589,0.0667,1.6756,0.6906,208,7.176666666666667,200.68567073021637,385.612,586.3548,485.9834,0.0083,1.9342,0.8313,208,7.176666666666667,201.52213396187975,385.0421,586.507,485.7745,0.0833,1.2998,0.6592,208,7.176666666666667,202.40246556168725,385.0288,587.6575,486.3431,0.0,1.4622,1.5762,208,7.176666666666667,183.53312692696653,402.6827,586.1237,494.4032,0.15,2.284,0.6906,208,7.176666666666667
200.64700522495662,385.433,586.0923,485.7627,0.05,2.2456,0.6067,209,7.220000000000001,200.5330799872046,385.5738,586.0314,485.8026,0.0083,2.3624,0.627,209,7.220000000000001,201.27000758706387,385.2208,586.4908,485.8558,0.1083,1.1387,0.6572,209,7.220000000000001,202.39858774600273,385.0269,587.6497,486.3383,0.0,1.4309,1.5671,209,7.220000000000001,184.53266976842747,401.6436,586.0923,493.8679,0.15,3.5021,0.6067,209,7.220000000000001
200.79459188797446,385.3208,586.111,485.7159,0.0583,1.8784,0.6031,210,7.243333333333334,200.5214456460581,385.5986,586.037,485.8178,0.0083,2.2814,0.6474,210,7.243333333333334,201.27002618034447,385.2249,586.495,485.86,0.1083,1.0378,0.6762,210,7.243333333333334,202.40483209705445,385.0197,587.6504,486.335,0.0,1.4247,1.5663,210,7.243333333333334,183.48655163777326,402.6895,586.111,494.4002,0.15,2.2551,0.6031,210,7.243333333333334
200.80768173427774,385.2755,585.781,485.5283,0.0667,1.9473,0.6111,211,7.276666666666667,200.54757451440537,385.5724,586.033,485.8027,0.025,2.1945,0.6421,211,7.276666666666667,201.49565868824055,385.035,586.4971,485.7661,0.1,1.2916,0.6655,211,7.276666666666667,202.28404796349594,385.1118,587.6527,486.3822,0.0,1.4813,1.5636,211,7.276666666666667,183.08718600951607,402.6938,585.781,494.2374,0.1417,2.3305,0.6111,211,7.276666666666667
200.82249882408254,385.2884,586.1054,485.6969,0.0667,1.8125,0.5969,212,7.321666666666667,200.54133048493134,385.5762,586.0361,485.8062,0.0167,2.1918,0.6493,212,7.321666666666667,201.50675022518823,384.9907,586.4974,485.7441,0.1083,1.4285,0.674,212,7.321666666666667,202.2873847336062,385.1134,587.6538,486.3836,0.0,1.5019,1.5648,212,7.321666666666667,184.49797201636636,401.6789,586.1054,493.8921,0.1417,3.2356,0.5969,212,7.321666666666667
200.96010120607465,385.1437,586.108,485.6259,0.075,1.8263,0.6076,213,7.343333333333334,200.53859901610804,385.5834,586.0382,485.8108,0.0167,2.0989,0.6488,213,7.343333333333334,201.46104525781786,385.0357,586.4967,485.7662,0.1167,1.5357,0.6576,213,7.343333333333334,202.28615974670925,385.1147,587.6552,486.385,0.0,1.517,1.5638,213,7.343333333333334,184.4867448707316,401.6927,586.108,493.9003,0.1417,3.1115,0.6076,213,7.343333333333334
200.80324051540433,385.3104,586.1077,485.709,0.0667,1.7837,0.6052,214,7.376666666666667,200.5233954163491,385.5999,586.0347,485.8173,0.0167,2.1347,0.6505,214,7.376666666666667,201.49714488421776,385.0008,586.498,485.7494,0.1083,1.5025,0.6654,214,7.376666666666667,202.292112779772,385.1139,587.6642,486.389,0.0,1.5015,1.5584,214,7.376666666666667,184.4920010783041,401.6837,586.1077,493.8957,0.1417,3.1705,0.6052,214,7.376666666666667
200.7863795925264,385.308,585.7825,485.5452,0.0583,1.8273,0.6246,215,7.420000000000001,200.52494248116284,385.6001,586.0337,485.8169,0.0167,2.1312,0.641,215,7.420000000000001,201.49984168388454,384.9987,586.4985,485.7486,0.1083,1.4933,0.6667,215,7.420000000000001,202.29419064791142,385.1117,587.664,486.3878,0.0,1.4926,1.5609,215,7.420000000000001,182.46959792694568,403.3129,585.7825,494.5477,0.15,2.5804,0.6246,215,7.420000000000001
201.33544692330582,384.9325,586.2693,485.6009,0.0833,1.0499,0.7659,216,7.45,201.02984561868234,385.5164,586.583,486.0497,0.0,1.6468,0.8775,216,7.45,201.88932265876184,385.1279,586.9439,486.0359,0.125,0.9477,0.8587,216,7.45,202.83063163662172,385.002,587.989,486.4955,0.0,1.2165,1.8219,216,7.45,186.35414585664589,399.9419,586.2693,493.1056,0.125,3.912,0.7659,216,7.45
201.37700858199312,384.8967,586.2669,485.5818,0.075,1.1296,0.7762,217,7.4766666666666675,201.06581835498957,385.4782,586.5836,486.0309,0.0,1.7416,0.8713,217,7.4766666666666675,201.59625527565493,385.2091,587.0027,486.1059,0.1333,1.0055,0.8956,217,7.4766666666666675,202.82659155731085,385.0045,587.9828,486.4937,0.0,1.2565,1.8187,217,7.4766666666666675,184.74270870733156,401.5628,586.2669,493.9148,0.1333,3.4459,0.7762,217,7.4766666666666675
201.17290081431057,385.074,586.2469,485.6604,0.1,1.2716,0.6774,218,7.526666666666667,201.03876094206694,385.4921,586.5654,486.0288,0.0,1.7982,0.8261,218,7.526666666666667,201.56720929242658,385.3106,586.9137,486.1121,0.1083,1.6012,0.8255,218,7.526666666666667,202.75993523522374,385.0034,587.9194,486.4614,0.0,1.1774,1.7727,218,7.526666666666667,184.16655863606337,402.1249,586.2469,494.1859,0.125,2.9926,0.6774,218,7.526666666666667
201.1771856726603,385.0727,586.2498,485.6613,0.1,1.2735,0.6766,219,7.543333333333334,201.04034676313236,385.4908,586.5672,486.029,0.0,1.8041,0.8369,219,7.543333333333334,201.5593244367159,385.3161,586.9132,486.1146,0.1083,1.6257,0.8378,219,7.543333333333334,202.752257142263,385.0052,587.919,486.4621,0.0,1.1905,1.7842,219,7.543333333333334,184.16287309203278,402.1269,586.2498,494.1884,0.125,2.9893,0.6766,219,7.543333333333334
201.2706066134627,384.9774,586.2497,485.6135,0.0917,0.9119,0.6891,220,7.576666666666667,201.21845906904065,385.3384,586.5677,485.953,0.0,1.4856,0.8519,220,7.576666666666667,201.55649024435303,385.3184,586.9129,486.1156,0.1083,1.6292,0.8378,220,7.576666666666667,202.75222854893323,385.0006,587.9188,486.4597,0.0,1.202,1.7839,220,7.576666666666667,184.22131219396306,402.0708,586.2497,494.1602,0.125,3.501,0.6891,220,7.576666666666667
201.36909314510854,384.7857,586.1636,485.4746,0.05,1.5193,0.8011,221,7.611666666666667,201.33863125085045,385.0988,586.4916,485.7952,0.0,1.4343,1.0112,221,7.611666666666667,201.28467826124947,385.2522,586.47,485.8611,0.1083,1.5617,0.6968,221,7.611666666666667,202.70909555414508,384.9281,587.8247,486.3764,0.0,1.2717,1.9732,221,7.611666666666667,184.14461438938153,402.0756,586.1636,494.1196,0.1417,3.4474,0.8011,221,7.611666666666667
201.29884428424293,384.7716,586.053,485.4123,0.0667,1.4425,0.8949,222,7.6433333333333335,200.91711464261365,385.1827,586.1754,485.679,0.0167,1.5577,0.9181,222,7.6433333333333335,201.77978250235734,384.9803,586.8217,485.901,0.0667,1.3471,1.1193,222,7.6433333333333335,202.73521873200963,384.8389,587.7357,486.2873,0.0,1.3305,2.0017,222,7.6433333333333335,182.91935281852807,403.1665,586.0826,494.6246,0.1583,3.4886,0.8828,222,7.6433333333333335
201.47028755128036,384.5633,586.0804,485.3218,0.15,1.1968,0.8306,223,7.676666666666667,200.81812016013137,385.2758,586.1601,485.7179,0.0417,1.9963,0.9066,223,7.676666666666667,201.6741367950934,384.9121,586.6712,485.7917,0.075,1.3264,0.9026,223,7.676666666666667,202.74179865561757,384.7743,587.7138,486.2441,0.0,1.2022,2.0037,223,7.676666666666667,183.004655596929,403.0538,586.0585,494.5562,0.1667,3.4558,0.7974,223,7.676666666666667
201.63177530625916,384.5024,586.1305,485.3165,0.1167,1.5058,0.8444,224,7.710000000000001,201.02439055835794,385.1959,586.2593,485.7276,0.0333,1.619,0.9899,224,7.710000000000001,201.62674227929728,384.962,586.6579,485.81,0.0917,1.3132,0.887,224,7.710000000000001,202.63007045784067,384.7511,587.5464,486.1488,0.0,1.2541,1.6719,224,7.710000000000001,183.28084597900406,402.7077,585.9885,494.3481,0.1667,3.6093,0.7141,224,7.710000000000001
201.39617663470597,384.4638,585.3737,484.9187,0.1333,1.6132,0.4999,225,7.745,201.0639219777138,385.1526,586.2563,485.7045,0.0333,1.5894,0.9724,225,7.745,201.61933773384908,384.9684,586.6565,485.8125,0.0917,1.3109,0.9229,225,7.745,202.62212099653402,384.7563,587.547,486.1516,0.0,1.2425,1.6888,225,7.745,183.92655039470014,402.0626,585.9892,494.0259,0.1167,2.9454,0.7296,225,7.745
200.9177162966303,384.9635,585.7232,485.3434,0.0583,2.0607,0.6605,226,7.781666666666667,200.42968542114227,385.3813,585.6774,485.5294,0.0167,2.0299,0.7422,226,7.781666666666667,201.4949519597071,384.7715,586.2244,485.4979,0.0833,1.0944,0.6829,226,7.781666666666667,202.35948556920232,384.7615,587.3402,486.0508,0.0,1.0751,1.7486,226,7.781666666666667,188.09479636212336,397.6284,585.7232,491.6758,0.1,6.2406,0.6605,226,7.781666666666667
200.88603175426456,384.8418,585.388,485.1149,0.1083,1.9805,0.6811,227,7.8066666666666675,200.41431477656985,385.381,585.6829,485.5319,0.025,2.0357,0.7288,227,7.8066666666666675,201.30514474284692,384.92,586.2251,485.5726,0.1333,0.7463,0.6776,227,7.8066666666666675,202.3409988486645,384.7739,587.3391,486.0565,0.0,1.0764,1.7256,227,7.8066666666666675,185.73571971327598,399.9878,585.7235,492.8557,0.1,3.449,0.6748,227,7.8066666666666675
200.95560578180323,384.9688,585.8215,485.3952,0.05,1.9249,0.6394,228,7.843333333333334,200.41571678913434,385.3881,585.6639,485.526,0.0167,2.0742,0.7689,228,7.843333333333334,201.3081584140206,384.9128,586.2209,485.5669,0.1333,0.756,0.6587,228,7.843333333333334,202.33710501962992,384.7839,587.3383,486.0611,0.0,1.1361,1.7462,228,7.843333333333334,188.69442873303734,397.1271,585.8215,491.4743,0.1,6.3727,0.6394,228,7.843333333333334
200.9622090840143,384.9707,585.824,485.3974,0.05,1.6581,0.675,229,7.876666666666667,200.41862170983686,385.3904,585.6595,485.5249,0.0167,1.7316,0.8003,229,7.876666666666667,201.4394527311059,384.7912,586.0823,485.4368,0.0833,1.0873,0.6704,229,7.876666666666667,202.39498845854527,384.7757,587.3617,486.0687,0.0,1.0714,1.7866,229,7.876666666666667,187.98043206877102,397.8436,585.824,491.8338,0.075,6.6026,0.675,229,7.876666666666667
200.99538974030122,384.9294,585.8691,485.3993,0.0583,1.9953,0.5949,230,7.91,200.26693568281368,385.4919,585.6655,485.5787,0.0083,1.9688,0.6223,230,7.91,201.34291526007985,384.783,585.9837,485.3833,0.0917,1.236,0.6354,230,7.91,202.28924231880012,384.9018,587.3594,486.1306,0.0,1.1766,1.722,230,7.91,183.76898128608346,402.1002,585.8691,493.9846,0.1167,2.6668,0.5949,230,7.91
200.56192081958076,385.0947,585.3011,485.1979,0.1,2.1362,0.5697,231,7.943333333333334,200.23868003485617,385.5159,585.6621,485.589,0.0167,2.5131,0.6627,231,7.943333333333334,200.86119001698455,385.0069,585.8681,485.4375,0.15,1.0052,0.6576,231,7.943333333333334,202.2715850665293,384.9062,587.3553,486.1308,0.0,1.2601,1.7175,231,7.943333333333334,182.9549222930791,402.8637,585.8186,494.3411,0.1417,2.2821,0.5889,231,7.943333333333334
200.43598784666128,385.291,585.368,485.3295,0.0833,2.0365,0.7494,232,7.9766666666666675,200.232156906712,385.569,585.7272,485.6481,0.0083,2.0496,0.632,232,7.9766666666666675,200.82631988153526,385.0992,585.9255,485.5123,0.15,1.0351,0.649,232,7.9766666666666675,202.24753399863494,384.9239,587.3796,486.1517,0.0,1.2751,1.6749,232,7.9766666666666675,188.31721974414953,397.5687,585.8859,491.7273,0.0667,6.3835,0.707,232,7.9766666666666675
200.41502904545283,385.3113,585.3889,485.3501,0.0833,2.0535,0.7576,233,8.01,200.22270806351275,385.5944,585.7349,485.6647,0.0083,2.121,0.6362,233,8.01,200.83203282148568,385.1069,585.939,485.523,0.1417,0.9898,0.6732,233,8.01,202.33956397821078,384.8366,587.3917,486.1141,0.0,1.3717,1.6701,233,8.01,187.88955391349464,398.0042,585.8938,491.949,0.075,6.7601,0.7431,233,8.01
200.42095330322945,385.3471,585.3912,485.3692,0.0833,2.0161,0.7359,234,8.043333333333333,200.18550271473057,385.6265,585.7316,485.679,0.0083,2.0635,0.6427,234,8.043333333333333,200.8551080204468,385.1007,585.9558,485.5282,0.1417,0.9968,0.6837,234,8.043333333333333,202.3658888523872,384.8398,587.4145,486.1271,0.0,1.38,1.6761,234,8.043333333333333,187.91709372651178,398.0042,585.9213,491.9627,0.0833,6.6248,0.8507,234,8.043333333333333
200.3983120919282,385.385,585.3909,485.388,0.0833,2.0529,0.7447,235,8.076666666666668,200.15064954804268,385.6661,585.7313,485.6987,0.0083,2.1447,0.6431,235,8.076666666666668,200.84053628625327,385.1153,585.9558,485.5355,0.1417,0.9999,0.6837,235,8.076666666666668,202.3434173907688,384.8454,587.4145,486.13,0.0,1.3514,1.6761,235,8.076666666666668,186.9519967014668,398.969,585.921,492.445,0.1,5.2034,0.8507,235,8.076666666666668
200.99577447420336,384.9724,585.7878,485.3801,0.0583,1.7705,0.5318,236,8.115,200.7369224534106,385.2508,585.6814,485.4661,0.0083,1.8024,0.6092,236,8.115,201.6610963522448,384.947,586.7628,485.8549,0.1,1.1316,0.822,236,8.115,202.60079886178767,385.0406,587.7861,486.4134,0.0,1.4754,1.9797,236,8.115,184.25860369626253,401.5292,585.7878,493.6585,0.1333,2.9536,0.5318,236,8.115
200.8440561150105,384.9933,585.4922,485.2428,0.0917,1.6853,0.478,237,8.143333333333334,200.69559163852657,385.2687,585.685,485.4769,0.0167,1.7254,0.5574,237,8.143333333333334,201.54632337390214,385.0497,586.7496,485.8996,0.125,1.0533,0.8663,237,8.143333333333334,202.58765806229317,385.0468,587.7771,486.412,0.0,1.4233,1.9789,237,8.143333333333334,183.1307019257318,402.4681,585.5989,494.0335,0.15,2.5058,0.516,237,8.143333333333334
201.2079731039111,384.8229,585.5759,485.1994,0.0583,1.7618,0.556,238,8.176666666666668,200.9518776695367,385.109,585.6936,485.4013,0.0083,1.8601,0.632,238,8.176666666666668,201.51351416149288,385.0497,586.8057,485.9277,0.15,1.0141,0.8507,238,8.176666666666668,202.41777211928263,385.0541,587.6043,486.3292,0.0,1.3947,1.7176,238,8.176666666666668,184.84803833924278,400.7278,585.5759,493.1518,0.1167,3.5952,0.556,238,8.176666666666668
200.98511379225693,384.9485,585.5066,485.2275,0.1,1.5816,0.5198,239,8.211666666666668,200.33917060085162,385.5472,585.687,485.6171,0.0167,1.9801,0.5412,239,8.211666666666668,201.56209112175458,385.0146,586.7476,485.8811,0.1167,1.0789,0.8657,239,8.211666666666668,202.5832437592074,385.0504,587.7754,486.4129,0.0,1.4507,1.9832,239,8.211666666666668,183.82187445196806,401.7359,585.5578,493.6468,0.125,2.9386,0.5632,239,8.211666666666668
201.03029599776744,384.9263,585.7231,485.3247,0.0917,1.7259,0.4962,240,8.243333333333334,200.3821170330818,385.5012,585.6776,485.5894,0.0083,2.0573,0.6303,240,8.243333333333334,201.55066453747997,385.0101,586.6982,485.8542,0.1167,1.0579,0.7843,240,8.243333333333334,202.5445221561076,385.0504,587.7314,486.3909,0.0,1.4571,1.9014,240,8.243333333333334,184.59228692567046,401.1308,585.7231,493.4269,0.1417,3.1076,0.4962,240,8.243333333333334
201.03162039709943,384.923,585.7233,485.3232,0.0917,1.7256,0.4767,241,8.276666666666667,200.38358365010623,385.4971,585.6778,485.5875,0.0083,2.0503,0.6099,241,8.276666666666667,201.5736203727237,385.0107,586.7649,485.8878,0.1167,1.0581,0.8203,241,8.276666666666667,202.59202474866618,385.051,587.7879,486.4195,0.0,1.4577,1.9802,241,8.276666666666667,184.59531503873734,401.128,585.7233,493.4257,0.1417,3.1112,0.4767,241,8.276666666666667
201.0331911054746,384.9239,585.7173,485.3206,0.0917,1.7386,0.4798,242,8.31,200.3821497209665,385.4988,585.6664,485.5826,0.0083,1.9993,0.6111,242,8.31,201.56785871512034,385.0073,586.7594,485.8834,0.1167,1.0641,0.8207,242,8.31,202.58748547403326,385.0541,587.7835,486.4188,0.0,1.4316,1.9841,242,8.31,184.46814258617877,401.2491,585.7173,493.4832,0.1417,3.0933,0.4798,242,8.31
201.03276872060115,384.9282,585.7244,485.3263,0.0917,1.7535,0.47,243,8.345,200.38502538106212,385.5037,585.6775,485.5906,0.0083,2.038,0.6289,243,8.345,201.55196567293586,385.01,586.7009,485.8555,0.1167,1.0762,0.7722,243,8.345,202.5468334034418,385.0514,587.7341,486.3928,0.0,1.4574,1.9003,243,8.345,185.0188174638853,400.7056,585.7244,493.215,0.1417,3.572,0.47,243,8.345
200.8393499247388,385.1286,585.6701,485.3994,0.0667,1.6739,0.4974,244,8.376666666666667,200.32057902552506,385.5645,585.6775,485.621,0.0083,2.2346,0.6098,244,8.376666666666667,201.61248926441434,384.967,586.6981,485.8325,0.0917,1.4905,0.7693,244,8.376666666666667,202.5207849641914,385.0744,587.7312,486.4028,0.0,1.5162,1.9016,244,8.376666666666667,183.62669200839926,402.0434,585.6701,493.8568,0.1333,2.5047,0.4974,244,8.376666666666667
200.81320641250534,385.1222,585.7277,485.425,0.0833,1.6332,0.4805,245,8.411666666666667,200.32453360465433,385.5597,585.6789,485.6193,0.0083,2.132,0.607,245,8.411666666666667,201.60578368245532,384.9689,586.6981,485.8335,0.0917,1.4914,0.7693,245,8.411666666666667,202.5175311178572,385.0762,587.7312,486.4037,0.0,1.5201,1.9016,245,8.411666666666667,183.2934307736188,402.4343,585.7277,494.081,0.15,2.42,0.4805,245,8.411666666666667
200.983312933651,384.955,585.5715,485.2632,0.1167,1.8826,0.5995,246,8.450000000000001,200.7486987587315,385.712,586.4902,486.1011,0.0083,1.8023,1.1634,246,8.450000000000001,201.6297579447212,385.028,586.823,485.9255,0.0833,1.6544,0.9861,246,8.450000000000001,202.30416438903723,385.1723,587.6907,486.4315,0.0,1.7538,1.6878,246,8.450000000000001,181.65902141576208,403.8776,585.5957,494.7367,0.1833,2.1416,0.658,246,8.450000000000001
201.052010933917,384.7357,585.5657,485.1507,0.125,1.6905,0.6493,247,8.476666666666667,201.05929525851994,385.5492,586.6192,486.0842,0.0083,1.9287,1.3633,247,8.476666666666667,201.652580702741,385.028,586.8572,485.9426,0.0917,1.4351,1.0995,247,8.476666666666667,202.45611953528277,385.1716,587.8388,486.5052,0.0,1.6944,1.8116,247,8.476666666666667,182.1206047534977,403.3786,585.5815,494.48,0.1917,2.8234,0.6299,247,8.476666666666667
201.14673884600114,384.7302,585.5873,485.1587,0.1167,1.7754,0.6543,248,8.51,201.06413836738884,385.5434,586.6186,486.081,0.0083,1.9333,1.3383,248,8.51,201.65107816460815,385.027,586.8571,485.942,0.0917,1.4346,1.0998,248,8.51,202.4561162683289,385.1706,587.8381,486.5043,0.0,1.6933,1.8424,248,8.51,182.11985755650318,403.3798,585.5795,494.4796,0.1917,2.8205,0.6377,248,8.51
201.17022553119793,384.7218,585.5908,485.1563,0.1167,1.7701,0.6589,249,8.55,201.0775570064738,385.5362,586.6248,486.0805,0.0083,1.9121,1.3245,249,8.55,201.6243308851221,385.0229,586.7868,485.9049,0.0917,1.4873,1.0295,249,8.55,202.41952161309314,385.1667,587.7872,486.4769,0.0,1.7234,1.9042,249,8.55,181.9920015868762,403.5944,585.5837,494.5891,0.2167,2.5084,0.6357,249,8.55
201.44713430192252,384.7222,586.1399,485.431,0.075,1.8202,0.8889,250,8.576666666666668,200.91664269628276,385.535,586.4871,486.011,0.0083,1.9552,1.1677,250,8.576666666666668,201.628201293715,385.0199,586.7861,485.903,0.0917,1.5053,1.0276,250,8.576666666666668,202.42448333409115,385.1638,587.7873,486.4755,0.0,1.6937,1.9074,250,8.576666666666668,182.88175202179843,403.2675,586.1492,494.7084,0.1417,2.7283,0.8839,250,8.576666666666668
201.38113344365945,384.6197,585.5912,485.1055,0.1167,1.3796,0.6605,251,8.610000000000001,201.18526204004516,385.4338,586.6249,486.0293,0.0083,1.7924,1.3243,251,8.610000000000001,201.6296990358834,385.019,586.7858,485.9024,0.0917,1.5445,1.0279,251,8.610000000000001,202.42540324577627,385.163,587.7865,486.4747,0.0,1.7278,1.9036,251,8.610000000000001,182.2650859943391,403.2455,585.5842,494.4148,0.2083,2.9593,0.6346,251,8.610000000000001
201.41134691032653,384.6141,585.5893,485.1017,0.1167,1.6224,0.6654,252,8.653333333333334,201.2070405849068,385.4084,586.6241,486.0163,0.0083,1.8318,1.3205,252,8.653333333333334,201.61909988470393,385.0223,586.7826,485.9024,0.0917,1.529,1.0257,252,8.653333333333334,202.41433639023754,385.1662,587.7838,486.475,0.0,1.7171,1.9061,252,8.653333333333334,183.8376913633593,401.7345,585.5824,493.6584,0.2,3.0595,0.6338,252,8.653333333333334
201.34647983190888,384.6182,585.5646,485.0914,0.125,1.6271,0.6132,253,8.676666666666668,201.20356572553328,385.417,586.6268,486.0219,0.0083,1.8286,1.325,253,8.676666666666668,201.55122283246985,385.0812,586.7828,485.932,0.0833,1.505,1.0242,253,8.676666666666668,202.4133211129257,385.1682,587.7827,486.4755,0.0,1.5458,1.906,253,8.676666666666668,183.6526431800109,401.8569,585.5824,493.7197,0.1917,3.3616,0.6335,253,8.676666666666668
201.5494818556683,384.6172,586.1349,485.376,0.075,1.6322,0.8792,254,8.71,200.79830130179846,385.4156,586.2465,485.8311,0.0083,1.8252,0.9818,254,8.71,201.55375718919615,385.0818,586.8003,485.941,0.0833,1.4791,1.0128,254,8.71,202.28759991086673,385.1688,587.6555,486.4122,0.0,1.5547,1.7215,254,8.71,184.01301881926892,401.7745,586.144,493.9593,0.1583,3.2244,0.9005,254,8.71
201.54183570800203,384.6229,586.1337,485.3783,0.075,1.604,0.8991,255,8.755,200.7900857650294,385.4232,586.2446,485.8339,0.0083,1.8378,0.9823,255,8.755,201.5538067706543,385.0818,586.8003,485.9411,0.0833,1.4791,1.0128,255,8.755,202.28763892118178,385.1688,587.6555,486.4122,0.0,1.5547,1.7216,255,8.755,184.0116128037566,401.7737,586.1427,493.9582,0.1583,3.2256,0.9122,255,8.755
200.2969406330538,385.7777,585.9693,485.8735,0.05,2.3715,0.7239,256,8.781666666666668,200.54678543289043,386.111,586.6603,486.3857,0.0083,2.5278,1.1303,256,8.781666666666668,201.66521487776527,384.9649,586.7637,485.8643,0.075,1.6302,0.8571,256,8.781666666666668,202.4775838315729,385.1052,587.7296,486.4174,0.0,1.5707,1.7212,256,8.781666666666668,183.02806249214976,402.9413,585.9693,494.4553,0.1167,3.1177,0.7239,256,8.781666666666668
200.287501892571,385.7824,585.9609,485.8716,0.05,2.3722,0.7343,257,8.81,200.53973394936702,386.1132,586.6567,486.3849,0.0083,2.5565,1.1938,257,8.81,201.66334197426679,384.9669,586.7632,485.8651,0.075,1.6347,0.8574,257,8.81,202.47478116510325,385.1071,587.7297,486.4184,0.0,1.5599,1.7195,257,8.81,182.9752348706146,402.9856,585.9609,494.4732,0.1,2.8633,0.7343,257,8.81
200.52232269351404,385.5537,585.9627,485.7582,0.0583,2.0981,0.6528,258,8.853333333333333,200.63858428700135,386.0027,586.6547,486.3287,0.0083,2.4255,1.1887,258,8.853333333333333,201.58031880309096,384.9972,586.7617,485.8794,0.0917,1.2557,0.8765,258,8.853333333333333,202.44864037494776,385.1237,587.7194,486.4216,0.0,1.4522,1.728,258,8.853333333333333,183.55188943987218,402.4108,585.9627,494.1868,0.1083,3.3011,0.6528,258,8.853333333333333
200.67028156829772,385.4694,585.7764,485.6229,0.075,2.1454,0.611,259,8.876666666666667,200.55677404195092,385.9118,586.4971,486.2044,0.0083,2.2963,0.9838,259,8.876666666666667,201.6040836454547,384.9911,586.7665,485.8788,0.075,1.3894,0.8742,259,8.876666666666667,202.39546628641673,385.1329,587.7462,486.4396,0.0,1.3615,1.6828,259,8.876666666666667,182.77457587726985,403.2578,586.0324,494.6451,0.1083,2.9856,0.6239,259,8.876666666666667
200.64403577408387,385.4923,585.7746,485.6335,0.075,2.176,0.6065,260,8.91,200.53514065115505,385.9286,586.4902,486.2094,0.0083,2.3551,0.9655,260,8.91,201.60943962963626,384.9753,586.7678,485.8715,0.0833,1.3025,0.8827,260,8.91,202.39218953654478,385.1336,587.7426,486.4381,0.0,1.3567,1.6807,260,8.91,183.1605602042773,402.8701,586.0307,494.4504,0.1083,3.2925,0.6091,260,8.91
200.62710760285924,385.5043,585.7765,485.6404,0.075,2.1581,0.6052,261,8.943333333333333,200.52529798089571,385.939,586.4905,486.2147,0.0083,2.3496,0.965,261,8.943333333333333,201.60958858723114,384.9747,586.7681,485.8714,0.0833,1.3039,0.8826,261,8.943333333333333,202.39433468945506,385.1325,587.7454,486.439,0.0,1.3585,1.6812,261,8.943333333333333,182.6717674498743,403.3606,586.0324,494.6965,0.1083,3.0802,0.6121,261,8.943333333333333
200.63815423356624,385.4991,585.7762,485.6376,0.075,2.172,0.6011,262,8.976666666666667,200.52996372904178,385.9339,586.4901,486.212,0.0083,2.3534,0.9468,262,8.976666666666667,201.6093025093496,384.9755,586.7681,485.8718,0.0833,1.3081,0.8826,262,8.976666666666667,202.39400845424328,385.133,587.7454,486.4392,0.0,1.3628,1.6812,262,8.976666666666667,186.32599035708265,399.7059,586.0319,492.8689,0.075,4.2586,0.6116,262,8.976666666666667
200.6354219190493,385.4537,585.7224,485.5881,0.0833,1.997,0.5968,263,9.01,200.57160556103148,385.8881,586.4873,486.1877,0.0083,2.2938,0.9684,263,9.01,201.61045761035746,384.9783,586.7681,485.8732,0.075,1.3538,0.8826,263,9.01,202.40073463575607,385.119,587.7454,486.4322,0.0,1.4825,1.6812,263,9.01,187.79148068866942,398.2376,586.029,492.1333,0.0667,5.3382,0.6093,263,9.01
200.65265744131392,385.4239,585.7225,485.5732,0.0833,2.0674,0.6031,264,9.043333333333335,200.61235634461082,385.8479,586.4896,486.1687,0.0083,2.25,0.9683,264,9.043333333333335,201.6107574746444,384.9777,586.7681,485.8729,0.075,1.3501,0.8826,264,9.043333333333335,202.40110912600468,385.1185,587.7454,486.432,0.0,1.4761,1.6812,264,9.043333333333335,186.66519979077833,399.3633,586.0285,492.6959,0.0833,4.6207,0.6287,264,9.043333333333335
200.64895293924786,385.4281,585.7207,485.5744,0.0833,2.0687,0.6069,265,9.076666666666668,200.60593000938667,385.8533,586.4885,486.1709,0.0083,2.1933,0.9686,265,9.076666666666668,201.61106963440196,384.977,586.7681,485.8725,0.075,1.3712,0.8826,265,9.076666666666668,202.4014984753451,385.1178,587.7454,486.4316,0.0,1.4683,1.6812,265,9.076666666666668,186.34264003607564,399.6845,586.0271,492.8558,0.075,4.266,0.6288,265,9.076666666666668
200.9368356994739,385.2073,585.937,485.5721,0.0583,1.7795,0.6101,266,9.115,200.70543828372254,385.5152,586.1818,485.8485,0.0,1.8773,0.725,266,9.115,201.63006801921213,384.9251,586.5777,485.7514,0.1083,1.1245,0.7337,266,9.115,202.5762799976127,384.9604,587.7014,486.3309,0.0,1.1728,1.6186,266,9.115,187.22150903476253,398.7155,585.937,492.3262,0.125,5.9459,0.6101,266,9.115
200.9661757534667,385.1613,585.9372,485.5493,0.0583,1.7304,0.6452,267,9.143333333333334,200.75086047638922,385.4647,586.1827,485.8237,0.0,1.7606,0.7111,267,9.143333333333334,201.62621912375909,384.8963,586.5783,485.7373,0.1,1.319,0.7246,267,9.143333333333334,202.5862833764279,384.9558,587.7018,486.3288,0.0,1.2,1.619,267,9.143333333333334,184.2919583016816,401.6453,585.9372,493.7913,0.1417,2.7473,0.6452,267,9.143333333333334
201.04115933496283,385.1585,586.1961,485.6773,0.0583,1.8047,0.7157,268,9.193333333333333,200.46875311659295,385.7601,586.161,485.9605,0.0,1.7195,0.7299,268,9.193333333333333,201.26660005748693,384.9009,586.1356,485.5182,0.125,1.3423,0.4461,268,9.193333333333333,202.52196690094408,384.9618,587.6364,486.2991,0.0,1.2294,1.5494,268,9.193333333333333,184.72899051527097,401.5782,586.1961,493.8872,0.1333,2.7225,0.7157,268,9.193333333333333
200.9906951564956,385.1766,586.1833,485.6799,0.0417,1.8313,0.6993,269,9.211666666666668,200.4475455819275,385.7745,586.1585,485.9665,0.0,1.854,0.7458,269,9.211666666666668,201.36350328897055,384.9016,586.24,485.5708,0.1167,1.2558,0.4799,269,9.211666666666668,202.51888107952465,384.9634,587.6367,486.3001,0.0,1.2277,1.5498,269,9.211666666666668,188.91277040798133,397.3047,586.1833,491.744,0.0833,7.1691,0.6993,269,9.211666666666668
200.7012893439243,385.3841,585.8362,485.6101,0.0167,1.85,0.653,270,9.24,200.46846052595566,385.6737,585.9591,485.8164,0.0,1.7679,0.7532,270,9.24,201.55431197293547,384.8768,586.4798,485.6783,0.0917,1.3034,0.5965,270,9.24,202.40595669160146,384.9417,587.5482,486.2449,0.0,1.2352,1.7736,270,9.24,183.29460537916518,402.5416,585.8362,494.1889,0.125,2.6226,0.653,270,9.24
200.8853785512188,384.9907,585.5834,485.287,0.0667,1.7687,0.5235,271,9.276666666666667,200.25133433951044,385.6012,585.6444,485.6228,0.0083,1.8311,0.575,271,9.276666666666667,201.1828102355477,384.8281,585.9394,485.3837,0.125,1.2495,0.4558,271,9.276666666666667,202.40929408251134,384.8828,587.437,486.1599,0.0,1.3274,1.5684,271,9.276666666666667,190.2492414955544,395.3341,585.5834,490.4588,0.0833,7.9714,0.5235,271,9.276666666666667
201.0316483406088,384.8097,585.5766,485.1931,0.0583,1.5976,0.5636,272,9.31,200.65520887225662,385.2597,585.6374,485.4485,0.0083,1.8515,0.5753,272,9.31,201.10403367909805,384.8154,585.9195,485.3675,0.1333,1.2228,0.421,272,9.31,202.407110092761,384.849,587.4076,486.1283,0.0,1.2676,1.5738,272,9.31,183.40993651215825,402.1667,585.5766,493.8717,0.15,3.2143,0.5636,272,9.31
200.97416324577014,384.9216,585.551,485.2363,0.0583,1.9948,0.567,273,9.343333333333334,200.29372755436336,385.5504,585.6369,485.5936,0.0083,1.8534,0.6054,273,9.343333333333334,201.1178691702618,384.7892,585.907,485.3481,0.125,1.2193,0.5431,273,9.343333333333334,202.3942140393097,384.8534,587.4086,486.131,0.0,1.2905,1.5544,273,9.343333333333334,183.3502728280996,402.2007,585.551,493.8759,0.1417,3.1339,0.567,273,9.343333333333334
200.8064516374175,385.0595,585.5534,485.3065,0.05,1.9789,0.5619,274,9.376666666666667,200.39798436596365,385.5065,585.6378,485.5722,0.0083,1.9474,0.5803,274,9.376666666666667,201.1251416645039,384.7846,585.9065,485.3456,0.125,1.2589,0.5585,274,9.376666666666667,202.39870817578142,384.8492,587.4082,486.1287,0.0,1.2944,1.5545,274,9.376666666666667,183.38393107638444,402.1695,585.5534,493.8615,0.1417,2.9512,0.5619,274,9.376666666666667
200.91560241180278,384.9333,585.5709,485.2521,0.0667,1.9585,0.5551,275,9.41,200.28252809628555,385.5629,585.6323,485.5976,0.0083,1.9078,0.5956,275,9.41,201.09653437034873,384.809,585.9055,485.3573,0.1333,1.2729,0.5638,275,9.41,202.4037769109664,384.8443,587.4076,486.126,0.0,1.2694,1.5571,275,9.41,183.388325683595,402.1826,585.5709,493.8768,0.15,3.0215,0.5551,275,9.41
200.6422206111055,385.2769,585.9191,485.598,0.0667,1.8919,0.7287,276,9.445,200.01811581945933,385.9828,585.7511,485.8669,0.0,2.4605,0.6982,276,9.445,201.53183174534712,385.0785,586.7708,485.9246,0.075,1.744,0.9197,276,9.445,202.32829427576957,385.1881,587.6856,486.4369,0.0,1.5716,1.7776,276,9.445,188.64450704987152,397.2746,585.9191,491.5968,0.0917,6.1732,0.7287,276,9.445
200.68091879499934,385.1978,585.8787,485.5383,0.0333,1.7951,0.74,277,9.476666666666667,200.31402342262749,385.9136,586.208,486.0608,0.0,2.2977,0.7926,277,9.476666666666667,201.52600668051863,385.0802,586.7715,485.9258,0.075,1.7588,0.9198,277,9.476666666666667,202.32568876396607,385.1897,587.6862,486.4379,0.0,1.5668,1.7823,277,9.476666666666667,189.27634774653205,396.6024,585.8787,491.2405,0.05,6.8574,0.74,277,9.476666666666667
200.55965640634483,385.3217,585.8814,485.6016,0.0583,1.8476,0.7146,278,9.51,199.9688392322107,386.0092,585.7464,485.8778,0.0,2.332,0.6882,278,9.51,201.60030086575117,384.9351,586.7713,485.8532,0.0833,1.6579,0.9195,278,9.51,202.31296327845857,385.1953,587.6866,486.4409,0.0,1.5503,1.7784,278,9.51,185.63734568238385,400.244,585.8814,493.0627,0.0917,3.9607,0.7146,278,9.51
200.19806696318054,385.3902,585.5224,485.4563,0.0583,1.8657,0.6436,279,9.543333333333335,200.30055033482242,385.9166,586.1904,486.0535,0.0,2.1058,0.8093,279,9.543333333333335,201.58643210175086,384.9434,586.7672,485.8553,0.0667,1.531,0.9084,279,9.543333333333335,202.52641165310916,384.9434,587.6836,486.3135,0.0,1.531,1.7941,279,9.543333333333335,184.86464467344143,400.6577,585.5224,493.0901,0.1,3.3326,0.6436,279,9.543333333333335
200.15521497812358,385.687,585.8422,485.7646,0.0833,1.777,0.7111,280,9.576666666666668,199.96546694312042,386.0147,585.74,485.8774,0.0,2.2601,0.7285,280,9.576666666666668,201.60230272460933,384.9363,586.7746,485.8554,0.0833,1.6268,0.9227,280,9.576666666666668,202.31276458526318,385.1961,587.6865,486.4413,0.0,1.5684,1.8305,280,9.576666666666668,185.60572164203742,400.2365,585.8422,493.0393,0.0833,4.0583,0.7111,280,9.576666666666668
200.78278752570685,385.1784,585.851,485.5147,0.0583,1.7679,0.6853,281,9.610000000000001,200.01785787649814,386.0036,585.7476,485.8756,0.0,2.2319,0.7251,281,9.610000000000001,201.59013172580353,384.9628,586.7747,485.8688,0.0833,1.6031,0.9238,281,9.610000000000001,202.30359508005316,385.2192,587.6865,486.4529,0.0,1.5571,1.8315,281,9.610000000000001,185.74799425487288,400.103,585.851,492.977,0.0917,4.1985,0.6853,281,9.610000000000001
200.96718099681323,385.085,585.8492,485.4671,0.0667,1.6882,0.6939,282,9.643333333333334,200.01966343905278,386.0046,585.7462,485.8754,0.0,2.2729,0.7395,282,9.643333333333334,201.5906952339859,384.9649,586.7758,485.8704,0.0833,1.6016,0.9254,282,9.643333333333334,202.3041841929636,385.2213,587.6873,486.4543,0.0,1.5594,1.8337,282,9.643333333333334,185.78569217129794,400.0635,585.8492,492.9563,0.0917,3.9565,0.6939,282,9.643333333333334
200.77388710929543,385.1388,585.9127,485.5257,0.0417,1.7098,0.8243,283,9.676666666666668,200.24602408945506,385.8101,585.8896,485.8498,0.0,2.044,0.7874,283,9.676666666666668,201.5920613801625,384.9656,586.7773,485.8714,0.0833,1.6042,0.9127,283,9.676666666666668,202.3038343851712,385.2219,587.6885,486.4552,0.0,1.5599,1.8379,283,9.676666666666668,188.96556885792958,396.9471,585.9127,491.4299,0.05,6.6929,0.8243,283,9.676666666666668
200.94628351243304,385.025,585.8803,485.4527,0.0583,1.7328,0.7602,284,9.71,200.16898366201988,385.884,585.7759,485.83,0.0,2.0977,0.728,284,9.71,201.6761362539207,384.967,586.7874,485.8772,0.075,1.5964,0.9551,284,9.71,202.30959157597442,385.2232,587.6918,486.4575,0.0,1.5495,1.848,284,9.71,184.80979593350193,401.0705,585.8803,493.4754,0.1667,2.985,0.7602,284,9.71
200.88932725547463,385.0269,585.8257,485.4263,0.05,1.8014,0.746,285,9.743333333333334,200.14809123371722,385.8906,585.7579,485.8243,0.0,2.0825,0.772,285,9.743333333333334,201.6722854301171,384.9679,586.7864,485.8772,0.075,1.5994,0.9167,285,9.743333333333334,202.30617474751784,385.2241,587.6922,486.4582,0.0,1.5483,1.7948,285,9.743333333333334,184.7594136674731,401.0663,585.8257,493.446,0.1583,2.8942,0.746,285,9.743333333333334
200.97366742438425,385.1428,585.9195,485.5312,0.0667,1.7058,0.8943,286,9.780000000000001,200.65401801170836,385.682,586.3819,486.032,0.0083,1.746,1.0713,286,9.780000000000001,201.7112774230419,384.9692,586.901,485.9351,0.0833,1.4998,0.8881,286,9.780000000000001,202.52021054313806,384.9692,587.7356,486.3524,0.0083,1.4998,1.6577,286,9.780000000000001,181.52849602151997,404.391,585.9195,495.1553,0.1833,1.8949,0.8943,286,9.780000000000001
200.98287612343978,385.1449,585.92,485.5325,0.0667,1.7022,0.883,287,9.811666666666667,200.6572379237154,385.6799,586.3869,486.0334,0.0083,1.6313,1.0781,287,9.811666666666667,201.70435604782037,384.975,586.9017,485.9383,0.0833,1.4905,0.8894,287,9.811666666666667,202.51313848598167,384.975,587.7361,486.3555,0.0083,1.4905,1.6575,287,9.811666666666667,182.23017282688014,403.6899,585.92,494.8049,0.1333,2.3595,0.883,287,9.811666666666667
201.19989802960123,384.976,585.9937,485.4849,0.0417,1.5921,0.9447,288,9.843333333333334,201.13289060455543,385.1033,586.1348,485.619,0.0083,1.5161,1.0368,288,9.843333333333334,201.78106112204938,384.9908,586.963,485.9769,0.0667,1.4061,0.9274,288,9.843333333333334,202.54406421590232,384.9908,587.8123,486.4016,0.0083,1.4061,1.8027,288,9.843333333333334,182.95031702578154,403.0434,585.9937,494.5186,0.125,3.0336,0.9447,288,9.843333333333334
201.2193913959061,384.9497,585.9949,485.4723,0.05,1.5858,0.9457,289,9.881666666666668,200.95678094799305,385.3112,586.1358,485.7235,0.0083,1.5987,1.0366,289,9.881666666666668,201.77825749663887,384.9892,586.9617,485.9754,0.0667,1.361,0.9246,289,9.881666666666668,202.54144567473753,384.9892,587.8123,486.4007,0.0083,1.361,1.8036,289,9.881666666666668,182.92754088900736,403.0673,585.9949,494.5311,0.125,3.2655,0.9457,289,9.881666666666668
201.2268863687992,384.9462,585.9954,485.4708,0.05,1.6989,0.9724,290,9.91,200.96310096639493,385.3147,586.1366,485.7256,0.0083,1.505,1.0391,290,9.91,201.77409315135787,384.9919,586.9636,485.9777,0.0667,1.3577,0.9334,290,9.91,202.53874954228056,384.9919,587.8157,486.4038,0.0083,1.3577,1.8077,290,9.91,182.92824291086012,403.0672,585.9954,494.5313,0.125,3.2832,0.9724,290,9.91
201.22038542433745,384.9527,585.9978,485.4752,0.0583,1.7535,0.9768,291,9.943333333333333,200.68341747797805,385.542,586.1387,485.8404,0.0083,1.7925,1.0388,291,9.943333333333333,201.77426181694818,384.992,586.9645,485.9782,0.0667,1.3968,0.9361,291,9.943333333333333,202.53786714032987,384.992,587.8154,486.4037,0.0083,1.3968,1.8072,291,9.943333333333333,182.64347799405832,403.3543,585.9978,494.676,0.1333,3.025,0.9768,291,9.943333333333333
201.03734280717995,385.0957,585.9231,485.5094,0.0583,1.721,0.9632,292,9.983333333333334,200.94395580637735,385.4185,586.4007,485.9096,0.0083,1.5369,1.0253,292,9.983333333333334,201.7673554912104,384.9956,586.9629,485.9793,0.0667,1.3865,0.9303,292,9.983333333333334,202.53167421756524,384.9956,587.8155,486.4056,0.0083,1.3865,1.8073,292,9.983333333333334,182.5513953945004,403.3718,585.9231,494.6475,0.15,3.3878,0.9632,292,9.983333333333334
201.03749993339378,385.0954,585.926,485.5107,0.0583,1.7163,0.9606,293,10.01,200.94651876870734,385.4181,586.4002,485.9091,0.0083,1.5715,1.0324,293,10.01,201.76830186540826,384.9952,586.9632,485.9792,0.0667,1.3866,0.9318,293,10.01,202.5316504815071,384.9952,587.8148,486.405,0.0083,1.3866,1.8068,293,10.01,182.31320044324352,403.6128,585.926,494.7694,0.1417,2.7945,0.9606,293,10.01
201.03869737978243,385.0946,585.9262,485.5104,0.0583,1.7116,0.9727,294,10.043333333333335,200.95033677138818,385.417,586.4013,485.9092,0.0083,1.5686,1.035,294,10.043333333333335,201.7692162501918,384.9951,586.9635,485.9793,0.0667,1.3883,0.9338,294,10.043333333333335,202.53338277936157,384.9951,587.816,486.4056,0.0083,1.3883,1.8089,294,10.043333333333335,182.31272826257276,403.6135,585.9262,494.7699,0.1417,2.7948,0.9727,294,10.043333333333335
201.04391319817685,385.0864,585.9239,485.5052,0.0583,1.7175,0.9712,295,10.086666666666668,200.96016165842548,385.4088,586.4,485.9044,0.0083,1.5261,1.0352,295,10.086666666666668,201.77020181816528,384.9947,586.9635,485.9791,0.0667,1.3917,0.9338,295,10.086666666666668,202.5344965554725,384.9947,587.816,486.4054,0.0083,1.3917,1.8089,295,10.086666666666668,182.8347464566188,403.0892,585.9239,494.5065,0.1333,3.2125,0.9712,295,10.086666666666668
200.62666551977514,385.1914,585.585,485.3882,0.1167,1.9809,0.6259,296,10.113333333333333,200.69346691447504,385.8272,586.5469,486.1871,0.025,2.2485,1.2135,296,10.113333333333333,201.72432216970986,385.0221,586.8865,485.9543,0.0917,1.4723,0.8917,296,10.113333333333333,202.29995808686488,385.1417,587.6849,486.4133,0.0083,1.5357,1.7755,296,10.113333333333333,184.12882519881083,401.407,585.612,493.5095,0.1333,3.2603,0.5733,296,10.113333333333333
200.66597541600316,385.1509,585.5763,485.3636,0.1083,1.9034,0.6288,297,10.143333333333334,200.65442890099646,385.7896,586.4899,486.1397,0.025,2.1365,1.0348,297,10.143333333333334,201.48685138390636,385.0126,586.3691,485.6908,0.1,1.4983,0.613,297,10.143333333333334,202.30989458033943,385.1291,587.6845,486.4068,0.0083,1.5007,1.7835,297,10.143333333333334,182.66055942886274,402.8621,585.6039,494.233,0.15,2.3485,0.5833,297,10.143333333333334
200.63171515748584,385.1658,585.5706,485.3682,0.1083,2.0083,0.6041,298,10.188333333333334,200.63172045357604,385.8042,586.4844,486.1443,0.025,2.1548,1.0192,298,10.188333333333334,201.48928387379212,385.0097,586.3689,485.6893,0.1,1.5027,0.6131,298,10.188333333333334,202.31249146521137,385.1266,587.685,486.4058,0.0083,1.5061,1.7781,298,10.188333333333334,183.23237755709653,402.2825,585.5994,493.941,0.15,3.1751,0.5728,298,10.188333333333334
200.6273489240409,385.1659,585.5705,485.3682,0.1083,1.9758,0.6105,299,10.211666666666668,200.63147456337916,385.8049,586.4842,486.1446,0.025,2.157,1.027,299,10.211666666666668,201.70719473112868,385.009,586.8494,485.9292,0.0833,1.3982,0.9275,299,10.211666666666668,202.3124817711816,385.1375,587.6861,486.4118,0.0083,1.4845,1.7735,299,10.211666666666668,183.2310095941974,402.2833,585.6005,493.9419,0.15,3.1845,0.5698,299,10.211666666666668
200.60784581863226,385.3778,585.5692,485.4735,0.1,1.9684,0.6069,300,10.243333333333334,200.6236760452799,385.812,586.4842,486.1481,0.025,2.1199,1.015,300,10.243333333333334,201.706262438091,385.0092,586.8488,485.929,0.0833,1.4009,0.9247,300,10.243333333333334,202.3129691747104,385.1372,587.6874,486.4123,0.0083,1.4827,1.7731,300,10.243333333333334,183.23307756182925,402.2806,585.5992,493.9399,0.15,3.1905,0.5716,300,10.243333333333334
200.63327899681,385.1707,585.5733,485.372,0.1083,2.0049,0.6192,301,10.288333333333334,200.62835119946868,385.809,586.4844,486.1467,0.025,2.1582,1.002,301,10.288333333333334,201.7061344377784,385.0103,586.8492,485.9298,0.0833,1.403,0.9313,301,10.288333333333334,202.31268664538777,385.1363,587.6877,486.412,0.0083,1.4818,1.7843,301,10.288333333333334,183.23756032187396,402.2816,585.6021,493.9418,0.15,3.1666,0.5704,301,10.288333333333334
200.6162587695313,385.3792,585.5721,485.4757,0.1,1.9309,0.6167,302,10.31,200.62370776453852,385.8151,586.4841,486.1496,0.025,2.1234,0.9969,302,10.31,201.70679128360598,385.0092,586.8493,485.9292,0.0833,1.4038,0.9301,302,10.31,202.31322877595264,385.1368,587.6878,486.4123,0.0083,1.4809,1.7829,302,10.31,182.96551335469468,402.5533,585.6009,494.0771,0.1333,2.9158,0.5748,302,10.31
200.62029425413738,385.3775,585.5745,485.476,0.1,1.961,0.6178,303,10.343333333333334,200.62764649800158,385.8117,586.4856,486.1487,0.025,2.0932,1.0085,303,10.343333333333334,201.70714269405852,385.0101,586.85,485.9301,0.0833,1.4033,0.9281,303,10.343333333333334,202.313732227476,385.1349,587.6885,486.4117,0.0083,1.4819,1.7809,303,10.343333333333334,183.1285288850587,402.389,585.6029,493.996,0.1583,3.4207,0.5692,303,10.343333333333334
200.61554171642112,385.3809,585.5747,485.4778,0.1,1.9726,0.6214,304,10.376666666666667,200.62450303911106,385.8167,586.4865,486.1516,0.025,2.11,1.0089,304,10.376666666666667,201.7060532440791,385.0106,586.8508,485.9307,0.0833,1.4052,0.9229,304,10.376666666666667,202.31225976299277,385.1395,587.6891,486.4143,0.0083,1.4796,1.7819,304,10.376666666666667,182.96522002173484,402.5528,585.603,494.0779,0.1333,2.9079,0.5647,304,10.376666666666667
200.62641634207966,385.3826,585.5807,485.4817,0.1,1.9929,0.6233,305,10.41,200.6318200456299,385.8179,586.4945,486.1562,0.025,2.0704,1.0191,305,10.41,201.68603247972598,385.0107,586.8155,485.9131,0.075,1.4051,1.0124,305,10.41,202.31830586134322,385.1397,587.6949,486.4173,0.0083,1.4796,1.8015,305,10.41,182.93114991553622,402.6005,585.6072,494.1038,0.1333,3.2035,0.5488,305,10.41
201.1829876840896,385.053,586.2596,485.6563,0.0417,2.0291,0.6752,306,10.448333333333334,200.99948018314814,385.3918,586.1982,485.795,0.0083,2.0262,0.6577,306,10.448333333333334,201.43963539477392,385.0354,586.475,485.7552,0.125,1.4257,0.5162,306,10.448333333333334,202.40683415058677,385.1564,587.7937,486.4751,0.0,1.4864,1.745,306,10.448333333333334,183.80267103304163,402.4569,586.2596,494.3582,0.1167,3.5268,0.6752,306,10.448333333333334
201.17813968124324,385.0676,586.2554,485.6615,0.05,2.0759,0.6846,307,10.476666666666667,200.98661028925943,385.4112,586.1937,485.8024,0.0167,1.9939,0.6659,307,10.476666666666667,201.5930330643996,385.0474,586.4742,485.7608,0.0917,1.6249,0.5256,307,10.476666666666667,202.39917629411215,385.1631,587.795,486.479,0.0,1.4795,1.7451,307,10.476666666666667,186.10845544521797,400.147,586.2554,493.2012,0.1,3.2947,0.6846,307,10.476666666666667
201.18835448879838,385.0777,586.2593,485.6685,0.05,2.045,0.6748,308,10.525,200.99565950848108,385.412,586.196,485.804,0.0167,2.0143,0.6563,308,10.525,201.40184965815382,385.0672,586.469,485.7681,0.1167,1.4573,0.5168,308,10.525,202.38693544913016,385.1632,587.7903,486.4767,0.0,1.5354,1.6915,308,10.525,183.43057843910898,402.8287,586.2593,494.544,0.1333,3.0377,0.6748,308,10.525
201.11542972036202,385.0807,585.8046,485.4427,0.0833,2.0301,0.5876,309,10.543333333333335,200.95873992733442,385.4147,586.2013,485.808,0.025,1.9113,0.6311,309,10.543333333333335,201.44078870190592,385.0511,586.4704,485.7608,0.1,1.4844,0.5135,309,10.543333333333335,202.40516103012584,385.1575,587.794,486.4757,0.0,1.4847,1.7333,309,10.543333333333335,186.93336665122027,399.3224,586.2558,492.7891,0.0917,4.3376,0.6549,309,10.543333333333335
201.27113447979437,384.9225,585.809,485.3658,0.0917,2.0248,0.5792,310,10.576666666666668,200.97168434421405,385.4062,586.2048,485.8055,0.025,1.9557,0.6437,310,10.576666666666668,201.4554111533643,385.0589,586.4671,485.763,0.1,1.5269,0.5073,310,10.576666666666668,202.3957636437382,385.1555,587.7918,486.4737,0.0,1.4933,1.7446,310,10.576666666666668,185.3127236120157,400.9464,586.2591,493.6028,0.1,3.3629,0.6591,310,10.576666666666668
201.1959345793585,384.921,585.7388,485.3299,0.0917,1.9796,0.5764,311,10.611666666666668,200.92265290293653,385.4037,586.1115,485.7576,0.025,1.9659,0.6311,311,10.611666666666668,201.47447605266817,385.0588,586.4846,485.7717,0.1,1.5291,0.5055,311,10.611666666666668,202.41067963434918,385.1554,587.7893,486.4724,0.0,1.4934,1.7414,311,10.611666666666668,185.23596042917114,400.938,586.174,493.556,0.1,3.3789,0.7007,311,10.611666666666668
201.1803833618421,384.9142,585.7319,485.3231,0.1167,1.9126,0.5569,312,10.643333333333334,200.6660083657992,385.6194,586.2287,485.924,0.025,2.2276,0.6252,312,10.643333333333334,201.47254852024156,385.0594,586.4844,485.7719,0.1,1.5283,0.5078,312,10.643333333333334,202.40999887101776,385.156,587.7896,486.4728,0.0,1.4932,1.729,312,10.643333333333334,185.30297033460633,400.9447,586.2477,493.5962,0.0917,3.6595,0.6194,312,10.643333333333334
201.13598809114666,385.0352,585.7822,485.4087,0.1,2.0024,0.5251,313,10.676666666666668,200.59141927620541,385.697,586.2258,485.9614,0.0167,2.1952,0.6406,313,10.676666666666668,201.49104450261547,384.9924,586.4835,485.7379,0.1167,1.5104,0.5095,313,10.676666666666668,202.43308142188798,385.1483,587.7889,486.4686,0.0,1.5391,1.7288,313,10.676666666666668,185.31948471205519,400.9275,586.247,493.5872,0.0917,3.6179,0.6201,313,10.676666666666668
201.1330092730376,385.0519,585.795,485.4235,0.1,1.9529,0.5736,314,10.71,200.58058429886435,385.7071,586.2364,485.9718,0.0167,2.2607,0.6973,314,10.71,201.5565935845922,384.9644,586.4956,485.73,0.1167,1.5158,0.5392,314,10.71,202.45696202723366,385.1435,587.7878,486.4657,0.0,1.5891,1.7383,314,10.71,185.32689937901506,400.9289,586.2558,493.5924,0.0917,3.6601,0.7192,314,10.71
200.8713906788299,385.1054,585.7171,485.4112,0.0917,1.9467,0.6451,315,10.743333333333334,200.60179649970652,385.659,586.173,485.916,0.0167,2.3038,0.7521,315,10.743333333333334,201.45799570398495,384.9821,586.4401,485.7111,0.1167,1.5594,0.5644,315,10.743333333333334,202.3182947570224,385.0712,587.6277,486.3495,0.0,1.5628,1.5659,315,10.743333333333334,183.21794296978112,402.7696,585.9876,494.3786,0.125,3.527,0.655,315,10.743333333333334
200.84501449379422,384.8029,585.5126,485.1578,0.1,1.4524,0.4955,316,10.778333333333334,201.13997561942048,384.9656,586.1149,485.5402,0.0083,1.6895,0.5884,316,10.778333333333334,201.32581689275756,384.7431,586.0689,485.406,0.1167,1.1958,0.6227,316,10.778333333333334,202.51031872399957,384.765,587.4571,486.111,0.0,1.6534,1.6444,316,10.778333333333334,183.5021126559751,402.004,585.5061,493.755,0.1583,4.5964,0.5492,316,10.778333333333334
201.2820769714585,384.6824,585.4993,485.0908,0.075,1.7349,0.5346,317,10.81,201.28769533544255,384.8252,586.1342,485.4797,0.0,1.7223,0.509,317,10.81,201.22549708678068,384.6591,585.8846,485.2718,0.1333,1.272,0.6816,317,10.81,202.5519841134261,384.7417,587.4681,486.1049,0.0,1.5765,1.6254,317,10.81,183.94334942651145,401.556,585.4993,493.5276,0.1583,4.5047,0.5346,317,10.81
201.2544355211826,384.6947,585.4641,485.0794,0.075,1.702,0.5324,318,10.843333333333334,201.261005346959,384.8377,586.1089,485.4733,0.0,1.7046,0.4806,318,10.843333333333334,201.5522006235247,384.6607,586.2129,485.4368,0.125,1.2705,0.6249,318,10.843333333333334,202.56964992962267,384.7464,587.4965,486.1215,0.0,1.5958,1.5465,318,10.843333333333334,183.9733997394852,401.4907,585.4641,493.4774,0.15,4.3652,0.5324,318,10.843333333333334
201.26736381351049,384.684,585.464,485.074,0.075,1.7555,0.5294,319,10.876666666666667,201.2728507601372,384.8276,586.1083,485.468,0.0,1.7153,0.4793,319,10.876666666666667,201.55280892480064,384.66,586.2128,485.4364,0.125,1.2704,0.6246,319,10.876666666666667,202.570579369313,384.7455,587.4966,486.1211,0.0,1.5956,1.547,319,10.876666666666667,183.95800137038324,401.506,585.464,493.485,0.15,4.3426,0.5294,319,10.876666666666667
201.2620884203415,384.6913,585.4645,485.0779,0.075,1.7429,0.5312,320,10.91,201.26805169649086,384.835,586.1076,485.4713,0.0,1.6996,0.4887,320,10.91,201.55190973223566,384.6614,586.2133,485.4374,0.125,1.2683,0.6248,320,10.91,202.57026862159984,384.7458,587.4968,486.1213,0.0,1.5942,1.5466,320,10.91,183.96029753132305,401.5043,585.4645,493.4844,0.15,4.3447,0.5312,320,10.91
201.11046616786197,384.7795,585.4227,485.1011,0.0667,1.7321,0.5481,321,10.943333333333333,201.18121484602486,384.9211,586.1076,485.5144,0.0,1.657,0.5408,321,10.943333333333333,201.5641233113508,384.6779,586.2122,485.445,0.125,1.1989,0.6433,321,10.943333333333333,202.55744691546082,384.7787,587.4956,486.1371,0.0,1.5746,1.5631,321,10.943333333333333,183.92964943170048,401.493,585.4227,493.4578,0.1417,4.3503,0.5481,321,10.943333333333333
200.91754172921262,384.8909,585.4579,485.1744,0.0917,1.3946,0.5294,322,10.976666666666667,201.17879960750446,384.9303,586.1034,485.5169,0.0,1.5546,0.5319,322,10.976666666666667,201.491248549067,384.7199,586.2112,485.4655,0.125,1.1436,0.6326,322,10.976666666666667,202.51816602741266,384.8002,587.4982,486.1492,0.0,1.5597,1.5534,322,10.976666666666667,183.76444639336754,401.6934,585.4579,493.5756,0.1417,4.3124,0.5294,322,10.976666666666667
200.86019160716944,384.8275,585.4564,485.142,0.1167,1.3127,0.5275,323,11.011666666666667,201.17381818034966,384.9468,586.1021,485.5244,0.0,1.4273,0.5087,323,11.011666666666667,201.5662950657721,384.7617,586.2086,485.4851,0.1083,1.2696,0.6359,323,11.011666666666667,202.50197009074876,384.8084,587.4964,486.1524,0.0,1.5621,1.5578,323,11.011666666666667,183.7602294496716,401.6962,585.4564,493.5763,0.1417,4.3135,0.5275,323,11.011666666666667
200.75675285911896,384.9443,585.4572,485.2007,0.1083,1.2235,0.5277,324,11.043333333333335,201.1799081034726,384.9398,586.1026,485.5212,0.0,1.4336,0.5017,324,11.043333333333335,201.4143218766448,384.7285,586.1428,485.4357,0.1167,1.1699,0.6425,324,11.043333333333335,202.50105974728578,384.8097,587.4958,486.1528,0.0,1.4654,1.5594,324,11.043333333333335,183.76179214853153,401.6954,585.4572,493.5763,0.1417,4.2628,0.5277,324,11.043333333333335
200.89877413090193,384.9397,585.5041,485.2219,0.0917,1.6285,0.5247,325,11.076666666666668,201.1406010107055,384.9778,586.1375,485.5577,0.0,1.6421,0.5329,325,11.076666666666668,201.4720079742971,384.83,586.0751,485.4526,0.0833,1.7007,0.6589,325,11.076666666666668,202.4454643029051,384.8422,587.465,486.1536,0.0,1.6798,1.5877,325,11.076666666666668,182.97055252534258,402.5335,585.5041,494.0188,0.15,3.2748,0.5247,325,11.076666666666668
200.56203554761478,385.4567,586.0247,485.7407,0.0583,1.9486,0.8627,326,11.115,200.5484117213478,385.6011,586.1104,485.8558,0.0083,2.1829,0.9858,326,11.115,201.4266362149236,385.0057,586.1807,485.5932,0.1167,1.2367,0.6803,326,11.115,202.6379267840458,385.0033,587.799,486.4011,0.0083,1.283,1.869,326,11.115,182.06959377212243,403.9551,586.0247,494.9899,0.1583,1.5559,0.8627,326,11.115
200.56681992978952,385.4516,586.0242,485.7379,0.0583,1.9423,0.8623,327,11.143333333333334,200.55364715386094,385.5963,586.1105,485.8534,0.0083,2.2791,0.9858,327,11.143333333333334,201.43078406388898,385.0034,586.18,485.5917,0.1167,1.2354,0.6816,327,11.143333333333334,202.63745547171445,385.0008,587.7985,486.3997,0.0083,1.2746,1.8696,327,11.143333333333334,182.07121031323308,403.953,586.0242,494.9886,0.1583,1.5688,0.8623,327,11.143333333333334
200.58115292841498,385.44,586.0293,485.7346,0.05,1.9743,0.8893,328,11.176666666666668,200.56808938115483,385.5838,586.1159,485.8498,0.0083,2.2789,0.9864,328,11.176666666666668,201.3722720001582,384.8387,586.1816,485.5101,0.1083,1.3399,0.6903,328,11.176666666666668,202.62105768949567,385.0045,587.7984,486.4014,0.0083,1.3433,1.8771,328,11.176666666666668,182.34493844915173,403.6843,586.0293,494.8568,0.1417,1.7279,0.8893,328,11.176666666666668
201.00388159883954,384.9819,585.9735,485.4777,0.075,1.9063,0.7769,329,11.213333333333335,200.63114196821968,385.4575,586.0041,485.7308,0.0083,2.1779,0.7988,329,11.213333333333335,201.3650850780055,385.0083,586.1919,485.6001,0.1,1.2717,0.6961,329,11.213333333333335,202.62423100755169,385.0083,587.7933,486.4008,0.0083,1.2717,1.972,329,11.213333333333335,181.934242197066,404.0393,585.9735,495.0064,0.1667,1.4581,0.7769,329,11.213333333333335
200.52735179434387,385.4609,585.9683,485.7146,0.0583,1.7671,0.8613,330,11.243333333333334,200.50401058732632,385.6086,586.0053,485.807,0.0083,2.0502,0.7847,330,11.243333333333334,201.4269923959612,385.0024,586.1863,485.5943,0.1167,1.2569,0.6938,330,11.243333333333334,202.63175109216724,385.0001,587.7902,486.3952,0.0083,1.2437,1.9615,330,11.243333333333334,182.28167700795234,403.6867,585.9683,494.8275,0.15,1.6556,0.8613,330,11.243333333333334
200.5207992786032,385.4562,585.9269,485.6915,0.0583,1.6868,0.7943,331,11.276666666666667,200.49244435495285,385.6016,585.9665,485.7841,0.0083,2.0305,0.8058,331,11.276666666666667,201.42739866709465,385.002,586.1855,485.5938,0.1167,1.2487,0.7052,331,11.276666666666667,202.6132637989263,385.0014,587.7685,486.3849,0.0083,1.26,1.9419,331,11.276666666666667,182.24619268305636,403.6807,585.9269,494.8038,0.15,1.7296,0.7943,331,11.276666666666667
200.5219352320051,385.4497,585.9256,485.6876,0.0583,1.7589,0.7966,332,11.315000000000001,200.49517543296494,385.5947,585.9641,485.7794,0.0083,2.0323,0.7987,332,11.315000000000001,201.42972806632685,384.9995,586.1857,485.5926,0.1167,1.2542,0.7084,332,11.315000000000001,202.61933151713404,384.9975,587.7724,486.3849,0.0083,1.2493,1.9462,332,11.315000000000001,182.04659455804594,403.879,585.9256,494.9023,0.1583,1.7094,0.7966,332,11.315000000000001
200.55032758149014,385.4544,585.9971,485.7258,0.05,1.7949,0.8381,333,11.343333333333334,200.53862481124924,385.6028,586.0855,485.8441,0.0083,2.0329,0.9435,333,11.343333333333334,201.42646117339456,385.0022,586.1922,485.5972,0.1167,1.2481,0.7014,333,11.343333333333334,202.61642201827124,384.9997,587.7717,486.3857,0.0083,1.2572,1.9443,333,11.343333333333334,182.05434587894194,403.9428,585.9971,494.97,0.15,1.547,0.8381,333,11.343333333333334
200.90430704691622,385.1316,585.9244,485.528,0.075,1.8207,0.8275,334,11.376666666666667,200.4856861062363,385.624,585.9645,485.7942,0.0083,1.9739,0.7794,334,11.376666666666667,201.43523703920062,385.0014,586.1858,485.5936,0.1167,1.22,0.6872,334,11.376666666666667,202.61949604213015,384.9985,587.7775,486.388,0.0083,1.2305,1.9123,334,11.376666666666667,181.98236662900692,403.942,585.9244,494.9332,0.15,1.7227,0.8275,334,11.376666666666667
200.48205394449062,385.4984,585.9258,485.7121,0.0583,2.0307,0.8118,335,11.418333333333335,200.45426676280212,385.6396,585.9657,485.8027,0.0083,2.3657,0.7979,335,11.418333333333335,201.4339730129253,385.001,586.1877,485.5943,0.1167,1.2516,0.6936,335,11.418333333333335,202.61908723354875,384.9992,587.7729,486.386,0.0083,1.2552,1.9141,335,11.418333333333335,181.98172331504745,403.9441,585.9258,494.9349,0.1583,1.5348,0.8118,335,11.418333333333335
200.73521442328865,385.3444,585.7967,485.5706,0.0583,2.029,0.6872,336,11.448333333333334,200.39503242380437,385.4954,585.6553,485.5754,0.0167,2.1592,0.6422,336,11.448333333333334,201.95822044493403,384.9968,587.1353,486.066,0.05,1.3469,1.2338,336,11.448333333333334,202.4330230075892,385.227,587.8152,486.5211,0.0,1.3886,1.7631,336,11.448333333333334,182.55114862219926,403.2456,585.7967,494.5212,0.1167,2.2967,0.6872,336,11.448333333333334
200.34625378892272,385.3396,585.4218,485.3807,0.0833,2.0232,0.4991,337,11.476666666666667,200.69518065745635,385.4903,585.9471,485.7187,0.0167,2.1152,0.6965,337,11.476666666666667,201.96113112586235,384.9863,587.1294,486.0579,0.05,1.3283,1.2453,337,11.476666666666667,202.43653214095502,385.2138,587.8104,486.5121,0.0,1.3841,1.7592,337,11.476666666666667,182.11853417477394,403.2457,585.4218,494.3337,0.1417,2.3044,0.4991,337,11.476666666666667
200.77996414055588,385.2769,585.7916,485.5343,0.0583,2.0824,0.6837,338,11.525,200.52987848625327,385.4186,585.651,485.5348,0.0167,2.2863,0.6661,338,11.525,202.07368939791903,384.8891,587.1245,486.0068,0.0667,1.2283,1.26,338,11.525,202.46096222829755,385.1855,587.8055,486.4955,0.0,1.3476,1.8714,338,11.525,182.51699111369373,403.2747,585.7916,494.5332,0.1417,2.1754,0.6837,338,11.525
201.03564449309482,385.0413,585.8244,485.4328,0.075,1.8422,0.6759,339,11.543333333333335,200.54394694391078,385.3018,585.6502,485.476,0.0167,1.9147,0.6572,339,11.543333333333335,202.07181124661912,384.8968,587.1234,486.0101,0.0667,1.2474,1.2602,339,11.543333333333335,202.45763392152662,385.1933,587.8046,486.4989,0.0,1.3513,1.8766,339,11.543333333333335,183.05631937406957,402.7681,585.8244,494.2962,0.1167,2.9698,0.6759,339,11.543333333333335
201.03473479621192,385.0401,585.7939,485.417,0.0667,1.8448,0.6962,340,11.576666666666668,200.55190546366066,385.3062,585.6531,485.4797,0.0167,1.9165,0.6424,340,11.576666666666668,202.06607164696587,384.9068,587.1229,486.0148,0.0583,1.2414,1.2354,340,11.576666666666668,202.60161286189026,384.966,587.8029,486.3844,0.0,1.2805,1.847,340,11.576666666666668,186.5510327612274,399.2428,585.7939,492.5184,0.1583,2.9589,0.6962,340,11.576666666666668
201.15867558454812,384.9467,585.8227,485.3847,0.0667,1.6842,0.6871,341,11.621666666666668,200.55535353127792,385.1668,585.6478,485.4073,0.0083,1.7929,0.6248,341,11.621666666666668,201.95677368665903,385.0092,587.1306,486.0699,0.0417,1.3627,1.2079,341,11.621666666666668,202.573440858673,385.0092,587.8083,486.4088,0.0,1.3627,1.8315,341,11.621666666666668,184.00349905227324,401.8192,585.8227,493.821,0.1167,3.153,0.6871,341,11.621666666666668
201.1527478266222,384.9841,585.8663,485.4252,0.0417,1.653,0.683,342,11.643333333333334,201.02902616118683,385.2132,586.1183,485.6658,0.0083,2.004,0.7354,342,11.643333333333334,201.81946243498143,385.0176,586.9996,486.0086,0.05,1.3526,1.2913,342,11.643333333333334,202.58993247007723,385.0176,587.8354,486.4265,0.0,1.3526,1.9077,342,11.643333333333334,184.14518409142195,401.7211,585.8663,493.7937,0.1,3.1086,0.683,342,11.643333333333334
201.09242019189927,385.0048,585.7996,485.4022,0.0583,1.7369,0.6174,343,11.676666666666668,201.0430955990963,385.2472,586.1431,485.6952,0.0083,1.9476,0.7156,343,11.676666666666668,201.80081000858735,385.0614,587.0166,486.039,0.05,1.3695,1.2809,343,11.676666666666668,202.57581727432856,385.0614,587.8561,486.4587,0.0,1.3695,1.8799,343,11.676666666666668,186.98731644808856,398.8123,585.7996,492.3059,0.1167,3.6689,0.6174,343,11.676666666666668
201.03491321884874,385.0064,585.7115,485.359,0.0667,1.7789,0.581,344,11.721666666666668,201.06277012295564,385.249,586.1651,485.7071,0.0083,1.8199,0.7243,344,11.721666666666668,201.81052974141124,385.0614,587.0291,486.0452,0.05,1.3695,1.2788,344,11.721666666666668,202.58400859736932,385.0614,587.8628,486.4621,0.0,1.3695,1.8819,344,11.721666666666668,183.85830281306318,401.8532,585.7115,493.7823,0.1333,3.2085,0.581,344,11.721666666666668
201.03542275517734,385.003,585.7055,485.3543,0.0667,1.7372,0.6098,345,11.743333333333334,201.06213332931208,385.2461,586.1581,485.7021,0.0083,1.9321,0.7436,345,11.743333333333334,201.8173990952817,385.0614,587.0301,486.0457,0.05,1.3695,1.2588,345,11.743333333333334,202.5969451025954,385.0614,587.8791,486.4702,0.0,1.3695,1.8909,345,11.743333333333334,183.86634344093093,401.8392,585.7055,493.7723,0.1417,3.5068,0.6098,345,11.743333333333334
201.16774126498476,385.1882,586.3713,485.7798,0.0583,1.7852,0.709,346,11.783333333333333,200.6882154813657,385.6148,586.3098,485.9623,0.0,1.8523,0.7881,346,11.783333333333333,201.57244317469963,385.0253,586.4544,485.7399,0.1,1.5688,0.5939,346,11.783333333333333,202.69388546868896,385.0411,587.9118,486.4765,0.0,1.6667,1.8431,346,11.783333333333333,183.78698835687612,402.5843,586.3713,494.4778,0.1167,3.8741,0.709,346,11.783333333333333
201.1080601264275,385.1787,585.9202,485.5494,0.0833,1.7687,0.5771,347,11.81,200.6929358594558,385.6099,586.3138,485.9619,0.0,1.9064,0.7498,347,11.81,201.52780370240734,385.0067,586.4564,485.7316,0.1083,1.4932,0.6035,347,11.81,202.69533386031856,385.0427,587.9123,486.4775,0.0,1.656,1.8464,347,11.81,183.32635497739906,402.5938,585.9202,494.257,0.1417,3.851,0.5771,347,11.81
201.15258936463567,385.1844,586.328,485.7562,0.0833,1.8346,0.6949,348,11.843333333333334,200.68390563625903,385.6159,586.3077,485.9618,0.0,1.9401,0.7577,348,11.843333333333334,201.52585824257397,385.0087,586.4561,485.7324,0.1083,1.4773,0.6036,348,11.843333333333334,202.6928381241064,385.0445,587.9122,486.4784,0.0,1.6461,1.8462,348,11.843333333333334,188.4981401707515,397.9449,586.328,492.1364,0.0833,6.4887,0.6949,348,11.843333333333334
201.45285417952567,384.8726,586.3276,485.6001,0.0917,1.8339,0.6878,349,11.876666666666667,200.81759470517935,385.4843,586.3104,485.8974,0.0,2.0799,0.7581,349,11.876666666666667,201.49749461328966,385.0092,586.4551,485.7321,0.1083,1.4236,0.5989,349,11.876666666666667,202.68129153638162,385.0472,587.9115,486.4794,0.0,1.4689,1.8448,349,11.876666666666667,183.91107478723546,402.5349,586.3276,494.4312,0.1333,4.0318,0.6878,349,11.876666666666667
201.47192576976022,384.8719,586.0209,485.4464,0.0917,1.8403,0.6476,350,11.91,200.66311067112903,385.4839,586.147,485.8155,0.0,2.0807,0.7734,350,11.91,201.4995015264013,385.009,586.4549,485.7319,0.1083,1.4244,0.5975,350,11.91,202.68245055143547,385.0473,587.9114,486.4793,0.0,1.4694,1.8445,350,11.91,183.48384958226066,402.5371,586.0209,494.279,0.1333,4.0324,0.6476,350,11.91
201.28632184690338,385.0417,586.0192,485.5305,0.0667,1.7725,0.6354,351,11.943333333333333,200.79288331707605,385.5126,586.3144,485.9135,0.0,1.9391,0.7546,351,11.943333333333333,201.48643869360168,385.0162,586.4551,485.7357,0.1083,1.4233,0.5989,351,11.943333333333333,202.67186039377145,385.0548,587.9115,486.4832,0.0,1.471,1.8448,351,11.943333333333333,183.508250841413,402.5109,586.0192,494.2651,0.1083,3.7896,0.6354,351,11.943333333333333
201.3147794834441,385.0091,586.3556,485.6823,0.0667,1.6292,0.6887,352,11.976666666666667,200.66454796051818,385.482,586.1466,485.8143,0.0,1.949,0.7749,352,11.976666666666667,201.48732425342672,385.0157,586.4545,485.7351,0.1083,1.4229,0.6092,352,11.976666666666667,202.6714467996112,385.0542,587.9124,486.4833,0.0,1.4798,1.8457,352,11.976666666666667,183.86892737002708,402.5108,586.3556,494.4332,0.1083,3.7895,0.6887,352,11.976666666666667
201.31493395213346,385.0091,586.3556,485.6824,0.0667,1.6296,0.6748,353,12.010000000000002,200.665134681071,385.482,586.1471,485.8145,0.0,1.949,0.7722,353,12.010000000000002,201.48761527083826,385.0157,586.4548,485.7352,0.1083,1.4229,0.6092,353,12.010000000000002,202.67154670173664,385.0542,587.9124,486.4833,0.0,1.4798,1.8459,353,12.010000000000002,183.87040228691174,402.5101,586.3556,494.4329,0.1083,3.7893,0.6748,353,12.010000000000002
201.30371297996203,385.022,586.3561,485.6891,0.0667,1.6577,0.7294,354,12.043333333333335,200.6546916738993,385.4945,586.1492,485.8218,0.0,1.9382,0.8475,354,12.043333333333335,201.48022794736937,385.0176,586.4514,485.7345,0.1083,1.4189,0.6145,354,12.043333333333335,202.66743333661265,385.0564,587.9126,486.4845,0.0,1.4792,1.8447,354,12.043333333333335,183.87322082270757,402.51,586.3561,494.433,0.1083,3.7894,0.7294,354,12.043333333333335
201.30575543621708,385.0224,586.3283,485.6753,0.05,1.6148,0.7202,355,12.076666666666668,200.8114901649836,385.4939,586.3162,485.905,0.0,1.934,0.7581,355,12.076666666666668,201.48022794736937,385.0176,586.4514,485.7345,0.1083,1.4189,0.6145,355,12.076666666666668,202.66743333661265,385.0564,587.9126,486.4845,0.0,1.4792,1.8447,355,12.076666666666668,183.78433694653893,402.544,586.3283,494.4361,0.1,3.9985,0.7202,355,12.076666666666668
199.98093133365654,385.918,585.6235,485.7707,0.1,2.8057,0.5837,356,12.113333333333333,200.1708696353406,385.918,585.9876,485.9528,0.025,2.8057,0.6619,356,12.113333333333333,201.41920320115003,384.9576,586.2223,485.59,0.1,1.6229,0.5644,356,12.113333333333333,202.44843978638346,385.0949,587.7513,486.4231,0.0083,1.5245,1.7997,356,12.113333333333333,183.91469515605385,402.3699,586.2709,494.3204,0.1417,3.6208,0.6936,356,12.113333333333333
200.43748625687655,385.7631,586.2355,485.9993,0.0667,2.5644,0.7447,357,12.145000000000001,200.35472195267667,385.7631,585.9809,485.872,0.0167,2.5644,0.7173,357,12.145000000000001,201.42379139260615,384.9551,586.2202,485.5877,0.1,1.7083,0.5789,357,12.145000000000001,202.45709546720826,385.0925,587.7543,486.4234,0.0083,1.5213,1.7947,357,12.145000000000001,184.01463295165706,402.2209,586.2355,494.2282,0.1333,3.6057,0.7447,357,12.145000000000001
200.14374881023053,385.7576,585.6212,485.6894,0.1,2.665,0.4951,358,12.176666666666668,200.3340419297643,385.7576,585.9923,485.8749,0.025,2.665,0.6739,358,12.176666666666668,201.4297447689869,384.9515,586.2268,485.5891,0.1,1.6333,0.614,358,12.176666666666668,202.4626437599183,385.0889,587.7583,486.4236,0.0083,1.6662,1.8137,358,12.176666666666668,184.23688857582516,402.0484,586.2763,494.1624,0.15,3.7701,0.6945,358,12.176666666666668
200.94559841611022,385.2864,586.2381,485.7622,0.0917,1.9746,0.7539,359,12.211666666666668,200.68118045904785,385.762,586.4121,486.0871,0.0167,2.1372,0.8665,359,12.211666666666668,201.53425016364727,384.957,586.3412,485.6491,0.1,1.6927,0.5343,359,12.211666666666668,202.49923309118287,385.0942,587.7863,486.4403,0.0083,1.5464,1.8375,359,12.211666666666668,183.8333528391929,402.4047,586.2381,494.3214,0.1333,3.1583,0.7539,359,12.211666666666668
200.5907539979571,385.2915,585.6211,485.4563,0.125,1.9888,0.5789,360,12.243333333333334,200.62997566925443,385.7742,586.4134,486.0938,0.025,2.2233,0.8835,360,12.243333333333334,201.52556897703494,384.9601,586.3388,485.6494,0.1,1.6072,0.529,360,12.243333333333334,202.49268047691655,385.0972,587.7843,486.4408,0.0083,1.5457,1.8411,360,12.243333333333334,183.21236650385748,403.0179,586.2303,494.6241,0.1417,3.348,0.7318,360,12.243333333333334
200.2531627814315,385.8015,586.0259,485.9137,0.0667,2.8212,0.7544,361,12.276666666666667,200.3829116690172,385.9709,586.3538,486.1623,0.0167,2.7416,1.0108,361,12.276666666666667,201.44679639647362,384.9106,586.2424,485.5765,0.1,1.6963,0.6429,361,12.276666666666667,202.42085170426432,385.0501,587.687,486.3685,0.0083,1.6408,1.7172,361,12.276666666666667,183.21776014331246,402.8082,586.0259,494.4171,0.1333,3.4172,0.7544,361,12.276666666666667
200.23844384192662,385.7516,586.0263,485.8889,0.0667,2.6992,0.7479,362,12.31,200.14952333914417,385.9317,586.1344,486.0331,0.0167,2.7609,0.8106,362,12.31,201.50090706551435,384.8707,586.2384,485.5546,0.1,1.845,0.6609,362,12.31,202.43986944358,385.0108,587.6737,486.3423,0.0083,1.8208,1.6942,362,12.31,183.147415651275,402.8789,586.0263,494.4526,0.1333,3.1612,0.7479,362,12.31
200.94335657057016,385.0306,585.9251,485.4779,0.0833,2.3637,0.8387,363,12.343333333333334,200.74228310376364,385.5511,586.2864,485.9188,0.0167,2.1198,1.0926,363,12.343333333333334,201.4828596873788,384.8549,586.2125,485.5337,0.1,1.7817,0.6503,363,12.343333333333334,202.45887833834823,384.9934,587.6287,486.3111,0.0083,1.8256,1.7775,363,12.343333333333334,182.98795469776593,402.9371,585.9251,494.4311,0.1417,3.3173,0.8387,363,12.343333333333334
200.87795849649726,385.031,585.7332,485.3821,0.0917,2.3092,0.6122,364,12.376666666666667,200.4733155640407,385.5509,586.0239,485.7874,0.0167,2.1142,0.8624,364,12.376666666666667,201.4245935136882,384.8564,586.1588,485.5076,0.1,1.7756,0.6158,364,12.376666666666667,202.43320707567858,384.995,587.6067,486.3008,0.0083,1.8339,1.7875,364,12.376666666666667,182.93044221802202,402.8027,585.7332,494.2679,0.1417,2.8738,0.6122,364,12.376666666666667
200.91536298611967,385.0322,585.8198,485.426,0.075,2.3664,0.749,365,12.41,200.45148799600653,385.5523,586.0059,485.7791,0.0167,2.1076,0.86,365,12.41,201.41980927522184,384.8557,586.1551,485.5054,0.1,1.7755,0.6187,365,12.41,202.43047327713504,384.9944,587.6066,486.3005,0.0083,1.8304,1.7744,365,12.41,183.00811310505034,402.8116,585.8198,494.3157,0.125,2.9339,0.749,365,12.41
200.49881789365475,385.4067,585.5976,485.5021,0.0833,2.064,0.6078,366,12.448333333333334,200.84610177844408,385.5843,586.4263,486.0053,0.0083,2.0849,0.994,366,12.448333333333334,201.16832072165042,384.9019,586.0691,485.4855,0.1083,1.498,0.7256,366,12.448333333333334,202.25929023627822,385.0472,587.5403,486.2938,0.0,1.7012,1.6526,366,12.448333333333334,183.32305591523277,402.2745,585.5976,493.9361,0.15,3.0691,0.6078,366,12.448333333333334
200.47236348680326,385.4224,585.6014,485.5119,0.0833,2.0284,0.5644,367,12.476666666666668,200.82804256393084,385.6059,586.4299,486.0179,0.0083,1.9276,1.0524,367,12.476666666666668,201.17231315640097,384.9534,586.1257,485.5396,0.1167,1.4639,0.6926,367,12.476666666666668,202.51854018406925,384.9414,587.6253,486.2833,0.0,1.6318,1.7559,367,12.476666666666668,184.15257366082506,401.4488,585.6014,493.5251,0.1417,3.4317,0.5644,367,12.476666666666668
200.4656037350587,385.4251,585.608,485.5165,0.0833,2.0264,0.5705,368,12.525,200.82234519907405,385.6109,586.4347,486.0228,0.0083,2.0037,1.0715,368,12.525,201.11823199184983,384.9538,586.072,485.5129,0.1083,1.4632,0.7475,368,12.525,202.4024208210112,384.9423,587.5417,486.242,0.0,1.6179,1.6522,368,12.525,184.1476647482993,401.4603,585.608,493.5341,0.1417,3.4315,0.5705,368,12.525
200.50157229065098,385.4091,585.6029,485.506,0.0833,2.0271,0.5714,369,12.543333333333335,200.84586665522036,385.5903,586.4322,486.0113,0.0083,1.9272,1.0576,369,12.543333333333335,201.15872690600435,384.9675,586.1262,485.5468,0.1167,1.4698,0.7015,369,12.543333333333335,202.51192852154082,384.944,587.6262,486.2851,0.0,1.5382,1.7565,369,12.543333333333335,183.52315380214023,402.0797,585.6029,493.8413,0.1583,2.8326,0.5714,369,12.543333333333335
200.50154210316012,385.4156,585.5959,485.5057,0.0833,2.0296,0.6011,370,12.576666666666668,200.84133671630042,385.5925,586.4304,486.0114,0.0083,1.9072,1.0385,370,12.576666666666668,201.27389017643193,384.9585,586.2324,485.5954,0.1083,1.464,0.7029,370,12.576666666666668,202.50963606356416,384.951,587.625,486.288,0.0,1.5619,1.7595,370,12.576666666666668,183.98360531957243,401.6123,585.5959,493.6041,0.1417,3.3916,0.6011,370,12.576666666666668
200.5053732020992,385.4137,585.6057,485.5097,0.0833,2.0244,0.5653,371,12.610000000000001,200.84674402175062,385.5932,586.436,486.0146,0.0083,1.9186,1.0544,371,12.610000000000001,201.1710694410164,384.9594,586.1305,485.5449,0.1167,1.4612,0.6904,371,12.610000000000001,202.51162922325116,384.9497,587.6263,486.288,0.0,1.5661,1.7594,371,12.610000000000001,183.53265671987904,402.0731,585.6057,493.8394,0.1583,2.9101,0.5653,371,12.610000000000001
200.53315082477064,385.403,585.6055,485.5043,0.0833,2.0511,0.5762,372,12.646666666666668,200.8550733005025,385.58,586.4313,486.0057,0.0083,1.9091,1.0375,372,12.646666666666668,201.1253907873223,384.9511,586.0765,485.5138,0.1083,1.4721,0.7418,372,12.646666666666668,202.39872100780576,384.9485,587.542,486.2452,0.0,1.6408,1.6781,372,12.646666666666668,184.2272319848975,401.3782,585.6055,493.4919,0.15,3.4305,0.5762,372,12.646666666666668
200.65465431300183,385.4266,586.0351,485.7308,0.0583,2.261,0.6118,373,12.676666666666668,200.54467035786328,385.7125,586.2972,486.0049,0.0083,2.0257,0.7733,373,12.676666666666668,201.25345272081813,384.9294,586.1828,485.5561,0.0917,1.4245,0.6977,373,12.676666666666668,202.4063144568322,384.9267,587.5424,486.2345,0.0,1.5959,1.6944,373,12.676666666666668,184.02674961732157,402.0083,586.0351,494.0217,0.125,2.5094,0.6118,373,12.676666666666668
200.5861280985603,385.4233,585.8467,485.635,0.075,2.2901,0.5775,374,12.71,200.54822103575535,385.7116,586.2986,486.0051,0.0083,2.0192,0.7888,374,12.71,201.17721525015025,384.9981,586.1753,485.5867,0.1,1.3695,0.7007,374,12.71,202.39613666266723,384.9319,587.5376,486.2348,0.0,1.603,1.7011,374,12.71,185.2260469361699,400.6206,585.8467,493.2337,0.125,2.8802,0.5775,374,12.71
200.46746388728977,385.5544,585.838,485.6962,0.0667,2.0365,0.4984,375,12.748333333333337,200.5579200025876,385.7105,586.3058,486.0082,0.0083,2.0574,0.7465,375,12.748333333333337,201.23114102266723,384.9435,586.1746,485.5591,0.0917,1.5807,0.6843,375,12.748333333333337,202.3889121223568,384.9451,587.552,486.2485,0.0,1.6928,1.786,375,12.748333333333337,185.21177583208947,400.6262,585.838,493.2321,0.125,2.8613,0.4984,375,12.748333333333337
200.83263105982792,385.36,586.1691,485.7646,0.0583,2.1122,0.7157,376,12.780000000000001,201.1668596288058,385.36,586.5286,485.9443,0.0083,2.1122,1.0745,376,12.780000000000001,201.0557841640059,385.5151,586.4518,485.9835,0.1333,1.0423,0.6338,376,12.780000000000001,202.33132442932683,385.2677,587.7258,486.4968,0.0,1.477,1.6356,376,12.780000000000001,183.51057466731888,402.6585,586.1691,494.4138,0.125,2.7152,0.7157,376,12.780000000000001
200.92719085918148,385.262,586.1662,485.7141,0.0667,1.8104,0.6949,377,12.81,201.1172611870339,385.3996,586.5259,485.9628,0.0083,1.8245,1.0528,377,12.81,201.3710464185619,385.1646,586.452,485.8083,0.125,1.4137,0.6297,377,12.81,202.3339362257972,385.2673,587.7259,486.4966,0.0,1.5072,1.6464,377,12.81,183.48180903967415,402.6844,586.1662,494.4253,0.125,2.5017,0.6949,377,12.81
200.89875410694975,385.2916,586.1632,485.7274,0.075,1.9368,0.7132,378,12.851666666666668,200.96682352982702,385.5563,586.5246,486.0405,0.0083,2.1777,1.0326,378,12.851666666666668,201.37396647212225,385.1298,586.4537,485.7917,0.125,1.5165,0.6304,378,12.851666666666668,202.35087639412822,385.2602,587.7277,486.494,0.0,1.5373,1.6215,378,12.851666666666668,183.09082224718603,403.0881,586.179,494.6336,0.1417,2.4576,0.6959,378,12.851666666666668
200.91120125094014,385.2744,586.1625,485.7184,0.075,1.8795,0.7149,379,12.876666666666667,200.98115797363343,385.5395,586.522,486.0308,0.0083,2.1232,1.0357,379,12.876666666666667,201.37289934968447,385.1224,586.4495,485.7859,0.125,1.5113,0.6324,379,12.876666666666667,202.35033969474753,385.2577,587.724,486.4909,0.0,1.5771,1.631,379,12.876666666666667,182.88555076315217,403.2769,586.1625,494.7197,0.15,2.4647,0.7149,379,12.876666666666667
200.9043523692925,385.2785,586.1628,485.7207,0.075,1.8701,0.7047,380,12.91,200.9775599146458,385.5425,586.521,486.0317,0.0083,2.1262,1.038,380,12.91,201.3660791129418,385.133,586.4464,485.7897,0.125,1.5127,0.6266,380,12.91,202.34499639369741,385.2617,587.725,486.4934,0.0,1.5751,1.6198,380,12.91,182.88689497991678,403.2759,586.1628,494.7194,0.15,2.4785,0.7047,380,12.91
200.71788659796,385.2799,585.8012,485.5406,0.075,1.8005,0.4329,381,12.953333333333335,200.97161440005368,385.5461,586.5191,486.0326,0.0083,2.1077,1.0151,381,12.953333333333335,201.3676378027968,385.1239,586.446,485.785,0.125,1.5106,0.6338,381,12.953333333333335,202.34910656069803,385.26,587.7257,486.4928,0.0,1.5803,1.6271,381,12.953333333333335,182.9291606200339,403.2697,586.1394,494.7045,0.1583,2.3852,0.7817,381,12.953333333333335
200.87281353405515,385.277,586.0321,485.6546,0.0583,1.8771,0.6297,382,12.976666666666668,201.13222300533494,385.5437,586.6786,486.1112,0.0083,2.1925,1.2465,382,12.976666666666668,201.60446296263459,385.1265,586.7377,485.9321,0.1,1.4318,0.9718,382,12.976666666666668,202.37366006303742,385.2568,587.7417,486.4992,0.0,1.5738,1.6103,382,12.976666666666668,182.7701531738685,403.2619,586.0321,494.647,0.125,2.3548,0.6297,382,12.976666666666668
200.37140864018468,385.7014,586.0692,485.8853,0.0417,2.3749,0.6703,383,13.011666666666667,200.71932369119656,385.8389,586.5669,486.2029,0.0083,2.4463,1.0876,383,13.011666666666667,201.67786546709954,385.0983,586.8992,485.9987,0.1083,1.7029,0.8072,383,13.011666666666667,202.2749983926095,385.3481,587.7289,486.5385,0.0,1.5837,1.4946,383,13.011666666666667,182.9595739349405,403.1096,586.0692,494.5894,0.1167,2.5755,0.6703,383,13.011666666666667
200.21975198513104,385.8426,586.0485,485.9455,0.0333,2.5748,0.6772,384,13.056666666666667,200.71249565814614,385.8426,586.5545,486.1985,0.0083,2.5748,1.156,384,13.056666666666667,201.60957621815442,385.1333,586.8723,486.0028,0.1,1.6494,0.82,384,13.056666666666667,202.22682212154697,385.3827,587.7394,486.5611,0.0,1.6458,1.4264,384,13.056666666666667,182.98893537716455,403.0595,586.0485,494.554,0.1083,2.6554,0.6772,384,13.056666666666667
199.98901481911625,385.9734,585.9382,485.9558,0.0667,2.1222,0.5302,385,13.076666666666668,200.41241672375622,385.9062,586.3479,486.127,0.0083,2.3987,1.111,385,13.076666666666668,201.43053407978456,385.1191,586.5686,485.8438,0.1083,1.639,0.6396,385,13.076666666666668,202.25397232434187,385.3694,587.7599,486.5646,0.0,1.6492,1.4845,385,13.076666666666668,182.6639399843694,403.2742,585.9382,494.6062,0.1417,2.5187,0.5302,385,13.076666666666668
200.3750448670242,385.7759,585.7308,485.7533,0.0917,1.4555,0.5394,386,13.111666666666668,200.21240971097728,385.9807,586.1833,486.082,0.0,1.8755,0.6218,386,13.111666666666668,201.6827141623025,385.2269,587.0352,486.131,0.0667,1.396,0.8474,386,13.111666666666668,202.41560999432832,385.268,587.8773,486.5727,0.0,1.449,1.5342,386,13.111666666666668,188.21865817625297,397.5121,585.7308,491.6214,0.0833,5.1699,0.5394,386,13.111666666666668
200.41613945895494,385.7762,586.0662,485.9212,0.1167,1.3888,0.5622,387,13.155000000000001,200.32671610084859,385.8636,586.174,486.0188,0.0,1.7632,0.6632,387,13.155000000000001,201.6450094159648,385.2256,587.033,486.1293,0.075,1.3956,0.7642,387,13.155000000000001,202.42918300979287,385.2666,587.8827,486.5746,0.0,1.4501,1.4695,387,13.155000000000001,187.43187697735118,398.6343,586.0662,492.3503,0.1333,5.5952,0.5622,387,13.155000000000001
200.28708988223914,385.779,585.6681,485.7236,0.0917,1.4573,0.5431,388,13.176666666666668,200.43175429009997,385.8685,586.3454,486.107,0.0,1.6304,0.7117,388,13.176666666666668,201.6790191223225,385.2281,587.0277,486.1279,0.0667,1.3777,0.8893,388,13.176666666666668,202.4124876225703,385.2684,587.8675,486.5679,0.0,1.4472,1.5327,388,13.176666666666668,186.582044393728,399.0861,585.6681,492.3771,0.1,4.5994,0.5431,388,13.176666666666668
200.37058182830043,385.788,585.7673,485.7776,0.0917,1.4782,0.5645,389,13.21,200.32480341037254,385.8773,586.1856,486.0315,0.0,1.7513,0.6865,389,13.21,201.4930433783269,385.1851,586.6782,485.9317,0.1,1.3258,0.8703,389,13.21,202.5093654144323,385.1325,587.8611,486.4968,0.0,1.3154,1.5707,389,13.21,187.71066840280187,398.0566,585.7673,491.9119,0.0833,5.679,0.5645,389,13.21
200.3796644461019,385.662,586.0417,485.8518,0.1167,1.5693,0.6698,390,13.243333333333334,200.43925574156057,385.8925,586.3704,486.1315,0.0,1.6444,0.8528,390,13.243333333333334,201.65597868945136,385.1603,586.908,486.0341,0.1,1.3174,0.8542,390,13.243333333333334,202.55440114445543,385.1158,587.8861,486.501,0.0,1.345,1.5488,390,13.243333333333334,185.99345058652767,400.0482,586.0417,493.0449,0.125,4.1391,0.6698,390,13.243333333333334
200.4042367220668,385.7221,586.1264,485.9242,0.125,1.5364,0.8232,391,13.276666666666667,200.2325480972553,385.9982,586.207,486.1026,0.0,1.7212,0.8282,391,13.276666666666667,201.6230845375837,385.1599,586.783,485.9714,0.1,1.2375,0.7144,391,13.276666666666667,202.55953111547382,385.1486,587.9114,486.53,0.0,1.3578,1.5779,391,13.276666666666667,183.16198915464685,402.9644,586.1264,494.5454,0.1583,3.1184,0.8232,391,13.276666666666667
199.98417650585577,385.7121,585.6963,485.7042,0.1,1.5813,0.5857,392,13.31,200.47977391349346,385.8681,586.3335,486.1008,0.0,1.6148,0.8947,392,13.31,201.5900839293413,385.1601,586.7501,485.9551,0.1,1.2328,0.7116,392,13.31,202.5501834913778,385.1474,587.8999,486.5236,0.0,1.3485,1.5749,392,13.31,184.9181796029808,400.7781,585.6963,493.2372,0.1083,4.2124,0.5857,392,13.31
200.84019239183615,385.3464,585.9149,485.6306,0.075,1.7616,0.6739,393,13.343333333333334,200.39791603614762,385.9061,586.3285,486.1173,0.0,2.1909,0.8691,393,13.343333333333334,201.6129867331587,385.1507,586.7637,485.9572,0.0917,1.4202,0.6347,393,13.343333333333334,202.53036061904928,385.1753,587.9043,486.5398,0.0,1.4116,1.4429,393,13.343333333333334,185.2768579871327,400.638,585.9149,493.2764,0.1167,4.2593,0.6739,393,13.343333333333334
200.3667321879807,385.6692,586.0359,485.8525,0.1,1.8854,0.7006,394,13.376666666666667,200.4323875301519,385.962,586.3925,486.1772,0.0,1.8524,0.7999,394,13.376666666666667,201.63157589455722,385.1654,586.7543,485.9598,0.075,1.4804,0.6559,394,13.376666666666667,202.54617138008228,385.1654,587.9222,486.5438,0.0,1.4804,1.4913,394,13.376666666666667,185.20207268450605,400.8338,586.0359,493.4349,0.1167,4.2826,0.7006,394,13.376666666666667
200.48859968759737,385.6977,586.047,485.8723,0.075,1.9164,0.6953,395,13.411666666666667,200.28497994094568,386.0835,586.416,486.2497,0.0,2.4096,0.8729,395,13.411666666666667,201.62564912319002,385.1642,586.7305,485.9473,0.075,1.4797,0.6204,395,13.411666666666667,202.5402886310601,385.1642,587.9079,486.536,0.0,1.4797,1.502,395,13.411666666666667,183.384893997499,402.6621,586.047,494.3545,0.1417,3.7112,0.6953,395,13.411666666666667
201.14886962556577,385.4182,586.4401,485.9291,0.075,1.5865,0.7321,396,13.443333333333333,200.82623696295136,385.7972,586.6561,486.2267,0.0,1.7479,1.0271,396,13.443333333333333,201.40542320096688,385.165,586.5704,485.8677,0.1083,1.3087,0.674,396,13.443333333333333,202.49033428956335,385.1812,587.8531,486.5171,0.0,1.2861,1.5061,396,13.443333333333333,185.2008520140193,401.2393,586.4401,493.8397,0.125,4.2351,0.7321,396,13.443333333333333
201.21047883607366,385.3664,586.4418,485.9041,0.075,1.5828,0.7377,397,13.478333333333333,200.8769280875972,385.761,586.6568,486.2089,0.0,1.7688,0.9955,397,13.478333333333333,201.40187638844046,385.1689,586.5708,485.8699,0.1083,1.3126,0.6743,397,13.478333333333333,202.4884312002535,385.1827,587.8533,486.518,0.0,1.293,1.506,397,13.478333333333333,185.2677571891896,401.1741,586.4418,493.8079,0.125,4.3955,0.7377,397,13.478333333333333
201.23258719756274,385.3623,586.5649,485.9636,0.075,1.583,0.7881,398,13.525,200.95306788234694,385.7561,586.7759,486.266,0.0,1.8401,1.0337,398,13.525,201.51128925535534,385.1529,586.5767,485.8648,0.0917,1.3224,0.7281,398,13.525,202.5114386964246,385.1724,587.8727,486.5225,0.0,1.3496,1.4821,398,13.525,184.63617174039408,401.9288,586.5649,494.2468,0.1417,3.6039,0.7881,398,13.525
201.21884439245892,385.3593,586.4618,485.9105,0.075,1.6682,0.7237,399,13.543333333333335,200.92843673612109,385.7513,586.7486,486.25,0.0,1.8238,0.9884,399,13.543333333333335,201.78192726788248,385.1526,586.8525,486.0026,0.0667,1.2641,0.7088,399,13.543333333333335,202.51488944180548,385.1703,587.876,486.5232,0.0,1.3753,1.5342,399,13.543333333333335,184.52158858482107,401.9402,586.4618,494.201,0.1417,3.6013,0.7237,399,13.543333333333335
199.95407563617638,385.9549,585.9038,485.9293,0.0917,1.2325,0.6246,400,13.576666666666668,200.71027460503907,385.7583,586.5013,486.1298,0.0,1.7218,0.8954,400,13.576666666666668,201.4250729447921,385.1474,586.5725,485.8599,0.1083,1.3405,0.5895,400,13.576666666666668,202.50508191444305,385.1454,587.8669,486.5061,0.0,1.2203,1.5456,400,13.576666666666668,183.6366267374482,402.2671,585.9038,494.0854,0.1167,4.0974,0.6246,400,13.576666666666668
200.76768515468623,385.1514,585.5876,485.3695,0.0583,1.6079,0.5999,401,13.610000000000001,200.5641256420746,385.6481,585.897,485.7725,0.0,1.6922,0.7069,401,13.610000000000001,201.32186391218008,385.1657,586.4876,485.8267,0.1,1.305,0.5933,401,13.610000000000001,202.35617392265584,385.1517,587.7193,486.4355,0.0,1.1953,1.4763,401,13.610000000000001,183.2155671975608,402.3388,585.5876,493.9632,0.125,4.2497,0.5999,401,13.610000000000001
199.88088201905995,385.9194,585.9022,485.9108,0.1167,1.1885,0.6741,402,13.643333333333334,200.36171405460874,385.7274,585.9219,485.8246,0.0,1.819,0.6723,402,13.643333333333334,201.81855561901375,385.1437,587.0429,486.0933,0.0667,1.3005,0.9537,402,13.643333333333334,202.54914101122648,385.1238,587.8767,486.5002,0.0,1.2335,1.6973,402,13.643333333333334,187.3871136334146,398.5151,585.9022,492.2087,0.1083,6.0782,0.6741,402,13.643333333333334
199.92538610927875,385.8698,585.9044,485.8871,0.1167,1.3112,0.6581,403,13.676666666666668,200.4040278149147,385.6845,585.9222,485.8033,0.0,1.8006,0.644,403,13.676666666666668,201.8532184149083,385.0936,587.0451,486.0694,0.0667,1.3141,0.9581,403,13.676666666666668,202.58915537016392,385.0977,587.8784,486.4881,0.0,1.25,1.7003,403,13.676666666666668,183.0988795603096,402.8055,585.9044,494.3549,0.1417,3.5621,0.6581,403,13.676666666666668
199.6503977763923,386.0803,585.6406,485.8604,0.075,1.5414,0.5872,404,13.71,200.27825103237598,385.819,585.8978,485.8584,0.0,1.9886,0.7181,404,13.71,201.8780020210034,385.0254,587.0142,486.0198,0.0667,1.4204,0.8776,404,13.71,202.6188967822005,385.0631,587.8492,486.4562,0.0,1.3489,1.7299,404,13.71,188.85188414764642,396.7887,585.6406,491.2146,0.05,7.5293,0.5872,404,13.71
199.83166771428898,385.9607,585.7324,485.8466,0.05,1.6162,0.6347,405,13.743333333333334,200.22006858883972,385.8151,585.9098,485.8624,0.0,1.8855,0.7273,405,13.743333333333334,201.68221762573282,384.9866,586.6736,485.8301,0.0917,1.4227,0.6007,405,13.743333333333334,202.6493881205221,385.0286,587.8324,486.4305,0.0,1.2347,1.6977,405,13.743333333333334,186.01384930991713,399.7185,585.7324,492.7255,0.0917,5.611,0.6347,405,13.743333333333334
200.70296322016503,385.1946,585.5193,485.357,0.1,1.4813,0.602,406,13.778333333333334,200.76947858879734,385.5488,586.2858,485.9173,0.0,1.507,0.8826,406,13.778333333333334,201.70726315504936,384.9974,586.8955,485.9465,0.075,1.3279,1.0506,406,13.778333333333334,202.44910548879935,385.1102,587.8235,486.4668,0.0,1.2719,1.7705,406,13.778333333333334,182.527941904961,402.9914,585.5193,494.2554,0.1833,3.8175,0.602,406,13.778333333333334
200.72322217990154,385.1814,585.5258,485.3536,0.1083,1.6552,0.604,407,13.811666666666667,200.8415462481446,385.4591,586.2897,485.8744,0.0,1.4051,0.8891,407,13.811666666666667,201.71140687875112,384.9912,586.8999,485.9455,0.0833,1.349,1.0269,407,13.811666666666667,202.4470318392156,385.1185,587.8231,486.4708,0.0,1.2848,1.775,407,13.811666666666667,182.7786560291121,402.7471,585.5258,494.1364,0.175,3.2934,0.604,407,13.811666666666667
200.7333711028734,385.1795,585.5204,485.3499,0.1083,1.6527,0.603,408,13.843333333333334,200.83365513926393,385.4594,586.2804,485.8699,0.0,1.4723,0.8857,408,13.843333333333334,201.7353085136689,384.941,586.8984,485.9197,0.1,1.1393,1.0564,408,13.843333333333334,202.4528357329632,385.1108,587.8222,486.4665,0.0,1.2644,1.7695,408,13.843333333333334,182.5853315786553,402.9351,585.5204,494.2277,0.1833,3.6742,0.603,408,13.843333333333334
200.95766939571791,385.0758,585.5789,485.3273,0.075,1.7724,0.5801,409,13.876666666666667,200.78500866906714,385.5225,586.2795,485.901,0.0,1.5933,0.8315,409,13.876666666666667,201.68988247888024,385.016,586.9198,485.9679,0.0833,1.3879,1.0744,409,13.876666666666667,202.45995581823485,385.1429,587.842,486.4924,0.0,1.3591,1.6447,409,13.876666666666667,182.7137223412846,402.7946,585.5789,494.1867,0.175,3.2795,0.5801,409,13.876666666666667
200.97788157333554,385.0898,585.635,485.3624,0.075,1.6198,0.551,410,13.91,200.80408170731664,385.5427,586.325,485.9339,0.0,1.594,0.8501,410,13.91,201.7264321524922,385.0353,586.9741,486.0047,0.0833,1.4117,0.9258,410,13.91,202.48216974399512,385.1663,587.8875,486.5269,0.0,1.3747,1.6921,410,13.91,182.89758286850395,402.6708,585.635,494.1529,0.1667,3.4516,0.551,410,13.91
201.01116719116953,385.2585,586.1387,485.6986,0.05,1.6142,0.7622,411,13.945,200.65849894867176,385.6993,586.35,486.0247,0.0083,1.7257,0.8301,411,13.945,201.71251573638085,385.0568,587.0016,486.0292,0.1,1.2912,0.9189,411,13.945,202.46568739301833,385.2302,587.9108,486.5705,0.0,1.4187,1.7039,411,13.945,182.50728187823242,402.9951,585.6233,494.3092,0.1667,3.1988,0.547,411,13.945
200.82760072809586,385.2843,585.7073,485.4958,0.0833,1.5822,0.5229,412,13.976666666666668,200.80459461064765,385.7317,586.5736,486.1527,0.0,1.6555,0.9536,412,13.976666666666668,201.6531325670608,385.0996,586.9763,486.038,0.1,1.2431,0.8836,412,13.976666666666668,202.41062422881933,385.2724,587.8925,486.5824,0.0,1.2566,1.7473,412,13.976666666666668,182.6274417323443,402.9906,585.7073,494.349,0.1667,3.1238,0.5229,412,13.976666666666668
201.0898549726926,385.2831,585.9668,485.6249,0.0583,1.6054,0.6457,413,14.010000000000002,200.79011357249962,385.7362,586.4114,486.0738,0.0,1.6432,0.7869,413,14.010000000000002,201.8408296031695,385.0986,587.1652,486.1319,0.1083,1.2516,1.0343,413,14.010000000000002,202.55990714361153,385.2715,588.0608,486.6661,0.0,1.2606,1.8164,413,14.010000000000002,183.62185526672937,402.2426,585.9668,494.1047,0.15,3.8337,0.6457,413,14.010000000000002
201.04061030175046,386.3632,587.1703,486.7667,0.0667,1.9387,0.6164,414,14.041666666666668,201.09776326678255,386.4426,587.5904,487.0165,0.0083,2.1559,1.2042,414,14.041666666666668,202.59278588699675,385.7788,588.3654,487.0721,0.075,1.3296,0.8606,414,14.041666666666668,203.35057674344665,385.9207,589.3359,487.6283,0.0,1.4381,1.795,414,14.041666666666668,188.00204667365614,399.4782,587.4803,493.4792,0.1583,6.9705,0.5557,414,14.041666666666668
200.5388801631636,387.333,587.7392,487.5361,0.0583,2.6417,0.7958,415,14.08,200.97811008976163,387.008,588.0241,487.5161,0.0,2.6804,1.1517,415,14.08,202.20318246028938,386.5103,588.7205,487.6154,0.0583,1.5814,0.9941,415,14.08,203.05375179965455,386.5103,589.6714,488.0908,0.0,1.5814,1.8647,415,14.08,192.49946932580386,395.2397,587.7392,491.4894,0.1,12.5262,0.7958,415,14.08
200.85046104490954,387.4467,588.0182,487.7324,0.0917,2.1776,0.5633,416,14.111666666666668,200.9666144208514,387.4661,588.4498,487.958,0.0,2.4035,0.8617,416,14.111666666666668,202.3026729793944,387.138,589.5093,488.3237,0.0583,1.9027,0.8556,416,14.111666666666668,203.24778782387597,387.138,590.5021,488.8201,0.0,1.9027,1.6162,416,14.111666666666668,192.83147966380253,395.0994,588.0182,491.5588,0.0917,14.6873,0.5633,416,14.111666666666668
201.17293557159,388.1747,589.2809,488.7278,0.0083,2.3703,0.9723,417,14.143333333333334,201.29848190085954,388.1747,589.4941,488.8344,0.0,2.3703,1.0172,417,14.143333333333334,202.37943913058717,388.0785,590.4552,489.2668,0.0917,1.7574,1.0656,417,14.143333333333334,203.45004327937227,387.8187,591.379,489.5989,0.0,1.743,1.5308,417,14.143333333333334,197.2251185662494,392.0558,589.2809,490.6683,0.0833,10.191,0.9723,417,14.143333333333334
201.1462365856113,388.3731,589.651,489.0121,0.05,1.8586,0.6186,418,14.178333333333335,201.5372209053492,388.7194,590.3971,489.5583,0.0,2.408,1.0752,418,14.178333333333335,202.44097315356694,388.4518,591.0151,489.7335,0.0667,1.0098,1.2481,418,14.178333333333335,203.25582949765317,388.3763,591.7196,490.0479,0.0,1.2065,1.9111,418,14.178333333333335,198.47235711539554,391.5756,589.651,490.6133,0.1583,6.588,0.6186,418,14.178333333333335
200.85707734401015,388.9118,589.7629,489.3373,0.05,2.4377,0.7456,419,14.211666666666668,200.92739802392805,389.1001,590.088,489.5941,0.0,2.5395,1.0486,419,14.211666666666668,202.06687874028242,388.9205,590.9903,489.9554,0.0917,1.4134,1.0482,419,14.211666666666668,203.1322301795048,388.609,591.7984,490.2037,0.0,1.5001,1.9256,419,14.211666666666668,196.6729327390386,393.3616,589.7629,491.5622,0.1333,5.4539,0.7456,419,14.211666666666668
200.16404803418314,389.5609,589.5932,489.577,0.0917,2.057,0.643,420,14.243333333333334,200.88814659710337,389.4201,590.3897,489.9049,0.0,1.8607,1.0902,420,14.243333333333334,202.35555485401116,388.7226,591.1507,489.9367,0.0667,1.4443,1.2706,420,14.243333333333334,203.02206698112425,388.77,591.8611,490.3156,0.0,1.7215,1.971,420,14.243333333333334,201.00624172836214,388.8566,589.5932,489.2249,0.225,2.1909,0.643,420,14.243333333333334
200.76058746912204,389.2775,589.6623,489.4699,0.0917,1.7511,0.6497,421,14.285,201.09414109207415,389.209,590.3461,489.7776,0.0,1.7619,1.2864,421,14.285,203.00842043439366,388.6897,591.8436,490.2666,0.0417,1.4767,2.0734,421,14.285,203.08055178382736,388.7314,591.883,490.3072,0.0,1.6728,2.2178,421,14.285,200.13429308799502,390.062,589.6623,489.8621,0.225,1.86,0.6497,421,14.285
200.2235982530178,389.5021,589.6338,489.5679,0.1333,1.6415,0.6701,422,14.311666666666667,201.10755816642754,389.1989,590.35,489.7745,0.0,1.8145,1.2561,422,14.311666666666667,202.9450061518953,388.7217,591.8413,490.2815,0.0417,1.4361,2.0744,422,14.311666666666667,203.0201133516538,388.7745,591.8809,490.3277,0.0,1.6191,2.2173,422,14.311666666666667,199.3060831760286,390.7054,589.6338,490.1696,0.225,2.9656,0.6701,422,14.311666666666667
201.1321127994145,389.0053,589.8961,489.4507,0.0667,1.8439,0.8166,423,14.343333333333334,201.13038315043227,389.1339,590.3043,489.7191,0.0,1.877,1.2045,423,14.343333333333334,202.0298097524002,388.6655,590.7111,489.6883,0.0667,1.5518,0.8882,423,14.343333333333334,202.88195033024692,388.685,591.7018,490.1934,0.0,1.5637,1.9006,423,14.343333333333334,198.16184769553138,392.067,589.8961,490.9815,0.1917,6.9494,0.8166,423,14.343333333333334
201.0836244610936,388.4984,589.5487,489.0235,0.05,1.9925,0.8531,424,14.386666666666667,201.592632016701,388.3267,589.9433,489.135,0.0,1.8376,1.2871,424,14.386666666666667,201.5292832892433,388.625,590.1835,489.4043,0.0917,1.4565,1.0237,424,14.386666666666667,202.58925726306293,388.2326,591.0259,489.6292,0.0,1.3531,1.6936,424,14.386666666666667,194.49966677174902,394.8289,589.5487,492.1888,0.1167,9.4614,0.8531,424,14.386666666666667
201.60258040286956,387.595,589.1942,488.3946,0.0833,1.5417,1.1361,425,14.411666666666667,201.5569810376718,387.809,589.3698,488.5894,0.0083,1.5899,1.3449,425,14.411666666666667,201.13801980622864,388.226,589.3219,488.7739,0.1167,1.3092,0.9138,425,14.411666666666667,202.6067876710972,387.7513,590.5352,489.1432,0.0,1.5421,1.4735,425,14.411666666666667,192.3109861097644,396.8833,589.1942,493.0388,0.075,15.3379,1.1361,425,14.411666666666667
201.26324335483156,386.55,587.5159,487.0329,0.0667,1.5888,0.6985,426,14.448333333333334,201.57487910742321,386.55,587.924,487.237,0.0,1.5888,0.8535,426,14.448333333333334,202.16825244348595,386.6634,588.6679,487.6657,0.0667,1.6232,0.6363,426,14.448333333333334,202.996953747499,386.6634,589.788,488.2257,0.0,1.6232,1.6638,426,14.448333333333334,192.2551071092363,395.0513,587.5159,491.2836,0.125,13.5255,0.6985,426,14.448333333333334
201.11216648686474,386.3001,587.2663,486.7832,0.1,1.9633,0.4647,427,14.49,201.71298240694426,386.3193,587.9292,487.1243,0.0,1.996,0.822,427,14.49,202.20306378213442,386.442,588.6451,487.5436,0.0583,1.7138,0.8502,427,14.49,202.9521387433926,386.442,589.5672,488.0046,0.0,1.7138,1.7002,427,14.49,192.99216448466305,394.1365,587.2663,490.7014,0.1083,15.5928,0.4647,427,14.49
201.10583112260613,386.4368,587.1778,486.8073,0.0833,2.0881,0.611,428,14.525,201.62325714663524,386.217,587.8079,487.0125,0.0,2.1433,0.8665,428,14.525,202.09993087741867,386.2478,588.2868,487.2673,0.0583,1.6421,0.921,428,14.525,202.8411486028058,386.2478,589.2434,487.7456,0.0,1.6421,1.9246,428,14.525,193.1717595050644,394.0061,587.1778,490.5919,0.0917,13.8952,0.611,428,14.525
202.0746270240679,385.4353,587.2553,486.3453,0.05,1.5017,0.6229,429,14.543333333333335,202.15731220168428,385.3484,587.5342,486.4413,0.0,1.5669,0.7686,429,14.543333333333335,202.05840998658783,385.8085,587.6118,486.7102,0.0917,1.4712,0.425,429,14.543333333333335,203.04340637797097,385.6397,588.8711,487.2554,0.0,1.3028,1.5331,429,14.543333333333335,191.21411867503278,396.0412,587.2553,491.6482,0.0667,9.5462,0.6229,429,14.543333333333335
202.02908071033252,385.198,586.7222,485.9601,0.05,1.3843,0.5449,430,14.588333333333335,201.9547281754031,385.0861,586.9698,486.0279,0.0,1.4793,0.713,430,14.588333333333335,202.04739563196622,385.9389,587.6855,486.8122,0.1,1.2657,0.8598,430,14.588333333333335,202.67659993158244,385.6747,588.4772,487.0759,0.0,1.2161,1.4623,430,14.588333333333335,190.9834483569755,395.7388,586.7222,491.2305,0.075,11.5872,0.5449,430,14.588333333333335
201.89667672780254,385.0813,586.9323,486.0068,0.075,1.4509,0.6139,431,14.610000000000001,202.0200483898633,385.0105,587.0887,486.0496,0.0,1.4963,0.8021,431,14.610000000000001,201.5197451373255,385.6267,587.1464,486.3866,0.0917,1.6671,0.8029,431,14.610000000000001,202.80192140147312,385.5857,588.5445,487.0651,0.0,1.6578,1.6464,431,14.610000000000001,194.46060219161353,392.4717,586.9323,489.702,0.1,12.82,0.6139,431,14.610000000000001
202.22167123784936,384.6833,586.7861,485.7347,0.0583,1.4962,0.6965,432,14.643333333333334,201.8921259462397,384.8304,586.6903,485.7604,0.0,1.5414,0.7007,432,14.643333333333334,202.03934151600893,385.1986,587.0837,486.1412,0.075,1.6342,0.716,432,14.643333333333334,202.9605873534713,385.1986,588.3266,486.7626,0.0,1.6342,1.6122,432,14.643333333333334,197.2251972191601,389.5609,586.7861,488.1735,0.1667,5.2067,0.6965,432,14.643333333333334
201.85471051517814,384.347,586.0248,485.1859,0.0917,1.3673,0.6374,433,14.676666666666668,201.9483954062894,384.551,586.4491,485.5,0.0,1.3668,1.0036,433,14.676666666666668,201.87833298239175,385.0597,586.9663,486.013,0.0667,1.6114,0.8499,433,14.676666666666668,202.791733304146,385.0597,588.0345,486.5471,0.0,1.6114,1.7359,433,14.676666666666668,193.9179517451678,392.1068,586.0248,489.0658,0.05,10.0953,0.6374,433,14.676666666666668
201.7143640599026,384.5303,585.8753,485.2028,0.0583,1.8307,0.7342,434,14.71,201.7115329626168,384.6714,586.301,485.4862,0.0,1.7681,0.9423,434,14.71,201.761943044935,384.9685,586.8021,485.8853,0.075,1.64,0.8234,434,14.71,202.7271156237837,384.9685,587.8633,486.4159,0.0,1.64,1.7923,434,14.71,191.58080223012854,394.2945,585.8753,490.0849,0.05,12.3909,0.7342,434,14.71
201.77360599734018,384.5085,585.8631,485.1858,0.0667,1.5224,0.7347,435,14.743333333333334,201.20481375106255,385.0123,586.2874,485.6498,0.0,1.638,1.003,435,14.743333333333334,201.75666630859968,384.8695,586.7264,485.798,0.075,1.6289,0.833,435,14.743333333333334,202.7268977087702,384.8695,587.8047,486.3371,0.0,1.6289,1.7688,435,14.743333333333334,194.27783516097776,391.5852,585.8631,488.7241,0.05,8.8591,0.7347,435,14.743333333333334
201.51182534737382,384.4371,585.6207,485.0289,0.0667,1.2578,0.6128,436,14.793333333333335,201.58188784651227,384.8721,586.4853,485.6787,0.0,1.7289,1.154,436,14.793333333333335,201.38926450997243,385.0231,586.348,485.6856,0.1167,1.0989,0.638,436,14.793333333333335,202.66865629880112,384.6227,587.4588,486.0408,0.0,1.0542,1.6431,436,14.793333333333335,183.50026504979897,402.1204,585.6207,493.8705,0.1333,3.1352,0.6128,436,14.793333333333335
201.5629409299652,384.3186,585.9073,485.1129,0.0833,1.126,0.6709,437,14.81,201.68719260549685,384.7547,586.4695,485.6121,0.0,1.6358,1.1818,437,14.81,201.54886878027096,384.8405,586.3335,485.587,0.0917,1.1216,0.7426,437,14.81,202.68191275806717,384.5543,587.4293,485.9918,0.0,1.1214,1.6461,437,14.81,183.397332251957,402.5625,585.9073,494.2349,0.1417,3.0932,0.6709,437,14.81
201.3491902695572,384.5135,585.7969,485.1552,0.1167,1.4208,0.6294,438,14.843333333333334,201.64825284209147,384.7973,586.4708,485.6341,0.0,1.8553,1.1927,438,14.843333333333334,201.83972960140622,384.5047,586.3367,485.4207,0.0667,1.134,0.6948,438,14.843333333333334,202.7383157885126,384.5047,587.3684,485.9365,0.0,1.134,1.5519,438,14.843333333333334,184.74434187492366,401.0526,585.7969,493.4248,0.15,3.3058,0.6294,438,14.843333333333334
201.60527738209225,384.2039,585.7199,484.9619,0.075,1.4529,0.5391,439,14.876666666666667,201.79502015490766,384.631,586.4294,485.5302,0.0,1.7284,1.1715,439,14.876666666666667,201.83786827468467,384.4657,586.2399,485.3528,0.0833,1.2564,0.694,439,14.876666666666667,202.77891650413875,384.4266,587.3212,485.8739,0.0,1.2556,1.6367,439,14.876666666666667,183.41083371838008,402.309,585.7199,494.0144,0.1583,2.9086,0.5391,439,14.876666666666667
201.564883355635,384.2049,585.6683,484.9366,0.0833,1.2906,0.5931,440,14.91,201.8661445325702,384.5216,586.3955,485.4585,0.0167,1.5318,1.2754,440,14.91,201.81999415303687,384.3656,586.1598,485.2627,0.1167,1.0227,0.7027,440,14.91,202.89689274520887,384.301,587.3172,485.8091,0.0,1.0693,1.6598,440,14.91,184.1348982477536,401.5334,585.6683,493.6008,0.1417,3.0875,0.5931,440,14.91
201.842369344021,383.9735,585.5194,484.7464,0.0917,1.4518,0.7878,441,14.943333333333335,201.95436341289738,384.4755,586.443,485.4592,0.025,1.4776,1.4286,441,14.943333333333335,201.8802383324537,384.3145,586.184,485.2493,0.1083,0.9319,0.7325,441,14.943333333333335,202.86469616918353,384.2546,587.2403,485.7475,0.0,1.0586,1.5637,441,14.943333333333335,183.9066711467545,401.6127,585.5194,493.566,0.1333,3.9258,0.7878,441,14.943333333333335
201.76293212529183,383.911,585.4861,484.6986,0.0917,1.7514,0.7296,442,14.976666666666668,201.66390125234065,384.4089,586.1361,485.2725,0.025,1.6485,1.1274,442,14.976666666666668,201.99595778433894,384.2236,586.1777,485.2007,0.0833,1.0453,0.7297,442,14.976666666666668,202.96921601102747,384.1766,587.2404,485.7085,0.0,1.2579,1.5634,442,14.976666666666668,183.912270634733,401.5739,585.4861,493.53,0.1333,3.8855,0.7296,442,14.976666666666668
201.47713877601663,384.0582,585.4603,484.7593,0.075,1.7929,0.743,443,15.011666666666668,201.40528662407172,384.3875,585.8909,485.1392,0.025,1.9525,0.8467,443,15.011666666666668,201.96840083275424,384.1086,586.077,485.0928,0.075,1.3476,0.7978,443,15.011666666666668,202.8899940161875,384.0926,587.1197,485.6061,0.0,1.3387,1.5427,443,15.011666666666668,190.96441037266652,394.2886,585.4603,489.8745,0.125,8.1052,0.743,443,15.011666666666668
201.63501162662322,383.9166,585.464,484.6903,0.075,1.7102,0.7468,444,15.043333333333335,201.60178801935743,384.2164,585.8926,485.0545,0.025,1.8514,0.8481,444,15.043333333333335,202.00012155299422,384.0432,585.9778,485.0105,0.0583,1.4384,0.8382,444,15.043333333333335,202.79651643864457,384.0432,586.9953,485.5193,0.0,1.4384,1.5022,444,15.043333333333335,183.8868887254036,401.5771,585.464,493.5206,0.1167,2.985,0.7468,444,15.043333333333335
201.592139802265,383.951,585.4513,484.7012,0.0667,1.7099,0.7248,445,15.076666666666668,201.51341426626175,384.2805,585.8845,485.0825,0.0167,1.8653,0.8361,445,15.076666666666668,201.9331052291611,384.0875,586.0206,485.054,0.1,1.1738,0.7392,445,15.076666666666668,202.91303616209723,384.0246,587.0822,485.5534,0.0,1.259,1.6114,445,15.076666666666668,183.90961404424985,401.5417,585.4513,493.4965,0.1083,2.5827,0.7248,445,15.076666666666668
201.1349765951575,384.216,585.2462,484.7311,0.0583,1.5132,0.855,446,15.111666666666668,201.72948028240774,384.2826,586.0129,485.1477,0.0167,1.4635,1.0062,446,15.111666666666668,201.87747916523975,384.1686,586.1374,485.153,0.1167,0.9406,0.8622,446,15.111666666666668,202.90575938700525,384.1216,587.163,485.6423,0.0,1.236,1.793,446,15.111666666666668,184.3126336480847,400.9335,585.2462,493.0898,0.1083,4.3985,0.855,446,15.111666666666668
201.07276355323174,384.4924,585.2439,484.8681,0.0417,1.8926,0.8547,447,15.143333333333334,201.46880399348487,384.4924,586.0107,485.2515,0.0167,1.8926,1.009,447,15.143333333333334,201.87289290920617,384.1641,586.1346,485.1493,0.1167,0.9508,0.8609,447,15.143333333333334,202.90852446887376,384.123,587.1608,485.6419,0.0,1.2542,1.785,447,15.143333333333334,184.45149580566795,400.7924,585.2439,493.0182,0.1,2.897,0.8547,447,15.143333333333334
201.20029258092958,384.3923,585.251,484.8217,0.0417,1.7736,0.8634,448,15.176666666666668,201.5940647828497,384.3923,586.013,485.2027,0.0167,1.7736,1.0115,448,15.176666666666668,201.89909734995314,384.1378,586.138,485.1379,0.1,1.085,0.8625,448,15.176666666666668,203.00578404617877,384.016,587.1635,485.5897,0.0,1.2746,1.7815,448,15.176666666666668,185.17493633902689,400.0761,585.251,492.6636,0.1083,3.2832,0.8634,448,15.176666666666668
200.7163804073347,384.2992,584.7926,484.5459,0.075,1.8903,0.5658,449,15.21,201.5709042060769,384.2992,585.8784,485.0888,0.0333,1.8903,1.0991,449,15.21,201.41062088325478,383.9709,585.3815,484.6762,0.1083,1.1508,0.5223,449,15.21,202.7009055720922,383.9193,586.7931,485.3562,0.0,1.2554,1.6981,449,15.21,188.6789458035559,396.1137,584.7926,490.4532,0.0667,8.4015,0.5658,449,15.21
201.48715677798728,383.7895,584.8706,484.33,0.0917,1.368,0.6942,450,15.243333333333334,201.55508004259173,384.2671,585.8462,485.0567,0.025,1.632,1.2188,450,15.243333333333334,201.6401162651909,384.1007,585.7027,484.9017,0.125,0.8735,0.8633,450,15.243333333333334,202.65018717870996,383.9839,586.7527,485.3683,0.0,1.2236,1.8068,450,15.243333333333334,190.56247002387826,394.3081,584.8706,489.5893,0.05,8.7363,0.6942,450,15.243333333333334
200.9351412714822,384.1119,584.6027,484.3573,0.0667,1.8816,0.5222,451,15.276666666666667,201.2069920320095,384.2473,585.5141,484.8807,0.025,1.9114,0.7778,451,15.276666666666667,201.31378024019548,384.0282,585.342,484.6851,0.125,0.9551,0.6108,451,15.276666666666667,202.58727383786152,384.0219,586.7077,485.3648,0.0,1.3192,1.8434,451,15.276666666666667,190.26908700234475,394.3336,584.6027,489.4681,0.05,8.5228,0.5222,451,15.276666666666667
201.35783040617684,383.7978,584.8498,484.3238,0.0917,1.773,0.526,452,15.31,201.08305641583334,384.2575,585.2167,484.7371,0.025,1.725,0.7052,452,15.31,201.57865833286252,383.9095,585.3628,484.6362,0.1,1.2616,0.5835,452,15.31,202.89157919652865,383.6928,586.7014,485.1971,0.0,1.301,1.7742,452,15.31,188.86851713324515,395.9813,584.8498,490.4155,0.075,7.1087,0.526,452,15.31
201.54776250252527,383.7338,584.9095,484.3217,0.125,1.7571,0.6532,453,15.343333333333334,201.04135382394472,384.3347,585.2102,484.7724,0.0417,1.9598,0.7204,453,15.343333333333334,201.88222740731155,383.708,585.6591,484.6835,0.075,1.4447,0.8119,453,15.343333333333334,202.863057917896,383.708,586.6987,485.2033,0.0,1.4447,1.8005,453,15.343333333333334,189.14015331531286,395.7694,584.9095,490.3394,0.0583,9.1336,0.6532,453,15.343333333333334
200.97136086616118,383.9381,584.8619,484.4,0.1,1.5759,0.7769,454,15.376666666666667,201.04972936677063,384.3681,585.4287,484.8984,0.0333,1.8223,0.9456,454,15.376666666666667,202.05823843554853,383.7208,585.776,484.7484,0.1083,0.9003,0.9231,454,15.376666666666667,202.92291849183974,383.6838,586.7418,485.2128,0.0,1.1997,1.7577,454,15.376666666666667,185.79219356530396,399.0698,584.8619,491.9659,0.1083,3.5888,0.7769,454,15.376666666666667
201.09720621296017,383.9563,584.8968,484.4265,0.0833,1.8343,0.775,455,15.41,200.9012787848855,384.3685,585.1086,484.7385,0.0333,1.9177,0.8603,455,15.41,202.05220292769792,383.7262,585.7732,484.7497,0.1083,0.886,0.9014,455,15.41,202.9167366946754,383.6888,586.74,485.2144,0.0,1.1998,1.7574,455,15.41,185.8120383920494,399.0847,584.8968,491.9908,0.1,3.5667,0.775,455,15.41
200.40085282671498,384.2453,584.4637,484.3545,0.125,2.3782,0.5535,456,15.445,201.14610896461338,384.1372,585.3437,484.7405,0.0333,2.4679,0.9248,456,15.445,202.0120251853071,383.5518,585.5196,484.5357,0.0917,1.1417,0.6017,456,15.445,202.96176162118599,383.5518,586.7069,485.1294,0.0083,1.1417,1.7605,456,15.445,183.88679807972358,400.5769,584.4637,492.5203,0.1167,2.9575,0.5535,456,15.445
200.40522023780403,384.2362,584.4579,484.3471,0.1333,2.2987,0.5239,457,15.475000000000001,200.8138975203116,384.4538,585.3423,484.898,0.0333,2.4127,0.9155,457,15.475000000000001,201.9997319020517,383.5514,585.6983,484.6249,0.0917,1.141,0.8458,457,15.475000000000001,202.9617274849936,383.5514,586.7068,485.1291,0.0083,1.141,1.7605,457,15.475000000000001,183.43000396279456,401.0279,584.4579,492.7429,0.1083,2.7963,0.5239,457,15.475000000000001
200.46228618115902,384.2641,584.4863,484.3752,0.1333,2.7898,0.5032,458,15.525,200.79098859783238,384.4825,585.3267,484.9046,0.0417,2.7648,0.8604,458,15.525,202.02052999861922,383.5986,585.755,484.6768,0.1,1.263,0.8894,458,15.525,202.930335713133,383.5593,586.6633,485.1113,0.0,1.1788,1.6863,458,15.525,185.39127136219454,399.0951,584.4863,491.7907,0.125,3.8251,0.5032,458,15.525
200.63566053234482,384.1103,584.4881,484.2992,0.1333,2.816,0.5545,459,15.545000000000002,200.95436964652882,384.3278,585.3365,484.8322,0.0417,2.5953,0.8537,459,15.545000000000002,202.10303258217814,383.6,585.6778,484.6389,0.1167,1.2611,0.9012,459,15.545000000000002,202.93859511665775,383.5612,586.6728,485.117,0.0,1.1804,1.7766,459,15.545000000000002,186.63895439620896,397.8491,584.4881,491.1686,0.1417,4.2679,0.5545,459,15.545000000000002
200.62316761394015,384.115,584.4748,484.2949,0.1333,2.7587,0.5322,460,15.576666666666668,201.10893930282444,384.337,585.4701,484.9036,0.0417,2.5665,1.1313,460,15.576666666666668,202.10415503972,383.6227,585.6775,484.6501,0.125,1.4153,0.9019,460,15.576666666666668,202.9248799969404,383.5793,586.671,485.1251,0.0,1.2497,1.7558,460,15.576666666666668,186.56552620052403,397.9093,584.4748,491.1921,0.1333,4.0265,0.5322,460,15.576666666666668
200.8889409534698,383.8909,584.4739,484.1824,0.1583,2.1657,0.533,461,15.615,201.08680420682532,384.3668,585.4711,484.919,0.0417,2.6379,1.1311,461,15.615,202.08626062464353,383.6881,585.6762,484.6822,0.125,1.3453,0.9003,461,15.615,202.89152784136,383.5984,586.6694,485.1339,0.0,1.2687,1.7615,461,15.615,184.4607029948603,400.0132,584.4739,492.2436,0.15,3.4189,0.533,461,15.615
200.76693304258373,384.1764,584.5917,484.3841,0.1167,2.4128,0.5182,462,15.643333333333334,201.33930617732875,384.1764,585.5135,484.8449,0.05,2.4128,1.0674,462,15.643333333333334,201.9692328731463,383.6317,585.5103,484.571,0.0833,1.4535,0.6272,462,15.643333333333334,202.91744685545294,383.6317,586.7226,485.1771,0.0,1.4535,1.6998,462,15.643333333333334,183.14523064332914,401.4465,584.5917,493.0191,0.1583,3.2668,0.5182,462,15.643333333333334
200.7899717504341,384.2036,584.612,484.4078,0.1167,2.42,0.5246,463,15.676666666666668,201.31822937647715,384.2036,585.5316,484.8676,0.05,2.42,1.0623,463,15.676666666666668,201.79763218579188,383.7358,585.5334,484.6346,0.1167,1.4019,0.6385,463,15.676666666666668,202.88126834419512,383.6538,586.7322,485.193,0.0,1.3028,1.7163,463,15.676666666666668,183.54482340123843,401.0672,584.612,492.8396,0.15,3.7244,0.5246,463,15.676666666666668
200.96546084704477,383.8744,584.6436,484.259,0.1583,1.9848,0.5109,464,15.718333333333334,201.33071636105694,384.2185,585.5432,484.8808,0.0417,2.4119,1.0749,464,15.718333333333334,201.955934540875,383.7064,585.8938,484.8001,0.1,1.2912,0.7545,464,15.718333333333334,202.88724273550724,383.7157,586.7533,485.2345,0.0,1.3895,1.7865,464,15.718333333333334,183.92417784067993,400.7194,584.6436,492.6815,0.1417,3.9329,0.5109,464,15.718333333333334
200.79331761374115,384.3258,585.1336,484.7297,0.1167,2.3699,0.7366,465,15.743333333333334,200.9387162931039,384.4643,585.4368,484.9505,0.0417,2.4301,0.9449,465,15.743333333333334,201.86364173905756,383.843,585.9175,484.8802,0.0917,1.2667,0.846,465,15.743333333333334,202.7994092801473,383.8242,586.7934,485.3088,0.0083,1.3193,1.8638,465,15.743333333333334,184.00717210269153,401.1264,585.1336,493.13,0.1,3.5377,0.7366,465,15.743333333333334
201.53964733186976,383.8848,585.0504,484.4676,0.075,1.7507,0.699,466,15.780000000000001,200.9361781796501,384.7611,585.7891,485.2751,0.0083,1.9103,0.8505,466,15.780000000000001,201.410843815901,383.9786,585.2933,484.636,0.0917,1.6805,0.8703,466,15.780000000000001,202.6749668536287,383.9786,586.8151,485.3969,0.0,1.6805,1.666,466,15.780000000000001,189.07306172541092,395.9773,585.0504,490.5138,0.075,6.0154,0.699,466,15.780000000000001
201.28856243150807,384.1703,585.0604,484.6154,0.05,2.2688,0.6363,467,15.82,200.93914011094412,384.7439,585.7861,485.265,0.0,1.8933,0.8456,467,15.82,201.41231590147424,383.9779,585.3014,484.6396,0.0917,1.6664,0.8607,467,15.82,202.68110503179716,383.9779,586.8204,485.3991,0.0,1.6664,1.6799,467,15.82,189.08492217244537,395.9755,585.0604,490.5179,0.075,6.0546,0.6363,467,15.82
201.28779965130306,384.18,585.0558,484.6179,0.05,2.0849,0.6637,468,15.843333333333334,200.92739892621788,384.7699,585.7877,485.2788,0.0,1.9124,0.8472,468,15.843333333333334,201.4278350863567,383.965,585.2988,484.6319,0.0917,1.6089,0.8529,468,15.843333333333334,202.6931352667972,383.965,586.8182,485.3916,0.0,1.6089,1.679,468,15.843333333333334,189.68293271750005,395.3745,585.0574,490.216,0.0667,7.3371,0.6827,468,15.843333333333334
201.3000969734129,384.1615,585.0618,484.6116,0.05,1.9944,0.676,469,15.876666666666667,200.93429842810224,384.7733,585.7902,485.2818,0.0,2.0214,0.8463,469,15.876666666666667,201.425309461118,383.9706,585.2988,484.6347,0.0917,1.5472,0.8658,469,15.876666666666667,202.65720698616164,383.9706,586.8191,485.3949,0.0,1.5472,1.6782,469,15.876666666666667,187.09691232007168,397.9649,585.0618,491.5133,0.0917,5.9572,0.676,469,15.876666666666667
201.2990370402293,384.1681,585.0592,484.6137,0.05,1.8311,0.6718,470,15.923333333333334,200.92525056285294,384.7832,585.7895,485.2864,0.0,2.0566,0.8508,470,15.923333333333334,201.41990681811657,383.9707,585.2959,484.6333,0.0917,1.5458,0.8857,470,15.923333333333334,202.6502970032269,383.9707,586.8171,485.3939,0.0,1.5458,1.6784,470,15.923333333333334,187.09720234365744,397.962,585.0592,491.5106,0.0917,5.9838,0.6718,470,15.923333333333334
201.30659218917674,384.1555,585.0596,484.6075,0.05,2.0371,0.677,471,15.943333333333335,200.9534099583803,384.7489,585.7897,485.2693,0.0,2.0197,0.8485,471,15.943333333333335,201.44291983187966,383.9596,585.2948,484.6272,0.0917,1.6226,0.8685,471,15.943333333333335,202.67640152432898,383.9596,586.8201,485.3898,0.0,1.6226,1.677,471,15.943333333333335,187.0791283936791,397.9804,585.0596,491.52,0.0917,5.9805,0.677,471,15.943333333333335
201.30289219171172,384.146,585.0568,484.6014,0.0417,2.0107,0.6815,472,15.976666666666668,201.10986019097786,384.5998,585.787,485.1934,0.0,1.949,0.8585,472,15.976666666666668,201.43505710998403,383.9749,585.2945,484.6347,0.0917,1.5975,0.8468,472,15.976666666666668,202.66517348896227,383.9749,586.8181,485.3965,0.0,1.5975,1.6783,472,15.976666666666668,187.03057001703874,398.028,585.0585,491.5433,0.1,5.4395,0.6974,472,15.976666666666668
201.30868250858995,384.1526,585.0844,484.6185,0.0417,1.9558,0.704,473,16.02166666666667,201.11389541563392,384.6093,585.7939,485.2016,0.0,1.9696,0.8817,473,16.02166666666667,201.41489657024692,383.9766,585.2913,484.634,0.0917,1.5351,0.8412,473,16.02166666666667,202.64577544421485,383.9766,586.8179,485.3972,0.0,1.5351,1.6799,473,16.02166666666667,187.0956265529419,397.9917,585.0873,491.5395,0.1,5.4162,0.7014,473,16.02166666666667
201.3018661058996,384.1489,585.0796,484.6143,0.05,2.0601,0.6849,474,16.043333333333333,200.966190446698,384.7356,585.7927,485.2642,0.0,2.0759,0.8695,474,16.043333333333333,201.60984974569956,383.8966,585.2878,484.5922,0.1,1.4558,0.8256,474,16.043333333333333,202.64061537320342,383.9906,586.8154,485.403,0.0,1.5317,1.6803,474,16.043333333333333,186.4439847521895,398.6383,585.0823,491.8603,0.1083,5.5848,0.72,474,16.043333333333333
201.15458025820593,384.2707,585.0785,484.6746,0.05,2.0945,0.6522,475,16.076666666666668,200.8218373882891,384.8876,585.7956,485.3416,0.0,2.1183,0.8768,475,16.076666666666668,201.24159161519907,384.0404,585.2794,484.6599,0.0917,1.6322,0.8259,475,16.076666666666668,202.54837035997636,384.0404,586.818,485.4292,0.0,1.6322,1.6734,475,16.076666666666668,188.19489655639413,396.8863,585.0812,490.9837,0.075,6.5505,0.6999,475,16.076666666666668
201.15632482868696,384.4441,585.5049,484.9745,0.075,1.635,0.7598,476,16.125,201.01300548494896,384.7768,585.8129,485.2949,0.025,1.7682,1.0567,476,16.125,201.83688188582212,384.5386,586.3861,485.4623,0.0833,1.1796,1.1734,476,16.125,202.71738460071802,384.1346,587.1032,485.6189,0.0,1.4735,1.8604,476,16.125,191.49982213435132,394.005,585.5049,489.7549,0.05,8.6985,0.7598,476,16.125
201.16565170823245,384.434,585.5037,484.9689,0.075,1.4554,0.764,477,16.143333333333334,201.02869921385042,384.7632,585.8116,485.2874,0.025,1.6544,1.0554,477,16.143333333333334,201.83592427864525,384.5367,586.3854,485.4611,0.0833,1.1419,1.189,477,16.143333333333334,202.718567453332,384.1356,587.1026,485.6191,0.0,1.4597,1.8491,477,16.143333333333334,190.6765573784158,394.8271,585.5037,490.1654,0.05,8.8046,0.764,477,16.143333333333334
201.27595928274653,384.1608,585.3415,484.7511,0.0833,1.8002,0.7403,478,16.17666666666667,200.9229373487195,384.7585,585.7487,485.2536,0.0167,1.8311,0.8804,478,16.17666666666667,202.20033995126008,384.5246,586.739,485.6318,0.0583,1.162,1.3186,478,16.17666666666667,202.77086291960745,384.131,587.1574,485.6442,0.0,1.4402,1.9001,478,16.17666666666667,190.24474110683164,395.0967,585.3415,490.2191,0.0333,8.5242,0.7403,478,16.17666666666667
201.32642350396836,384.3135,585.5102,484.9118,0.1167,1.1625,0.7684,479,16.211666666666666,201.02603096475445,384.7512,585.8157,485.2835,0.025,1.8066,1.0168,479,16.211666666666666,201.26770196318105,384.544,585.8117,485.1779,0.1167,1.2115,0.7802,479,16.211666666666666,202.66156047988568,384.1435,587.0532,485.5984,0.0,1.5146,1.7773,479,16.211666666666666,190.0334051429961,395.4768,585.5102,490.4935,0.05,8.2603,0.7684,479,16.211666666666666
201.30467978992718,384.2941,585.5086,484.9013,0.075,1.5194,0.7527,480,16.243333333333336,201.20364220592322,384.5977,585.815,485.2063,0.025,1.7945,1.0583,480,16.243333333333336,201.26962198150642,384.5417,585.8114,485.1765,0.1167,1.2463,0.7898,480,16.243333333333336,202.66611730584347,384.1421,587.053,485.5976,0.0,1.5161,1.7771,480,16.243333333333336,189.09902996365716,396.4096,585.5086,490.9591,0.0583,7.6328,0.7527,480,16.243333333333336
201.32255172854505,384.3108,585.512,484.9114,0.1083,1.1184,0.7663,481,16.276666666666667,201.18439458858828,384.6195,585.8119,485.2157,0.025,1.6871,1.0163,481,16.276666666666667,201.26264602267045,384.5475,585.8102,485.1789,0.1167,1.241,0.7903,481,16.276666666666667,202.65996064988443,384.1429,587.0542,485.5985,0.0,1.5136,1.7782,481,16.276666666666667,188.65369018438952,396.8583,585.512,491.1851,0.0583,7.2549,0.7663,481,16.276666666666667
201.2530406335538,384.3536,585.5121,484.9328,0.0917,1.4397,0.7777,482,16.310000000000002,201.01506030810424,384.761,585.8189,485.29,0.025,1.796,1.0214,482,16.310000000000002,201.2293837262358,384.5833,585.8127,485.198,0.1167,1.1635,0.7944,482,16.310000000000002,202.54690463057898,384.3551,587.0567,485.7059,0.0,1.4334,1.7736,482,16.310000000000002,188.80280588152934,396.7093,585.5121,491.1107,0.0667,7.0558,0.7777,482,16.310000000000002
201.23606067033927,384.3678,585.5094,484.9386,0.0917,1.4299,0.7645,483,16.343333333333334,200.99913646919626,384.7729,585.8158,485.2944,0.025,1.8479,1.0391,483,16.343333333333334,201.21408919237228,384.592,585.8061,485.1991,0.1167,1.1767,0.7963,483,16.343333333333334,202.5289877078128,384.3711,587.0509,485.711,0.0,1.4469,1.764,483,16.343333333333334,189.2238908644744,396.2855,585.5094,490.8974,0.0667,7.8024,0.7645,483,16.343333333333334
201.04031540492474,384.5451,585.5059,485.0255,0.1333,1.1037,0.7644,484,16.37666666666667,200.99760136797883,384.7725,585.8141,485.2933,0.025,1.8149,1.0297,484,16.37666666666667,201.19252878243935,384.613,585.8055,485.2093,0.1167,1.1784,0.7963,484,16.37666666666667,202.51749250817196,384.3763,587.0501,485.7132,0.0,1.4202,1.7656,484,16.37666666666667,188.4353226563132,397.0705,585.5059,491.2882,0.0667,6.6022,0.7644,484,16.37666666666667
201.14006372931684,384.4666,585.5073,484.987,0.075,1.5619,0.7533,485,16.41166666666667,201.00812855967735,384.7616,585.8172,485.2894,0.025,2.0571,1.0305,485,16.41166666666667,201.37710147037112,384.4284,585.8055,485.117,0.1417,1.2391,0.7963,485,16.41166666666667,202.50524931853758,384.3938,587.0501,485.722,0.0,1.4294,1.7656,485,16.41166666666667,188.44307411659523,397.0643,585.5073,491.2858,0.0667,6.6081,0.7533,485,16.41166666666667
200.96030898149533,384.5727,585.4682,485.0204,0.0333,1.9428,0.7802,486,16.44666666666667,200.92225032662375,384.6994,585.6769,485.1882,0.0167,1.9724,0.8087,486,16.44666666666667,202.49075713879427,384.2094,586.811,485.5102,0.0667,1.372,1.6394,486,16.44666666666667,202.72663594847745,384.3761,587.2383,485.8072,0.0,1.5775,1.9159,486,16.44666666666667,189.86998002726114,395.5982,585.4682,490.5332,0.0167,7.7369,0.7802,486,16.44666666666667
201.13070191168654,384.4593,585.555,485.0072,0.0667,1.8783,0.7464,487,16.475,200.98677628177845,384.8982,585.8801,485.3891,0.0167,1.9731,1.0886,487,16.475,202.4035888597264,384.2306,586.7303,485.4805,0.0583,1.3522,1.387,487,16.475,202.7523249788651,384.2464,587.1601,485.7033,0.0,1.6184,1.9199,487,16.475,190.0254237162985,395.4664,585.4919,490.4791,0.0417,7.4148,0.7877,487,16.475
200.62792719649443,384.7063,585.2454,484.9759,0.05,2.0776,0.7837,488,16.525000000000002,200.53997123482824,385.0077,585.5802,485.2939,0.0083,2.1513,1.0249,488,16.525000000000002,201.60427058395956,384.2278,585.9225,485.0751,0.1167,1.4236,0.7304,488,16.525000000000002,202.44381995451107,384.398,586.9397,485.6689,0.0,1.6595,1.9051,488,16.525000000000002,188.3113353387453,396.934,585.2454,491.0897,0.075,5.8964,0.7837,488,16.525000000000002
201.3303659910422,383.9786,585.2397,484.6092,0.0667,1.738,0.8645,489,16.543333333333333,200.61270132923553,384.4351,584.907,484.6711,0.0083,1.8455,0.8391,489,16.543333333333333,201.64738866170404,384.1754,585.9261,485.0508,0.0917,1.1485,1.0026,489,16.543333333333333,202.65409682642155,383.9435,586.7981,485.3708,0.0,1.2254,1.9364,489,16.543333333333333,189.3004748565802,395.9393,585.2397,490.5895,0.0583,5.4301,0.8645,489,16.543333333333333
201.01834828373163,384.0021,584.6181,484.3101,0.0917,1.9594,0.6365,490,16.576666666666668,200.63151904554888,384.359,584.7879,484.5735,0.0083,1.8588,0.7919,490,16.576666666666668,201.64895476834036,384.1646,585.9036,485.0341,0.1,1.1614,0.9727,490,16.576666666666668,202.7112378113804,383.9181,586.7797,485.3489,0.0,1.2815,1.915,490,16.576666666666668,188.67930525421443,395.9388,584.6181,490.2784,0.0917,5.4575,0.6365,490,16.576666666666668
201.24309309522033,384.0048,585.1328,484.5688,0.0667,1.934,0.8108,491,16.61,200.68589301008996,384.3637,584.9795,484.6716,0.0083,1.8547,0.9589,491,16.61,201.6513930475327,384.165,585.9082,485.0366,0.1,1.1614,1.1348,491,16.61,202.71675007093253,383.9176,586.7858,485.3517,0.0,1.3024,1.9029,491,16.61,189.19701661873157,395.9358,585.1328,490.5343,0.0667,5.4307,0.8108,491,16.61
201.06520031827242,384.2067,585.131,484.6689,0.05,1.9729,0.8112,492,16.643333333333334,200.70690043887157,384.3281,584.9772,484.6527,0.0083,2.0301,0.9469,492,16.643333333333334,201.98220664667053,383.9088,585.9045,484.9067,0.1,0.9329,1.1018,492,16.643333333333334,202.72669294702985,383.9118,586.7828,485.3473,0.0,1.3489,1.8855,492,16.643333333333334,187.79791934659684,397.3331,585.131,491.2321,0.0667,4.9506,0.8112,492,16.643333333333334
201.01871624244208,384.2069,585.1506,484.6788,0.0667,1.7795,0.7595,493,16.67666666666667,200.4372630120106,384.6298,585.0048,484.8173,0.0083,2.1132,0.985,493,16.67666666666667,202.03522765034987,383.8681,585.9829,484.9255,0.0833,1.084,1.0763,493,16.67666666666667,202.74502711816535,383.9446,586.8171,485.3809,0.0,1.259,1.8281,493,16.67666666666667,187.77569918145906,397.3749,585.1506,491.2628,0.0833,5.1743,0.7595,493,16.67666666666667
200.82059363033534,384.4396,585.176,484.8078,0.025,2.1131,0.7743,494,16.71,200.43575431238963,384.7345,584.9995,484.867,0.0083,2.1194,0.7022,494,16.71,202.1422300468352,383.9104,586.1895,485.05,0.125,0.9342,0.8259,494,16.71,202.80855699988587,384.0094,586.9282,485.4688,0.0,1.3454,1.7683,494,16.71,187.7235621294651,397.4525,585.176,491.3142,0.0333,5.2146,0.7743,494,16.71
200.9990106287897,384.3166,585.332,484.8243,0.0833,1.9649,0.7453,495,16.743333333333336,200.27503240936872,384.8621,585.0003,484.9312,0.0083,2.3966,0.7386,495,16.743333333333336,201.8942616739703,384.2101,586.2053,485.2077,0.0917,1.4631,1.0096,495,16.743333333333336,202.7329613941243,384.072,586.9728,485.5224,0.0083,1.3765,1.8959,495,16.743333333333336,188.3718434840013,396.9601,585.332,491.1461,0.075,5.3364,0.7453,495,16.743333333333336
201.07956396530935,384.2607,584.9404,484.6005,0.1167,1.6876,0.6183,496,16.778333333333336,200.4313926827548,385.0078,585.2391,485.1234,0.025,1.6797,0.782,496,16.778333333333336,201.8217256862027,384.3343,586.1691,485.2517,0.075,1.4741,0.7853,496,16.778333333333336,202.8155497394342,384.1689,587.169,485.669,0.0083,1.2234,1.8143,496,16.778333333333336,184.85678130154758,399.9617,584.9404,492.451,0.1417,3.4521,0.6183,496,16.778333333333336
201.06752313726182,384.2684,584.9409,484.6047,0.1167,1.6962,0.6001,497,16.810000000000002,200.4215103098996,385.0178,585.2372,485.1275,0.025,1.6978,0.7782,497,16.810000000000002,201.8217256862027,384.3343,586.1691,485.2517,0.075,1.4741,0.7853,497,16.810000000000002,202.8155497394342,384.1689,587.169,485.669,0.0083,1.2234,1.8143,497,16.810000000000002,184.8436636303688,399.9721,584.9409,492.4565,0.1417,3.4469,0.6001,497,16.810000000000002
200.87286652661456,384.3643,584.9403,484.6523,0.1083,1.6083,0.5826,498,16.845000000000002,200.42144621017167,385.0177,585.2356,485.1266,0.025,1.6654,0.7789,498,16.845000000000002,201.8088321298529,384.3467,586.1696,485.2581,0.075,1.5065,0.787,498,16.845000000000002,202.79901290321666,384.1774,587.1695,485.6734,0.0083,1.2857,1.7921,498,16.845000000000002,184.87133316133207,399.9426,584.9403,492.4414,0.1417,3.429,0.5826,498,16.845000000000002
200.8454233740961,384.3804,584.9388,484.6596,0.1083,1.7274,0.5496,499,16.87666666666667,200.40844548941556,385.0332,585.2254,485.1293,0.025,1.5764,0.781,499,16.87666666666667,201.70740968256152,384.3471,586.1262,485.2367,0.1083,1.4964,0.8006,499,16.87666666666667,202.68690110903447,384.1791,587.0432,485.6112,0.0083,1.2375,1.7962,499,16.87666666666667,184.34659672063688,400.4601,584.9388,492.6995,0.1333,2.9056,0.5496,499,16.87666666666667
201.0450751295261,384.2823,584.9353,484.6088,0.1167,1.6799,0.5025,500,16.91,200.40871662343366,385.0299,585.2292,485.1296,0.025,1.6636,0.7879,500,16.91,201.8072593580318,384.3512,586.1722,485.2617,0.075,1.5211,0.8046,500,16.91,202.80006717810625,384.1821,587.1744,485.6782,0.0083,1.3244,1.9065,500,16.91,183.42882908147936,401.3763,584.9353,493.1558,0.15,3.0912,0.5025,500,16.91
200.4759229315906,384.4718,584.7946,484.6332,0.125,1.7454,0.5389,501,16.94666666666667,200.595185204246,385.0228,585.5878,485.3053,0.0333,1.7132,0.8192,501,16.94666666666667,201.89095318952516,384.1743,586.1955,485.1849,0.0917,1.3528,0.8971,501,16.94666666666667,202.74946009737053,384.1743,587.0967,485.6355,0.0083,1.3528,1.8131,501,16.94666666666667,183.06933814286424,401.7253,584.7946,493.2599,0.1667,2.9115,0.5389,501,16.94666666666667
200.40806226008183,384.4557,584.7607,484.6082,0.1333,1.7613,0.5317,502,16.976666666666667,200.6027106215285,385.0082,585.5649,485.2866,0.0333,1.7028,0.8305,502,16.976666666666667,201.7770055235159,384.3351,586.1808,485.258,0.1,1.5381,0.8546,502,16.976666666666667,202.74698029846184,384.1688,587.0816,485.6252,0.0083,1.3335,1.8189,502,16.976666666666667,183.3629350905851,401.3429,584.7607,493.0518,0.1667,3.1404,0.5317,502,16.976666666666667
200.402606048565,384.4208,584.7608,484.5908,0.1417,1.4774,0.5382,503,17.011666666666667,200.61071805478076,384.9672,585.5641,485.2656,0.0333,1.6536,0.8386,503,17.011666666666667,201.7780023164887,384.3324,586.1798,485.2561,0.1,1.5451,0.85,503,17.011666666666667,202.74852425774418,384.1668,587.0804,485.6236,0.0083,1.3084,1.8178,503,17.011666666666667,184.11575057391465,400.591,584.7608,492.6759,0.1667,3.3852,0.5382,503,17.011666666666667
200.4146907981321,384.4193,584.7653,484.5923,0.1417,1.5425,0.5309,504,17.05,200.6168164171232,384.965,585.5702,485.2676,0.0333,1.626,0.8388,504,17.05,201.77709549514327,384.3345,586.1804,485.2575,0.1,1.5514,0.8496,504,17.05,202.74777323442703,384.1692,587.0812,485.6252,0.0083,1.2943,1.8151,504,17.05,184.5321585543616,400.1805,584.7653,492.4729,0.1583,3.5858,0.5309,504,17.05
200.32013669037164,384.4366,584.7779,484.6073,0.15,1.5585,0.4626,505,17.076666666666668,200.59990813949878,384.9855,585.5702,485.2778,0.0333,2.0153,0.8581,505,17.076666666666668,201.8840958525579,384.3389,586.2535,485.2962,0.075,1.586,0.907,505,17.076666666666668,202.83734175074102,384.1718,587.2014,485.6866,0.0083,1.2925,1.807,505,17.076666666666668,183.7322458363628,400.9216,584.7779,492.8498,0.1667,3.406,0.4626,505,17.076666666666668
200.98149099694675,384.4742,585.3612,484.9177,0.0833,1.5453,0.7398,506,17.113333333333333,200.55613059776113,384.8817,585.1087,484.9952,0.025,1.721,0.7516,506,17.113333333333333,201.3487415149476,384.1716,585.3758,484.7737,0.1333,1.1676,0.5715,506,17.113333333333333,202.48471132200356,384.4426,587.0364,485.7395,0.0,1.2278,1.6302,506,17.113333333333333,190.93162579987506,394.4296,585.3612,489.8954,0.0417,10.748,0.7398,506,17.113333333333333
200.92076392325455,384.5119,585.3635,484.9377,0.075,1.5859,0.7537,507,17.151666666666667,200.64382840155707,384.8067,585.1099,484.9583,0.025,1.8931,0.7645,507,17.151666666666667,201.3628437584637,384.1698,585.3804,484.7751,0.1333,1.1686,0.5376,507,17.151666666666667,202.49656440007266,384.4403,587.0421,485.7412,0.0,1.2254,1.6769,507,17.151666666666667,190.33894499049097,395.0246,585.3635,490.194,0.05,9.7228,0.7537,507,17.151666666666667
200.92856366071152,384.4702,585.3477,484.909,0.075,1.7337,0.7456,508,17.17666666666667,200.6403756596114,384.7662,585.0909,484.9285,0.025,1.9182,0.7453,508,17.17666666666667,200.92633272934657,384.4502,585.3765,484.9134,0.175,0.9994,0.5738,508,17.17666666666667,202.47414405889816,384.4544,587.04,485.7472,0.0,1.4027,1.6558,508,17.17666666666667,190.52564815806846,394.822,585.3477,490.0849,0.0583,9.133,0.7456,508,17.17666666666667
200.90247657181138,384.5025,585.2956,484.899,0.0667,1.658,0.7591,509,17.211666666666666,200.631923867927,384.7989,585.0857,484.9423,0.025,1.814,0.7736,509,17.211666666666666,201.00233586911833,384.3667,585.369,484.8678,0.1667,1.1095,0.6675,509,17.211666666666666,202.4698808625261,384.4563,587.0395,485.7479,0.0,1.4017,1.6431,509,17.211666666666666,189.52726314331488,395.7683,585.2956,490.532,0.05,8.9779,0.7591,509,17.211666666666666
201.04968689471127,384.4014,585.3546,484.878,0.0833,1.7218,0.7509,510,17.255000000000003,200.63767461392655,384.8159,585.0993,484.9576,0.025,1.8259,0.773,510,17.255000000000003,201.42193943524643,384.349,585.4186,484.8838,0.125,1.7923,0.6048,510,17.255000000000003,202.51230788777102,384.4489,587.0587,485.7538,0.0,1.5681,1.6336,510,17.255000000000003,189.9344124724211,395.4201,585.3546,490.3873,0.0583,9.9258,0.7509,510,17.255000000000003
200.69095318039712,384.7179,585.3482,485.033,0.0833,1.8675,0.7491,511,17.276666666666667,200.14617377252682,385.1259,585.0944,485.1102,0.025,2.2361,0.7894,511,17.276666666666667,201.81158873749592,384.2577,586.2484,485.253,0.1417,1.5788,0.8053,511,17.276666666666667,202.34096814652972,384.6695,587.0596,485.8645,0.0,1.5883,1.6272,511,17.276666666666667,189.06677538728013,396.2814,585.3482,490.8148,0.05,8.657,0.7491,511,17.276666666666667
200.6743053164111,384.7287,585.2804,485.0046,0.0667,1.8547,0.8428,512,17.310000000000002,200.13162335974528,385.1375,585.0877,485.1126,0.025,2.1354,0.7907,512,17.310000000000002,201.7969986193801,384.2667,586.2509,485.2588,0.1417,1.5549,0.7779,512,17.310000000000002,202.32846546993053,384.6823,587.0648,485.8735,0.0,1.5552,1.6302,512,17.310000000000002,188.1430404142946,397.1373,585.2804,491.2089,0.0583,5.0467,0.8428,512,17.310000000000002
200.44394289187534,384.9545,585.2795,485.117,0.05,2.265,0.8819,513,17.353333333333335,200.05768607563664,385.2208,585.0869,485.1539,0.0167,2.2175,0.8393,513,17.353333333333335,201.59238489268586,384.3749,586.2471,485.311,0.1583,1.0866,0.7801,513,17.353333333333335,202.37468092232365,384.5872,587.0716,485.8294,0.0,1.3117,1.6275,513,17.353333333333335,188.75579402298388,396.5237,585.2795,490.9016,0.025,5.9202,0.8819,513,17.353333333333335
200.78486852345674,384.6921,585.416,485.0541,0.0583,1.5601,0.8683,514,17.37666666666667,200.2497190454697,385.1193,585.2196,485.1695,0.0167,1.8556,0.871,514,17.37666666666667,201.10560420436215,384.3866,585.46,484.9233,0.1417,1.2715,0.6685,514,17.37666666666667,202.34738757059296,384.6237,587.0724,485.8481,0.0,1.3274,1.6179,514,17.37666666666667,185.8222998963437,399.5937,585.416,492.5049,0.0917,3.9522,0.8683,514,17.37666666666667
200.8234957353668,384.6942,585.4446,485.0694,0.0583,1.9469,0.8407,515,17.41166666666667,200.39381802351818,384.9827,585.1315,485.0571,0.0167,1.8795,0.8024,515,17.41166666666667,201.24096639015127,384.3811,585.5879,484.9845,0.1417,1.2401,0.6171,515,17.41166666666667,202.4189875451772,384.6174,587.1365,485.8769,0.0,1.3329,1.6975,515,17.41166666666667,189.44811804898006,395.9965,585.4446,490.7205,0.0333,8.9193,0.8407,515,17.41166666666667
201.0052849075272,384.8442,585.8375,485.3408,0.075,1.6398,0.8949,516,17.46166666666667,200.68217054492152,385.1788,585.8572,485.518,0.0333,1.4297,0.9684,516,17.46166666666667,201.52233441661974,384.632,586.1544,485.3932,0.125,0.9327,0.7226,516,17.46166666666667,202.45689235679131,384.6712,587.2284,485.9498,0.0,1.4516,1.7096,516,17.46166666666667,192.51161527428508,393.3259,585.8375,489.5817,0.1,7.2582,0.8949,516,17.46166666666667
201.0103667541381,384.8418,585.8518,485.3468,0.075,1.6244,0.9069,517,17.476666666666667,200.68648029136213,385.1774,585.8703,485.5239,0.0333,1.4415,1.0213,517,17.476666666666667,201.5255229405195,384.6277,586.1533,485.3905,0.125,0.9095,0.712,517,17.476666666666667,202.46476799106088,384.6586,587.2269,485.9428,0.0,1.4201,1.6907,517,17.476666666666667,193.33363313516378,392.5182,585.8518,489.185,0.1,7.0875,0.9069,517,17.476666666666667
201.12338663607937,384.7579,585.8529,485.3054,0.0833,1.6105,0.9102,518,17.85666666666667,200.6749627695129,385.1886,585.8713,485.5299,0.0333,1.4379,1.0229,518,17.85666666666667,201.52190716962144,384.6304,586.1523,485.3914,0.125,0.8747,0.7119,518,17.85666666666667,202.45934109846425,384.6647,587.2264,485.9456,0.0,1.4284,1.6715,518,17.85666666666667,193.32960029623243,392.5233,585.8529,489.1881,0.1,7.0934,0.9102,518,17.85666666666667
200.90538515066464,384.9611,585.8571,485.4091,0.075,1.5082,0.9473,519,17.861666666666668,200.58979186743318,385.2895,585.8732,485.5814,0.0333,1.5667,1.0037,519,17.861666666666668,201.51644060802,384.6312,586.1477,485.3894,0.125,0.8774,0.7097,519,17.861666666666668,202.45814736504866,384.6634,587.2243,485.9439,0.0,1.4282,1.6455,519,17.861666666666668,192.48149104157554,393.3756,585.8571,489.6163,0.1,7.3764,0.9473,519,17.861666666666668
200.9854548337752,384.8597,585.8351,485.3474,0.0833,1.6948,0.9706,520,17.875,200.49055479769265,385.3288,585.8564,485.5926,0.0333,1.8417,1.0014,520,17.875,201.70375371056463,384.6889,586.2676,485.4783,0.1167,0.6968,0.7313,520,17.875,202.4872233625742,384.6747,587.2677,485.9712,0.0,1.3415,1.6561,520,17.875,193.34211195976584,392.493,585.8351,489.164,0.05,8.5336,0.9706,520,17.875
200.7883576368156,385.0959,585.5909,485.3434,0.075,1.6923,0.6097,521,17.89166666666667,200.99474254991162,385.1064,586.1343,485.6204,0.0,1.849,0.844,521,17.89166666666667,201.91682632791597,384.4666,586.5533,485.5099,0.1167,1.3338,0.8464,521,17.89166666666667,202.56822961192674,384.7959,587.4278,486.1119,0.0,1.4674,1.7636,521,17.89166666666667,190.58603807451126,395.0048,585.5909,490.2979,0.0833,9.8889,0.6097,521,17.89166666666667
200.2398336624432,385.0515,585.1166,485.0841,0.0833,1.6024,0.6116,522,17.91,200.9265437842148,385.0412,586.061,485.5511,0.0,1.8464,0.9074,522,17.91,201.13266437141408,384.3905,585.5162,484.9534,0.1417,1.3067,0.6978,522,17.91,202.4255649595609,384.7396,587.2315,485.9856,0.0,1.4514,1.8522,522,17.91,190.42217159861022,394.6944,585.1166,489.9055,0.075,9.0311,0.6116,522,17.91
200.67801407820832,385.0285,585.5101,485.2693,0.0833,1.8076,0.6226,523,17.943333333333335,200.862240703955,385.0598,586.0113,485.5355,0.0,1.9238,0.9678,523,17.943333333333335,201.1383160502234,384.3571,585.4955,484.9263,0.1417,1.228,0.7183,523,17.943333333333335,202.4067985938889,384.7093,587.1885,485.9489,0.0,1.4995,1.821,523,17.943333333333335,191.0923885555704,394.4177,585.5101,489.9639,0.0917,9.0859,0.6226,523,17.943333333333335
200.37785717156675,385.1539,585.5318,485.3428,0.1,1.7372,0.6026,524,17.978333333333335,200.71048781164646,385.1368,585.8095,485.4731,0.0,2.0422,0.8034,524,17.978333333333335,201.18599632406088,384.3331,585.5079,484.9205,0.1333,1.3432,0.69,524,17.978333333333335,202.41490855514513,384.6996,587.1865,485.943,0.0,1.5475,1.8284,524,17.978333333333335,190.80241898452599,394.7293,585.5318,490.1306,0.0833,8.9947,0.6026,524,17.978333333333335
200.6903595568597,384.8413,585.4915,485.1664,0.0833,1.6911,0.5897,525,18.011666666666667,200.70589454928407,385.1122,585.8039,485.458,0.0,2.0016,0.8198,525,18.011666666666667,201.11078080326087,384.3907,585.5015,484.9461,0.1417,1.2078,0.7213,525,18.011666666666667,202.41265594748972,384.7046,587.1896,485.9471,0.0,1.5032,1.8329,525,18.011666666666667,189.77510918880216,395.7164,585.4915,490.604,0.075,10.1496,0.5897,525,18.011666666666667
200.67568133120957,384.8367,585.4592,485.148,0.0833,1.6811,0.6243,526,18.043333333333333,200.79800697961758,385.1026,586.0007,485.5516,0.0,1.9525,0.9856,526,18.043333333333333,201.11672175448405,384.3832,585.4999,484.9415,0.1417,1.1701,0.7207,526,18.043333333333333,202.42218294414198,384.7026,587.197,485.9498,0.0,1.3757,1.8231,526,18.043333333333333,189.07636993458013,396.3828,585.4592,490.921,0.075,9.2143,0.6243,526,18.043333333333333
200.75173553454786,384.8538,585.6034,485.2286,0.075,1.6586,0.6348,527,18.076666666666668,200.7636938093251,385.1391,585.9992,485.5692,0.0,2.0566,0.9865,527,18.076666666666668,200.86996260074247,384.6299,585.4999,485.0649,0.15,1.045,0.7207,527,18.076666666666668,202.41472420484791,384.7088,587.197,485.9529,0.0,1.3709,1.8231,527,18.076666666666668,189.22063349972188,396.3828,585.6034,490.9931,0.0667,9.2138,0.6348,527,18.076666666666668
201.00244904592466,384.7928,585.5407,485.1667,0.0917,2.2054,0.7113,528,18.111666666666668,200.96673895911755,385.3068,586.2811,485.7939,0.025,2.4272,1.1862,528,18.111666666666668,201.1824794001985,384.4921,585.5692,485.0306,0.1,1.3283,0.7871,528,18.111666666666668,202.36757309673675,384.6131,587.1646,485.8889,0.0,1.3174,1.6215,528,18.111666666666668,189.80111539818643,395.7396,585.5407,490.6401,0.1667,4.7887,0.7113,528,18.111666666666668
200.96624591982845,384.7047,585.2624,484.9835,0.1083,2.1212,0.6844,529,18.143333333333334,201.0780711683548,385.2045,586.2926,485.7485,0.025,2.2696,1.215,529,18.143333333333334,201.1833835237876,384.4944,585.5812,485.0378,0.1,1.3362,0.7701,529,18.143333333333334,202.376806539224,384.6153,587.1811,485.8982,0.0,1.3694,1.607,529,18.143333333333334,187.20575469141494,398.0566,585.2624,491.6595,0.1083,5.3456,0.6844,529,18.143333333333334
200.97314318998193,384.6972,585.2607,484.979,0.1083,2.1032,0.6841,530,18.178333333333335,201.0832452695783,385.1975,586.2902,485.7438,0.025,2.2481,1.2127,530,18.178333333333335,201.18139257621957,384.4926,585.5776,485.0351,0.1,1.3421,0.7682,530,18.178333333333335,202.37726175085973,384.6127,587.179,485.8959,0.0,1.3517,1.6071,530,18.178333333333335,187.66336080386506,397.5974,585.2607,491.429,0.1083,6.744,0.6841,530,18.178333333333335
200.92198063638543,384.7213,585.2585,484.9899,0.1083,2.0106,0.6844,531,18.21,201.04986450819138,385.2322,586.2904,485.7613,0.025,2.211,1.2077,531,18.21,201.1754752537323,384.4959,585.5782,485.0371,0.1,1.3404,0.7657,531,18.21,202.3678653427723,384.6159,587.1728,485.8943,0.0,1.3648,1.6059,531,18.21,187.55945273807535,397.6991,585.2585,491.4788,0.15,5.6141,0.6844,531,18.21
201.1024169337815,384.7303,585.7096,485.2199,0.0917,2.0565,0.7102,532,18.243333333333336,200.90549069050402,385.2417,586.1749,485.7083,0.025,2.3923,1.1015,532,18.243333333333336,201.1690433767645,384.4916,585.5928,485.0422,0.1083,1.3376,0.7817,532,18.243333333333336,202.35593721259426,384.6306,587.1726,485.9016,0.0,1.435,1.6037,532,18.243333333333336,187.6710454783567,398.0386,585.7096,491.8741,0.125,5.617,0.7102,532,18.243333333333336
201.07931066009195,384.7616,585.7202,485.2409,0.0917,2.1251,0.7138,533,18.278333333333336,200.88544635633232,385.2664,586.1817,485.7241,0.025,2.314,1.0615,533,18.278333333333336,201.20317399429996,384.5089,585.5992,485.0541,0.1,1.4376,0.7852,533,18.278333333333336,202.36045235386214,384.6289,587.1759,485.9024,0.0,1.4233,1.6074,533,18.278333333333336,188.334063125973,397.3861,585.7202,491.5531,0.1333,5.3335,0.7138,533,18.278333333333336
201.09921096467284,384.731,585.7208,485.2259,0.0917,2.1317,0.7265,534,18.310000000000002,200.92263671632716,385.2357,586.1817,485.7087,0.025,2.346,1.1214,534,18.310000000000002,201.20359829602262,384.5075,585.5965,485.052,0.1,1.4711,0.7855,534,18.310000000000002,202.36106176659155,384.6275,587.1746,485.901,0.0,1.4255,1.6072,534,18.310000000000002,188.34666194165064,397.3742,585.7208,491.5475,0.1333,5.3494,0.7265,534,18.310000000000002
201.07302832936548,384.7165,585.6712,485.1938,0.0833,2.0998,0.8054,535,18.343333333333334,200.91919352917176,385.2237,586.1619,485.6928,0.025,2.3121,1.0549,535,18.343333333333334,201.20941047774565,384.5085,585.6033,485.0559,0.1,1.4728,0.8771,535,18.343333333333334,202.34088719918407,384.6284,587.1607,485.8946,0.0,1.428,1.6703,535,18.343333333333334,187.4115176112756,398.2596,585.6712,491.9654,0.1667,3.9062,0.8054,535,18.343333333333334
201.04346774775334,384.7528,585.675,485.2139,0.0833,2.1053,0.8085,536,18.380000000000003,200.87765051787878,385.2582,586.1609,485.7096,0.025,2.2839,1.0636,536,18.380000000000003,201.207560992945,384.506,585.601,485.0535,0.1,1.4725,0.878,536,18.380000000000003,202.3422248173546,384.6261,587.1601,485.8931,0.0,1.4231,1.6637,536,18.380000000000003,187.74238555773832,397.9326,585.675,491.8038,0.1,6.1262,0.8085,536,18.380000000000003
201.04133937237089,384.7133,585.722,485.2177,0.0917,2.1002,0.7226,537,18.41,200.90156197724164,385.2204,586.1274,485.6739,0.025,2.3123,1.0172,537,18.41,201.20612011871646,384.507,585.6006,485.0538,0.1,1.4742,0.7701,537,18.41,202.31363164420137,384.627,587.1399,485.8835,0.0,1.4281,1.6097,537,18.41,187.81999919514803,397.902,585.722,491.812,0.1,6.0794,0.7226,537,18.41
200.68532412614616,384.8573,585.2116,485.0344,0.0667,2.1566,0.5804,538,18.44666666666667,201.03693459890613,385.0274,586.1,485.5637,0.0167,2.2276,0.9759,538,18.44666666666667,201.4696537814053,384.8099,586.2858,485.5479,0.1167,1.1462,0.8779,538,18.44666666666667,202.46372216528934,384.6597,587.3112,485.9854,0.0,1.33,1.7425,538,18.44666666666667,182.6791082631405,402.5325,585.2116,493.8721,0.1417,3.1505,0.5804,538,18.44666666666667
200.69954536539458,384.8381,585.2124,485.0253,0.0667,2.0991,0.5753,539,18.483333333333334,201.05819578005628,385.0114,586.1032,485.5573,0.0167,2.2503,0.9771,539,18.483333333333334,201.00217992804062,384.7945,585.7967,485.2956,0.1333,1.1106,0.7409,539,18.483333333333334,202.41713995487908,384.6567,587.2476,485.9521,0.0,1.318,1.7217,539,18.483333333333334,182.6257291695285,402.5867,585.2124,493.8995,0.1417,3.2115,0.5753,539,18.483333333333334
200.9653400010115,384.6766,585.2143,484.9454,0.0667,2.1936,0.5928,540,18.525000000000002,201.29225261726106,384.813,586.1042,485.4586,0.0167,2.2316,0.9995,540,18.525000000000002,200.99130385427733,384.8052,585.7965,485.3009,0.1333,1.1179,0.7346,540,18.525000000000002,202.41302707200168,384.6534,587.2482,485.9508,0.0,1.3021,1.7186,540,18.525000000000002,182.672695947999,402.5416,585.2143,493.878,0.1333,2.7619,0.5928,540,18.525000000000002
200.969626491192,384.6693,585.4735,485.0714,0.075,2.1434,0.6873,541,18.543333333333333,201.09169573749884,384.9793,586.1058,485.5425,0.0167,2.0888,0.9663,541,18.543333333333333,200.8558704436912,384.8189,585.6748,485.2469,0.1417,1.0832,0.773,541,18.543333333333333,202.40722484658482,384.6609,587.2507,485.9558,0.0,1.3777,1.7218,541,18.543333333333333,182.9868582093373,402.4866,585.4735,493.98,0.1417,3.0188,0.6873,541,18.543333333333333
200.98718207483145,384.6751,585.4843,485.0797,0.075,2.1599,0.694,542,18.585,201.10290847278478,384.9854,586.1273,485.5563,0.0167,2.1668,0.9472,542,18.585,200.74197435174244,385.069,585.811,485.44,0.1333,1.0738,0.7633,542,18.585,202.40977443894843,384.6736,587.2676,485.9706,0.0,1.3432,1.6942,542,18.585,182.99452587820693,402.4897,585.4843,493.987,0.1417,3.0191,0.694,542,18.585
201.03042969465199,384.7218,585.4891,485.1054,0.0667,2.1291,0.6644,543,18.61,201.114458705882,385.0327,586.187,485.6099,0.0167,2.0806,0.98,543,18.61,201.40229657028752,384.582,585.8901,485.2361,0.1167,1.3238,0.6482,543,18.61,202.47112403536062,384.7346,587.3348,486.0347,0.0,1.4044,1.7157,543,18.61,182.90495153964892,402.5841,585.4891,494.0366,0.1333,3.034,0.6644,543,18.61
200.97626737187207,384.7234,585.344,485.0337,0.0833,2.0942,0.5619,544,18.643333333333334,201.35464915429884,385.0203,586.3774,485.6988,0.0167,2.0401,1.2365,544,18.643333333333334,201.44350664511887,384.6441,586.0062,485.3251,0.1167,1.3778,0.6239,544,18.643333333333334,202.48484266547618,384.7961,587.4247,486.1104,0.0,1.4802,1.7399,544,18.643333333333334,182.75912858097692,402.5611,585.344,493.9525,0.1583,2.9791,0.5619,544,18.643333333333334
201.2727091219803,384.5102,585.3345,484.9223,0.1,2.1152,0.5881,545,18.688333333333336,201.38947064915655,385.0007,586.4094,485.7051,0.025,2.2737,1.2497,545,18.688333333333336,201.26881148701585,384.7049,585.9737,485.3393,0.125,1.2075,0.7291,545,18.688333333333336,202.55403448513934,384.7618,587.463,486.1124,0.0,1.4205,1.8151,545,18.688333333333336,182.17626956153143,403.1056,585.3345,494.2201,0.1917,2.9198,0.5881,545,18.688333333333336
201.29503706970186,384.522,585.3486,484.9353,0.1,2.1238,0.5951,546,18.71,201.40373431263,385.0154,586.4394,485.7274,0.025,2.2669,1.2702,546,18.71,201.68346616349018,384.7044,586.5111,485.6078,0.125,1.2165,0.8324,546,18.71,202.56930120787695,384.7591,587.4718,486.1155,0.0,1.4236,1.7974,546,18.71,182.19835335465606,403.1005,585.3486,494.2246,0.1917,2.8727,0.5951,546,18.71
200.98037102929842,384.7522,585.3507,485.0515,0.0833,2.1408,0.5922,547,18.743333333333336,201.35769244352525,385.0619,586.4431,485.7525,0.0167,2.2038,1.2636,547,18.743333333333336,201.52708637681368,384.9304,586.5114,485.7209,0.125,1.2819,0.8456,547,18.743333333333336,202.5742073491552,384.7558,587.4721,486.1139,0.0,1.4444,1.7974,547,18.743333333333336,187.52991675354068,397.7731,585.3507,491.5619,0.125,7.1137,0.5922,547,18.743333333333336
200.92414427058205,385.0942,585.7076,485.4009,0.0333,1.9711,0.6468,548,18.791666666666668,200.63941490206656,385.3717,586.004,485.6878,0.0,2.5036,0.746,548,18.791666666666668,201.76599557274346,384.7262,586.5867,485.6565,0.0667,1.3608,0.7922,548,18.791666666666668,202.7365170180069,384.7262,587.6202,486.1732,0.0,1.3608,1.8773,548,18.791666666666668,183.8401914745736,401.8674,585.7076,493.7875,0.1,2.8458,0.6468,548,18.791666666666668
200.93020850512627,385.101,585.709,485.405,0.0333,1.9638,0.6611,549,18.810000000000002,200.63411289850907,385.3804,586.0056,485.693,0.0,2.3899,0.7498,549,18.810000000000002,201.761698035928,384.7285,586.5873,485.6579,0.0667,1.3814,0.7936,549,18.810000000000002,202.73323424287537,384.7285,587.6193,486.1739,0.0,1.3814,1.8712,549,18.810000000000002,183.85701753384507,401.8519,585.709,493.7805,0.1083,3.1125,0.6611,549,18.810000000000002
200.9613645109408,385.096,585.8243,485.4601,0.0167,2.0122,0.7321,550,18.843333333333334,200.54569420519104,385.3751,585.8243,485.5997,0.0,2.3933,0.7321,550,18.843333333333334,201.75288098154797,384.7455,586.5819,485.6637,0.075,1.4881,0.7791,550,18.843333333333334,202.6128686950994,384.8961,587.6144,486.2553,0.0,1.5657,1.8749,550,18.843333333333334,185.1855143960308,400.6387,585.8243,493.2315,0.0833,3.5248,0.7321,550,18.843333333333334
200.86228715134092,385.0659,585.8189,485.4424,0.0417,1.6604,0.6906,551,18.888333333333335,200.54091681510846,385.3791,585.8189,485.599,0.0,2.2919,0.6906,551,18.888333333333335,201.7534150177781,384.7462,586.5848,485.6655,0.075,1.5102,0.7793,551,18.888333333333335,202.61545828005606,384.8969,587.6181,486.2575,0.0,1.5613,1.8841,551,18.888333333333335,183.94743958482522,401.8714,585.8189,493.8451,0.0917,2.9312,0.6906,551,18.888333333333335
200.9746271976348,385.0966,585.8144,485.4555,0.025,1.8785,0.6961,552,18.91,200.5194900569214,385.3928,585.8144,485.6036,0.0,2.3633,0.6961,552,18.91,201.74616568586748,384.7488,586.5843,485.6665,0.075,1.5089,0.7821,552,18.91,202.60751398388956,384.9003,587.6164,486.2583,0.0,1.5585,1.8802,552,18.91,183.99254289178063,401.8219,585.8144,493.8181,0.0917,2.9786,0.6961,552,18.91
200.93721373313144,385.1086,585.739,485.4238,0.025,1.8268,0.6271,553,18.943333333333335,200.5166261841029,385.4001,585.8194,485.6097,0.0,2.3798,0.6869,553,18.943333333333335,201.74425342043196,384.7393,586.5855,485.6624,0.0667,1.4203,0.781,553,18.943333333333335,202.71391580018098,384.7393,587.6165,486.1779,0.0,1.4203,1.8725,553,18.943333333333335,183.8705275127348,401.8685,585.739,493.8038,0.1,2.9223,0.6271,553,18.943333333333335
200.84701342060663,385.0786,585.8114,485.445,0.0417,1.6828,0.695,554,18.976666666666667,200.50673704410107,385.4043,585.8114,485.6079,0.0,2.315,0.695,554,18.976666666666667,201.7396200848959,384.7423,586.5852,485.6637,0.0667,1.4097,0.7796,554,18.976666666666667,202.71085806000838,384.7423,587.617,486.1797,0.0,1.4097,1.8837,554,18.976666666666667,183.98507404109372,401.8264,585.8114,493.8189,0.0917,2.9756,0.695,554,18.976666666666667
200.8530553336539,385.085,585.8212,485.4531,0.0417,1.6887,0.6941,555,19.01,200.5083077307574,385.4087,585.8212,485.6149,0.0,2.3189,0.6941,555,19.01,201.73903883155268,384.7435,586.5833,485.6634,0.0667,1.4385,0.7824,555,19.01,202.71071753069734,384.7435,587.6163,486.1799,0.0,1.4385,1.8792,555,19.01,183.94849654904255,401.8727,585.8212,493.8469,0.0917,2.9292,0.6941,555,19.01
200.9447383265453,385.1,585.8138,485.4569,0.0167,1.8817,0.6958,556,19.043333333333333,200.53524298579666,385.3775,585.8138,485.5956,0.0,2.4365,0.6958,556,19.043333333333333,201.7420798430609,384.7453,586.5827,485.664,0.0667,1.4398,0.7787,556,19.043333333333333,202.70987883974783,384.7453,587.6159,486.1806,0.0,1.4398,1.8793,556,19.043333333333333,183.99009542291526,401.8237,585.8138,493.8188,0.0917,2.9847,0.6958,556,19.043333333333333
200.94838739426893,385.1021,585.8209,485.4615,0.0167,1.879,0.6937,557,19.076666666666668,200.54110999678957,385.3777,585.8209,485.5993,0.0,2.4773,0.6937,557,19.076666666666668,201.74304187792603,384.7499,586.5843,485.6671,0.0667,1.3548,0.7814,557,19.076666666666668,202.70961450179647,384.7499,587.6171,486.1835,0.0,1.3548,1.8803,557,19.076666666666668,183.95493509385878,401.866,585.8209,493.8435,0.0917,2.9058,0.6937,557,19.076666666666668
200.4034185385263,385.5183,586.0154,485.7669,0.0833,2.2039,0.6384,558,19.115000000000002,200.1103080699715,385.699,585.7379,485.7184,0.0,2.1215,0.6793,558,19.115000000000002,201.80135691929314,384.6951,586.6639,485.6795,0.1083,1.1179,0.7524,558,19.115000000000002,202.68260534590826,384.8607,587.6459,486.2533,0.0,1.2945,1.7336,558,19.115000000000002,182.22066462440404,403.7948,586.0154,494.9051,0.1833,1.3259,0.6384,558,19.115000000000002
200.36073570543286,385.5643,586.0669,485.8156,0.0833,2.1599,0.7407,559,19.143333333333334,200.16877977341235,385.6338,585.738,485.6859,0.0,2.181,0.683,559,19.143333333333334,201.8027646079577,384.6944,586.6639,485.6792,0.1083,1.119,0.7524,559,19.143333333333334,202.68421954355713,384.8598,587.6459,486.2528,0.0,1.2951,1.7336,559,19.143333333333334,182.43748851472736,403.6294,586.0669,494.8481,0.1583,1.5434,0.7407,559,19.143333333333334
200.52469716465467,385.5429,586.0676,485.8053,0.1,1.2701,0.7391,560,19.17666666666667,200.26931987946097,385.5906,585.7385,485.6646,0.0,1.7028,0.698,560,19.17666666666667,201.80349476018353,384.693,586.6653,485.6791,0.1083,1.1303,0.7627,560,19.17666666666667,202.68373776864695,384.8588,587.6463,486.2526,0.0,1.2953,1.7377,560,19.17666666666667,182.63891469784016,403.4287,586.0676,494.7482,0.15,1.9111,0.7391,560,19.17666666666667
200.83634128074118,385.095,585.9657,485.5304,0.0917,1.6489,0.6505,561,19.21,200.32873323437332,385.5382,585.7493,485.6438,0.0,1.8676,0.6116,561,19.21,201.7916140789153,384.6998,586.6625,485.6811,0.1083,1.0792,0.7455,561,19.21,202.67651487897723,384.8656,587.6469,486.2562,0.0,1.3134,1.6665,561,19.21,182.43076019203247,403.6126,585.9657,494.7891,0.1667,1.7924,0.6505,561,19.21
200.5767044923497,385.3964,585.8813,485.6388,0.0833,1.5954,0.7207,562,19.243333333333336,200.6611665397588,385.4676,586.2397,485.8536,0.0,1.8527,0.9541,562,19.243333333333336,201.8060376645396,384.6902,586.4967,485.5935,0.1,1.1877,0.6496,562,19.243333333333336,202.64877906547602,384.8561,587.604,486.2301,0.0,1.3125,1.6576,562,19.243333333333336,182.47251598921534,403.4087,585.8813,494.645,0.1333,2.0104,0.7207,562,19.243333333333336
200.77391778914324,385.2794,586.0533,485.6663,0.1083,1.7722,0.5821,563,19.276666666666667,200.47970131713367,385.3948,585.6604,485.5276,0.0,1.7906,0.6929,563,19.276666666666667,201.9073442263823,384.5772,586.6547,485.616,0.1083,1.1238,0.8332,563,19.276666666666667,202.80225284608042,384.6082,587.5977,486.1029,0.0,1.199,1.7008,563,19.276666666666667,182.70445102106467,403.3488,586.0533,494.7011,0.1583,2.0887,0.5821,563,19.276666666666667
200.76794594483997,385.297,586.0649,485.6809,0.1083,1.2551,0.5954,564,19.310000000000002,200.5366831225206,385.293,585.6718,485.4824,0.0,1.8344,0.6949,564,19.310000000000002,201.87270691833498,384.6245,586.6558,485.6401,0.1167,1.044,0.8318,564,19.310000000000002,202.8176264157768,384.6024,587.599,486.1007,0.0,1.1345,1.692,564,19.310000000000002,182.71594714772283,403.349,586.0649,494.7069,0.1583,2.0705,0.5954,564,19.310000000000002
201.4105509284912,384.5612,585.8613,485.2113,0.05,1.7598,0.7378,565,19.343333333333334,200.69194655321306,385.2892,585.9587,485.624,0.0,1.8942,0.8546,565,19.343333333333334,201.87525055286545,384.6224,586.6571,485.6397,0.1167,1.0094,0.8031,565,19.343333333333334,202.81882220258512,384.6009,587.5979,486.0994,0.0,1.1577,1.6515,565,19.343333333333334,182.3151297538898,403.5462,585.8613,494.7037,0.1333,2.0847,0.7378,565,19.343333333333334
201.37894550112108,384.5771,585.839,485.208,0.0583,1.8423,0.8079,566,19.37666666666667,200.47735874503437,385.4214,585.9373,485.6793,0.0,2.206,0.9372,566,19.37666666666667,201.9169557255383,384.5742,586.6508,485.6125,0.1083,1.1145,0.848,566,19.37666666666667,202.81611379999399,384.6034,587.595,486.0992,0.0,1.2133,1.6342,566,19.37666666666667,182.46007268118998,403.3789,585.839,494.6089,0.125,2.2537,0.8079,566,19.37666666666667
201.17543189643402,384.8003,585.8662,485.3332,0.05,2.0864,0.8753,567,19.41166666666667,200.43552114724488,385.4899,585.9621,485.726,0.0,2.237,0.9711,567,19.41166666666667,201.5947924813024,384.618,586.1415,485.3797,0.1167,1.0887,0.5201,567,19.41166666666667,202.79000988177734,384.6466,587.5971,486.1218,0.0,1.1799,1.641,567,19.41166666666667,182.02390351883628,403.8423,585.8662,494.8542,0.1333,1.6246,0.8753,567,19.41166666666667
200.4685636446319,385.228,585.6965,485.4623,0.075,1.9169,0.6941,568,19.445,200.44081341448967,385.4156,585.6396,485.5276,0.0,2.1741,0.728,568,19.445,201.76295372899503,384.6836,586.4505,485.567,0.0917,1.3528,0.6474,568,19.445,202.70203637683318,384.7198,587.6002,486.16,0.0,1.5813,1.8104,568,19.445,184.80111742652224,400.8954,585.6965,493.296,0.1083,3.2883,0.6941,568,19.445
200.4818788846924,385.2312,585.7131,485.4722,0.0833,1.9038,0.7107,569,19.476666666666667,200.43993629418802,385.4225,585.6394,485.5309,0.0,2.1902,0.7401,569,19.476666666666667,201.76166503799436,384.6842,586.4496,485.5669,0.0917,1.3603,0.6476,569,19.476666666666667,202.70073765901884,384.7204,587.5995,486.16,0.0,1.5917,1.8099,569,19.476666666666667,184.81992431835823,400.8932,585.7131,493.3031,0.1167,3.2708,0.7107,569,19.476666666666667
200.43673684169335,385.498,585.7521,485.625,0.075,1.896,0.7302,570,19.525000000000002,200.36701593314015,385.5056,585.6318,485.5687,0.0,2.1517,0.7271,570,19.525000000000002,201.77965687993947,384.6864,586.4806,485.5835,0.0833,1.3631,0.7302,570,19.525000000000002,202.6546112837852,384.7238,587.5526,486.1382,0.0,1.5719,1.7718,570,19.525000000000002,187.91194014952697,397.8402,585.7521,491.7961,0.0917,5.036,0.7302,570,19.525000000000002
200.4323264714459,385.5036,585.7508,485.6272,0.075,1.8748,0.7286,571,19.543333333333333,200.3553097877815,385.5196,585.6322,485.5759,0.0,2.3702,0.7051,571,19.543333333333333,201.7702375651303,384.6954,586.4803,485.5878,0.0917,1.3902,0.7243,571,19.543333333333333,202.54911401414176,384.8783,587.5527,486.2155,0.0,1.6701,1.7532,571,19.543333333333333,184.85744042824535,400.8933,585.7508,493.322,0.125,3.3137,0.7286,571,19.543333333333333
200.3865451695902,385.5064,585.7074,485.6069,0.0667,1.9309,0.6943,572,19.576666666666668,200.34769551549914,385.523,585.6294,485.5762,0.0,2.3879,0.7191,572,19.576666666666668,201.7696694463359,384.6948,586.4795,485.5871,0.0917,1.3679,0.744,572,19.576666666666668,202.54821387711118,384.878,587.5513,486.2147,0.0,1.671,1.7607,572,19.576666666666668,186.27813725486763,399.4292,585.7074,492.5683,0.1,4.0804,0.6943,572,19.576666666666668
200.49016876670848,385.4486,585.7801,485.6144,0.075,2.068,0.6842,573,19.610000000000003,200.37613519251093,385.497,585.632,485.5645,0.0,2.408,0.6937,573,19.610000000000003,201.77215488230138,384.6955,586.4803,485.5879,0.0917,1.3864,0.743,573,19.610000000000003,202.5582866081339,384.8744,587.5538,486.2141,0.0,1.6744,1.765,573,19.610000000000003,185.57573068698252,400.2044,585.7801,492.9923,0.125,3.1537,0.6842,573,19.610000000000003
200.31482227009755,385.4708,585.598,485.5344,0.0333,2.3708,0.5817,574,19.643333333333334,200.05902235995987,385.7272,585.6567,485.692,0.0,2.509,0.6775,574,19.643333333333334,201.8611745701002,384.672,586.4905,485.5812,0.1,1.2357,0.7739,574,19.643333333333334,202.69004453212065,384.7036,587.5643,486.1339,0.0,1.4785,1.7162,574,19.643333333333334,185.04024634395049,400.5578,585.598,493.0779,0.1083,3.7717,0.5817,574,19.643333333333334
200.139696830264,385.7881,585.586,485.6871,0.0583,1.9261,0.6144,575,19.67666666666667,199.98053232978793,385.839,585.646,485.7425,0.0,2.1139,0.6726,575,19.67666666666667,201.76730048659647,384.8173,586.4893,485.6533,0.1083,1.1005,0.7741,575,19.67666666666667,202.62482957394167,384.7242,587.5639,486.1441,0.0,1.4218,1.7226,575,19.67666666666667,185.02677665390533,400.5593,585.586,493.0727,0.1083,3.7595,0.6144,575,19.67666666666667
200.17446749465296,385.6625,585.5817,485.6221,0.0417,2.0571,0.6182,576,19.71166666666667,199.96327235962806,385.8567,585.6424,485.7495,0.0,2.2581,0.6665,576,19.71166666666667,201.75089077516458,384.8327,586.4899,485.6613,0.1083,1.1105,0.7713,576,19.71166666666667,202.60600051277927,384.7358,587.564,486.1499,0.0,1.4241,1.7232,576,19.71166666666667,184.43714309599977,401.1446,585.5817,493.3631,0.1167,3.6177,0.6182,576,19.71166666666667
200.10494509658758,385.8389,585.5781,485.7085,0.0583,1.9231,0.6104,577,19.743333333333336,199.94322763585996,385.8923,585.639,485.7656,0.0,2.306,0.6544,577,19.743333333333336,201.78793673613865,384.7852,586.4898,485.6375,0.0917,1.1244,0.744,577,19.743333333333336,202.5757023991395,384.7414,587.5656,486.1535,0.0,1.4478,1.6957,577,19.743333333333336,184.1406970904186,401.4374,585.5781,493.5078,0.1167,2.7435,0.6104,577,19.743333333333336
200.884499997987,385.0894,585.5649,485.3272,0.075,1.7077,0.541,578,19.781666666666666,200.68824134187747,385.3553,586.115,485.7351,0.0,2.111,0.7268,578,19.781666666666666,201.40423962255838,385.1705,586.7429,485.9567,0.1167,1.0557,0.858,578,19.781666666666666,202.38336641313998,385.0447,587.5452,486.295,0.0,1.168,1.6383,578,19.781666666666666,183.39108505153706,402.1738,585.5649,493.8694,0.15,2.9836,0.541,578,19.781666666666666
199.8250658058618,385.7156,585.5407,485.6282,0.1083,1.1506,0.5358,579,19.813333333333336,200.67252603158366,385.4097,586.0971,485.7534,0.0,1.6246,0.6944,579,19.813333333333336,201.49863437391735,385.0588,586.746,485.9024,0.1083,1.2377,0.8501,579,19.813333333333336,202.40046190126796,385.0059,587.5488,486.2774,0.0,1.2183,1.6516,579,19.813333333333336,183.71378698910448,401.8269,585.5407,493.6838,0.1417,3.4478,0.5358,579,19.813333333333336
200.6217793439527,384.9142,585.536,485.2251,0.1,1.4596,0.5481,580,19.843333333333334,200.7466056225953,385.3285,586.0947,485.7116,0.0,1.582,0.6937,580,19.843333333333334,201.4678549828355,385.0659,586.6891,485.8775,0.1,1.2106,0.8337,580,19.843333333333334,202.4014701902595,385.0128,587.5519,486.2824,0.0,1.2075,1.653,580,19.843333333333334,184.84801711752405,400.688,585.536,493.112,0.15,3.6339,0.5481,580,19.843333333333334
200.94139287345246,384.9196,585.861,485.3903,0.0917,1.3976,0.5685,581,19.87666666666667,200.5617568760872,385.3296,585.7297,485.5296,0.0,1.5691,0.4934,581,19.87666666666667,201.49989223987308,385.0643,586.7475,485.9059,0.1083,1.2171,0.8598,581,19.87666666666667,202.4017201602159,385.011,587.5517,486.2813,0.0,1.2089,1.6535,581,19.87666666666667,184.12482494808216,401.7362,585.861,493.7986,0.1333,3.4445,0.5685,581,19.87666666666667
200.39433465889437,385.4669,585.8613,485.6641,0.1083,1.0961,0.571,582,19.916666666666668,200.5636766013747,385.3244,585.7302,485.5273,0.0,1.536,0.4825,582,19.916666666666668,201.50209267734184,385.0645,586.7483,485.9064,0.1083,1.2124,0.8591,582,19.916666666666668,202.4035973794614,385.0111,587.5522,486.2817,0.0,1.201,1.6535,582,19.916666666666668,182.13041579314478,403.7308,585.8613,494.796,0.1833,2.2308,0.571,582,19.916666666666668
200.33154577900976,385.5294,585.861,485.6952,0.1083,1.2778,0.5676,583,19.943333333333335,200.48409310755744,385.3891,585.7294,485.5592,0.0,1.6421,0.4828,583,19.943333333333335,201.4761050274156,385.072,586.749,485.9105,0.1,1.3177,0.8587,583,19.943333333333335,202.40081924612625,385.0093,587.5528,486.281,0.0,1.276,1.6536,583,19.943333333333335,183.66287513472327,402.1981,585.861,494.0296,0.15,2.9926,0.5676,583,19.943333333333335
200.33434209749868,385.529,585.8633,485.6962,0.1083,1.2781,0.5679,584,19.976666666666667,200.4853081318618,385.3897,585.7323,485.561,0.0,1.6406,0.4671,584,19.976666666666667,201.47697701469605,385.0723,586.7502,485.9112,0.1,1.3168,0.8752,584,19.976666666666667,202.40174932101974,385.0097,587.5539,486.2818,0.0,1.2767,1.6539,584,19.976666666666667,183.6687848445141,402.1945,585.8633,494.0289,0.15,2.9934,0.5679,584,19.976666666666667
200.9394751357786,384.9293,585.8071,485.3682,0.0833,1.7054,0.5545,585,20.018333333333334,200.53539845448094,385.3026,585.6818,485.4922,0.0,1.7949,0.5393,585,20.018333333333334,201.47662679235344,385.0723,586.7498,485.911,0.1,1.3168,0.8751,585,20.018333333333334,202.4012006328067,385.0097,587.5533,486.2815,0.0,1.2767,1.6537,585,20.018333333333334,183.61449514341737,402.1926,585.8071,493.9998,0.15,2.9958,0.5545,585,20.018333333333334
200.3461941034086,385.5155,585.8617,485.6886,0.1083,1.2482,0.5635,586,20.043333333333333,200.4960757058582,385.379,585.73,485.5545,0.0,1.5265,0.4657,586,20.043333333333333,201.47447800999169,385.0698,586.7463,485.9081,0.1,1.3172,0.8735,586,20.043333333333333,202.39961969911005,385.0073,587.5509,486.2791,0.0,1.2802,1.6533,586,20.043333333333333,183.66814650280227,402.1936,585.8617,494.0276,0.15,2.9998,0.5635,586,20.043333333333333
201.26916353424042,384.8245,585.8606,485.3425,0.0833,1.6227,0.5655,587,20.076666666666668,200.54891707195733,385.3046,585.7294,485.517,0.0083,1.9023,0.475,587,20.076666666666668,201.44951010090526,385.1018,586.7463,485.924,0.1,1.3136,0.8735,587,20.076666666666668,202.3753640303478,385.0389,587.5509,486.2949,0.0,1.2857,1.6533,587,20.076666666666668,183.1447894214332,402.7158,585.8606,494.2882,0.15,2.6494,0.5655,587,20.076666666666668
201.06370389147594,385.0206,585.752,485.3863,0.0833,1.7115,0.6555,588,20.121666666666673,200.70009535954185,385.5795,586.3536,485.9665,0.0083,1.8987,0.7455,588,20.121666666666673,201.83099216870392,384.9417,586.8757,485.9087,0.0833,1.409,0.9527,588,20.121666666666673,202.54009758138133,384.9688,587.6987,486.3338,0.0,1.355,1.8159,588,20.121666666666673,182.68602698972444,403.066,585.752,494.409,0.1333,3.1534,0.6555,588,20.121666666666673
201.16004920278317,384.9512,585.7518,485.3515,0.0833,1.7437,0.654,589,20.143333333333334,200.75831847015172,385.5071,586.3498,485.9284,0.0083,2.035,0.7622,589,20.143333333333334,201.8693229833176,384.9432,586.9183,485.9308,0.0917,1.3267,0.9186,589,20.143333333333334,202.54788958665094,384.9706,587.7094,486.34,0.0,1.4041,1.8107,589,20.143333333333334,183.63908261507424,402.1127,585.7518,493.9322,0.125,4.1366,0.654,589,20.143333333333334
201.19355315044132,384.8686,585.763,485.3158,0.1,1.7558,0.6132,590,20.17666666666667,200.71849660120347,385.5534,586.3596,485.9565,0.0083,1.869,0.7548,590,20.17666666666667,201.82319724581504,384.9256,586.8808,485.9032,0.075,1.5225,0.9637,590,20.17666666666667,202.5637946848368,384.9654,587.7189,486.3421,0.0,1.4375,1.7874,590,20.17666666666667,183.60596755940924,402.157,585.763,493.96,0.125,3.931,0.6132,590,20.17666666666667
200.92758089928842,385.1538,585.7727,485.4633,0.0833,1.7168,0.6142,591,20.220000000000002,200.8185647995794,385.4669,586.3614,485.9141,0.0167,1.831,0.7461,591,20.220000000000002,201.8787801617239,384.9412,586.9303,485.9358,0.0917,1.3319,0.9085,591,20.220000000000002,202.5595489397946,384.9697,587.7219,486.3458,0.0,1.3332,1.7027,591,20.220000000000002,182.31791995212953,403.4548,585.7727,494.6137,0.15,2.4388,0.6142,591,20.220000000000002
201.20939736972454,384.882,585.7776,485.3298,0.1,1.5341,0.6162,592,20.243333333333336,200.83846388990995,385.4484,586.3674,485.9079,0.0167,1.7877,0.7581,592,20.243333333333336,201.88036045537115,384.9416,586.9312,485.9364,0.0917,1.3323,0.9095,592,20.243333333333336,202.55840639782656,384.9685,587.7199,486.3442,0.0,1.3644,1.6995,592,20.243333333333336,182.40513689519577,403.3724,585.7776,494.575,0.1583,2.5077,0.6162,592,20.243333333333336
201.2524103693685,384.8804,585.7969,485.3386,0.0917,1.5347,0.6457,593,20.616666666666667,200.81747533730368,385.4465,586.3285,485.8875,0.0167,1.7923,0.7431,593,20.616666666666667,201.88063131970605,384.9404,586.9308,485.9356,0.0917,1.332,0.9152,593,20.616666666666667,202.5552712566519,384.9678,587.716,486.3419,0.0,1.3352,1.7682,593,20.616666666666667,182.4231255468958,403.3738,585.7969,494.5854,0.15,2.5075,0.6457,593,20.616666666666667
201.16319223332084,384.9046,585.6481,485.2764,0.0917,1.7399,0.5935,594,20.625,200.80548110245994,385.4603,586.3233,485.8918,0.0083,1.8347,0.7321,594,20.625,201.84069521687076,384.9314,586.8835,485.9074,0.0833,1.3714,0.9498,594,20.625,202.56011210371386,384.9646,587.7152,486.3399,0.0,1.3791,1.8238,594,20.625,184.1080887950706,401.54,585.6481,493.5941,0.1167,4.4799,0.5935,594,20.625
201.14896645266035,384.8852,585.5923,485.2388,0.1,1.5229,0.5932,595,20.64166666666667,201.25679849486903,385.3373,586.626,485.9817,0.0167,1.5657,0.7492,595,20.64166666666667,201.80818022934142,384.8582,586.6236,485.7409,0.1167,1.2557,0.6119,595,20.64166666666667,202.51897165875064,385.0217,587.6698,486.3458,0.0,1.4271,1.6225,595,20.64166666666667,183.35333609344391,402.4252,585.7785,494.1019,0.175,4.2333,0.5645,595,20.64166666666667
200.96997659411724,384.9849,585.5943,485.2896,0.1,1.4656,0.5778,596,20.658333333333335,201.14353016628803,385.4573,586.6252,486.0412,0.0167,1.7674,0.7834,596,20.658333333333335,201.64915652755826,384.9079,586.5647,485.7363,0.1167,1.3368,0.5989,596,20.658333333333335,202.58640928004837,384.9452,587.6686,486.3069,0.0,1.4245,1.6235,596,20.658333333333335,183.26073082700452,402.5175,585.7783,494.1479,0.1417,3.0419,0.5688,596,20.658333333333335
200.99144750626058,384.9519,585.5884,485.2701,0.125,1.7548,0.5446,597,20.67666666666667,200.88662146069592,385.6103,586.5359,486.0731,0.025,1.8744,0.8393,597,20.67666666666667,201.65066425474208,384.9129,586.5659,485.7394,0.1167,1.3744,0.5805,597,20.67666666666667,202.58905299728727,384.9435,587.6695,486.3065,0.0,1.4809,1.6222,597,20.67666666666667,182.6988173794927,403.0703,585.7691,494.4197,0.1333,3.0036,0.5554,597,20.67666666666667
200.81597869408643,385.0391,585.4462,485.2426,0.1083,1.8643,0.621,598,20.71,200.74245050455312,385.5783,586.3462,485.9623,0.025,1.8361,1.1022,598,20.71,201.7301091518369,384.8124,586.6488,485.7306,0.0917,1.3233,0.9174,598,20.71,202.48692069761387,384.842,587.5463,486.1942,0.0,1.531,1.8201,598,20.71,181.68959697806497,403.6431,585.6099,494.6265,0.1583,2.4189,0.5246,598,20.71
200.96510817624556,384.7343,585.3829,485.0586,0.075,1.889,0.7551,599,20.743333333333336,200.76710360833334,385.1744,586.0378,485.6061,0.0167,1.9288,1.0305,599,20.743333333333336,201.23599258051476,384.5711,585.6613,485.1162,0.0917,1.5861,0.6756,599,20.743333333333336,202.3982584611523,384.5711,587.1554,485.8632,0.0,1.5861,1.6681,599,20.743333333333336,182.16294582244961,403.22,585.3829,494.3015,0.1,2.9008,0.7551,599,20.743333333333336
201.1760202146514,384.5981,585.7719,485.185,0.0667,1.8613,0.798,600,20.781666666666666,200.86957418591928,385.0892,585.9153,485.5023,0.0,2.0076,0.9006,600,20.781666666666666,201.0690660109356,384.4723,585.5413,485.0068,0.0917,1.3032,0.6832,600,20.781666666666666,202.46674835990527,384.4723,587.1376,485.8049,0.0,1.3032,1.7019,600,20.781666666666666,184.40150074200932,401.3727,585.7719,493.5723,0.0917,4.3046,0.798,600,20.781666666666666
201.14312803281635,384.6393,585.7693,485.2043,0.0583,1.7961,0.7802,601,20.810000000000002,200.95350057114905,385.0161,585.9234,485.4697,0.0,1.8695,0.8235,601,20.810000000000002,201.05324196481587,384.4886,585.5419,485.0153,0.0917,1.3071,0.6831,601,20.810000000000002,202.4589455349681,384.4886,587.1373,485.813,0.0,1.3071,1.7016,601,20.810000000000002,184.53305386337453,401.2493,585.7693,493.5093,0.1,4.4686,0.7802,601,20.810000000000002
200.91154925740597,384.9367,585.7052,485.321,0.025,1.9221,0.9418,602,20.843333333333334,200.83591949316673,385.1091,585.9344,485.5217,0.0,1.9691,0.9299,602,20.843333333333334,201.06932497143515,384.512,585.5515,485.0318,0.1,1.1879,0.7012,602,20.843333333333334,202.41480026530243,384.5264,587.1765,485.8515,0.0,1.2373,1.6772,602,20.843333333333334,184.27316914737222,401.432,585.7052,493.5686,0.075,4.1863,0.9418,602,20.843333333333334
200.82121637015132,385.0231,585.7309,485.377,0.025,1.8937,0.9448,603,20.87666666666667,200.5810266775771,385.2979,585.8077,485.5528,0.0,1.9098,0.9805,603,20.87666666666667,201.55365446712696,384.5811,586.0701,485.3256,0.0917,1.4421,0.5127,603,20.87666666666667,202.31509231742675,384.9068,587.3177,486.1123,0.0,1.382,1.6182,603,20.87666666666667,183.98170111725705,401.7492,585.7309,493.7401,0.075,4.1704,0.9448,603,20.87666666666667
200.6772044055281,385.2005,585.7573,485.4789,0.0417,2.2094,0.8187,604,20.91,200.2016226427895,385.5757,585.7324,485.6541,0.0,2.1642,0.8996,604,20.91,201.6164097473063,384.6425,586.145,485.3937,0.0917,1.3913,0.5598,604,20.91,202.32701152850552,384.9636,587.3702,486.1669,0.0,1.4052,1.7158,604,20.91,183.53367042932405,402.2236,585.7573,493.9904,0.1,3.5702,0.8187,604,20.91
200.75792903803938,385.2309,585.9101,485.5705,0.0417,2.0493,0.8737,605,20.943333333333335,200.28962802701255,385.6093,585.8848,485.747,0.0,2.1204,0.8618,605,20.943333333333335,201.54831670955716,384.6985,586.0787,485.3886,0.1083,1.5874,0.5679,605,20.943333333333335,202.42967299681925,385.0109,587.5211,486.266,0.0,1.6186,1.7294,605,20.943333333333335,182.57822081040135,403.3319,585.9101,494.621,0.1167,2.3126,0.8737,605,20.943333333333335
200.76303198097807,385.3266,585.9433,485.635,0.0417,1.9453,0.8177,606,20.976666666666667,200.26590182663034,385.7051,585.9123,485.8087,0.0,2.163,0.8304,606,20.976666666666667,201.62222854203267,384.7277,586.243,485.4854,0.1,1.4326,0.5161,606,20.976666666666667,202.42454287465424,385.0569,587.5553,486.3061,0.0,1.4207,1.5927,606,20.976666666666667,183.78826297556841,402.1551,585.9433,494.0492,0.1,3.2372,0.8177,606,20.976666666666667
200.8113136911075,385.256,585.9411,485.5985,0.0417,2.111,0.833,607,21.01,200.3214823620975,385.632,585.9101,485.771,0.0,2.2631,0.8407,607,21.01,201.48694237543458,384.7606,586.1484,485.4545,0.0917,1.5977,0.5322,607,21.01,202.4923382771879,384.9228,587.5505,486.2366,0.0,1.6001,1.5897,607,21.01,183.5584859920509,402.3826,585.9411,494.1618,0.1,3.6079,0.833,607,21.01
200.62930664652615,385.3704,585.7107,485.5406,0.0667,2.1435,0.6865,608,21.043333333333333,200.4075516376176,385.748,586.2302,485.9891,0.0,2.2857,0.9177,608,21.043333333333333,201.5523676557115,384.7732,586.2756,485.5244,0.0833,1.6105,0.5829,608,21.043333333333333,202.49048870315679,384.9419,587.5783,486.2601,0.0,1.645,1.5649,608,21.043333333333333,183.48252151110603,402.2282,585.7107,493.9695,0.125,3.6301,0.6865,608,21.043333333333333
200.59060967200406,385.3343,585.7053,485.5198,0.05,2.2509,0.7164,609,21.076666666666668,200.46110676799165,385.6898,586.2544,485.9721,0.0,2.4242,0.9956,609,21.076666666666668,201.6481010091123,384.792,586.6057,485.6989,0.1083,1.2055,0.7501,609,21.076666666666668,202.5147808424035,384.9912,587.6389,486.315,0.0,1.2669,1.6459,609,21.076666666666668,184.0492692595923,401.656,585.7053,493.6807,0.1083,3.2585,0.7164,609,21.076666666666668
200.46169967474404,385.6241,586.0645,485.8443,0.0583,2.2883,0.6548,610,21.111666666666668,200.7063150416783,385.6241,586.2579,485.941,0.0083,2.2883,0.7155,610,21.111666666666668,201.89976749685172,384.8824,587.0303,485.9564,0.0917,1.1208,0.9848,610,21.111666666666668,202.58793758828455,384.9179,587.6997,486.3088,0.0,1.3221,1.8144,610,21.111666666666668,182.56608048441834,403.4985,586.0645,494.7815,0.15,2.0812,0.6548,610,21.111666666666668
200.57657248535062,385.5601,586.1721,485.8661,0.05,2.2163,0.6774,611,21.14166666666667,200.71529869182524,385.5601,586.2848,485.9224,0.0083,2.2163,0.7294,611,21.14166666666667,201.89414296843455,384.8918,587.0289,485.9604,0.0917,1.1214,0.9663,611,21.14166666666667,202.5823229714633,384.9266,587.6971,486.3118,0.0,1.3221,1.8219,611,21.14166666666667,182.86416528499086,403.3079,586.1721,494.74,0.1333,2.0652,0.6774,611,21.14166666666667
200.52969042054212,385.4002,585.6155,485.5079,0.0583,2.3619,0.6181,612,21.17666666666667,200.75406399928778,385.4002,586.1084,485.7543,0.0083,2.3619,0.7258,612,21.17666666666667,201.86099005677926,384.9337,587.0253,485.9795,0.075,1.3722,0.9367,612,21.17666666666667,202.57488095595588,384.9337,587.7032,486.3184,0.0,1.3722,1.8065,612,21.17666666666667,182.31183905140094,403.3037,585.6155,494.4596,0.1417,2.136,0.6181,612,21.17666666666667
200.43190619287122,385.5005,585.6127,485.5566,0.0583,2.4812,0.6181,613,21.21,200.6543931634217,385.5005,586.1065,485.8035,0.0083,2.4812,0.7256,613,21.21,201.75823154783166,384.934,586.8854,485.9097,0.0833,1.3684,0.8882,613,21.21,202.57168320846534,384.934,587.7022,486.3181,0.0,1.3684,1.8071,613,21.21,182.95596420992092,402.6567,585.6127,494.1347,0.15,2.1213,0.6181,613,21.21
200.5146169054927,385.4275,585.6202,485.5239,0.0583,2.0267,0.6203,614,21.248333333333335,200.73563998835849,385.4275,586.1128,485.7702,0.0083,2.0267,0.7246,614,21.248333333333335,201.7478936488246,384.9298,586.8309,485.8804,0.0833,1.3797,0.8651,614,21.248333333333335,202.54968787698775,384.9298,587.6672,486.2985,0.0,1.3797,1.8696,614,21.248333333333335,182.45021708243405,403.17,585.6202,494.3951,0.15,2.0368,0.6203,614,21.248333333333335
200.65626539685442,385.4501,586.1258,485.7879,0.0583,2.1857,0.6574,615,21.276666666666667,200.71031408329392,385.4501,586.1066,485.7783,0.0083,2.1857,0.7266,615,21.276666666666667,201.57229768792234,384.9348,586.6033,485.769,0.0917,1.4531,0.9316,615,21.276666666666667,202.55095466022553,384.9348,587.6753,486.305,0.0,1.4531,1.8108,615,21.276666666666667,182.95276637459546,403.173,586.1258,494.6494,0.15,2.0641,0.6574,615,21.276666666666667
200.6166150908095,385.4707,586.0168,485.7437,0.075,2.3878,0.5673,616,21.310000000000002,200.61198758632736,385.5977,586.0831,485.8404,0.0083,2.1326,0.7024,616,21.310000000000002,201.7474547321623,384.9471,586.8796,485.9133,0.0833,1.3937,0.8944,616,21.310000000000002,202.5445360573502,384.9471,587.7008,486.324,0.0,1.3937,1.8089,616,21.310000000000002,182.70877665052708,403.308,586.0168,494.6624,0.15,2.1402,0.5673,616,21.310000000000002
200.87876760426624,385.199,586.015,485.607,0.0833,2.1085,0.6156,617,21.35,200.69729771572202,385.4658,586.1099,485.7878,0.0083,1.9416,0.7255,617,21.35,201.7490957051828,384.945,586.8777,485.9114,0.0833,1.3936,0.8915,617,21.35,202.54693611405813,384.945,587.6994,486.3222,0.0,1.3936,1.8059,617,21.35,183.2002592021885,402.8147,586.015,494.4149,0.15,2.1848,0.6156,617,21.35
200.90302824383716,385.2003,586.1187,485.6595,0.0833,2.1135,0.6696,618,21.37666666666667,200.7744847308253,385.4673,586.1913,485.8293,0.0083,1.9884,0.7481,618,21.37666666666667,201.83448841276984,384.9437,587.0143,485.979,0.075,1.395,0.9383,618,21.37666666666667,202.5480426989132,384.9437,587.6991,486.3214,0.0,1.395,1.8054,618,21.37666666666667,182.8117988266856,403.3069,586.1187,494.7128,0.15,2.168,0.6696,618,21.37666666666667
201.08873142943185,385.0965,586.1797,485.6381,0.0833,1.9893,0.6941,619,21.41,200.90787164512415,385.4987,586.3734,485.9361,0.0083,2.0741,0.8428,619,21.41,201.7596208878748,384.9396,586.8841,485.9119,0.0833,1.4017,0.886,619,21.41,202.5561078698544,384.9396,587.7045,486.322,0.0,1.4017,1.807,619,21.41,182.9224320795083,403.2572,586.1797,494.7184,0.1417,2.2739,0.6941,619,21.41
201.13433654879054,384.911,585.7279,485.3195,0.1,1.6711,0.5648,620,21.455000000000005,201.21430291277642,385.4841,586.7062,486.0951,0.0,1.9148,1.2314,620,21.455000000000005,201.3463323271908,384.8749,586.0759,485.4754,0.125,1.3073,0.4583,620,21.455000000000005,202.63476332051818,384.913,587.7034,486.3082,0.0,1.3881,1.5996,620,21.455000000000005,186.22479088341848,399.5031,585.7279,492.6155,0.1417,5.61,0.5648,620,21.455000000000005
201.12613241965943,385.0412,585.7254,485.3833,0.0833,1.6561,0.5529,621,21.476666666666667,201.21155340083092,385.488,586.707,486.0975,0.0,1.9444,1.2456,621,21.476666666666667,201.32238712022715,384.8585,586.0749,485.4667,0.1333,1.2293,0.4579,621,21.476666666666667,202.6349619598699,384.9158,587.7029,486.3094,0.0,1.3467,1.5861,621,21.476666666666667,186.2207133176603,399.5047,585.7254,492.6151,0.1417,5.6519,0.5529,621,21.476666666666667
201.07232649180622,384.9495,585.728,485.3388,0.1,1.6082,0.5605,622,21.525000000000002,201.16986223512808,385.5312,586.705,486.1181,0.0,1.9435,1.2254,622,21.525000000000002,201.3235599913229,384.8619,586.073,485.4675,0.1333,1.2325,0.458,622,21.525000000000002,202.628640105103,384.9181,587.7006,486.3094,0.0,1.3571,1.5871,622,21.525000000000002,186.12614168991394,399.6019,585.728,492.665,0.1667,5.2724,0.5605,622,21.525000000000002
201.0141555975929,385.16,585.7254,485.4427,0.0833,1.6881,0.5695,623,21.555,201.09813172057773,385.5988,586.7066,486.1527,0.0,2.0312,1.2268,623,21.555,201.26190130070748,384.9049,586.0391,485.472,0.125,1.3247,0.4989,623,21.555,202.62533216436006,384.9259,587.7008,486.3133,0.0,1.3726,1.579,623,21.555,183.00328311987013,402.7221,585.7254,494.2238,0.175,2.1874,0.5695,623,21.555
201.13786020161513,385.0371,585.7275,485.3823,0.0833,1.6809,0.5759,624,21.576666666666668,201.20421183942491,385.4929,586.7008,486.0969,0.0,1.7846,1.2383,624,21.576666666666668,201.41895273648174,384.9007,586.0821,485.4914,0.1083,1.5223,0.4562,624,21.576666666666668,202.64216172744383,384.9118,587.7016,486.3067,0.0,1.4204,1.5997,624,21.576666666666668,186.1403908139967,399.5871,585.7275,492.6573,0.1667,5.3007,0.5759,624,21.576666666666668
201.1715305607779,384.9318,585.7279,485.3298,0.0917,1.7465,0.5725,625,21.610000000000003,201.20309271112762,385.4965,586.7032,486.0998,0.0,2.0341,1.224,625,21.610000000000003,201.43873693524827,384.8905,586.0813,485.4859,0.1083,1.5068,0.4588,625,21.610000000000003,202.67291539171833,384.9019,587.7041,486.303,0.0,1.3869,1.6003,625,21.610000000000003,189.5695421814831,396.1583,585.7279,490.9431,0.1083,8.4256,0.5725,625,21.610000000000003
201.14061838938207,385.0416,585.7273,485.3844,0.0833,1.6251,0.5642,626,21.653333333333336,201.20702782689372,385.4936,586.709,486.1013,0.0,2.1103,1.2271,626,21.653333333333336,201.40916066931104,384.8894,586.0512,485.4703,0.1,1.5075,0.478,626,21.653333333333336,202.6070732177647,384.9006,587.6579,486.2793,0.0,1.3876,1.5625,626,21.653333333333336,187.69489047406515,398.0324,585.7273,491.8799,0.1333,7.3756,0.5642,626,21.653333333333336
201.11408380433417,385.0664,585.7255,485.396,0.0833,1.6135,0.5723,627,21.67666666666667,201.17852706329023,385.5202,586.703,486.1116,0.0,2.0598,1.2256,627,21.67666666666667,201.34096315382303,384.9169,586.0529,485.4849,0.1,1.4872,0.4777,627,21.67666666666667,202.56920992024664,384.9291,587.6594,486.2943,0.0,1.4478,1.5706,627,21.67666666666667,185.25057292138754,400.475,585.7255,493.1002,0.15,4.7242,0.5723,627,21.67666666666667
201.11243069906934,385.0655,585.7279,485.3967,0.0833,1.6028,0.5756,628,21.71,201.18037476730794,385.5202,586.7055,486.1129,0.0,2.0682,1.2256,628,21.71,201.32965297198925,384.9107,586.0524,485.4815,0.1,1.4802,0.4778,628,21.71,202.57365813866548,384.9198,587.6584,486.2891,0.0,1.408,1.5629,628,21.71,183.5862887751765,402.1417,585.7279,493.9348,0.1667,3.3527,0.5756,628,21.71
201.12300329310986,385.0576,585.728,485.3928,0.0833,1.5876,0.5757,629,21.743333333333336,201.1885033536403,385.511,586.7051,486.1081,0.0,2.0502,1.2252,629,21.743333333333336,201.35848868249172,384.9106,586.0809,485.4957,0.1083,1.4799,0.4593,629,21.743333333333336,202.61272309805983,384.9197,587.7027,486.3112,0.0,1.4078,1.6011,629,21.743333333333336,183.62859589731536,402.0994,585.728,493.9137,0.1583,3.6265,0.5757,629,21.743333333333336
201.1171672984069,385.2215,586.3419,485.7817,0.05,2.1909,0.7211,630,21.78,200.96522086916175,385.5571,586.5236,486.0404,0.0083,2.1204,0.7662,630,21.78,201.51790954983102,385.0358,586.331,485.6834,0.1,1.7105,0.6698,630,21.78,202.6945033737534,385.0358,587.8932,486.4645,0.0083,1.7105,1.6046,630,21.78,183.58431943521424,402.8407,586.3419,494.5913,0.1083,3.6155,0.7211,630,21.78
201.12694112946167,385.215,586.3458,485.7804,0.05,2.1962,0.6943,631,21.810000000000002,200.97269637377806,385.5522,586.5221,486.0371,0.0083,2.0699,0.7412,631,21.810000000000002,201.46709026597122,385.0627,586.3284,485.6956,0.0917,1.7015,0.6592,631,21.810000000000002,202.66153546555276,385.0627,587.8922,486.4774,0.0,1.7015,1.6044,631,21.810000000000002,183.5862916401715,402.8365,586.3458,494.5912,0.1083,3.6395,0.6943,631,21.810000000000002
201.14600665142754,385.1974,586.3475,485.7725,0.05,2.1251,0.723,632,21.843333333333334,200.99227528256043,385.533,586.5229,486.028,0.0083,2.0189,0.7409,632,21.843333333333334,201.4637817290274,385.0607,586.3292,485.6949,0.0917,1.7044,0.6592,632,21.843333333333334,202.65603039539596,385.0607,587.8921,486.4764,0.0,1.7044,1.6043,632,21.843333333333334,183.61020267296735,402.8129,586.3475,494.5802,0.1083,3.6483,0.723,632,21.843333333333334
201.1242426388619,385.2175,586.3454,485.7815,0.05,2.1789,0.6971,633,21.87666666666667,200.97297755073095,385.554,586.5244,486.0392,0.0083,2.0132,0.7395,633,21.87666666666667,201.46475877220487,385.0609,586.329,485.6949,0.0917,1.7052,0.6591,633,21.87666666666667,202.65699619873715,385.0609,587.8919,486.4764,0.0,1.7052,1.6043,633,21.87666666666667,184.2045548537438,402.2197,586.3454,494.2825,0.1167,3.8995,0.6971,633,21.87666666666667
201.14043173212383,385.2029,586.3472,485.7751,0.05,2.19,0.6959,634,21.91,200.9880396899045,385.5393,586.5253,486.0323,0.0083,2.0057,0.7388,634,21.91,201.46352411727267,385.0602,586.3271,485.6937,0.0917,1.7049,0.6596,634,21.91,202.6557734628757,385.0602,587.8903,486.4753,0.0,1.7049,1.604,634,21.91,183.83609222921274,402.5888,586.3472,494.468,0.125,3.7204,0.6959,634,21.91
201.00615146298463,385.3253,586.3461,485.8357,0.05,2.1738,0.6954,635,21.943333333333335,200.87258346786075,385.6584,586.5254,486.0919,0.0083,2.0793,0.7348,635,21.943333333333335,201.29801876269983,385.0319,586.3299,485.6809,0.1167,1.573,0.6579,635,21.943333333333335,202.63502692093004,385.0748,587.8905,486.4827,0.0,1.5126,1.604,635,21.943333333333335,183.83610738965197,402.5891,586.3461,494.4676,0.125,3.7196,0.6954,635,21.943333333333335
201.0085047134515,385.3278,586.3483,485.838,0.05,2.151,0.7019,636,21.976666666666667,200.87428492882268,385.6587,586.5262,486.0924,0.0083,2.0733,0.7434,636,21.976666666666667,201.29867817702348,385.0321,586.3308,485.6814,0.1167,1.5736,0.6573,636,21.976666666666667,202.63592703981328,385.0741,587.8906,486.4823,0.0,1.5122,1.604,636,21.976666666666667,183.83908551948858,402.5868,586.3483,494.4675,0.125,3.7159,0.7019,636,21.976666666666667
200.9830364269871,385.3609,586.3482,485.8546,0.05,2.1849,0.6608,637,22.01,200.8420390535483,385.6855,586.528,486.1067,0.0083,2.0776,0.7734,637,22.01,201.30039022205384,385.0316,586.3319,485.6817,0.1167,1.5711,0.6552,637,22.01,202.63606968367515,385.0761,587.8913,486.4837,0.0,1.5134,1.6044,637,22.01,184.20380662123264,402.2244,586.3482,494.2863,0.1167,3.8973,0.6608,637,22.01
200.9804530978614,385.365,586.3498,485.8574,0.05,2.1835,0.6607,638,22.043333333333333,200.8366790994981,385.6892,586.5279,486.1086,0.0083,2.0791,0.7565,638,22.043333333333333,201.30048479502798,385.0316,586.332,485.6818,0.1167,1.5711,0.6549,638,22.043333333333333,202.63605254838427,385.0761,587.8913,486.4837,0.0,1.5134,1.6045,638,22.043333333333333,184.20250524718273,402.225,586.3498,494.2874,0.1167,3.8974,0.6607,638,22.043333333333333
201.00003683896261,385.3396,586.3484,485.844,0.05,2.1368,0.6921,639,22.076666666666668,200.86579812270688,385.667,586.5251,486.0961,0.0083,2.0528,0.7515,639,22.076666666666668,201.30048479502798,385.0316,586.332,485.6818,0.1167,1.5711,0.6549,639,22.076666666666668,202.63605254838427,385.0761,587.8913,486.4837,0.0,1.5134,1.6045,639,22.076666666666668,184.19927070649746,402.2259,586.3484,494.2871,0.1167,3.8976,0.6921,639,22.076666666666668
200.2147996660606,385.9279,585.8583,485.8931,0.0417,2.3594,0.7609,640,22.111666666666668,200.46772228369315,386.0224,586.6198,486.3211,0.0083,2.5008,0.942,640,22.111666666666668,201.19572015820557,385.1191,586.1827,485.6509,0.1,1.6823,0.8421,640,22.111666666666668,202.39947149439527,385.2543,587.8246,486.5394,0.0,1.6374,1.692,640,22.111666666666668,185.06539096165457,400.793,585.8583,493.3257,0.1333,3.2466,0.7609,640,22.111666666666668
200.29431296651455,385.9192,585.9241,485.9217,0.0417,2.3401,0.7839,641,22.143333333333334,200.4922597440848,386.0138,586.647,486.3304,0.0083,2.5067,1.0321,641,22.143333333333334,201.28570999309707,385.1172,586.2641,485.6907,0.0833,1.6778,0.8231,641,22.143333333333334,202.26721363189995,385.2523,587.6987,486.4755,0.0,1.6232,1.6647,641,22.143333333333334,185.1358166505409,400.7882,585.9241,493.3562,0.1333,3.2565,0.7839,641,22.143333333333334
200.1299842080965,385.8729,585.7278,485.8004,0.05,2.4475,0.6887,642,22.17666666666667,200.38518434645331,385.967,586.4513,486.2091,0.0083,2.4572,1.02,642,22.17666666666667,201.01024217520276,385.0769,585.917,485.497,0.1,1.6965,0.7237,642,22.17666666666667,202.38032139291127,385.0769,587.6251,486.351,0.0,1.6965,1.6768,642,22.17666666666667,181.87945606631817,403.6434,585.5229,494.5832,0.1417,2.5974,0.6501,642,22.17666666666667
199.88256958591208,385.9555,585.7572,485.8564,0.0333,2.1445,0.8196,643,22.21,200.38336336646023,385.8781,586.423,486.1506,0.0,2.1247,1.1159,643,22.21,201.46911994124576,384.8803,586.1166,485.4984,0.1,1.749,0.7052,643,22.21,202.48360711297664,385.0153,587.64,486.3276,0.0,1.6878,1.6656,643,22.21,184.06934716287896,401.4396,585.5089,493.4743,0.1417,4.0152,0.5992,643,22.21
200.6387129018617,385.4492,585.7546,485.6019,0.05,1.8197,0.7798,644,22.243333333333336,200.48325073117016,385.7941,586.4092,486.1017,0.0,1.9966,1.0841,644,22.243333333333336,201.39302746767098,384.9172,586.1087,485.5129,0.0917,1.7353,0.7151,644,22.243333333333336,202.54076849587636,384.9172,587.6177,486.2675,0.0,1.7353,1.6497,644,22.243333333333336,181.77180917134262,403.7375,585.5093,494.6234,0.1667,2.7807,0.6108,644,22.243333333333336
199.92491193850395,385.7802,585.7466,485.7634,0.0667,1.8899,0.7905,645,22.276666666666667,200.52883229507376,385.7423,586.404,486.0731,0.0,2.176,1.1727,645,22.276666666666667,201.48550351035973,384.9001,586.2348,485.5674,0.0833,1.6281,0.6178,645,22.276666666666667,202.52461144437325,384.9001,587.6246,486.2623,0.0,1.6281,1.6657,645,22.276666666666667,181.7399698144642,403.7577,585.4977,494.6277,0.1667,2.8333,0.6162,645,22.276666666666667
200.17876415578738,385.8127,585.7449,485.7788,0.0583,1.971,0.7972,646,22.310000000000002,200.3816070879721,385.8795,586.4016,486.1406,0.0,2.2128,1.1686,646,22.310000000000002,201.48169686362883,384.8954,586.2324,485.5639,0.0833,1.6113,0.6149,646,22.310000000000002,202.52798830780327,384.8954,587.6232,486.2593,0.0,1.6113,1.6725,646,22.310000000000002,181.91362845620634,403.5821,585.4958,494.5389,0.1583,2.6739,0.5915,646,22.310000000000002
199.83539298999392,385.9561,585.8675,485.9118,0.0667,1.7128,0.8696,647,22.343333333333334,200.46215217196558,385.8628,586.4397,486.1512,0.0083,2.1525,1.1322,647,22.343333333333334,201.33102266033285,384.9382,586.0842,485.5112,0.0833,1.6019,0.6767,647,22.343333333333334,202.43955348778704,384.9382,587.5814,486.2598,0.0,1.6019,1.7384,647,22.343333333333334,181.69050496564822,403.852,585.5425,494.6973,0.1583,2.5964,0.6423,647,22.343333333333334
200.61302925587847,385.4637,585.8851,485.6744,0.0583,2.0814,0.8444,648,22.37666666666667,200.54747839491444,385.8307,586.4537,486.1422,0.0083,2.2861,1.0737,648,22.37666666666667,201.17998034056885,384.9448,585.9815,485.4631,0.0917,1.5968,0.7788,648,22.37666666666667,202.45473465469863,384.9448,587.604,486.2744,0.0,1.5968,1.7639,648,22.37666666666667,181.1456668139633,404.4189,585.5645,494.9917,0.175,2.2662,0.6257,648,22.37666666666667
200.59371435311004,385.4815,585.8839,485.6827,0.0583,2.082,0.8129,649,22.41,200.53334684755768,385.8449,586.4555,486.1502,0.0083,2.3364,1.0705,649,22.41,201.23777062124694,384.8782,585.9774,485.4278,0.0917,1.6411,0.7056,649,22.41,202.51494677149762,384.8782,587.6045,486.2414,0.0,1.6411,1.7603,649,22.41,181.59166874671521,403.9692,585.5609,494.7651,0.1583,2.2724,0.6452,649,22.41
200.64106717616403,385.2528,585.8939,485.5733,0.075,1.3394,0.7347,650,22.448333333333334,200.3287269644691,385.7209,586.0488,485.8848,0.0,1.793,0.9712,650,22.448333333333334,201.56032185245974,385.3683,587.0317,486.2,0.1333,1.1211,0.9037,650,22.448333333333334,202.69256175443343,384.9794,587.8779,486.4286,0.0,1.288,1.6669,650,22.448333333333334,184.2192798691403,401.6746,585.8939,493.7842,0.1,2.6207,0.7347,650,22.448333333333334
201.3553527400857,384.8113,585.8979,485.3546,0.0667,1.3499,0.7506,651,22.476666666666667,200.55506399072544,385.3097,585.8714,485.5906,0.0167,1.716,0.7462,651,22.476666666666667,201.64563329317028,385.1885,587.0388,486.1136,0.1167,1.2307,0.8529,651,22.476666666666667,202.70911918140257,384.9673,587.8822,486.4248,0.0,1.3435,1.6545,651,22.476666666666667,183.39781080411746,402.4963,585.8941,494.1952,0.1,2.5253,0.6676,651,22.476666666666667
201.36087657130207,384.8812,585.8953,485.3882,0.05,1.5482,0.7709,652,22.525000000000002,200.48431883772105,385.3809,585.8712,485.6261,0.0167,1.6312,0.8387,652,22.525000000000002,201.60727373066152,385.1899,586.9778,486.0839,0.1083,1.231,0.8874,652,22.525000000000002,202.7068167490569,384.9694,587.8817,486.4255,0.0,1.3013,1.6541,652,22.525000000000002,183.39448649459592,402.4971,585.8916,494.1943,0.1,2.525,0.703,652,22.525000000000002
201.3518416092098,384.9022,585.8982,485.4002,0.05,1.6482,0.7682,653,22.543333333333337,200.4675865352906,385.3996,585.8733,485.6364,0.0167,1.6301,0.7866,653,22.543333333333337,201.5925039210574,385.202,586.9776,486.0898,0.1083,1.2333,0.9012,653,22.543333333333337,202.69282937711057,384.9854,587.8809,486.4332,0.0,1.3758,1.6541,653,22.543333333333337,183.05030745713796,402.8442,585.8945,494.3694,0.0917,2.3642,0.7009,653,22.543333333333337
200.4918882122359,385.4551,585.947,485.701,0.075,1.3046,0.7283,654,22.578333333333333,200.64418607086773,385.4665,585.8963,485.6814,0.0083,1.8492,0.6715,654,22.578333333333333,201.5958309241646,385.1918,586.9786,486.0852,0.1083,1.2096,0.9178,654,22.578333333333333,202.69778654614254,384.9876,587.8824,486.435,0.0,1.3513,1.6547,654,22.578333333333333,183.14338817489167,402.6595,585.8029,494.2312,0.1083,2.5979,0.6926,654,22.578333333333333
201.2851647751611,384.9724,585.8958,485.4341,0.05,1.8031,0.7656,655,22.610000000000003,200.40228973799162,385.464,585.8723,485.6681,0.0167,1.9801,0.8249,655,22.610000000000003,201.5972864027838,385.193,586.978,486.0855,0.1083,1.2093,0.9034,655,22.610000000000003,202.6997656396101,384.9843,587.8827,486.4335,0.0,1.3497,1.6547,655,22.610000000000003,182.9003048164471,402.9919,585.8922,494.442,0.1083,2.2992,0.6943,655,22.610000000000003
201.3117284215272,384.9702,585.9453,485.4578,0.05,1.8391,0.7288,656,22.643333333333334,200.6494426429465,385.4658,585.8959,485.6808,0.0167,1.9733,0.6569,656,22.643333333333334,201.52932265546636,385.3586,586.9773,486.168,0.125,1.1317,0.8888,656,22.643333333333334,202.6986267346702,384.983,587.8821,486.4326,0.0,1.3712,1.655,656,22.643333333333334,182.80626635686468,402.9973,585.8035,494.4004,0.1167,2.3001,0.69,656,22.643333333333334
200.38200334213823,385.5045,585.8865,485.6955,0.075,1.3668,0.7479,657,22.68166666666667,200.42042892099525,385.5598,585.9803,485.77,0.0,1.9876,0.8291,657,22.68166666666667,201.5022088859394,385.3576,586.979,486.1683,0.125,1.1434,0.8753,657,22.68166666666667,202.6925214105373,385.0114,587.8891,486.4502,0.0,1.479,1.6491,657,22.68166666666667,183.78777161349723,402.0987,585.8865,493.9926,0.1,2.8188,0.7479,657,22.68166666666667
200.4372882546529,385.4481,585.8854,485.6668,0.0583,1.5701,0.7182,658,22.71,200.59563658678024,385.3802,585.9799,485.68,0.0,1.9929,0.8147,658,22.71,201.51094423933148,385.3819,586.9768,486.1793,0.125,1.2448,0.8799,658,22.71,202.69561514498508,384.9967,587.8874,486.4421,0.0,1.4331,1.6502,658,22.71,184.48511516280334,401.4003,585.8854,493.6428,0.1,3.6407,0.7182,658,22.71
200.39237334610962,385.3691,585.7614,485.5652,0.0833,1.4222,0.6516,659,22.743333333333336,200.8085034206071,385.3078,586.1443,485.726,0.0,1.8675,1.0295,659,22.743333333333336,201.81369599697194,384.8736,586.9123,485.8929,0.075,1.2816,0.8703,659,22.743333333333336,202.66187311104107,384.995,587.8421,486.4186,0.0,1.3919,1.6239,659,22.743333333333336,184.21552022410754,401.5459,585.7614,493.6537,0.1,3.6092,0.6516,659,22.743333333333336
201.35510769584067,384.8969,586.1296,485.5133,0.0417,1.6841,0.6201,660,22.78666666666667,200.7739213922297,385.5195,586.2197,485.8696,0.0,1.7024,0.6732,660,22.78666666666667,201.19654648957714,384.9692,586.1253,485.5472,0.0917,1.5253,0.7485,660,22.78666666666667,202.57285530474564,384.9692,587.7746,486.3719,0.0,1.5253,1.5937,660,22.78666666666667,187.55960332821815,398.57,586.1296,492.3498,0.075,6.9447,0.6201,660,22.78666666666667
201.332653440476,384.9128,586.1256,485.5192,0.05,1.7707,0.5819,661,22.810000000000002,200.7530819196321,385.5401,586.2119,485.876,0.0,1.7835,0.6703,661,22.810000000000002,201.1814428084216,384.9567,586.1253,485.541,0.1,1.4766,0.7485,661,22.810000000000002,202.5673332751587,384.9794,587.7746,486.377,0.0,1.5622,1.5937,661,22.810000000000002,184.59353268462826,401.5321,586.1256,493.8289,0.1417,3.7774,0.5819,661,22.810000000000002
201.3427002646805,384.904,586.1286,485.5163,0.05,1.7506,0.5567,662,22.843333333333334,200.76657680705472,385.5287,586.2146,485.8716,0.0,1.734,0.7503,662,22.843333333333334,201.1906807074819,384.9587,586.1261,485.5424,0.1,1.4977,0.7459,662,22.843333333333334,202.56868240801555,384.9811,587.7747,486.3779,0.0,1.5673,1.6271,662,22.843333333333334,184.364422606052,401.7641,586.1286,493.9463,0.1417,4.2222,0.5567,662,22.843333333333334
201.35979465497974,384.8864,586.1315,485.509,0.05,1.7488,0.5489,663,22.886666666666667,200.7876876153508,385.5073,586.2174,485.8623,0.0,1.7965,0.7295,663,22.886666666666667,201.13086703297657,384.9925,586.1233,485.5579,0.1083,1.439,0.7276,663,22.886666666666667,202.56526961820524,384.9803,587.7715,486.3759,0.0,1.5377,1.6254,663,22.886666666666667,184.2776409026415,401.8539,586.1315,493.9927,0.1333,4.1424,0.5489,663,22.886666666666667
201.3252733594574,384.9366,586.124,485.5303,0.0417,1.7079,0.5648,664,22.91,200.7329244456734,385.5723,586.2148,485.8935,0.0,1.7292,0.7305,664,22.91,201.30341503696826,384.9573,586.2415,485.5994,0.0917,1.4993,0.7811,664,22.91,202.52564863138406,384.98,587.7237,486.3518,0.0,1.555,1.565,664,22.91,184.27279286659427,401.8512,586.124,493.9876,0.125,4.1376,0.5648,664,22.91
201.31359420024015,384.9474,586.1294,485.5384,0.05,1.6276,0.5605,665,22.943333333333335,200.72520546920015,385.5845,586.216,485.9003,0.0,1.6258,0.7177,665,22.943333333333335,201.22499998176548,385.0125,586.2375,485.625,0.1,1.4388,0.7821,665,22.943333333333335,202.51612045786814,384.9812,587.7226,486.3519,0.0,1.528,1.5625,665,22.943333333333335,183.73120792889037,402.3981,586.1294,494.2637,0.125,3.68,0.5605,665,22.943333333333335
201.30682861314529,384.9579,586.1269,485.5424,0.05,1.5666,0.5636,666,22.988333333333333,200.71743067703326,385.5948,586.2138,485.9043,0.0,1.633,0.7331,666,22.988333333333333,201.1947645733013,385.043,586.2378,485.6404,0.1,1.4295,0.7823,666,22.988333333333333,202.50073645534636,384.9892,587.7232,486.3562,0.0,1.5219,1.5629,666,22.988333333333333,183.59517926448837,402.5317,586.1269,494.3293,0.125,3.5309,0.5636,666,22.988333333333333
201.3701292458635,384.9126,586.126,485.5193,0.0667,1.4921,0.5292,667,23.01,200.6564435228559,385.6475,586.2129,485.9302,0.0,1.5931,0.6768,667,23.01,201.02103282401896,385.097,586.1181,485.6075,0.1167,1.2266,0.7276,667,23.01,202.50206850762822,384.9895,587.7246,486.357,0.0,1.4122,1.5565,667,23.01,183.52281218060705,402.6032,586.126,494.3646,0.125,3.5294,0.5292,667,23.01
201.37831488608205,384.9003,586.1226,485.5115,0.0667,1.4759,0.5291,668,23.043333333333337,200.6668502748955,385.6213,586.2095,485.9154,0.0,1.6089,0.6899,668,23.043333333333337,201.02083680605907,385.0973,586.1182,485.6077,0.1167,1.2274,0.7276,668,23.043333333333337,202.50256096028028,384.9884,587.7245,486.3564,0.0,1.4121,1.5566,668,23.043333333333337,183.5176573047484,402.6049,586.1226,494.3638,0.125,3.5392,0.5291,668,23.043333333333337
201.31537743695364,384.9459,586.1263,485.5361,0.0667,1.5436,0.5501,669,23.08666666666667,200.6247058141053,385.6704,586.2132,485.9418,0.0,1.5828,0.6821,669,23.08666666666667,201.14784889596865,385.0864,586.2343,485.6604,0.1083,1.2174,0.7802,669,23.08666666666667,202.47753911946765,385.0383,587.7246,486.3815,0.0,1.4135,1.5578,669,23.08666666666667,184.221294745729,401.905,586.1263,494.0157,0.125,3.7975,0.5501,669,23.08666666666667
201.0184297682636,385.4138,586.4296,485.9217,0.0333,1.9739,0.7237,670,23.111666666666668,200.84299055676126,385.626,586.4738,486.0499,0.0,1.9214,0.6992,670,23.111666666666668,201.04848195837943,385.4068,586.4553,485.9311,0.1167,1.4142,0.6245,670,23.111666666666668,202.30895371004058,385.4283,587.8898,486.6591,0.0,1.7102,1.6882,670,23.111666666666668,186.41288027920422,400.1078,586.4296,493.2687,0.1083,5.024,0.7237,670,23.111666666666668
201.006039086819,385.4265,586.4301,485.9283,0.0333,2.0626,0.7229,671,23.143333333333334,200.82868921397986,385.6416,586.4741,486.0578,0.0,1.915,0.6988,671,23.143333333333334,200.96726183611642,385.4881,586.4553,485.9717,0.1,1.5101,0.6245,671,23.143333333333334,202.31030834679407,385.4298,587.8874,486.6586,0.0,1.6985,1.6856,671,23.143333333333334,185.17539824567706,401.3469,586.4301,493.8885,0.1167,4.6747,0.7229,671,23.143333333333334
200.97943988766133,385.4539,586.4323,485.9431,0.0333,2.0145,0.714,672,23.17666666666667,200.7976234428623,385.6671,586.4757,486.0714,0.0,2.0122,0.7111,672,23.17666666666667,201.17081307384507,385.2839,586.4547,485.8693,0.1083,1.3687,0.6316,672,23.17666666666667,202.30566585611908,385.4325,587.8892,486.6609,0.0,1.698,1.6882,672,23.17666666666667,186.65185415726208,399.8725,586.4323,493.1524,0.0917,5.6731,0.714,672,23.17666666666667
200.78084326871442,385.8068,586.4588,486.1328,0.075,1.5351,0.7771,673,23.21,200.74173743614006,385.717,586.4771,486.097,0.0,2.1361,0.7187,673,23.21,200.91830473162727,385.4343,586.3526,485.8934,0.1,1.7016,0.7108,673,23.21,202.29951683298884,385.4343,587.8854,486.6598,0.0,1.7016,1.6799,673,23.21,186.7975006283541,399.7901,586.4588,493.1245,0.1083,5.521,0.7771,673,23.21
200.9659536643602,385.4779,586.4339,485.9559,0.0417,1.8533,0.7315,674,23.243333333333336,200.7866357297936,385.6716,586.4772,486.0744,0.0,1.954,0.7065,674,23.243333333333336,200.983842502504,385.4795,586.4633,485.9714,0.1167,1.2723,0.6109,674,23.243333333333336,202.28320274073766,385.4961,587.8938,486.6949,0.0,1.5316,1.6944,674,23.243333333333336,186.74753678965925,399.779,586.4339,493.1064,0.0917,5.3338,0.7315,674,23.243333333333336
200.8012793364509,385.734,586.4335,486.0838,0.075,1.6642,0.7411,675,23.276666666666667,200.78683577914165,385.6773,586.4781,486.0777,0.0,2.035,0.7011,675,23.276666666666667,200.89397102216924,385.5702,586.4642,486.0172,0.125,1.2554,0.6097,675,23.276666666666667,202.30221542465398,385.4505,587.8912,486.6708,0.0,1.585,1.6908,675,23.276666666666667,187.0244284115221,399.5109,586.4335,492.9722,0.1083,5.9169,0.7411,675,23.276666666666667
200.79393437721612,385.7362,586.4347,486.0854,0.0667,1.6094,0.7354,676,23.310000000000002,200.78520302534392,385.681,586.4779,486.0795,0.0,1.943,0.7041,676,23.310000000000002,200.8959426536354,385.5686,586.4645,486.0166,0.125,1.2226,0.6086,676,23.310000000000002,202.3049344055829,385.4498,587.8936,486.6717,0.0,1.5861,1.6848,676,23.310000000000002,186.90299373336936,399.6271,586.4347,493.0309,0.1,6.2066,0.7354,676,23.310000000000002
200.98942703248986,385.4466,586.4348,485.9407,0.0417,2.0624,0.7222,677,23.343333333333334,200.86248942046538,385.6089,586.4786,486.0437,0.0,1.8646,0.7048,677,23.343333333333334,200.8955043150979,385.5611,586.4566,486.0089,0.1083,1.5944,0.624,677,23.343333333333334,202.3485857366009,385.3401,587.8884,486.6142,0.0,1.695,1.6851,677,23.343333333333334,186.97406852055133,399.553,586.4348,492.9939,0.1,6.788,0.7222,677,23.343333333333334
201.01093695060845,385.4289,586.4378,485.9334,0.0417,2.0238,0.7266,678,23.37666666666667,200.9338541939348,385.6368,586.5794,486.1081,0.0,1.8581,0.7888,678,23.37666666666667,201.03088640882407,385.4319,586.4628,485.9473,0.1167,1.3075,0.6119,678,23.37666666666667,202.29949964710244,385.4501,587.8893,486.6697,0.0,1.5862,1.6816,678,23.37666666666667,184.50478682417608,402.0314,586.4378,494.2346,0.1333,4.1732,0.7266,678,23.37666666666667
200.98566573990553,385.4878,586.436,485.9619,0.0667,1.8648,0.7358,679,23.41,201.0040876912436,385.5743,586.5784,486.0764,0.0,1.7318,0.7955,679,23.41,201.21726625174136,385.2442,586.4614,485.8528,0.1167,1.2909,0.6183,679,23.41,202.4220745852479,385.2436,587.8873,486.5654,0.0,1.3478,1.6944,679,23.41,184.51433692764115,402.023,586.436,494.2295,0.1333,4.1676,0.7358,679,23.41
200.4835459991141,385.6317,586.1152,485.8734,0.0583,2.3076,0.7366,680,23.448333333333334,200.14680071521124,386.0834,586.1392,486.1113,0.0,2.4741,0.7287,680,23.448333333333334,201.72813565496224,385.0512,586.9567,486.004,0.0917,1.6749,0.7261,680,23.448333333333334,202.60550316548262,385.1839,587.9699,486.5769,0.0,1.5231,1.7664,680,23.448333333333334,188.61279233916017,397.341,586.1152,491.7281,0.075,10.213,0.7366,680,23.448333333333334
200.4933293361547,385.6259,586.1193,485.8726,0.0583,2.2893,0.742,681,23.476666666666667,200.154823456245,386.0747,586.1409,486.1078,0.0,2.5055,0.7323,681,23.476666666666667,201.70156204412464,385.0539,586.9129,485.9834,0.0833,1.6755,0.7536,681,23.476666666666667,202.60869912271409,385.1861,587.9758,486.581,0.0,1.5231,1.7679,681,23.476666666666667,189.63715736298647,396.4821,586.1193,491.3007,0.0667,8.4678,0.742,681,23.476666666666667
200.56941922826076,385.6047,586.1741,485.8894,0.075,2.0512,0.725,682,23.525000000000002,200.22626110582522,386.0376,586.1335,486.0856,0.0,2.3548,0.7486,682,23.525000000000002,201.70740109140257,385.0706,586.9715,486.0211,0.0833,1.443,0.7472,682,23.525000000000002,202.70177655750743,385.0706,587.9837,486.5271,0.0,1.443,1.7514,682,23.525000000000002,188.930152001174,397.244,586.1741,491.709,0.0917,11.3022,0.725,682,23.525000000000002
200.58674763770014,385.5834,586.1702,485.8768,0.075,2.0888,0.7213,683,23.543333333333337,200.24236697832043,386.0067,586.1302,486.0685,0.0,2.3546,0.7639,683,23.543333333333337,201.70797831134564,385.0684,586.9715,486.02,0.0833,1.4397,0.7472,683,23.543333333333337,202.701998289537,385.0684,587.9837,486.526,0.0,1.4397,1.7514,683,23.543333333333337,188.93284370480356,397.2373,586.1702,491.7037,0.0917,11.392,0.7213,683,23.543333333333337
200.64730039995186,385.5272,586.1745,485.8509,0.075,2.1824,0.7349,684,23.576666666666668,200.28046294359785,385.9719,586.1329,486.0524,0.0,2.3563,0.7442,684,23.576666666666668,201.67670412678956,385.0767,586.9196,485.9982,0.0833,1.2992,0.7538,684,23.576666666666668,202.68061364447243,385.0713,587.981,486.5261,0.0,1.3913,1.7398,684,23.576666666666668,189.73325014593195,396.4413,586.1745,491.3079,0.0917,11.5243,0.7349,684,23.576666666666668
200.02885260448323,386.0918,586.171,486.1314,0.0583,2.1982,0.7412,685,23.610000000000003,200.26925945486204,385.9856,586.1297,486.0576,0.0,2.3312,0.7453,685,23.610000000000003,201.27536929227742,385.075,586.3504,485.7127,0.1,1.3052,0.5726,685,23.610000000000003,202.57304611966808,385.068,587.8832,486.4756,0.0,1.3912,1.627,685,23.610000000000003,188.23980621204066,397.9312,586.171,492.0511,0.0917,9.6704,0.7412,685,23.610000000000003
199.8570675260381,386.1598,586.15,486.1549,0.075,2.1948,0.6841,686,23.643333333333334,200.07012092535564,386.2847,586.4579,486.3713,0.0,2.5774,0.8791,686,23.643333333333334,201.41984788369032,385.0504,586.4702,485.7603,0.1083,1.282,0.573,686,23.643333333333334,202.65617038030686,385.0726,587.9355,486.504,0.0,1.4461,1.8459,686,23.643333333333334,183.59985653070177,402.5501,586.15,494.3501,0.15,3.9711,0.6841,686,23.643333333333334
199.8712951140207,386.1605,586.2017,486.1811,0.075,2.1783,0.7182,687,23.67666666666667,199.84508086087394,386.2898,586.1055,486.1976,0.0,2.589,0.7449,687,23.67666666666667,201.42557887031833,385.0512,586.4767,485.7639,0.1083,1.2931,0.5794,687,23.67666666666667,202.63674982176752,385.075,587.921,486.498,0.0,1.4459,1.8232,687,23.67666666666667,183.6459384393124,402.5558,586.2017,494.3788,0.15,3.9712,0.7182,687,23.67666666666667
199.990879689111,386.086,586.2016,486.1438,0.0667,2.3328,0.7182,688,23.71,199.8908050519498,386.2501,586.1053,486.1777,0.0,2.6538,0.7433,688,23.71,201.39414034074545,385.0866,586.4807,485.7836,0.125,1.0977,0.5797,688,23.71,202.71488952551243,384.998,587.9231,486.4606,0.0,1.3696,1.8209,688,23.71,183.2865166706608,402.9151,586.2016,494.5583,0.15,3.1604,0.7182,688,23.71
199.8899817989181,386.1669,586.1987,486.1828,0.0667,2.3767,0.7015,689,23.743333333333336,199.77247759032997,386.3208,586.1113,486.2161,0.0,2.666,0.7742,689,23.743333333333336,201.71981128035287,385.0884,586.8354,485.9619,0.1083,1.0979,0.8216,689,23.743333333333336,202.69821362946894,384.9975,587.9092,486.4534,0.0,1.3688,1.7574,689,23.743333333333336,182.47396473257936,403.7247,586.1987,494.9617,0.1583,2.468,0.7015,689,23.743333333333336
201.39693865037708,384.8465,585.8555,485.351,0.0833,1.6184,0.6144,690,23.783333333333335,200.62376227270133,385.4544,585.9617,485.708,0.025,1.94,0.7351,690,23.783333333333335,201.83657321971418,385.0582,587.0027,486.0305,0.0833,1.1777,0.9225,690,23.783333333333335,202.71848914937073,384.973,587.9164,486.4447,0.0,1.2398,1.694,690,23.783333333333335,185.06429027499087,400.7478,585.8121,493.28,0.1083,3.4463,0.6245,690,23.783333333333335
201.22855439030837,384.9601,585.8546,485.4074,0.0917,1.6941,0.637,691,23.810000000000002,200.3337535080101,385.7468,585.9639,485.8554,0.025,1.902,0.6862,691,23.810000000000002,201.8327038122051,385.0585,586.9986,486.0286,0.0833,1.1851,0.9389,691,23.810000000000002,202.71585049854846,384.9671,587.9149,486.441,0.0,1.3007,1.727,691,23.810000000000002,183.99206852208303,401.8203,585.8123,493.8163,0.1333,3.4763,0.6707,691,23.810000000000002
201.2392460889789,384.9573,585.8363,485.3968,0.1,1.667,0.6191,692,23.843333333333334,200.4482792843026,385.7282,586.1464,485.9373,0.025,1.9077,0.8072,692,23.843333333333334,201.81950295179587,385.0719,586.9972,486.0345,0.0833,1.1495,0.9515,692,23.843333333333334,202.6987183352564,384.977,587.9107,486.4438,0.0,1.2936,1.7192,692,23.843333333333334,184.89797513304885,400.8943,585.7923,493.3433,0.1083,3.8396,0.6543,692,23.843333333333334
201.2060721026923,384.96,585.7959,485.378,0.0917,1.6544,0.6427,693,23.87666666666667,200.44727665419265,385.7273,586.1475,485.9374,0.025,2.0291,0.8064,693,23.87666666666667,201.80635798436913,385.089,586.9929,486.041,0.0833,1.1447,0.9423,693,23.87666666666667,202.68588132911424,384.9934,587.9075,486.4505,0.0,1.185,1.7176,693,23.87666666666667,186.9538329444662,398.8362,585.79,492.3131,0.0833,4.8408,0.6749,693,23.87666666666667
201.09980687274552,385.0723,585.7987,485.4355,0.0833,1.7839,0.6397,694,23.91,200.37987239387596,385.8011,586.1516,485.9764,0.0167,2.021,0.8095,694,23.91,201.756751636826,385.1253,586.9927,486.059,0.0833,1.1846,0.9444,694,23.91,202.6385041909216,385.029,587.9056,486.4673,0.0,1.1987,1.7151,694,23.91,182.6582848261551,403.1346,585.7929,494.4638,0.1583,3.1473,0.6746,694,23.91
201.27155694176574,385.0136,585.9621,485.4878,0.075,1.7814,0.7115,695,23.943333333333335,200.45307414545127,385.7477,586.1902,485.9689,0.0167,2.0862,0.7413,695,23.943333333333335,201.8142837092233,385.1219,586.9921,486.057,0.075,1.1928,0.8926,695,23.943333333333335,202.63291744450737,385.0256,587.898,486.4618,0.0,1.227,1.7393,695,23.943333333333335,185.73833400097,400.0999,585.8382,492.9691,0.1167,4.3571,0.6596,695,23.943333333333335
201.20050301420156,385.0615,585.9607,485.5111,0.075,1.6726,0.7277,696,23.976666666666667,200.42425372562155,385.7679,586.1889,485.9784,0.0167,2.0879,0.7342,696,23.976666666666667,201.84140610384927,385.1156,587.0175,486.0666,0.0667,1.1985,0.9687,696,23.976666666666667,202.61141521016023,385.061,587.8977,486.4794,0.0,1.2085,1.7437,696,23.976666666666667,183.25463912213732,402.5815,585.8361,494.2088,0.15,3.491,0.6563,696,23.976666666666667
201.26906098440818,385.0508,585.8706,485.4607,0.0833,1.6784,0.654,697,24.011666666666667,200.5417071226681,385.7616,586.2074,485.9845,0.0167,2.107,0.7327,697,24.011666666666667,202.02338655364548,385.1194,587.1683,486.1438,0.0667,1.18,0.9723,697,24.011666666666667,202.7717553643976,385.057,588.0626,486.5598,0.0,1.2133,1.7058,697,24.011666666666667,183.29742278284758,402.5688,585.8706,494.2197,0.1583,3.4614,0.654,697,24.011666666666667
200.6381359062861,386.6447,587.3136,486.9791,0.0583,1.9133,0.8606,698,24.043333333333337,200.89469917181492,386.546,587.4907,487.0183,0.0083,2.4668,0.992,698,24.043333333333337,202.15549320824985,386.134,588.3094,487.2217,0.1083,1.0349,0.6559,698,24.043333333333337,203.31377510131915,386.0615,589.3879,487.7247,0.0,1.3296,1.8791,698,24.043333333333337,189.43826825367285,397.7493,587.1876,492.4685,0.0833,9.567,0.8878,698,24.043333333333337
200.49523224077552,387.0815,587.4935,487.2875,0.075,3.0244,0.7654,699,24.076666666666668,200.7430616107047,387.0815,587.9413,487.5114,0.0167,3.0244,1.04,699,24.076666666666668,202.6483517092424,386.2997,588.9564,487.6281,0.1083,1.2057,0.8649,699,24.076666666666668,203.44452969662424,386.3622,589.8428,488.1025,0.0,1.5069,1.6963,699,24.076666666666668,190.37175421530378,397.0994,587.4935,492.2964,0.125,9.282,0.7654,699,24.076666666666668
201.2438403271879,387.2533,588.1613,487.7073,0.075,2.6708,0.3942,700,24.116666666666667,202.03212207393767,387.2533,589.3032,488.2783,0.0,2.6708,1.5867,700,24.116666666666667,202.48521293318603,387.1798,589.7025,488.4411,0.0667,1.7049,1.0471,700,24.116666666666667,203.4508675499774,387.1695,590.7046,488.9371,0.0,1.6661,1.8097,700,24.116666666666667,194.58127100170057,393.2576,588.1613,490.7094,0.175,8.0997,0.3942,700,24.116666666666667
200.8631661170399,388.2461,588.842,488.5441,0.0833,2.8251,0.4459,701,24.143333333333334,201.64885877492273,388.2461,589.9027,489.0744,0.0,2.8251,1.7226,701,24.143333333333334,203.1066103945794,387.9742,591.2984,489.6363,0.0583,1.8842,1.9576,701,24.143333333333334,203.33833650106504,387.9742,591.4428,489.7085,0.0,1.8842,1.8854,701,24.143333333333334,191.58552941430847,397.0431,588.842,492.9426,0.1333,13.6286,0.4459,701,24.143333333333334
200.5046937176281,389.1246,589.3932,489.2589,0.0833,2.8328,0.3538,702,24.17666666666667,201.31117923392756,389.1246,590.4428,489.7837,0.0,2.8328,1.4879,702,24.17666666666667,202.5253611752093,388.4743,591.0352,489.7548,0.05,1.5014,1.1141,702,24.17666666666667,203.30547528270955,388.4743,591.8786,490.1765,0.0,1.5014,1.8015,702,24.17666666666667,196.1458099245098,393.2014,589.3932,491.2973,0.1417,8.4116,0.3538,702,24.17666666666667
200.44071532493322,389.2193,589.5737,489.3965,0.125,2.3419,0.4936,703,24.21666666666667,201.3268761132324,389.3222,590.6378,489.98,0.0,2.7961,1.6144,703,24.21666666666667,202.70119723577287,388.7167,591.5289,490.1228,0.0333,1.4738,1.4383,703,24.21666666666667,203.27677221280152,388.7167,592.1149,490.4158,0.0,1.4738,1.9679,703,24.21666666666667,197.56412117478723,392.5728,589.5737,491.0732,0.1917,6.7823,0.4936,703,24.21666666666667
200.7730747170419,389.4268,590.1109,489.7689,0.0417,2.5241,0.684,704,24.243333333333336,201.52508659168993,389.4268,590.9882,490.2075,0.0,2.5241,1.2027,704,24.243333333333336,203.154030055712,389.3747,592.5986,490.9866,0.1167,1.2876,2.0633,704,24.243333333333336,203.07395494270295,388.9135,592.1535,490.5335,0.0,1.6514,1.8411,704,24.243333333333336,198.348033043008,392.0442,590.1109,491.0775,0.15,5.234,0.684,704,24.243333333333336
200.71026337499615,389.4684,590.099,489.7837,0.0583,2.6542,0.7115,705,24.276666666666667,201.335591068323,389.4684,590.8611,490.1647,0.0083,2.6542,1.2782,705,24.276666666666667,202.54083825781905,389.2205,592.0741,490.6473,0.1,1.1999,1.8663,705,24.276666666666667,203.06877003106854,388.9209,592.1409,490.5309,0.0,1.6494,1.9328,705,24.276666666666667,196.88332286859412,393.2156,590.099,491.6573,0.1083,6.7073,0.7115,705,24.276666666666667
200.68252321506822,389.5273,590.1053,489.8163,0.075,2.556,0.6922,706,24.32,201.40512840683556,389.4644,590.911,490.1877,0.0083,2.6031,1.2696,706,24.32,203.08588638656394,389.2857,592.5142,490.9,0.0917,1.2313,2.1043,706,24.32,202.99754811555283,388.9463,592.1414,490.5439,0.0,1.7208,1.9532,706,24.32,196.87752511410986,393.2278,590.1053,491.6665,0.1167,6.6869,0.6922,706,24.32
200.4391893184906,389.5361,589.8409,489.6885,0.0583,2.5319,0.6895,707,24.343333333333334,201.01966846692275,389.5361,590.6372,490.0867,0.0083,2.5319,1.1667,707,24.343333333333334,201.4895965929559,389.2704,590.7144,489.9924,0.1083,1.5451,0.8053,707,24.343333333333334,202.72052911628353,388.8916,591.8283,490.3599,0.0,1.7659,2.0128,707,24.343333333333334,197.89451072798943,392.2668,589.8409,491.0538,0.1583,5.5594,0.6895,707,24.343333333333334
200.74282386878255,388.2994,588.5745,488.4369,0.1167,1.8453,0.5232,708,24.37666666666667,200.6966454826376,388.5761,589.2754,488.9257,0.0167,1.8779,1.1802,708,24.37666666666667,201.52510030816273,388.0573,589.3865,488.7219,0.1,1.47,0.6951,708,24.37666666666667,202.73435336519157,388.0018,590.9056,489.4537,0.0,1.451,2.0244,708,24.37666666666667,191.21327004959153,397.4381,588.6411,493.0396,0.1167,12.9806,0.6167,708,24.37666666666667
201.30886616875588,387.6029,588.3495,487.9762,0.125,1.7728,0.6575,709,24.421666666666667,201.42072338735863,387.744,589.1769,488.4605,0.0083,1.7659,1.4501,709,24.421666666666667,202.1245548247071,387.4705,589.7929,488.6317,0.0667,1.3892,1.0294,709,24.421666666666667,203.01388831026614,387.4607,590.7123,489.0865,0.0,1.5364,1.7532,709,24.421666666666667,193.36082395800577,394.9887,588.3495,491.6691,0.2,10.0282,0.6575,709,24.421666666666667
201.89279795244434,386.7818,588.6507,487.7162,0.0583,1.5519,1.0267,710,24.44666666666667,202.11891016423948,386.8457,588.9839,487.9148,0.0,1.9639,1.1213,710,24.44666666666667,201.72067134785036,387.1076,588.9624,488.035,0.0917,1.4247,0.7971,710,24.44666666666667,202.8705253366365,387.053,590.1478,488.6004,0.0,1.4463,1.6037,710,24.44666666666667,192.56728495611688,396.0834,588.6507,492.367,0.0917,13.9535,1.0267,710,24.44666666666667
201.73284126702856,386.5096,588.0413,487.2754,0.05,1.5166,0.8281,711,24.476666666666667,202.01457591661813,386.5389,588.5547,487.5468,0.0083,1.532,1.1844,711,24.476666666666667,201.76832041246556,387.2268,588.6849,487.9559,0.125,1.1359,0.9731,711,24.476666666666667,202.908496471286,386.6561,589.7536,488.2049,0.0,1.4218,1.8178,711,24.476666666666667,193.19933060535263,394.8419,588.0413,491.4416,0.075,12.6231,0.8281,711,24.476666666666667
201.6998159157508,386.1285,587.8188,486.9736,0.0833,1.8785,1.1566,712,24.525000000000002,201.9081515494435,386.268,588.2048,487.2364,0.0,1.6773,1.3327,712,24.525000000000002,201.19496060879823,386.8057,588.0006,487.4032,0.125,1.3408,0.8038,712,24.525000000000002,202.78576753928246,386.326,589.2917,487.8088,0.0,1.4801,1.693,712,24.525000000000002,189.49116999343266,398.3276,587.8188,493.0732,0.0667,10.4003,1.1566,712,24.525000000000002
201.64788306497528,385.9507,587.5524,486.7515,0.05,1.7088,1.0798,713,24.543333333333337,201.76744636851194,386.027,587.8347,486.9309,0.0,1.7582,1.0768,713,24.543333333333337,201.13227957070717,386.4579,587.5901,487.024,0.1083,1.3497,0.6531,713,24.543333333333337,202.59370767684453,386.1982,588.9987,487.5985,0.0,1.552,1.4889,713,24.543333333333337,185.34724080851805,402.2051,587.5524,494.8787,0.1,2.9484,1.0798,713,24.543333333333337
201.60158997564105,385.7908,587.2795,486.5352,0.0417,2.2219,0.91,714,24.576666666666668,201.85874387250416,385.8306,587.6881,486.7593,0.0,2.2136,1.2618,714,24.576666666666668,201.77063486994888,386.0586,587.8068,486.9327,0.0833,1.4674,1.01,714,24.576666666666668,202.7877845423975,385.7923,588.7825,487.2874,0.0,1.7025,1.5665,714,24.576666666666668,188.98702310022898,398.2925,587.2795,492.786,0.0583,9.1067,0.91,714,24.576666666666668
201.4859541936542,385.1781,586.2692,485.7236,0.1,1.4321,0.6027,715,24.610000000000003,201.69427451280575,385.3481,587.0444,486.1962,0.0083,1.7561,1.226,715,24.610000000000003,201.66567067427277,385.6823,587.3974,486.5399,0.1,1.3072,0.7997,715,24.610000000000003,202.76571014808107,385.5861,588.4671,487.0266,0.0,1.5157,1.8417,715,24.610000000000003,183.1193312030616,403.1498,586.2692,494.7095,0.1583,3.7991,0.6027,715,24.610000000000003
201.72699203324493,384.953,586.3292,485.6411,0.0833,1.465,0.7266,716,24.643333333333334,201.7020002749987,385.2183,586.9208,486.0696,0.0083,1.6892,1.2308,716,24.643333333333334,201.85041913490738,385.3324,587.2349,486.2837,0.1083,1.4526,0.9905,716,24.643333333333334,202.80809621631667,385.3313,588.2978,486.8146,0.0,1.7244,1.4265,716,24.643333333333334,183.08069296209368,403.2485,586.3292,494.7888,0.1417,2.5738,0.7266,716,24.643333333333334
201.5638129448062,384.714,585.9482,485.3311,0.1,1.2826,0.6438,717,24.67666666666667,201.9400789023784,384.9277,586.8678,485.8978,0.0,1.6346,1.2859,717,24.67666666666667,202.0760537596387,384.8895,587.0284,485.959,0.1083,1.5195,0.8098,717,24.67666666666667,203.01450863174531,384.9605,588.1303,486.5454,0.0,1.7564,1.5561,717,24.67666666666667,191.84094819055025,394.1073,585.9482,490.0277,0.0917,10.8628,0.6438,717,24.67666666666667
201.6887716597421,384.466,585.7319,485.099,0.1,1.5312,0.6626,718,24.71,201.77188306048828,384.8473,586.7138,485.7805,0.0,1.8078,1.0367,718,24.71,201.72538781399004,384.8073,586.4317,485.6195,0.1167,1.556,0.8281,718,24.71,202.85981774231382,384.8695,587.8499,486.3597,0.0,1.7318,1.6991,718,24.71,190.8151525860903,394.9168,585.7319,490.3243,0.0833,10.3573,0.6626,718,24.71
202.0224265343406,384.2837,585.9829,485.1333,0.05,1.5105,0.6085,719,24.743333333333336,201.6913728863291,384.7827,586.4847,485.6337,0.0,1.6536,0.9301,719,24.743333333333336,202.02118024356994,384.6834,586.7517,485.7175,0.125,1.4121,0.7986,719,24.743333333333336,202.95724543068368,384.7005,587.8172,486.2588,0.0,1.6615,1.7202,719,24.743333333333336,190.9459238202398,395.037,585.9829,490.51,0.05,8.8757,0.6085,719,24.743333333333336
201.63375079791535,384.5225,586.0229,485.2727,0.05,1.6712,0.6973,720,24.778333333333336,201.4115175773842,384.799,586.1622,485.4806,0.0,2.0345,0.7781,720,24.778333333333336,201.84351911261314,384.4992,586.3427,485.4209,0.1083,1.2064,0.7176,720,24.778333333333336,202.8899276469219,384.5504,587.6163,486.0833,0.0,1.3265,1.5526,720,24.778333333333336,184.48316660610973,401.5397,586.0229,493.7813,0.125,3.7312,0.6973,720,24.778333333333336
201.58228379476213,384.5322,585.9394,485.2358,0.05,1.6285,0.705,721,24.810000000000002,201.55083781547643,384.8087,586.4336,485.6212,0.0,2.0196,0.8352,721,24.810000000000002,201.84252271076926,384.5033,586.3458,485.4246,0.1083,1.2429,0.7197,721,24.810000000000002,202.8875320058078,384.5542,587.6174,486.0858,0.0,1.3208,1.5541,721,24.810000000000002,184.4133398861666,401.5261,585.9394,493.7328,0.1167,3.7319,0.705,721,24.810000000000002
201.4326736846402,384.5293,586.0092,485.2693,0.075,1.6464,0.6914,722,24.843333333333334,201.36193263056012,384.8048,586.1064,485.4556,0.0,2.0312,0.7953,722,24.843333333333334,201.9183185516209,384.5665,586.5832,485.5748,0.0833,1.3388,0.7007,722,24.843333333333334,202.8692231869921,384.5477,587.5831,486.0654,0.0,1.3431,1.5962,722,24.843333333333334,184.4876359851827,401.5216,586.0092,493.7654,0.15,3.9013,0.6914,722,24.843333333333334
201.37155661099237,384.5015,585.7256,485.1136,0.0667,1.8256,0.6599,723,24.878333333333334,201.45002197200617,384.7811,586.2674,485.5243,0.0,2.073,0.8942,723,24.878333333333334,201.23891589676288,384.5445,585.6904,485.1175,0.125,1.3003,0.6758,723,24.878333333333334,202.7151016726982,384.5127,587.3806,485.9466,0.0,1.3406,1.5563,723,24.878333333333334,182.41397859982155,403.3116,585.7256,494.5186,0.1667,2.6016,0.6599,723,24.878333333333334
201.5009829891449,384.239,585.196,484.7175,0.0667,1.2852,0.6712,724,24.91,201.66376340222385,384.335,585.8501,485.0925,0.0,1.4219,0.8218,724,24.91,201.50041542470348,384.4234,585.9238,485.1736,0.1083,1.2452,0.7253,724,24.91,202.7944658701816,384.389,587.3468,485.8679,0.0,1.3448,1.5872,724,24.91,186.51518991903515,398.5783,585.196,491.8872,0.1,5.3004,0.6712,724,24.91
201.25032447975272,384.3054,585.1876,484.7465,0.075,1.3569,0.6368,725,24.943333333333335,201.58073747763677,384.4081,585.85,485.129,0.0083,1.6555,0.8109,725,24.943333333333335,201.57912621330684,384.4188,585.9346,485.1767,0.1083,1.265,0.7403,725,24.943333333333335,202.8261508002983,384.3769,587.3521,485.8645,0.0,1.4405,1.6064,725,24.943333333333335,182.65093995564337,402.4417,585.1876,493.8146,0.1417,3.8519,0.6368,725,24.943333333333335
201.6418836393838,384.078,585.1894,484.6337,0.0917,1.2095,0.6585,726,24.976666666666667,201.57548455338008,384.4251,585.8532,485.1392,0.0083,1.6508,0.8153,726,24.976666666666667,201.6596358404402,384.3496,585.9438,485.1467,0.1083,1.3103,0.7274,726,24.976666666666667,202.89331711652676,384.3088,587.3549,485.8318,0.0,1.3817,1.6273,726,24.976666666666667,188.55835265628363,396.5425,585.1894,490.866,0.075,8.2207,0.6585,726,24.976666666666667
201.62160564359118,384.0315,585.1584,484.5949,0.0833,1.3413,0.7687,727,25.01,201.66418963222992,384.4444,586.1128,485.2786,0.0083,1.7839,0.8803,727,25.01,201.86433329244986,384.3319,586.0982,485.215,0.1,1.3314,0.7439,727,25.01,202.92315921192477,384.2874,587.3604,485.8239,0.0,1.3811,1.6398,727,25.01,187.2346578916109,397.8359,585.1584,491.4972,0.1,5.5953,0.7687,727,25.01
201.54131958736795,384.0889,585.1706,484.6297,0.075,1.6009,0.6825,728,25.043333333333337,201.37281463635637,384.5558,585.8845,485.2201,0.0083,1.9751,0.7133,728,25.043333333333337,201.62533647683108,384.3251,585.8939,485.1095,0.1,1.4604,0.5895,728,25.043333333333337,202.81328631656015,384.3104,587.3285,485.8194,0.0,1.5002,1.708,728,25.043333333333337,188.5271668054869,396.6172,585.1706,490.8939,0.0667,7.9052,0.6825,728,25.043333333333337
201.69823383456767,384.0873,585.3352,484.7112,0.0583,2.0067,0.67,729,25.076666666666668,201.32025186834318,384.5597,585.8678,485.2137,0.0083,1.9338,0.8581,729,25.076666666666668,201.84293171269374,384.3149,586.0309,485.1729,0.0833,1.5703,0.587,729,25.076666666666668,202.77650565832613,384.3149,587.2849,485.7999,0.0,1.5703,1.7047,729,25.076666666666668,186.4422785663433,398.8929,585.3352,492.1141,0.0833,5.6456,0.67,729,25.076666666666668
201.26881844912515,384.245,585.1768,484.7109,0.075,1.5384,0.5153,730,25.116666666666667,201.46677960426015,384.4589,585.9945,485.2267,0.0083,1.8475,0.921,730,25.116666666666667,201.95925431523452,384.2356,586.2811,485.2583,0.0667,1.1993,0.8911,730,25.116666666666667,202.86556942672578,384.2356,587.3049,485.7703,0.0,1.1993,1.9805,730,25.116666666666667,190.39223548778537,394.7846,585.1768,489.9807,0.0417,9.3379,0.5153,730,25.116666666666667
201.47333888484542,384.1724,585.2459,484.7092,0.05,1.6943,0.5179,731,25.143333333333334,201.68111875759809,384.299,585.9956,485.1473,0.0083,1.7994,0.9267,731,25.143333333333334,201.94523590093272,384.2492,586.2826,485.2659,0.075,1.1392,0.8916,731,25.143333333333334,202.88821396334168,384.2365,587.3061,485.7713,0.0,1.1893,1.9947,731,25.143333333333334,189.63389706073386,395.612,585.2459,490.429,0.0333,8.1788,0.5179,731,25.143333333333334
201.43330882789704,384.1605,585.4611,484.8108,0.0833,1.6883,0.6087,732,25.17666666666667,201.28604922671755,384.5989,585.955,485.2769,0.0083,2.0125,0.8484,732,25.17666666666667,201.7439973763926,384.2441,585.9881,485.1161,0.1,1.1202,0.6555,732,25.17666666666667,202.88340722894299,384.2276,587.291,485.7593,0.0,1.1736,2.002,732,25.17666666666667,189.19350938543408,396.2676,585.4611,490.8644,0.05,5.5467,0.6087,732,25.17666666666667
201.41069817709723,384.162,585.1493,484.6557,0.0667,1.6441,0.5048,733,25.21,201.3314121684942,384.4473,585.8677,485.1575,0.0083,1.9112,0.7455,733,25.21,202.00854023926595,384.2096,586.3121,485.2609,0.075,1.2128,0.9187,733,25.21,202.91763082474958,384.2096,587.2914,485.7505,0.0,1.2128,1.9931,733,25.21,189.55234444844018,395.597,585.1493,490.3731,0.0417,8.1624,0.5048,733,25.21
201.40249090169266,384.1651,585.1328,484.6489,0.0667,1.6572,0.5234,734,25.243333333333336,201.43274462815327,384.4506,585.9467,485.1987,0.0083,1.9277,0.8479,734,25.243333333333336,201.95569922233,384.2126,586.2472,485.2299,0.0667,1.2154,0.8552,734,25.243333333333336,202.89852962171634,384.2126,587.2774,485.745,0.0,1.2154,2.0776,734,25.243333333333336,189.53583268906414,395.5969,585.1328,490.3648,0.0417,8.0967,0.5234,734,25.243333333333336
201.4053270511225,384.162,585.1196,484.6408,0.0833,1.6801,0.5259,735,25.276666666666667,201.45652502354807,384.5834,586.0756,485.3295,0.0083,1.8576,1.0432,735,25.276666666666667,201.95611986234172,384.2134,586.2474,485.2304,0.0667,1.2035,0.8548,735,25.276666666666667,202.89929869850346,384.2134,587.2776,485.7455,0.0,1.2035,2.0765,735,25.276666666666667,189.52475465507192,395.5948,585.1196,490.3572,0.05,8.1192,0.5259,735,25.276666666666667
201.40728336255484,384.1612,585.1137,484.6375,0.0833,1.6789,0.5584,736,25.310000000000002,201.45601864659534,384.5821,586.0745,485.3283,0.0083,1.9398,1.0507,736,25.310000000000002,201.96226859282422,384.2171,586.2628,485.2399,0.0667,1.2168,0.843,736,25.310000000000002,202.9044439522419,384.2171,587.2902,485.7537,0.0,1.2168,2.0681,736,25.310000000000002,189.1111547178423,396.0026,585.1137,490.5581,0.05,7.0004,0.5584,736,25.310000000000002
201.41548467491094,384.1546,585.1163,484.6354,0.0833,1.7228,0.528,737,25.343333333333334,201.46619149997036,384.5735,586.0772,485.3253,0.0083,1.863,1.031,737,25.343333333333334,201.96548868962202,384.2163,586.2632,485.2397,0.0667,1.2277,0.8445,737,25.343333333333334,202.90805417440055,384.2163,587.2906,485.7534,0.0,1.2277,2.069,737,25.343333333333334,189.1076698616411,396.0086,585.1163,490.5625,0.05,6.9763,0.528,737,25.343333333333334
201.41220378429068,384.1618,585.1207,484.6412,0.0833,1.6888,0.5577,738,25.37666666666667,201.45874701403181,384.5829,586.078,485.3305,0.0083,1.9382,1.0373,738,25.37666666666667,201.95282041482758,384.2231,586.2624,485.2428,0.0667,1.2129,0.8453,738,25.37666666666667,202.89167384236214,384.2231,587.2899,485.7565,0.0,1.2129,2.0702,738,25.37666666666667,189.11281501183345,396.0079,585.1207,490.5643,0.05,6.9655,0.5577,738,25.37666666666667
201.16947080800816,384.2265,585.1074,484.6669,0.0917,1.6908,0.5751,739,25.41,201.4528947735131,384.5749,586.0425,485.3087,0.0083,1.9945,1.0329,739,25.41,201.82677982192146,384.2161,586.207,485.2115,0.0917,1.1195,0.9375,739,25.41,202.87833188095274,384.2167,587.2498,485.7333,0.0,1.1887,1.9752,739,25.41,189.12417172583775,395.9832,585.1074,490.5453,0.05,7.247,0.5751,739,25.41
201.26769552562934,384.067,584.9717,484.5193,0.1083,1.3083,0.5468,740,25.448333333333334,201.19760433376752,384.4703,585.6985,485.0844,0.025,1.5641,0.7564,740,25.448333333333334,201.78560376072912,384.5484,586.3457,485.447,0.0667,1.4807,0.9974,740,25.448333333333334,202.64291738669857,384.3559,587.0665,485.7112,0.0,1.3025,1.7806,740,25.448333333333334,183.40830063317568,401.5634,584.9717,493.2675,0.125,2.9724,0.5468,740,25.448333333333334
201.27096981761173,384.0643,584.9742,484.5192,0.1083,1.2381,0.5775,741,25.476666666666667,201.20029925557992,384.4679,585.7001,485.084,0.025,1.5618,0.7528,741,25.476666666666667,201.74868293714334,384.5501,586.3129,485.4315,0.075,1.5009,0.9638,741,25.476666666666667,202.64228661783915,384.357,587.0677,485.7124,0.0,1.3189,1.7822,741,25.476666666666667,183.40720991347197,401.5669,584.9742,493.2705,0.125,2.9718,0.5775,741,25.476666666666667
201.29124024872962,384.0398,584.9854,484.5126,0.1,1.219,0.5991,742,25.525000000000002,201.180334856158,384.4438,585.6233,485.0335,0.025,1.6127,0.789,742,25.525000000000002,201.7605827383551,384.5421,586.3165,485.4293,0.075,1.3946,0.9682,742,25.525000000000002,202.65615475469943,384.351,587.0743,485.7126,0.0,1.332,1.7959,742,25.525000000000002,183.380126685964,401.6053,584.9854,493.2953,0.1167,2.7098,0.5991,742,25.525000000000002
201.45754647584278,383.9399,584.8794,484.4097,0.0917,1.2129,0.5982,743,25.548333333333336,201.097218212983,384.432,585.5253,484.9786,0.025,1.5298,0.77,743,25.548333333333336,201.33886227156466,384.5332,585.8121,485.1726,0.0917,1.3685,0.8509,743,25.548333333333336,202.64961688901684,384.3453,587.068,485.7067,0.0,1.2582,1.7997,743,25.548333333333336,188.54745141584985,396.3319,584.8794,490.6057,0.05,6.9101,0.5982,743,25.548333333333336
200.75250807673993,384.1599,584.6882,484.4241,0.1167,1.4577,0.4829,744,25.576666666666668,200.80698178586562,384.4967,585.2847,484.8907,0.0333,1.9161,0.7693,744,25.576666666666668,201.76743665932474,384.0789,585.9042,484.9916,0.1,1.2525,0.8157,744,25.576666666666668,202.41604306946653,384.0861,586.6603,485.3732,0.0,1.3861,1.5735,744,25.576666666666668,189.9764281328039,394.7118,584.6882,489.7,0.05,8.1418,0.4829,744,25.576666666666668
201.34560719105036,383.7457,584.5623,484.154,0.125,1.3237,0.4751,745,25.610000000000003,200.90774605366548,384.431,585.3515,484.8913,0.025,1.8967,0.925,745,25.610000000000003,201.69337194878722,384.0809,585.7733,484.9271,0.0667,1.353,0.8849,745,25.610000000000003,202.5535340773314,383.9494,586.6369,485.2932,0.0,1.2755,1.56,745,25.610000000000003,185.37668654816022,399.1856,584.5623,491.874,0.1,4.0405,0.4751,745,25.610000000000003
200.59025646086647,384.2783,584.626,484.4521,0.1167,1.588,0.6253,746,25.651666666666667,200.6589810072024,384.333,584.8471,484.59,0.0333,2.1289,0.768,746,25.651666666666667,201.56623517958047,383.9707,585.6542,484.8125,0.075,1.1827,0.9637,746,25.651666666666667,202.4446117953522,383.9535,586.5634,485.2584,0.0,1.2615,1.5861,746,25.651666666666667,189.00537493411449,395.6206,584.626,490.1233,0.0417,6.5105,0.6253,746,25.651666666666667
201.26374141438777,383.8335,584.5342,484.1839,0.1,1.6224,0.5872,747,25.67666666666667,200.60458593690393,384.2847,584.645,484.4648,0.0333,1.7232,0.6715,747,25.67666666666667,201.59951937173088,383.9509,585.6525,484.8017,0.075,1.1805,0.9764,747,25.67666666666667,202.46217084207404,383.9339,586.5619,485.2479,0.0,1.3113,1.5742,747,25.67666666666667,183.57784201165498,400.9564,584.5342,492.7453,0.1167,3.2369,0.5872,747,25.67666666666667
200.69334852447275,384.1709,584.5348,484.3528,0.1333,1.4616,0.539,748,25.71,200.6757183422903,384.2158,584.645,484.4304,0.0333,2.1298,0.6686,748,25.71,201.6172406342084,383.9431,585.6587,484.8009,0.075,1.1898,0.9785,748,25.71,202.4739812860096,383.9216,586.5669,485.2443,0.0,1.3045,1.5941,748,25.71,184.12255091815916,400.4122,584.5348,492.4735,0.1167,3.6389,0.539,748,25.71
201.30399263690336,383.7778,584.5351,484.1565,0.1,1.6707,0.5518,749,25.753333333333334,200.66084677713323,384.2332,584.6463,484.4397,0.0333,2.0321,0.6647,749,25.753333333333334,201.50677264348587,384.1067,585.6587,484.8827,0.0833,1.2986,0.9785,749,25.753333333333334,202.47716747741242,383.9202,586.5669,485.2436,0.0,1.3121,1.5941,749,25.753333333333334,184.67356674204578,399.8616,584.5351,492.1984,0.1,3.8228,0.5518,749,25.753333333333334
200.4927771179832,384.3981,584.6151,484.5066,0.0667,2.2426,0.5266,750,25.778333333333336,200.7192376894696,384.5232,585.2834,484.9033,0.025,2.4313,0.6572,750,25.778333333333336,201.69614536019532,384.0479,585.7621,484.905,0.1,1.1331,1.0505,750,25.778333333333336,202.6636621285828,383.8161,586.645,485.2305,0.0083,1.1757,1.6798,750,25.778333333333336,190.65905524293507,393.9561,584.6151,489.2856,0.05,9.7243,0.5266,750,25.778333333333336
200.54956616834744,384.2988,584.573,484.4359,0.0833,2.0928,0.541,751,25.811666666666667,201.15076300286856,384.45,585.6313,485.0407,0.025,2.2816,0.8958,751,25.811666666666667,201.6292862271067,384.0475,585.6768,484.8621,0.1083,1.1125,0.8644,751,25.811666666666667,202.66252705053859,383.8149,586.6431,485.229,0.0083,1.171,1.6834,751,25.811666666666667,190.3121431882939,394.2609,584.573,489.417,0.0667,8.8152,0.541,751,25.811666666666667
200.69745986467566,384.1804,584.6735,484.4269,0.1,2.0444,0.4482,752,25.855,201.0599781766774,384.4889,585.6073,485.0481,0.025,2.5098,0.8901,752,25.855,201.6241073908164,384.0354,585.5413,484.7883,0.1167,1.18,0.7335,752,25.855,202.7289105507841,383.8257,586.7215,485.2736,0.0083,1.1997,1.5913,752,25.855,190.73168694329004,393.9336,584.6735,489.3035,0.075,8.4369,0.4482,752,25.855
200.76380661472177,384.3321,584.7685,484.5503,0.0667,2.1979,0.444,753,25.87666666666667,200.89192314987196,384.4605,585.4177,484.9391,0.025,2.4084,0.6879,753,25.87666666666667,201.87552851668093,383.853,585.6396,484.7463,0.1083,1.2181,0.7451,753,25.87666666666667,202.55749862171976,384.1738,586.8,485.4869,0.0083,1.4251,1.5006,753,25.87666666666667,191.08764903710988,393.6809,584.7685,489.2247,0.05,9.1985,0.444,753,25.87666666666667
200.75588592313366,384.392,584.7892,484.5906,0.075,2.1177,0.4606,754,25.91,200.84759960412512,384.517,585.4227,484.9698,0.025,2.3475,0.7825,754,25.91,201.72173540350792,384.1101,585.8988,485.0044,0.1,1.346,0.8512,754,25.91,202.4976680034157,384.2644,586.8199,485.5421,0.0083,1.4842,1.5992,754,25.91,190.40827498055438,394.378,584.7892,489.5836,0.1,5.0099,0.4606,754,25.91
200.53255113398512,384.5228,584.7942,484.6585,0.0583,2.1618,0.4799,755,25.955000000000005,200.7563861121407,384.641,585.4246,485.0328,0.0167,2.3232,0.6939,755,25.955000000000005,201.60121134190587,384.2297,585.907,485.0684,0.1083,1.2425,0.8409,755,25.955000000000005,202.43242483918,384.3735,586.8689,485.6212,0.0083,1.4231,1.5577,755,25.955000000000005,189.39344728702736,395.3761,584.7942,490.0851,0.0667,7.1832,0.4799,755,25.955000000000005
200.62452078789667,384.4642,584.8074,484.6358,0.0667,2.0243,0.397,756,25.976666666666667,200.72715747483915,384.7352,585.4281,485.0816,0.0167,2.1836,0.6662,756,25.976666666666667,201.62059832716645,384.0267,585.6372,484.832,0.1083,1.3657,0.6605,756,25.976666666666667,202.45438204910934,384.3798,586.895,485.6374,0.0,1.6322,1.6105,756,25.976666666666667,185.7713356932439,399.005,584.8074,491.9062,0.0833,3.3663,0.397,756,25.976666666666667
200.69141001020805,384.4635,584.8478,484.6556,0.0667,1.9593,0.455,757,26.01,200.74291732896597,384.732,585.4783,485.1051,0.0167,2.1752,0.7159,757,26.01,201.79176720661414,384.0723,585.7585,484.9154,0.0917,1.3593,0.6082,757,26.01,202.509581224351,384.4054,586.9646,485.685,0.0,1.6341,1.6367,757,26.01,185.92609765062673,398.9117,584.8478,491.8797,0.0917,3.8453,0.455,757,26.01
200.71938205467615,384.4473,584.85,484.6487,0.0667,2.0513,0.4736,758,26.043333333333337,200.75781527851169,384.7145,585.4812,485.0978,0.0167,2.1692,0.7102,758,26.043333333333337,201.8790377043925,384.0387,585.7586,484.8986,0.0917,1.2889,0.6056,758,26.043333333333337,202.57630078520688,384.3415,586.9647,485.6531,0.0,1.5681,1.6387,758,26.043333333333337,185.9428162284479,398.8976,584.85,491.8738,0.1,3.8645,0.4736,758,26.043333333333337
200.70583309803428,384.4698,584.8485,484.6592,0.0667,2.099,0.4694,759,26.076666666666668,200.7355436704348,384.741,585.4797,485.1104,0.0167,2.1951,0.7069,759,26.076666666666668,201.85166131927048,384.064,585.7601,484.9121,0.0833,1.3859,0.6043,759,26.076666666666668,202.66196467543773,384.2358,586.9657,485.6007,0.0,1.6475,1.6396,759,26.076666666666668,185.9403314055265,398.898,584.8485,491.8733,0.0917,3.6836,0.4694,759,26.076666666666668
201.06740679693044,384.3434,585.0356,484.6895,0.0917,1.7257,0.6388,760,26.115000000000002,201.04271646750115,384.9242,585.9907,485.4575,0.0167,2.2071,1.1362,760,26.115000000000002,202.48949657391813,384.1483,586.7563,485.4523,0.0583,0.9205,1.5168,760,26.115000000000002,202.85770488897995,384.1959,587.1813,485.6886,0.0,1.1931,1.8827,760,26.115000000000002,188.08718678498738,396.9081,585.0356,490.9718,0.1167,6.5255,0.6388,760,26.115000000000002
201.0875067211344,384.3127,585.0356,484.6741,0.1,1.6835,0.7024,761,26.14,200.9139262274895,385.0502,585.9897,485.52,0.0167,2.3504,1.136,761,26.14,202.4581099943266,384.1768,586.7532,485.465,0.0417,1.1982,1.498,761,26.14,202.84714265582818,384.2026,587.1781,485.6904,0.0,1.282,1.8898,761,26.14,186.78537229620423,398.2138,585.0356,491.6247,0.1333,4.4964,0.7024,761,26.14
201.06324066103045,384.3221,584.9858,484.6539,0.1083,1.8796,0.6495,762,26.17666666666667,200.57514978535764,385.366,585.9892,485.6776,0.0083,2.2638,1.1246,762,26.17666666666667,201.88769751719863,384.2304,586.2795,485.255,0.0917,1.0457,0.9497,762,26.17666666666667,202.72776876623627,384.2592,587.129,485.6941,0.0,1.3581,1.8727,762,26.17666666666667,182.62297992389205,402.2725,584.9858,493.6291,0.1833,2.5337,0.6495,762,26.17666666666667
200.968893819254,384.4183,585.0348,484.7265,0.0917,1.8124,0.7137,763,26.21,200.6466060468177,385.2943,585.9881,485.6412,0.0083,2.279,1.1431,763,26.21,201.88161167139307,384.351,586.2823,485.3167,0.1083,0.8671,0.992,763,26.21,202.68500995495378,384.3278,587.1322,485.73,0.0,1.2921,1.8742,763,26.21,182.54630187976335,402.451,585.0348,493.7429,0.1667,2.5094,0.7137,763,26.21
200.96404125821496,384.4261,585.0353,484.7307,0.0917,1.6936,0.7258,764,26.243333333333336,200.63762547168093,385.3025,585.988,485.6452,0.0083,2.1921,1.1296,764,26.243333333333336,201.87865513362772,384.3564,586.2821,485.3192,0.1083,0.8579,0.9917,764,26.243333333333336,202.68152902470223,384.3296,587.132,485.7308,0.0,1.3208,1.8708,764,26.243333333333336,182.53007643585048,402.4624,585.0353,493.7488,0.1667,2.4994,0.7258,764,26.243333333333336
201.09209644993098,384.4857,585.3036,484.8947,0.075,1.7512,0.7617,765,26.276666666666667,200.13969463060675,385.5081,585.7639,485.636,0.0083,2.4212,0.7122,765,26.276666666666667,202.14579872236945,384.377,586.5621,485.4695,0.0833,0.8908,1.1036,765,26.276666666666667,202.75580671858515,384.3863,587.2516,485.8189,0.0,1.2143,1.9099,765,26.276666666666667,183.06681671775323,402.2368,585.3036,493.7702,0.1417,2.8354,0.7617,765,26.276666666666667
201.0748076499049,384.504,585.3011,484.9025,0.075,1.7095,0.775,766,26.310000000000002,200.1248111375665,385.5218,585.7632,485.6425,0.0083,2.4679,0.6994,766,26.310000000000002,202.14414770336123,384.3778,586.5619,485.4699,0.0833,0.919,1.0834,766,26.310000000000002,202.75541915272223,384.3867,587.2515,485.8191,0.0,1.2143,1.8948,766,26.310000000000002,185.77197903393184,399.5291,585.3011,492.4151,0.1083,4.4717,0.775,766,26.310000000000002
201.0747660768548,384.5076,585.3014,484.9045,0.075,1.8173,0.7706,767,26.343333333333334,200.11738363010744,385.5502,585.7634,485.6568,0.0083,2.5207,0.7201,767,26.343333333333334,202.1359341289218,384.3718,586.563,485.4674,0.0833,0.9339,1.0827,767,26.343333333333334,202.750843123311,384.3917,587.2525,485.8221,0.0,1.2833,1.897,767,26.343333333333334,185.77390219313511,399.5275,585.3014,492.4144,0.1083,4.5507,0.7706,767,26.343333333333334
200.80480609090165,384.7784,585.3042,485.0413,0.0583,2.07,0.7951,768,26.37666666666667,200.0557059004282,385.5916,585.7659,485.6787,0.0,2.534,0.7021,768,26.37666666666667,202.13815149311415,384.3718,586.5628,485.4673,0.0833,0.9352,1.0829,768,26.37666666666667,202.74905924937855,384.3952,587.2523,485.8238,0.0,1.2792,1.9026,768,26.37666666666667,183.05292495867204,402.2513,585.3042,493.7777,0.1417,2.851,0.7951,768,26.37666666666667
200.906311564404,384.6201,585.2998,484.9599,0.0667,2.0175,0.7706,769,26.41,200.17531588048942,385.5075,585.7619,485.6347,0.0083,2.4296,0.7193,769,26.41,202.13703295817206,384.3734,586.5628,485.4681,0.0833,0.9055,1.0829,769,26.41,202.74828491578762,384.3958,587.2523,485.824,0.0,1.2783,1.9026,769,26.41,183.05327464785316,402.2465,585.2998,493.7732,0.1417,2.6811,0.7706,769,26.41
200.68194916254777,384.7873,585.2887,485.038,0.05,2.4214,0.7708,770,26.450000000000003,200.7271697202472,385.0471,585.8127,485.4299,0.0,2.4204,0.9524,770,26.450000000000003,202.05230121478235,384.3255,586.4395,485.3825,0.0833,1.2287,0.9303,770,26.450000000000003,202.80594646754966,384.3588,587.3017,485.8303,0.0,1.2459,1.8732,770,26.450000000000003,186.7370809377153,398.5517,585.2887,491.9202,0.1,4.8988,0.7708,770,26.450000000000003
200.71224775335395,384.7834,585.2703,485.0269,0.0417,2.4356,0.755,771,26.47666666666667,200.73132468413326,385.0433,585.812,485.4277,0.0,2.436,0.9498,771,26.47666666666667,201.90128755520345,384.4781,586.4389,485.4585,0.0833,1.1556,0.9274,771,26.47666666666667,202.8132569381474,384.3557,587.3022,485.829,0.0,1.2877,1.8704,771,26.47666666666667,186.71926737877274,398.5511,585.2703,491.9107,0.0833,4.8475,0.755,771,26.47666666666667
200.68588295118806,384.7701,585.2766,485.0233,0.0417,2.4163,0.6971,772,26.523333333333333,200.87969111118534,385.0323,586.0142,485.5232,0.0,2.469,0.9702,772,26.523333333333333,201.67493253722026,384.517,586.3309,485.4239,0.1083,1.0797,0.8657,772,26.523333333333333,202.7739989162455,384.3578,587.2598,485.8088,0.0,1.2787,1.8107,772,26.523333333333333,186.71284055856705,398.5637,585.2766,491.9201,0.0917,4.8283,0.6971,772,26.523333333333333
201.21190302812892,384.437,585.4238,484.9304,0.0667,1.8392,0.7975,773,26.543333333333337,200.93908182980363,384.917,585.9105,485.4138,0.0,2.3147,0.9901,773,26.543333333333337,201.80946262370517,384.403,586.4103,485.4067,0.0917,1.0692,0.9974,773,26.543333333333337,202.83112143801827,384.355,587.3268,485.8409,0.0,1.23,1.7943,773,26.543333333333337,190.75784399327617,394.6659,585.4238,490.0449,0.05,9.8803,0.7975,773,26.543333333333337
201.1699048074954,384.4423,585.4169,484.9296,0.0667,1.8313,0.8059,774,26.576666666666668,200.92034424704585,384.927,585.9012,485.4141,0.0,2.3698,1.0075,774,26.576666666666668,201.8017358869044,384.4268,586.4094,485.4181,0.0917,1.0966,1.0019,774,26.576666666666668,202.82848394189236,384.3739,587.3265,485.8502,0.0,1.2539,1.8028,774,26.576666666666668,189.98995346726744,395.4269,585.4169,490.4219,0.05,9.3867,0.8059,774,26.576666666666668
200.44304925625886,384.9085,585.1297,485.0191,0.05,2.3142,0.6598,775,26.610000000000003,200.73879119774867,385.1849,586.0157,485.6003,0.0,2.3338,1.0099,775,26.610000000000003,201.87554297591709,384.4932,586.3851,485.4391,0.1083,1.084,0.9238,775,26.610000000000003,202.7372024627222,384.4333,587.3067,485.87,0.0,1.371,1.9418,775,26.610000000000003,189.02090601980996,395.9914,585.1297,490.5606,0.0667,8.6664,0.6598,775,26.610000000000003
200.6036516438612,384.9493,585.4967,485.223,0.05,2.3903,0.7214,776,26.643333333333334,200.5603520626429,385.2216,585.8585,485.5401,0.0,2.3346,0.9625,776,26.643333333333334,201.65289224708798,384.5555,586.3844,485.4699,0.0833,1.2655,0.924,776,26.643333333333334,202.65730243375077,384.52,587.3111,485.9156,0.0,1.3754,1.966,776,26.643333333333334,183.26027131292335,402.2364,585.4967,493.8666,0.1417,3.0807,0.7214,776,26.643333333333334
200.36349293857867,384.9657,585.1121,485.0389,0.05,2.3637,0.6555,777,26.67666666666667,200.6722739250272,385.2355,586.0273,485.6314,0.0,2.3947,1.0606,777,26.67666666666667,201.61224956906995,384.6016,586.4034,485.5025,0.0917,1.0747,0.8818,777,26.67666666666667,202.67654342057853,384.5503,587.3609,485.9556,0.0,1.347,1.9362,777,26.67666666666667,182.77239772658803,402.2227,585.1121,493.6674,0.1417,3.0559,0.6555,777,26.67666666666667
200.52693252555218,384.9863,585.2703,485.1283,0.0333,2.4258,0.8126,778,26.71,200.6913530431671,385.2585,586.0555,485.657,0.0,2.4178,1.0699,778,26.71,201.619541435402,384.6262,586.4546,485.5404,0.0917,0.9829,0.9987,778,26.71,202.67540784057934,384.5707,587.387,485.9789,0.0,1.2803,1.8307,778,26.71,183.92949105467864,401.0684,585.1477,493.108,0.125,3.1638,0.6942,778,26.71
200.77285687153415,384.8748,585.4115,485.1431,0.0333,2.1917,0.8403,779,26.743333333333336,200.56938891334318,385.2859,585.9222,485.6041,0.0,2.3213,0.8971,779,26.743333333333336,201.79897536405335,384.5313,586.4757,485.5035,0.0833,1.2288,0.9281,779,26.743333333333336,202.72644383146562,384.5574,587.4216,485.9895,0.0,1.3481,1.8414,779,26.743333333333336,185.14744894024327,400.2416,585.3891,492.8154,0.0833,3.7844,0.8235,779,26.743333333333336
201.1779736544605,384.5744,585.6075,485.0909,0.075,1.9488,0.7811,780,26.78166666666667,200.30365053587283,385.5499,585.8712,485.7106,0.0083,1.9092,0.9509,780,26.78166666666667,201.49517826633988,384.5788,585.7967,485.1877,0.1,1.509,0.5838,780,26.78166666666667,202.70277284026537,384.5788,587.3948,485.9868,0.0,1.509,1.6534,780,26.78166666666667,188.08566634897383,397.5218,585.6075,491.5647,0.075,5.6127,0.7811,780,26.78166666666667
200.83717809902612,384.9578,585.6068,485.2823,0.0583,1.8055,0.8239,781,26.810000000000002,200.48734756059991,385.3859,585.8708,485.6283,0.0167,2.0006,0.9503,781,26.810000000000002,201.4218090455447,384.5986,585.7959,485.1972,0.1,1.5312,0.5835,781,26.810000000000002,202.664307918009,384.5986,587.3929,485.9958,0.0,1.5312,1.6522,781,26.810000000000002,188.08512647433764,397.5217,585.6068,491.5642,0.075,5.5929,0.8239,781,26.810000000000002
200.96879911391025,384.8205,585.6082,485.2144,0.0667,1.8124,0.7896,782,26.843333333333334,200.27238291330616,385.5765,585.8543,485.7154,0.0167,2.1252,0.9238,782,26.843333333333334,201.40271425501206,384.6089,585.7877,485.1983,0.1,1.5685,0.5898,782,26.843333333333334,202.64304929845892,384.6089,587.3819,485.9954,0.0,1.5685,1.656,782,26.843333333333334,188.1556104328316,397.4526,585.6082,491.5304,0.075,5.5381,0.7896,782,26.843333333333334
201.20567357252708,384.5633,585.6064,485.0848,0.0833,1.7979,0.7812,783,26.878333333333334,199.99081705796675,385.7943,585.8517,485.823,0.0083,2.0889,0.9088,783,26.878333333333334,201.40630163294327,384.6063,585.7891,485.1977,0.1,1.5651,0.5902,783,26.878333333333334,202.6465521978075,384.6063,587.3819,485.9941,0.0,1.5651,1.6495,783,26.878333333333334,189.4847034936063,396.1217,585.6064,490.864,0.1083,4.5045,0.7812,783,26.878333333333334
201.1957422485646,384.5229,585.494,485.0084,0.075,1.7125,0.8919,784,26.91,200.27177510244738,385.5128,585.7588,485.6358,0.0083,2.0392,0.935,784,26.91,201.711396842284,384.5661,586.3812,485.4737,0.0917,1.5237,0.7137,784,26.91,202.66441126499956,384.5661,587.341,485.9535,0.0,1.5237,1.7176,784,26.91,188.02838065922222,397.4656,585.494,491.4798,0.0667,5.4934,0.8919,784,26.91
201.12513415198612,384.5647,585.3966,484.9806,0.0667,1.7095,0.929,785,26.943333333333335,200.4942533884399,385.2138,585.6951,485.4545,0.025,1.8589,1.0042,785,26.943333333333335,201.65390521121304,384.4275,586.2413,485.3344,0.0917,1.449,0.7246,785,26.943333333333335,202.6859386698224,384.3999,587.2291,485.8145,0.0,1.3652,1.6417,785,26.943333333333335,189.63739236986729,395.7592,585.3966,490.5779,0.1583,3.1436,0.929,785,26.943333333333335
201.32752023696634,384.32,585.3523,484.8362,0.075,1.6455,0.7872,786,26.98166666666667,200.19975830426077,385.466,585.6535,485.5598,0.0083,1.9276,0.8621,786,26.98166666666667,201.60628952061353,384.4915,586.2386,485.3651,0.1333,1.0718,0.8012,786,26.98166666666667,202.61581695121447,384.487,587.1898,485.8384,0.0,1.2984,1.7443,786,26.98166666666667,190.0149285358269,395.3374,585.3523,490.3448,0.1,4.3722,0.7872,786,26.98166666666667
201.04962843149593,384.6161,585.3489,484.9825,0.0417,1.7148,0.7805,787,27.01,200.293477513196,385.353,585.6503,485.5017,0.0,1.9983,0.8636,787,27.01,201.8100203449508,384.2732,586.236,485.2546,0.1,1.35,0.8051,787,27.01,202.68088780277412,384.4349,587.19,485.8124,0.0,1.4453,1.7647,787,27.01,187.94277546694238,397.4062,585.3489,491.3776,0.0667,5.4502,0.7805,787,27.01
201.03759315204297,384.6282,585.3463,484.9872,0.0417,1.7223,0.7923,788,27.043333333333337,200.28534929317345,385.3587,585.6477,485.5032,0.0,1.993,0.8594,788,27.043333333333337,201.80404208792152,384.2796,586.2359,485.2578,0.1,1.3487,0.8047,788,27.043333333333337,202.67598216724852,384.441,587.1909,485.8159,0.0,1.444,1.7501,788,27.043333333333337,190.09057995680706,395.2557,585.3463,490.301,0.1083,4.5175,0.7923,788,27.043333333333337
201.03177627320667,384.6347,585.3481,484.9914,0.0417,1.7245,0.8181,789,27.085,200.28097444647213,385.3646,585.6494,485.507,0.0,1.9919,0.8819,789,27.085,201.79963223404178,384.2837,586.2361,485.2599,0.1,1.3776,0.804,789,27.085,202.67167266546676,384.4448,587.191,485.8179,0.0,1.4447,1.7434,789,27.085,188.3192970737028,397.0288,585.3481,491.1884,0.075,5.1152,0.8181,789,27.085
201.7360235922304,384.0451,585.7875,484.9163,0.125,1.7621,0.834,790,27.115000000000002,201.12909139729214,384.8832,586.0365,485.4598,0.0333,1.9642,1.0323,790,27.115000000000002,201.51655014687506,384.4432,585.9598,485.2015,0.1,1.2072,0.6982,790,27.115000000000002,202.6550470949839,384.3206,587.169,485.7448,0.0,1.3007,1.7372,790,27.115000000000002,184.55131518911156,400.9269,585.4783,493.2026,0.0917,3.5271,0.8555,790,27.115000000000002
201.74143238989396,384.0415,585.7901,484.9158,0.125,1.7933,0.8177,791,27.143333333333334,201.13139304155018,384.8815,586.0374,485.4595,0.0333,1.9594,1.0504,791,27.143333333333334,201.53200676924675,384.4337,585.9657,485.1997,0.1083,1.2442,0.73,791,27.143333333333334,202.5392091808027,384.5641,587.1716,485.8678,0.0,1.46,1.7365,791,27.143333333333334,184.54187531494634,400.9392,585.4811,493.2101,0.0833,3.4159,0.897,791,27.143333333333334
201.65577409927022,384.0816,585.7488,484.9152,0.125,1.6095,0.8249,792,27.186666666666667,201.05309361537365,384.905,585.9985,485.4518,0.0333,1.8955,0.9558,792,27.186666666666667,201.65262837744066,384.3529,585.9657,485.1593,0.1,1.3393,0.73,792,27.186666666666667,202.49889435881883,384.614,587.1716,485.8928,0.0,1.4898,1.7365,792,27.186666666666667,184.5459868837136,400.967,585.513,493.24,0.075,2.7203,0.8745,792,27.186666666666667
201.70741530934933,384.1462,585.8518,484.999,0.1167,1.4933,0.8521,793,27.21,201.22845354918178,384.7949,586.0383,485.4166,0.0333,1.6681,1.0592,793,27.21,201.51409640979483,384.4543,585.9684,485.2114,0.1083,1.0997,0.7168,793,27.21,202.49951190105153,384.6196,587.1779,485.8988,0.0,1.4216,1.7395,793,27.21,184.7272919688652,400.7557,585.483,493.1193,0.0917,3.6427,0.8962,793,27.21
201.73762942390638,384.132,585.8054,484.9687,0.1167,1.4647,0.8611,794,27.243333333333336,200.47970884552126,385.4952,586.0068,485.751,0.0167,1.9947,0.9749,794,27.243333333333336,201.68794710494723,384.3576,586.2296,485.2936,0.1,1.2908,0.8479,794,27.243333333333336,202.55601657891557,384.6291,587.2614,485.9453,0.0,1.5254,1.7581,794,27.243333333333336,184.71231186669118,400.677,585.3893,493.0332,0.0917,3.2201,0.8295,794,27.243333333333336
201.59258785881823,384.2622,585.6766,484.9694,0.1083,1.4488,0.8772,795,27.288333333333334,200.2605784850436,385.6767,586.0014,485.839,0.0167,2.3883,0.9501,795,27.288333333333334,201.67815502344519,384.4394,586.253,485.3462,0.0917,1.2735,0.8032,795,27.288333333333334,202.74161161210355,384.432,587.3226,485.8773,0.0,1.3721,1.8437,795,27.288333333333334,184.07200643948727,401.3874,585.4594,493.4234,0.1083,2.2548,0.8987,795,27.288333333333334
201.70694088524758,384.1847,585.8075,484.9961,0.1083,1.5454,0.8248,796,27.310000000000002,201.01647553370552,384.9859,586.0473,485.5166,0.0333,1.9988,1.0201,796,27.310000000000002,201.63510993654816,384.4847,586.2719,485.3783,0.1,1.2738,0.8117,796,27.310000000000002,202.76038607962326,384.4296,587.337,485.8833,0.0,1.2896,1.7949,796,27.310000000000002,184.74789437080778,400.6897,585.4376,493.0636,0.1,2.6387,0.8742,796,27.310000000000002
201.6426439266595,384.2436,585.8351,485.0393,0.125,1.6071,0.8496,797,27.343333333333334,200.7434376879306,385.2891,586.0554,485.6723,0.0333,1.7417,1.0302,797,27.343333333333334,201.3923556916388,384.7127,586.1051,485.4089,0.1083,1.0645,0.6357,797,27.343333333333334,202.5988462793534,384.5194,587.2934,485.9064,0.0,1.2568,1.7494,797,27.343333333333334,183.37075055964976,402.0919,585.4626,493.7772,0.1083,2.364,0.9096,797,27.343333333333334
201.62424200460634,384.2921,585.8172,485.0547,0.125,1.6689,0.9329,798,27.388333333333335,200.3548329953708,385.6236,586.024,485.8238,0.025,1.8468,1.0996,798,27.388333333333335,201.5624565051314,384.7227,586.311,485.5169,0.1,1.2343,0.7011,798,27.388333333333335,202.64375740338215,384.5482,587.37,485.9591,0.0,1.3445,1.9283,798,27.388333333333335,184.99956819090488,400.4852,585.4848,492.985,0.1,3.7423,0.9086,798,27.388333333333335
201.56110022424556,384.3434,585.8225,485.083,0.125,1.627,0.9193,799,27.41,200.33015798690394,385.6508,586.0273,485.8391,0.025,1.917,1.1074,799,27.41,201.52414087463714,384.7465,586.3144,485.5304,0.1083,1.1681,0.7007,799,27.41,202.61954948728777,384.5968,587.3726,485.9847,0.0,1.3146,1.9384,799,27.41,184.9109523622711,400.459,585.3699,492.9144,0.0917,3.7344,0.8732,799,27.41
201.52555979188435,384.4783,585.9341,485.2062,0.0833,1.7427,0.7283,800,27.448333333333334,200.97367929345484,385.0081,585.7717,485.3899,0.0083,1.745,0.6516,800,27.448333333333334,201.49086779330005,384.7181,585.9555,485.3368,0.1,1.4082,0.6327,800,27.448333333333334,202.7056952812402,384.7181,587.5683,486.1432,0.0,1.4082,1.8268,800,27.448333333333334,187.43577442733073,398.4983,585.9341,492.2162,0.0917,4.9534,0.7283,800,27.448333333333334
201.53705069669994,384.447,585.9278,485.1874,0.0833,1.7066,0.7132,801,27.47666666666667,200.98176836802443,384.9861,585.7663,485.3762,0.0083,1.6403,0.6576,801,27.47666666666667,201.47391159507362,384.7228,585.9516,485.3372,0.1,1.4317,0.6356,801,27.47666666666667,202.69783169996313,384.7228,587.5667,486.1447,0.0,1.4317,1.8417,801,27.47666666666667,189.3856607786358,396.5421,585.9278,491.235,0.075,7.2292,0.7132,801,27.47666666666667
201.53463512163958,384.4479,585.9322,485.1901,0.0833,1.704,0.7226,802,27.523333333333333,200.98462473483895,384.9865,585.77,485.3783,0.0083,1.6637,0.6446,802,27.523333333333333,201.47690250870278,384.7228,585.9546,485.3387,0.1,1.4317,0.6312,802,27.523333333333333,202.69927281375513,384.7228,587.5682,486.1455,0.0,1.4317,1.8262,802,27.523333333333333,189.38628254069587,396.5459,585.9322,491.2391,0.075,7.2229,0.7226,802,27.523333333333333
201.5450515404593,384.4348,585.9304,485.1826,0.0833,1.6474,0.6891,803,27.543333333333337,200.99855842835794,384.9752,585.7676,485.3714,0.0083,1.6682,0.6458,803,27.543333333333337,201.34700471892117,384.6512,585.9523,485.3018,0.1333,1.2687,0.6274,803,27.543333333333337,202.70297680092463,384.719,587.5666,486.1428,0.0,1.4403,1.8418,803,27.543333333333337,190.3146999166243,395.6157,585.9304,490.7731,0.0667,7.8976,0.6891,803,27.543333333333337
201.41670898365305,384.5706,585.9323,485.2514,0.0833,1.7988,0.7525,804,27.576666666666668,201.15458784584303,385.0024,586.1038,485.5531,0.0167,1.9941,0.7963,804,27.576666666666668,201.35856817998913,384.7433,585.8893,485.3163,0.1,1.4449,0.7504,804,27.576666666666668,202.65269465793102,384.7433,587.5445,486.1439,0.0,1.4449,1.8755,804,27.576666666666668,188.57774253248024,397.3546,585.9323,491.6434,0.075,6.6975,0.7525,804,27.576666666666668
201.40760114396315,384.5679,585.8939,485.2309,0.075,1.8387,0.7545,805,27.610000000000003,201.15611044791265,385.0026,586.1018,485.5522,0.0167,2.069,0.7917,805,27.610000000000003,201.18646527569933,384.7001,585.8866,485.2933,0.1417,1.2939,0.7504,805,27.610000000000003,202.6473375584707,384.7452,587.5449,486.1451,0.0,1.5677,1.8762,805,27.610000000000003,185.58122981326437,400.3126,585.8939,493.1032,0.0917,3.0209,0.7545,805,27.610000000000003
201.419945586403,384.5687,585.9318,485.2502,0.0833,1.8498,0.7501,806,27.643333333333334,201.15593136934405,385.0033,586.1007,485.552,0.0167,2.0248,0.7877,806,27.643333333333334,201.18474395827943,384.7013,585.886,485.2937,0.1417,1.3015,0.7501,806,27.643333333333334,202.64395575788313,384.7508,587.5449,486.1479,0.0,1.5649,1.8761,806,27.643333333333334,186.46790273174267,399.4639,585.9318,492.6978,0.0917,3.3435,0.7501,806,27.643333333333334
201.41980050493558,384.566,585.9298,485.2479,0.0833,1.893,0.7469,807,27.67666666666667,201.15550856490026,385.0007,586.0991,485.5499,0.0167,2.0256,0.7861,807,27.67666666666667,201.18538544290814,384.7006,585.886,485.2933,0.1417,1.3139,0.7501,807,27.67666666666667,202.64253336481795,384.7533,587.5449,486.1491,0.0,1.5636,1.8761,807,27.67666666666667,185.6258335989665,400.304,585.9298,493.1169,0.1,3.0347,0.7469,807,27.67666666666667
201.42380870036007,384.5656,585.9313,485.2484,0.0833,1.8935,0.7475,808,27.71,201.15931394875906,385.0005,586.1003,485.5504,0.0167,2.0264,0.7858,808,27.71,201.1858088404177,384.7001,585.8859,485.293,0.1417,1.3146,0.7565,808,27.71,202.64285564103218,384.7531,587.5449,486.149,0.0,1.5637,1.8754,808,27.71,187.14128425360556,398.79,585.9313,492.3606,0.0833,4.3205,0.7475,808,27.71
201.41829543422432,384.5703,585.9292,485.2497,0.0833,2.0155,0.7368,809,27.743333333333336,201.1529692836147,385.0053,586.0975,485.5514,0.0167,2.0304,0.8218,809,27.743333333333336,201.19328900643615,384.6978,585.8911,485.2945,0.1417,1.3172,0.694,809,27.743333333333336,202.64795836029222,384.7525,587.5479,486.1502,0.0,1.5628,1.8715,809,27.743333333333336,189.13236950887992,396.7968,585.9292,491.363,0.0667,7.5991,0.7368,809,27.743333333333336
201.32755238385968,384.7882,585.9499,485.369,0.05,1.2537,0.7538,810,27.78166666666667,200.9987550162638,385.1872,585.8557,485.5215,0.0083,1.5977,0.6601,810,27.78166666666667,201.45340226339468,384.762,586.1081,485.4351,0.1,1.1716,0.6499,810,27.78166666666667,202.50852662473756,384.8778,587.576,486.2269,0.0,1.2217,1.8469,810,27.78166666666667,188.01965704258413,397.9302,585.9499,491.9401,0.075,7.3231,0.7538,810,27.78166666666667
201.4124005886625,384.6789,585.9548,485.3169,0.0667,1.389,0.7147,811,27.810000000000002,200.85529457160456,385.265,585.8615,485.5633,0.0167,1.6263,0.6715,811,27.810000000000002,201.4598672594925,384.764,586.1071,485.4355,0.1,1.1657,0.65,811,27.810000000000002,202.51134921612461,384.8792,587.577,486.2281,0.0,1.2292,1.8362,811,27.810000000000002,189.3757868197639,396.579,585.9548,491.2669,0.0917,5.0888,0.7147,811,27.810000000000002
201.3793199465573,384.6669,585.9852,485.326,0.075,1.3469,0.7298,812,27.843333333333334,201.09850210288778,385.1139,585.8689,485.4914,0.0083,1.4851,0.6689,812,27.843333333333334,201.526809653325,384.7721,586.1632,485.4677,0.0917,1.186,0.6366,812,27.843333333333334,202.58542960303615,384.8867,587.6325,486.2596,0.0,1.2582,1.8424,812,27.843333333333334,189.5030874702451,396.4822,585.9852,491.2337,0.05,8.5667,0.7298,812,27.843333333333334
201.1082712218891,384.9782,585.9722,485.4752,0.0667,1.2985,0.6986,813,27.87666666666667,200.7171641165095,385.4344,585.8576,485.646,0.0,1.6714,0.6637,813,27.87666666666667,201.47350670849116,384.7597,586.1125,485.4361,0.1,1.1396,0.6784,813,27.87666666666667,202.5194334993446,384.8749,587.5788,486.2268,0.0,1.1849,1.7968,813,27.87666666666667,188.6532513219788,397.3189,585.9722,491.6455,0.0917,5.0029,0.6986,813,27.87666666666667
201.22431773283625,384.8771,585.9726,485.4249,0.075,1.1256,0.7169,814,27.91,200.65699740982893,385.5162,585.8573,485.6868,0.0,1.688,0.6653,814,27.91,201.22551423305643,384.8126,586.0381,485.4253,0.125,1.1894,0.679,814,27.91,202.5002639353021,384.9308,587.5797,486.2552,0.0,1.2355,1.7971,814,27.91,189.1140060710821,396.8586,585.9726,491.4156,0.0833,6.1023,0.7169,814,27.91
201.1632869126277,384.9408,585.9514,485.4461,0.0583,1.4603,0.6735,815,27.943333333333335,200.52137605398408,385.5994,585.8573,485.7284,0.0,1.8107,0.6638,815,27.943333333333335,201.46933148512622,384.8077,586.1134,485.4605,0.1,1.1468,0.6769,815,27.943333333333335,202.49841896574782,384.9215,587.5788,486.2502,0.0,1.1904,1.7984,815,27.943333333333335,188.15166271890408,397.7998,585.9514,491.8756,0.075,7.961,0.6735,815,27.943333333333335
201.51190905526113,384.6029,585.9475,485.2752,0.0667,1.3759,0.7104,816,27.97666666666667,200.947290618369,385.2103,585.8536,485.5319,0.0167,1.6062,0.6669,816,27.97666666666667,201.21195798958624,384.8281,586.04,485.4341,0.125,1.1591,0.6889,816,27.97666666666667,202.58516845668703,384.8154,587.5804,486.1979,0.0,1.1637,1.8055,816,27.97666666666667,188.18159946705,397.7659,585.9475,491.8567,0.075,7.9639,0.7104,816,27.97666666666667
201.44405037068617,384.6802,585.9454,485.3128,0.0667,1.4599,0.7182,817,28.01,200.8957450951232,385.2924,585.8516,485.572,0.0167,1.6783,0.6774,817,28.01,201.33269206217918,384.8311,586.1638,485.4974,0.1417,1.1556,0.5819,817,28.01,202.57576384192222,384.816,587.5708,486.1934,0.0,1.1642,1.8086,817,28.01,189.01119806319213,396.9342,585.9454,491.4398,0.1,4.4396,0.7182,817,28.01
201.67793730007904,384.4168,585.9673,485.192,0.0833,1.491,0.7754,818,28.043333333333337,200.8040760270809,385.3828,585.8526,485.6177,0.0167,1.6529,0.6899,818,28.043333333333337,201.33091329677305,384.7867,586.1176,485.4522,0.1333,1.144,0.6718,818,28.043333333333337,202.674544181962,384.6768,587.5705,486.1236,0.0,1.1671,1.8072,818,28.043333333333337,188.4605990498235,397.5067,585.9673,491.737,0.0917,4.979,0.7754,818,28.043333333333337
201.5903229031843,384.4201,585.9783,485.1992,0.0917,1.316,0.7987,819,28.076666666666668,200.51401005356644,385.5445,585.8511,485.6978,0.0167,1.7745,0.7039,819,28.076666666666668,200.89543560361102,384.747,585.7805,485.2637,0.15,1.0963,0.7014,819,28.076666666666668,202.63738058490438,384.6509,587.504,486.0775,0.0,1.1948,1.8448,819,28.076666666666668,188.43719540384242,397.5411,585.9783,491.7597,0.0917,5.2842,0.7987,819,28.076666666666668
201.65723746239883,384.4137,586.0764,485.2451,0.1083,1.134,0.5823,820,28.115000000000002,201.296631160831,384.932,586.1114,485.5217,0.0167,1.8416,0.7343,820,28.115000000000002,201.28984423803246,384.9673,586.2571,485.6122,0.1333,1.1952,0.6584,820,28.115000000000002,202.682121916424,384.663,587.5549,486.1089,0.0,1.4125,1.7078,820,28.115000000000002,184.99477308387975,401.1397,586.0764,493.608,0.1417,4.2287,0.5823,820,28.115000000000002
201.30331542036248,384.5378,585.566,485.0519,0.1083,1.2777,0.5438,821,28.143333333333334,201.37759978545827,384.9887,586.4076,485.6982,0.0167,1.723,0.819,821,28.143333333333334,201.58613705389388,384.6797,586.2658,485.4727,0.1167,1.186,0.672,821,28.143333333333334,202.70854114998147,384.6612,587.5575,486.1094,0.0,1.4321,1.7089,821,28.143333333333334,184.32533865071292,401.2407,585.566,493.4034,0.1333,3.86,0.5438,821,28.143333333333334
201.59248990264032,384.4366,586.0272,485.2319,0.1,1.1059,0.5989,822,28.17666666666667,201.41803110627723,384.9655,586.4159,485.6907,0.0167,1.6559,0.8327,822,28.17666666666667,201.6114709675271,384.6555,586.267,485.4612,0.1167,1.2119,0.6735,822,28.17666666666667,202.74037791644253,384.6603,587.5592,486.1097,0.0,1.4474,1.7118,822,28.17666666666667,184.50300353339526,401.5242,586.0272,493.7757,0.125,3.577,0.5989,822,28.17666666666667
201.45196907064022,384.5627,586.0065,485.2846,0.1,1.0439,0.6756,823,28.21166666666667,201.40697555430168,384.9772,586.4388,485.708,0.0167,1.6677,0.884,823,28.21166666666667,201.59793308375325,384.7173,586.3152,485.5162,0.1167,1.1094,0.6977,823,28.21166666666667,202.69447302700357,384.7216,587.5897,486.1557,0.0,1.4305,1.6669,823,28.21166666666667,184.4983613453201,401.5082,586.0065,493.7573,0.1167,3.5919,0.6756,823,28.21166666666667
201.3778874933445,384.6609,586.0079,485.3344,0.0833,1.311,0.6782,824,28.248333333333335,201.29137162802223,385.0511,586.4339,485.7425,0.0167,1.6605,0.8859,824,28.248333333333335,201.62920902790367,384.6833,586.3125,485.4979,0.1167,1.1095,0.6942,824,28.248333333333335,202.71079183708764,384.7162,587.5874,486.1518,0.0,1.4681,1.6642,824,28.248333333333335,184.9332746648684,401.0746,586.0079,493.5413,0.1167,3.6777,0.6782,824,28.248333333333335
201.30721807841962,384.7477,586.0521,485.3999,0.0917,1.3879,0.6455,825,28.276666666666667,201.20776115894634,385.1372,586.4409,485.7891,0.0167,1.74,0.8971,825,28.276666666666667,201.51989379808674,384.7819,586.3018,485.5419,0.1167,1.2145,0.6877,825,28.276666666666667,202.64138035200088,384.7711,587.5851,486.1781,0.0,1.5219,1.6725,825,28.276666666666667,186.2590612163815,399.793,586.0521,492.9226,0.1,3.6599,0.6455,825,28.276666666666667
201.32954303406459,384.7245,586.0198,485.3721,0.1,1.2368,0.7332,826,28.313333333333336,201.02011880054363,385.1155,585.9883,485.5519,0.0167,1.7142,0.7606,826,28.313333333333336,201.52480161840813,384.7761,586.3009,485.5385,0.1167,1.2184,0.6873,826,28.313333333333336,202.68416818231992,384.766,587.6152,486.1906,0.0,1.5522,1.6561,826,28.313333333333336,186.22246842709495,399.7973,586.0198,492.9085,0.1083,3.6788,0.7332,826,28.313333333333336
201.1221932255927,384.9167,586.0186,485.4677,0.0917,1.6278,0.7355,827,28.343333333333334,200.86644512363105,385.2947,585.9895,485.6421,0.0083,1.8946,0.7671,827,28.343333333333334,201.46157017002685,384.8406,586.3021,485.5714,0.1167,1.0199,0.6877,827,28.343333333333334,202.64033548624553,384.7964,587.6162,486.2063,0.0,1.4442,1.6584,827,28.343333333333334,186.1911644262127,399.8275,586.0186,492.9231,0.1083,3.6712,0.7355,827,28.343333333333334
201.0551690498096,384.9857,586.0311,485.5084,0.0667,1.8253,0.8082,828,28.37666666666667,200.93183397951174,385.2521,586.0831,485.6676,0.0083,1.9227,0.7727,828,28.37666666666667,201.76097917597016,384.8506,586.6137,485.7322,0.125,1.0515,0.8462,828,28.37666666666667,202.60697629416768,384.7385,587.5787,486.1586,0.0,1.3827,1.7213,828,28.37666666666667,184.56837927533928,401.4627,586.0311,493.7469,0.125,3.4249,0.8082,828,28.37666666666667
200.5847524232086,384.86,585.4448,485.1524,0.1083,1.0995,0.5749,829,28.415000000000003,200.6914809079604,385.1561,585.5306,485.3433,0.0,1.7817,0.604,829,28.415000000000003,201.1542812369876,384.8155,585.9698,485.3927,0.1167,1.1998,0.7072,829,28.415000000000003,202.48825165827427,384.6656,587.3926,486.0291,0.0,1.516,1.8173,829,28.415000000000003,187.76320906162144,397.6816,585.4448,491.5632,0.0833,6.1686,0.5749,829,28.415000000000003
200.5561813485147,385.0831,585.3103,485.1967,0.0833,1.7938,0.5143,830,28.44666666666667,200.8367581681043,385.3031,586.1732,485.7381,0.0083,1.9692,0.8503,830,28.44666666666667,201.70611614457547,384.546,586.2704,485.4082,0.1167,1.2799,0.4836,830,28.44666666666667,202.5582753050347,384.7663,587.4289,486.0976,0.0,1.4535,1.7038,830,28.44666666666667,183.24928943465358,402.5169,585.7662,494.1415,0.125,2.5811,0.5204,830,28.44666666666667
200.71045671982247,385.0035,585.3502,485.1769,0.075,1.7973,0.5607,831,28.47666666666667,200.82156772143026,385.2347,586.0398,485.6372,0.0083,1.8684,0.6498,831,28.47666666666667,201.70760581968375,384.547,586.2712,485.4091,0.1167,1.2799,0.4782,831,28.47666666666667,202.55950298217223,384.7672,587.4308,486.099,0.0,1.481,1.7148,831,28.47666666666667,183.39198528157561,402.4318,585.8237,494.1277,0.125,2.5153,0.5148,831,28.47666666666667
200.84531187084497,384.9473,585.3613,485.1543,0.0667,1.871,0.5324,832,28.523333333333333,200.82221990087237,385.2399,586.0466,485.6433,0.0083,1.8968,0.6313,832,28.523333333333333,201.70426496881132,384.5506,586.2692,485.4099,0.1167,1.3022,0.4863,832,28.523333333333333,202.5540656438554,384.7678,587.4272,486.0975,0.0,1.4342,1.7014,832,28.523333333333333,183.9619560355257,401.9053,585.8673,493.8863,0.1167,3.1854,0.5441,832,28.523333333333333
200.89901598660077,384.9667,585.8672,485.417,0.0583,1.9257,0.5412,833,28.543333333333337,200.82966403020805,385.2587,586.0181,485.6384,0.0,1.9598,0.5769,833,28.543333333333337,201.2227387630531,384.5598,585.7826,485.1712,0.1333,1.3463,0.5039,833,28.543333333333337,202.5520719697191,384.7793,587.421,486.1001,0.0,1.3982,1.6782,833,28.543333333333337,183.71663043853945,402.1506,585.8672,494.0089,0.1417,2.9957,0.5412,833,28.543333333333337
200.96390682459173,385.0501,585.8373,485.4437,0.0333,1.8584,0.6561,834,28.573333333333334,200.8554184407948,385.2719,586.1292,485.7005,0.0083,1.9039,0.6696,834,28.573333333333334,201.73203071868136,384.6211,586.3531,485.4871,0.1167,1.1953,0.6034,834,28.573333333333334,202.6882842616757,384.8354,587.614,486.2247,0.0,1.2491,1.6749,834,28.573333333333334,183.73213052863923,402.1447,585.8768,494.0107,0.1167,2.9691,0.6193,834,28.573333333333334
200.74910301006946,385.1656,585.8252,485.4954,0.0417,1.7933,0.5734,835,28.62,200.71506542893923,385.3874,586.0793,485.7334,0.0,1.9765,0.6423,835,28.62,201.52761336409085,384.7197,586.2473,485.4835,0.1167,1.1476,0.6949,835,28.62,202.6354579400481,384.7927,587.5436,486.1682,0.0,1.2736,1.6998,835,28.62,183.7403617344947,402.0848,585.8252,493.955,0.1083,2.9797,0.5734,835,28.62
200.83221053260715,385.2579,585.8705,485.5642,0.05,1.681,0.6234,836,28.643333333333334,200.82968138353795,385.4171,586.1205,485.7688,0.0,1.9127,0.7794,836,28.643333333333334,201.7338839853988,384.7258,586.315,485.5204,0.0917,1.2314,0.7765,836,28.643333333333334,202.65109960278795,384.8805,587.6486,486.2646,0.0,1.2983,1.722,836,28.643333333333334,183.77792950337252,402.0926,585.8705,493.9815,0.1083,3.118,0.6234,836,28.643333333333334
200.79812115629375,385.269,585.877,485.573,0.0417,1.8943,0.616,837,28.67666666666667,200.76314064696982,385.485,586.1264,485.8057,0.0,2.2139,0.8092,837,28.67666666666667,201.67219368626175,384.7851,586.3156,485.5504,0.0917,1.4395,0.768,837,28.67666666666667,202.5919594704564,384.9383,587.647,486.2926,0.0,1.4294,1.7239,837,28.67666666666667,183.75508816234944,402.1219,585.877,493.9995,0.1167,3.1209,0.616,837,28.67666666666667
200.7424517364538,385.3979,585.8656,485.6318,0.05,1.7567,0.633,838,28.723333333333336,200.76593401411967,385.496,586.1347,485.8153,0.0,2.0795,0.7303,838,28.723333333333336,201.6863843915848,384.8377,586.3241,485.5809,0.0917,1.5525,0.6942,838,28.723333333333336,202.5801142079299,384.9883,587.6626,486.3254,0.0,1.5734,1.7435,838,28.723333333333336,183.83100535739874,402.0346,585.8656,493.9501,0.1167,3.2153,0.633,838,28.723333333333336
200.9005256063626,385.2064,585.8947,485.5506,0.025,1.979,0.6108,839,28.743333333333336,200.780114566218,385.5041,586.1647,485.8344,0.0,2.015,0.7284,839,28.743333333333336,201.86805360262804,384.8376,586.8856,485.8616,0.0917,1.5541,0.9265,839,28.743333333333336,202.59896618328472,384.9859,587.6811,486.3335,0.0,1.5946,1.6891,839,28.743333333333336,183.78967761856543,402.105,585.8947,493.9998,0.1083,3.2391,0.6108,839,28.743333333333336
200.71760496240321,385.3327,586.014,485.6733,0.0667,2.1126,0.6887,840,28.78166666666667,200.496947440026,385.5714,585.9962,485.7838,0.0083,2.2343,0.796,840,28.78166666666667,201.22960229480472,385.2089,586.4385,485.8237,0.1167,0.9566,0.6644,840,28.78166666666667,202.6554198407886,384.8762,587.7067,486.2915,0.0,1.1112,1.5738,840,28.78166666666667,182.36645099490215,403.6475,586.014,494.8307,0.1333,2.1571,0.6887,840,28.78166666666667
200.3920981189178,385.5874,585.8824,485.7349,0.075,2.2639,0.6731,841,28.82166666666667,200.35925001243328,385.691,585.9635,485.8273,0.0083,2.2925,0.7783,841,28.82166666666667,201.2022149934607,385.214,586.4162,485.8151,0.1167,0.9563,0.698,841,28.82166666666667,202.64000505235063,384.878,587.6924,486.2852,0.0,1.1432,1.5719,841,28.82166666666667,181.96189095925925,403.9205,585.8824,494.9015,0.15,1.8194,0.6731,841,28.82166666666667
200.21028811218795,385.7159,585.8437,485.7798,0.0667,2.2696,0.6699,842,28.843333333333334,200.32863453741405,385.7159,585.9644,485.8401,0.0167,2.2696,0.7777,842,28.843333333333334,201.27940609609428,385.2469,586.5263,485.8866,0.1167,0.8888,0.5969,842,28.843333333333334,202.65931428671988,384.8889,587.7337,486.3113,0.0,1.1255,1.6353,842,28.843333333333334,181.9999966493352,403.8437,585.8437,494.8437,0.1333,2.2252,0.6699,842,28.843333333333334
200.26254666110148,385.642,585.8479,485.745,0.0667,2.5765,0.6167,843,28.87666666666667,200.37927197986022,385.642,585.9692,485.8056,0.0167,2.5765,0.7861,843,28.87666666666667,201.28293897556995,385.2386,586.5215,485.88,0.1167,0.9258,0.6003,843,28.87666666666667,202.65637009421272,384.889,587.7283,486.3087,0.0,1.1125,1.6325,843,28.87666666666667,182.14637217498594,403.7016,585.8479,494.7747,0.125,2.3711,0.6167,843,28.87666666666667
200.1929233842951,385.7353,585.8556,485.7954,0.0667,2.3366,0.6513,844,28.91,200.31176523764535,385.7353,585.976,485.8557,0.0167,2.3366,0.8143,844,28.91,201.27984043755364,385.2411,586.521,485.881,0.1167,0.9244,0.6008,844,28.91,202.63436655229455,384.888,587.7062,486.2971,0.0,1.1081,1.631,844,28.91,182.2609757076385,403.5946,585.8556,494.7251,0.1333,2.2481,0.6513,844,28.91
200.1897121717601,385.7418,585.8662,485.804,0.0667,2.3663,0.6228,845,28.943333333333335,200.30930416618884,385.7418,585.9876,485.8647,0.0167,2.3663,0.8343,845,28.943333333333335,201.28824539789065,385.2366,586.5248,485.8807,0.1333,0.8627,0.7092,845,28.943333333333335,202.65907171384868,384.8894,587.7304,486.3099,0.0,1.1131,1.697,845,28.943333333333335,182.31816806205975,403.548,585.8662,494.7071,0.125,2.4029,0.6228,845,28.943333333333335
200.19002450852568,385.7384,585.863,485.8007,0.0667,2.364,0.6349,846,28.97666666666667,200.31003050729868,385.7384,585.9853,485.8618,0.0167,2.364,0.8339,846,28.97666666666667,201.28683716893434,385.238,586.5248,485.8814,0.1167,0.9336,0.7092,846,28.97666666666667,202.65985508973384,384.8879,587.7304,486.3092,0.0,1.0835,1.697,846,28.97666666666667,182.31650097951191,403.5465,585.863,494.7047,0.125,2.4017,0.6349,846,28.97666666666667
200.22485102464483,385.7044,585.8662,485.7853,0.0667,2.6007,0.6188,847,29.01,200.34155498467365,385.7044,585.986,485.8452,0.0167,2.6007,0.8358,847,29.01,201.29479065432258,385.2301,586.5248,485.8774,0.1333,0.8537,0.7092,847,29.01,202.6641413930339,384.8868,587.7304,486.3086,0.0,1.1031,1.697,847,29.01,182.29336845244632,403.5728,585.8662,494.7195,0.125,2.4369,0.6188,847,29.01
200.22740787170434,385.7024,585.8672,485.7848,0.0667,2.6039,0.6461,848,29.043333333333337,200.3437820379434,385.7024,585.9875,485.8449,0.0167,2.6039,0.8781,848,29.043333333333337,201.20709587875677,385.2254,586.4325,485.829,0.1417,0.8474,0.6839,848,29.043333333333337,202.65487458871624,384.8885,587.7265,486.3075,0.0,1.0957,1.7036,848,29.043333333333337,182.29158211779205,403.5757,585.8672,494.7215,0.125,2.4186,0.6461,848,29.043333333333337
200.0638290841588,385.7003,585.5808,485.6405,0.0833,2.6019,0.5547,849,29.076666666666668,200.23266962344698,385.7003,585.8087,485.7545,0.0167,2.6019,0.7766,849,29.076666666666668,201.20423226290018,385.2277,586.432,485.8299,0.1417,0.8495,0.6849,849,29.076666666666668,202.63185614251333,384.8896,587.7046,486.2971,0.0,1.0946,1.6826,849,29.076666666666668,181.72029429960278,403.7489,585.5808,494.6648,0.15,2.1072,0.5547,849,29.076666666666668
201.55409965705758,384.5851,585.6481,485.1166,0.075,1.3282,0.6833,850,29.115000000000002,200.7859803629385,385.354,585.7544,485.5542,0.0083,1.9801,0.7592,850,29.115000000000002,201.67439264180211,384.9077,586.5821,485.7449,0.1083,1.2389,0.6108,850,29.115000000000002,202.6495086342616,384.9778,587.8403,486.4091,0.0,1.1721,1.6644,850,29.115000000000002,181.9370061613794,403.7111,585.6481,494.6796,0.125,3.3714,0.6833,850,29.115000000000002
201.55157398803834,384.585,585.6446,485.1148,0.075,1.2743,0.7028,851,29.143333333333334,200.793672105276,385.3539,585.7516,485.5527,0.0083,2.0033,0.7445,851,29.143333333333334,201.6851135223364,384.898,586.5832,485.7406,0.1083,1.2414,0.6106,851,29.143333333333334,202.65381490872807,384.9776,587.8401,486.4089,0.0,1.1687,1.6673,851,29.143333333333334,181.92767051687673,403.717,585.6446,494.6808,0.125,3.3684,0.7028,851,29.143333333333334
201.55899076580653,384.5823,585.6746,485.1284,0.0833,1.2427,0.6555,852,29.17666666666667,200.79210018970375,385.3519,585.7549,485.5534,0.0083,1.9502,0.7531,852,29.17666666666667,201.60528996462028,384.971,586.5763,485.7737,0.1167,1.2108,0.6112,852,29.17666666666667,202.64014595675462,384.983,587.8368,486.4099,0.0,1.1352,1.6282,852,29.17666666666667,181.9631591556791,403.7114,585.6746,494.693,0.1333,3.3736,0.6555,852,29.17666666666667
201.47971791346683,384.6717,585.7396,485.2056,0.0667,1.5376,0.721,853,29.21,200.65043057740823,385.3979,585.7457,485.5718,0.0083,2.165,0.7385,853,29.21,201.61942332006262,384.9608,586.5803,485.7705,0.1167,1.0996,0.6297,853,29.21,202.61880525322476,385.0207,587.838,486.4293,0.0,1.2783,1.6015,853,29.21,182.09794642757254,403.6417,585.7396,494.6906,0.125,3.0987,0.721,853,29.21
201.54961656551052,384.5891,585.6784,485.1338,0.0833,1.3031,0.6594,854,29.243333333333336,200.78272483145656,385.3574,585.7582,485.5578,0.0083,1.9377,0.7349,854,29.243333333333336,201.6350165716674,384.9432,586.5782,485.7607,0.1167,1.1923,0.6222,854,29.243333333333336,202.62727262554725,385.0146,587.8387,486.4267,0.0,1.3428,1.6034,854,29.243333333333336,181.96029779861098,403.7181,585.6784,494.6983,0.1333,3.3644,0.6594,854,29.243333333333336
201.34271115516017,384.6959,585.6812,485.1885,0.0833,1.1161,0.6532,855,29.276666666666667,200.94691464346872,385.2069,585.7538,485.4803,0.0083,1.8661,0.7252,855,29.276666666666667,201.6556620201946,384.9254,586.581,485.7532,0.1083,1.105,0.6109,855,29.276666666666667,202.6331979731322,384.9999,587.8387,486.4193,0.0,1.1948,1.6037,855,29.276666666666667,181.95884644326685,403.7223,585.6812,494.7017,0.1333,3.3714,0.6532,855,29.276666666666667
201.29711009131057,384.8323,585.74,485.2862,0.0667,1.4073,0.7398,856,29.310000000000002,200.83441616613604,385.4099,586.1546,485.7822,0.0083,1.9237,0.8502,856,29.310000000000002,201.56887001470054,385.0156,586.5845,485.8,0.1083,1.0468,0.6374,856,29.310000000000002,202.69590443004918,384.933,587.851,486.392,0.0,1.3414,1.6648,856,29.310000000000002,182.50948470533365,403.2306,585.74,494.4853,0.1083,3.3134,0.7398,856,29.310000000000002
201.62215507429818,384.4981,585.7877,485.1429,0.1083,1.1487,0.6747,857,29.343333333333334,200.7286824681182,385.4165,586.0127,485.7146,0.0167,1.9101,0.8105,857,29.343333333333334,201.5684020209652,385.0243,586.5927,485.8085,0.1083,1.0423,0.6363,857,29.343333333333334,202.69411786019984,384.9339,587.8551,486.3945,0.0,1.3414,1.6611,857,29.343333333333334,182.4874236348673,403.2412,585.7287,494.485,0.1333,3.2792,0.6946,857,29.343333333333334
201.60745640184794,384.5057,585.7648,485.1352,0.1167,1.184,0.6698,858,29.37666666666667,200.81098478494806,385.4192,586.2319,485.8256,0.0167,1.9084,0.9196,858,29.37666666666667,201.56919202169541,385.025,586.5942,485.8096,0.1083,1.0448,0.6362,858,29.37666666666667,202.68985994668955,384.9448,587.856,486.4004,0.0,1.3028,1.661,858,29.37666666666667,182.3969711369082,403.2711,585.6681,494.4696,0.1333,3.1802,0.6442,858,29.37666666666667
201.36492974370842,384.6626,585.7652,485.2139,0.125,1.3855,0.6638,859,29.41,200.75691005047148,385.4754,586.2326,485.854,0.0167,1.8539,0.9222,859,29.41,201.55225383360442,385.0419,586.5942,485.818,0.1167,1.0763,0.6362,859,29.41,202.66897469475262,384.9775,587.856,486.4167,0.0,1.2332,1.661,859,29.41,182.05348785269842,403.6154,585.6689,494.6422,0.1333,3.0358,0.6498,859,29.41
201.34786865810926,384.908,586.0147,485.4613,0.0667,1.3554,0.672,860,29.448333333333334,201.28495392710437,385.3712,586.713,486.0421,0.0,1.7201,0.9881,860,29.448333333333334,201.8669630546818,384.9414,586.9526,485.947,0.1,1.0385,0.8088,860,29.448333333333334,202.85363104709694,384.9361,587.9777,486.4569,0.0,1.1641,1.8293,860,29.448333333333334,183.26110694769267,402.5081,586.0147,494.2614,0.1583,2.9729,0.672,860,29.448333333333334
201.39961680695032,384.8093,585.9909,485.4001,0.0833,1.3115,0.6145,861,29.47666666666667,201.19283136829876,385.377,586.5837,485.9803,0.0,1.6187,0.9693,861,29.47666666666667,201.85310256995888,384.9359,586.956,485.946,0.1,0.972,0.7962,861,29.47666666666667,202.85013473767566,384.9436,587.9775,486.4605,0.0,1.118,1.8489,861,29.47666666666667,182.67878321685356,403.3121,585.9909,494.6515,0.175,3.3019,0.6145,861,29.47666666666667
201.46228340353343,384.7753,586.0875,485.4314,0.0833,1.2953,0.6865,862,29.523333333333337,201.30459284545762,385.3497,586.7136,486.0316,0.0,1.7188,0.9677,862,29.523333333333337,201.86279978861612,384.9278,586.9564,485.9421,0.1,0.9313,0.8108,862,29.523333333333337,202.85780484786142,384.9362,587.9783,486.4572,0.0,1.0815,1.846,862,29.523333333333337,182.27330096243927,403.8142,586.0875,494.9508,0.175,3.0399,0.6865,862,29.523333333333337
201.47099838944774,384.7743,586.1706,485.4725,0.0833,1.3072,0.7129,863,29.543333333333337,201.219215369426,385.3443,586.574,485.9591,0.0,1.7301,0.9793,863,29.543333333333337,201.8478391588424,384.9212,586.9113,485.9163,0.1,0.9734,0.8196,863,29.543333333333337,202.83538223574632,384.9355,587.9461,486.4408,0.0,1.14,1.8478,863,29.543333333333337,182.2243830451333,403.9462,586.1706,495.0584,0.175,2.8315,0.7129,863,29.543333333333337
201.4672901565223,384.798,586.1975,485.4977,0.075,1.3632,0.7526,864,29.576666666666668,201.28464210274515,385.3727,586.7148,486.0438,0.0,1.6119,0.9799,864,29.576666666666668,201.84409399122927,384.932,586.9135,485.9227,0.1,0.9619,0.8176,864,29.576666666666668,202.8307285473537,384.9401,587.9482,486.4442,0.0,1.0806,1.851,864,29.576666666666668,186.49506164948713,399.7024,586.1975,492.9499,0.1167,5.2962,0.7526,864,29.576666666666668
201.51576301185716,384.7841,586.1476,485.4659,0.0833,1.4159,0.7907,865,29.610000000000003,201.17779451390425,385.3699,586.5886,485.9792,0.0083,1.6085,0.9871,865,29.610000000000003,201.83993675438163,384.9354,586.912,485.9237,0.1,0.9884,0.8172,865,29.610000000000003,202.82014827120605,384.9431,587.9433,486.4432,0.0,1.1219,1.8569,865,29.610000000000003,183.28458270334502,402.8631,586.1476,494.5054,0.1583,3.2567,0.7907,865,29.610000000000003
201.52340630938713,384.7756,586.168,485.4718,0.075,1.3936,0.775,866,29.645000000000003,201.19964122690214,385.3464,586.5987,485.9725,0.0,1.6061,0.9888,866,29.645000000000003,201.86389830109235,384.917,586.9027,485.9098,0.1,0.9581,0.7898,866,29.645000000000003,202.84214414572872,384.9133,587.9406,486.4269,0.0,1.1368,1.8381,866,29.645000000000003,183.3465456065097,402.4123,586.168,494.2901,0.15,3.4878,0.775,866,29.645000000000003
201.52149584559183,384.7831,586.1718,485.4774,0.075,1.3543,0.7865,867,29.67666666666667,201.20259711869048,385.3503,586.6034,485.9768,0.0,1.5719,0.9908,867,29.67666666666667,201.8648469190063,384.9243,586.9025,485.9134,0.1,0.9947,0.7896,867,29.67666666666667,202.84232493457108,384.9119,587.9401,486.426,0.0,1.1352,1.8407,867,29.67666666666667,188.85861712394262,396.943,586.1718,491.5574,0.125,7.2649,0.7865,867,29.67666666666667
201.45158260580686,384.7827,586.0362,485.4095,0.075,1.2823,0.7447,868,29.71,201.24341435280522,385.3529,586.631,485.9919,0.0,1.569,0.9709,868,29.71,201.82041197642886,384.9222,586.8621,485.8922,0.1,0.9535,0.7123,868,29.71,202.80599173874245,384.9121,587.9042,486.4082,0.0,1.1317,1.9158,868,29.71,187.74870795424826,398.2875,586.0362,492.1618,0.0833,7.5755,0.7447,868,29.71
201.44897020026917,384.7835,586.0281,485.4058,0.075,1.3268,0.7344,869,29.746666666666673,201.24363645766408,385.3495,586.6294,485.9895,0.0,1.5785,0.9795,869,29.746666666666673,201.8843700592364,384.9178,586.9703,485.944,0.0917,0.9689,0.9091,869,29.746666666666673,202.8006275498119,384.9122,587.8936,486.4029,0.0,1.1329,1.932,869,29.746666666666673,187.7408146670958,398.2872,586.0281,492.1576,0.0833,7.5136,0.7344,869,29.746666666666673
201.34335580763022,384.8461,586.0635,485.4548,0.0667,1.448,0.6957,870,29.78166666666667,201.0934803693808,385.2784,586.3351,485.8068,0.0,1.6015,0.7449,870,29.78166666666667,201.25370551042363,384.8889,586.0558,485.4723,0.1167,1.2763,0.646,870,29.78166666666667,202.56435727122846,384.9364,587.7149,486.3256,0.0,1.2783,1.7963,870,29.78166666666667,183.05150705627372,403.012,586.0635,494.5377,0.1667,4.0433,0.6957,870,29.78166666666667
201.3738688000924,384.8375,586.203,485.5202,0.0583,1.3403,0.8278,871,29.810000000000002,201.10263487262975,385.2723,586.3522,485.8123,0.0,1.5735,0.778,871,29.810000000000002,201.34023272101697,384.8878,586.0769,485.4824,0.1083,1.4681,0.6388,871,29.810000000000002,202.47045777489586,385.0383,587.7095,486.3739,0.0,1.407,1.806,871,29.810000000000002,182.9758438559797,403.2271,586.203,494.715,0.1667,3.7829,0.8278,871,29.810000000000002
201.2938595448549,384.8652,585.9942,485.4297,0.0917,1.3239,0.733,872,29.848333333333336,200.878646474412,385.3919,586.1348,485.7633,0.0,1.4239,0.7518,872,29.848333333333336,201.30917374092476,384.8879,586.0524,485.4701,0.1083,1.3726,0.6569,872,29.848333333333336,202.41105747271519,385.0377,587.6424,486.34,0.0,1.4046,1.7422,872,29.848333333333336,183.4884820531846,402.5057,585.9942,494.25,0.175,4.3311,0.733,872,29.848333333333336
201.25114472028554,384.8476,586.0988,485.4732,0.075,1.2635,0.8531,873,29.87666666666667,201.19345882368896,385.2821,586.4761,485.8791,0.0,1.5674,1.0182,873,29.87666666666667,201.39655983276188,384.891,586.1511,485.521,0.1,1.4422,0.6525,873,29.87666666666667,202.38365587007536,385.0412,587.6246,486.3329,0.0,1.42,1.7637,873,29.87666666666667,183.43735869868402,402.7376,586.0988,494.4182,0.125,3.693,0.8531,873,29.87666666666667
201.19982653549837,384.822,586.0242,485.4231,0.1,1.2708,0.8411,874,29.910000000000004,200.89183975689426,385.4306,586.3545,485.8926,0.0,1.7146,0.9815,874,29.910000000000004,201.63436642337547,384.8467,586.3767,485.6117,0.1,1.546,0.6925,874,29.910000000000004,202.49799948775197,384.9991,587.6839,486.3415,0.0,1.5018,1.6858,874,29.910000000000004,186.23447481800994,399.9064,586.0242,492.9653,0.1417,5.2703,0.8411,874,29.910000000000004
201.18008625861194,384.8414,586.0266,485.434,0.1083,1.2822,0.7701,875,29.951666666666668,200.9002197212294,385.4225,586.3531,485.8878,0.0,1.6904,0.9924,875,29.951666666666668,201.64230747306578,384.8396,586.3779,485.6088,0.1,1.5314,0.7024,875,29.951666666666668,202.5051648819081,384.9922,587.6841,486.3381,0.0,1.4812,1.6863,875,29.951666666666668,184.23776748373402,401.9038,586.0266,493.9652,0.1417,3.3475,0.7701,875,29.951666666666668
201.33774078306388,384.9045,586.118,485.5113,0.0833,1.2024,0.7503,876,29.97666666666667,200.9313283098973,385.2849,586.1336,485.7093,0.0,1.4533,0.795,876,29.97666666666667,201.65851421349348,384.9049,586.6893,485.7971,0.0917,1.2866,0.7255,876,29.97666666666667,202.58264103015733,384.9339,587.7096,486.3218,0.0,1.3003,1.7517,876,29.97666666666667,189.0556927388553,397.0623,586.118,491.5902,0.0917,5.7938,0.7503,876,29.97666666666667
200.7407801729492,384.8871,585.5248,485.206,0.125,1.2723,0.6261,877,30.01,200.91157023826233,385.4349,586.3908,485.9128,0.0,1.5554,0.9576,877,30.01,201.66099417227204,384.9041,586.69,485.7971,0.0917,1.273,0.7635,877,30.01,202.5833321359604,384.9333,587.7107,486.322,0.0,1.3197,1.7574,877,30.01,183.83079004120418,401.6733,585.5248,493.5991,0.1583,4.4635,0.6261,877,30.01
201.28416999676998,384.9169,586.1254,485.5211,0.0917,1.1109,0.8705,878,30.053333333333335,201.11565647141038,385.2887,586.4087,485.8487,0.0,1.4468,1.0017,878,30.053333333333335,201.6198929280382,384.9291,586.6515,485.7903,0.0833,1.3619,0.6694,878,30.053333333333335,202.5498941896977,384.9453,587.6938,486.3196,0.0,1.3487,1.739,878,30.053333333333335,183.96814695204023,402.1572,586.1254,494.1413,0.15,4.2991,0.8705,878,30.053333333333335
201.20653921316486,384.9197,585.9867,485.4532,0.1,1.1053,0.6929,879,30.076666666666668,201.11365833416903,385.2916,586.4093,485.8505,0.0,1.4427,0.9898,879,30.076666666666668,201.31496463081223,384.9293,586.0695,485.4994,0.1083,1.3617,0.63,879,30.076666666666668,202.57368194532924,384.9455,587.714,486.3298,0.0,1.3474,1.6376,879,30.076666666666668,183.82726273852109,402.1594,585.9867,494.0731,0.1583,4.2983,0.6929,879,30.076666666666668
201.4161143231317,384.7956,586.1482,485.4719,0.0917,1.3477,0.7214,880,30.111666666666668,200.92771837911164,385.4226,586.3501,485.8863,0.0,1.3464,0.8483,880,30.111666666666668,201.8910948621826,384.8889,586.8473,485.8681,0.0667,1.5135,0.7692,880,30.111666666666668,202.86457301461417,384.8889,587.9448,486.4169,0.0,1.5135,1.769,880,30.111666666666668,186.63118812282426,399.517,586.1482,492.8326,0.125,5.9444,0.7214,880,30.111666666666668
201.41847421106155,384.7839,586.1456,485.4647,0.0917,1.4172,0.7233,881,30.153333333333336,200.94582268491226,385.3979,586.3483,485.8731,0.0,1.3911,0.8441,881,30.153333333333336,201.86158656824148,384.8876,586.8019,485.8448,0.0667,1.5532,0.717,881,30.153333333333336,202.8363819829979,384.8876,587.9045,486.396,0.0,1.5532,1.7292,881,30.153333333333336,184.54827364366992,401.5973,586.1456,493.8714,0.1167,3.5242,0.7233,881,30.153333333333336
201.41787034576885,384.7897,586.1525,485.4711,0.0833,1.3434,0.7173,882,30.17666666666667,200.94467746491864,385.4034,586.3557,485.8795,0.0,1.3757,0.8407,882,30.17666666666667,201.85486992588056,384.8977,586.8049,485.8513,0.0667,1.6144,0.7057,882,30.17666666666667,202.83456646188858,384.8977,587.9058,486.4018,0.0,1.6144,1.7371,882,30.17666666666667,184.5528125220186,401.5997,586.1525,493.8761,0.1083,3.53,0.7173,882,30.17666666666667
200.71573927619428,385.3846,586.0569,485.7208,0.0667,1.7056,0.7138,883,30.21,200.69237289573,385.6439,586.3349,485.9894,0.0,1.7496,0.7827,883,30.21,201.7389608644228,384.9068,586.5702,485.7385,0.0833,1.5709,0.642,883,30.21,202.77139374820857,384.9068,587.8672,486.387,0.0,1.5709,1.7576,883,30.21,186.0945351109914,399.9624,586.0569,493.0096,0.1,5.2582,0.7138,883,30.21
200.71751646275885,385.3806,586.0534,485.717,0.0667,1.6761,0.7222,884,30.255000000000003,200.6947871501907,385.6392,586.3322,485.9857,0.0,1.771,0.7897,884,30.255000000000003,201.7234216361129,384.9215,586.5707,485.7461,0.0833,1.6992,0.6382,884,30.255000000000003,202.75043388520817,384.9215,587.867,486.3942,0.0,1.6992,1.755,884,30.255000000000003,186.06940298227957,399.984,586.0534,493.0187,0.0917,5.0291,0.7222,884,30.255000000000003
201.26606831365652,384.9536,586.0555,485.5045,0.0583,1.354,0.722,885,30.276666666666667,200.78271220479564,385.5899,586.3338,485.9619,0.0,1.422,0.7904,885,30.276666666666667,201.72002955130478,384.9247,586.5706,485.7477,0.0833,1.6964,0.6387,885,30.276666666666667,202.74796451360143,384.9247,587.8671,486.3959,0.0,1.6964,1.7549,885,30.276666666666667,186.0978891399679,399.9576,586.0555,493.0065,0.1,5.0436,0.722,885,30.276666666666667
201.27021148741667,384.953,586.053,485.503,0.0583,1.3639,0.7175,886,30.310000000000002,200.78482101301168,385.5892,586.3318,485.9605,0.0,1.4273,0.7814,886,30.310000000000002,201.71991823609426,384.9248,586.5707,485.7478,0.0833,1.6964,0.6382,886,30.310000000000002,202.74838098061977,384.9248,587.8676,486.3962,0.0,1.6964,1.7565,886,30.310000000000002,186.0941771795849,399.9588,586.053,493.0059,0.1,5.0395,0.7175,886,30.310000000000002
201.2681861102061,384.9692,586.0558,485.5125,0.0583,1.3373,0.7017,887,30.343333333333334,200.77615692148242,385.6031,586.3345,485.9688,0.0,1.421,0.7889,887,30.343333333333334,201.72108114637626,384.9245,586.5696,485.747,0.0833,1.6719,0.6536,887,30.343333333333334,202.74831346856558,384.9245,587.8665,486.3955,0.0,1.6719,1.7549,887,30.343333333333334,186.09922055903556,399.9566,586.0558,493.0062,0.1,5.0427,0.7017,887,30.343333333333334
200.68762188593212,385.4138,586.0537,485.7337,0.0667,1.5412,0.7043,888,30.37666666666667,200.6693939384943,385.6717,586.3327,486.0022,0.0,1.7837,0.7849,888,30.37666666666667,201.7217618878522,384.9236,586.5696,485.7466,0.0833,1.6699,0.6536,888,30.37666666666667,202.7504543797739,384.9236,587.8665,486.395,0.0,1.6699,1.7544,888,30.37666666666667,186.70891932433324,399.3448,586.0537,492.6992,0.0917,5.3905,0.7043,888,30.37666666666667
200.77083795936474,385.3363,586.0533,485.6948,0.0833,1.4254,0.6999,889,30.410000000000004,200.6763991935104,385.6628,586.3316,485.9972,0.0,1.4602,0.7795,889,30.410000000000004,201.72241443115962,384.923,586.5695,485.7463,0.0833,1.6659,0.6542,889,30.410000000000004,202.75131836030553,384.923,587.8666,486.3948,0.0,1.6659,1.7548,889,30.410000000000004,184.00535157171146,402.0479,586.0533,494.0506,0.1167,3.6432,0.6999,889,30.410000000000004
200.64167449170807,385.6641,586.1732,485.9187,0.1,2.3327,0.638,890,30.445,200.75194374833023,385.7658,586.6141,486.19,0.0,2.1463,0.9165,890,30.445,201.74090822880788,385.0637,587.0471,486.0554,0.075,1.7402,0.9016,890,30.445,202.782352924931,385.0637,588.0697,486.5667,0.0,1.7402,1.8118,890,30.445,183.6455687591867,402.5276,586.1732,494.3504,0.1667,3.333,0.638,890,30.445
200.6618382005778,385.6038,586.1818,485.8928,0.0583,2.2128,0.6688,891,30.47666666666667,200.87452278666296,385.6661,586.6198,486.143,0.0,2.1063,0.8525,891,30.47666666666667,201.739775063445,385.0659,587.0492,486.0575,0.075,1.7427,0.9002,891,30.47666666666667,202.78006468180814,385.0659,588.0706,486.5682,0.0,1.7427,1.8105,891,30.47666666666667,185.3740630845299,400.8077,586.1818,493.4947,0.1583,4.5997,0.6688,891,30.47666666666667
200.5489847085336,385.6922,586.1664,485.9293,0.05,2.0477,0.6705,892,30.523333333333337,200.91522853002826,385.6163,586.6081,486.1122,0.0,2.1191,0.8854,892,30.523333333333337,201.6379438764684,385.1868,587.0485,486.1177,0.075,1.6065,0.9064,892,30.523333333333337,202.67928291548736,385.1868,588.0676,486.6272,0.0,1.6065,1.8339,892,30.523333333333337,186.97615335804306,399.1903,586.1664,492.6784,0.1333,5.7331,0.6705,892,30.523333333333337
200.5583279386785,385.697,586.0745,485.8857,0.0333,2.1467,0.7367,893,30.543333333333337,200.9070103688307,385.6214,586.6036,486.1125,0.0,2.1668,0.8821,893,30.543333333333337,201.62314083675636,385.1969,587.0481,486.1225,0.075,1.6404,0.9064,893,30.543333333333337,202.66443138514657,385.1969,588.0682,486.6326,0.0,1.6404,1.8346,893,30.543333333333337,184.57328402930222,401.5868,586.1601,493.8735,0.15,4.3698,0.6732,893,30.543333333333337
200.54880208508794,385.7131,586.0657,485.8894,0.0417,1.9606,0.7279,894,30.576666666666668,200.99273226717148,385.6377,586.6619,486.1498,0.0,2.0235,0.9932,894,30.576666666666668,201.61527384475932,385.2014,587.0474,486.1244,0.075,1.6425,0.9065,894,30.576666666666668,202.65603970317417,385.2014,588.0674,486.6344,0.0,1.6425,1.8355,894,30.576666666666668,184.48004226129686,401.5857,586.0657,493.8257,0.1417,4.3723,0.7279,894,30.576666666666668
200.18188443489464,385.9174,586.1282,486.0228,0.0917,2.2503,0.659,895,30.610000000000003,201.13610771505083,385.6756,586.8142,486.2449,0.0,2.2103,1.1876,895,30.610000000000003,201.61561328749116,385.1957,587.043,486.1194,0.075,1.5904,0.8571,895,30.610000000000003,202.6572493601784,385.1957,588.0649,486.6303,0.0,1.5904,1.8286,895,30.610000000000003,184.5620463178914,401.5355,586.0975,493.8165,0.15,3.4318,0.6915,895,30.610000000000003
200.50758317104516,385.6901,586.0778,485.884,0.0583,1.9465,0.6783,896,30.643333333333334,201.20980957571987,385.6134,586.82,486.2167,0.0,2.1475,1.0905,896,30.643333333333334,201.6207808773682,385.196,587.0472,486.1216,0.075,1.5888,0.9063,896,30.643333333333334,202.66202881651589,385.196,588.0681,486.6321,0.0,1.5888,1.8301,896,30.643333333333334,184.47017990034144,401.5784,586.0486,493.8135,0.1417,2.9828,0.6833,896,30.643333333333334
200.54779963916872,385.6956,586.0447,485.8701,0.05,2.005,0.6809,897,30.67666666666667,201.20192298015982,385.6187,586.8175,486.2181,0.0,2.0897,1.0914,897,30.67666666666667,201.62377391042904,385.1936,587.0478,486.1207,0.075,1.5892,0.9062,897,30.67666666666667,202.66513223463363,385.1936,588.0688,486.6312,0.0,1.5892,1.831,897,30.67666666666667,184.45906345665387,401.5857,586.0447,493.8152,0.15,4.2707,0.6809,897,30.67666666666667
200.53051384629524,385.6994,586.1466,485.923,0.0583,2.0057,0.6474,898,30.71,201.09244002451052,385.6235,586.7328,486.1781,0.0,2.0989,1.0371,898,30.71,201.62038570891724,385.1978,587.0478,486.1228,0.075,1.5878,0.9062,898,30.71,202.66186364644926,385.1978,588.0688,486.6333,0.0,1.5878,1.8312,898,30.71,184.53397650975018,401.5831,586.1171,493.8501,0.15,4.2665,0.6926,898,30.71
200.55401805738072,385.6899,586.0772,485.8835,0.0417,1.9264,0.7266,899,30.743333333333336,201.02195703694127,385.6143,586.6618,486.138,0.0,2.1108,0.9934,899,30.743333333333336,201.61993212682347,385.1985,587.0486,486.1235,0.075,1.588,0.9062,899,30.743333333333336,202.66129645609365,385.1985,588.0695,486.634,0.0,1.588,1.831,899,30.743333333333336,184.55446634064688,401.5822,586.1367,493.8594,0.15,4.2196,0.7015,899,30.743333333333336
200.32160336569584,385.6518,585.9734,485.8126,0.1,1.7866,0.7613,900,30.78166666666667,201.20801596431485,385.6167,586.8424,486.2296,0.0167,1.8266,1.0333,900,30.78166666666667,201.23419690813031,385.4401,586.6743,486.0572,0.1333,1.1013,0.6339,900,30.78166666666667,202.54571221109916,385.2295,587.9962,486.6129,0.0,1.3176,1.7368,900,30.78166666666667,184.99866315536653,401.3676,586.3663,493.867,0.1583,3.8618,0.77,900,30.78166666666667
200.2260753521377,385.7542,585.9803,485.8672,0.1083,1.4084,0.7563,901,30.810000000000002,201.20109831880936,385.6307,586.8458,486.2382,0.0167,1.7766,1.0271,901,30.810000000000002,200.94263478584202,385.4393,586.3819,485.9106,0.1417,1.1029,0.6363,901,30.810000000000002,202.46301389581367,385.232,587.9304,486.5812,0.0,1.3057,1.6533,901,30.810000000000002,184.13373589250725,402.2395,586.3732,494.3064,0.1583,3.7806,0.783,901,30.810000000000002
200.57667670072018,385.4015,585.9782,485.6898,0.1,1.5701,0.7722,902,30.843333333333334,201.08763273535718,385.7401,586.8442,486.2921,0.0167,1.9077,1.0433,902,30.843333333333334,201.50776946009898,385.4416,586.9724,486.207,0.125,1.1288,0.7439,902,30.843333333333334,202.54042144365908,385.2417,587.998,486.6199,0.0,1.3381,1.719,902,30.843333333333334,183.65193360187496,402.7207,586.3726,494.5466,0.15,3.1869,0.7902,902,30.843333333333334
200.90789667822176,385.5067,586.3336,485.9201,0.0833,1.4697,0.7356,903,30.87666666666667,201.09508381688067,385.6491,586.7594,486.2043,0.0167,1.7634,0.9495,903,30.87666666666667,200.84923517501812,385.5264,586.3756,485.951,0.1167,1.2678,0.6133,903,30.87666666666667,202.43525526503583,385.2617,587.92,486.5909,0.0,1.3464,1.675,903,30.87666666666667,184.90798527258767,401.4692,586.3772,493.9232,0.1417,3.7821,0.7807,903,30.87666666666667
200.36643474837376,385.7082,586.0746,485.8914,0.1167,1.3093,0.7566,904,30.910000000000004,201.11481503032726,385.7065,586.8405,486.2735,0.0167,1.6261,1.0664,904,30.910000000000004,201.50678107343072,385.4206,586.9703,486.1955,0.125,1.0943,0.7119,904,30.910000000000004,202.54481671861106,385.2449,587.9966,486.6207,0.0,1.3913,1.6935,904,30.910000000000004,183.64192806094172,402.727,586.3689,494.548,0.15,3.0599,0.7953,904,30.910000000000004
200.28454839146016,385.7923,586.0768,485.9346,0.1167,1.2446,0.7566,905,30.943333333333335,201.08590312360178,385.7337,586.8417,486.2877,0.0167,1.674,1.0704,905,30.943333333333335,200.98445635595695,385.5089,586.4933,486.0011,0.1417,0.9732,0.6397,905,30.943333333333335,202.45299515178212,385.2536,587.926,486.5898,0.0,1.3669,1.6633,905,30.943333333333335,183.7109729397224,402.6602,586.3712,494.5157,0.1417,3.2037,0.7953,905,30.943333333333335
200.2683183627819,385.8078,586.0761,485.9419,0.1167,1.2444,0.7405,906,30.97666666666667,201.0727867211593,385.7511,586.8437,486.2974,0.0167,1.6181,1.0762,906,30.97666666666667,201.50731604613162,385.4107,586.9686,486.1897,0.125,1.0173,0.7146,906,30.97666666666667,202.54786725397727,385.2519,587.9977,486.6248,0.0,1.349,1.7052,906,30.97666666666667,183.6365637305399,402.7349,586.3714,494.5531,0.15,3.1091,0.7952,906,30.97666666666667
200.33584421928578,385.7404,586.0763,485.9084,0.1083,1.501,0.7691,907,31.01,201.05468487980522,385.7672,586.8462,486.3067,0.0167,1.9394,1.0747,907,31.01,200.85690982075943,385.5236,586.3806,485.9521,0.15,1.0329,0.6366,907,31.01,202.4470214934311,385.2619,587.9298,486.5959,0.0,1.3131,1.6628,907,31.01,183.5535537142905,402.8189,586.3724,494.5957,0.1583,3.1422,0.7787,907,31.01
200.17945397466465,385.8932,586.0726,485.9829,0.1167,1.207,0.758,908,31.043333333333337,201.03734264869826,385.7885,586.8411,486.3148,0.0167,1.6402,1.0822,908,31.043333333333337,201.4817440343509,385.5156,586.9743,486.245,0.1333,0.9672,0.7009,908,31.043333333333337,202.54695983769275,385.2432,587.9998,486.6215,0.0,1.3118,1.6877,908,31.043333333333337,184.08438235838983,402.284,586.3684,494.3262,0.15,3.8902,0.7986,908,31.043333333333337
201.24147581513114,385.1942,586.0939,485.6441,0.0917,1.7504,0.725,909,31.076666666666668,201.03398967692078,385.7933,586.8491,486.3212,0.0167,1.6715,1.1005,909,31.076666666666668,200.99782570278268,385.522,586.5199,486.0209,0.1417,0.9337,0.6098,909,31.076666666666668,202.45698114043606,385.2489,587.9348,486.5919,0.0,1.3122,1.682,909,31.076666666666668,183.64170193266955,402.752,586.3937,494.5729,0.15,3.0677,0.8263,909,31.076666666666668
201.16637315537406,385.1693,586.1647,485.667,0.075,1.8396,0.6442,910,31.115000000000002,200.87431988642638,385.7917,586.6929,486.2423,0.0083,1.9928,0.8556,910,31.115000000000002,201.5334920845788,384.9479,586.2579,485.6029,0.1,1.5704,0.5464,910,31.115000000000002,202.65633572445597,384.9479,587.7845,486.3662,0.0083,1.5704,1.5224,910,31.115000000000002,183.03980321741255,403.1249,586.1647,494.6448,0.175,3.2633,0.6442,910,31.115000000000002
201.16365546814697,385.1809,586.1884,485.6846,0.0667,1.8369,0.6671,911,31.143333333333334,200.73205411777602,385.801,586.4484,486.1247,0.0083,2.0178,0.8013,911,31.143333333333334,201.5285431561612,384.9512,586.2536,485.6024,0.1,1.5781,0.5365,911,31.143333333333334,202.65112843039574,384.9512,587.7815,486.3664,0.0083,1.5781,1.5314,911,31.143333333333334,182.7789840054847,403.4094,586.1884,494.7989,0.1333,3.3224,0.6671,911,31.143333333333334
201.16832852855063,385.1757,586.1905,485.6831,0.0667,1.8354,0.66,912,31.180000000000003,200.73757849797605,385.7959,586.4501,486.123,0.0083,2.0101,0.8015,912,31.180000000000003,201.5274404040272,384.9515,586.2545,485.603,0.1,1.5742,0.5292,912,31.180000000000003,202.65106496117198,384.9515,587.7817,486.3666,0.0083,1.5742,1.5228,912,31.180000000000003,184.129968263639,402.0606,586.1905,494.1256,0.1083,3.1817,0.66,912,31.180000000000003
201.17202805702573,385.1699,586.1865,485.6782,0.0667,1.8391,0.6499,913,31.21,200.74036485008472,385.7906,586.4461,486.1183,0.0083,2.0129,0.8103,913,31.21,201.52950376100736,384.95,586.2528,485.6014,0.1,1.581,0.5287,913,31.21,202.65338002011583,384.95,587.7817,486.3659,0.0083,1.581,1.5329,913,31.21,184.12603339036022,402.0605,586.1865,494.1235,0.1083,3.2353,0.6499,913,31.21
201.0524710249099,385.1448,585.7,485.4224,0.1,1.8921,0.4393,914,31.243333333333336,201.03035908639018,385.7626,586.8565,486.3095,0.0083,2.0277,1.0351,914,31.243333333333336,201.4898269882258,384.961,586.2497,485.6054,0.1,1.5036,0.4445,914,31.243333333333336,202.6190363621887,384.961,587.7656,486.3633,0.0083,1.5036,1.533,914,31.243333333333336,183.58984825026286,402.072,585.7,493.886,0.1417,3.1682,0.4393,914,31.243333333333336
201.04019698849754,385.1811,586.0184,485.5997,0.0833,1.8704,0.6437,915,31.283333333333335,200.80400395853127,385.806,586.6682,486.2371,0.0083,2.0996,0.8685,915,31.283333333333335,201.66900319856717,384.963,586.4317,485.6973,0.0833,1.5022,0.6213,915,31.283333333333335,202.57058174639354,384.963,587.7258,486.3444,0.0083,1.5022,1.6295,915,31.283333333333335,182.9480906351287,403.0703,586.0184,494.5444,0.1417,2.7419,0.6437,915,31.283333333333335
201.05074102430345,385.1486,586.001,485.5748,0.075,1.935,0.6276,916,31.310000000000002,200.52089443780523,385.7653,586.1088,485.937,0.0083,2.0346,0.7468,916,31.310000000000002,201.82271197191213,384.9599,586.8874,485.9236,0.0917,1.5187,0.7936,916,31.310000000000002,202.52537341157327,384.9599,587.6707,486.3153,0.0083,1.5187,1.4822,916,31.310000000000002,182.25891473014235,403.7421,586.001,494.8715,0.175,1.3235,0.6276,916,31.310000000000002
201.04917555336093,385.0411,585.9915,485.5163,0.075,1.9812,0.6747,917,31.343333333333334,200.56619344818557,385.6633,586.0922,485.8778,0.0083,1.7508,0.7123,917,31.343333333333334,201.46390812209975,384.9162,586.1664,485.5413,0.1,1.4634,0.5949,917,31.343333333333334,202.53351385504033,384.9162,587.6377,486.277,0.0083,1.4634,1.5208,917,31.343333333333334,184.41248220762265,401.579,585.9915,493.7852,0.1333,4.2958,0.6747,917,31.343333333333334
201.2652393765029,384.8701,585.9935,485.4318,0.075,2.0032,0.6687,918,31.385,200.7266437268649,385.5273,586.0939,485.8106,0.0083,1.6901,0.7128,918,31.385,201.5507415416396,384.8133,586.1656,485.4894,0.1083,1.5009,0.5943,918,31.385,202.5183936520357,384.9359,587.6376,486.2867,0.0083,1.4855,1.5212,918,31.385,183.88577403791277,402.1077,585.9935,494.0506,0.1667,3.5142,0.6687,918,31.385
201.28317759442598,384.8373,585.9933,485.4153,0.0667,1.8719,0.6851,919,31.410000000000004,200.84242258292122,385.4937,586.2474,485.8706,0.0083,1.5368,0.6922,919,31.410000000000004,201.53149486062728,384.8242,586.1656,485.4949,0.1083,1.4989,0.5943,919,31.410000000000004,202.50615609474167,384.9464,587.6376,486.292,0.0083,1.4673,1.5212,919,31.410000000000004,183.70315109792043,402.2902,585.9933,494.1417,0.15,3.4169,0.6851,919,31.410000000000004
200.82097697236867,385.2701,585.7308,485.5004,0.0667,1.7137,0.7043,920,31.448333333333334,200.7247588594718,385.6979,586.4482,486.073,0.0083,2.0252,0.7433,920,31.448333333333334,201.7168188160883,384.923,586.7466,485.8348,0.1,1.6951,0.76,920,31.448333333333334,202.53306809382758,385.2013,587.8049,486.5031,0.0,1.713,1.6331,920,31.448333333333334,182.3316065849652,403.3158,585.6474,494.4816,0.15,3.4563,0.6525,920,31.448333333333334
200.8356420896778,385.2687,585.7368,485.5028,0.0667,1.6958,0.7003,921,31.743333333333336,200.734826722585,385.6934,586.454,486.0737,0.0083,2.0477,0.7451,921,31.743333333333336,201.5785056280889,385.0783,586.7475,485.9129,0.0917,1.7143,0.76,921,31.743333333333336,202.5291501783244,385.2078,587.8079,486.5079,0.0,1.7385,1.6728,921,31.743333333333336,182.88701967418268,402.7679,585.6549,494.2114,0.1333,3.1671,0.6643,921,31.743333333333336
200.48991315787347,385.5887,585.7207,485.6547,0.0583,1.916,0.7026,922,31.756666666666668,200.5606559244746,385.8539,586.4376,486.1458,0.0083,2.0804,0.717,922,31.756666666666668,201.4304026981603,385.335,586.8224,486.0787,0.075,1.9112,0.8066,922,31.756666666666668,202.44985811682946,385.335,587.8464,486.5907,0.0,1.9112,1.7424,922,31.756666666666668,182.79545196451326,402.8423,585.6378,494.24,0.15,3.4119,0.6769,922,31.756666666666668
200.77458812940546,385.3279,585.6035,485.4657,0.0917,1.6495,0.5826,923,31.773333333333337,200.67106202897696,385.7399,586.4613,486.1006,0.0167,2.0175,0.6931,923,31.773333333333337,201.72933713286793,385.0547,586.9596,486.0072,0.0917,1.4411,0.8824,923,31.773333333333337,202.49189591303835,385.3247,587.8775,486.6011,0.0,1.7047,1.7534,923,31.773333333333337,182.952061242378,402.8803,585.8323,494.3563,0.1583,3.387,0.6261,923,31.773333333333337
200.1876394977474,385.6435,585.7256,485.6846,0.0833,1.7425,0.6139,924,31.79666666666667,200.6989428813192,385.8201,586.5842,486.2021,0.0083,1.8797,0.9745,924,31.79666666666667,201.46672973897532,385.0601,586.405,485.7325,0.0833,1.6622,0.6046,924,31.79666666666667,202.57751283403297,385.0601,587.8332,486.4466,0.0,1.6622,1.5935,924,31.79666666666667,182.9862909527427,403.0901,586.0764,494.5832,0.1417,2.9437,0.6527,924,31.79666666666667
200.20395121638097,385.638,585.7251,485.6816,0.0917,1.7237,0.6121,925,31.811666666666667,200.43728914098702,386.0793,586.5794,486.3293,0.0083,1.8513,0.9881,925,31.811666666666667,201.46725265116456,385.0611,586.405,485.733,0.0833,1.6343,0.6046,925,31.811666666666667,202.5767476842259,385.0611,587.8332,486.4471,0.0,1.6343,1.5935,925,31.811666666666667,182.57406397408312,403.5032,586.0772,494.7902,0.1333,2.871,0.648,925,31.811666666666667
200.40761275877338,385.4915,585.7347,485.6131,0.0917,1.799,0.6367,926,31.843333333333334,200.61109984191378,385.9408,586.6409,486.2908,0.0083,1.8623,0.8639,926,31.843333333333334,201.29308510102658,385.0604,586.1969,485.6287,0.1,1.7302,0.5618,926,31.843333333333334,202.59736624353994,385.0604,587.847,486.4537,0.0,1.7302,1.5968,926,31.843333333333334,182.91556136147045,403.1646,586.0801,494.6224,0.15,2.7623,0.6404,926,31.843333333333334
200.19808518262195,385.6216,585.7264,485.674,0.1,1.846,0.6282,927,31.87666666666667,200.55311142914,386.0563,586.6872,486.3717,0.0083,1.8931,0.9704,927,31.87666666666667,201.2683510588784,385.0636,586.1887,485.6262,0.1,1.6417,0.5469,927,31.87666666666667,202.58812930658337,385.0636,587.8424,486.453,0.0,1.6417,1.6004,927,31.87666666666667,182.84219432799708,403.1797,586.0219,494.6008,0.1417,3.0916,0.5742,927,31.87666666666667
200.27536147553437,385.6203,585.7291,485.6747,0.0917,1.827,0.547,928,31.910000000000004,200.46754402764384,386.0519,586.5806,486.3162,0.0083,1.8827,0.8881,928,31.910000000000004,201.26770358335884,385.0707,586.2061,485.6384,0.1,1.5947,0.5351,928,31.910000000000004,202.5606207796684,385.0707,587.8322,486.4514,0.0,1.5947,1.6109,928,31.910000000000004,182.50136460434638,403.1716,585.717,494.4443,0.1417,2.9771,0.5463,928,31.910000000000004
200.2331580882053,385.639,585.7213,485.6802,0.0917,1.8075,0.5562,929,31.943333333333335,200.77631436753302,385.803,586.6162,486.2096,0.0083,1.9126,1.0559,929,31.943333333333335,201.2714388987413,385.0663,586.2082,485.6372,0.1,1.5913,0.5533,929,31.943333333333335,202.56390966037708,385.0663,587.8323,486.4493,0.0,1.5913,1.6107,929,31.943333333333335,183.32286201449887,402.6854,586.0083,494.3468,0.1333,3.2037,0.6339,929,31.943333333333335
200.2417012453356,385.6452,585.7303,485.6877,0.0833,1.816,0.5501,930,31.97666666666667,200.70818632943508,385.8113,586.5807,486.196,0.0083,1.9725,0.921,930,31.97666666666667,201.27411012789256,385.0662,586.2102,485.6382,0.1,1.5917,0.5554,930,31.97666666666667,202.56397321841024,385.0662,587.8322,486.4492,0.0,1.5917,1.6105,930,31.97666666666667,182.9452417108297,402.729,585.7167,494.2229,0.1417,3.1634,0.5556,930,31.97666666666667
200.21402666236904,385.6444,585.7203,485.6823,0.0917,1.8138,0.5499,931,32.010000000000005,200.76616347851737,385.8114,586.6149,486.2131,0.0083,1.9743,1.042,931,32.010000000000005,201.48968635639727,385.0657,586.4255,485.7456,0.0833,1.5914,0.5746,931,32.010000000000005,202.56731895089274,385.0657,587.8355,486.4506,0.0,1.5914,1.6096,931,32.010000000000005,182.97010520953776,402.7261,585.7204,494.2233,0.1417,3.16,0.5524,931,32.010000000000005
200.9628785428983,385.1724,585.7222,485.4473,0.0833,1.7817,0.5546,932,32.04333333333334,200.8467970245839,385.5955,586.5342,486.0649,0.0083,1.8995,0.9088,932,32.04333333333334,201.49418672255283,385.0655,586.4298,485.7477,0.0833,1.5914,0.5719,932,32.04333333333334,202.56693302438848,385.0655,587.8357,486.4506,0.0,1.5914,1.6076,932,32.04333333333334,183.41123859972654,402.7263,586.1375,494.4319,0.1333,3.1602,0.6803,932,32.04333333333334
200.91367013817478,385.2801,585.7351,485.5076,0.075,1.9742,0.5595,933,32.07666666666667,200.69154445720093,385.6945,586.4373,486.0659,0.0083,1.9777,0.8462,933,32.07666666666667,201.49871434476105,385.0655,586.4344,485.7499,0.0833,1.5914,0.5841,933,32.07666666666667,202.56883978707444,385.0655,587.8376,486.4516,0.0,1.5914,1.608,933,32.07666666666667,183.4244008888461,402.7286,586.153,494.4408,0.1333,3.1688,0.7161,933,32.07666666666667
201.05503929977013,385.151,585.7771,485.464,0.1167,1.32,0.6425,934,32.115,200.4695620141779,385.9906,586.4265,486.2085,0.0167,2.1234,0.7681,934,32.115,201.94609797970256,384.9814,587.1194,486.0504,0.075,1.3259,0.9853,934,32.115,202.86550222841248,384.9996,588.0218,486.5107,0.0,1.3932,1.8816,934,32.115,183.60508048603188,402.6129,586.218,494.4155,0.125,2.6446,0.7979,934,32.115
201.08664091998975,385.1812,586.2292,485.7052,0.0667,1.3827,0.8153,935,32.14333333333334,200.87566113071696,385.5827,586.4358,486.0093,0.0083,1.5216,0.7568,935,32.14333333333334,202.0114623056801,384.9769,587.1457,486.0613,0.075,1.3188,0.9448,935,32.14333333333334,202.73154327417896,385.1181,588.0272,486.5726,0.0,1.3471,1.8677,935,32.14333333333334,184.73071356414084,401.4985,586.2292,493.8639,0.1083,4.317,0.8153,935,32.14333333333334
201.1505394575342,385.0426,585.7819,485.4123,0.1083,1.2425,0.6177,936,32.17666666666667,200.87248027966731,385.5822,586.4389,486.0105,0.0167,1.5108,0.8012,936,32.17666666666667,201.9885585763127,385.0087,587.1476,486.0781,0.0667,1.4224,0.9981,936,32.17666666666667,202.7125629739505,385.1365,588.0307,486.5836,0.0,1.379,1.8713,936,32.17666666666667,184.73508858002052,401.4958,586.2309,493.8634,0.1083,4.3083,0.8204,936,32.17666666666667
201.23776282619315,385.0422,586.2295,485.6359,0.075,1.2242,0.7885,937,32.21,200.87348166975917,385.5816,586.4395,486.0106,0.0083,1.5134,0.7835,937,32.21,201.98733908734363,384.9982,587.1441,486.0712,0.075,1.3855,0.9942,937,32.21,202.7055963156892,385.1382,588.0265,486.5824,0.0,1.4114,1.8676,937,32.21,184.43285535179342,401.7967,586.2295,494.0131,0.1,3.6122,0.7885,937,32.21
201.0265244280112,385.1524,585.7835,485.4679,0.1167,1.356,0.6319,938,32.24333333333333,200.48840972714913,385.9833,586.4336,486.2085,0.0167,2.1298,0.7807,938,32.24333333333333,201.8178196183251,385.0172,587.0019,486.0096,0.075,1.4455,0.9815,938,32.24333333333333,202.62098094167894,385.1443,587.9302,486.5373,0.0,1.3975,1.9493,938,32.24333333333333,184.293180354722,401.9338,586.227,494.0804,0.1083,3.0517,0.8203,938,32.24333333333333
201.13523678128905,385.1979,586.2544,485.7261,0.0917,1.3981,0.7481,939,32.27666666666667,200.50283362063573,386.1803,586.7252,486.4527,0.0,2.2814,0.8172,939,32.27666666666667,201.76075944914706,385.0582,586.9349,485.9966,0.0667,1.676,0.888,939,32.27666666666667,202.5938069943558,385.0582,587.8229,486.4406,0.0,1.676,1.731,939,32.27666666666667,185.4766203676714,400.7777,586.2544,493.5161,0.1417,3.8804,0.7481,939,32.27666666666667
201.06182609697856,385.2611,586.1883,485.7247,0.0917,1.4455,0.5822,940,32.31,200.43189827275208,386.2152,586.7138,486.4645,0.0,2.2476,0.7981,940,32.31,201.22487786261007,385.1112,586.1236,485.6174,0.1083,1.806,0.6244,940,32.31,202.52092972121235,385.1112,587.8053,486.4582,0.0,1.806,1.6058,940,32.31,185.86154647153103,400.3267,586.1883,493.2575,0.125,4.0545,0.5822,940,32.31
201.1120952620503,385.2577,586.2266,485.7422,0.0667,1.4773,0.6754,941,32.343333333333334,200.3243381924357,386.2123,586.4338,486.323,0.0,2.2931,0.7542,941,32.343333333333334,201.64817189666147,385.1209,586.4985,485.8097,0.0833,1.6824,0.5706,941,32.343333333333334,202.6887492141219,385.1209,587.958,486.5394,0.0,1.6824,1.6012,941,32.343333333333334,186.17477548345232,400.0518,586.2266,493.1392,0.0833,4.0484,0.6754,941,32.343333333333334
201.11342778691792,385.2526,586.225,485.7388,0.0667,1.4934,0.6649,942,32.37666666666667,200.32717770163632,386.2083,586.4313,486.3198,0.0,2.2554,0.7532,942,32.37666666666667,201.65752975066476,385.1204,586.4994,485.8099,0.0833,1.6915,0.5704,942,32.37666666666667,202.69034789792212,385.1204,587.9581,486.5393,0.0,1.6915,1.6006,942,32.37666666666667,186.31947344811016,399.9055,586.225,493.0652,0.0833,3.9358,0.6649,942,32.37666666666667
201.11712235761487,385.251,586.226,485.7385,0.0667,1.4409,0.6654,943,32.410000000000004,200.32962691422316,386.2086,586.4324,486.3205,0.0,2.2652,0.744,943,32.410000000000004,201.65707757195926,385.1198,586.4991,485.8094,0.0833,1.6925,0.5696,943,32.410000000000004,202.690806548495,385.1198,587.958,486.5389,0.0,1.6925,1.6,943,32.410000000000004,186.3211222575895,399.9049,586.226,493.0654,0.0833,3.9095,0.6654,943,32.410000000000004
200.6265291490813,385.6293,586.2903,485.9598,0.125,2.0026,0.7077,944,32.445,201.0355799155575,385.6401,586.6277,486.1339,0.0083,1.8765,0.926,944,32.445,201.36048953009134,385.0513,586.3889,485.7201,0.1083,1.352,0.6748,944,32.445,202.68367727608245,385.1077,587.9406,486.5241,0.0,1.433,1.5651,944,32.445,189.75061047184727,396.4186,586.1693,491.2939,0.0583,9.3005,0.6694,944,32.445
199.77939413490876,386.1078,585.852,485.9799,0.1,2.102,0.7299,945,32.47666666666667,200.7313347082867,385.8768,586.6291,486.253,0.0083,2.505,0.925,945,32.47666666666667,201.36048953009134,385.0513,586.3889,485.7201,0.1083,1.352,0.6748,945,32.47666666666667,202.68367727608245,385.1077,587.9406,486.5241,0.0,1.433,1.5651,945,32.47666666666667,189.07993781298873,397.0935,586.1735,491.6335,0.0667,7.6289,0.6654,945,32.47666666666667
200.28341028929498,386.0057,586.2949,486.1503,0.1,2.2416,0.6859,946,32.52333333333333,200.85862898576787,385.776,586.6311,486.2035,0.0083,2.2098,0.9258,946,32.52333333333333,201.3638697096808,385.041,586.3905,485.7158,0.1083,1.324,0.6634,946,32.52333333333333,202.6875063269655,385.0988,587.9418,486.5203,0.0,1.4756,1.5657,946,32.52333333333333,189.74757396655323,396.4237,586.1712,491.2974,0.0583,9.5059,0.6841,946,32.52333333333333
200.10541735098028,386.0821,586.1716,486.1269,0.0583,2.4099,0.6591,947,32.54333333333334,200.59596677145294,385.9801,586.625,486.3026,0.0,2.7307,0.9551,947,32.54333333333334,201.19027164280672,385.0435,586.2725,485.658,0.1333,1.3125,0.5918,947,32.54333333333334,202.73413721861513,385.1015,587.995,486.5482,0.0,1.4526,1.6086,947,32.54333333333334,188.77792487284913,397.3937,586.1716,491.7826,0.0583,6.7322,0.6591,947,32.54333333333334
200.2644489910937,385.7161,585.8604,485.7882,0.125,1.7495,0.7885,948,32.57666666666667,200.95347149858515,385.7,586.7185,486.2092,0.0083,2.0339,0.9295,948,32.57666666666667,201.36207598572298,385.0561,586.3952,485.7256,0.1083,1.2935,0.6623,948,32.57666666666667,202.6847755851973,385.1138,587.9426,486.5282,0.0,1.4532,1.5663,948,32.57666666666667,190.01396057806156,396.2621,586.276,491.269,0.0667,7.7392,0.6954,948,32.57666666666667
200.56677644662204,385.7238,586.2904,486.0071,0.125,1.7388,0.692,949,32.61333333333334,200.90337114367568,385.7058,586.6265,486.1661,0.0083,2.0273,0.9166,949,32.61333333333334,201.35319284453158,385.0605,586.3948,485.7276,0.1083,1.3382,0.6624,949,32.61333333333334,202.67885393380286,385.1176,587.9434,486.5305,0.0,1.4488,1.5668,949,32.61333333333334,190.3949936309892,395.772,586.1669,490.9695,0.0667,10.7599,0.6936,949,32.61333333333334
200.1298631371408,385.8284,585.8482,485.8383,0.1,2.0042,0.7594,950,32.64333333333334,200.8786668677019,385.7315,586.6241,486.1778,0.0083,2.1643,0.9329,950,32.64333333333334,201.35765502696455,385.059,586.3957,485.7273,0.1083,1.3371,0.6612,950,32.64333333333334,202.68138163658398,385.116,587.944,486.53,0.0,1.45,1.5626,950,32.64333333333334,190.46434609494574,395.6997,586.164,490.9319,0.0667,12.1713,0.6691,950,32.64333333333334
200.66661707066177,385.6568,586.3616,486.0092,0.1,2.0982,0.7113,951,32.67666666666667,200.9727232625794,385.7115,586.7817,486.2466,0.0083,2.1518,1.0279,951,32.67666666666667,201.3601866769828,385.0434,586.3885,485.716,0.1083,1.3442,0.6747,951,32.67666666666667,202.68085925406209,385.1013,587.9368,486.5191,0.0,1.4268,1.5567,951,32.67666666666667,190.3486349433366,395.9361,586.2848,491.1105,0.05,11.4402,0.735,951,32.67666666666667
200.6743131247284,385.6612,586.364,486.0126,0.1,1.8768,0.7157,952,32.71666666666667,200.97491785228493,385.7095,586.7841,486.2468,0.0083,2.1271,1.0155,952,32.71666666666667,201.34585231153753,385.0569,586.3876,485.7223,0.1083,1.3419,0.6761,952,32.71666666666667,202.6697077076855,385.1149,587.9358,486.5253,0.0,1.427,1.5642,952,32.71666666666667,190.3761386818649,395.9108,586.2869,491.0988,0.05,11.531,0.7602,952,32.71666666666667
200.69575820539364,385.6658,586.4199,486.0429,0.1167,1.7093,0.7248,953,32.74333333333333,201.03479798622448,385.6649,586.789,486.2269,0.0083,2.0792,0.9845,953,32.74333333333333,201.34758788644478,385.0563,586.3852,485.7207,0.1083,1.3396,0.6783,953,32.74333333333333,202.67141547574954,385.1139,587.9348,486.5244,0.0,1.429,1.5667,953,32.74333333333333,190.7139459519801,395.5779,586.2919,490.9349,0.0583,12.3143,0.7695,953,32.74333333333333
201.52941237037274,385.0043,586.2426,485.6234,0.0333,1.3497,0.8543,954,32.778333333333336,201.30064229940587,385.3216,586.569,485.9453,0.0083,1.5842,0.8594,954,32.778333333333336,201.3663554023955,385.2029,586.4866,485.8447,0.0917,1.6235,0.6785,954,32.778333333333336,202.57963495183222,385.2029,587.9673,486.5851,0.0,1.6235,1.5299,954,32.778333333333336,190.44489133353184,395.7977,586.2426,491.0202,0.0333,11.8403,0.8543,954,32.778333333333336
201.36384698805173,385.1202,586.2439,485.682,0.0333,1.4679,0.8518,955,32.818333333333335,201.16378081184325,385.424,586.5705,485.9973,0.0083,1.7488,0.8605,955,32.818333333333335,201.3721301751948,385.1982,586.4868,485.8425,0.0917,1.6273,0.6773,955,32.818333333333335,202.5850398019734,385.1982,587.9677,486.5829,0.0,1.6273,1.53,955,32.818333333333335,190.41412224981966,395.8298,586.2439,491.0369,0.0333,9.423,0.8518,955,32.818333333333335
201.2474881477762,385.1246,586.2945,485.7095,0.0667,1.7591,0.7254,956,32.843333333333334,201.15892774744597,385.5936,586.815,486.2043,0.0083,1.8692,0.8806,956,32.843333333333334,201.14702901688548,385.3376,586.4847,485.9111,0.1333,1.2822,0.688,956,32.843333333333334,202.55562030947323,385.2111,587.9642,486.5877,0.0,1.5979,1.5754,956,32.843333333333334,190.02142002168242,396.2731,586.2945,491.2838,0.0583,7.6389,0.7254,956,32.843333333333334
201.25164481304262,385.1224,586.2919,485.7071,0.0667,1.7367,0.7322,957,32.87666666666667,201.15601683242593,385.5949,586.8149,486.2049,0.0083,1.9687,0.8681,957,32.87666666666667,201.14381134196645,385.3407,586.4845,485.9126,0.1333,1.3737,0.6874,957,32.87666666666667,202.55187410640536,385.2091,587.9604,486.5847,0.0,1.5743,1.5699,957,32.87666666666667,190.94629551883742,395.3456,586.2919,490.8188,0.0583,11.8442,0.7322,957,32.87666666666667
201.26137186380464,385.1201,586.2969,485.7085,0.0667,1.7,0.7349,958,32.92166666666667,201.1617894226371,385.5932,586.8175,486.2054,0.0083,1.8764,0.87,958,32.92166666666667,201.28586373679875,385.2155,586.4818,485.8486,0.1,1.5603,0.6837,958,32.92166666666667,202.54961550396848,385.205,587.9592,486.5821,0.0,1.5427,1.5689,958,32.92166666666667,190.0220629480478,396.2748,586.2969,491.2858,0.0583,7.8977,0.7349,958,32.92166666666667
201.26654368685664,385.1213,586.2984,485.7099,0.0667,1.7077,0.7359,959,32.943333333333335,201.1619438851322,385.5947,586.8191,486.2069,0.0083,1.8752,0.8723,959,32.943333333333335,201.2830693570643,385.2121,586.4834,485.8478,0.1,1.5598,0.6914,959,32.943333333333335,202.5486263605592,385.2019,587.9602,486.581,0.0,1.5433,1.5687,959,32.943333333333335,190.05569014157572,396.2427,586.2984,491.2706,0.0583,7.6974,0.7359,959,32.943333333333335
201.38710939384094,385.1821,586.2414,485.7118,0.0417,1.8076,0.859,960,32.97666666666667,200.91180049713228,385.6643,586.5679,486.1161,0.0083,1.8679,0.8277,960,32.97666666666667,201.1903841039788,385.2171,586.3947,485.8059,0.1083,1.5583,0.6699,960,32.97666666666667,202.61512983791124,385.2069,588.0179,486.6124,0.0,1.5423,1.5657,960,32.97666666666667,187.4150069631934,398.8264,586.2414,492.5339,0.075,5.7081,0.859,960,32.97666666666667
201.1826788533844,385.1042,586.2834,485.6938,0.0833,1.7677,0.945,961,33.02,201.05506835347703,385.612,586.7349,486.1734,0.0083,1.7488,0.9311,961,33.02,201.448687893524,385.1758,586.6244,485.9001,0.0833,1.5718,0.67,961,33.02,202.55082116524056,385.1172,587.9098,486.5135,0.0,1.5248,1.7495,961,33.02,189.91321783895108,396.3702,586.2834,491.3268,0.075,7.7732,0.945,961,33.02
201.11485573039087,385.0836,585.8851,485.4843,0.0667,1.6783,0.7459,962,33.04333333333334,200.9995565244023,385.5416,586.5852,486.0634,0.0083,1.9589,1.0587,962,33.04333333333334,201.1192138897858,385.0297,586.1274,485.5786,0.1167,1.3027,0.6013,962,33.04333333333334,202.49075110502352,385.0627,587.7577,486.4102,0.0,1.4573,1.6285,962,33.04333333333334,183.19581377859126,402.6893,585.8851,494.2872,0.1333,3.6149,0.7459,962,33.04333333333334
201.15258216911727,385.0083,585.869,485.4387,0.0667,1.5582,0.8093,963,33.07666666666667,201.01238149115238,385.5198,586.5513,486.0356,0.0083,1.8596,1.0479,963,33.07666666666667,201.11190833804372,384.9954,586.1073,485.5514,0.1167,1.3132,0.6006,963,33.07666666666667,202.542148025279,384.9329,587.7363,486.3346,0.0,1.4773,1.5846,963,33.07666666666667,183.21763547286784,402.6513,585.869,494.2602,0.1333,3.4893,0.8093,963,33.07666666666667
201.14068043403685,385.0066,586.1759,485.5913,0.0417,1.5163,0.5944,964,33.125,201.18713481995502,385.2587,586.4453,485.852,0.0,1.5509,0.7969,964,33.125,201.4787186423844,384.8817,586.3604,485.6211,0.1,1.1683,0.6279,964,33.125,202.66390522840157,384.7961,587.7276,486.2619,0.0,1.4118,1.6801,964,33.125,184.54740149467793,401.6477,586.1759,493.9118,0.1083,3.9278,0.5944,964,33.125
201.13864616048474,385.01,586.1205,485.5652,0.05,1.5258,0.5631,965,33.14333333333334,201.1688922496875,385.2616,586.3285,485.795,0.0,1.5115,0.7796,965,33.14333333333334,201.47831988455775,384.8815,586.3599,485.6207,0.1,1.1677,0.628,965,33.14333333333334,202.664369264013,384.7961,587.7276,486.2618,0.0,1.4219,1.6801,965,33.14333333333334,184.47045022447787,401.65,586.1205,493.8852,0.1167,3.926,0.5631,965,33.14333333333334
201.12947848701197,385.0183,586.1744,485.5963,0.0417,1.4732,0.603,966,33.17666666666667,201.17774864931988,385.268,586.4475,485.8578,0.0,1.5045,0.7998,966,33.17666666666667,201.5794103690042,384.8837,586.4631,485.6734,0.0917,1.1666,0.5994,966,33.17666666666667,202.66272605567957,384.7984,587.7263,486.2624,0.0,1.4145,1.6708,966,33.17666666666667,183.94114141241477,402.257,586.1744,494.2157,0.1083,3.5491,0.603,966,33.17666666666667
200.88314133586476,385.0917,585.5682,485.3299,0.075,1.5309,0.554,967,33.21,201.1420751067462,385.3539,586.49,485.922,0.0083,1.5612,0.8791,967,33.21,201.65906692979996,384.825,586.4636,485.6443,0.0917,1.2231,0.5786,967,33.21,202.64946963646005,384.8631,587.727,486.2951,0.0,1.4635,1.6626,967,33.21,182.79137755459408,402.7734,585.5648,494.1691,0.1417,3.7099,0.5285,967,33.21
201.07993064761123,385.0709,586.1415,485.6062,0.0583,1.5635,0.6856,968,33.24333333333333,200.85865837485267,385.5011,586.355,485.9281,0.0,1.8138,0.8617,968,33.24333333333333,201.68801887631474,384.9693,586.6573,485.8133,0.1,1.1056,0.5768,968,33.24333333333333,202.66140076056513,384.9061,587.8113,486.3587,0.0,1.3167,1.7616,968,33.24333333333333,184.1663392333955,401.9751,586.1415,494.0583,0.1167,3.9179,0.6856,968,33.24333333333333
201.11608704844627,385.0506,586.1826,485.6166,0.0583,1.5655,0.6768,969,33.27666666666667,200.9046836515031,385.4814,586.3924,485.9369,0.0,1.7094,0.8317,969,33.27666666666667,201.75957984843913,384.9724,586.7228,485.8476,0.1,1.1021,0.6414,969,33.27666666666667,202.68780803685922,384.9065,587.8424,486.3745,0.0,1.315,1.7738,969,33.27666666666667,190.3862392642875,395.5933,586.1826,490.888,0.1583,5.813,0.6768,969,33.27666666666667
201.12043981265595,385.0777,586.2079,485.6428,0.05,1.5214,0.6752,970,33.31,200.74741121054322,385.5047,586.1346,485.8197,0.0,1.6718,0.666,970,33.31,201.56419037073476,385.0511,586.6153,485.8332,0.1167,1.028,0.6082,970,33.31,202.65774068813138,384.9252,587.8261,486.3757,0.0,1.2877,1.8099,970,33.31,190.41055149379758,395.6046,586.2079,490.9063,0.15,5.147,0.6752,970,33.31
200.78619597230465,385.3761,586.2071,485.7916,0.0583,1.6377,0.7038,971,33.343333333333334,200.73356772350715,385.512,586.1603,485.8361,0.0,1.8071,0.6489,971,33.343333333333334,201.66054919214446,384.9723,586.6329,485.8026,0.1,1.1034,0.617,971,33.343333333333334,202.58138048345492,385.1081,587.8261,486.4671,0.0,1.395,1.7947,971,33.343333333333334,183.56111383349383,402.7117,586.2071,494.4594,0.15,3.9552,0.7038,971,33.343333333333334
201.3544504835281,384.8621,586.2174,485.5398,0.0917,1.3545,0.6504,972,33.37666666666667,200.83593495686424,385.4273,586.1435,485.7854,0.0,1.8068,0.6504,972,33.37666666666667,201.52009547514493,384.973,586.4931,485.733,0.1083,1.0986,0.6638,972,33.37666666666667,202.58675673281823,385.1116,587.8335,486.4725,0.0,1.3941,1.8047,972,33.37666666666667,184.2012842388519,402.0979,586.2174,494.1576,0.15,4.218,0.6504,972,33.37666666666667
200.69202772874831,385.5443,586.2364,485.8904,0.075,1.3292,0.7788,973,33.41000000000001,200.8090375198687,385.5387,586.1532,485.8459,0.0,1.6381,0.7197,973,33.41000000000001,201.64076623221044,384.9986,586.6394,485.819,0.1,1.0572,0.6653,973,33.41000000000001,202.61306642054168,385.119,587.8873,486.5031,0.0,1.4062,1.723,973,33.41000000000001,183.69861656663488,402.5377,586.2364,494.3871,0.1583,3.4868,0.7788,973,33.41000000000001
200.59394534609606,385.3683,585.8017,485.585,0.0833,1.7547,0.635,974,33.44833333333334,200.83407502635484,385.6204,586.4471,486.0338,0.0083,2.1148,0.7799,974,33.44833333333334,200.88596494196895,385.4968,586.3827,485.9398,0.15,0.9943,0.5972,974,33.44833333333334,202.50854794068803,385.1768,587.9307,486.5538,0.0,1.305,1.7318,974,33.44833333333334,182.88833956773794,403.463,586.3513,494.9071,0.1333,3.2671,0.6841,974,33.44833333333334
200.43307439891245,385.437,585.8088,485.6229,0.0833,1.8785,0.6323,975,33.47666666666667,200.74259914140137,385.7214,586.4498,486.0856,0.0083,2.0842,0.7222,975,33.47666666666667,200.89705727665847,385.3948,586.2919,485.8434,0.15,1.0478,0.5735,975,33.47666666666667,202.5061033868796,385.1848,587.9333,486.559,0.0,1.3481,1.7404,975,33.47666666666667,183.64203674313572,402.4388,586.0809,494.2599,0.1083,3.9858,0.7585,975,33.47666666666667
200.4487511371226,385.4301,585.8087,485.6194,0.0833,1.8468,0.6478,976,33.52333333333333,200.6758677253754,385.7142,586.2689,485.9915,0.0083,2.0699,0.7611,976,33.52333333333333,200.9700543152176,385.3269,586.2969,485.8119,0.1417,1.1107,0.5773,976,33.52333333333333,202.50372067935612,385.187,587.9351,486.561,0.0,1.3523,1.7479,976,33.52333333333333,184.18835102230798,402.319,586.4519,494.3854,0.1417,3.8495,0.765,976,33.52333333333333
200.47102922346116,385.2987,585.802,485.5504,0.1,1.7488,0.6455,977,33.54333333333334,200.84952806905315,385.6022,586.4417,486.0219,0.0083,1.869,0.7352,977,33.54333333333334,201.05723499421217,385.2168,586.2741,485.7455,0.1333,1.2176,0.6169,977,33.54333333333334,202.49691091845477,385.1827,587.9315,486.5571,0.0,1.3829,1.7468,977,33.54333333333334,183.20851339336255,402.862,586.0705,494.4662,0.1167,3.8021,0.7889,977,33.54333333333334
200.55849666970965,385.5128,585.8115,485.6622,0.0917,1.7137,0.6371,978,33.57666666666667,200.7902261310777,385.6751,586.4598,486.0675,0.0083,1.9178,0.7266,978,33.57666666666667,201.08675784011592,385.1937,586.2804,485.737,0.1417,1.3223,0.6125,978,33.57666666666667,202.46234604792804,385.1985,587.9313,486.5649,0.0,1.3144,1.7505,978,33.57666666666667,183.2752085777385,402.8149,586.0901,494.4525,0.125,3.7397,0.7628,978,33.57666666666667
201.1908292305903,385.2981,586.4815,485.8898,0.1,1.7133,0.6487,979,33.61,200.8116262291953,385.5577,586.2665,485.9121,0.0083,1.8693,0.7265,979,33.61,201.08678292410417,385.1956,586.2824,485.739,0.1417,1.3187,0.6128,979,33.61,202.46333429797644,385.2004,587.9338,486.5671,0.0,1.3401,1.75,979,33.61,183.39408396140448,402.6832,586.0773,494.3803,0.1167,3.7775,0.7834,979,33.61
200.13488023263233,385.8333,585.8134,485.8233,0.075,1.7094,0.6284,980,33.64333333333334,200.69885461865832,385.7325,586.4633,486.0979,0.0083,1.8012,0.7408,980,33.64333333333334,201.07446632762742,385.2122,586.2866,485.7494,0.1417,1.2377,0.6109,980,33.64333333333334,202.42688018209756,385.2495,587.9364,486.593,0.0,1.3477,1.7507,980,33.64333333333334,183.2860059816197,402.8079,586.0939,494.4509,0.125,3.6558,0.7631,980,33.64333333333334
200.52197482359597,385.8287,586.4347,486.1317,0.0917,1.6861,0.6147,981,33.67666666666667,200.70241602911037,385.7276,586.4602,486.0939,0.0083,1.7964,0.7304,981,33.67666666666667,201.08671225007382,385.2034,586.2901,485.7467,0.1417,1.24,0.621,981,33.67666666666667,202.43723848471197,385.2414,587.939,486.5902,0.0,1.3579,1.7431,981,33.67666666666667,183.34292996875757,402.7476,586.0905,494.4191,0.125,3.581,0.7685,981,33.67666666666667
200.62353837543824,385.4517,585.8112,485.6314,0.1,1.9466,0.6353,982,33.71,200.70012519896693,385.7278,586.4569,486.0923,0.0083,1.7978,0.7246,982,33.71,201.08930897090724,385.198,586.2874,485.7427,0.1417,1.209,0.6194,982,33.71,202.4400307460647,385.2377,587.9378,486.5877,0.0,1.3363,1.7526,982,33.71,183.33404593762316,402.7529,586.087,494.4199,0.125,3.5812,0.7715,982,33.71
200.97959107152786,385.1659,585.8094,485.4877,0.0917,1.8184,0.6277,983,33.74333333333333,200.8529032273651,385.5707,586.4539,486.0123,0.0083,1.9676,0.739,983,33.74333333333333,201.09971606788193,385.1876,586.2874,485.7375,0.1417,1.2079,0.6194,983,33.74333333333333,202.4466853887949,385.2341,587.9381,486.5861,0.0,1.3553,1.7524,983,33.74333333333333,183.28672554997857,402.7967,586.0834,494.44,0.125,3.5184,0.7741,983,33.74333333333333
201.1064268464454,385.3636,586.4684,485.916,0.0667,1.8826,0.6939,984,33.778333333333336,200.83387188643698,385.7879,586.6393,486.2136,0.0083,2.2094,0.7835,984,33.778333333333336,200.99456687512958,385.2838,586.2555,485.7696,0.1083,1.7039,0.6484,984,33.778333333333336,202.33994380644447,385.4682,587.9783,486.7233,0.0,1.6374,1.86,984,33.778333333333336,187.6020001779271,398.8664,586.4684,492.6674,0.0917,5.6048,0.6939,984,33.778333333333336
201.22825388999036,385.2741,586.0642,485.6692,0.0583,1.8104,0.709,985,33.81,200.85059710319052,385.7183,586.5525,486.1354,0.0083,2.1147,0.7414,985,33.81,201.00159713912996,385.275,586.2566,485.7658,0.1083,1.6951,0.651,985,33.81,202.34744854442314,385.4649,587.9794,486.7221,0.0,1.6146,1.8356,985,33.81,186.39454975462752,399.6697,586.0642,492.867,0.1083,5.9855,0.709,985,33.81
201.29742508648525,385.2335,586.5384,485.8859,0.0833,1.7497,0.65,986,33.843333333333334,200.95510299277484,385.6743,586.6352,486.1548,0.0083,2.1401,0.7522,986,33.843333333333334,200.98913395842786,385.2777,586.2545,485.7661,0.1083,1.6807,0.6612,986,33.843333333333334,202.34187281953808,385.4749,587.9788,486.7268,0.0,1.6117,1.8123,986,33.843333333333334,186.88716973596772,399.6784,586.5384,493.1084,0.1333,6.0718,0.65,986,33.843333333333334
200.9665094682707,385.429,586.0609,485.7449,0.05,1.9648,0.6621,987,33.87666666666667,200.84698960662908,385.7269,586.5525,486.1397,0.0083,2.1872,0.7638,987,33.87666666666667,200.9900983943047,385.2768,586.2521,485.7645,0.1083,1.7124,0.6365,987,33.87666666666667,202.34165435458385,385.4716,587.9773,486.7245,0.0,1.611,1.8132,987,33.87666666666667,186.87284547508378,399.188,586.0609,492.6244,0.1083,6.0577,0.6621,987,33.87666666666667
201.24754247328244,385.2511,586.488,485.8696,0.0833,1.7239,0.5756,988,33.91000000000001,200.9224438178992,385.6867,586.6481,486.1674,0.0083,1.9559,0.7386,988,33.91000000000001,201.0033906774467,385.2802,586.2486,485.7644,0.1083,1.7286,0.6426,988,33.91000000000001,202.32033242383133,385.4721,587.9664,486.7193,0.0,1.5926,1.7712,988,33.91000000000001,185.7460773846197,400.8338,586.488,493.6609,0.15,4.3883,0.5756,988,33.91000000000001
201.12755630490628,385.243,586.3382,485.7906,0.0667,1.7345,0.6633,989,33.945,200.8312886184752,385.684,586.5181,486.101,0.0083,1.9994,0.8669,989,33.945,201.07991290494738,385.2772,586.327,485.8021,0.0917,1.7403,0.877,989,33.945,202.22478586543224,385.4795,587.868,486.6738,0.0,1.6442,1.7994,989,33.945,189.2952552359043,396.791,586.3382,491.5646,0.1417,8.0179,0.6633,989,33.945
201.18093564328245,385.252,586.4226,485.8373,0.0833,1.7211,0.6175,990,33.97666666666667,200.8400348139444,385.6909,586.6178,486.1544,0.0083,2.0106,0.8555,990,33.97666666666667,201.24469267860167,385.2777,586.4926,485.8852,0.0917,1.7396,0.7126,990,33.97666666666667,202.2496222307269,385.4804,587.8699,486.6751,0.0,1.6442,1.5656,990,33.97666666666667,190.1716312185528,396.3785,586.4226,491.4005,0.1083,9.5927,0.6175,990,33.97666666666667
201.10705182103666,385.2521,586.3262,485.7891,0.0667,1.7171,0.6429,991,34.010000000000005,200.79775277348094,385.7054,586.5067,486.106,0.0083,1.9053,0.865,991,34.010000000000005,201.06047661138936,385.2758,586.3325,485.8042,0.0917,1.7692,0.9766,991,34.010000000000005,202.22142995335577,385.4602,587.844,486.6521,0.0,1.658,1.8078,991,34.010000000000005,189.97365674172616,396.3526,586.3262,491.3394,0.0917,9.6147,0.6429,991,34.010000000000005
200.43974489947848,386.7514,587.1301,486.9408,0.05,2.1111,0.5761,992,34.04666666666667,200.90231321967957,386.6541,587.5166,487.0854,0.0,2.8448,0.617,992,34.04666666666667,202.33639373697116,386.0035,588.2853,487.1444,0.0583,1.9267,0.7025,992,34.04666666666667,203.2184594486996,386.0035,589.2724,487.638,0.0,1.9267,1.6602,992,34.04666666666667,191.54359669724545,395.4682,587.1064,491.2873,0.0833,13.0439,0.5525,992,34.04666666666667
200.778923849147,387.117,587.8233,487.4701,0.0417,3.2634,0.5454,993,34.07666666666667,201.10306828316303,387.117,588.3385,487.7277,0.0,3.2634,0.8732,993,34.07666666666667,203.54106208801267,386.9797,590.6128,488.7962,0.0583,1.9145,2.0939,993,34.07666666666667,203.08861877604738,386.9797,590.1548,488.5673,0.0,1.9145,2.0921,993,34.07666666666667,193.19148406070067,394.6352,587.7929,491.2141,0.0917,11.0404,0.5101,993,34.07666666666667
200.51529589968305,387.9245,588.2625,488.0935,0.1333,2.5113,0.6187,994,34.11166666666667,201.26316608521935,387.8149,589.1231,488.469,0.0,2.9358,1.3827,994,34.11166666666667,202.24981688588892,387.2704,589.5286,488.3995,0.0667,2.1493,0.5793,994,34.11166666666667,203.21337276586507,387.2704,590.58,488.9252,0.0,2.1493,1.7139,994,34.11166666666667,194.1561388398709,394.006,588.2625,491.1343,0.1833,9.8376,0.6187,994,34.11166666666667
200.61033066489796,388.4147,588.9073,488.661,0.075,2.9599,0.6836,995,34.150000000000006,201.218979074118,388.4147,589.7899,489.1023,0.0083,2.9599,0.9737,995,34.150000000000006,203.05516729492078,388.0823,591.2143,489.6483,0.0667,1.8053,2.1088,995,34.150000000000006,203.14852800404907,388.1128,591.3307,489.7217,0.0,2.0855,2.0917,995,34.150000000000006,192.84660989250813,396.0566,588.9073,492.4819,0.15,10.2675,0.6836,995,34.150000000000006
200.872487807415,388.8973,589.4824,489.1899,0.075,2.5302,0.697,996,34.17666666666667,201.0748595439085,389.0014,590.1705,489.586,0.0083,2.5152,0.9423,996,34.17666666666667,201.8020549712445,388.8343,590.6395,489.7369,0.075,1.518,1.1747,996,34.17666666666667,202.87200861690084,388.7593,591.7002,490.2298,0.0,1.7624,2.0317,996,34.17666666666667,195.87414630339617,393.4156,589.4824,491.449,0.1167,9.1217,0.697,996,34.17666666666667
200.55493837327379,389.2034,589.5459,489.3746,0.0417,2.4462,0.8116,997,34.21,201.2068553803801,389.2034,590.4687,489.8361,0.0083,2.4462,0.9406,997,34.21,202.1968431271067,388.8966,591.2704,490.0835,0.0833,1.6138,1.1297,997,34.21,203.2193100406701,388.8561,592.1966,490.5264,0.0,1.6371,1.9132,997,34.21,198.0744210071974,391.607,589.5459,490.5764,0.1167,2.1895,0.8116,997,34.21
200.69518672791364,389.1819,589.615,489.3984,0.0417,2.2934,0.9222,998,34.25166666666667,201.192649997734,389.1819,590.3582,489.77,0.0083,2.2934,0.9963,998,34.25166666666667,202.07020604538064,388.955,591.2098,490.0824,0.0833,1.6184,0.9609,998,34.25166666666667,203.02557577211246,388.9167,592.03,490.4734,0.0,1.615,1.9029,998,34.25166666666667,200.92712024579475,389.0167,589.615,489.3159,0.1833,1.1897,0.9222,998,34.25166666666667
201.00453110080014,389.4412,590.4844,489.9628,0.0583,2.5704,0.8081,999,34.27666666666667,201.39615312054835,389.4412,590.8555,490.1484,0.0083,2.5704,1.0983,999,34.27666666666667,201.93384894209237,389.1072,591.1816,490.1444,0.075,1.4444,1.1535,999,34.27666666666667,202.8149271086474,389.0506,591.9807,490.5157,0.0,1.608,1.7443,999,34.27666666666667,201.6936646933291,388.7802,590.4844,489.6323,0.2,1.4092,0.8081,999,34.27666666666667
200.93820869468817,389.4889,590.4282,489.9585,0.0667,2.0728,0.7863,1000,34.31,201.37212272890343,389.4889,590.8642,490.1765,0.0083,2.0728,1.0951,1000,34.31,201.94982297791813,389.0854,591.1792,490.1323,0.0667,1.4646,1.1434,1000,34.31,202.76856033200053,389.0537,591.9783,490.516,0.0,1.5862,1.7439,1000,34.31,201.38138794251574,388.7835,590.4282,489.6058,0.2,1.5679,0.7863,1000,34.31
200.95811340023093,389.3428,589.9263,489.6346,0.0583,2.6634,0.7519,1001,34.355000000000004,201.602189016369,389.3428,590.9471,490.145,0.0083,2.6634,1.1649,1001,34.355000000000004,201.97970224827847,388.9954,591.1456,490.0705,0.075,1.5334,1.2782,1001,34.355000000000004,202.9058608054377,388.9712,592.0468,490.509,0.0,1.673,1.9159,1001,34.355000000000004,201.31878122334734,388.7229,589.9263,489.3246,0.2,1.4988,0.7519,1001,34.355000000000004
200.7734007629241,388.9544,589.7861,489.3702,0.075,1.5698,1.1432,1002,34.37666666666667,201.2878976232239,388.8426,590.1442,489.4934,0.0083,1.6139,1.2521,1002,34.37666666666667,201.80441617265186,388.5716,590.2492,489.4104,0.0833,1.3659,1.1306,1002,34.37666666666667,202.70937335008514,388.4417,591.3584,489.9001,0.0,1.3432,2.1204,1002,34.37666666666667,197.0789588017281,392.5472,589.7861,491.1667,0.1333,4.4968,1.1432,1002,34.37666666666667
201.6822730566411,387.5406,589.2533,488.3969,0.0667,1.375,0.7576,1003,34.41000000000001,201.8799155914015,387.666,589.5908,488.6284,0.0083,1.6967,0.9514,1003,34.41000000000001,201.9157460892141,387.6485,589.5091,488.5788,0.1,1.1406,0.6642,1003,34.41000000000001,202.91448325929215,387.4604,590.5464,489.0034,0.0,1.127,1.5957,1003,34.41000000000001,192.70537895991276,396.548,589.2533,492.9006,0.0917,14.824,0.7576,1003,34.41000000000001
201.39078836542632,386.8385,587.8796,487.359,0.075,2.0951,0.5555,1004,34.458333333333336,201.93188634017108,386.7835,588.6814,487.7324,0.0,2.0353,0.755,1004,34.458333333333336,201.80015526178107,386.906,588.4109,487.6585,0.1083,1.4511,0.4864,1004,34.458333333333336,202.80290359825665,386.906,589.8081,488.3571,0.0,1.4511,1.4261,1004,34.458333333333336,197.0804341344279,390.9802,587.8796,489.4299,0.1667,6.965,0.5555,1004,34.458333333333336
201.5263968835959,386.6075,587.6785,487.143,0.0583,1.9529,0.5732,1005,34.47666666666667,201.70178567966025,386.6075,588.311,487.4592,0.0,1.9529,0.7837,1005,34.47666666666667,201.82635581772269,386.9598,588.7276,487.8437,0.1083,1.2792,0.6871,1005,34.47666666666667,202.73305515488363,386.7451,589.6219,488.1835,0.0,1.4637,1.6219,1005,34.47666666666667,193.6714990464555,394.007,587.6785,490.8428,0.1083,12.2801,0.5732,1005,34.47666666666667
201.83951819391032,386.1635,587.9945,487.079,0.075,1.9498,0.8341,1006,34.52333333333333,201.71579406133392,386.3185,588.1124,487.2154,0.0,1.983,1.0146,1006,34.52333333333333,201.74677108674263,386.6874,588.5776,487.6325,0.1,1.2488,1.0006,1006,34.52333333333333,202.68157889694206,386.5725,589.3747,487.9736,0.0,1.5217,1.6426,1006,34.52333333333333,193.95675055049645,394.0378,587.9945,491.0162,0.075,15.3256,0.8341,1006,34.52333333333333
201.91227115521244,385.9136,587.6672,486.7904,0.025,1.9603,0.8101,1007,34.55666666666667,201.78723058033867,386.0241,587.8668,486.9454,0.0,1.9366,0.9131,1007,34.55666666666667,201.87415821992033,386.294,588.2189,487.2565,0.0917,1.6194,0.7792,1007,34.55666666666667,202.8907642270768,386.2706,589.2653,487.7679,0.0,1.715,1.625,1007,34.55666666666667,192.12030170066717,395.5469,587.6672,491.607,0.0667,14.6048,0.8101,1007,34.55666666666667
202.03263821071624,385.4258,587.523,486.4744,0.0667,1.6341,0.7329,1008,34.57666666666667,201.98079567303915,385.5489,587.5311,486.54,0.0,1.6463,0.8535,1008,34.57666666666667,202.10675710322897,385.9027,588.0103,486.9565,0.0917,1.5466,0.8753,1008,34.57666666666667,202.91205949945373,385.9692,588.9911,487.4802,0.0,1.8243,1.6123,1008,34.57666666666667,192.03835681095762,395.4847,587.523,491.5038,0.075,14.3793,0.7329,1008,34.57666666666667
202.16432739209458,384.8123,586.6688,485.7405,0.0667,1.3212,0.656,1009,34.61,202.18851510682802,385.0312,587.1651,486.0981,0.0,1.4209,0.853,1009,34.61,202.23949888783986,385.5319,587.6794,486.6057,0.1083,1.2461,0.8858,1009,34.61,202.97194305750048,385.5655,588.6565,487.111,0.0,1.433,1.6341,1009,34.61,191.8426304811748,394.8262,586.6688,490.7475,0.1,11.2726,0.656,1009,34.61
201.87150334022994,384.8619,586.4612,485.6616,0.0417,1.0599,0.8121,1010,34.64333333333334,202.2412606499565,384.8506,587.1043,485.9775,0.0,1.4883,1.1336,1010,34.64333333333334,201.84889947158098,385.5029,587.3518,486.4273,0.1083,1.3081,0.817,1010,34.64333333333334,202.78918259656785,385.3057,588.2818,486.7938,0.0,1.373,1.5846,1010,34.64333333333334,188.98742035834394,397.4738,586.4612,491.9675,0.05,8.1222,0.8121,1010,34.64333333333334
201.89448725314455,384.6561,586.3936,485.5249,0.0417,1.4322,0.8758,1011,34.67666666666667,202.25912278934982,384.7099,587.0144,485.8622,0.0,1.3902,1.1616,1011,34.67666666666667,201.90522294188878,385.2976,587.1548,486.2262,0.1083,1.3644,0.7149,1011,34.67666666666667,202.8632896011259,385.1094,588.1972,486.6533,0.0,1.4466,1.7601,1011,34.67666666666667,190.38837747663817,396.0053,586.3936,491.1994,0.1333,10.9193,0.8758,1011,34.67666666666667
201.47951811791555,384.9093,586.3658,485.6376,0.05,1.6231,0.8539,1012,34.71,201.73892263385713,384.9252,586.6352,485.7802,0.0,1.9755,0.9484,1012,34.71,201.94661985839883,385.1007,587.0256,486.0632,0.1083,1.3266,0.7023,1012,34.71,202.85416394757132,385.022,588.0807,486.5513,0.0,1.4154,1.7356,1012,34.71,193.17558102927683,393.1903,586.3658,489.778,0.1083,6.7924,0.8539,1012,34.71
201.4811761967341,384.7055,586.1808,485.4431,0.075,1.4065,0.8204,1013,34.74333333333333,201.83151175656263,384.8277,586.7902,485.8089,0.0,1.6646,1.1366,1013,34.74333333333333,201.96880957678883,384.9123,586.8744,485.8933,0.1,1.3037,0.7944,1013,34.74333333333333,202.80445599735472,384.9824,587.9072,486.4448,0.0,1.3145,1.7324,1013,34.74333333333333,198.31558034595088,387.8652,586.1808,487.023,0.1667,5.1125,0.8204,1013,34.74333333333333
201.74000400313145,384.5168,586.1804,485.3486,0.1083,1.3072,0.7108,1014,34.78,201.2907568688442,385.2816,586.6108,485.9462,0.0167,1.9931,0.9355,1014,34.78,201.78990076374475,385.1098,586.8968,486.0033,0.1083,1.4528,0.9073,1014,34.78,203.0038583152305,384.7399,587.8692,486.3045,0.0,1.3967,1.7131,1014,34.78,188.15154856003775,398.0288,586.1804,492.1046,0.1,6.6085,0.7108,1014,34.78
201.89756159739648,384.326,586.1753,485.2507,0.1333,1.2146,0.6826,1015,34.81,201.3245425923557,385.2399,586.6075,485.9237,0.0167,2.0463,1.0041,1015,34.81,201.8928335906165,384.7603,586.7275,485.7439,0.0833,1.2858,0.7425,1015,34.81,202.95119380491988,384.7424,587.8285,486.2854,0.0,1.3997,1.6989,1015,34.81,189.04111874002854,397.1342,586.1753,491.6547,0.1,6.4684,0.6826,1015,34.81
201.79624509230115,384.2727,586.0631,485.1679,0.125,1.3677,0.6998,1016,34.843333333333334,201.25553445331215,385.1321,586.4428,485.7875,0.0083,1.8856,0.8745,1016,34.843333333333334,201.85205851976502,384.6765,586.6439,485.6602,0.0917,1.6092,0.7183,1016,34.843333333333334,202.96586408552116,384.6849,587.7469,486.2159,0.0,1.5628,1.6402,1016,34.843333333333334,188.16850337769597,397.9893,586.0631,492.0262,0.1167,6.5527,0.6998,1016,34.843333333333334
200.295779766906,385.3931,585.6597,485.5264,0.075,1.6288,0.6128,1017,34.87666666666667,200.98135096388972,385.1952,586.308,485.7516,0.0,2.1143,0.954,1017,34.87666666666667,201.96494545955466,384.6717,586.7193,485.6955,0.0583,1.5297,0.9616,1017,34.87666666666667,202.80855984313743,384.6717,587.5588,486.1152,0.0,1.5297,1.6883,1017,34.87666666666667,181.3320241143056,404.3277,585.6597,494.9937,0.1667,2.0564,0.6128,1017,34.87666666666667
201.62279005889076,384.2964,585.9341,485.1153,0.1167,1.3742,0.7523,1018,34.91000000000001,201.3376226405824,384.9754,586.3768,485.6761,0.0167,1.8127,1.0602,1018,34.91000000000001,201.86381362730637,384.5618,586.5342,485.548,0.125,1.3585,0.6919,1018,34.91000000000001,202.90570550040437,384.6313,587.6556,486.1434,0.0,1.2961,1.7069,1018,34.91000000000001,188.86803179878112,397.0661,585.9341,491.5001,0.1,6.8266,0.7523,1018,34.91000000000001
201.7519041104604,384.2386,586.0102,485.1244,0.1,1.2505,0.7107,1019,34.943333333333335,201.2429719133125,384.9297,586.2423,485.586,0.0167,1.7212,1.0112,1019,34.943333333333335,201.9635605024294,384.5681,586.6159,485.592,0.075,1.3885,0.7723,1019,34.943333333333335,202.82224262345142,384.5778,587.5144,486.0461,0.0,1.4126,1.627,1019,34.943333333333335,189.82022300279797,396.1899,586.0102,491.1,0.0833,7.558,0.7107,1019,34.943333333333335
201.72391012877478,384.3015,586.0336,485.1676,0.0917,1.3742,0.7781,1020,34.97666666666667,201.06036552525882,384.9968,585.979,485.4879,0.0167,1.739,0.8318,1020,34.97666666666667,201.9696394261159,384.5522,586.6156,485.5839,0.075,1.4525,0.7818,1020,34.97666666666667,202.80820547347992,384.5621,587.5118,486.0369,0.0,1.4112,1.6263,1020,34.97666666666667,187.4660731187181,398.5676,586.0336,492.3006,0.0917,5.7657,0.7781,1020,34.97666666666667
201.74039120879385,384.158,585.9058,485.0319,0.125,1.403,0.6795,1021,35.010000000000005,200.83555208357342,385.2637,586.1942,485.7289,0.0167,1.5625,0.8361,1021,35.010000000000005,201.89024520196003,384.5373,586.5168,485.527,0.075,1.3808,0.7274,1021,35.010000000000005,202.76083960231017,384.5474,587.4274,485.9874,0.0,1.3748,1.5352,1021,35.010000000000005,188.28684524419646,397.7248,585.9058,491.8153,0.1167,6.7552,0.6795,1021,35.010000000000005
201.79169580937094,384.1204,585.9005,485.0105,0.1167,1.3411,0.6817,1022,35.04333333333334,200.7517741414505,385.2144,585.9516,485.583,0.0167,1.6645,0.7769,1022,35.04333333333334,201.8469731483145,384.5403,586.4622,485.5013,0.0667,1.3767,0.7987,1022,35.04333333333334,202.7282266713188,384.5403,587.3839,485.9621,0.0,1.3767,1.5317,1022,35.04333333333334,186.08725411579942,399.973,585.9005,492.9367,0.1333,4.9977,0.6817,1022,35.04333333333334
201.60291700201543,384.1674,585.2634,484.7154,0.1,1.3893,0.5812,1023,35.07666666666667,201.08659059681034,385.0482,586.2354,485.6418,0.0,1.8199,1.0137,1023,35.07666666666667,201.74264145707352,384.4474,586.2521,485.3498,0.0917,1.268,0.851,1023,35.07666666666667,202.81004485106584,384.456,587.3749,485.9154,0.0,1.2801,1.6688,1023,35.07666666666667,187.5748500886457,397.6823,585.2634,491.4729,0.1083,6.9341,0.5812,1023,35.07666666666667
201.27031019743535,384.482,585.7587,485.1204,0.1083,1.7203,0.6728,1024,35.11,200.88183160216187,385.1613,586.119,485.6401,0.0083,1.7994,0.9036,1024,35.11,201.7669889419188,384.3845,586.2441,485.3143,0.0833,1.0073,0.7939,1024,35.11,202.80491748251924,384.3734,587.3231,485.8482,0.0,1.0097,1.783,1024,35.11,186.53173614165163,399.4277,585.7587,492.5932,0.175,3.0914,0.6728,1024,35.11
201.29053229653573,384.4792,585.7885,485.1338,0.0917,1.7045,0.6823,1025,35.14333333333334,200.879152906154,385.1612,586.1158,485.6385,0.0083,1.8011,0.9119,1025,35.14333333333334,201.76577068553067,384.3845,586.2428,485.3136,0.0833,1.0073,0.7965,1025,35.14333333333334,202.8041643748481,384.3734,587.3221,485.8477,0.0,1.0097,1.7685,1025,35.14333333333334,188.44094020959187,397.4337,585.7885,491.6111,0.1083,5.9572,0.6823,1025,35.14333333333334
201.2888241711547,384.3435,585.2567,484.8001,0.1,1.7121,0.6001,1026,35.17666666666667,201.0850004417032,385.0278,586.1786,485.6032,0.0083,1.6477,1.0358,1026,35.17666666666667,201.7174765640255,384.3461,586.1886,485.2673,0.0833,1.207,0.6994,1026,35.17666666666667,202.6846476106452,384.3461,587.2307,485.7884,0.0,1.207,1.6301,1026,35.17666666666667,190.5936138249277,394.6631,585.2567,489.9599,0.0917,8.1105,0.6001,1026,35.17666666666667
201.34862750091207,384.3125,585.2385,484.7755,0.1,1.7432,0.5479,1027,35.21,201.08691125424514,385.017,586.1671,485.5921,0.0083,1.7283,1.0283,1027,35.21,201.76064878523698,384.3244,586.137,485.2307,0.0833,1.3441,0.6672,1027,35.21,202.80903071248432,384.3244,587.3069,485.8157,0.0,1.3441,1.6399,1027,35.21,191.19833573451058,394.0402,585.2385,489.6394,0.0917,9.5789,0.5479,1027,35.21
201.40405199538142,384.2879,585.6635,484.9757,0.1083,1.7964,0.7063,1028,35.24333333333333,201.10571172361855,384.9819,586.1497,485.5658,0.0083,1.7547,1.0064,1028,35.24333333333333,201.8635690982728,384.2997,586.2189,485.2593,0.075,1.1724,0.7803,1028,35.24333333333333,202.81317180970802,384.2997,587.2783,485.789,0.0,1.1724,1.6279,1028,35.24333333333333,190.99284408774997,394.6706,585.6635,490.167,0.1,8.184,0.7063,1028,35.24333333333333
201.43564584927935,384.2515,585.6624,484.9569,0.1083,1.7985,0.7056,1029,35.27666666666667,201.13540920457203,384.9469,586.1494,485.5481,0.0083,1.8668,0.9996,1029,35.27666666666667,201.8634899227234,384.2862,586.2171,485.2516,0.075,1.23,0.775,1029,35.27666666666667,202.81995542235217,384.2862,587.2769,485.7816,0.0,1.23,1.6267,1029,35.27666666666667,191.01185692694767,394.6505,585.6624,490.1565,0.1,8.2331,0.7056,1029,35.27666666666667
201.43283347701743,384.2518,585.6599,484.9558,0.1083,1.8769,0.7011,1030,35.31,201.135452131174,384.9437,586.1485,485.5461,0.0083,1.9855,1.0375,1030,35.31,201.85574129090125,384.2756,586.215,485.2453,0.075,1.1811,0.7738,1030,35.31,202.81778450058425,384.2756,587.2753,485.7754,0.0,1.1811,1.6255,1030,35.31,191.28384950316453,394.376,585.6599,490.018,0.1417,9.5601,0.7011,1030,35.31
201.4859838786031,384.2515,585.7832,485.0174,0.1,1.8771,0.6744,1031,35.343333333333334,201.01922976826896,384.9439,586.0584,485.5011,0.0083,1.9828,0.8913,1031,35.343333333333334,201.85993644016764,384.2741,586.2166,485.2453,0.075,1.1766,0.785,1031,35.343333333333334,202.81610636011965,384.2741,587.2702,485.7722,0.0,1.1766,1.6177,1031,35.343333333333334,190.12895341627154,395.6708,585.7832,490.727,0.125,8.3244,0.6744,1031,35.343333333333334
201.45704704125012,384.2765,585.7831,485.0298,0.1,1.8588,0.6705,1032,35.37833333333334,201.0038850071491,384.9587,586.0593,485.509,0.0083,1.9206,0.8826,1032,35.37833333333334,201.83577035355682,384.2675,586.2183,485.2429,0.075,1.1319,0.7902,1032,35.37833333333334,202.79946976295903,384.2675,587.2726,485.7701,0.0,1.1319,1.6202,1032,35.37833333333334,190.13110487344733,395.6719,585.7831,490.7275,0.125,8.3543,0.6705,1032,35.37833333333334
201.38995408164456,384.2763,585.6008,484.9385,0.1,1.86,0.6281,1033,35.41000000000001,201.0960087569461,384.9588,586.1297,485.5443,0.0083,1.9048,0.9502,1033,35.41000000000001,201.83107850829072,384.2675,586.2122,485.2398,0.075,1.1319,0.8696,1033,35.41000000000001,202.79923273866714,384.2675,587.2724,485.77,0.0,1.1319,1.6202,1033,35.41000000000001,190.67827479870166,394.9225,585.6008,490.2617,0.1417,9.1015,0.6281,1033,35.41000000000001
201.44001811196713,384.3034,585.5219,484.9126,0.0583,1.9663,0.7,1034,35.44833333333334,200.7954188475411,384.8097,585.4735,485.1416,0.0167,1.9887,0.6515,1034,35.44833333333334,201.92914321223088,384.2564,585.9977,485.1271,0.0917,1.4785,0.5914,1034,35.44833333333334,202.90117493361095,384.273,587.2956,485.7843,0.0,1.3997,1.7364,1034,35.44833333333334,192.09009162735674,393.5403,585.6304,489.5854,0.0917,9.9216,0.6502,1034,35.44833333333334
201.28651627349853,384.3624,585.601,484.9817,0.075,2.1221,0.6463,1035,35.480000000000004,200.55346521533716,385.0094,585.4831,485.2462,0.0083,1.995,0.6908,1035,35.480000000000004,201.93948877557463,384.261,586.0667,485.1638,0.0917,1.3947,0.6296,1035,35.480000000000004,202.91851999385088,384.2775,587.3223,485.7999,0.0,1.3741,1.6973,1035,35.480000000000004,191.69080491329134,393.9102,585.601,489.7556,0.1083,12.5839,0.6463,1035,35.480000000000004
201.35567048542657,384.254,585.6205,484.9372,0.0917,2.1982,0.6574,1036,35.52333333333333,200.84052483987884,384.756,585.4829,485.1194,0.0083,2.1336,0.711,1036,35.52333333333333,201.94065057174853,384.2653,586.067,485.1662,0.0917,1.2955,0.6288,1036,35.52333333333333,202.9084230659783,384.2814,587.3218,485.8016,0.0,1.301,1.6987,1036,35.52333333333333,192.2719107668601,393.3486,585.6205,489.4846,0.0833,8.8778,0.6574,1036,35.52333333333333
201.06513677498438,384.4401,585.0605,484.7503,0.075,2.1322,0.6817,1037,35.54333333333334,200.79331425206146,384.8141,585.4775,485.1458,0.0083,2.178,0.6846,1037,35.54333333333334,201.94886621269242,384.2582,586.0664,485.1623,0.0917,1.3,0.6096,1037,35.54333333333334,202.91313172835632,384.2743,587.3201,485.7972,0.0,1.3146,1.6911,1037,35.54333333333334,191.16486730327676,393.8612,585.0605,489.4609,0.075,9.2211,0.6817,1037,35.54333333333334
200.898247828959,384.5217,585.0289,484.7753,0.0667,2.2729,0.6083,1038,35.583333333333336,200.9230129115507,384.763,585.7396,485.2513,0.0083,2.4615,0.7732,1038,35.583333333333336,201.91642488166423,384.2299,586.2202,485.225,0.0833,1.3561,0.8016,1038,35.583333333333336,202.8674254372066,384.2461,587.247,485.7465,0.0,1.3461,1.7493,1038,35.583333333333336,187.90869310260842,397.1202,585.0289,491.0746,0.1167,5.9687,0.6083,1038,35.583333333333336
201.11900608874808,384.3485,585.3963,484.8724,0.1,2.1951,0.7144,1039,35.61,200.14280893549133,385.0573,585.1176,485.0875,0.0167,2.7088,0.763,1039,35.61,202.15077463549736,383.8131,585.9213,484.8672,0.0917,1.3316,0.5959,1039,35.61,202.8724360497241,384.1004,587.0488,485.5746,0.0,1.5598,1.6946,1039,35.61,189.96361606255795,395.4327,585.3963,490.4145,0.0667,7.7329,0.7144,1039,35.61
200.88178155427633,384.4661,585.367,484.9165,0.0917,2.2366,0.7224,1040,35.64333333333334,200.16679333938114,384.9799,585.0926,485.0363,0.0167,2.9236,0.7093,1040,35.64333333333334,202.12011651004582,383.6859,585.6654,484.6757,0.0917,1.5283,0.4912,1040,35.64333333333334,203.10728371352994,383.6859,586.9923,485.3391,0.0,1.5283,1.7556,1040,35.64333333333334,189.66158230484695,395.7054,585.367,490.5362,0.075,6.7513,0.7224,1040,35.64333333333334
200.88575230762382,384.4205,585.3255,484.873,0.0833,2.4138,0.8026,1041,35.685,200.2182734196493,384.898,585.1038,485.0009,0.0167,3.0089,0.7157,1041,35.685,202.1497177806425,383.6798,585.6636,484.6717,0.1,1.7581,0.5252,1041,35.685,202.99765759970091,383.7757,586.992,485.3839,0.0,1.7358,1.7372,1041,35.685,188.29840874387958,397.0271,585.3255,491.1763,0.0667,6.5547,0.8026,1041,35.685
200.86696064195692,384.4511,585.3108,484.8809,0.075,2.5524,0.6972,1042,35.71,200.19827516503062,384.9227,585.0963,485.0095,0.0167,3.0202,0.7604,1042,35.71,202.2097076940708,383.7086,585.7402,484.7244,0.0917,1.8069,0.4613,1042,35.71,202.97738200705223,383.8059,586.9963,485.4011,0.0,1.8372,1.7174,1042,35.71,188.2682822954113,397.0425,585.3108,491.1767,0.0583,6.5912,0.6972,1042,35.71
200.66192699324782,384.614,585.3436,484.9788,0.075,2.7125,0.7971,1043,35.74333333333333,200.15797067142583,384.9745,585.1202,485.0473,0.0167,2.9044,0.7672,1043,35.74333333333333,202.1829143802563,383.7572,585.8729,484.8151,0.0917,1.7056,0.5326,1043,35.74333333333333,202.8140584153286,384.1373,587.0157,485.5765,0.0,1.817,1.7118,1043,35.74333333333333,187.86372669739487,397.4798,585.3436,491.4117,0.075,7.0649,0.7971,1043,35.74333333333333
200.86789072774468,384.3232,584.9055,484.6144,0.0583,2.6901,0.5788,1044,35.79,201.03522291582897,384.5887,585.7665,485.1776,0.0083,2.7638,0.9284,1044,35.79,202.65494500986713,383.8747,586.578,485.2263,0.0583,1.5733,1.1812,1044,35.79,203.12124545103916,383.8544,587.1185,485.4864,0.0083,1.3215,1.9557,1044,35.79,188.59330008880676,396.3122,584.9055,490.6089,0.0583,6.2137,0.5788,1044,35.79
201.29507737143481,384.0625,584.9094,484.4859,0.0667,2.2505,0.5579,1045,35.81166666666667,201.2844445049848,384.5146,585.8617,485.1881,0.0083,2.2394,1.0747,1045,35.81166666666667,202.82857215960354,383.7585,586.7231,485.2408,0.0417,1.4532,1.6383,1045,35.81166666666667,203.11757739119793,383.8601,587.1216,485.4908,0.0083,1.3411,2.0209,1045,35.81166666666667,185.85959024928826,399.0498,584.9094,491.9796,0.0833,4.1723,0.5579,1045,35.81166666666667
201.55700069317678,383.7248,584.8555,484.2901,0.1,1.8602,0.4689,1046,35.843333333333334,201.10019161437606,384.5843,585.7909,485.1876,0.0083,2.0296,0.9644,1046,35.843333333333334,202.28830612758958,383.7673,586.0936,484.9305,0.0833,1.4268,0.8772,1046,35.843333333333334,203.06546465940508,383.8702,587.078,485.4741,0.0083,1.2471,2.0102,1046,35.843333333333334,190.13719254451385,394.7183,584.8555,489.7869,0.0583,7.4997,0.4689,1046,35.843333333333334
201.47099368459251,383.9093,584.9288,484.419,0.075,1.9662,0.5813,1047,35.88666666666667,200.94777219698636,384.6321,585.5408,485.0864,0.0083,2.0995,0.7901,1047,35.88666666666667,202.52406778830084,383.9328,586.5134,485.2231,0.0583,1.4578,1.1879,1047,35.88666666666667,203.24052412046584,383.8059,587.1861,485.496,0.0083,1.44,1.9285,1047,35.88666666666667,190.21311495906346,394.7157,584.9288,489.8222,0.0417,9.1202,0.5813,1047,35.88666666666667
201.2893052127921,383.9834,584.9607,484.472,0.0833,1.7815,0.5988,1048,35.91000000000001,200.74288449055757,384.8027,585.5675,485.1851,0.0083,1.8845,0.7861,1048,35.91000000000001,202.48716116703008,383.9806,586.5128,485.2467,0.0583,1.449,1.1878,1048,35.91000000000001,203.20610142870203,383.8568,587.1861,485.5215,0.0083,1.4258,1.9219,1048,35.91000000000001,190.0900524631567,394.8706,584.9607,489.9156,0.0417,9.0704,0.5988,1048,35.91000000000001
201.22123400184634,384.0448,584.9496,484.4972,0.1,1.7437,0.6372,1049,35.943333333333335,200.51443016811027,385.1587,585.8012,485.48,0.0083,1.9429,0.9516,1049,35.943333333333335,202.50660256840385,384.066,586.618,485.342,0.05,1.595,1.1513,1049,35.943333333333335,203.10838653698616,383.9399,587.1663,485.5531,0.0083,1.4768,2.0401,1049,35.943333333333335,188.19372108746904,396.7559,584.9496,490.8527,0.075,6.0284,0.6372,1049,35.943333333333335
201.37175624887033,384.0025,584.9631,484.4828,0.1167,1.6849,0.5999,1050,35.99,200.49686009756257,385.266,585.8494,485.5577,0.0083,1.9893,0.9114,1050,35.99,201.8853649370968,384.1965,586.1538,485.1751,0.0917,1.6394,0.8562,1050,35.99,202.9640225389824,384.0365,587.1668,485.6016,0.0083,1.3986,1.9635,1050,35.99,183.97125055400426,400.9919,584.9631,492.9775,0.125,3.2341,0.5999,1050,35.99
201.51414364990285,384.161,585.6734,484.9172,0.1083,1.745,0.6877,1051,36.02333333333333,200.13629020023853,385.322,585.414,485.368,0.0083,2.1701,0.6445,1051,36.02333333333333,201.91218570056844,384.1372,586.153,485.1451,0.0833,1.4824,0.875,1051,36.02333333333333,202.9051333062382,384.1372,587.1676,485.6524,0.0083,1.4824,1.9671,1051,36.02333333333333,184.8355823755119,400.8378,585.6734,493.2556,0.1167,3.2441,0.6877,1051,36.02333333333333
201.48066163598148,384.1763,585.5982,484.8873,0.0833,1.9116,0.6487,1052,36.04333333333334,200.14937274163782,385.3519,585.4612,485.4065,0.0083,2.0905,0.6656,1052,36.04333333333334,201.83736761005986,384.1598,585.8648,485.0123,0.0917,1.4754,0.5127,1052,36.04333333333334,202.87290998066524,384.1598,587.1563,485.6581,0.0083,1.4754,1.8269,1052,36.04333333333334,184.06155523874608,401.5367,585.5982,493.5675,0.0833,3.1003,0.6487,1052,36.04333333333334
201.54396546723808,384.1217,585.6105,484.8661,0.0917,1.8279,0.6423,1053,36.07666666666667,200.13827844885458,385.2912,585.3675,485.3294,0.0083,1.9389,0.6349,1053,36.07666666666667,201.85244788891694,384.1607,585.909,485.0348,0.0917,1.4947,0.5339,1053,36.07666666666667,202.89201285207844,384.1607,587.1737,485.6672,0.0083,1.4947,1.8201,1053,36.07666666666667,184.0747869547514,401.5357,585.6105,493.5731,0.0917,3.055,0.6423,1053,36.07666666666667
201.80739261707845,383.8585,585.3699,484.6142,0.1,1.2988,0.7513,1054,36.115,200.830225621955,385.1972,586.0932,485.6452,0.0167,1.7731,0.9885,1054,36.115,201.49861865913107,384.2284,585.7271,484.9777,0.1333,0.6629,0.6195,1054,36.115,202.8545989851702,384.2489,587.2479,485.7484,0.0,0.8155,1.8349,1054,36.115,183.67440250260546,401.6955,585.3699,493.5327,0.1083,3.6119,0.7513,1054,36.115
201.57989869244548,384.1336,585.4014,484.7675,0.1,1.5665,0.8003,1055,36.14333333333334,200.46183193794275,385.3187,585.8049,485.5618,0.0083,1.7314,0.9967,1055,36.14333333333334,201.18062932188874,384.2994,585.4866,484.893,0.125,0.9345,0.6735,1055,36.14333333333334,202.69008453738363,384.3155,587.1945,485.755,0.0,0.9045,1.7777,1055,36.14333333333334,183.15749937011537,402.2439,585.4014,493.8226,0.1083,3.375,0.8003,1055,36.14333333333334
201.56952925619393,384.1568,585.4151,484.7859,0.1083,1.4367,0.7811,1056,36.17666666666667,200.57722751883406,385.3532,585.9511,485.6522,0.0083,1.6602,1.1297,1056,36.17666666666667,201.1749291137884,384.3053,585.4869,484.8961,0.125,0.9366,0.6725,1056,36.17666666666667,202.68719472699908,384.3165,587.1943,485.7554,0.0,0.9023,1.7891,1056,36.17666666666667,182.4426017827341,402.9725,585.4151,494.1938,0.1167,3.022,0.7811,1056,36.17666666666667
201.60662086241737,384.1478,585.4727,484.8102,0.1,1.4686,0.7793,1057,36.21,200.7095742231247,385.3399,586.0727,485.7063,0.0083,1.6628,1.1291,1057,36.21,201.1827703072276,384.3094,585.4948,484.9021,0.125,0.8826,0.6686,1057,36.21,202.69859020550277,384.3125,587.2066,485.7595,0.0,0.8716,1.7864,1057,36.21,182.9889301753393,402.4838,585.4727,493.9782,0.1167,3.2817,0.7793,1057,36.21
201.61618138161447,384.1208,585.4714,484.7961,0.1,1.5451,0.7897,1058,36.24333333333333,200.7273607890178,385.3262,586.0749,485.7005,0.0083,1.7296,1.1839,1058,36.24333333333333,201.19925619532623,384.2998,585.5127,484.9063,0.125,0.9027,0.6501,1058,36.24333333333333,202.6986011313835,384.3198,587.2118,485.7658,0.0,0.9288,1.7988,1058,36.24333333333333,183.12754409907402,402.3438,585.4714,493.9076,0.1167,2.9758,0.7897,1058,36.24333333333333
201.52768731693914,384.1684,585.5063,484.8373,0.1083,1.5469,0.817,1059,36.27666666666667,200.79066046431976,385.3021,586.0935,485.6978,0.0083,1.6919,1.2062,1059,36.27666666666667,201.40519846401904,384.3754,585.7806,485.078,0.1167,0.7247,0.6259,1059,36.27666666666667,202.69460400703935,384.3281,587.2351,485.7816,0.0,0.8926,1.8268,1059,36.27666666666667,183.78460425041848,401.7217,585.5063,493.614,0.1083,3.7491,0.817,1059,36.27666666666667
201.57678424420723,384.2237,585.5599,484.8918,0.1,1.5639,0.6782,1060,36.31,200.84723913071926,385.43,586.3133,485.8717,0.0083,1.938,1.1976,1060,36.31,201.37075894883142,384.4454,585.8162,485.1308,0.1,1.0258,0.7305,1060,36.31,202.65071992390097,384.4328,587.2905,485.8617,0.0,1.0239,1.69,1060,36.31,183.3579976835448,402.2019,585.5599,493.8809,0.125,3.421,0.6782,1060,36.31
201.79035535006253,383.9969,585.634,484.8155,0.1083,1.4576,0.7297,1061,36.343333333333334,200.78796393596528,385.4083,586.2534,485.8308,0.0083,1.8446,1.1194,1061,36.343333333333334,201.31794364485677,384.5474,585.8653,485.2063,0.125,0.8236,0.7221,1061,36.343333333333334,202.6224450523248,384.542,587.3705,485.9563,0.0,0.9618,1.6646,1061,36.343333333333334,183.39599975197177,402.238,585.634,493.936,0.1167,3.3588,0.7297,1061,36.343333333333334
201.79045296669105,384.0036,585.5681,484.7858,0.1083,1.5033,0.7035,1062,36.37666666666667,200.68675578590012,385.4156,586.1664,485.791,0.0083,1.6692,0.9948,1062,36.37666666666667,201.29939442727598,384.5474,585.8468,485.1971,0.1417,0.8218,0.6749,1062,36.37666666666667,202.71296429147066,384.538,587.4399,485.989,0.0,0.961,1.8755,1062,36.37666666666667,182.99542528182326,402.5726,585.5681,494.0703,0.125,3.147,0.7035,1062,36.37666666666667
201.60293288693174,384.1356,585.5649,484.8503,0.1083,1.2209,0.6786,1063,36.41000000000001,200.52355166697475,385.4726,586.0655,485.7691,0.0083,1.7983,0.8471,1063,36.41000000000001,201.42627183878392,384.5382,585.9644,485.2513,0.1333,0.7994,0.6258,1063,36.41000000000001,202.7137876832606,384.5823,587.4739,486.0281,0.0,0.8981,1.8902,1063,36.41000000000001,183.34208786756682,402.2228,585.5649,493.8939,0.1167,3.4041,0.6786,1063,36.41000000000001
201.3335523998236,384.5578,585.8093,485.1836,0.1083,1.4747,0.669,1064,36.44833333333334,200.5985731206185,385.3685,585.8717,485.6201,0.0083,2.1965,0.8169,1064,36.44833333333334,202.01715197007215,384.6087,586.7382,485.6735,0.0583,1.2865,0.8986,1064,36.44833333333334,202.80136461612446,384.6087,587.5684,486.0886,0.0,1.2865,1.7377,1064,36.44833333333334,189.72301050500042,396.0863,585.8093,490.9478,0.0667,9.4821,0.669,1064,36.44833333333334
201.40196565750952,384.4778,585.7994,485.1386,0.125,1.4502,0.671,1065,36.47666666666667,200.69063310561359,385.3828,586.0867,485.7348,0.0083,2.0034,0.9042,1065,36.47666666666667,202.01614872306317,384.6101,586.7382,485.6741,0.0583,1.2755,0.8986,1065,36.47666666666667,202.8004744113566,384.6101,587.5684,486.0892,0.0,1.2755,1.7377,1065,36.47666666666667,187.54160924661167,398.2578,585.7994,492.0286,0.0917,5.6542,0.671,1065,36.47666666666667
201.45680406930438,384.4209,585.801,485.1109,0.125,1.5046,0.6551,1066,36.52333333333333,200.69340162052768,385.488,586.266,485.877,0.0083,2.1882,0.9245,1066,36.52333333333333,202.0038458845134,384.6169,586.7376,485.6772,0.0583,1.286,0.8984,1066,36.52333333333333,202.78669233653952,384.6169,587.5679,486.0924,0.0,1.286,1.7535,1066,36.52333333333333,184.57164486447036,401.2294,585.801,493.5152,0.1333,4.0826,0.6551,1066,36.52333333333333
201.4430228215358,384.4394,585.8119,485.1257,0.1333,1.4728,0.6737,1067,36.54333333333334,200.58887060477645,385.4977,586.1003,485.799,0.0083,2.1211,0.8915,1067,36.54333333333334,202.02235727193556,384.625,586.7223,485.6736,0.05,1.3235,0.864,1067,36.54333333333334,202.75141458928428,384.625,587.5331,486.079,0.0,1.3235,1.7944,1067,36.54333333333334,189.40360505483704,396.4083,585.8119,491.1101,0.0667,9.1235,0.6737,1067,36.54333333333334
201.4541577564372,384.4219,585.7991,485.1105,0.1333,1.3944,0.6961,1068,36.57666666666667,200.58577944618867,385.4882,586.0859,485.7871,0.0083,2.1893,0.9005,1068,36.57666666666667,202.00820961171308,384.6204,586.7417,485.681,0.0583,1.2697,0.9218,1068,36.57666666666667,202.7921010775275,384.6204,587.5715,486.0959,0.0,1.2697,1.744,1068,36.57666666666667,189.39893814293507,396.4001,585.7991,491.0996,0.0667,9.1967,0.6961,1068,36.57666666666667
201.5353486561705,384.4404,585.759,485.0997,0.1167,1.299,0.6697,1069,36.61,200.74494435691275,385.3505,586.1304,485.7404,0.0167,1.5547,0.8926,1069,36.61,202.01942343699378,384.6125,586.7407,485.6766,0.0583,1.2315,0.9218,1069,36.61,202.804441688317,384.6125,587.5703,486.0914,0.0,1.2315,1.7702,1069,36.61,189.54689001461048,396.2519,585.7988,491.0253,0.0667,9.3065,0.6904,1069,36.61
201.45104050666475,384.4257,585.8024,485.1141,0.125,1.2938,0.6934,1070,36.64333333333334,200.7367159627062,385.3392,586.0883,485.7138,0.0083,1.6732,0.9016,1070,36.64333333333334,202.02842367761647,384.6063,586.7433,485.6748,0.0583,1.2694,0.9231,1070,36.64333333333334,202.81324022034545,384.6063,587.5724,486.0893,0.0,1.2694,1.7508,1070,36.64333333333334,189.5503545917349,396.2521,585.8024,491.0272,0.0667,9.3131,0.6934,1070,36.64333333333334
201.44556989007268,384.4234,585.7981,485.1108,0.125,1.3177,0.6886,1071,36.67666666666667,200.74053023118742,385.3306,586.0843,485.7074,0.0083,1.649,0.8921,1071,36.67666666666667,202.02423105584373,384.6085,586.739,485.6737,0.0583,1.2897,0.9085,1071,36.67666666666667,202.81045309018768,384.6085,587.569,486.0888,0.0,1.2897,1.7422,1071,36.67666666666667,187.54146171496987,398.2567,585.7981,492.0274,0.0917,5.6622,0.6886,1071,36.67666666666667
201.43363250131773,384.4215,585.7551,485.0883,0.1167,1.2884,0.6747,1072,36.71,200.59872124375877,385.3295,585.8157,485.5726,0.0083,1.6786,0.7804,1072,36.71,202.02264596867172,384.602,586.7244,485.6632,0.0583,1.2913,0.8937,1072,36.71,202.80829118250702,384.602,587.5548,486.0784,0.0,1.2913,1.7067,1072,36.71,187.49773604423316,398.2574,585.7551,492.0062,0.0833,5.6649,0.6747,1072,36.71
201.53647644329584,384.4244,585.7257,485.0751,0.1,1.379,0.6887,1073,36.74333333333333,200.71607141339783,385.3326,586.0413,485.687,0.0167,1.6538,0.8459,1073,36.74333333333333,202.0155093553073,384.608,586.7229,485.6654,0.0583,1.2599,0.9023,1073,36.74333333333333,202.8014643469523,384.608,587.5536,486.0808,0.0,1.2599,1.7115,1073,36.74333333333333,187.50971396620844,398.2534,585.7631,492.0082,0.075,5.6676,0.6732,1073,36.74333333333333
201.57935535857837,384.2004,585.4327,484.8166,0.1667,1.3806,0.7234,1074,36.78,201.16882121533658,385.3246,586.5269,485.9257,0.0167,1.9862,1.2752,1074,36.78,201.89114862297035,384.5735,586.4945,485.534,0.1167,0.8278,0.7869,1074,36.78,202.83401989723365,384.5622,587.5431,486.0527,0.0,1.1415,1.85,1074,36.78,182.7548398787515,403.0194,585.7743,494.3969,0.1333,2.2245,0.7397,1074,36.78
201.59891841942718,384.1798,585.4345,484.8071,0.1667,1.4035,0.7223,1075,36.81166666666667,201.18454056125455,385.3078,586.5273,485.9176,0.0167,2.0857,1.2731,1075,36.81166666666667,201.58336542171475,384.7699,586.4955,485.6327,0.125,0.9488,0.7845,1075,36.81166666666667,202.8153071520916,384.5706,587.5432,486.0569,0.0083,1.1102,1.8485,1075,36.81166666666667,182.95000157371751,402.8281,585.7781,494.3031,0.1167,2.249,0.7472,1075,36.81166666666667
201.6332963822541,384.1943,585.4321,484.8132,0.1667,1.335,0.723,1076,36.843333333333334,201.1629870686835,385.3365,586.5286,485.9325,0.0167,1.9761,1.282,1076,36.843333333333334,201.8583630587006,384.5492,586.4866,485.5179,0.1083,0.9981,0.7752,1076,36.843333333333334,202.81230468312194,384.5809,587.5404,486.0607,0.0,1.206,1.7381,1076,36.843333333333334,183.0742999342235,402.7026,585.7769,494.2397,0.125,2.1966,0.7276,1076,36.843333333333334
201.53012383923533,384.2322,585.3816,484.8069,0.15,1.3046,0.7437,1077,36.87666666666667,201.00713833799063,385.2774,586.352,485.8147,0.0167,1.9878,1.111,1077,36.87666666666667,201.88105450743706,384.5917,586.4872,485.5395,0.1167,0.831,0.7766,1077,36.87666666666667,202.85272199797126,384.578,587.5701,486.0741,0.0,1.227,1.7981,1077,36.87666666666667,183.83737981684476,401.8358,585.6732,493.7545,0.1083,2.5549,0.6724,1077,36.87666666666667
201.521572708333,384.2588,585.3754,484.8171,0.15,1.403,0.7555,1078,36.915,200.9808319908525,385.2997,586.3497,485.8247,0.0167,2.0648,1.1009,1078,36.915,201.86931108198348,384.6059,586.4872,485.5465,0.1167,0.9168,0.775,1078,36.915,202.8398478365443,384.5856,587.5683,486.0769,0.0,1.1608,1.7974,1078,36.915,182.94937439137595,402.7178,585.6671,494.1925,0.1417,2.1857,0.6659,1078,36.915
201.50884036472954,384.2828,585.3745,484.8287,0.15,1.4491,0.7676,1079,36.943333333333335,200.958654454989,385.325,586.3505,485.8378,0.0167,1.9883,1.1118,1079,36.943333333333335,201.87264976546757,384.597,586.4863,485.5417,0.1167,0.9055,0.7708,1079,36.943333333333335,202.84311804876396,384.5825,587.5658,486.0742,0.0,1.1696,1.7937,1079,36.943333333333335,183.0547824467872,402.715,585.7698,494.2424,0.1417,2.1227,0.7407,1079,36.943333333333335
201.5118939014552,384.262,585.3749,484.8185,0.15,1.3969,0.7567,1080,36.97666666666667,200.97870982983957,385.3024,586.3498,485.8261,0.0167,2.0263,1.1073,1080,36.97666666666667,201.87319486655753,384.5966,586.4866,485.5416,0.1167,0.9045,0.7712,1080,36.97666666666667,202.84372224082276,384.5827,587.5661,486.0744,0.0,1.1708,1.7939,1080,36.97666666666667,182.5129145389223,403.2575,585.7704,494.5139,0.15,1.9039,0.7424,1080,36.97666666666667
200.1465367022988,385.2502,585.3967,485.3234,0.1417,1.1345,0.7412,1081,37.016666666666666,200.82351128534748,385.4961,586.3568,485.9264,0.0167,2.2172,1.1,1081,37.016666666666666,201.8526367683918,384.6242,586.4842,485.5542,0.1167,0.8819,0.75,1081,37.016666666666666,202.82111380565146,384.5978,587.5625,486.0802,0.0,1.0836,1.7918,1081,37.016666666666666,182.70967801731445,403.0816,585.7913,494.4364,0.15,1.8196,0.7283,1081,37.016666666666666
201.22049761182151,384.6563,585.4448,485.0506,0.1167,1.3114,0.6834,1082,37.04333333333334,200.83258138515535,385.5357,586.3954,485.9656,0.0167,2.2546,1.0564,1082,37.04333333333334,201.84955879962328,384.6819,586.5135,485.5977,0.1167,0.8419,0.7782,1082,37.04333333333334,202.83784273040206,384.6175,587.6155,486.1165,0.0,1.0858,1.9391,1082,37.04333333333334,182.42255281347232,403.3525,585.775,494.5637,0.1583,2.1582,0.7089,1082,37.04333333333334
201.1670054398563,384.6643,585.4413,485.0528,0.1167,1.3192,0.6906,1083,37.07666666666667,200.82540213199366,385.5441,586.3973,485.9707,0.0167,2.1968,1.057,1083,37.07666666666667,201.83085142686372,384.6309,586.514,485.5724,0.1083,0.9387,0.7776,1083,37.07666666666667,202.83713312573718,384.6175,587.6156,486.1165,0.0,1.1179,1.9388,1083,37.07666666666667,182.6426314658692,403.1303,585.7729,494.4516,0.1583,1.817,0.7175,1083,37.07666666666667
201.2285173652294,384.6398,585.8683,485.254,0.1083,1.1653,0.698,1084,37.123333333333335,200.69409966176548,385.3576,585.8781,485.6179,0.0083,1.5002,0.681,1084,37.123333333333335,201.61727301297336,384.8564,586.5444,485.7004,0.1167,0.9039,0.7528,1084,37.123333333333335,202.70625348509574,384.6013,587.5335,486.0674,0.0,1.0192,1.7211,1084,37.123333333333335,189.22095137880814,396.7504,585.8683,491.3094,0.0917,5.7075,0.698,1084,37.123333333333335
200.67957925531283,384.9744,585.7087,485.3415,0.1167,0.8536,0.7019,1085,37.14333333333334,200.68723146176694,385.0397,585.5636,485.3017,0.0167,1.6678,0.729,1085,37.14333333333334,202.2012478229314,384.0399,586.3013,485.1706,0.075,1.3402,0.8232,1085,37.14333333333334,202.90390057152294,384.1799,587.3003,485.7401,0.0,1.3906,1.7996,1085,37.14333333333334,187.09981582223145,398.6088,585.7087,492.1587,0.1,4.7529,0.7019,1085,37.14333333333334
200.54183471121215,385.0617,585.7343,485.398,0.125,1.0275,0.7275,1086,37.17666666666667,200.53133124185055,385.2051,585.5247,485.3649,0.0167,1.7454,0.6541,1086,37.17666666666667,202.2487017583598,383.9614,586.2714,485.1164,0.075,1.3373,0.8742,1086,37.17666666666667,202.93236733070563,384.1044,587.2732,485.6888,0.0,1.2935,1.8382,1086,37.17666666666667,184.22879077672283,401.5055,585.7343,493.6199,0.1417,3.1274,0.7275,1086,37.17666666666667
201.01235304119496,384.6461,585.5895,485.1178,0.1083,1.4274,0.6177,1087,37.223333333333336,200.59155041948745,385.0758,585.4807,485.2782,0.0417,1.5476,0.6195,1087,37.223333333333336,201.86761185082673,384.1675,585.7307,484.9491,0.1083,1.1236,0.5543,1087,37.223333333333336,202.92551420140455,384.0095,587.1634,485.5864,0.0083,1.2388,1.7525,1087,37.223333333333336,187.26149666921006,398.1099,585.3714,491.7407,0.05,5.0675,0.634,1087,37.223333333333336
201.6234857521824,383.9603,585.2206,484.5905,0.0917,1.4036,0.6065,1088,37.24333333333333,200.89094953638096,384.9348,585.7756,485.3552,0.025,1.8278,0.7393,1088,37.24333333333333,201.64085123127998,384.3621,585.7176,485.0398,0.125,1.2173,0.5488,1088,37.24333333333333,202.94274987357608,384.006,587.1508,485.5784,0.0,1.0888,1.7406,1088,37.24333333333333,182.5045571812817,402.7161,585.2206,493.9683,0.1167,2.5383,0.6065,1088,37.24333333333333
201.60999416416632,384.0654,585.238,484.6517,0.0917,1.4174,0.6134,1089,37.27666666666667,200.83385377261214,385.01,585.7912,485.4006,0.025,1.6585,0.725,1089,37.27666666666667,201.66419572998186,384.3981,585.989,485.1935,0.1167,1.3144,0.6818,1089,37.27666666666667,202.97978345160482,384.0471,587.2215,485.6343,0.0,1.1164,1.7869,1089,37.27666666666667,186.5024226494401,398.7356,585.238,491.9868,0.0667,4.1,0.6134,1089,37.27666666666667
201.35391539404162,384.3894,585.3615,484.8754,0.0833,1.4623,0.6043,1090,37.32,200.608451267482,385.161,585.6476,485.4043,0.025,1.8217,0.6898,1090,37.32,201.7174037146407,384.3881,586.1055,485.2468,0.1333,1.0973,0.6211,1090,37.32,202.83528945218035,384.3434,587.2799,485.8116,0.0,1.3504,1.8111,1090,37.32,183.3545921697334,402.0069,585.3615,493.6842,0.1083,3.3919,0.6043,1090,37.32
201.23698693360976,384.5947,585.4747,485.0347,0.0667,1.4228,0.6454,1091,37.343333333333334,200.55069793852704,385.2049,585.5563,485.3806,0.0167,2.1035,0.6815,1091,37.343333333333334,201.99755148543096,384.3582,586.5105,485.4343,0.1167,1.0995,0.7515,1091,37.343333333333334,202.8950953163315,384.3867,587.3869,485.8868,0.0,1.3441,1.7501,1091,37.343333333333334,189.40546194672152,396.0693,585.4747,490.772,0.125,4.7286,0.6454,1091,37.343333333333334
201.25653915567167,384.5941,585.7298,485.1619,0.1,1.46,0.5665,1092,37.37666666666667,200.549251528676,385.2155,585.5984,485.4069,0.025,1.8819,0.6092,1092,37.37666666666667,202.0511109874624,384.381,586.6049,485.4929,0.1083,1.2947,0.7657,1092,37.37666666666667,202.77720990720206,384.5414,587.4159,485.9786,0.0083,1.3584,1.7781,1092,37.37666666666667,191.30637691815753,394.4234,585.7298,490.0766,0.175,4.6675,0.5665,1092,37.37666666666667
200.9681258176808,384.8361,585.4567,485.1464,0.0833,1.6515,0.5435,1093,37.42333333333334,200.64699969291135,385.1264,585.6179,485.3722,0.025,1.8114,0.6145,1093,37.42333333333334,201.84801427160335,384.4863,586.2132,485.3497,0.0917,1.3137,0.7091,1093,37.42333333333334,202.79069410702417,384.4863,587.4217,485.954,0.0083,1.3137,1.8136,1093,37.42333333333334,185.04572277665372,400.411,585.4567,492.9338,0.1917,3.3684,0.5435,1093,37.42333333333334
200.8555314202561,385.2203,586.0119,485.6161,0.0667,2.4321,0.9019,1094,37.44666666666667,200.96985219565866,385.3369,586.3953,485.8661,0.0333,2.5105,1.1733,1094,37.44666666666667,201.7828826419758,384.5791,586.317,485.4481,0.0833,1.2551,0.6092,1094,37.44666666666667,202.63203951587548,384.7008,587.5028,486.1018,0.0083,1.3892,1.6793,1094,37.44666666666667,183.19058566198603,402.9718,586.1027,494.5372,0.1333,2.4649,0.8567,1094,37.44666666666667
200.79188541987418,385.2394,585.9478,485.5936,0.0667,2.4702,0.9463,1095,37.47666666666667,200.7962553402082,385.3598,586.1842,485.772,0.0333,2.5272,1.1286,1095,37.47666666666667,201.77922194205564,384.5825,586.3158,485.4492,0.0833,1.2722,0.6086,1095,37.47666666666667,202.62387848911553,384.7043,587.5,486.1022,0.0083,1.3314,1.6889,1095,37.47666666666667,182.67738409808643,403.3495,586.0269,494.6882,0.1583,2.2577,0.8898,1095,37.47666666666667
200.83679810416922,385.2279,585.9994,485.6136,0.0667,2.5247,0.9375,1096,37.52333333333333,200.95120403805893,385.3464,586.3794,485.8629,0.0333,2.5633,1.2395,1096,37.52333333333333,201.78391648742345,384.5632,586.3155,485.4394,0.0833,1.2912,0.6054,1096,37.52333333333333,202.65897527647408,384.6856,587.5248,486.1052,0.0,1.2481,1.7395,1096,37.52333333333333,183.64129909631575,402.5615,586.0952,494.3283,0.1667,2.8438,0.8808,1096,37.52333333333333
200.62090325330564,385.3567,585.9599,485.6583,0.0583,2.5814,0.9665,1097,37.54333333333334,200.80634598242216,385.3567,586.1914,485.7741,0.0333,2.5814,1.1015,1097,37.54333333333334,201.8104685927132,384.5845,586.3216,485.4531,0.0833,1.3077,0.5552,1097,37.54333333333334,202.6273705456356,384.7062,587.5018,486.104,0.0083,1.2582,1.6634,1097,37.54333333333334,183.6924458056076,402.3458,586.0383,494.1921,0.1333,3.0322,0.9016,1097,37.54333333333334
200.51227187349795,385.496,586.0091,485.7526,0.0583,2.6311,0.8943,1098,37.57666666666667,200.80437586949768,385.496,586.3909,485.9435,0.0333,2.6311,1.1144,1098,37.57666666666667,201.77847058516713,384.6,586.3202,485.4601,0.0833,1.2991,0.5584,1098,37.57666666666667,202.60457136815901,384.7212,587.5021,486.1116,0.0083,1.3077,1.6829,1098,37.57666666666667,182.48502457354942,403.6736,586.0966,494.8851,0.175,2.2604,0.8559,1098,37.57666666666667
200.4892798854879,385.5228,586.031,485.7769,0.075,2.6885,0.9855,1099,37.61,200.81618991059256,385.5228,586.3708,485.9468,0.0333,2.6885,1.2944,1099,37.61,201.75291880557594,384.604,586.3217,485.4628,0.0833,1.3897,0.6099,1099,37.61,202.58156655779635,384.7256,587.5009,486.1133,0.0083,1.3087,1.6891,1099,37.61,182.42136504077885,403.529,585.9504,494.7397,0.1417,2.1678,0.9504,1099,37.61
200.7158945709508,385.3736,586.0195,485.6966,0.0667,2.4147,0.8942,1100,37.64333333333334,200.83124170322702,385.485,586.4034,485.9442,0.0333,2.46,1.2367,1100,37.64333333333334,201.80544603180135,384.5966,586.3613,485.479,0.0833,1.4175,0.6022,1100,37.64333333333334,202.6253040616875,384.7185,587.5266,486.1226,0.0083,1.3384,1.6993,1100,37.64333333333334,184.57947563543175,401.6351,586.1096,493.8723,0.1417,3.641,0.8103,1100,37.64333333333334
200.48607540715477,385.5209,585.9931,485.757,0.0583,2.7127,0.9732,1101,37.67666666666667,200.6668418412011,385.5209,586.2143,485.8676,0.0333,2.7127,1.1497,1101,37.67666666666667,201.49698513149528,384.6032,586.0965,485.3498,0.1083,1.2392,0.5223,1101,37.67666666666667,202.5754993543019,384.7249,587.5292,486.1271,0.0083,1.2016,1.7009,1101,37.67666666666667,184.96394879333252,401.0506,586.0146,493.5326,0.1,4.086,0.9616,1101,37.67666666666667
200.654046074623,385.5106,586.2074,485.859,0.1,2.368,0.9967,1102,37.71,200.9144912157326,385.6304,586.5784,486.1044,0.025,2.6242,1.3307,1102,37.71,201.41264953056495,384.7104,586.0919,485.4012,0.1083,1.3621,0.52,1102,37.71,202.51687905392237,384.8297,587.5513,486.1905,0.0083,1.3286,1.7293,1102,37.71,183.94248669499834,401.4147,585.3616,493.3882,0.1417,3.6048,0.7788,1102,37.71
200.5598497024298,385.5079,586.1357,485.8218,0.0833,2.3462,0.9641,1103,38.025000000000006,200.76718608526053,385.6276,586.4212,486.0244,0.025,2.6109,1.2204,1103,38.025000000000006,201.41207663531904,384.7108,586.0938,485.4023,0.1083,1.3629,0.5212,1103,38.025000000000006,202.5163471964763,384.83,587.5492,486.1896,0.0083,1.329,1.735,1103,38.025000000000006,186.91811473889166,399.241,586.1492,492.6951,0.125,5.0875,0.9054,1103,38.025000000000006
201.27318172573194,384.861,585.9057,485.3834,0.0667,1.9181,0.711,1104,38.04,200.28364350912514,385.6113,585.7898,485.7006,0.0083,1.9062,0.728,1104,38.04,201.71841154796581,384.8398,586.2328,485.5363,0.0833,1.6712,0.792,1104,38.04,202.82162867468392,384.8398,587.7264,486.2831,0.0,1.6712,1.7788,1104,38.04,186.63174804467715,399.2739,585.9057,492.5898,0.1167,4.3775,0.711,1104,38.04
201.2991120205205,384.932,586.1042,485.5181,0.0917,1.8572,0.7168,1105,38.05666666666667,200.20959747789192,385.6829,585.7909,485.7369,0.025,1.9884,0.7021,1105,38.05666666666667,201.80375248255604,384.7493,586.2446,485.4969,0.0917,1.6277,0.7919,1105,38.05666666666667,202.75726354142444,384.9004,587.7292,486.3148,0.0,1.5759,1.7762,1105,38.05666666666667,189.6491245092135,396.2443,585.8935,491.0689,0.1417,7.8253,0.7061,1105,38.05666666666667
201.3123313512385,384.9256,586.1479,485.5368,0.0833,2.1632,0.6554,1106,38.07666666666667,200.21956313947013,385.6733,585.8286,485.7509,0.0167,2.1465,0.6868,1106,38.07666666666667,201.8393711618978,384.7818,586.4338,485.6078,0.0917,1.4429,0.6394,1106,38.07666666666667,202.7784390762746,384.9344,587.7992,486.3668,0.0,1.6766,1.7516,1106,38.07666666666667,188.35451932198077,397.579,585.9335,491.7563,0.0917,7.0907,0.7019,1106,38.07666666666667
200.4949321352588,385.464,585.7806,485.6223,0.05,2.3452,0.6994,1107,38.115,200.56944832544522,385.8257,586.526,486.1759,0.0,2.4228,0.8956,1107,38.115,201.4914029552416,385.0661,586.3765,485.7213,0.0833,1.6739,0.7117,1107,38.115,202.60091782372663,385.0661,587.8206,486.4433,0.0,1.6739,1.6986,1107,38.115,183.19001879092136,402.5906,585.7806,494.1856,0.1167,3.183,0.6994,1107,38.115
200.586484212144,385.3428,585.7835,485.5631,0.0667,1.7686,0.6808,1108,38.14333333333334,200.60930991215247,385.7824,586.5272,486.1548,0.0,2.2201,0.9055,1108,38.14333333333334,201.5092633873175,385.0608,586.3799,485.7203,0.0833,1.6742,0.7009,1108,38.14333333333334,202.6093948108933,385.0608,587.821,486.4409,0.0,1.6742,1.6968,1108,38.14333333333334,183.46863355062757,402.3148,585.7835,494.0492,0.15,4.0409,0.6808,1108,38.14333333333334
201.16822939185047,385.0001,585.9207,485.4604,0.0667,1.9138,0.6585,1109,38.17666666666667,200.77044889775337,385.7118,586.6087,486.1603,0.0083,2.0901,0.8627,1109,38.17666666666667,201.52705600959206,385.0536,586.3788,485.7162,0.0833,1.6611,0.7174,1109,38.17666666666667,202.62165907540444,385.0536,587.8234,486.4385,0.0,1.6611,1.6771,1109,38.17666666666667,186.49984408728054,399.4208,585.9207,492.6708,0.125,4.6585,0.6585,1109,38.17666666666667
201.15645734524634,385.0317,585.957,485.4943,0.0583,2.0449,0.7098,1110,38.21,200.55052193521402,385.7376,586.323,486.0303,0.0083,2.0731,0.7601,1110,38.21,201.51495665714447,385.0543,586.3677,485.711,0.0833,1.6525,0.7091,1110,38.21,202.61691916204902,385.0543,587.8191,486.4367,0.0,1.6525,1.6764,1110,38.21,186.69462868493486,399.4221,586.1167,492.7694,0.1417,4.6578,0.7726,1110,38.21
201.3972751822713,384.8957,585.9442,485.4199,0.0833,1.7238,0.7577,1111,38.245000000000005,200.7108811055743,385.6557,586.5045,486.0801,0.0167,2.1617,0.9236,1111,38.245000000000005,201.65671392479956,384.952,586.7005,485.8263,0.075,1.3818,0.8116,1111,38.245000000000005,202.69393190738572,384.952,587.816,486.384,0.0,1.3818,1.6838,1111,38.245000000000005,184.60722965987685,401.3534,585.9606,493.657,0.15,3.9058,0.7317,1111,38.245000000000005
201.37513633920284,384.9197,585.9537,485.4367,0.0667,1.6106,0.7273,1112,38.27666666666667,200.71192157637572,385.5161,586.2258,485.8709,0.0167,1.9718,0.7834,1112,38.27666666666667,201.6456628153448,384.9656,586.7015,485.8335,0.0833,1.3848,0.8114,1112,38.27666666666667,202.58381145145057,385.1127,587.8166,486.4647,0.0,1.5029,1.6836,1112,38.27666666666667,187.06043277417737,398.9145,585.975,492.4448,0.125,5.6299,0.7409,1112,38.27666666666667
201.2236525734756,384.9764,585.9545,485.4654,0.0583,1.6142,0.7305,1113,38.31,200.82601852445416,385.4161,586.2253,485.8207,0.0167,1.8215,0.7918,1113,38.31,201.6517680593295,384.9619,586.7005,485.8312,0.0833,1.3706,0.8079,1113,38.31,202.59233402645253,385.107,587.8157,486.4614,0.0,1.4969,1.6819,1113,38.31,186.86143130574024,399.1129,585.9744,492.5436,0.1333,5.4771,0.7404,1113,38.31
201.17377730443604,384.9742,585.8928,485.4335,0.075,1.5731,0.8618,1114,38.348333333333336,200.91356156597644,385.4698,586.5097,485.9897,0.0167,1.9179,0.8833,1114,38.348333333333336,201.65095898446228,384.9621,586.7002,485.8312,0.0833,1.371,0.7968,1114,38.348333333333336,202.59159842911257,385.1073,587.8158,486.4615,0.0,1.4962,1.7025,1114,38.348333333333336,187.0474273811727,398.9154,585.9629,492.4391,0.125,5.5983,0.7165,1114,38.348333333333336
201.1692627772884,384.977,585.89,485.4335,0.075,1.5645,0.8599,1115,38.37666666666667,200.90854628158397,385.4727,586.5071,485.9899,0.0167,1.9302,0.8683,1115,38.37666666666667,201.64726923486802,384.9643,586.6989,485.8316,0.0833,1.3692,0.7956,1115,38.37666666666667,202.58858138265884,385.1094,587.8149,486.4622,0.0,1.4975,1.7023,1115,38.37666666666667,186.87752473375508,399.0841,585.9616,492.5229,0.125,5.5449,0.7063,1115,38.37666666666667
201.41885564296607,384.8214,585.917,485.3692,0.0583,1.8222,0.8518,1116,38.41000000000001,200.4515112290271,385.5803,585.917,485.7487,0.0167,2.2325,0.8518,1116,38.41000000000001,201.6496894513562,384.9643,586.7024,485.8334,0.0833,1.3692,0.7983,1116,38.41000000000001,202.57901636045534,385.1094,587.8045,486.4569,0.0,1.4975,1.6932,1116,38.41000000000001,183.9878925946107,402.0511,586.039,494.0451,0.1417,3.6488,0.7091,1116,38.41000000000001
201.5422188302904,384.7251,586.2612,485.4931,0.075,1.8716,0.8045,1117,38.45333333333333,200.63233712383635,385.5432,586.0042,485.7737,0.0083,2.092,0.7113,1117,38.45333333333333,201.51913147249763,384.9463,586.3051,485.6257,0.1083,1.4653,0.6555,1117,38.45333333333333,202.54574922767728,385.0714,587.8236,486.4475,0.0,1.4816,1.92,1117,38.45333333333333,184.66634849191243,401.5949,586.2612,493.928,0.1083,3.5402,0.8045,1117,38.45333333333333
201.5094869054128,384.7573,586.2591,485.5082,0.075,1.742,0.8067,1118,38.47666666666667,201.16562350772196,385.3781,586.6252,486.0017,0.0083,2.0558,0.9818,1118,38.47666666666667,201.52537715740175,384.9429,586.307,485.6249,0.1083,1.3944,0.6513,1118,38.47666666666667,202.55158896926736,385.0682,587.8256,486.4469,0.0,1.5267,1.9202,1118,38.47666666666667,184.85696288772226,401.4021,586.2591,493.8306,0.1167,3.9047,0.8067,1118,38.47666666666667
201.498450688941,384.7664,586.2583,485.5123,0.0667,1.7354,0.8208,1119,38.52333333333333,201.0321175656924,385.39,586.4533,485.9217,0.0083,2.017,0.839,1119,38.52333333333333,201.7123928931774,384.9452,586.7586,485.8519,0.1,1.3806,0.7561,1119,38.52333333333333,202.54601013287626,385.0702,587.8245,486.4474,0.0,1.525,1.93,1119,38.52333333333333,184.8510474078877,401.4073,586.2583,493.8328,0.1083,3.7786,0.8208,1119,38.52333333333333
201.5088432055402,384.7602,586.2628,485.5115,0.0667,1.7865,0.8311,1120,38.553333333333335,201.04031778272878,385.384,586.4548,485.9194,0.0083,2.0033,0.8724,1120,38.553333333333335,201.71357027352144,384.9445,586.759,485.8518,0.1,1.3825,0.7502,1120,38.553333333333335,202.54202151077087,385.0696,587.8225,486.4461,0.0,1.5249,1.9277,1120,38.553333333333335,184.3170686721829,401.9458,586.2628,494.1043,0.1083,3.8018,0.8311,1120,38.553333333333335
201.52767595911925,384.7433,586.2659,485.5046,0.075,1.7848,0.8357,1121,38.57666666666667,201.1731686620946,385.3737,586.6235,485.9986,0.0083,1.9744,0.9924,1121,38.57666666666667,201.47274700436944,384.9258,586.3051,485.6155,0.1167,1.4151,0.6792,1121,38.57666666666667,202.54067582907982,385.0661,587.8228,486.4444,0.0,1.5712,1.9262,1121,38.57666666666667,184.33492616258903,401.931,586.2659,494.0984,0.1167,3.8126,0.8357,1121,38.57666666666667
201.50382350998498,384.7394,586.2284,485.4839,0.0667,1.7732,0.8008,1122,38.61,201.0315731803824,385.3686,586.4212,485.8949,0.0083,1.9694,0.8294,1122,38.61,201.69859614153202,384.9253,586.7354,485.8304,0.1,1.4143,0.7271,1122,38.61,202.52536803125471,385.0657,587.8023,486.434,0.0,1.5718,1.8889,1122,38.61,184.2944262753236,401.934,586.2284,494.0812,0.1083,3.8115,0.8008,1122,38.61
201.30717675292414,384.8484,586.0687,485.4586,0.0917,1.9131,0.7033,1123,38.656666666666666,201.1211134236181,385.3684,586.5786,485.9735,0.0083,1.8035,0.9775,1123,38.656666666666666,201.6703002411137,384.9234,586.702,485.8127,0.1,1.4012,0.7464,1123,38.656666666666666,202.48767833828035,385.065,587.7777,486.4214,0.0,1.5591,1.928,1123,38.656666666666666,185.85014028565726,400.2186,586.0687,493.1436,0.1,4.2121,0.7033,1123,38.656666666666666
201.42574872030005,384.753,586.1731,485.463,0.075,1.7828,0.8263,1124,38.67666666666667,200.8144225770299,385.3799,586.236,485.8079,0.0083,1.8085,0.9398,1124,38.67666666666667,201.49816375982527,384.9191,586.3151,485.6171,0.1083,1.4108,0.5852,1124,38.67666666666667,202.46847025302253,385.0609,587.7134,486.3872,0.0,1.5775,1.953,1124,38.67666666666667,188.98089975816873,397.1922,586.1731,491.6826,0.075,7.0349,0.8263,1124,38.67666666666667
201.42763735357363,384.7421,586.1316,485.4369,0.0833,1.8751,0.8928,1125,38.71,200.87627649448274,385.3963,586.2897,485.843,0.0083,1.829,1.1587,1125,38.71,201.73484550939142,384.866,586.6117,485.7389,0.0917,1.469,0.7504,1125,38.71,202.32934186088295,385.0086,587.5704,486.2895,0.0,1.5041,1.7433,1125,38.71,189.60892079879466,396.5227,586.1316,491.3271,0.075,7.6707,0.8928,1125,38.71
201.50701335674114,384.5538,586.0893,485.3215,0.0833,1.8199,0.8823,1126,38.75333333333334,201.02631346633137,385.1835,586.2271,485.7053,0.0083,1.8681,1.0838,1126,38.75333333333334,201.4075449712542,384.7703,585.9617,485.366,0.1083,1.427,0.6891,1126,38.75333333333334,202.43062446446643,384.8997,587.5257,486.2127,0.0,1.4796,1.6664,1126,38.75333333333334,187.44601421576473,398.6433,586.0893,492.3663,0.1083,5.8873,0.8823,1126,38.75333333333334
200.9990040102536,384.9025,585.4749,485.1887,0.0833,1.8752,0.6004,1127,38.778333333333336,200.67397945400944,385.441,586.1588,485.7999,0.0,2.3969,0.9726,1127,38.778333333333336,201.26581450895128,384.6329,585.7631,485.198,0.1167,1.4214,0.6034,1127,38.778333333333336,202.77561980132063,384.6496,587.5431,486.0963,0.0,1.469,1.7954,1127,38.778333333333336,182.3766181149373,403.0983,585.4749,494.2866,0.15,2.5183,0.6004,1127,38.778333333333336
201.0065373200139,384.9525,585.5637,485.2581,0.075,1.9336,0.5934,1128,38.81,200.6259324950909,385.4948,586.1534,485.8241,0.0,2.4767,0.9929,1128,38.81,201.32695767389077,384.6478,585.7707,485.2093,0.1083,1.4483,0.6506,1128,38.81,202.7742718424906,384.6478,587.5432,486.0955,0.0,1.4483,1.7483,1128,38.81,182.55343528700257,403.0102,585.5637,494.287,0.1333,2.7226,0.5934,1128,38.81
201.01421798571013,384.9466,585.5679,485.2572,0.075,1.9612,0.5932,1129,38.843333333333334,200.63181812306698,385.4919,586.1565,485.8242,0.0,2.4989,1.004,1129,38.843333333333334,201.25452337309358,384.6266,585.7494,485.188,0.1083,1.4008,0.6592,1129,38.843333333333334,202.72970083487914,384.6444,587.4878,486.0661,0.0,1.4373,1.7813,1129,38.843333333333334,182.55658465526008,403.0113,585.5679,494.2896,0.1333,2.6956,0.5932,1129,38.843333333333334
200.93744355422248,384.9509,585.4948,485.2229,0.0833,1.9659,0.5761,1130,38.87666666666667,200.62415418100687,385.4958,586.1543,485.825,0.0,2.509,0.992,1130,38.87666666666667,201.26008962683304,384.6286,585.7542,485.1914,0.1083,1.4029,0.6468,1130,38.87666666666667,202.7274476652011,384.6461,587.4872,486.0666,0.0,1.4375,1.7856,1130,38.87666666666667,183.14242387958745,402.3524,585.4948,493.9236,0.1833,3.1064,0.5761,1130,38.87666666666667
200.6472656458622,385.1283,585.5199,485.3241,0.1083,1.7729,0.5845,1131,38.91000000000001,200.62481384235778,385.5029,586.1726,485.8378,0.0,2.4335,1.0227,1131,38.91000000000001,201.6907572510815,384.6709,586.4,485.5355,0.0833,1.3851,0.6806,1131,38.91000000000001,202.7171125443622,384.6854,587.5038,486.0946,0.0,1.4528,1.7797,1131,38.91000000000001,183.19148125583467,402.3284,585.5199,493.9242,0.1833,2.8545,0.5845,1131,38.91000000000001
201.16871771628638,384.8395,585.64,485.2398,0.0917,2.0878,0.59,1132,38.943333333333335,200.69585587521965,385.5361,586.2712,485.9037,0.0,2.3451,1.0225,1132,38.943333333333335,201.63954457571538,384.7042,586.1925,485.4484,0.0917,1.2739,0.6278,1132,38.943333333333335,202.80056016385296,384.7195,587.6344,486.177,0.0,1.4201,1.8186,1132,38.943333333333335,187.74859072075944,397.8915,585.64,491.7657,0.125,5.8572,0.59,1132,38.943333333333335
201.15193998183665,384.8942,585.6299,485.262,0.0917,1.8153,0.5575,1133,38.97666666666667,200.63894456426513,385.6106,586.2789,485.9448,0.0,2.1593,0.9929,1133,38.97666666666667,201.55942744803528,384.7085,586.1811,485.4448,0.1,1.3109,0.5952,1133,38.97666666666667,202.7765102597457,384.7425,587.6373,486.1899,0.0,1.3352,1.7852,1133,38.97666666666667,187.7211591738803,397.9087,585.6299,491.7693,0.125,5.8644,0.5575,1133,38.97666666666667
201.11649376689064,384.8766,585.6351,485.2559,0.1,1.8715,0.4991,1134,39.010000000000005,200.79321025025405,385.4809,586.2809,485.8809,0.0,2.008,0.9797,1134,39.010000000000005,201.61362453019004,384.7763,586.1816,485.479,0.0917,1.2965,0.5954,1134,39.010000000000005,202.74127783056412,384.7899,587.6365,486.2132,0.0,1.4405,1.794,1134,39.010000000000005,185.72294290234393,399.9122,585.6351,492.7736,0.15,5.0468,0.4991,1134,39.010000000000005
200.94973237348646,384.9872,585.642,485.3146,0.1,1.7253,0.5342,1135,39.04333333333334,200.6910723799632,385.5878,586.2851,485.9365,0.0,1.985,0.9791,1135,39.04333333333334,201.51442404846702,384.8417,586.1786,485.5101,0.0917,1.3197,0.5891,1135,39.04333333333334,202.67214797461662,384.8571,587.637,486.2471,0.0,1.5243,1.7941,1135,39.04333333333334,185.64590186462178,399.9961,585.642,492.8191,0.15,4.7741,0.5342,1135,39.04333333333334
200.9294248096017,384.9909,585.6266,485.3088,0.1,1.7246,0.5323,1136,39.07666666666667,200.70409728572488,385.5915,586.3037,485.9476,0.0,1.9873,1.028,1136,39.07666666666667,201.49944498871452,384.8409,586.1639,485.5024,0.0917,1.3211,0.5379,1136,39.07666666666667,202.69488002729693,384.8564,587.6527,486.2546,0.0,1.5246,1.8853,1136,39.07666666666667,185.60061864562442,400.026,585.6266,492.8263,0.15,4.8139,0.5323,1136,39.07666666666667
201.4724597503515,384.7703,585.8236,485.297,0.075,1.335,0.6586,1137,39.11333333333334,200.49058677728132,385.7471,586.1294,485.9382,0.0,1.8333,0.6459,1137,39.11333333333334,201.46411876340215,384.7926,586.1234,485.458,0.1167,1.5642,0.485,1137,39.11333333333334,202.1811552067825,385.4643,587.6999,486.5821,0.0,1.4384,1.6653,1137,39.11333333333334,183.24228617866132,402.5813,585.8236,494.2025,0.1,3.5083,0.6586,1137,39.11333333333334
201.47739587088282,384.7706,585.8255,485.298,0.075,1.2936,0.6141,1138,39.14333333333334,200.49147715040257,385.7474,586.1313,485.9394,0.0,1.8477,0.6689,1138,39.14333333333334,201.457915187261,384.7945,586.1228,485.4587,0.1167,1.5542,0.4625,1138,39.14333333333334,202.17750706792265,385.467,587.6994,486.5832,0.0,1.4359,1.6657,1138,39.14333333333334,183.19477136400764,402.6307,585.8255,494.2281,0.0917,3.448,0.6141,1138,39.14333333333334
201.62170248834633,384.6165,586.0459,485.3312,0.0917,1.1559,0.7064,1139,39.17666666666667,201.0213391177246,385.578,586.6697,486.1238,0.0,1.5599,0.9055,1139,39.17666666666667,201.32382132551297,384.8313,586.0165,485.4239,0.1167,1.5023,0.5518,1139,39.17666666666667,202.44388952448725,385.2085,587.704,486.4563,0.0,1.4239,1.6822,1139,39.17666666666667,183.3514228791185,402.6945,586.0459,494.3702,0.1167,3.1013,0.7064,1139,39.17666666666667
201.51652106558583,384.68,585.9431,485.3116,0.0917,0.8809,0.5979,1140,39.21,201.0614399498698,385.5478,586.6736,486.1107,0.0,1.3708,1.013,1140,39.21,201.47058574449113,384.8844,586.0899,485.4871,0.1083,1.668,0.5679,1140,39.21,202.40493264917177,385.2408,587.6924,486.4666,0.0,1.7257,1.6636,1140,39.21,183.80707622682857,402.136,585.9431,494.0396,0.1167,3.3645,0.5979,1140,39.21
201.50996194905994,384.6854,585.9494,485.3174,0.0917,1.1925,0.6122,1141,39.24333333333335,201.05941758351463,385.5503,586.6747,486.1125,0.0,1.4536,1.0251,1141,39.24333333333335,201.50748644780913,384.8634,586.091,485.4772,0.1167,1.6411,0.5676,1141,39.24333333333335,202.14093380322652,385.5057,587.6912,486.5984,0.0,1.6154,1.663,1141,39.24333333333335,183.85850692158377,402.0909,585.9494,494.0201,0.125,3.3782,0.6122,1141,39.24333333333335
201.52798619354925,384.7056,585.9432,485.3244,0.0917,1.3757,0.6329,1142,39.27666666666667,201.0610448880965,385.5749,586.6754,486.1251,0.0,1.4803,1.019,1142,39.27666666666667,201.39631727287912,385.0536,586.091,485.5723,0.1,1.7216,0.5676,1142,39.27666666666667,202.37222637194213,385.2689,587.6908,486.4799,0.0,1.7008,1.6628,1142,39.27666666666667,183.9037638023517,402.0395,585.9432,493.9913,0.125,3.3857,0.6329,1142,39.27666666666667
201.5299765642863,384.7015,585.9473,485.3244,0.0917,1.1821,0.5894,1143,39.31,201.06559440283743,385.5704,586.6746,486.1225,0.0,1.4621,1.0259,1143,39.31,201.45344050031485,384.881,586.092,485.4865,0.1167,1.6635,0.5629,1143,39.31,202.11268115024,385.5301,587.6914,486.6108,0.0,1.6304,1.6679,1143,39.31,183.93826361365012,402.0091,585.9473,493.9782,0.1333,3.738,0.5894,1143,39.31
201.55566129089172,384.6504,585.9451,485.2977,0.0917,0.8681,0.586,1144,39.343333333333334,201.09620144399182,385.5286,586.677,486.1028,0.0,1.3735,1.0125,1144,39.343333333333334,201.38816374019757,385.058,586.0904,485.5742,0.1,1.7309,0.5824,1144,39.343333333333334,202.3673442280684,385.2737,587.6907,486.4822,0.0,1.6993,1.68,1144,39.343333333333334,183.9375542603107,402.0075,585.9451,493.9763,0.1333,3.7249,0.586,1144,39.343333333333334
201.55050338842136,384.6554,585.9452,485.3003,0.0917,0.9113,0.5755,1145,39.37666666666667,201.09030503047572,385.5337,586.6746,486.1041,0.0,1.3667,1.0144,1145,39.37666666666667,201.4077893051636,385.0404,586.0904,485.5654,0.1083,1.7818,0.5822,1145,39.37666666666667,202.10107361159933,385.5404,587.6908,486.6156,0.0,1.6395,1.68,1145,39.37666666666667,183.94884885045815,401.9963,585.9452,493.9708,0.1333,3.7983,0.5755,1145,39.37666666666667
201.56079619205036,384.6454,585.9474,485.2964,0.0917,1.0344,0.5765,1146,39.41000000000001,201.09797944984913,385.5191,586.6765,486.0978,0.0,1.336,1.0084,1146,39.41000000000001,201.37450459861185,385.0643,586.0904,485.5774,0.1,1.7441,0.5822,1146,39.41000000000001,202.35943135921522,385.2809,587.6908,486.4859,0.0,1.6981,1.68,1146,39.41000000000001,183.96359710489995,401.9838,585.9474,493.9656,0.1333,3.8215,0.5765,1146,39.41000000000001
200.91388967711435,385.0381,585.7064,485.3722,0.0917,1.56,0.6855,1147,39.45,200.9297723879574,385.6758,586.6445,486.1601,0.0,1.8952,1.0001,1147,39.45,201.40057346032467,384.8977,586.2804,485.5891,0.1083,1.3499,0.6277,1147,39.45,202.64229078633707,385.0231,587.8553,486.4392,0.0,1.4842,1.7975,1147,39.45,188.9178924833592,396.7324,585.7064,491.2194,0.1,8.4844,0.6855,1147,39.45
200.96034261765797,385.1166,585.7107,485.4136,0.0833,1.6326,0.6764,1148,39.47666666666667,201.05110100083908,385.5792,586.6488,486.114,0.0,1.8138,0.9638,1148,39.47666666666667,201.50935939844382,384.8801,586.2762,485.5782,0.1,1.5448,0.6324,1148,39.47666666666667,202.6558541183257,385.0188,587.8555,486.4372,0.0,1.4887,1.8002,1148,39.47666666666667,188.45534079843875,397.2019,585.7107,491.4563,0.1,7.9368,0.6764,1148,39.47666666666667
201.03095670973303,384.9386,585.7116,485.3251,0.0917,1.4722,0.6651,1149,39.52333333333333,201.02306987851162,385.587,586.6469,486.1169,0.0,1.6602,0.9465,1149,39.52333333333333,201.40320418741197,384.9202,586.3009,485.6106,0.1,1.3468,0.5988,1149,39.52333333333333,202.73781759533014,384.9077,587.8646,486.3862,0.0,1.3963,1.8187,1149,39.52333333333333,189.25757650292874,396.3956,585.7116,491.0536,0.1,8.1433,0.6651,1149,39.52333333333333
201.0328214633157,384.9373,585.7124,485.3248,0.0917,1.4817,0.6644,1150,39.54333333333334,201.02464319281813,385.5855,586.6468,486.1162,0.0,1.6937,0.9465,1150,39.54333333333334,201.4040529920528,384.9141,586.3005,485.6073,0.1,1.3718,0.5991,1150,39.54333333333334,202.74250168529045,384.9018,587.8649,486.3834,0.0,1.4786,1.8186,1150,39.54333333333334,189.2542231455478,396.3982,585.7124,491.0553,0.1,8.1409,0.6644,1150,39.54333333333334
200.69682610734216,385.258,585.7117,485.4848,0.075,1.686,0.6536,1151,39.57666666666667,201.0424267726608,385.5826,586.6383,486.1104,0.0,1.9345,0.9785,1151,39.57666666666667,201.411088260351,384.9153,586.3092,485.6123,0.1,1.3604,0.5785,1151,39.57666666666667,202.73352967886407,384.903,587.8499,486.3765,0.0,1.4575,1.825,1151,39.57666666666667,188.76810822913876,396.885,585.7117,491.2983,0.1,7.8714,0.6536,1151,39.57666666666667
200.9305012796335,385.1179,585.7137,485.4158,0.0917,1.7894,0.666,1152,39.61,201.0353534521621,385.5945,586.6439,486.1192,0.0083,1.893,0.9837,1152,39.61,201.4091016123108,384.9274,586.3086,485.618,0.1,1.3675,0.59,1152,39.61,202.72848874681392,384.9145,587.8452,486.3798,0.0,1.4897,1.826,1152,39.61,184.89786106807748,400.7632,585.7137,493.2384,0.15,4.3973,0.666,1152,39.61
200.7795642360957,385.0925,585.7129,485.4027,0.0833,1.6586,0.6656,1153,39.64333333333334,200.98973069873477,385.6145,586.6432,486.1289,0.0,1.9618,0.9699,1153,39.64333333333334,201.40763223270994,384.9291,586.312,485.6206,0.1,1.354,0.5902,1153,39.64333333333334,202.7320464288428,384.9164,587.851,486.3837,0.0,1.4274,1.8192,1153,39.64333333333334,188.76261399299258,396.8916,585.7129,491.3022,0.1,7.6718,0.6656,1153,39.64333333333334
200.6806667883326,385.2612,585.7134,485.4873,0.075,1.758,0.6618,1154,39.678333333333335,201.0438643976766,385.5861,586.6433,486.1147,0.0,1.9575,0.9744,1154,39.678333333333335,201.41263314102267,384.915,586.3137,485.6143,0.1,1.3544,0.5896,1154,39.678333333333335,202.73329937046122,384.9029,587.8517,486.3773,0.0,1.4291,1.8197,1154,39.678333333333335,189.2830108448901,396.3732,585.7134,491.0433,0.1,8.203,0.6618,1154,39.678333333333335
200.91472824087037,385.0028,585.7141,485.3585,0.0833,1.5271,0.6625,1155,39.71,201.15318256376494,385.4789,586.6448,486.0618,0.0,1.884,0.9735,1155,39.71,201.41211339400695,384.9179,586.3137,485.6158,0.1,1.3581,0.5896,1155,39.71,202.73244442158034,384.9057,587.8512,486.3784,0.0,1.4742,1.8183,1155,39.71,189.29913736045117,396.3595,585.7141,491.0368,0.1,8.3897,0.6625,1155,39.71
199.83875934679764,385.8539,585.7271,485.7905,0.0917,1.3006,0.6859,1156,39.74333333333335,201.0408923548589,385.6156,586.6572,486.1364,0.0,1.781,0.8886,1156,39.74333333333335,201.85460338492925,384.9661,587.0543,486.0102,0.075,1.3059,0.878,1156,39.74333333333335,202.81087769500695,384.9528,587.9502,486.4515,0.0,1.4196,1.7946,1156,39.74333333333335,189.84373086327682,396.3998,586.2435,491.3217,0.0917,8.0252,0.6771,1156,39.74333333333335
201.49444988720242,384.7782,585.932,485.3551,0.1083,1.6181,0.7047,1157,39.78333333333334,201.06351195829964,385.506,586.6522,486.0791,0.0083,1.869,1.059,1157,39.78333333333334,202.00133457417493,385.0222,587.2498,486.136,0.1083,1.2302,0.9011,1157,39.78333333333334,202.67112172621447,385.1627,588.0417,486.6022,0.0,1.3701,1.9859,1157,39.78333333333334,186.22351444466116,399.7084,585.932,492.8202,0.1167,4.7428,0.7047,1157,39.78333333333334
201.60544944844273,384.8127,586.1023,485.4575,0.075,1.5145,0.7579,1158,39.81,201.263344912236,385.4364,586.7298,486.0831,0.0083,1.8269,1.1739,1158,39.81,201.9804885644812,385.0467,587.2392,486.1429,0.1,1.3396,0.8898,1158,39.81,202.65777792658994,385.177,588.0332,486.6051,0.0,1.3795,1.9699,1158,39.81,184.2682061135656,401.8341,586.1023,493.9682,0.1,2.7377,0.7579,1158,39.81
201.61683467810568,384.8032,586.1063,485.4548,0.075,1.5018,0.7601,1159,39.843333333333334,201.27151501513396,385.4288,586.7302,486.0795,0.0083,1.7946,1.1806,1159,39.843333333333334,201.98391929740524,385.0197,587.2428,486.1312,0.1167,1.2134,0.8882,1159,39.843333333333334,202.65333732404721,385.1741,588.0358,486.6049,0.0,1.3712,1.9741,1159,39.843333333333334,184.2236766982559,401.8826,586.1063,493.9945,0.1,3.0113,0.7601,1159,39.843333333333334
201.1241951926835,384.8267,585.6623,485.2445,0.125,1.632,0.6525,1160,39.885000000000005,201.35291666592713,385.5456,586.9012,486.2234,0.0083,1.9159,1.2288,1160,39.885000000000005,201.99474953901392,385.0367,587.2456,486.1411,0.1083,1.2658,0.8699,1160,39.885000000000005,202.66601306707378,385.1785,588.0388,486.6087,0.0,1.4189,1.9662,1160,39.885000000000005,185.07127823828625,400.3945,585.6623,493.0284,0.1333,3.9836,0.6525,1160,39.885000000000005
201.64986692598555,384.7547,586.1148,485.4347,0.0833,1.4159,0.7554,1161,39.91000000000001,201.23384625643817,385.4722,586.7333,486.1027,0.0083,1.908,1.1463,1161,39.91000000000001,201.33966870086275,385.0394,586.249,485.6442,0.1333,1.2298,0.4792,1161,39.91000000000001,202.60636983308189,385.1793,587.9804,486.5799,0.0,1.3107,1.7938,1161,39.91000000000001,184.28285526281803,401.8319,586.1148,493.9733,0.1,3.009,0.7554,1161,39.91000000000001
201.61450032231787,384.799,586.1105,485.4547,0.0833,1.4583,0.7662,1162,39.943333333333335,201.18867321463654,385.5177,586.7323,486.125,0.0083,1.9908,1.1402,1162,39.943333333333335,201.92371009199024,385.0557,587.1895,486.1226,0.0917,1.3132,0.8571,1162,39.943333333333335,202.65848149730124,385.1863,588.0387,486.6125,0.0,1.4161,1.9609,1162,39.943333333333335,184.28822048793455,401.8223,586.1105,493.9664,0.1,3.0155,0.7662,1162,39.943333333333335
201.62430064403716,384.7858,586.1108,485.4483,0.0833,1.5129,0.7565,1163,39.98666666666667,201.20288100725082,385.5039,586.7331,486.1185,0.0083,1.7993,1.1418,1163,39.98666666666667,201.97949087284343,385.0567,587.2447,486.1507,0.1,1.327,0.894,1163,39.98666666666667,202.65707608461375,385.1875,588.0377,486.6126,0.0,1.4156,1.9678,1163,39.98666666666667,184.28671838528314,401.8241,586.1108,493.9674,0.1,3.0008,0.7565,1163,39.98666666666667
201.62726397585485,384.7811,586.1082,485.4447,0.0833,1.6026,0.7431,1164,40.010000000000005,201.20567913892043,385.4985,586.7318,486.1152,0.0083,1.8116,1.1702,1164,40.010000000000005,201.98333454697283,385.043,587.2389,486.141,0.1083,1.2988,0.8878,1164,40.010000000000005,202.6553188963144,385.185,588.033,486.609,0.0,1.3856,1.9706,1164,40.010000000000005,184.28003098340912,401.8282,586.1082,493.9682,0.1,2.9206,0.7431,1164,40.010000000000005
201.49611045329203,384.7924,586.0668,485.4296,0.1,1.6058,0.7019,1165,40.04333333333334,201.06023126514074,385.5106,586.6494,486.08,0.0083,1.7861,1.0446,1165,40.04333333333334,201.8105958887107,385.0326,586.7714,485.902,0.1167,1.2265,0.4848,1165,40.04333333333334,202.65427047023903,385.1888,588.0373,486.613,0.0,1.3433,1.9819,1165,40.04333333333334,184.2518843130959,401.815,586.0668,493.9409,0.1167,2.9639,0.7019,1165,40.04333333333334
201.48359212834632,384.7648,585.9249,485.3448,0.1083,1.6055,0.6925,1166,40.09,201.09126645353948,385.4712,586.6454,486.0583,0.0083,1.8331,1.0432,1166,40.09,201.93591346906277,385.0321,587.191,486.1115,0.1083,1.2092,0.8577,1166,40.09,202.6575023211859,385.1883,588.0398,486.614,0.0,1.3306,1.9957,1166,40.09,187.7876049181608,398.1372,585.9249,492.0311,0.0917,6.0806,0.6925,1166,40.09
201.36405732416998,385.0525,586.4171,485.7348,0.075,1.7282,0.7041,1167,40.115,201.09723790239067,385.418,586.4039,485.9109,0.0,1.7315,0.7815,1167,40.115,201.41322219763242,385.0262,586.3089,485.6675,0.1083,1.495,0.5366,1167,40.115,202.76111200158493,385.0262,587.9686,486.4974,0.0,1.495,1.6375,1167,40.115,188.67839782172103,397.799,586.4171,492.108,0.0833,6.3335,0.7041,1167,40.115
201.37242761471478,385.041,586.4137,485.7273,0.075,1.7123,0.6978,1168,40.14333333333334,201.10208671680397,385.4061,586.4047,485.9054,0.0,1.749,0.7802,1168,40.14333333333334,201.41651401124162,385.0216,586.3057,485.6636,0.1083,1.5226,0.5175,1168,40.14333333333334,202.76511995387662,385.0216,587.9671,486.4943,0.0,1.5226,1.6009,1168,40.14333333333334,188.6633655361358,397.815,586.4137,492.1143,0.1083,5.3464,0.6978,1168,40.14333333333334
200.67320556713602,385.644,586.3823,486.0132,0.1,1.8937,0.6842,1169,40.18833333333333,200.8150851703202,385.6179,586.3477,485.9828,0.0,1.9694,0.7748,1169,40.18833333333333,201.7451054706535,385.0427,586.73,485.8864,0.0833,1.5885,0.6272,1169,40.18833333333333,202.74465995212216,385.0427,587.9873,486.515,0.0,1.5885,1.8361,1169,40.18833333333333,190.7306412799033,395.6957,586.3823,491.039,0.0833,6.7394,0.6842,1169,40.18833333333333
200.60730043170395,385.7064,586.3818,486.0441,0.1,2.1199,0.6893,1170,40.21,200.76033339345653,385.6758,586.3431,486.0095,0.0,2.0935,0.7833,1170,40.21,201.74204212946768,385.0462,586.7298,485.888,0.0833,1.5736,0.6273,1170,40.21,202.7420634709738,385.0462,587.9874,486.5168,0.0,1.5736,1.8361,1170,40.21,190.70377682848863,395.7168,586.3818,491.0493,0.0833,6.7739,0.6893,1170,40.21
200.61164847526445,385.7008,586.3817,486.0412,0.1,2.0759,0.658,1171,40.24333333333335,200.76836904477847,385.672,586.3549,486.0134,0.0,2.1819,0.7734,1171,40.24333333333335,201.74045841717745,385.0282,586.735,485.8816,0.0917,1.5854,0.6281,1171,40.24333333333335,202.74414847709158,385.0465,587.9897,486.5181,0.0,1.5735,1.8369,1171,40.24333333333335,190.70588788451946,395.7148,586.3817,491.0482,0.0833,6.8205,0.658,1171,40.24333333333335
200.46430635443232,385.8428,586.3797,486.1112,0.0917,2.2751,0.6691,1172,40.27666666666667,200.76008268746537,385.679,586.3522,486.0156,0.0,2.117,0.7765,1172,40.27666666666667,201.744366646937,385.0462,586.7358,485.891,0.0833,1.5736,0.6063,1172,40.27666666666667,202.74469850223892,385.0462,587.9901,486.5181,0.0,1.5736,1.8106,1172,40.27666666666667,190.7257099070188,395.6934,586.3797,491.0365,0.0833,6.8371,0.6691,1172,40.27666666666667
200.60817481173066,385.7043,586.3841,486.0442,0.1,2.072,0.6493,1173,40.31,200.76527601918156,385.6755,586.3519,486.0137,0.0,2.1822,0.7808,1173,40.31,201.7455660148421,385.0446,586.7353,485.89,0.0833,1.5875,0.6057,1173,40.31,202.74601383303136,385.0446,587.9899,486.5172,0.0,1.5875,1.8102,1173,40.31,190.69984731838593,395.7189,586.3841,491.0515,0.0833,6.8228,0.6493,1173,40.31
200.7699372490242,385.5677,586.3822,485.9749,0.0583,1.9346,0.6686,1174,40.343333333333334,200.81405708486946,385.6276,586.3533,485.9904,0.0,1.9599,0.7712,1174,40.343333333333334,201.70120442499118,385.0476,586.7488,485.8982,0.0917,1.4603,0.6122,1174,40.343333333333334,202.7099797219149,385.054,587.9855,486.5197,0.0,1.5331,1.8351,1174,40.343333333333334,189.53108401163294,396.8845,586.3822,491.6333,0.0917,5.9227,0.6686,1174,40.343333333333334
201.42971835579831,384.9087,586.3542,485.6315,0.0917,1.8533,0.7191,1175,40.37666666666667,200.64855799671406,385.6993,586.3369,486.0181,0.0083,2.2211,0.7397,1175,40.37666666666667,201.95230546164373,384.9018,587.0015,485.9517,0.075,1.2393,0.9068,1175,40.37666666666667,202.7631161166853,384.9383,587.8978,486.4181,0.0,1.4365,1.8124,1175,40.37666666666667,189.5698185330069,396.8335,586.3542,491.5939,0.0833,6.7207,0.7191,1175,40.37666666666667
200.84053834131853,385.3594,586.2278,485.7936,0.0583,2.5288,0.7163,1176,40.41000000000001,200.75664763511872,385.4925,586.2429,485.8677,0.0083,2.4602,0.8367,1176,40.41000000000001,201.8171360551887,384.8576,586.9114,485.8845,0.0833,1.371,0.789,1176,40.41000000000001,202.7495812494074,384.8753,587.8229,486.3491,0.0,1.4176,1.8844,1176,40.41000000000001,189.1148553558282,397.1898,586.2278,491.7088,0.0833,7.043,0.7163,1176,40.41000000000001
200.75848180026492,385.2525,586.011,485.6317,0.075,1.7678,0.7286,1177,40.45,201.22917388593413,385.2769,586.4829,485.8799,0.0,1.8352,0.9546,1177,40.45,201.2724745264968,384.7946,586.0671,485.4309,0.1083,1.5025,0.6656,1177,40.45,202.6819971027042,384.7068,587.6014,486.1541,0.0,1.4635,1.7422,1177,40.45,183.2112929467914,402.7997,586.011,494.4053,0.1333,3.0154,0.7286,1177,40.45
200.71274025471098,385.3009,586.0137,485.6573,0.075,1.7236,0.7365,1178,40.47666666666667,201.18410746769803,385.321,586.4802,485.9006,0.0,1.8857,0.9781,1178,40.47666666666667,201.43634283986447,384.83,586.2664,485.5482,0.0917,1.5397,0.6818,1178,40.47666666666667,202.67171837894307,384.7397,587.6021,486.1709,0.0,1.4349,1.741,1178,40.47666666666667,183.22878503988332,402.7849,586.0137,494.3993,0.1333,3.0084,0.7365,1178,40.47666666666667
200.7117820193143,385.3292,586.041,485.6851,0.0833,1.7133,0.7514,1179,40.52333333333333,201.1604583059547,385.3472,586.4884,485.9178,0.0,1.995,1.001,1179,40.52333333333333,201.2267381432217,384.8317,586.0584,485.4451,0.1083,1.5446,0.6403,1179,40.52333333333333,202.6690288357042,384.7409,587.5982,486.1695,0.0,1.4392,1.7153,1179,40.52333333333333,183.05449316085,402.9865,586.041,494.5138,0.1417,3.4201,0.7514,1179,40.52333333333333
200.95632174875095,385.1065,585.9651,485.5358,0.0417,1.742,0.745,1180,40.54333333333334,201.10707313717796,385.4016,586.4869,485.9443,0.0,2.2117,0.9989,1180,40.54333333333334,201.47846329264834,384.8185,586.297,485.5578,0.1,1.4461,0.686,1180,40.54333333333334,202.70354845127136,384.7287,587.6567,486.1927,0.0,1.4214,1.8306,1180,40.54333333333334,183.24776697506007,402.7173,585.9651,494.3412,0.1083,3.3718,0.745,1180,40.54333333333334
200.73474859999686,385.3029,586.0377,485.6703,0.0833,1.5496,0.8162,1181,40.57666666666667,201.1826545804333,385.3225,586.5009,485.9117,0.0,1.991,0.9976,1181,40.57666666666667,201.95387515308883,384.824,586.7801,485.8021,0.0833,1.3899,0.9108,1181,40.57666666666667,202.7532317737653,384.7258,587.6951,486.2104,0.0,1.4564,1.9088,1181,40.57666666666667,183.3724097412246,402.6653,586.0377,494.3515,0.1333,3.5385,0.8162,1181,40.57666666666667
200.72811129101513,385.3145,586.0426,485.6786,0.075,1.5444,0.7197,1182,40.61,201.19880181981273,385.3341,586.5329,485.9335,0.0,1.7376,0.9596,1182,40.61,201.90620678534972,384.8201,586.7778,485.7989,0.0917,1.3759,0.8307,1182,40.61,202.76049103514094,384.7352,587.7135,486.2244,0.0,1.5,1.725,1182,40.61,182.93358299604327,403.109,586.0426,494.5758,0.1167,3.4424,0.7197,1182,40.61
200.78753260226534,385.2548,586.0423,485.6485,0.0667,1.5696,0.7117,1183,40.64333333333334,200.49895373123118,385.2794,585.7783,485.5288,0.0,1.9957,0.6742,1183,40.64333333333334,201.90409788373597,384.804,586.7776,485.7908,0.0833,1.3603,0.8306,1183,40.64333333333334,202.76183701987938,384.7184,587.7121,486.2152,0.0,1.4567,1.7258,1183,40.64333333333334,182.96671133161124,403.0756,586.0423,494.5589,0.1083,3.4386,0.7117,1183,40.64333333333334
200.7391529678098,385.2614,586.0005,485.6309,0.0667,1.5963,0.7455,1184,40.67666666666667,200.5043182094195,385.2865,585.7908,485.5387,0.0,1.965,0.6662,1184,40.67666666666667,201.56578409882272,384.8021,586.3679,485.585,0.1,1.3992,0.6501,1184,40.67666666666667,202.746790934277,384.7212,587.7051,486.2132,0.0,1.4625,1.7284,1184,40.67666666666667,183.0593067107368,402.9412,586.0005,494.4709,0.1167,3.2708,0.7455,1184,40.67666666666667
200.88673125204065,385.1639,586.0506,485.6073,0.075,1.5355,0.736,1185,40.71,200.56836758064682,385.2581,585.7659,485.512,0.0,1.7626,0.6558,1185,40.71,201.42249588422345,384.802,586.2245,485.5132,0.1083,1.4047,0.5933,1185,40.71,202.72089015433204,384.7262,587.6837,486.2049,0.0,1.431,1.8001,1185,40.71,183.4956295425995,402.555,586.0506,494.3028,0.1167,3.3198,0.736,1185,40.71
200.8434141550674,385.181,586.0244,485.6027,0.075,1.2944,0.716,1186,40.74333333333335,200.3596528254415,385.4496,585.763,485.6063,0.0,1.6719,0.6568,1186,40.74333333333335,201.35276583544106,384.8722,586.225,485.5486,0.1083,1.4166,0.5982,1186,40.74333333333335,202.68905337806422,384.7879,587.684,486.236,0.0,1.4244,1.8018,1186,40.74333333333335,183.24063487693397,402.7838,586.0244,494.4041,0.1083,3.0444,0.716,1186,40.74333333333335
201.32349351213617,384.952,586.2491,485.6005,0.05,1.5829,0.6577,1187,40.78333333333334,201.08353835978653,385.2539,586.1244,485.6892,0.0083,1.746,0.6598,1187,40.78333333333334,201.68413120529488,384.7642,586.3392,485.5517,0.1083,1.145,0.6666,1187,40.78333333333334,202.6723027960531,384.8,587.6459,486.223,0.0,1.324,1.6117,1187,40.78333333333334,182.9421272790493,403.307,586.2491,494.778,0.1167,2.4863,0.6577,1187,40.78333333333334
201.32670559709337,385.0057,585.9279,485.4668,0.05,1.624,0.6764,1188,40.81,201.0398618827929,385.3209,586.1412,485.7311,0.0167,1.7246,0.6863,1188,40.81,201.65401286456887,384.7386,586.3444,485.5415,0.1167,1.1052,0.6747,1188,40.81,202.6783941827887,384.797,587.6482,486.2226,0.0,1.3086,1.58,1188,40.81,182.84315383077023,403.4017,586.2449,494.8233,0.1083,2.6417,0.6949,1188,40.81
201.44783809192631,384.8465,586.2482,485.5473,0.0583,1.5313,0.6991,1189,40.843333333333334,201.0563073537749,385.2945,586.1234,485.7089,0.0083,1.7168,0.681,1189,40.843333333333334,201.66144058845177,384.7372,586.339,485.5381,0.1167,1.1225,0.6754,1189,40.843333333333334,202.68905352643912,384.7933,587.6543,486.2238,0.0,1.2752,1.6794,1189,40.843333333333334,183.0003199868036,403.2478,586.2482,494.748,0.1083,2.6679,0.6991,1189,40.843333333333334
201.5448600826794,384.8231,585.9352,485.3792,0.0583,1.5534,0.6865,1190,40.87666666666667,201.07677879455304,385.2727,586.1473,485.71,0.0167,1.6112,0.6917,1190,40.87666666666667,201.37360432339628,384.7423,586.0656,485.4039,0.125,1.0864,0.7771,1190,40.87666666666667,202.62746648617306,384.8006,587.581,486.1908,0.0,1.3064,1.59,1190,40.87666666666667,182.79352195547995,403.459,586.2525,494.8558,0.1083,2.6449,0.6786,1190,40.87666666666667
201.4708494865846,384.8082,586.2586,485.5334,0.0583,1.5323,0.6609,1191,40.91000000000001,201.08883078140815,385.254,586.1328,485.6934,0.0083,1.6931,0.6906,1191,40.91000000000001,201.39488804662565,384.773,586.0674,485.4202,0.1167,1.1346,0.7724,1191,40.91000000000001,202.62686675298303,384.81,587.5816,486.1958,0.0,1.3198,1.5757,1191,40.91000000000001,182.79250259553794,403.4661,586.2586,494.8623,0.1083,2.6577,0.6609,1191,40.91000000000001
201.46991214245853,384.8924,585.9591,485.4258,0.0583,1.4711,0.6346,1192,40.943333333333335,201.0304887836189,385.3373,586.1697,485.7535,0.0167,1.6597,0.6848,1192,40.943333333333335,201.50466188553833,384.7804,586.285,485.5327,0.125,1.1118,0.6518,1192,40.943333333333335,202.64161049590325,384.8321,587.6632,486.2477,0.0,1.3299,1.6001,1192,40.943333333333335,182.76890735332447,403.3386,586.1075,494.7231,0.1167,2.637,0.7078,1192,40.943333333333335
201.35242364547332,384.9622,586.2228,485.5925,0.0417,1.7523,0.7345,1193,40.97666666666667,201.10404127949846,385.3076,586.1535,485.7306,0.0083,1.459,0.649,1193,40.97666666666667,201.26163197522635,385.2273,586.4889,485.8581,0.125,1.1555,0.7026,1193,40.97666666666667,202.59090965473422,384.8848,587.666,486.2754,0.0,1.2383,1.6394,1193,40.97666666666667,182.91296248447776,403.3099,586.2228,494.7663,0.1083,2.7059,0.7345,1193,40.97666666666667
201.14617974269882,385.1843,586.1433,485.6638,0.05,1.7712,0.6925,1194,41.010000000000005,201.02195869096303,385.4003,586.172,485.7862,0.0167,1.7939,0.7005,1194,41.010000000000005,201.49249330659615,385.2791,586.5767,485.9279,0.1333,1.0883,0.6322,1194,41.010000000000005,202.54539380171948,384.9366,587.6693,486.303,0.0,1.2316,1.5826,1194,41.010000000000005,182.85806522725852,403.2507,586.1088,494.6798,0.1167,2.801,0.6973,1194,41.010000000000005
201.24001983969796,385.0382,586.1106,485.5744,0.05,1.6763,0.677,1195,41.04333333333334,201.02630659442613,385.3814,586.1513,485.7663,0.0083,1.8999,0.6931,1195,41.04333333333334,201.60767984956271,384.9249,586.5769,485.7509,0.0917,1.2592,0.6098,1195,41.04333333333334,202.54929644746278,384.9391,587.6695,486.3043,0.0,1.3385,1.5979,1195,41.04333333333334,183.69460571960434,402.416,586.1106,494.2633,0.1,3.2661,0.677,1195,41.04333333333334
201.24360336769132,384.9704,585.8565,485.4134,0.05,1.5199,0.7513,1196,41.07666666666667,200.94384915239834,385.4316,586.0809,485.7563,0.0083,1.7222,0.7805,1196,41.07666666666667,201.73808448493241,384.8397,586.5777,485.7087,0.1,0.7181,0.7137,1196,41.07666666666667,202.5521374604012,384.9063,587.6285,486.2674,0.0,1.1761,1.4455,1196,41.07666666666667,183.50408091942418,402.3524,585.8565,494.1045,0.0917,2.8586,0.7513,1196,41.07666666666667
200.34374188489105,385.3817,585.7453,485.5635,0.1,1.3823,0.6012,1197,41.115,200.90583409516256,385.6406,586.3753,486.008,0.0083,1.8194,0.7368,1197,41.115,201.94151382141402,384.9045,587.0451,485.9748,0.1083,0.9771,0.8329,1197,41.115,202.89226288483553,384.9705,588.0447,486.5076,0.0,1.0954,1.6262,1197,41.115,184.20809053357527,402.1245,586.3326,494.2286,0.1167,3.6118,0.6882,1197,41.115
200.47393035523302,385.2964,585.7478,485.5221,0.1,1.2681,0.5988,1198,41.14333333333334,200.93784750059743,385.5853,586.378,485.9816,0.0083,1.7658,0.7298,1198,41.14333333333334,201.94311767146027,384.9021,587.0458,485.974,0.1083,0.9749,0.8318,1198,41.14333333333334,202.89388848924511,384.9699,588.0453,486.5076,0.0,1.097,1.6263,1198,41.14333333333334,183.6658391399679,402.6695,586.3353,494.5024,0.1333,3.5844,0.6915,1198,41.14333333333334
200.42908198011656,385.308,585.7296,485.5188,0.1,1.2981,0.5845,1199,41.17666666666667,200.91701950098712,385.5911,586.3323,485.9617,0.0083,1.7662,0.765,1199,41.17666666666667,201.99105373101278,384.9282,587.1364,486.0323,0.0917,0.9832,0.863,1199,41.17666666666667,202.871156291906,384.9764,588.0256,486.501,0.0,1.1454,1.6071,1199,41.17666666666667,183.734934656071,402.1128,585.8478,493.9803,0.125,3.7511,0.6366,1199,41.17666666666667
200.86976105997726,385.103,585.7281,485.4156,0.1,1.2443,0.5466,1200,41.215,200.89336509200908,385.4868,586.0395,485.7632,0.0083,1.727,0.6429,1200,41.215,201.97457084310307,384.9549,587.1389,486.0469,0.0833,1.1333,0.8413,1200,41.215,202.86306420559984,384.9832,588.026,486.5046,0.0,1.1788,1.6016,1200,41.215,183.8229743472907,402.2786,586.1016,494.1901,0.1083,3.7817,0.6326,1200,41.215
200.42967219660162,385.3136,585.7294,485.5215,0.1,1.3033,0.5883,1201,41.24333333333335,200.91415612083958,385.5949,586.338,485.9665,0.0083,1.7309,0.7557,1201,41.24333333333335,201.993424040822,384.9247,587.1337,486.0292,0.0917,0.9624,0.8575,1201,41.24333333333335,202.87345529240446,384.9744,588.0233,486.4989,0.0,1.1047,1.6134,1201,41.24333333333335,183.7393013497883,402.1126,585.8519,493.9822,0.1167,3.548,0.6432,1201,41.24333333333335
200.69705995768808,385.0314,585.727,485.3792,0.1167,1.1185,0.6017,1202,41.27666666666667,200.9464663229713,385.5962,586.3338,485.965,0.0083,1.7151,0.7564,1202,41.27666666666667,202.01599158731798,384.8964,587.1351,486.0157,0.0917,0.9758,0.8581,1202,41.27666666666667,202.89635445952462,384.9473,588.0258,486.4865,0.0,1.0177,1.6257,1202,41.27666666666667,183.59831647649312,402.2502,585.8485,494.0494,0.125,3.883,0.6295,1202,41.27666666666667
200.69698350991743,385.0324,585.7288,485.3806,0.1083,1.1344,0.5496,1203,41.318333333333335,200.6837101797032,385.5956,586.0357,485.8157,0.0083,1.7182,0.6251,1203,41.318333333333335,202.01817213395114,384.8962,587.1362,486.0162,0.0917,0.9756,0.8576,1203,41.318333333333335,202.89701943742807,384.947,588.0257,486.4864,0.0,1.0182,1.6273,1203,41.318333333333335,183.416227354878,402.6827,586.0989,494.3908,0.1167,3.8025,0.6111,1203,41.318333333333335
200.6913867145638,385.0313,585.7261,485.3787,0.1083,1.0944,0.5482,1204,41.343333333333334,200.67933323748562,385.5951,586.032,485.8136,0.0083,1.7169,0.6286,1204,41.343333333333334,202.09411442211817,384.8966,587.1437,486.0201,0.0833,0.9782,0.9347,1204,41.343333333333334,202.89149335935952,384.948,588.0242,486.4861,0.0,1.0378,1.6331,1204,41.343333333333334,183.59330840468886,402.5036,586.097,494.3003,0.1,3.875,0.626,1204,41.343333333333334
200.67768806924983,385.0432,585.7283,485.3857,0.1083,1.1291,0.5406,1205,41.715,200.66789637449375,385.6102,586.0355,485.8228,0.0083,1.7085,0.6327,1205,41.715,202.1076669091605,384.9453,587.1437,486.0445,0.1,0.8549,0.9347,1205,41.715,202.87075693427497,384.9613,588.0242,486.4928,0.0,1.0289,1.6331,1205,41.715,184.05211035167025,402.0493,586.1014,494.0754,0.1,4.2084,0.6173,1205,41.715
201.48848335663706,384.866,585.8264,485.3462,0.1083,1.2496,0.6724,1206,41.723333333333336,201.19333541997318,385.5524,586.787,486.1697,0.0167,2.0878,0.859,1206,41.723333333333336,201.42612059436232,384.9521,586.2929,485.6225,0.1167,1.0529,0.4753,1206,41.723333333333336,202.77082646912825,385.0037,587.9361,486.4699,0.0,1.1372,1.6858,1206,41.723333333333336,184.3377336499642,401.7941,586.1318,493.963,0.1333,3.1878,0.6275,1206,41.723333333333336
201.0252984965847,385.1295,585.7968,485.4631,0.1,1.3936,0.5966,1207,41.74,201.0561156879764,385.649,586.7792,486.2141,0.0167,2.0726,0.8526,1207,41.74,201.455421413261,384.9778,586.2941,485.6359,0.1167,1.0349,0.4771,1207,41.74,202.78575563210381,385.0228,587.9337,486.4783,0.0,1.1302,1.6882,1207,41.74,185.88219292793855,400.0027,585.8849,492.9438,0.1,4.5673,0.6311,1207,41.74
201.42463829042737,384.8456,585.7849,485.3153,0.125,1.2243,0.6283,1208,41.75666666666667,201.18879864522995,385.5338,586.784,486.1589,0.0167,2.0778,0.8444,1208,41.75666666666667,201.35024506124736,384.966,586.1856,485.5758,0.125,1.0986,0.5613,1208,41.75666666666667,202.79784595238033,385.0123,587.9374,486.4748,0.0,1.118,1.6324,1208,41.75666666666667,184.14234755054298,401.9835,586.1259,494.0547,0.1167,3.745,0.6604,1208,41.75666666666667
201.73225125277236,384.6527,586.4069,485.5298,0.0917,1.307,0.5856,1209,41.781666666666666,201.49332643770305,385.0393,586.3569,485.6981,0.0083,1.4797,0.6392,1209,41.781666666666666,201.42807411818816,385.1211,586.1582,485.6397,0.1167,1.3205,0.5949,1209,41.781666666666666,202.6678621267578,384.9722,587.8413,486.4067,0.0083,1.2632,1.539,1209,41.781666666666666,184.04389693303597,402.363,586.4069,494.3849,0.15,3.9254,0.5856,1209,41.781666666666666
201.73458161472217,384.6541,586.4068,485.5305,0.0917,1.2625,0.5992,1210,41.81,201.4932633036556,385.0384,586.357,485.6977,0.0083,1.4803,0.6258,1210,41.81,201.41798709952116,385.1231,586.1526,485.6378,0.1167,1.3176,0.5877,1210,41.81,202.6620458646637,384.9753,587.8389,486.4071,0.0083,1.293,1.5291,1210,41.81,183.54629661539173,402.8605,586.4068,494.6336,0.15,3.7873,0.5992,1210,41.81
201.72891270945183,384.6477,586.4069,485.5273,0.0917,1.1899,0.5997,1211,41.843333333333334,201.49238734713893,385.0382,586.3571,485.6977,0.0083,1.4811,0.6258,1211,41.843333333333334,201.41683818905446,385.1209,586.1521,485.6365,0.1167,1.3115,0.5835,1211,41.843333333333334,202.66199170969088,384.9748,587.8391,486.4069,0.0083,1.2595,1.5274,1211,41.843333333333334,183.92989586436738,402.477,586.4069,494.442,0.15,3.9676,0.5997,1211,41.843333333333334
201.60165647173955,384.7495,586.3589,485.5542,0.0833,1.2655,0.6131,1212,41.87666666666667,201.46590880368527,385.1639,586.6509,485.9074,0.0083,1.4643,0.8535,1212,41.87666666666667,201.65238585740119,385.1715,586.9145,486.043,0.1167,1.0247,0.8363,1212,41.87666666666667,202.50623698227966,385.1057,587.8645,486.4851,0.0,1.1804,1.5711,1212,41.87666666666667,183.2594604559271,403.0994,586.3589,494.7292,0.1333,3.5892,0.6131,1212,41.87666666666667
201.5809453400899,384.8372,586.3513,485.5943,0.0917,1.0972,0.6245,1213,41.91000000000001,201.37603821784685,385.2534,586.647,485.9502,0.0083,1.4632,0.8377,1213,41.91000000000001,201.19399729739752,385.1355,586.3295,485.7325,0.125,1.0966,0.5871,1213,41.91000000000001,202.51322535627136,385.1008,587.859,486.4799,0.0,1.2081,1.5762,1213,41.91000000000001,183.74600894232432,402.6053,586.3513,494.4783,0.1417,4.0325,0.6245,1213,41.91000000000001
201.7265773212071,384.7207,586.4542,485.5874,0.075,1.1199,0.6282,1214,41.943333333333335,201.3877382362247,385.2407,586.6456,485.9431,0.0083,1.3979,0.8503,1214,41.943333333333335,200.93411325932135,385.2252,586.1593,485.6922,0.1417,0.9114,0.5649,1214,41.943333333333335,202.46464747533122,385.1552,587.8416,486.4984,0.0,1.1847,1.5344,1214,41.943333333333335,184.59736147567506,401.9143,586.4542,494.1843,0.1417,3.9219,0.6282,1214,41.943333333333335
201.7060047454945,384.7416,586.4535,485.5976,0.0833,1.099,0.6418,1215,41.97666666666667,201.4075723719173,385.2219,586.6468,485.9344,0.0083,1.4473,0.8279,1215,41.97666666666667,201.3652808415354,385.1049,586.1523,485.6286,0.125,1.0635,0.5664,1215,41.97666666666667,202.51018600263717,385.111,587.8404,486.4757,0.0083,1.1206,1.5486,1215,41.97666666666667,184.61882395187692,401.894,586.4535,494.1738,0.1417,3.9116,0.6418,1215,41.97666666666667
201.64334424619557,384.8002,586.179,485.4896,0.0833,1.0436,0.6393,1216,42.010000000000005,201.40889503742602,385.2204,586.6483,485.9343,0.0083,1.4667,0.8293,1216,42.010000000000005,201.42240339767815,385.2202,586.1484,485.6843,0.1333,1.0602,0.5636,1216,42.010000000000005,202.51211070960355,385.1082,587.8392,486.4737,0.0083,1.1224,1.5499,1216,42.010000000000005,183.60014594170318,402.5789,586.179,494.3789,0.1333,3.9865,0.6393,1216,42.010000000000005
201.67323630129331,384.7721,586.4503,485.6112,0.0833,1.1463,0.6728,1217,42.04333333333334,201.3784717450262,385.2498,586.6494,485.9496,0.0083,1.5311,0.8204,1217,42.04333333333334,201.32473645604017,385.1341,586.1477,485.6409,0.125,1.0636,0.5437,1217,42.04333333333334,202.47903562803006,385.1458,587.8387,486.4923,0.0083,1.2032,1.5534,1217,42.04333333333334,183.4344720184013,403.0772,586.4503,494.7638,0.1417,3.618,0.6728,1217,42.04333333333334
201.5972344493192,384.7452,586.1789,485.4621,0.0833,1.33,0.6391,1218,42.07666666666667,201.37384188774362,385.2534,586.6487,485.9511,0.0083,1.4433,0.8202,1218,42.07666666666667,201.32427691666712,385.135,586.1471,485.6411,0.125,1.061,0.5431,1218,42.07666666666667,202.47781175147628,385.1458,587.8395,486.4926,0.0083,1.2073,1.554,1218,42.07666666666667,183.08760701001225,403.0913,586.1789,494.6351,0.1333,3.6165,0.6391,1218,42.07666666666667
201.2146558616163,385.241,586.2014,485.7212,0.0583,2.0327,0.7298,1219,42.11333333333334,201.0536682522119,385.6545,586.8009,486.2277,0.0167,2.0395,0.917,1219,42.11333333333334,201.34486391246753,385.0534,586.2668,485.6601,0.1167,1.6069,0.7015,1219,42.11333333333334,202.6649057911867,385.1858,588.0068,486.5963,0.0,1.6623,1.8359,1219,42.11333333333334,184.8384521413954,401.1477,585.9862,493.5669,0.125,4.514,0.7131,1219,42.11333333333334
201.3147238019858,385.1775,586.213,485.6952,0.0667,2.0253,0.7266,1220,42.14333333333334,201.01112493685264,385.7062,586.8048,486.2555,0.0167,2.1407,0.8809,1220,42.14333333333334,201.59797722459186,385.0654,586.6669,485.8662,0.1083,1.6201,0.5174,1220,42.14333333333334,202.64758807489807,385.198,588.0097,486.6039,0.0,1.5714,1.8029,1220,42.14333333333334,184.6342823352434,401.1693,585.8836,493.5264,0.1417,4.4739,0.6704,1220,42.14333333333334
201.10548156065624,385.2088,585.8755,485.5422,0.0833,1.9375,0.6567,1221,42.17666666666667,201.38377740941863,385.48,586.8923,486.1861,0.0167,1.9252,0.9284,1221,42.17666666666667,201.6473166747217,385.0085,586.6681,485.8383,0.1333,1.3555,0.5401,1221,42.17666666666667,202.6568021574733,385.1931,588.0195,486.6063,0.0,1.4741,1.8244,1221,42.17666666666667,187.44404806545688,398.4485,585.8987,492.1736,0.1083,6.0651,0.7129,1221,42.17666666666667
201.12676605045897,385.1996,585.876,485.5378,0.0833,2.061,0.618,1222,42.21,201.39559691417182,385.4721,586.8968,486.1844,0.0167,1.926,0.9445,1222,42.21,201.66482533694113,384.9938,586.6706,485.8322,0.1333,1.36,0.5447,1222,42.21,202.6688706604713,385.1795,588.0215,486.6005,0.0,1.5157,1.825,1222,42.21,185.34765289972907,400.5449,585.8991,493.222,0.125,4.5682,0.665,1222,42.21
201.0608888906043,385.1937,585.8043,485.499,0.075,2.0283,0.6075,1223,42.24333333333335,201.51018920932944,385.3285,586.8861,486.1073,0.0167,2.0967,0.914,1223,42.24333333333335,201.9678051134586,384.9913,587.1263,486.0588,0.1083,1.2149,0.9127,1223,42.24333333333335,202.71785940283957,385.1464,588.0482,486.5973,0.0,1.5518,1.826,1223,42.24333333333335,185.9758622252924,399.7896,585.8073,492.7985,0.1333,4.613,0.6159,1223,42.24333333333335
200.9061905624505,385.2713,585.7435,485.5074,0.0833,1.937,0.6193,1224,42.27666666666667,200.98116083868433,385.6788,586.7118,486.1953,0.0083,2.104,1.0458,1224,42.27666666666667,201.82225372836677,384.9945,587.0465,486.0205,0.1,1.6635,0.8163,1224,42.27666666666667,202.67868275124104,385.1284,587.9835,486.556,0.0,1.5509,1.8716,1224,42.27666666666667,187.41023092130442,398.3333,585.7435,492.0384,0.1083,6.9303,0.6193,1224,42.27666666666667
200.7306778802718,385.3887,585.6821,485.5354,0.075,2.3404,0.5875,1225,42.31,201.26386026031153,385.5371,586.8206,486.1789,0.0083,2.4752,1.2805,1225,42.31,201.8964318537762,384.9955,587.0395,486.0175,0.1333,1.2433,0.8203,1225,42.31,202.80157919123457,385.0134,587.9789,486.4962,0.0,1.5079,1.8284,1225,42.31,187.0726683334558,398.6094,585.6821,492.1457,0.0917,6.0685,0.5875,1225,42.31
201.13255728291534,385.0487,585.6691,485.3589,0.075,1.9305,0.5761,1226,42.343333333333334,201.3692398650988,385.3452,586.7686,486.0569,0.0083,2.4133,1.1989,1226,42.343333333333334,201.87315874591616,384.9705,587.0581,486.0143,0.1083,1.6138,0.7673,1226,42.343333333333334,202.83162315241688,384.9807,587.9722,486.4765,0.0,1.6359,1.7692,1226,42.343333333333334,187.07118547516234,398.5939,585.6691,492.1315,0.0833,5.8766,0.5761,1226,42.343333333333334
201.1149660401972,385.0233,585.663,485.3432,0.075,1.9738,0.5884,1227,42.37666666666667,201.3850504181814,385.3202,586.7297,486.025,0.0083,2.3151,1.1007,1227,42.37666666666667,201.93290943428076,384.8552,587.0109,485.9331,0.1167,1.5955,0.7727,1227,42.37666666666667,202.87840477933983,384.9043,587.9517,486.428,0.0,1.7228,1.7443,1227,42.37666666666667,186.63714892487462,399.0153,585.663,492.3392,0.0917,5.8912,0.5884,1227,42.37666666666667
201.12636883810038,385.0141,585.6635,485.3388,0.075,2.0771,0.5894,1228,42.41000000000001,201.3946415577577,385.3085,586.7296,486.019,0.0083,2.258,1.1008,1228,42.41000000000001,201.91874274839765,384.8695,587.0109,485.9402,0.1,1.5849,0.7727,1228,42.41000000000001,202.90067686899246,384.883,587.9517,486.4174,0.0,1.6442,1.7443,1228,42.41000000000001,187.1326484436076,398.5192,585.6635,492.0913,0.1,6.6728,0.5894,1228,42.41000000000001
201.51824685702283,384.665,585.8437,485.2543,0.1,1.1716,0.6069,1229,42.445,201.72355288076932,385.0481,586.7785,485.9133,0.0083,1.2567,1.215,1229,42.445,201.39307834727887,384.8598,586.1791,485.5194,0.125,1.1047,0.5595,1229,42.445,202.79024105400993,384.9081,587.8718,486.39,0.0,1.395,1.7236,1229,42.445,182.8972944186714,402.9464,585.8437,494.395,0.15,4.0242,0.6069,1229,42.445
201.54411102463777,384.6457,585.8426,485.2441,0.1,1.2226,0.5355,1230,42.47666666666667,201.73078327044206,385.0209,586.7647,485.8928,0.0083,1.2425,1.1165,1230,42.47666666666667,201.82024148230732,384.8439,586.4823,485.6631,0.1083,1.1702,0.5891,1230,42.47666666666667,202.8891310950879,384.8792,587.8947,486.387,0.0,1.3728,1.6811,1230,42.47666666666667,185.20512078078104,400.6374,585.8426,493.24,0.1333,4.7573,0.5355,1230,42.47666666666667
201.5448956682739,384.6469,585.8406,485.2437,0.1083,1.1836,0.5217,1231,42.52333333333333,201.6864218298444,385.0757,586.7621,485.9189,0.0083,1.1985,1.121,1231,42.52333333333333,201.80485308593006,384.8498,586.4836,485.6667,0.1083,1.2909,0.5783,1231,42.52333333333333,202.87957614985373,384.8865,587.8942,486.3904,0.0,1.4269,1.6811,1231,42.52333333333333,182.91447690098332,402.9262,585.8406,494.3834,0.15,3.7226,0.5217,1231,42.52333333333333
201.5021548937612,384.7018,585.8397,485.2707,0.1,1.1907,0.526,1232,42.54666666666667,201.68872717486738,385.0739,586.7626,485.9183,0.0083,1.1757,1.1202,1232,42.54666666666667,201.80784944801349,384.851,586.4838,485.6674,0.1083,1.2964,0.5831,1232,42.54666666666667,202.88066016947855,384.8872,587.8941,486.3906,0.0,1.4264,1.6887,1232,42.54666666666667,182.91715159548693,402.9225,585.8397,494.3811,0.15,3.7223,0.526,1232,42.54666666666667
201.5699038414775,384.5907,585.8389,485.2148,0.1333,1.03,0.6229,1233,42.57666666666667,201.60340032199548,385.1646,586.7623,485.9635,0.0083,1.4147,1.1153,1233,42.57666666666667,201.75051375496557,384.8657,586.4892,485.6774,0.1083,1.2374,0.5896,1233,42.57666666666667,202.84751763113215,384.906,587.8935,486.3998,0.0,1.3997,1.6867,1233,42.57666666666667,182.91167642883798,402.9272,585.8389,494.383,0.1583,3.7229,0.6229,1233,42.57666666666667
201.4957993670596,384.7071,585.841,485.274,0.1167,1.1659,0.5059,1234,42.61,201.57265820950738,385.1927,586.7618,485.9773,0.0083,1.4198,1.1224,1234,42.61,201.73698863036685,384.8651,586.4839,485.6745,0.1083,1.2267,0.5763,1234,42.61,202.8424011198379,384.9059,587.8912,486.3986,0.0,1.3923,1.6853,1234,42.61,182.9078362951319,402.9332,585.841,494.3871,0.15,3.7238,0.5059,1234,42.61
201.49505435079377,384.7067,585.8426,485.2747,0.1083,1.148,0.5034,1235,42.64833333333333,201.63427777410723,385.1339,586.7625,485.9482,0.0083,1.2499,1.1234,1235,42.64833333333333,201.71590990581262,384.8414,586.4837,485.6625,0.1167,1.1773,0.5791,1235,42.64833333333333,202.84853935727637,384.9038,587.8913,486.3975,0.0,1.3673,1.6869,1235,42.64833333333333,182.90947541934958,402.9332,585.8426,494.3879,0.15,3.6842,0.5034,1235,42.64833333333333
201.4779393058579,384.7111,585.8254,485.2682,0.1083,1.2052,0.5048,1236,42.67666666666667,201.61538069498948,385.1472,586.7567,485.9519,0.0083,1.1635,1.1103,1236,42.67666666666667,201.86833227894002,384.908,586.6271,485.7676,0.075,1.3964,0.6141,1236,42.67666666666667,202.71386481056868,384.908,587.7977,486.3528,0.0,1.3964,1.5751,1236,42.67666666666667,182.94401822796016,402.8814,585.8254,494.3534,0.1417,3.7426,0.5048,1236,42.67666666666667
201.46439432636538,384.7492,585.8299,485.2896,0.1,1.293,0.5376,1237,42.71,201.668669456462,385.0992,586.7621,485.9307,0.0083,1.4489,1.0855,1237,42.71,201.8568619914552,384.9262,586.6246,485.7754,0.075,1.4275,0.6343,1237,42.71,202.68338627813637,384.9262,587.7958,486.361,0.0,1.4275,1.5857,1237,42.71,182.93919678060328,402.8907,585.8299,494.3603,0.1417,3.7685,0.5376,1237,42.71
201.45552593119854,384.7518,585.8266,485.2892,0.1,1.3159,0.5194,1238,42.75166666666667,201.66238930376494,385.1031,586.7597,485.9314,0.0083,1.381,1.0864,1238,42.75166666666667,201.84736073853446,384.9321,586.6246,485.7784,0.075,1.4756,0.6343,1238,42.75166666666667,202.6784974272664,384.9321,587.7958,486.364,0.0,1.4756,1.5857,1238,42.75166666666667,182.94314220573273,402.8835,585.8266,494.3551,0.1417,3.7664,0.5194,1238,42.75166666666667
200.39837703562483,385.8169,586.1809,485.9989,0.0417,1.8636,0.7291,1239,42.778333333333336,200.3931596200858,385.8555,586.1269,485.9912,0.0,1.9183,0.7299,1239,42.778333333333336,201.77762912036744,384.961,586.8816,485.9213,0.0917,0.9902,0.8287,1239,42.778333333333336,202.6566869965605,385.1158,587.938,486.5269,0.0,1.1073,1.7431,1239,42.778333333333336,187.43791587659985,398.743,586.1809,492.462,0.1083,6.2148,0.7291,1239,42.778333333333336
200.72178510898445,385.5522,586.2095,485.8808,0.0833,1.6199,0.7964,1240,42.81,200.3959824854142,385.8521,586.1304,485.9913,0.0,1.9145,0.7259,1240,42.81,201.78143939826506,384.9562,586.8799,485.9181,0.0917,1.0111,0.8565,1240,42.81,202.65910751276638,385.1111,587.9348,486.523,0.0,1.0875,1.7419,1240,42.81,188.13041054638148,398.0791,586.2095,492.1443,0.1333,5.4314,0.7964,1240,42.81
200.85637119606878,385.3513,586.1917,485.7715,0.0667,1.575,0.7623,1241,42.85333333333334,200.5778975014669,385.7361,586.1209,485.9285,0.0,1.8513,0.7274,1241,42.85333333333334,201.5915533100986,384.9645,586.5342,485.7493,0.1,0.9726,0.6667,1241,42.85333333333334,202.64274906158622,385.1201,587.9353,486.5277,0.0,1.0147,1.7283,1241,42.85333333333334,186.28245866544324,399.9092,586.1917,493.0504,0.125,4.1719,0.7623,1241,42.85333333333334
200.62372906762806,385.5685,586.2025,485.8855,0.075,1.6875,0.8279,1242,42.87666666666667,200.3556680378526,385.9178,586.1233,486.0205,0.0,2.0223,0.7465,1242,42.87666666666667,201.75912980796016,384.9806,586.8817,485.9311,0.0917,1.0916,0.8405,1242,42.87666666666667,202.63033121934703,385.1337,587.9419,486.5378,0.0,1.1401,1.6588,1242,42.87666666666667,186.54919913115978,399.6533,586.2025,492.9279,0.1167,5.1263,0.8279,1242,42.87666666666667
200.63420927004336,385.5562,586.2004,485.8783,0.075,1.7417,0.8218,1243,42.91000000000001,200.36491450981143,385.9057,586.1212,486.0135,0.0,2.0324,0.7564,1243,42.91000000000001,201.76271036389522,384.9784,586.8837,485.931,0.0917,1.0525,0.8223,1243,42.91000000000001,202.6339582117825,385.1317,587.9429,486.5373,0.0,1.077,1.6389,1243,42.91000000000001,187.15929184600307,399.0411,586.2004,492.6207,0.1083,6.1718,0.8218,1243,42.91000000000001
200.7122018989878,385.5493,586.2759,485.9126,0.0583,1.7437,0.7586,1244,42.95666666666667,200.4036124981034,385.8989,586.2178,486.0583,0.0,1.9519,0.7726,1244,42.95666666666667,201.76257635006894,384.977,586.8811,485.929,0.0917,1.0512,0.82,1244,42.95666666666667,202.63434763756476,385.1301,587.9425,486.5363,0.0,1.0745,1.6526,1244,42.95666666666667,187.12944609274948,399.1465,586.2759,492.7112,0.125,5.5709,0.7586,1244,42.95666666666667
200.70972468402385,385.5089,586.1808,485.8449,0.0583,1.5771,0.7231,1245,42.97666666666667,200.39549328811506,385.8603,586.1272,485.9937,0.0,1.8759,0.7724,1245,42.97666666666667,201.76006590742,384.9804,586.8814,485.9309,0.0917,1.0352,0.8288,1245,42.97666666666667,202.63729102670112,385.1333,587.938,486.5357,0.0,1.1333,1.7436,1245,42.97666666666667,182.79487228371352,403.386,586.1808,494.7834,0.1333,2.7649,0.7231,1245,42.97666666666667
200.65391868352086,385.5431,586.194,485.8685,0.0667,1.7784,0.745,1246,43.010000000000005,200.38047684349124,385.8954,586.1237,486.0096,0.0,2.0093,0.766,1246,43.010000000000005,201.7690749627543,384.9709,586.8853,485.9281,0.0917,1.0703,0.8269,1246,43.010000000000005,202.64289506719768,385.1248,587.9431,486.5339,0.0,1.0988,1.6066,1246,43.010000000000005,182.81620053275336,403.3778,586.194,494.7859,0.1417,2.7033,0.745,1246,43.010000000000005
200.7101610813358,385.5504,586.2735,485.9119,0.0583,1.7735,0.7592,1247,43.05666666666667,200.40036213988543,385.9021,586.215,486.0585,0.0,2.0964,0.7888,1247,43.05666666666667,201.76856435312635,384.9718,586.8856,485.9287,0.0917,1.0692,0.8245,1247,43.05666666666667,202.64178974682753,385.1256,587.9439,486.5348,0.0,1.0977,1.609,1247,43.05666666666667,182.89558198413067,403.3779,586.2735,494.8257,0.1333,2.704,0.7592,1247,43.05666666666667
200.64913684087722,385.547,586.2082,485.8776,0.075,1.8369,0.8023,1248,43.07666666666667,200.3771117701411,385.8996,586.1288,486.0142,0.0,1.962,0.777,1248,43.07666666666667,201.76917330218225,384.9719,586.8856,485.9287,0.0917,1.0701,0.8245,1248,43.07666666666667,202.6436353316744,385.1257,587.9439,486.5348,0.0,1.0964,1.609,1248,43.07666666666667,182.8336715135906,403.3745,586.2082,494.7913,0.15,2.8006,0.8023,1248,43.07666666666667
200.25761429677925,386.0105,586.2925,486.1515,0.05,2.2625,0.7087,1249,43.11166666666667,200.34655086582802,386.0105,586.1962,486.1033,0.0,2.2625,0.7631,1249,43.11166666666667,201.7675501168192,385.2022,587.1499,486.1761,0.0667,1.5829,0.8639,1249,43.11166666666667,202.67585640344606,385.2022,588.0676,486.6349,0.0,1.5829,1.6549,1249,43.11166666666667,183.00748914205113,403.285,586.2925,494.7888,0.15,2.9396,0.7087,1249,43.11166666666667
200.3035802097428,385.9344,586.2836,486.109,0.0667,2.1165,0.7278,1250,43.14333333333334,200.6004212324769,385.9003,586.4406,486.1705,0.0,2.1965,0.9386,1250,43.14333333333334,201.6944045509953,385.198,587.0307,486.1144,0.075,1.5475,0.8672,1250,43.14333333333334,202.68600396875505,385.198,588.0662,486.6321,0.0,1.5475,1.6386,1250,43.14333333333334,184.3138451606014,401.9698,586.2836,494.1267,0.1417,3.9754,0.7278,1250,43.14333333333334
200.4089382434687,385.8848,586.2887,486.0867,0.05,2.1214,0.7246,1251,43.17666666666667,200.50532588968096,385.8848,586.192,486.0384,0.0,2.1214,0.7897,1251,43.17666666666667,201.77863707058393,385.1923,587.1446,486.1684,0.0667,1.5361,0.824,1251,43.17666666666667,202.69250737666687,385.1923,588.0646,486.6284,0.0,1.5361,1.6553,1251,43.17666666666667,187.85962615866438,398.4291,586.2887,492.3589,0.1,5.8852,0.7246,1251,43.17666666666667
200.36361255726027,385.9287,586.1812,486.0549,0.0333,2.1731,0.6984,1252,43.21,200.73536214207076,385.9287,586.7277,486.3282,0.0,2.1731,0.869,1252,43.21,201.71276875918605,385.249,587.1554,486.2022,0.0667,1.4304,0.8522,1252,43.21,202.5935715103369,385.249,588.0712,486.6601,0.0,1.4304,1.734,1252,43.21,187.0124602907527,399.1688,586.1812,492.675,0.1,5.9278,0.6984,1252,43.21
200.36280140999457,385.9343,586.1884,486.0614,0.0333,2.1534,0.6928,1253,43.24333333333335,200.73573083348322,385.9343,586.7341,486.3342,0.0,2.1534,0.8751,1253,43.24333333333335,201.7170898425792,385.2494,587.1617,486.2056,0.0667,1.4284,0.8573,1253,43.24333333333335,202.59978859671216,385.2494,588.0748,486.6621,0.0,1.4284,1.6844,1253,43.24333333333335,187.02560899520586,399.1628,586.1884,492.6756,0.1,5.9408,0.6928,1253,43.24333333333335
200.36579012283815,385.933,586.1948,486.0639,0.0333,2.1762,0.6965,1254,43.27666666666667,200.73912600599272,385.933,586.7413,486.3372,0.0,2.1762,0.8976,1254,43.27666666666667,201.7160774583428,385.249,587.1608,486.2049,0.0667,1.424,0.8584,1254,43.27666666666667,202.59998469413398,385.249,588.0761,486.6626,0.0,1.424,1.6892,1254,43.27666666666667,186.8368196823428,399.3579,586.1948,492.7764,0.0917,5.9538,0.6965,1254,43.27666666666667
200.37037791095287,385.9265,586.2012,486.0639,0.0417,2.1453,0.6807,1255,43.31,200.74498441328106,385.9265,586.7425,486.3345,0.0,2.1453,0.8616,1255,43.31,201.71542291357122,385.2502,587.1606,486.2054,0.0667,1.4269,0.8585,1255,43.31,202.5999770724982,385.2502,588.076,486.6631,0.0,1.4269,1.6892,1255,43.31,186.85163146478962,399.3495,586.2012,492.7753,0.1,5.9473,0.6807,1255,43.31
200.39579114432715,385.9279,586.2375,486.0827,0.0333,2.163,0.7003,1256,43.343333333333334,200.5684452692563,385.9279,586.4383,486.1831,0.0,2.163,0.9216,1256,43.343333333333334,201.7154180800717,385.249,587.16,486.2045,0.0667,1.4264,0.852,1256,43.343333333333334,202.60064556969488,385.249,588.0763,486.6627,0.0,1.4264,1.6896,1256,43.343333333333334,186.8761342239635,399.3614,586.2375,492.7994,0.0917,5.9365,0.7003,1256,43.343333333333334
200.30694758172186,385.9332,586.0659,485.9996,0.05,2.1383,0.6911,1257,43.37666666666667,200.8570285574703,385.9332,586.8659,486.3996,0.0,2.1383,0.9341,1257,43.37666666666667,201.71613261157933,385.2495,587.161,486.2052,0.0667,1.4221,0.8587,1257,43.37666666666667,202.5717283039227,385.2495,588.0531,486.6513,0.0,1.4221,1.662,1257,43.37666666666667,186.7125326792749,399.3534,586.0659,492.7096,0.1083,5.9483,0.6911,1257,43.37666666666667
200.30579632972155,385.9308,586.0631,485.9969,0.05,2.128,0.6746,1258,43.41000000000001,200.857357294052,385.9308,586.8656,486.3982,0.0,2.128,0.9232,1258,43.41000000000001,201.7168056165819,385.2482,587.161,486.2046,0.0667,1.4207,0.8587,1258,43.41000000000001,202.57236170857246,385.2482,588.0531,486.6507,0.0,1.4207,1.662,1258,43.41000000000001,185.3837705499102,400.6793,586.0631,493.3712,0.1167,4.8651,0.6746,1258,43.41000000000001
201.01698028057757,385.3685,586.3311,485.8498,0.0667,2.0134,0.7681,1259,43.778333333333336,200.60996576919487,385.9825,586.4884,486.2354,0.0083,2.0469,0.885,1259,43.778333333333336,201.69596053619452,385.0611,586.6642,485.8627,0.1,1.5926,0.6118,1259,43.778333333333336,202.60668119480772,385.1971,587.9859,486.5915,0.0083,1.5363,1.6413,1259,43.778333333333336,183.24606661360406,402.4947,585.7908,494.1427,0.125,3.4798,0.6066,1259,43.778333333333336
200.36170085790235,385.9478,586.4437,486.1957,0.0833,1.7831,0.872,1260,43.790000000000006,200.57117515783233,385.9821,586.5501,486.2661,0.0083,1.9584,0.9032,1260,43.790000000000006,201.72494502598812,385.0563,586.6626,485.8595,0.1,1.6419,0.6137,1260,43.790000000000006,202.62175471421648,385.1922,587.9845,486.5884,0.0083,1.6,1.6438,1260,43.790000000000006,183.27381828112155,402.4006,585.7739,494.0873,0.1417,3.2962,0.5455,1260,43.790000000000006
200.39313306352145,385.8973,586.3855,486.1414,0.0583,1.8363,0.8217,1261,43.80666666666667,200.60455358170148,385.965,586.5937,486.2794,0.0083,2.101,0.9028,1261,43.80666666666667,201.8441293640917,385.0719,587.1132,486.0925,0.0833,1.5494,0.7464,1261,43.80666666666667,202.61943304388734,385.207,588.0137,486.6104,0.0083,1.5912,1.662,1261,43.80666666666667,182.2002629911111,403.5258,585.7857,494.6558,0.1583,2.7823,0.6859,1261,43.80666666666667
201.6317857986374,384.9519,586.2957,485.6238,0.0583,1.9779,0.8011,1262,43.82166666666667,201.22415755813668,385.5932,586.8532,486.2232,0.0083,2.037,1.0435,1262,43.82166666666667,202.04799323171474,385.1155,587.3725,486.244,0.0917,1.2901,0.7893,1262,43.82166666666667,202.7514801539142,385.1159,588.099,486.6075,0.0,1.2217,1.7424,1262,43.82166666666667,184.76308269671262,401.5326,586.2957,493.9142,0.1167,4.2091,0.8011,1262,43.82166666666667
201.4709786098165,385.1045,586.3021,485.7033,0.05,1.9943,0.7792,1263,43.843333333333334,201.2157999783169,385.603,586.8591,486.231,0.0083,2.0803,1.028,1263,43.843333333333334,202.03900039350347,385.1175,587.3725,486.245,0.0917,1.2879,0.7893,1263,43.843333333333334,202.74752289949487,385.1283,588.099,486.6137,0.0,1.2283,1.7424,1263,43.843333333333334,184.76495016482056,401.5372,586.3021,493.9196,0.1167,4.2138,0.7792,1263,43.843333333333334
201.46723563053072,385.0755,586.183,485.6293,0.0583,1.9136,0.7304,1264,43.87666666666667,201.25341837506784,385.5623,586.8542,486.2082,0.0083,2.0034,1.0252,1264,43.87666666666667,202.06648049431453,385.1103,587.3733,486.2418,0.0833,1.4113,0.8021,1264,43.87666666666667,202.81347037213533,385.1103,588.1026,486.6065,0.0,1.4113,1.7197,1264,43.87666666666667,189.2944615855071,396.8886,586.183,491.5358,0.1,5.8451,0.7304,1264,43.87666666666667
201.5848480547231,385.0017,586.2313,485.6165,0.075,1.953,0.7057,1265,43.91000000000001,201.17926841221822,385.657,586.8588,486.2579,0.0083,2.0078,1.0244,1265,43.91000000000001,202.07108009980823,385.0922,587.3738,486.233,0.0917,1.3006,0.7991,1265,43.91000000000001,202.79269587258224,385.113,588.1046,486.6088,0.0,1.2592,1.7443,1265,43.91000000000001,184.69603007091845,401.5353,586.2313,493.8833,0.1333,4.2295,0.7057,1265,43.91000000000001
201.6210877568068,384.9845,586.339,485.6618,0.0667,1.8294,0.7718,1266,43.943333333333335,201.19462270593164,385.6408,586.8517,486.2462,0.0083,2.0279,1.0278,1266,43.943333333333335,202.07005724585582,385.0908,587.3725,486.2317,0.0917,1.3016,0.7893,1266,43.943333333333335,202.78791694149993,385.1117,588.099,486.6054,0.0,1.2764,1.7424,1266,43.943333333333335,187.46927770145842,398.8697,586.339,492.6043,0.1083,5.8051,0.7718,1266,43.943333333333335
201.60725835804664,384.9935,586.2921,485.6428,0.0583,1.8398,0.7862,1267,43.980000000000004,201.18747880312372,385.6493,586.8495,486.2494,0.0083,2.0141,1.0187,1267,43.980000000000004,202.06870428677283,385.0908,587.3733,486.2321,0.0917,1.307,0.805,1267,43.980000000000004,202.78638506084351,385.1118,588.0992,486.6055,0.0,1.297,1.7482,1267,43.980000000000004,184.77080575999312,401.5213,586.2921,493.9067,0.1167,4.2351,0.7862,1267,43.980000000000004
201.60687057603394,384.992,586.3,485.646,0.0583,1.8426,0.7723,1268,44.010000000000005,201.1882797548786,385.6487,586.8572,486.2529,0.0083,2.1003,1.0243,1268,44.010000000000005,201.7296131418684,385.1163,586.756,485.9362,0.0833,1.2983,0.6632,1268,44.010000000000005,202.7791234362149,385.1163,588.0979,486.6071,0.0,1.2983,1.7355,1268,44.010000000000005,184.77262053537305,401.5274,586.3,493.9137,0.1083,4.2381,0.7723,1268,44.010000000000005
201.46724011837105,384.9744,586.0233,485.4989,0.1083,1.9654,0.5433,1269,44.04333333333334,201.2831676450807,385.617,586.9515,486.2842,0.0167,1.9658,0.9693,1269,44.04333333333334,201.98293784497295,385.1169,587.3497,486.2333,0.0667,1.2984,0.8305,1269,44.04333333333334,202.92563196599022,385.1169,588.2617,486.6893,0.0,1.2984,1.7865,1269,44.04333333333334,184.7680894453866,401.512,586.2801,493.896,0.125,4.2032,0.675,1269,44.04333333333334
201.1647778907962,386.4926,587.3427,486.9177,0.05,2.2896,0.5676,1270,44.08166666666667,201.33584261828034,386.4926,587.8246,487.1586,0.0083,2.2896,0.7595,1270,44.08166666666667,202.69107751877533,385.8871,588.5789,487.233,0.1,1.387,0.7945,1270,44.08166666666667,203.61141750403957,385.94,589.6166,487.7783,0.0,1.6955,1.8174,1270,44.08166666666667,190.07124946018394,397.2904,587.3616,492.326,0.1333,13.1319,0.5877,1270,44.08166666666667
201.76039924058017,387.0949,588.4701,487.7825,0.1083,2.112,0.737,1271,44.11166666666667,201.99520187767692,387.3975,589.4528,488.4251,0.0083,2.1919,1.5583,1271,44.11166666666667,202.16538042244127,387.4325,589.6299,488.5312,0.125,0.8562,0.8157,1271,44.11166666666667,203.1104797099206,387.4452,590.7153,489.0803,0.0,1.4029,1.6885,1271,44.11166666666667,191.80998730500633,396.5626,588.4701,492.5163,0.2083,10.3478,0.737,1271,44.11166666666667
201.10492017765208,388.2448,589.1976,488.7212,0.075,2.5384,0.7383,1272,44.14333333333334,201.36393818938734,388.5217,590.1194,489.3206,0.0,2.557,1.1171,1272,44.14333333333334,203.12920547305023,388.333,591.4195,489.8763,0.0583,1.1078,1.9036,1272,44.14333333333334,203.10133888887677,388.2981,591.4638,489.8809,0.0,1.4299,2.1417,1272,44.14333333333334,193.78084048943336,395.1614,589.1976,492.1795,0.1083,11.891,0.7383,1272,44.14333333333334
200.11060589384246,389.7528,589.7566,489.7547,0.1417,1.8566,0.5661,1273,44.185,201.4300708033424,389.1455,590.7831,489.9643,0.0333,2.092,1.1886,1273,44.185,202.28956255284947,388.8278,591.1668,489.9973,0.0667,1.1259,1.1738,1273,44.185,203.17122449865641,388.7899,592.0338,490.4119,0.0,1.2843,1.8707,1273,44.185,198.4946555041089,391.7352,589.7566,490.7459,0.225,5.9994,0.5661,1273,44.185
200.33180632974862,389.9909,590.3252,490.158,0.1333,1.505,0.7548,1274,44.21,201.0093987773319,389.406,590.2938,489.8499,0.0333,2.5929,0.9027,1274,44.21,202.22449847069913,389.028,591.2584,490.1432,0.0833,1.228,0.9312,1274,44.21,203.1196148493331,388.9838,592.232,490.6079,0.0,1.5349,1.9903,1274,44.21,198.0060631733341,392.6771,590.3252,491.5011,0.1667,6.6289,0.7548,1274,44.21
199.98654602167122,390.3587,590.3185,490.3386,0.1333,1.8585,0.7931,1275,44.24333333333335,200.90654358560866,389.7348,590.5965,490.1656,0.0333,2.1026,0.9673,1275,44.24333333333335,202.25809788989488,389.1455,591.3753,490.2604,0.0833,1.1915,1.0883,1275,44.24333333333335,203.13352123774456,389.0134,592.3345,490.674,0.0,1.5095,2.0588,1275,44.24333333333335,197.8902035875202,392.8172,590.3185,491.5679,0.1667,6.0272,0.7931,1275,44.24333333333335
201.39591116300008,389.2427,590.2072,489.725,0.075,2.0291,0.715,1276,44.28666666666667,200.8742647255401,389.3822,589.9889,489.6856,0.0333,2.0509,0.6579,1276,44.28666666666667,202.17106876136856,389.1887,591.4049,490.2968,0.0583,1.5636,1.0649,1276,44.28666666666667,203.0367140309858,389.1887,592.3563,490.7725,0.0,1.5636,2.0011,1276,44.28666666666667,195.15104128154053,395.0562,590.2072,492.6317,0.1083,6.5489,0.715,1276,44.28666666666667
201.37575565775083,389.2541,590.1948,489.7245,0.075,2.0243,0.7239,1277,44.31,200.8484063282184,389.3927,589.9823,489.6875,0.0333,1.9682,0.6838,1277,44.31,202.16973656618057,389.1914,591.4085,490.2999,0.0583,1.581,0.9347,1277,44.31,203.03962661830755,389.1914,592.3609,490.7761,0.0,1.581,1.9489,1277,44.31,197.22425261761865,393.362,590.1948,491.7784,0.15,7.2881,0.7239,1277,44.31
201.1581108601643,389.3251,590.2188,489.7719,0.0917,1.9598,0.7216,1278,44.343333333333334,201.11984214769961,389.3743,590.201,489.7876,0.0333,1.8017,0.8468,1278,44.343333333333334,202.06312659915127,389.211,591.3105,490.2607,0.075,1.384,0.9517,1278,44.343333333333334,202.96738249977707,389.1804,592.2609,490.7206,0.0,1.4875,1.8188,1278,44.343333333333334,196.50722325832552,393.9203,590.2188,492.0696,0.1083,6.2661,0.7216,1278,44.343333333333334
201.04629919408248,389.084,589.9104,489.4972,0.0917,1.6465,0.6059,1279,44.38666666666667,200.8572731530801,389.3311,590.1901,489.7606,0.0333,1.7829,1.1257,1279,44.38666666666667,201.64743876159804,388.9677,590.577,489.7724,0.0667,1.4152,0.8732,1279,44.38666666666667,202.41325531758255,388.9216,591.5454,490.2335,0.0,1.5185,1.816,1279,44.38666666666667,195.3896545706191,394.4706,589.9104,492.1905,0.1083,5.8739,0.6059,1279,44.38666666666667
201.3378540556814,387.7759,589.1499,488.4629,0.0917,2.319,0.6432,1280,44.41000000000001,200.76790747385743,388.2794,589.0979,488.6887,0.0,2.4102,0.7132,1280,44.41000000000001,201.76428717752964,387.7031,589.3541,488.5286,0.0833,1.6034,0.6905,1280,44.41000000000001,202.78265564324013,387.7031,590.7102,489.2066,0.0,1.6034,1.4832,1280,44.41000000000001,187.80552262285457,401.4427,589.1499,495.2963,0.175,4.8026,0.6432,1280,44.41000000000001
201.97572381085732,386.7491,588.6731,487.7111,0.0917,1.7482,0.4156,1281,44.445,202.05966254106767,386.8371,588.9155,487.8763,0.0083,1.5723,0.7804,1281,44.445,201.908519042795,387.1715,589.202,488.1867,0.0833,1.4402,0.7392,1281,44.445,202.88351262679552,387.1312,590.1261,488.6286,0.0,1.3019,1.4492,1281,44.445,194.9924892882624,393.6806,588.6731,491.1768,0.125,9.5339,0.4156,1281,44.445
201.87654924377503,386.4735,588.0947,487.2841,0.0417,1.6515,0.5622,1282,44.49,201.84000893158043,386.4735,588.2093,487.3414,0.0083,1.6515,0.6439,1282,44.49,201.4377758584652,386.8086,588.1978,487.5032,0.0917,1.1305,0.557,1282,44.49,202.73371067927346,386.7872,589.6466,488.2169,0.0,1.2881,1.4782,1282,44.49,194.61450812731158,393.4802,588.0947,490.7875,0.0917,9.2746,0.5622,1282,44.49
201.87445827284424,386.0918,587.7695,486.9306,0.075,1.937,0.4521,1283,44.52166666666667,202.00538215738737,386.0918,587.9931,487.0424,0.025,1.937,0.5662,1283,44.52166666666667,201.9996225194584,386.2646,588.2624,487.2635,0.1083,1.3138,0.6396,1283,44.52166666666667,202.86652626126056,386.334,589.301,487.8175,0.0,1.3424,1.4773,1283,44.52166666666667,193.0721118796914,394.6974,587.7695,491.2334,0.0833,12.5172,0.4521,1283,44.52166666666667
201.8047320828319,385.7948,587.6239,486.7094,0.0583,1.6868,0.7157,1284,44.54333333333334,201.7396991809348,385.9548,587.7774,486.8661,0.0083,1.7248,0.8088,1284,44.54333333333334,202.02928432138205,385.9991,588.0515,487.0253,0.1,1.3556,0.7286,1284,44.54333333333334,202.99742336894548,386.0472,589.1216,487.5844,0.0,1.2331,1.5891,1284,44.54333333333334,193.33519759356818,394.2887,587.6239,490.9563,0.0583,13.4183,0.7157,1284,44.54333333333334
201.779385991646,385.5513,587.2754,486.4133,0.0417,1.4693,0.768,1285,44.57666666666667,201.80928168022433,385.5513,587.3596,486.4555,0.0083,1.4693,0.7634,1285,44.57666666666667,201.8500043719038,385.7969,587.7361,486.7665,0.0917,1.4102,0.7034,1285,44.57666666666667,202.80219685488703,385.8286,588.7615,487.2951,0.0,1.2165,1.5471,1285,44.57666666666667,191.64889051610166,395.6265,587.2754,491.4509,0.0667,10.6798,0.768,1285,44.57666666666667
201.94523141870275,385.1925,587.0459,486.1192,0.0333,1.6466,0.8112,1286,44.61,201.65275991815727,385.4647,587.1517,486.3082,0.0,1.6842,0.8461,1286,44.61,201.7271260681809,385.8979,587.598,486.7479,0.1083,1.0109,0.7987,1286,44.61,202.80446461182424,385.5916,588.5313,487.0614,0.0,1.3351,1.5786,1286,44.61,190.55456495378652,396.4914,587.0459,491.7686,0.0583,12.2355,0.8112,1286,44.61
202.11512462959348,384.8325,586.8359,485.8342,0.05,1.5594,0.6497,1287,44.64333333333334,202.0792625217071,384.9596,587.0694,486.0145,0.0,1.7671,0.726,1287,44.64333333333334,201.79711041774794,385.6403,587.4275,486.5339,0.1167,1.1615,0.757,1287,44.64333333333334,202.7971829550154,385.3859,588.3203,486.8531,0.0,1.5481,1.536,1287,44.64333333333334,191.37370422845308,395.4622,586.8359,491.1491,0.075,10.7236,0.6497,1287,44.64333333333334
202.2357307777538,384.6798,586.7263,485.7031,0.0583,1.7517,0.7156,1288,44.67666666666667,201.87435115785948,384.8147,586.6861,485.7504,0.0,1.7342,1.0197,1288,44.67666666666667,202.27017145182595,385.3251,587.3752,486.3502,0.1167,1.2366,0.7189,1288,44.67666666666667,202.8633938253349,385.2536,588.248,486.7508,0.0,1.4424,1.6112,1288,44.67666666666667,193.15623218765126,393.5701,586.7263,490.1482,0.0667,9.1873,0.7156,1288,44.67666666666667
202.09257697057782,384.659,586.7248,485.6919,0.05,1.6047,0.6597,1289,44.71,201.91523198205223,384.7802,586.7298,485.755,0.0,1.5474,0.7808,1289,44.71,202.03938280007998,385.2026,587.2316,486.2171,0.1083,1.2753,0.798,1289,44.71,202.85937505137505,385.1702,588.1535,486.6619,0.0,1.492,1.6135,1289,44.71,193.0648723988893,393.66,586.7248,490.1924,0.0583,9.891,0.6597,1289,44.71
202.06791220174634,384.6516,586.4429,485.5473,0.0417,1.5655,0.678,1290,44.74333333333335,201.8942943483873,384.7728,586.699,485.7359,0.0,1.5747,1.0524,1290,44.74333333333335,201.99621170895975,385.161,587.0924,486.1267,0.1167,1.1623,0.9025,1290,44.74333333333335,202.7958050818942,385.1138,588.0184,486.5661,0.0,1.2917,1.6364,1290,44.74333333333335,192.48456035434626,393.9584,586.4429,490.2006,0.0917,11.9451,0.678,1290,44.74333333333335
202.03325482700163,384.5401,586.1352,485.3376,0.1,1.5599,0.6977,1291,44.778333333333336,201.97012520658433,384.8511,586.8175,485.8343,0.0,1.9827,1.2994,1291,44.778333333333336,202.01567995955213,384.9364,587.0359,485.9862,0.0667,1.5411,0.7919,1291,44.778333333333336,202.9407836942901,384.9364,588.0022,486.4693,0.0,1.5411,1.5528,1291,44.778333333333336,190.23739442528736,395.8978,586.1352,491.0165,0.1083,8.79,0.6977,1291,44.778333333333336
201.75838624546336,384.8454,586.1844,485.5149,0.0917,1.9464,0.6911,1292,44.81,201.63091401126735,385.1399,586.7797,485.9598,0.0083,2.0382,1.215,1292,44.81,201.92205814261845,384.9979,587.0315,486.0147,0.0667,1.4553,0.7926,1292,44.81,202.81151344024605,384.9979,587.9969,486.4974,0.0,1.4553,1.5551,1292,44.81,188.51438498460993,397.6701,586.1844,491.9273,0.125,6.3526,0.6911,1292,44.81
201.89277346680763,384.6178,586.0687,485.3433,0.0917,1.7744,0.7638,1293,44.843333333333334,201.58212363956596,385.0629,586.648,485.8555,0.0083,2.0625,1.304,1293,44.843333333333334,201.91992929853663,384.956,586.9723,485.9641,0.075,1.5213,0.8144,1293,44.843333333333334,202.80043586519244,384.9401,587.9315,486.4358,0.0,1.5242,1.622,1293,44.843333333333334,190.4145716937224,395.6541,586.0687,490.8614,0.1,8.6703,0.7638,1293,44.843333333333334
201.82732750147022,384.3074,585.6149,484.9612,0.0833,1.6198,0.7237,1294,44.87666666666667,201.7914056589274,384.7328,586.5544,485.6436,0.0083,1.8429,1.3258,1294,44.87666666666667,201.92293638387892,384.8109,586.8002,485.8055,0.075,1.5934,0.9058,1294,44.87666666666667,202.82844300501495,384.8109,587.7355,486.2732,0.0,1.5934,1.6634,1294,44.87666666666667,187.61594325590858,397.999,585.6149,491.807,0.125,8.2339,0.7237,1294,44.87666666666667
202.42042450015836,383.5817,585.5158,484.5487,0.075,1.7009,0.6681,1295,44.91000000000001,202.0201942525269,384.2108,586.3566,485.2837,0.0083,1.9272,1.0342,1295,44.91000000000001,202.21118068181775,384.2224,586.4182,485.3203,0.075,1.6061,0.7549,1295,44.91000000000001,203.04878368202733,384.2224,587.4566,485.8395,0.0,1.6061,1.6908,1295,44.91000000000001,186.13599275931526,399.3798,585.5158,492.4478,0.1167,6.7467,0.6681,1295,44.91000000000001
202.28476298390572,383.3867,585.5698,484.4782,0.15,1.5092,0.5516,1296,44.943333333333335,201.64653872449898,384.1059,585.8267,484.9663,0.05,2.301,0.7707,1296,44.943333333333335,201.53294371935553,383.9882,585.5074,484.7478,0.1083,1.3933,0.7237,1296,44.943333333333335,202.98255264716965,383.9882,587.1858,485.587,0.0,1.3933,1.5888,1296,44.943333333333335,190.87197125149905,394.6978,585.5698,490.1338,0.125,6.4608,0.5516,1296,44.943333333333335
202.38868508036123,383.2964,585.6285,484.4624,0.1333,1.6426,0.5454,1297,44.97666666666667,201.42739102663145,384.0114,585.3546,484.683,0.05,2.267,0.6483,1297,44.97666666666667,201.7021087862266,383.895,585.4638,484.6794,0.1083,1.4662,0.6885,1297,44.97666666666667,203.06189702664943,383.895,587.1184,485.5067,0.0,1.4662,1.5932,1297,44.97666666666667,191.48415916189194,394.1444,585.6285,489.8864,0.0667,8.8797,0.5454,1297,44.97666666666667
201.84823340661728,383.7012,585.5656,484.6334,0.1083,1.8536,0.5934,1298,45.010000000000005,201.54078085567946,384.049,585.4747,484.7619,0.05,2.0336,0.6787,1298,45.010000000000005,201.67708717154179,383.7801,585.4246,484.6023,0.125,1.429,0.517,1298,45.010000000000005,203.10753068912257,383.8143,587.0809,485.4476,0.0,1.456,1.6309,1298,45.010000000000005,191.61277885764943,393.9529,585.5656,489.7593,0.0917,5.4011,0.5934,1298,45.010000000000005
201.8841158284434,383.6682,585.5562,484.6122,0.1,1.8681,0.5604,1299,45.04333333333334,201.55285904577542,384.0171,585.4853,484.7512,0.05,1.789,0.6731,1299,45.04333333333334,202.14924150596636,383.77,586.0201,484.895,0.1167,1.3865,0.9108,1299,45.04333333333334,203.12799931542213,383.8022,587.0744,485.4383,0.0,1.4372,1.6306,1299,45.04333333333334,191.8090652419913,393.7472,585.5562,489.6517,0.0667,5.837,0.5604,1299,45.04333333333334
202.27689011281836,383.3834,585.6693,484.5263,0.1417,1.5764,0.5576,1300,45.07666666666667,201.52631931383607,384.0434,585.4798,484.7616,0.05,1.7521,0.5974,1300,45.07666666666667,202.0279077356103,383.7696,585.7518,484.7607,0.1,1.434,0.5879,1300,45.07666666666667,203.1133529452992,383.8022,587.0606,485.4314,0.0,1.4543,1.735,1300,45.07666666666667,191.8387959470127,393.8825,585.6693,489.7759,0.1,5.2456,0.5576,1300,45.07666666666667
201.4650776355367,384.1906,585.497,484.8438,0.075,1.6031,0.5232,1301,45.11166666666667,201.3902913617333,384.3301,585.5652,484.9477,0.025,1.4629,0.5724,1301,45.11166666666667,202.04355472004806,384.0369,585.9998,485.0183,0.0917,1.5195,0.6267,1301,45.11166666666667,202.97069004343973,384.1969,587.235,485.7159,0.0083,1.6025,1.611,1301,45.11166666666667,183.96692820325316,401.5301,585.497,493.5136,0.125,3.5256,0.5232,1301,45.11166666666667
201.48323223777527,384.1246,585.3227,484.7237,0.075,1.5175,0.6203,1302,45.14333333333334,201.30890921523718,384.3571,585.5709,484.964,0.0167,1.5915,0.5746,1302,45.14333333333334,202.03938486853568,384.0395,586.0024,485.021,0.0917,1.4824,0.6336,1302,45.14333333333334,202.96677313661468,384.1997,587.2358,485.7177,0.0083,1.5375,1.5789,1302,45.14333333333334,184.19176131478372,401.131,585.3227,493.2268,0.125,3.8832,0.6203,1302,45.14333333333334
201.3002210630278,384.2219,585.1114,484.6667,0.1,1.385,0.7444,1303,45.17666666666667,201.07458361540722,384.5984,585.6707,485.1346,0.025,1.7798,0.6374,1303,45.17666666666667,202.02799945431735,384.0415,586.1386,485.09,0.0917,1.4872,0.7711,1303,45.17666666666667,202.976913241486,384.2033,587.24,485.7217,0.0083,1.5605,1.5211,1303,45.17666666666667,183.3648563518799,401.7465,585.1114,493.429,0.1167,2.4079,0.7444,1303,45.17666666666667
201.17514786411155,384.3,585.0751,484.6875,0.0833,1.481,0.7528,1304,45.21,201.13826528632674,384.5222,585.5671,485.0446,0.025,1.3726,0.5786,1304,45.21,202.0048448706004,384.0788,586.1415,485.1101,0.0917,1.4448,0.8139,1304,45.21,202.9618021164053,384.2214,587.2403,485.7309,0.0083,1.5298,1.5399,1304,45.21,182.92521828507765,402.1499,585.0751,493.6125,0.125,2.6617,0.7528,1304,45.21
201.11953654397686,384.3373,585.0721,484.7047,0.075,1.6535,0.7302,1305,45.24333333333335,201.20950362854384,384.4665,585.5652,485.0158,0.025,1.5959,0.5842,1305,45.24333333333335,202.0084302055282,384.0779,586.1421,485.11,0.0917,1.4634,0.8137,1305,45.24333333333335,202.96752610287456,384.2187,587.2408,485.7298,0.0083,1.5439,1.5373,1305,45.24333333333335,183.0266033652512,402.0455,585.0721,493.5588,0.125,2.6783,0.7302,1305,45.24333333333335
201.52840943075458,384.1146,585.2833,484.6989,0.0917,1.6196,0.5898,1306,45.27666666666667,201.49781664818548,384.3698,585.8687,485.1192,0.025,1.4443,0.8485,1306,45.27666666666667,202.0159988977121,384.0644,586.1367,485.1006,0.0917,1.4783,0.8201,1306,45.27666666666667,202.97653263263155,384.2065,587.2379,485.7222,0.0083,1.5448,1.533,1306,45.27666666666667,183.2676337784706,402.0157,585.2833,493.6495,0.1333,3.1326,0.5898,1306,45.27666666666667
201.4236268337346,384.1943,585.249,484.7217,0.0833,1.4491,0.6388,1307,45.31166666666667,201.43193807440431,384.4168,585.8753,485.146,0.025,1.4467,0.8468,1307,45.31166666666667,202.01981019890644,384.0631,586.1381,485.1006,0.0917,1.484,0.8167,1307,45.31166666666667,202.98261260417587,384.2042,587.2408,485.7225,0.0083,1.6231,1.5265,1307,45.31166666666667,187.68495011844047,397.564,585.249,491.4065,0.075,5.9997,0.6388,1307,45.31166666666667
201.54985296955115,384.1493,585.4671,484.8082,0.075,1.4157,0.625,1308,45.343333333333334,201.14845864609245,384.4921,585.5207,485.0064,0.025,1.6113,0.7087,1308,45.343333333333334,201.95481522889506,384.1255,586.1341,485.1298,0.1083,1.2274,0.613,1308,45.343333333333334,203.0259361867971,384.1101,587.2436,485.6768,0.0167,1.3815,1.5091,1308,45.343333333333334,189.39301676215524,396.074,585.4671,490.7705,0.0583,6.5187,0.625,1308,45.343333333333334
201.4453550543858,384.2388,585.5162,484.8775,0.0833,1.3213,0.6921,1309,45.37666666666667,201.06602071700982,384.5532,585.5203,485.0368,0.025,1.5571,0.7314,1309,45.37666666666667,201.98258530345728,384.0896,586.1272,485.1084,0.1083,1.3957,0.654,1309,45.37666666666667,202.92956550245825,384.2336,587.2375,485.7355,0.0167,1.613,1.4864,1309,45.37666666666667,189.41864848977863,396.0976,585.5162,490.8069,0.0667,5.9742,0.6921,1309,45.37666666666667
201.4573497789429,384.2321,585.5176,484.8749,0.0833,1.3719,0.6481,1310,45.413333333333334,201.07674534355348,384.5477,585.5225,485.0351,0.025,1.5425,0.726,1310,45.413333333333334,202.03825482151598,384.0868,586.1981,485.1424,0.1083,1.4101,0.7055,1310,45.413333333333334,202.98103658629964,384.2331,587.2728,485.7529,0.0167,1.6112,1.601,1310,45.413333333333334,189.41517903657763,396.1024,585.5176,490.81,0.0667,6.285,0.6481,1310,45.413333333333334
201.7261343946948,384.1819,585.6241,484.903,0.175,0.7759,0.6795,1311,45.445,201.13453200382307,384.5959,585.7607,485.1783,0.0333,1.6362,0.9854,1311,45.445,202.0354856448825,384.2146,586.4574,485.336,0.0917,1.0709,0.7394,1311,45.445,202.9813031860817,384.2146,587.3699,485.7922,0.0,1.0709,1.6555,1311,45.445,186.56828833046794,399.0059,585.5742,492.29,0.0917,4.1048,0.6801,1311,45.445
201.63536650560874,384.1145,585.5793,484.8469,0.15,1.0521,0.6577,1312,45.47666666666667,201.36878084788952,384.5357,585.8996,485.2177,0.0333,1.5668,1.1721,1312,45.47666666666667,202.0321079218283,384.2146,586.4531,485.3339,0.0917,1.071,0.741,1312,45.47666666666667,202.97848403869529,384.2146,587.3668,485.7907,0.0,1.071,1.6463,1312,45.47666666666667,186.5772932888291,399.0058,585.5831,492.2944,0.1167,4.0776,0.6923,1312,45.47666666666667
201.37589095358513,384.4443,585.5104,484.9773,0.1333,1.0286,0.7065,1313,45.52166666666667,201.12542510055212,384.5487,585.7367,485.1427,0.0333,1.6127,0.9488,1313,45.52166666666667,201.72962305509446,384.458,586.1016,485.2798,0.1083,1.08,0.507,1313,45.52166666666667,202.9110658752224,384.3278,587.3819,485.8548,0.0,1.1099,1.6834,1313,45.52166666666667,186.50638615233257,398.9503,585.4566,492.2034,0.0917,4.2741,0.7983,1313,45.52166666666667
201.65782699638592,384.108,585.5284,484.8182,0.1083,1.1623,0.7463,1314,45.54333333333334,201.44766403381325,384.4748,585.8687,485.1717,0.0333,1.547,0.944,1314,45.54333333333334,201.9286077926128,384.4848,586.4858,485.4853,0.0917,1.1539,0.787,1314,45.54333333333334,202.9500787323833,384.3649,587.4438,485.9044,0.0,1.0941,1.67,1314,45.54333333333334,185.08054160488527,400.4345,585.5151,492.9748,0.1083,3.4211,0.7714,1314,45.54333333333334
201.6758964724718,384.1389,585.6341,484.8865,0.1167,1.0474,0.7692,1315,45.57666666666667,201.45247683713734,384.5037,585.9223,485.213,0.0333,1.3399,1.0073,1315,45.57666666666667,201.95489523171045,384.4011,586.4933,485.4472,0.0833,1.1374,0.7772,1315,45.57666666666667,202.9266164229197,384.4011,587.4499,485.9255,0.0,1.1374,1.662,1315,45.57666666666667,185.55373954363915,400.0396,585.5934,492.8165,0.1167,3.8061,0.7663,1315,45.57666666666667
201.51977022029777,384.3005,585.7173,485.0089,0.1,1.0863,0.8925,1316,45.61833333333335,201.22410388017306,384.645,585.7096,485.1773,0.0167,1.212,0.9829,1316,45.61833333333335,201.94309263902252,384.411,586.4928,485.4519,0.0833,1.1339,0.8137,1316,45.61833333333335,202.9249317643394,384.411,587.4555,485.9333,0.0,1.1339,1.65,1316,45.61833333333335,184.25350795985915,401.4675,585.721,493.5942,0.1083,2.5689,0.8872,1316,45.61833333333335
201.6055463949092,384.2957,585.8314,485.0635,0.1167,1.1459,0.7678,1317,45.64333333333334,201.38753749649462,384.6415,586.0811,485.3613,0.025,1.3367,1.0069,1317,45.64333333333334,201.89506523904413,384.5567,586.5489,485.5528,0.125,0.9515,0.822,1317,45.64333333333334,202.94034947936365,384.4445,587.5217,485.9831,0.0,1.054,1.708,1317,45.64333333333334,185.53393792166685,399.8356,585.3695,492.6025,0.1083,3.3355,0.6109,1317,45.64333333333334
201.6140296823882,384.3063,585.8775,485.0919,0.125,1.2173,0.8188,1318,45.67666666666667,201.3843924572948,384.651,586.0992,485.3751,0.025,1.3298,1.0361,1318,45.67666666666667,201.78054609205094,384.5934,586.335,485.4642,0.125,0.8217,0.6999,1318,45.67666666666667,202.8899075151939,384.4571,587.4669,485.962,0.0,1.0717,1.7063,1318,45.67666666666667,184.5206632517194,400.7852,585.3058,493.0455,0.1167,3.3577,0.5322,1318,45.67666666666667
201.5015000544993,384.3767,585.8099,485.0933,0.1,1.3405,0.7813,1319,45.720000000000006,201.39992290042912,384.6372,586.1055,485.3713,0.025,1.3563,1.0386,1319,45.720000000000006,201.7843543083108,384.5904,586.3367,485.4635,0.125,0.8235,0.7037,1319,45.720000000000006,202.89193464573583,384.4544,587.4675,485.961,0.0,1.0651,1.7067,1319,45.720000000000006,183.66058004782465,401.6519,585.3125,493.4822,0.125,2.5472,0.5257,1319,45.720000000000006
201.32226169177648,384.5963,585.885,485.2407,0.0667,1.5768,0.8323,1320,45.74333333333335,201.1152867911399,384.7324,585.7911,485.2618,0.0167,1.5927,0.88,1320,45.74333333333335,201.88609939882593,384.4531,586.3392,485.3962,0.1167,0.8879,0.7042,1320,45.74333333333335,202.89733900973928,384.4493,587.4683,485.9588,0.0,1.0635,1.7071,1320,45.74333333333335,184.00413773342584,401.8063,585.8104,493.8084,0.0917,2.4347,0.9063,1320,45.74333333333335
201.39763427571705,384.4081,585.8057,485.1069,0.1,1.6946,0.8194,1321,45.778333333333336,200.75580592029468,384.975,585.5536,485.2643,0.025,1.9912,0.7223,1321,45.778333333333336,201.29430816820454,384.5374,585.7613,485.1494,0.125,0.9646,0.7411,1321,45.778333333333336,202.66612037743215,384.5694,587.3679,485.9687,0.0,1.1796,1.8037,1321,45.778333333333336,184.33897857649518,401.3968,585.7357,493.5663,0.0917,3.1354,0.7836,1321,45.778333333333336
201.502166593811,384.3739,585.8592,485.1166,0.1083,1.6425,0.7504,1322,45.82,200.7663486860935,384.9668,585.558,485.2624,0.0333,1.962,0.7128,1322,45.82,201.28490724395007,384.5374,585.7519,485.1447,0.125,0.9646,0.757,1322,45.82,202.6578786912459,384.5694,587.3697,485.9696,0.0,1.1796,1.8056,1322,45.82,184.34808161901105,401.3935,585.7416,493.5675,0.0917,3.1203,0.772,1322,45.82
201.5314006647014,384.3089,585.8161,485.0625,0.1083,1.6201,0.7177,1323,45.843333333333334,200.7384833339137,384.9903,585.572,485.2811,0.025,1.9496,0.7173,1323,45.843333333333334,201.21910413580275,384.5377,585.6813,485.1095,0.1333,0.9566,0.7105,1323,45.843333333333334,202.6697623420531,384.5672,587.3611,485.9642,0.0,1.1653,1.7928,1323,45.843333333333334,182.98776647645118,402.7681,585.7559,494.262,0.1167,2.5819,0.7229,1323,45.843333333333334
201.4757878687591,384.4198,585.7578,485.0888,0.0583,1.451,0.7361,1324,45.87666666666667,200.86142741644127,384.8512,585.5789,485.215,0.025,1.7201,0.7275,1324,45.87666666666667,201.24213758267425,384.4989,585.6729,485.0859,0.125,1.0394,0.6947,1324,45.87666666666667,202.61060455621433,384.5329,587.2917,485.9123,0.0,1.1805,1.758,1324,45.87666666666667,184.1929339301905,401.5708,585.7637,493.6673,0.075,2.7226,0.7696,1324,45.87666666666667
201.42149790279072,384.4059,585.7534,485.0796,0.0667,1.6887,0.7344,1325,45.92166666666667,200.66947577252753,384.9636,585.5349,485.2493,0.0167,1.936,0.7595,1325,45.92166666666667,201.59600990712613,384.4029,585.7196,485.0613,0.0917,1.3134,0.706,1325,45.92166666666667,202.74021442701846,384.4029,587.2684,485.8356,0.0,1.3134,1.6211,1325,45.92166666666667,184.77195711514622,400.9858,585.7577,493.3717,0.0917,3.7087,0.7477,1325,45.92166666666667
201.41769414965523,384.4055,585.7722,485.0888,0.0833,1.6138,0.7006,1326,45.943333333333335,200.3312711957709,385.267,585.5162,485.3916,0.0167,2.4711,0.7394,1326,45.943333333333335,201.55457319426336,384.3868,585.7039,485.0454,0.1,1.2058,0.691,1326,45.943333333333335,202.74231492065636,384.3972,587.2557,485.8265,0.0,1.3542,1.6231,1326,45.943333333333335,184.30962246452762,401.4681,585.7777,493.6229,0.0833,3.1275,0.7122,1326,45.943333333333335
201.5809875806983,384.159,585.7295,484.9443,0.1083,1.4109,0.7908,1327,45.97666666666667,200.76109710587437,384.7436,585.3569,485.0503,0.025,1.6548,0.7888,1327,45.97666666666667,201.5904535840249,384.3108,585.6473,484.9791,0.1083,1.1633,0.6454,1327,45.97666666666667,202.78735261549684,384.3206,587.2335,485.777,0.0,1.2274,1.7722,1327,45.97666666666667,184.7246213098655,400.8012,585.5259,493.1635,0.075,3.4304,0.788,1327,45.97666666666667
201.50260484295865,384.2364,585.6242,484.9303,0.0667,1.6001,0.8908,1328,46.010000000000005,201.0365052039315,384.5377,585.3716,484.9546,0.025,1.5461,0.8229,1328,46.010000000000005,201.63034971235982,384.2575,585.6455,484.9515,0.1083,1.364,0.6494,1328,46.010000000000005,202.82827015627558,384.2575,587.2327,485.7451,0.0083,1.364,1.7761,1328,46.010000000000005,185.65497833096774,399.8851,585.5401,492.7126,0.075,3.0583,0.8371,1328,46.010000000000005
201.37541097439248,384.2093,585.5788,484.8941,0.0833,1.6413,0.722,1329,46.04333333333334,201.04326394450192,384.5036,585.3362,484.9199,0.025,1.6509,0.7821,1329,46.04333333333334,201.62609440979062,384.2062,585.5897,484.898,0.1083,1.2852,0.6536,1329,46.04333333333334,202.86636755415998,384.2062,587.2145,485.7104,0.0083,1.2852,1.8147,1329,46.04333333333334,185.57115084898152,399.536,585.1072,492.3216,0.1,3.7808,0.6533,1329,46.04333333333334
201.3176618620476,384.2941,585.5788,484.9364,0.1167,1.2752,0.7177,1330,46.07666666666667,201.074741064651,384.4673,585.3359,484.9016,0.025,1.6526,0.7805,1330,46.07666666666667,201.52831195288013,384.3825,585.5925,484.9875,0.125,1.1679,0.6361,1330,46.07666666666667,202.84143536466559,384.2306,587.2176,485.7241,0.0083,1.1809,1.8143,1330,46.07666666666667,184.82249652506482,400.2838,585.1063,492.6951,0.1083,3.6288,0.6532,1330,46.07666666666667
201.40245567760633,384.2505,585.5954,484.923,0.1083,1.5005,0.804,1331,46.12666666666667,200.679432025509,385.1162,585.8006,485.4584,0.0167,1.8445,0.9995,1331,46.12666666666667,202.11057150676888,384.0715,586.3403,485.2059,0.1,1.3165,0.9431,1331,46.12666666666667,202.9723097295377,384.155,587.2516,485.7033,0.0,1.7501,1.8637,1331,46.12666666666667,187.75315672554711,397.8423,585.5954,491.7189,0.0667,5.7585,0.804,1331,46.12666666666667
201.5874148329556,384.1082,585.5912,484.8497,0.1,1.3522,0.8058,1332,46.14333333333334,200.68101209024292,385.1155,585.7972,485.4563,0.0167,1.7917,0.9976,1332,46.14333333333334,202.10863757354002,384.0703,586.34,485.2052,0.1,1.3157,0.9443,1332,46.14333333333334,202.97291650600312,384.1555,587.2515,485.7035,0.0,1.753,1.8677,1332,46.14333333333334,186.53052024395387,399.0607,585.5912,492.326,0.0833,4.3234,0.8058,1332,46.14333333333334
201.67685389068166,384.1403,585.4936,484.817,0.0917,1.7004,0.822,1333,46.17666666666667,200.8470158378243,385.1477,586.0371,485.5924,0.0167,1.9915,1.0957,1333,46.17666666666667,201.93449194978726,384.2602,586.3449,485.3026,0.0667,1.6143,1.0054,1333,46.17666666666667,202.8568935131449,384.2602,587.2579,485.759,0.0,1.6143,1.8594,1333,46.17666666666667,185.96960383779418,399.524,585.4936,492.5088,0.1167,3.9436,0.822,1333,46.17666666666667
201.39263475487397,384.3848,585.4944,484.9396,0.075,1.7308,0.8401,1334,46.21,200.8486590500778,385.1468,586.0396,485.5932,0.0167,1.933,1.1034,1334,46.21,202.12891369994878,384.0775,586.3446,485.211,0.1,1.3194,0.999,1334,46.21,202.98059283949434,384.1584,587.257,485.7077,0.0,1.7609,1.8663,1334,46.21,185.9652751351232,399.5291,585.4944,492.5117,0.1167,3.733,0.8401,1334,46.21
201.63177025014045,384.1152,585.4917,484.8034,0.0917,1.5532,0.8518,1335,46.24333333333335,200.86765050601176,385.1148,586.0289,485.5718,0.0167,1.6726,1.089,1335,46.24333333333335,201.93688865730368,384.2586,586.3458,485.3022,0.0667,1.618,1.0059,1335,46.24333333333335,202.85863853187254,384.2586,587.2579,485.7583,0.0,1.618,1.8676,1335,46.24333333333335,188.33984790274386,397.1519,585.4917,491.3218,0.075,5.7532,0.8518,1335,46.24333333333335
201.40226411910376,384.346,585.5287,484.9374,0.0667,1.7519,0.8366,1336,46.27666666666667,200.7857009499448,385.0981,585.9664,485.5323,0.0083,2.0438,1.0452,1336,46.27666666666667,201.92773078135215,384.1861,586.2226,485.2043,0.0917,1.6093,0.8932,1336,46.27666666666667,202.9497695020255,384.1704,587.2564,485.7134,0.0083,1.742,1.8757,1336,46.27666666666667,188.38399730407326,397.1447,585.5287,491.3367,0.075,5.7491,0.8366,1336,46.27666666666667
201.38701679175978,384.4095,585.6074,485.0084,0.0583,2.0273,0.6924,1337,46.31,200.9618483636141,384.8657,585.8669,485.3663,0.0167,1.9478,0.8617,1337,46.31,201.73295170684867,384.4398,586.1693,485.3045,0.0917,1.6973,0.5655,1337,46.31,202.83270579060402,384.4398,587.3616,485.9007,0.0083,1.6973,1.5749,1337,46.31,187.13475248109293,398.4726,585.6074,492.04,0.0417,5.0284,0.6924,1337,46.31
201.1696407488681,384.5861,585.6241,485.1051,0.0667,2.0526,0.7165,1338,46.343333333333334,200.88272432456804,385.0443,586.0062,485.5253,0.0167,2.2839,0.967,1338,46.343333333333334,201.57599662921058,384.5481,586.0901,485.3191,0.1083,1.7286,0.5199,1338,46.343333333333334,202.63972146427986,384.6721,587.369,486.0206,0.0083,1.6521,1.5622,1338,46.343333333333334,185.00505933047086,400.619,585.6241,493.1216,0.0833,3.5252,0.7165,1338,46.343333333333334
201.11857110009694,384.7802,585.8469,485.3136,0.05,2.2043,0.7861,1339,46.37666666666667,201.054723876628,385.021,586.108,485.5645,0.0,2.26,0.9852,1339,46.37666666666667,201.52729897810613,384.6723,586.1729,485.4226,0.0833,1.7382,0.5909,1339,46.37666666666667,202.6752269879667,384.6723,587.3955,486.0339,0.0,1.7382,1.7504,1339,46.37666666666667,188.38299425513725,397.4639,585.8469,491.6554,0.1,6.6646,0.7861,1339,46.37666666666667
200.8601148821545,385.0079,585.8419,485.4249,0.0417,2.0926,0.8284,1340,46.41000000000001,200.98837329006705,385.0989,586.1336,485.6162,0.0,2.3461,1.0391,1340,46.41000000000001,201.4332407124609,384.7199,585.9552,485.3376,0.1,1.7228,0.5959,1340,46.41000000000001,202.65548830953526,384.7199,587.4186,486.0693,0.0,1.7228,1.7081,1340,46.41000000000001,188.31871036414654,397.5232,585.8419,491.6826,0.1,6.7082,0.8284,1340,46.41000000000001
201.20605848513318,384.7114,585.8853,485.2983,0.075,1.3533,0.6702,1341,46.44666666666667,200.85628550729157,385.0848,585.8282,485.4565,0.0083,1.6072,0.7547,1341,46.44666666666667,201.9702125629764,384.5617,586.6241,485.5929,0.0917,1.4846,0.6357,1341,46.44666666666667,202.76224525464556,384.7297,587.5905,486.1601,0.0,1.5585,1.835,1341,46.44666666666667,189.13230076704906,396.753,585.8853,491.3192,0.0917,8.11,0.6702,1341,46.44666666666667
200.98690739133758,385.034,586.0198,485.5269,0.0917,1.7668,0.6209,1342,46.47666666666667,200.37303055094523,385.5507,585.8273,485.689,0.0,1.8831,0.7487,1342,46.47666666666667,201.94482673796537,384.5916,586.6232,485.6074,0.0833,1.6055,0.7376,1342,46.47666666666667,202.74713966444975,384.7411,587.5862,486.1636,0.0,1.5965,1.8629,1342,46.47666666666667,183.80376724302576,402.2161,586.0198,494.1179,0.1417,2.8485,0.6209,1342,46.47666666666667
200.91507867692593,385.01,585.8885,485.4492,0.0833,1.8551,0.8251,1343,46.52166666666667,200.35361718764378,385.5959,585.8261,485.711,0.0,1.8092,0.7385,1343,46.52166666666667,201.96674887274898,384.5661,586.6292,485.5976,0.0917,1.4071,0.715,1343,46.52166666666667,202.76114649639257,384.7349,587.5907,486.1628,0.0,1.5886,1.8512,1343,46.52166666666667,189.42219284337693,396.4663,585.8885,491.1774,0.0917,10.4399,0.8251,1343,46.52166666666667
201.3663104360841,384.6095,586.0025,485.306,0.0917,1.4702,0.6388,1344,46.54333333333334,200.4008341495303,385.5451,585.8105,485.6778,0.0083,1.7454,0.766,1344,46.54333333333334,202.1041829745552,384.5671,586.7972,485.6822,0.0667,1.4556,0.8915,1344,46.54333333333334,202.72353952944226,384.737,587.5616,486.1493,0.0,1.5963,1.8213,1344,46.54333333333334,189.52162832433706,396.4809,586.0025,491.2417,0.0833,11.2027,0.6388,1344,46.54333333333334
201.3277334025259,384.622,585.8641,485.243,0.0917,1.3221,0.8068,1345,46.57666666666667,200.3735958626122,385.5705,585.8062,485.6884,0.0167,1.6838,0.7711,1345,46.57666666666667,202.099633537731,384.5876,586.801,485.6943,0.0583,1.6082,0.8818,1345,46.57666666666667,202.7256301975507,384.7372,587.566,486.1516,0.0,1.5959,1.8329,1345,46.57666666666667,190.06048382355632,395.8036,585.8641,490.8338,0.0667,11.4596,0.8068,1345,46.57666666666667
201.34533014495992,384.6015,585.8686,485.235,0.0833,1.4481,0.8144,1346,46.61000000000001,200.40559451377484,385.5387,585.8106,485.6746,0.0083,1.7749,0.7625,1346,46.61000000000001,202.09624279210806,384.5899,586.7981,485.694,0.0583,1.6198,0.8893,1346,46.61000000000001,202.7238528303334,384.7383,587.5617,486.15,0.0,1.6033,1.8308,1346,46.61000000000001,190.06679670282142,395.8018,585.8686,490.8352,0.0667,11.4477,0.8144,1346,46.61000000000001
201.3581328326804,384.5895,585.8722,485.2309,0.0917,1.378,0.8761,1347,46.64333333333334,200.41703119603739,385.5291,585.8121,485.6706,0.0083,1.71,0.7505,1347,46.64333333333334,202.10957200155792,384.5641,586.8018,485.6829,0.0667,1.444,0.8817,1347,46.64333333333334,202.7276611524132,384.7356,587.5659,486.1507,0.0,1.5782,1.8327,1347,46.64333333333334,190.22614410665835,395.646,585.8722,490.7591,0.1083,10.2316,0.8761,1347,46.64333333333334
201.38445079311134,384.5923,586.0036,485.298,0.0917,1.3845,0.6328,1348,46.67666666666667,200.41230743698554,385.5326,585.8122,485.6724,0.0083,1.7016,0.7636,1348,46.67666666666667,202.09709528639883,384.5886,586.7977,485.6932,0.0583,1.6211,0.8721,1348,46.67666666666667,202.7246251990573,384.7371,587.5614,486.1492,0.0,1.6021,1.8305,1348,46.67666666666667,190.36314865965977,395.6404,586.0036,490.822,0.1083,10.2367,0.6328,1348,46.67666666666667
200.8407579791441,385.0283,585.869,485.4487,0.075,1.9026,0.804,1349,46.71,200.32020258025474,385.623,585.8118,485.7174,0.0,1.7734,0.7653,1349,46.71,202.07553248347642,384.6004,586.8016,485.701,0.0583,1.6117,0.8653,1349,46.71,202.69735648841453,384.7549,587.5665,486.1607,0.0,1.552,1.8338,1349,46.71,189.66505747727342,396.204,585.869,491.0365,0.1083,6.5903,0.804,1349,46.71
201.37324958913797,384.612,586.0148,485.3134,0.0833,1.4334,0.6596,1350,46.745000000000005,200.704203724081,385.2522,585.8236,485.5379,0.0083,1.9105,0.7963,1350,46.745000000000005,202.062261500053,384.616,586.8055,485.7107,0.0583,1.5034,0.8746,1350,46.745000000000005,202.6820544924421,384.7703,587.57,486.1701,0.0,1.6401,1.7831,1350,46.745000000000005,189.54029014313062,396.4745,586.0148,491.2447,0.1333,7.6901,0.6596,1350,46.745000000000005
201.3890505863919,384.6931,586.0931,485.3931,0.1,1.6294,0.6109,1351,46.781666666666666,200.7493154061936,385.3101,586.0153,485.6627,0.0083,2.0771,0.6232,1351,46.781666666666666,201.35499867725315,384.7444,585.8827,485.3136,0.1167,1.5972,0.5678,1351,46.781666666666666,202.72817400977598,384.7444,587.5925,486.1685,0.0,1.5972,1.7283,1351,46.781666666666666,184.59508664059473,401.5829,586.0931,493.838,0.125,3.1738,0.6109,1351,46.781666666666666
201.39824394255987,384.6771,586.0888,485.3829,0.1,1.6521,0.5794,1352,46.81,200.75635787435678,385.2874,585.9988,485.6431,0.0083,1.9914,0.63,1352,46.81,201.08186691148464,384.7666,585.883,485.3248,0.1583,1.1396,0.5701,1352,46.81,202.71867997585844,384.7483,587.5857,486.167,0.0,1.6679,1.7174,1352,46.81,185.58648684913084,400.5737,586.0888,493.3313,0.125,4.6014,0.5794,1352,46.81
201.38492164722135,384.6378,586.0455,485.3416,0.0917,1.5875,0.5694,1353,46.84666666666667,200.7335346998998,385.2638,585.8927,485.5782,0.0083,2.0445,0.6201,1353,46.84666666666667,201.16493345607532,384.6749,585.8806,485.2778,0.1583,1.1953,0.5763,1353,46.84666666666667,202.7598309205738,384.725,587.5832,486.1541,0.0,1.6536,1.7286,1353,46.84666666666667,183.72065484432036,402.3248,586.0455,494.1852,0.1333,2.9885,0.5694,1353,46.84666666666667
201.404921361717,384.6359,586.0716,485.3537,0.1083,1.584,0.5521,1354,46.87666666666667,200.89032912610557,385.2505,586.1695,485.71,0.0083,2.0224,0.6793,1354,46.87666666666667,201.34585135255128,384.7398,585.8838,485.3118,0.1167,1.5865,0.5669,1354,46.87666666666667,202.72726121997482,384.7398,587.5849,486.1623,0.0,1.5865,1.7152,1354,46.87666666666667,185.53036511084036,400.5412,586.0716,493.3064,0.125,4.4713,0.5521,1354,46.87666666666667
201.20578305453736,384.6824,585.4695,485.076,0.1,1.5627,0.6524,1355,46.91000000000001,200.74863675358114,385.3328,586.0168,485.6748,0.0167,2.0408,0.6056,1355,46.91000000000001,201.3609929775941,384.7421,585.8833,485.3127,0.1167,1.5945,0.5745,1355,46.91000000000001,202.7250958470379,384.7421,587.5857,486.1639,0.0,1.5945,1.7186,1355,46.91000000000001,185.25460293951622,400.2137,585.4695,492.8416,0.1083,3.9706,0.6524,1355,46.91000000000001
201.7214850381764,384.3478,586.0908,485.2193,0.1167,1.3114,0.5273,1356,46.95,200.81017060658723,385.2376,585.9733,485.6054,0.0167,1.9615,0.6192,1356,46.95,201.39037914792183,384.7265,585.8588,485.2926,0.1167,1.5416,0.4609,1356,46.95,202.74377076645433,384.7265,587.5772,486.1519,0.0,1.5416,1.7561,1356,46.95,187.69644271304458,398.4345,586.0908,492.2626,0.1,6.766,0.5273,1356,46.95
201.33251084608884,384.5874,585.4961,485.0417,0.0917,1.5282,0.6325,1357,46.97666666666667,200.79600500841198,385.2363,585.9578,485.5971,0.0167,2.1585,0.6187,1357,46.97666666666667,201.23024507446362,384.7206,585.8144,485.2675,0.1333,1.4328,0.5042,1357,46.97666666666667,202.67703743183955,384.7206,587.5624,486.1415,0.0167,1.4328,1.7503,1357,46.97666666666667,187.56908623230987,397.927,585.4961,491.7116,0.075,6.8875,0.6325,1357,46.97666666666667
201.20019294974125,384.6462,585.476,485.0611,0.0833,1.6044,0.5781,1358,47.010000000000005,200.52693837062336,385.3994,585.8585,485.6289,0.0083,2.3965,0.6056,1358,47.010000000000005,201.24249100893726,384.7129,585.8139,485.2634,0.1333,1.36,0.5865,1358,47.010000000000005,202.6554695530287,384.7129,587.5334,486.1232,0.0167,1.36,1.7705,1358,47.010000000000005,183.9591696543708,401.5168,585.476,493.4964,0.0917,3.3984,0.5781,1358,47.010000000000005
201.2374655337478,384.6191,585.495,485.0571,0.0833,1.7431,0.6057,1359,47.05166666666667,200.67330231202877,385.2599,585.876,485.5679,0.0167,2.2787,0.5983,1359,47.05166666666667,201.30609338392821,384.6514,585.8307,485.241,0.1333,1.2894,0.5571,1359,47.05166666666667,202.70240048076877,384.6514,587.5293,486.0903,0.0167,1.2894,1.7709,1359,47.05166666666667,187.08993150174788,398.405,585.495,491.95,0.075,6.5915,0.6057,1359,47.05166666666667
201.2428135698195,384.6093,585.5004,485.0549,0.0833,1.7706,0.6053,1360,47.07666666666667,200.6791010619722,385.2612,585.8799,485.5706,0.0167,2.1715,0.5811,1360,47.07666666666667,201.29743080580113,384.6598,585.8307,485.2452,0.1333,1.3313,0.5571,1360,47.07666666666667,202.69465312995823,384.6598,587.5293,486.0945,0.0167,1.3313,1.7709,1360,47.07666666666667,187.11015789440134,398.3903,585.5004,491.9454,0.075,6.5701,0.6053,1360,47.07666666666667
200.27375632728473,385.5043,585.778,485.6412,0.0917,1.7279,0.6119,1361,47.11333333333334,200.60785169301522,385.6513,586.2908,485.971,0.0,1.7965,0.7497,1361,47.11333333333334,201.86172852139026,384.5343,586.5459,485.5401,0.0667,1.3484,0.674,1361,47.11333333333334,202.71868785172788,384.5343,587.4211,485.9777,0.0,1.3484,1.5859,1361,47.11333333333334,188.86362923963435,396.9144,585.778,491.3462,0.075,6.0507,0.6119,1361,47.11333333333334
200.6825836865094,385.293,585.966,485.6295,0.0917,1.8859,0.6824,1362,47.155,200.70293257577865,385.4284,586.0378,485.7331,0.0,1.9615,0.7445,1362,47.155,201.8617039713202,384.5322,586.5525,485.5423,0.0667,1.3582,0.6367,1362,47.155,202.7152896619336,384.5322,587.4246,485.9784,0.0,1.3582,1.5642,1362,47.155,189.18645166430625,396.7891,585.966,491.3776,0.0917,5.8979,0.6824,1362,47.155
200.510536177919,385.3871,585.8977,485.6424,0.0917,1.7906,0.7055,1363,47.17666666666667,200.867529175319,385.401,586.271,485.836,0.0,1.9482,0.9272,1363,47.17666666666667,201.8661425873556,384.5298,586.5578,485.5438,0.0667,1.3571,0.6373,1363,47.17666666666667,202.72038290338728,384.5298,587.4298,485.9798,0.0,1.3571,1.5654,1363,47.17666666666667,189.10815752381947,396.7895,585.8977,491.3436,0.0833,5.9829,0.7055,1363,47.17666666666667
200.43313822471376,385.4703,585.9035,485.6869,0.0917,1.9195,0.7062,1364,47.21,200.77650061447312,385.4908,586.2715,485.8812,0.0,1.8316,0.9363,1364,47.21,201.89636058968415,384.5863,586.5569,485.5716,0.1,1.3712,0.6392,1364,47.21,202.69941840259415,384.5459,587.4275,485.9867,0.0,1.3395,1.5626,1364,47.21,188.3494433749004,397.554,585.9035,491.7287,0.0917,6.2896,0.7062,1364,47.21
201.50183227395996,384.4542,585.9511,485.2026,0.1,1.8705,0.6638,1365,47.25333333333334,200.97781836529697,385.3173,586.3093,485.8133,0.0,1.9028,0.8317,1365,47.25333333333334,201.88123684701915,384.6079,586.555,485.5815,0.1,1.3202,0.6385,1365,47.25333333333334,202.6822033703918,384.5563,587.4246,485.9904,0.0,1.4019,1.563,1365,47.25333333333334,188.7679414012657,397.1832,585.9511,491.5671,0.0833,5.6621,0.6638,1365,47.25333333333334
200.38965432785773,385.1626,585.3992,485.2809,0.075,2.0093,0.6361,1366,47.27666666666667,200.2333174767234,385.817,585.9016,485.8593,0.0,1.8942,0.6687,1366,47.27666666666667,201.88904443084076,384.6315,586.6108,485.6211,0.1,1.2527,0.75,1366,47.27666666666667,202.8406640071424,384.6169,587.6371,486.127,0.0,1.3802,1.6973,1366,47.27666666666667,187.05260208984927,398.3466,585.3992,491.8729,0.1167,5.2095,0.6361,1366,47.27666666666667
200.36955651537065,385.5764,585.946,485.7612,0.1167,1.4504,0.6268,1367,47.31,200.44128751108607,385.661,585.9093,485.7851,0.0,1.7722,0.6991,1367,47.31,201.84683089824972,384.6475,586.6157,485.6316,0.1,1.2206,0.7332,1367,47.31,202.80339119328792,384.6818,587.6409,486.1614,0.0,1.3963,1.7114,1367,47.31,186.4063624112148,399.5396,585.946,492.7428,0.125,4.3235,0.6268,1367,47.31
200.7502428456221,385.3195,586.0373,485.6784,0.1167,1.7137,0.6769,1368,47.355000000000004,200.61943388285587,385.5191,586.0522,485.7857,0.0083,1.7022,0.7307,1368,47.355000000000004,201.83841242309478,384.6451,586.6644,485.6547,0.1083,1.3288,0.676,1368,47.355000000000004,202.77267581717638,384.6865,587.6081,486.1473,0.0,1.4236,1.6377,1368,47.355000000000004,188.4636676237415,397.4193,585.883,491.6512,0.075,5.7079,0.6242,1368,47.355000000000004
200.774611093997,385.3625,586.0523,485.7074,0.1333,1.6554,0.6116,1369,47.653333333333336,200.5945237108867,385.5466,586.0621,485.8044,0.0083,1.757,0.7313,1369,47.653333333333336,201.82696775802845,384.6658,586.6641,485.6649,0.1,1.3668,0.6768,1369,47.653333333333336,202.77037844685222,384.6898,587.6085,486.1492,0.0,1.469,1.6382,1369,47.653333333333336,185.97716957907502,399.8144,585.7916,492.803,0.125,3.7397,0.5446,1369,47.653333333333336
200.8272356193454,385.2107,586.0395,485.6251,0.125,1.2862,0.7172,1370,47.65833333333334,200.59578561675215,385.4781,586.0572,485.7676,0.0083,2.0492,0.8413,1370,47.65833333333334,201.7097446216605,384.6957,586.3496,485.5226,0.1083,1.3186,0.6139,1370,47.65833333333334,202.73952977337393,384.7486,587.6153,486.182,0.0,1.3572,1.7103,1370,47.65833333333334,186.65891854022556,399.1698,585.8288,492.4993,0.0917,5.1248,0.6019,1370,47.65833333333334
201.69877538884953,384.6372,586.2333,485.4352,0.1083,1.6193,0.5929,1371,47.67166666666667,200.69649857283008,385.3885,585.9894,485.6889,0.0167,2.1157,0.7236,1371,47.67166666666667,201.97501123659873,384.6018,586.7252,485.6635,0.1,1.2991,0.6957,1371,47.67166666666667,202.94100135847592,384.6487,587.7455,486.1971,0.0,1.2403,1.6942,1371,47.67166666666667,183.58979940213612,402.4519,586.0417,494.2468,0.1,2.5803,0.5509,1371,47.67166666666667
201.68281561606312,384.365,585.8311,485.098,0.1167,1.5046,0.522,1372,47.68833333333334,200.9694575079448,385.0029,585.8962,485.4496,0.0167,1.6168,0.7425,1372,47.68833333333334,201.86281806266555,384.5156,586.2664,485.391,0.0833,1.2301,0.6459,1372,47.68833333333334,202.8247218185207,384.5156,587.5268,486.0212,0.0,1.2301,1.598,1372,47.68833333333334,184.07091266431513,401.5367,585.6076,493.5722,0.1083,2.9852,0.6171,1372,47.68833333333334
201.75400807530306,384.2748,585.8381,485.0564,0.1333,1.619,0.5214,1373,47.71,201.04742002499205,385.0595,586.2179,485.6387,0.025,2.1811,0.7943,1373,47.71,201.78393818937448,384.4946,586.4993,485.4969,0.0833,1.2442,0.6335,1373,47.71,202.84444770668406,384.4946,587.5276,486.0111,0.0,1.2442,1.6016,1373,47.71,185.54021648582457,400.1688,585.709,492.9389,0.1083,3.4012,0.5513,1373,47.71
201.92397604346715,384.0828,585.9241,485.0034,0.125,1.432,0.5684,1374,47.74333333333335,201.0845086364494,384.7223,585.6752,485.1987,0.025,1.4497,0.769,1374,47.74333333333335,201.7747861956679,384.5853,586.2574,485.4214,0.1,1.3778,0.6218,1374,47.74333333333335,202.90629015007838,384.4411,587.5156,485.9783,0.0083,1.3609,1.6046,1374,47.74333333333335,184.78139959239004,400.9601,585.7415,493.3508,0.075,3.0985,0.6116,1374,47.74333333333335
201.63588660009054,384.2729,585.8949,485.0839,0.1,1.5342,0.6759,1375,47.781666666666666,200.74691826232063,385.2511,585.985,485.618,0.0167,1.7193,0.7672,1375,47.781666666666666,201.54737965833692,384.3802,585.8251,485.1027,0.0917,1.5675,0.691,1375,47.781666666666666,202.77770687034783,384.3802,587.3759,485.8781,0.0,1.5675,1.6773,1375,47.781666666666666,185.5669038321078,400.328,585.8949,493.1115,0.125,3.9252,0.6759,1375,47.781666666666666
201.61430820715083,384.2904,585.8896,485.09,0.0917,1.4023,0.6188,1376,47.81,200.86355802912774,385.1306,585.9795,485.5551,0.0167,1.6579,0.7868,1376,47.81,201.630750273711,384.3224,585.8249,485.0737,0.0917,1.5622,0.6912,1376,47.81,202.83969866799183,384.3224,587.3757,485.849,0.0,1.5622,1.6753,1376,47.81,186.9394147625888,398.9502,585.8896,492.4199,0.1,5.6531,0.6188,1376,47.81
201.60841721183488,384.2979,585.8888,485.0934,0.0917,1.6326,0.6212,1377,47.843333333333334,200.86170115376035,385.1365,585.9782,485.5573,0.0167,1.6886,0.7904,1377,47.843333333333334,201.64507011454862,384.3198,585.8249,485.0723,0.0917,1.5748,0.6912,1377,47.843333333333334,202.84691445904093,384.3198,587.3758,485.8478,0.0,1.5748,1.6755,1377,47.843333333333334,187.10687366091585,398.7819,585.8888,492.3353,0.0833,5.9431,0.6212,1377,47.843333333333334
201.55392904927643,384.3501,585.8842,485.1171,0.075,1.9151,0.6647,1378,47.87666666666667,200.92230344649792,385.0677,585.9727,485.5202,0.0167,1.6787,0.8023,1378,47.87666666666667,201.15648759769883,384.5816,585.738,485.1598,0.125,1.2765,0.656,1378,47.87666666666667,202.80752825618256,384.3186,587.3376,485.8281,0.0,1.359,1.6537,1378,47.87666666666667,185.26808318138868,400.6161,585.8842,493.2501,0.1167,3.3124,0.6647,1378,47.87666666666667
201.247277206554,384.6637,585.9082,485.2859,0.0833,1.7807,0.7314,1379,47.91000000000001,200.63762636449826,385.3618,585.9941,485.678,0.0167,2.0289,0.8472,1379,47.91000000000001,201.4667852510851,384.3041,585.6317,484.9679,0.1,1.5445,0.6341,1379,47.91000000000001,202.8417469738068,384.3041,587.3379,485.821,0.0,1.5445,1.6711,1379,47.91000000000001,185.19005320186395,400.7181,585.9082,493.3132,0.125,3.1091,0.7314,1379,47.91000000000001
201.2977837642261,384.6087,585.9243,485.2665,0.0917,1.6124,0.7226,1380,47.943333333333335,200.70471845478698,385.2556,585.9898,485.6227,0.0167,1.9439,0.8149,1380,47.943333333333335,201.36858333171568,384.386,585.6116,484.9988,0.1083,1.4809,0.6048,1380,47.943333333333335,202.82660497900585,384.3658,587.3382,485.852,0.0,1.5173,1.6801,1380,47.943333333333335,185.35376524065526,400.6238,585.9243,493.274,0.1333,3.1386,0.7226,1380,47.943333333333335
201.4035592570001,384.5424,585.9503,485.2464,0.0833,1.5869,0.7607,1381,47.97666666666667,200.82213776575503,385.1962,586.0673,485.6317,0.0167,1.702,0.8478,1381,47.97666666666667,201.88664505710483,384.4217,586.4517,485.4367,0.1,1.4743,0.685,1381,47.97666666666667,202.88949278965242,384.4017,587.4245,485.9131,0.0,1.5533,1.6795,1381,47.97666666666667,185.01927649044532,400.9666,585.9503,493.4585,0.125,3.0665,0.7607,1381,47.97666666666667
201.4275099809944,384.5203,585.974,485.2471,0.075,1.7396,0.7959,1382,48.010000000000005,200.83675629881245,385.2291,586.1258,485.6775,0.0083,1.8935,0.8918,1382,48.010000000000005,201.82717433169668,384.4701,586.4078,485.4389,0.0833,1.4855,0.6959,1382,48.010000000000005,202.90022829786653,384.4504,587.4852,485.9678,0.0,1.5425,1.7057,1382,48.010000000000005,184.93128633167788,401.0427,585.974,493.5084,0.125,2.9938,0.7959,1382,48.010000000000005
201.54380287868275,384.5794,586.0032,485.2913,0.075,1.673,0.7547,1383,48.04333333333334,200.9117605432479,385.3002,586.2919,485.796,0.0083,1.8806,0.8862,1383,48.04333333333334,201.60085274878702,384.6178,586.2187,485.4182,0.1083,1.3968,0.5772,1383,48.04333333333334,202.94331866512735,384.5274,587.6127,486.07,0.0,1.5389,1.7289,1383,48.04333333333334,187.725326231008,398.2779,586.0032,492.1405,0.0833,6.6368,0.7547,1383,48.04333333333334
201.3547535376857,384.761,585.9986,485.3798,0.075,1.7677,0.7161,1384,48.07666666666667,201.0478410215717,385.1703,586.294,485.7321,0.0167,1.8016,0.8822,1384,48.07666666666667,201.83210131024794,384.6217,586.5678,485.5947,0.0917,1.4694,0.658,1384,48.07666666666667,202.8584003306634,384.6023,587.612,486.1071,0.0,1.6184,1.7221,1384,48.07666666666667,185.13622724708426,400.8624,585.9986,493.4305,0.125,3.277,0.7161,1384,48.07666666666667
201.54944805855285,384.6501,585.6861,485.1681,0.1,1.4428,0.6504,1385,48.11166666666667,201.09084281833336,385.3964,586.5924,485.9944,0.0167,1.7746,0.9523,1385,48.11166666666667,201.96603645275675,384.6112,586.6612,485.6362,0.0917,1.2807,0.794,1385,48.11166666666667,202.8918140235916,384.7321,587.7341,486.2331,0.0,1.2636,1.6504,1385,48.11166666666667,186.25062111921184,399.8896,586.1402,493.0149,0.125,4.2362,0.7211,1385,48.11166666666667
201.536603963043,384.5926,586.1022,485.3474,0.0917,1.5026,0.7526,1386,48.14333333333334,200.99404076012206,385.2827,586.2778,485.7803,0.0167,1.6375,0.879,1386,48.14333333333334,201.97389246821712,384.5981,586.6613,485.6297,0.1,1.2747,0.8164,1386,48.14333333333334,202.89166655831977,384.7313,587.7308,486.231,0.0,1.2627,1.7036,1386,48.14333333333334,185.77489540617805,400.2954,586.0703,493.1828,0.1083,3.8583,0.7553,1386,48.14333333333334
201.51590885212087,384.7743,586.299,485.5366,0.125,1.5821,0.7667,1387,48.178333333333335,200.9558095292739,385.338,586.2824,485.8102,0.025,1.5914,0.871,1387,48.178333333333335,202.01963498306569,384.596,586.7156,485.6558,0.1,1.2946,0.7624,1387,48.178333333333335,202.92546648045501,384.7296,587.7705,486.2501,0.0,1.2573,1.6653,1387,48.178333333333335,186.0228780948948,400.0482,586.0711,493.0597,0.125,3.9423,0.7458,1387,48.178333333333335
201.61557621119567,384.6568,586.2195,485.4382,0.1167,1.4695,0.7419,1388,48.21,200.92117201389746,385.3707,586.2548,485.8127,0.0167,1.7179,0.9461,1388,48.21,202.0299003343793,384.5928,586.7158,485.6543,0.125,0.8214,0.753,1388,48.21,202.89026571511417,384.7585,587.7707,486.2646,0.0,1.1705,1.6593,1388,48.21,186.50518374938346,399.5739,586.0791,492.8265,0.0917,4.9942,0.7531,1388,48.21
201.6190244316388,384.6658,586.2652,485.4655,0.125,1.4719,0.7622,1389,48.24333333333335,200.91300000047994,385.3757,586.2572,485.8164,0.0167,1.703,0.925,1389,48.24333333333335,201.9906970288532,384.58,586.6772,485.6286,0.125,0.8763,0.8189,1389,48.24333333333335,202.85449600580137,384.7733,587.7404,486.2568,0.0,1.2024,1.7266,1389,48.24333333333335,187.30471869031587,398.7774,586.0821,492.4297,0.0917,5.3208,0.759,1389,48.24333333333335
201.3610880956534,384.9119,586.2458,485.5788,0.1167,1.4726,0.788,1390,48.28,200.80678668866602,385.4887,586.2701,485.8794,0.025,1.7416,0.9333,1390,48.28,201.98604583452726,384.5791,586.679,485.6291,0.125,0.8652,0.7983,1390,48.28,202.8525074156188,384.7775,587.7373,486.2574,0.0,1.1933,1.7094,1390,48.28,187.90606067955056,398.1572,586.0633,492.1103,0.0833,6.5326,0.7478,1390,48.28
201.4248398714922,384.889,586.3286,485.6088,0.1333,1.4247,0.6477,1391,48.31,200.83642683757316,385.4671,586.2899,485.8785,0.025,1.7713,0.9201,1391,48.31,201.98644358506334,384.5853,586.6825,485.6339,0.125,0.8403,0.7848,1391,48.31,202.85131617481352,384.7795,587.7401,486.2598,0.0,1.2155,1.708,1391,48.31,188.01441943116342,398.0668,586.0812,492.074,0.0833,6.4424,0.7624,1391,48.31
201.11915262197073,385.1806,586.3297,485.7551,0.125,2.0187,0.7079,1392,48.343333333333334,200.68578856613908,385.6376,586.2884,485.963,0.025,1.9776,0.9118,1392,48.343333333333334,201.9656983422889,384.6025,586.6793,485.6409,0.125,0.851,0.788,1392,48.343333333333334,202.82707937572917,384.7992,587.7363,486.2678,0.0,1.2596,1.7094,1392,48.343333333333334,184.53138838507056,401.5488,586.0802,493.8145,0.1083,3.9854,0.7545,1392,48.343333333333334
201.18123463877015,385.1214,586.3281,485.7247,0.125,1.864,0.6611,1393,48.38333333333334,200.7803999780294,385.5418,586.2892,485.9155,0.025,1.9239,0.9209,1393,48.38333333333334,201.56588453923933,385.0655,586.6825,485.874,0.125,1.1003,0.7847,1393,48.38333333333334,202.79878181853965,384.831,587.7412,486.2861,0.0,1.3177,1.7091,1393,48.38333333333334,185.9013156239131,400.1794,586.0807,493.13,0.0917,4.1306,0.7642,1393,48.38333333333334
201.43396381094013,384.8886,586.3076,485.5981,0.125,1.5695,0.7019,1394,48.41000000000001,200.78554295948433,385.5288,586.2857,485.9073,0.025,1.8009,0.9138,1394,48.41000000000001,201.86310695888378,384.7268,586.6801,485.7035,0.1083,1.0465,0.7869,1394,48.41000000000001,202.7616202193035,384.8756,587.7371,486.3064,0.0,1.3705,1.71,1394,48.41000000000001,186.02817073979685,400.0493,586.0775,493.0634,0.0917,4.5019,0.7385,1394,48.41000000000001
200.85325782919935,385.0417,585.6697,485.3557,0.1,1.5916,0.6898,1395,48.445,200.84277059956952,385.8225,586.7123,486.2674,0.0167,2.2765,1.1208,1395,48.445,201.86926299999436,384.8422,586.5283,485.6853,0.0917,1.4258,0.5872,1395,48.445,202.87278688611815,384.8422,587.8521,486.3472,0.0,1.4258,1.6476,1395,48.445,188.52376175256325,397.5672,586.091,491.8291,0.1083,6.2864,0.7406,1395,48.445
200.7548378591573,385.2266,585.6671,485.4468,0.1,1.5554,0.6887,1396,48.48500000000001,200.99161267478468,385.6764,586.7115,486.1939,0.025,1.8886,1.1201,1396,48.48500000000001,201.86645033991056,384.8449,586.528,485.6865,0.0917,1.42,0.5807,1396,48.48500000000001,202.8711779558156,384.8449,587.8529,486.3489,0.0,1.42,1.6487,1396,48.48500000000001,189.3414157551167,396.7435,586.085,491.4143,0.1083,7.0694,0.7461,1396,48.48500000000001
200.79362971505108,385.2101,585.6679,485.439,0.0917,1.5436,0.7028,1397,48.52166666666667,201.01547344942654,385.6491,586.7139,486.1815,0.0167,1.9921,1.1251,1397,48.52166666666667,201.8664834749041,384.8447,586.5295,485.6871,0.0917,1.4186,0.5798,1397,48.52166666666667,202.87231724775685,384.8447,587.8533,486.349,0.0,1.4186,1.6491,1397,48.52166666666667,189.35508779072657,396.7349,586.09,491.4125,0.1083,7.0821,0.7535,1397,48.52166666666667
200.7521869534734,385.2313,585.6714,485.4513,0.1,1.6067,0.6998,1398,48.54333333333334,200.9915096892639,385.6816,586.7159,486.1987,0.025,1.896,1.1351,1398,48.54333333333334,201.86725672443427,384.845,586.5381,485.6916,0.0917,1.4184,0.5811,1398,48.54333333333334,202.87526322443495,384.845,587.8573,486.3512,0.0,1.4184,1.6509,1398,48.54333333333334,189.3590475785229,396.7325,586.0915,491.412,0.1083,7.0786,0.7485,1398,48.54333333333334
200.7836081556372,385.2102,585.669,485.4396,0.1083,1.686,0.6971,1399,48.58833333333334,200.7237064366389,385.9383,586.7134,486.3258,0.025,2.2486,1.1177,1399,48.58833333333334,201.8675970864773,384.8448,586.537,485.6909,0.0917,1.4188,0.5812,1399,48.58833333333334,202.87483876312194,384.8448,587.857,486.3509,0.0,1.4188,1.6506,1399,48.58833333333334,188.93810789365583,397.1497,586.0878,491.6188,0.1083,6.9036,0.7512,1399,48.58833333333334
200.80698340347232,385.077,585.6314,485.3542,0.125,1.5774,0.7419,1400,48.61000000000001,200.6750680839725,385.9684,586.6683,486.3183,0.025,2.2086,1.186,1400,48.61000000000001,201.87591472292647,384.8061,586.6312,485.7187,0.075,1.4222,0.6297,1400,48.61000000000001,202.79939619159654,384.8061,587.7704,486.2882,0.0,1.4222,1.4839,1400,48.61000000000001,185.12981733984157,400.9312,586.061,493.4961,0.125,4.1039,0.8058,1400,48.61000000000001
200.54989227252244,385.0796,585.4176,485.2486,0.1,1.5959,0.6468,1401,48.64333333333334,200.58045826243008,385.8181,586.4465,486.1323,0.0167,2.2828,1.1128,1401,48.64333333333334,201.8251687392963,384.7387,586.4996,485.6192,0.075,1.4807,0.7098,1401,48.64333333333334,202.78118136955212,384.7387,587.6725,486.2056,0.0,1.4807,1.5777,1401,48.64333333333334,185.01619779159688,400.9247,585.9409,493.4328,0.1583,4.139,0.675,1401,48.64333333333334
200.58349800346608,385.1411,585.4627,485.3019,0.125,1.5001,0.6822,1402,48.68666666666667,200.53052391174688,385.8973,586.4558,486.1765,0.025,2.0738,1.172,1402,48.68666666666667,201.81849211688936,384.7391,586.4712,485.6052,0.075,1.4523,0.7101,1402,48.68666666666667,202.75005416394362,384.7391,587.6488,486.194,0.0,1.4523,1.5411,1402,48.68666666666667,182.5524784653937,403.4068,585.9593,494.6831,0.1667,2.7426,0.7072,1402,48.68666666666667
200.8370231056279,384.8007,585.5349,485.1678,0.1167,1.4225,0.7198,1403,48.71,200.87964773214347,385.5744,586.4513,486.0128,0.025,1.5132,1.1893,1403,48.71,201.86029726759148,384.6999,586.4685,485.5842,0.075,1.4515,0.6996,1403,48.71,202.77353398388146,384.6999,587.6472,486.1736,0.0,1.4515,1.5534,1403,48.71,187.68802581241425,398.2681,585.9561,492.1121,0.1083,5.2955,0.6832,1403,48.71
200.97327282632716,384.768,585.5341,485.151,0.1167,1.3602,0.7246,1404,48.74333333333335,200.9097930699171,385.5419,586.4517,485.9968,0.025,1.4827,1.182,1404,48.74333333333335,201.50640901063684,384.963,586.4694,485.7162,0.1,1.0299,0.7038,1404,48.74333333333335,202.6765911260386,384.7224,587.647,486.1847,0.0,1.1873,1.5516,1404,48.74333333333335,187.69119939280276,398.2616,585.9528,492.1072,0.1083,5.299,0.6934,1404,48.74333333333335
200.9046101862381,385.047,585.6925,485.3698,0.0667,2.3732,0.6839,1405,48.79166666666667,200.77734827854385,385.3164,586.077,485.6967,0.0083,2.1643,0.9286,1405,48.79166666666667,201.6327712788345,384.9246,586.6697,485.7972,0.0833,1.7642,0.6726,1405,48.79166666666667,202.65253326296,384.9246,587.6772,486.3009,0.0,1.7642,1.6628,1405,48.79166666666667,182.911274118723,402.7812,585.6925,494.2369,0.1333,2.959,0.6839,1405,48.79166666666667
200.92519999615075,385.0746,585.7576,485.4161,0.0583,2.4788,0.7544,1406,48.81,200.8603560656107,385.3496,586.2548,485.8022,0.0083,2.199,1.0388,1406,48.81,201.6401233427633,384.9223,586.6704,485.7963,0.0833,1.8199,0.6608,1406,48.81,202.66018424636394,384.9223,587.6775,486.2999,0.0,1.8199,1.6653,1406,48.81,182.95831974175647,402.7992,585.7576,494.2784,0.125,2.7199,0.7544,1406,48.81
200.9761835602278,385.0823,585.7141,485.3982,0.0417,2.1364,0.7325,1407,48.843333333333334,200.9681987861352,385.2281,586.2342,485.7311,0.0,2.3984,1.0099,1407,48.843333333333334,201.65727045960546,384.9192,586.6706,485.7949,0.0833,1.9323,0.6188,1407,48.843333333333334,202.67606610863234,384.9192,587.6755,486.2974,0.0,1.9323,1.6264,1407,48.843333333333334,183.39397339013397,402.3201,585.7141,494.0171,0.1167,3.2449,0.7325,1407,48.843333333333334
200.85220317464382,385.224,585.6871,485.4556,0.0583,1.9036,0.7316,1408,48.87666666666667,200.72148038986688,385.4883,586.1989,485.8436,0.0083,2.0304,0.9762,1408,48.87666666666667,201.5680824104226,384.9971,586.4241,485.7106,0.075,1.7221,0.6163,1408,48.87666666666667,202.52634350143913,384.9971,587.646,486.3215,0.0,1.7221,1.6065,1408,48.87666666666667,182.18390534487537,403.5032,585.6871,494.5952,0.1583,2.5546,0.7316,1408,48.87666666666667
200.69061358986426,385.2642,585.7521,485.5082,0.0583,2.0743,0.7448,1409,48.91000000000001,200.68405522044617,385.5225,586.2438,485.8832,0.0083,2.0446,1.0411,1409,48.91000000000001,201.45551231137543,385.0195,586.5964,485.808,0.0917,1.7757,0.6496,1409,48.91000000000001,202.51274280736885,385.0195,587.6437,486.3316,0.0,1.7757,1.6056,1409,48.91000000000001,183.64709561569114,402.105,585.7521,493.9285,0.1333,3.498,0.7448,1409,48.91000000000001
200.54261168172133,385.3991,585.6858,485.5425,0.0583,1.9815,0.6774,1410,49.290000000000006,200.56731839699953,385.5218,586.0567,485.7892,0.0083,2.212,0.9139,1410,49.290000000000006,201.5343858280796,385.0223,586.6754,485.8488,0.0833,1.7883,0.672,1410,49.290000000000006,202.5463443763134,385.0223,587.6754,486.3489,0.0,1.7883,1.6353,1410,49.290000000000006,184.39196116216633,401.2938,585.6858,493.4898,0.125,4.082,0.6774,1410,49.290000000000006
201.0039633606084,385.0935,585.815,485.4543,0.0667,1.9609,0.6403,1411,49.305,200.86656047985343,385.3969,586.2571,485.827,0.0083,1.9739,1.049,1411,49.305,201.53820211719344,385.0245,586.6911,485.8578,0.0833,1.6976,0.6705,1411,49.305,202.55243211627788,385.0245,587.6916,486.3581,0.0,1.6976,1.6747,1411,49.305,184.03293832152738,401.7821,585.815,493.7986,0.125,3.9729,0.6403,1411,49.305
200.7302960205813,385.1785,585.5422,485.3604,0.1,2.0493,0.5663,1412,49.32166666666667,200.4746368492534,385.562,585.984,485.773,0.0167,2.0721,0.7688,1412,49.32166666666667,201.51749078047746,384.9028,586.4203,485.6616,0.1167,1.4095,0.5982,1412,49.32166666666667,202.6078798030384,384.9943,587.7349,486.3646,0.0,1.5033,1.4727,1412,49.32166666666667,189.57288182034898,396.4865,586.0594,491.2729,0.1,6.2038,0.7298,1412,49.32166666666667
200.79360985693157,385.1053,585.5392,485.3223,0.1,1.7777,0.5733,1413,49.343333333333334,200.56493036517082,385.5021,585.9808,485.7415,0.0167,1.9617,0.7469,1413,49.343333333333334,201.46916815694962,384.9518,586.4209,485.6864,0.125,1.4063,0.5988,1413,49.343333333333334,202.60897394952147,384.9926,587.735,486.3638,0.0,1.4902,1.4729,1413,49.343333333333334,186.58189550474285,399.4536,586.0355,492.7446,0.125,3.793,0.752,1413,49.343333333333334
200.298465049414,385.3936,585.5346,485.4641,0.0833,1.8318,0.565,1414,49.37666666666667,200.23271326095053,385.8379,585.9818,485.9099,0.0083,1.9522,0.7344,1414,49.37666666666667,201.35024839971604,385.1924,586.4139,485.8031,0.1083,1.4738,0.61,1414,49.37666666666667,202.53819754859398,385.1287,587.739,486.4338,0.0,1.4906,1.5152,1414,49.37666666666667,185.78195233962367,400.25,586.0319,493.141,0.125,4.009,0.7339,1414,49.37666666666667
200.29329322757246,385.3946,585.5247,485.4596,0.0833,1.7807,0.5647,1415,49.41000000000001,200.22752386769275,385.8405,585.9848,485.9127,0.0083,1.9355,0.7343,1415,49.41000000000001,201.50688669919455,384.9013,586.4082,485.6548,0.125,1.2934,0.6047,1415,49.41000000000001,202.54730159220733,385.1196,587.7398,486.4297,0.0,1.5147,1.5131,1415,49.41000000000001,185.78045565700447,400.2553,586.0358,493.1455,0.125,3.9923,0.7672,1415,49.41000000000001
201.0693427007479,384.9596,585.6312,485.2954,0.0917,1.6925,0.6004,1416,49.44833333333334,200.24319890213692,385.6829,586.0202,485.8516,0.025,2.3416,0.8183,1416,49.44833333333334,201.66839390015056,384.8241,586.6182,485.7212,0.1167,1.152,0.6206,1416,49.44833333333334,202.61151204091624,384.8574,587.6113,486.2344,0.0,1.2511,1.6113,1416,49.44833333333334,181.88618905547358,403.7723,585.6585,494.7154,0.125,2.3217,0.6274,1416,49.44833333333334
201.07151570819732,384.9582,585.6294,485.2938,0.0917,1.6764,0.594,1417,49.47666666666667,200.24442545740052,385.6818,586.0194,485.8506,0.025,2.3761,0.8384,1417,49.47666666666667,201.68005177418115,384.8694,586.6173,485.7434,0.125,1.1345,0.6239,1417,49.47666666666667,202.61416836929664,384.8532,587.6106,486.2319,0.0,1.2489,1.6177,1417,49.47666666666667,181.88591705788056,403.7739,585.6598,494.7168,0.125,2.3237,0.6524,1417,49.47666666666667
201.06327817364155,384.9854,585.6308,485.3081,0.0917,1.6761,0.5996,1418,49.52166666666667,200.22487352209137,385.7038,586.0202,485.862,0.025,2.3927,0.8455,1418,49.52166666666667,201.72288859168924,384.7454,586.6182,485.6818,0.1167,1.1769,0.6264,1418,49.52166666666667,202.65619623417237,384.8332,587.611,486.2221,0.0,1.3208,1.6097,1418,49.52166666666667,181.9713488767494,403.6893,585.6607,494.675,0.1167,2.209,0.6315,1418,49.52166666666667
201.0662268853749,384.9953,585.6693,485.3323,0.0917,1.7408,0.6254,1419,49.54333333333334,200.19504582680398,385.7375,585.9916,485.8645,0.0167,2.4324,0.8567,1419,49.54333333333334,201.77027091268369,384.6896,586.5797,485.6346,0.1083,1.3643,0.6331,1419,49.54333333333334,202.63640687133565,384.8496,587.6102,486.2299,0.0,1.3116,1.6566,1419,49.54333333333334,182.24234355286924,403.3995,585.6419,494.5207,0.1083,2.1927,0.5988,1419,49.54333333333334
201.06897332092313,384.9834,585.685,485.3342,0.1,1.6639,0.6158,1420,49.57666666666667,200.22625638101542,385.7219,586.0229,485.8724,0.025,2.3914,0.82,1420,49.57666666666667,201.67601357868432,384.7505,586.5832,485.6668,0.1083,1.1358,0.6352,1420,49.57666666666667,202.65080731015334,384.8371,587.6122,486.2247,0.0,1.3031,1.6455,1420,49.57666666666667,181.85845829298424,403.8085,585.667,494.7378,0.1333,2.3874,0.6039,1420,49.57666666666667
201.05225573763772,385.0227,585.6367,485.3297,0.1,1.6758,0.5861,1421,49.61166666666667,200.1806292208867,385.7768,586.0245,485.9007,0.0333,2.2095,0.828,1421,49.61166666666667,201.65363260663432,384.8192,586.5832,485.7012,0.1083,1.1028,0.6337,1421,49.61166666666667,202.61929222678546,384.85,587.6128,486.2314,0.0,1.2492,1.6561,1421,49.61166666666667,181.8621194512628,403.8045,585.6666,494.7356,0.1333,2.3722,0.624,1421,49.61166666666667
201.2347673172829,384.7676,585.5424,485.155,0.0833,1.7699,0.5553,1422,49.64333333333334,200.67749891410227,385.5412,586.2996,485.9204,0.0167,2.3503,0.7749,1422,49.64333333333334,201.7241531520159,384.7379,586.5785,485.6582,0.1,1.3915,0.5984,1422,49.64333333333334,202.6957452637665,384.7678,587.6155,486.1916,0.0,1.3511,1.498,1422,49.64333333333334,182.0779345819721,403.5837,585.6616,494.6227,0.1167,2.5297,0.6243,1422,49.64333333333334
200.96425958071362,384.947,585.5413,485.2442,0.075,1.8711,0.562,1423,49.67666666666667,200.67346049615279,385.552,586.2986,485.9253,0.0167,2.386,0.7564,1423,49.67666666666667,201.7121504427382,384.7489,586.5784,485.6636,0.0917,1.2926,0.5985,1423,49.67666666666667,202.6915723656479,384.77,587.6157,486.1928,0.0,1.352,1.4979,1423,49.67666666666667,182.2626065981145,403.3983,585.6609,494.5296,0.1,2.5224,0.6208,1423,49.67666666666667
201.23429815295626,384.7721,585.5421,485.1571,0.0833,1.7285,0.5648,1424,49.715,200.67359313274443,385.546,586.2975,485.9217,0.0167,2.3643,0.7572,1424,49.715,201.7119931051771,384.749,586.5785,485.6638,0.0917,1.3152,0.5991,1424,49.715,202.69284065677903,384.7702,587.6151,486.1926,0.0,1.3506,1.4975,1424,49.715,182.0720091764666,403.5891,585.6611,494.6251,0.1167,2.5213,0.6228,1424,49.715
201.30769591854462,384.7671,585.6307,485.1989,0.0833,1.6817,0.6241,1425,49.74333333333335,200.82342708672843,385.5496,586.4094,485.9795,0.0167,2.3384,0.844,1425,49.74333333333335,201.71260266086182,384.7487,586.5783,485.6635,0.0917,1.316,0.5963,1425,49.74333333333335,202.6943021326804,384.7698,587.6148,486.1923,0.0,1.3503,1.4831,1425,49.74333333333335,182.26676150611536,403.4077,585.6744,494.541,0.1167,2.4683,0.634,1425,49.74333333333335
201.14100044751305,384.9545,585.9274,485.441,0.0833,1.7304,0.7185,1426,49.78,200.62643175520319,385.5676,586.1191,485.8434,0.0083,1.9174,0.7813,1426,49.78,201.6502358390888,384.6655,586.175,485.4203,0.1,1.3307,0.6569,1426,49.78,202.62082010133554,384.8088,587.5905,486.1996,0.0,1.5976,1.6216,1426,49.78,184.58795034135434,401.3395,585.9274,493.6334,0.125,3.6266,0.7185,1426,49.78
201.4152600199797,384.6801,585.9311,485.3056,0.0917,1.4077,0.6985,1427,49.81666666666667,200.74796626497212,385.4326,586.1238,485.7782,0.0083,2.1682,0.8145,1427,49.81666666666667,201.77860418553436,384.6624,586.2904,485.4764,0.0917,1.3549,0.6477,1427,49.81666666666667,202.62848002096172,384.8053,587.5919,486.1986,0.0,1.6174,1.6772,1427,49.81666666666667,183.75220793916964,402.1789,585.9311,494.055,0.125,3.4361,0.6985,1427,49.81666666666667
201.41382720781206,384.6786,585.9295,485.304,0.0917,1.4363,0.6926,1428,49.843333333333334,200.74519755078452,385.4357,586.12,485.7778,0.0083,2.141,0.8103,1428,49.843333333333334,201.48423127167746,384.8006,586.076,485.4383,0.1,1.6337,0.6331,1428,49.843333333333334,202.5593433712239,384.9415,587.5962,486.2688,0.0,1.6247,1.737,1428,49.843333333333334,184.53407198433834,401.3954,585.9295,493.6624,0.1167,3.9013,0.6926,1428,49.843333333333334
201.40110489495643,384.7045,585.9308,485.3176,0.0917,1.4349,0.7153,1429,49.87666666666667,200.72506507941745,385.4592,586.1218,485.7905,0.0083,2.0675,0.8061,1429,49.87666666666667,201.67355855380924,384.6633,586.1797,485.4215,0.1,1.3691,0.6577,1429,49.87666666666667,202.6424446428407,384.8057,587.5971,486.2014,0.0,1.6128,1.7354,1429,49.87666666666667,184.3270145200527,401.6038,585.9308,493.7673,0.1167,4.2038,0.7153,1429,49.87666666666667
201.38493274651057,384.7244,585.9327,485.3285,0.0833,1.4561,0.7167,1430,49.91833333333334,200.59292903698613,385.485,585.8593,485.6722,0.0083,2.0763,0.7691,1430,49.91833333333334,201.63158196171534,384.6787,586.1792,485.429,0.1,1.4772,0.6598,1430,49.91833333333334,202.60910734509096,384.8217,587.597,486.2094,0.0,1.619,1.736,1430,49.91833333333334,184.53335785467345,401.3993,585.9327,493.666,0.1167,4.2819,0.7167,1430,49.91833333333334
201.3310724482581,384.7808,585.9298,485.3553,0.075,1.4108,0.7105,1431,49.945,200.6630815650906,385.5227,586.127,485.8249,0.0083,2.0349,0.8163,1431,49.945,201.7321920491969,384.6805,586.289,485.4847,0.0917,1.4482,0.6563,1431,49.945,202.59800569880682,384.8235,587.5957,486.2096,0.0,1.634,1.6986,1431,49.945,183.68363730687665,402.2462,585.9298,494.088,0.1167,3.9733,0.7105,1431,49.945
201.32838010491113,384.782,585.9289,485.3555,0.075,1.3954,0.6977,1432,49.97666666666667,200.64994387185703,385.5283,586.1305,485.8294,0.0083,2.0379,0.8295,1432,49.97666666666667,201.74166883306975,384.6795,586.2937,485.4866,0.0917,1.4529,0.6467,1432,49.97666666666667,202.60649260264074,384.8224,587.5938,486.2081,0.0,1.6135,1.6882,1432,49.97666666666667,183.68262922227314,402.2463,585.9289,494.0876,0.1167,3.9134,0.6977,1432,49.97666666666667
201.37568987501362,384.7377,585.9279,485.3328,0.075,1.3659,0.7264,1433,50.02166666666667,200.6903605017132,385.4931,586.1297,485.8114,0.0083,2.08,0.8295,1433,50.02166666666667,201.72356506376053,384.6889,586.2937,485.4913,0.0917,1.506,0.6467,1433,50.02166666666667,202.5934923597906,384.8319,587.5938,486.2128,0.0,1.5682,1.6882,1433,50.02166666666667,183.7240573996799,402.2039,585.9279,494.0659,0.125,3.9983,0.7264,1433,50.02166666666667
201.3744832766809,384.7174,585.9529,485.3352,0.0917,1.3945,0.7846,1434,50.04333333333334,200.6971315151733,385.4725,586.1414,485.8069,0.0083,2.1012,0.8224,1434,50.04333333333334,201.73819910127904,384.7095,586.3114,485.5104,0.0917,1.5294,0.6832,1434,50.04333333333334,202.55636324146047,384.8412,587.5865,486.2138,0.0083,1.5148,1.7668,1434,50.04333333333334,183.75566607695478,402.1973,585.9529,494.0751,0.1333,4.0895,0.7846,1434,50.04333333333334
201.27326611223393,384.8322,585.8849,485.3585,0.0917,1.4353,0.6977,1435,50.07666666666667,200.5775555625466,385.6028,586.1374,485.8701,0.0083,1.9975,0.7898,1435,50.07666666666667,201.75033015271322,384.7088,586.3238,485.5163,0.0917,1.5318,0.6748,1435,50.07666666666667,202.5620064340282,384.8405,587.5919,486.2162,0.0083,1.5169,1.7743,1435,50.07666666666667,183.695740197795,402.1892,585.8849,494.037,0.1333,4.0862,0.6977,1435,50.07666666666667
200.93672162427544,384.947,585.4772,485.2121,0.0833,1.8574,0.6674,1436,50.12666666666667,200.66379661929628,385.4067,586.1626,485.7846,0.0083,2.317,0.7874,1436,50.12666666666667,201.2515452005336,384.6421,585.8937,485.2679,0.1417,1.1059,0.6017,1436,50.12666666666667,202.73667745449117,384.6964,587.6055,486.151,0.0,1.4384,1.7432,1436,50.12666666666667,182.164457456363,403.8749,586.0393,494.9571,0.175,1.6511,0.694,1436,50.12666666666667
201.2518461886503,384.6894,585.4753,485.0823,0.1,1.4818,0.6675,1437,50.14333333333334,200.62151519491184,385.4818,586.1614,485.8216,0.0083,1.978,0.8074,1437,50.14333333333334,200.99590317265535,384.8931,585.889,485.3911,0.1333,1.0091,0.594,1437,50.14333333333334,202.7625610616516,384.684,587.6068,486.1454,0.0,1.3769,1.7541,1437,50.14333333333334,182.55928413007373,403.5219,586.0811,494.8015,0.1583,1.825,0.6668,1437,50.14333333333334
200.98351046218934,385.1483,586.0403,485.5943,0.075,1.7279,0.6637,1438,50.17666666666667,200.57044180375107,385.5333,586.1581,485.8457,0.0,1.9287,0.7952,1438,50.17666666666667,201.276978876446,384.6193,585.8963,485.2578,0.1417,1.1584,0.6398,1438,50.17666666666667,202.78252750984782,384.6845,587.611,486.1478,0.0,1.5323,1.7484,1438,50.17666666666667,182.36540707416805,403.6749,586.0403,494.8576,0.1417,2.0319,0.6637,1438,50.17666666666667
201.05067505355228,384.8663,585.4687,485.1675,0.1,1.7354,0.6438,1439,50.223333333333336,200.5731538450019,385.5208,586.1641,485.8425,0.0167,1.9472,0.8081,1439,50.223333333333336,201.35751765901796,384.6553,585.8939,485.2746,0.1167,1.4396,0.604,1439,50.223333333333336,202.77291458955622,384.6855,587.6138,486.1497,0.0,1.4866,1.7623,1439,50.223333333333336,182.40516969220766,403.6339,586.0391,494.8365,0.15,1.833,0.6745,1439,50.223333333333336
200.94681506405507,384.9544,585.5038,485.2291,0.1083,1.7184,0.621,1440,50.24333333333335,200.3629931243477,385.6791,586.1603,485.9197,0.0167,2.6678,0.8295,1440,50.24333333333335,201.24747496367706,384.7585,585.9144,485.3365,0.1167,1.4143,0.5608,1440,50.24333333333335,202.67436233492825,384.7895,587.6232,486.2064,0.0,1.5216,1.7362,1440,50.24333333333335,182.37068285096714,403.6645,586.0351,494.8498,0.15,1.6894,0.6754,1440,50.24333333333335
200.90974315204693,384.9656,585.5374,485.2515,0.1083,1.6975,0.6411,1441,50.27666666666667,200.3495755612957,385.6938,586.1416,485.9177,0.0167,2.5535,0.779,1441,50.27666666666667,201.2515640461304,384.7923,585.954,485.3732,0.1,1.5817,0.6188,1441,50.27666666666667,202.67450515206932,384.7923,587.6205,486.2064,0.0,1.5817,1.7427,1441,50.27666666666667,181.8504304386525,404.164,586.0144,495.0892,0.1667,1.6317,0.6308,1441,50.27666666666667
200.69011470181587,385.1449,585.5385,485.3417,0.1,1.6528,0.6386,1442,50.31,200.31478068657873,385.7276,586.14,485.9338,0.0167,2.551,0.7804,1442,50.31,201.06612723458204,384.783,585.9128,485.3479,0.125,1.4332,0.5669,1442,50.31,202.62896433253135,384.8148,587.6183,486.2166,0.0,1.5642,1.7301,1442,50.31,181.651003438014,404.3614,586.0124,495.1869,0.1833,1.3922,0.6488,1442,50.31
200.7367645377503,385.0792,585.5375,485.3083,0.1,1.6354,0.641,1443,50.343333333333334,200.35696437995853,385.7461,586.1427,485.9444,0.0167,2.4409,0.782,1443,50.343333333333334,201.11623909285868,384.8092,585.9545,485.3819,0.1167,1.4506,0.5874,1443,50.343333333333334,202.57781961669812,384.8421,587.6181,486.2301,0.0,1.5413,1.7358,1443,50.343333333333334,181.46918506764555,404.5461,586.0153,495.2807,0.1833,1.2097,0.6496,1443,50.343333333333334
200.44176028028056,385.3348,585.5366,485.4357,0.0917,2.0463,0.6499,1444,50.37666666666667,200.24762006031236,385.8041,586.1458,485.975,0.0167,2.5538,0.7644,1444,50.37666666666667,201.1181276448281,384.7944,585.955,485.3747,0.125,1.4921,0.5842,1444,50.37666666666667,202.57549419122194,384.8475,587.6188,486.2332,0.0,1.5786,1.7404,1444,50.37666666666667,182.15339377898857,403.8656,586.019,494.9423,0.15,1.4613,0.6361,1444,50.37666666666667
200.78190144099818,385.0617,585.5393,485.3005,0.1083,1.8435,0.6407,1445,50.41000000000001,200.2522289716712,385.8014,586.1426,485.972,0.0167,2.5911,0.7594,1445,50.41000000000001,201.11545537464585,384.7944,585.9526,485.3735,0.125,1.4921,0.5745,1445,50.41000000000001,202.57384153615862,384.8475,587.6174,486.2325,0.0,1.5786,1.7486,1445,50.41000000000001,182.06665314125863,403.9487,586.0153,494.982,0.15,1.5909,0.6504,1445,50.41000000000001
201.27434703093286,384.9278,586.0276,485.4777,0.0667,2.0644,0.5684,1446,50.445,200.70233598466464,385.4585,586.1327,485.7956,0.0,2.1395,0.7112,1446,50.445,201.01734234763995,385.0065,586.0238,485.5151,0.125,0.9475,0.7196,1446,50.445,202.7112870023065,384.7275,587.6022,486.1649,0.0,1.1624,1.7056,1446,50.445,183.45011946475304,402.5775,586.0276,494.3025,0.1167,3.7506,0.5684,1446,50.445
200.88113064907301,384.9529,585.5801,485.2665,0.0833,2.0513,0.5499,1447,50.47666666666667,200.67132234790745,385.4765,586.1164,485.7965,0.0083,2.2448,0.6627,1447,50.47666666666667,201.1630755510898,384.8612,586.0243,485.4428,0.1083,1.0332,0.6906,1447,50.47666666666667,202.7209019130365,384.7274,587.5968,486.1621,0.0,1.2287,1.6824,1447,50.47666666666667,182.80427641735568,402.7239,585.5801,494.152,0.1167,3.5877,0.5499,1447,50.47666666666667
200.92989540679213,384.941,585.5732,485.2571,0.0917,2.0008,0.5787,1448,50.52166666666667,200.68626779119884,385.4563,586.1195,485.7879,0.0083,2.3508,0.667,1448,50.52166666666667,201.1426494118878,384.8779,586.0205,485.4492,0.1083,0.984,0.7074,1448,50.52166666666667,202.70862593251834,384.7345,587.5957,486.1651,0.0,1.2334,1.6799,1448,50.52166666666667,182.84765774932566,402.701,585.5732,494.1371,0.125,3.7038,0.5787,1448,50.52166666666667
201.53906332974944,384.5577,586.1146,485.3361,0.1167,1.5774,0.5608,1449,50.54333333333334,200.69269290724822,385.5483,586.338,485.9432,0.0083,2.1207,0.7736,1449,50.54333333333334,200.9626984556952,385.1996,586.1623,485.6809,0.1417,0.68,0.6991,1449,50.54333333333334,202.7562832478669,384.7356,587.6627,486.1992,0.0,1.0738,1.747,1449,50.54333333333334,182.57877784581498,403.551,586.1146,494.8328,0.1583,2.9765,0.5608,1449,50.54333333333334
201.5771163056619,384.5212,586.1153,485.3183,0.1167,1.5533,0.5987,1450,50.57666666666667,200.74285242939405,385.4825,586.3383,485.9104,0.0083,2.2026,0.7776,1450,50.57666666666667,200.9430516491633,385.2206,586.1637,485.6921,0.1417,0.6314,0.7025,1450,50.57666666666667,202.76248740958275,384.7334,587.6636,486.1985,0.0,1.0685,1.7479,1450,50.57666666666667,182.5533799450386,403.5767,586.1153,494.846,0.1583,3.0275,0.5987,1450,50.57666666666667
201.5774078229683,384.5308,586.1162,485.3235,0.1167,1.4845,0.5645,1451,50.61000000000001,200.74767572956728,385.5197,586.3723,485.946,0.0083,2.1548,0.7638,1451,50.61000000000001,200.98864983701202,385.2588,586.2474,485.7531,0.1417,0.7126,0.6528,1451,50.61000000000001,202.75077279641334,384.7573,587.7159,486.2366,0.0,1.0961,1.6956,1451,50.61000000000001,182.59417237172707,403.5767,586.1162,494.8464,0.1583,3.0424,0.5645,1451,50.61000000000001
201.61604775569273,384.625,586.1599,485.3925,0.075,1.726,0.6558,1452,50.64333333333334,200.5162850157386,385.5741,586.0834,485.8287,0.0083,2.1069,0.662,1452,50.64333333333334,201.10226710266105,385.1958,586.2981,485.7469,0.125,0.8356,0.642,1452,50.64333333333334,202.7646439390315,384.8199,587.7579,486.2889,0.0,1.1514,1.7208,1452,50.64333333333334,182.5402223030481,403.6197,586.1599,494.8898,0.1167,2.9964,0.6558,1452,50.64333333333334
200.66399789261501,385.4259,586.1583,485.7921,0.0583,1.6707,0.6476,1453,50.67666666666667,200.37020191035123,385.689,586.0818,485.8854,0.0083,2.5277,0.6572,1453,50.67666666666667,201.57575198142425,385.2293,586.8459,486.0376,0.1167,0.7519,0.8905,1453,50.67666666666667,202.700459632127,384.912,587.7565,486.3343,0.0,1.051,1.7113,1453,50.67666666666667,183.71368630526726,402.4446,586.1583,494.3014,0.1,3.7812,0.6476,1453,50.67666666666667
200.65668129193742,385.4366,586.1597,485.7982,0.0583,1.7419,0.6298,1454,50.71,200.35671898359107,385.7024,586.0827,485.8925,0.0083,2.5317,0.6632,1454,50.71,201.54832241227533,385.2641,586.8468,486.0555,0.125,0.7492,0.89,1454,50.71,202.6987100916895,384.9174,587.7569,486.3372,0.0,1.078,1.7126,1454,50.71,183.7122623545805,402.4475,586.1597,494.3036,0.1,3.7858,0.6298,1454,50.71
200.65045395755718,385.4443,586.1599,485.8021,0.0583,1.7332,0.6296,1455,50.74333333333335,200.35180701357947,385.7105,586.0829,485.8967,0.0083,2.5255,0.6634,1455,50.74333333333335,201.58490994290412,385.131,586.8959,486.0135,0.1167,0.9344,0.8698,1455,50.74333333333335,202.7050822559288,384.9103,587.7563,486.3333,0.0,1.0093,1.7122,1455,50.74333333333335,182.55613399652682,403.6038,586.1599,494.8819,0.1167,2.6474,0.6296,1455,50.74333333333335
201.09461589356545,384.8134,585.5753,485.1943,0.075,1.8224,0.5836,1456,50.778333333333336,200.92694198279492,385.1506,585.8046,485.4776,0.0167,1.869,0.6747,1456,50.778333333333336,201.3860190728921,384.7588,586.1448,485.4518,0.1083,1.2412,0.4883,1456,50.778333333333336,202.76660394201485,384.7826,587.7309,486.2568,0.0,1.286,1.6232,1456,50.778333333333336,185.8010080099199,399.74,585.5753,492.6576,0.1167,5.0584,0.5836,1456,50.778333333333336
201.24953730353764,384.893,586.0612,485.4771,0.0833,1.9189,0.5014,1457,50.81,200.9414966648049,385.1965,586.0089,485.6027,0.0167,1.8774,0.6792,1457,50.81,201.3531947054352,384.8923,586.2455,485.5689,0.1167,1.2761,0.5206,1457,50.81,202.77002593177937,384.7837,587.7261,486.2549,0.0,1.2455,1.6229,1457,50.81,182.63229332699112,403.4289,586.0612,494.745,0.1667,3.2705,0.5014,1457,50.81
201.5348545909383,384.5809,585.7615,485.1712,0.0833,1.9726,0.4474,1458,50.843333333333334,201.29685490388584,384.9118,586.0147,485.4633,0.025,1.8407,0.6849,1458,50.843333333333334,201.78128129690134,384.8582,586.7677,485.813,0.1083,1.2634,0.6148,1458,50.843333333333334,202.78520315486807,384.7782,587.74,486.2591,0.0,1.2727,1.6305,1458,50.843333333333334,187.01165839708662,398.7498,585.7615,492.2556,0.15,3.5616,0.4474,1458,50.843333333333334
201.39353991969026,384.7874,585.787,485.2872,0.075,1.9129,0.5438,1459,50.87666666666667,201.04294922533967,385.1207,586.0201,485.5704,0.0167,1.9893,0.6561,1459,50.87666666666667,201.78740703077898,384.8537,586.7688,485.8113,0.1083,1.2648,0.627,1459,50.87666666666667,202.78825825399156,384.7727,587.7394,486.2561,0.0,1.2682,1.6263,1459,50.87666666666667,184.8488073959037,400.9382,585.787,493.3626,0.1333,3.2758,0.5438,1459,50.87666666666667
201.40136398588794,384.7699,585.7865,485.2782,0.075,1.8761,0.5458,1460,50.91000000000001,201.04843134448876,385.098,586.0212,485.5596,0.0167,1.9839,0.674,1460,50.91000000000001,201.78344371070276,384.8529,586.7678,485.8103,0.1083,1.2608,0.6292,1460,50.91000000000001,202.78790661786192,384.7779,587.7416,486.2598,0.0,1.2906,1.6273,1460,50.91000000000001,185.69025849163523,400.0962,585.7865,492.9413,0.15,4.6196,0.5458,1460,50.91000000000001
201.4139470484505,384.7532,585.7837,485.2685,0.075,1.8819,0.5133,1461,50.943333333333335,201.0611841686323,385.082,586.0175,485.5497,0.0167,2.0059,0.6587,1461,50.943333333333335,201.78587836859668,384.8483,586.7681,485.8082,0.1083,1.2617,0.639,1461,50.943333333333335,202.78793733050136,384.775,587.7381,486.2565,0.0,1.2841,1.6188,1461,50.943333333333335,187.1254463088802,398.6583,585.7837,492.221,0.1167,4.7579,0.5133,1461,50.943333333333335
201.43312868037992,384.7663,586.1786,485.4725,0.0667,1.9052,0.5463,1462,50.97666666666667,201.05141994617972,385.0947,586.0212,485.558,0.0167,1.9803,0.6731,1462,50.97666666666667,201.78440189128784,384.8534,586.7685,485.811,0.1083,1.262,0.6283,1462,50.97666666666667,202.7886866113969,384.7766,587.7422,486.2594,0.0,1.291,1.6285,1462,50.97666666666667,186.10740604447636,400.0712,586.1786,493.1249,0.1167,4.2138,0.5463,1462,50.97666666666667
201.44001230642965,384.7602,586.1818,485.471,0.0833,1.8597,0.5025,1463,51.010000000000005,200.90804176010008,385.2574,586.0189,485.6382,0.0167,2.2958,0.6879,1463,51.010000000000005,201.78797000311718,384.8541,586.7697,485.8119,0.1083,1.2654,0.6277,1463,51.010000000000005,202.78874842352747,384.7723,587.7401,486.2562,0.0,1.2672,1.6259,1463,51.010000000000005,186.18094461568217,400.0008,586.1818,493.0913,0.1333,4.2818,0.5025,1463,51.010000000000005
201.46322541683256,384.7396,586.1316,485.4356,0.0833,1.9629,0.5529,1464,51.045,200.90968435958604,385.2622,586.019,485.6406,0.025,2.1473,0.6988,1464,51.045,201.3871415935085,384.8597,586.2469,485.5533,0.1083,1.2742,0.5382,1464,51.045,202.7775555215265,384.7816,587.7406,486.2611,0.0,1.285,1.6273,1464,51.045,186.0372747454347,400.0943,586.1316,493.113,0.125,4.2816,0.5529,1464,51.045
201.4820528661317,384.7093,586.1321,485.4207,0.0667,1.8825,0.5428,1465,51.07666666666667,201.31320940969377,384.8961,586.0185,485.4573,0.025,2.0281,0.6826,1465,51.07666666666667,201.51433332098168,384.7407,586.2425,485.4916,0.1,1.2897,0.5312,1465,51.07666666666667,202.78918149595452,384.7686,587.7389,486.2538,0.0,1.2987,1.6283,1465,51.07666666666667,187.7383965188596,398.3937,586.1321,492.2629,0.1083,6.0654,0.5428,1465,51.07666666666667
200.77105780804374,384.8753,585.5561,485.2157,0.0917,1.3324,0.686,1466,51.11166666666667,200.7187519766919,385.413,586.1326,485.7728,0.0083,1.7907,0.9723,1466,51.11166666666667,201.80324296830452,384.8313,586.8072,485.8193,0.075,1.2374,0.7655,1466,51.11166666666667,202.7852410595575,384.8313,587.8428,486.337,0.0,1.2374,1.6076,1466,51.11166666666667,185.1164171090135,400.9003,586.0167,493.4585,0.1083,3.9973,0.7808,1466,51.11166666666667
200.76025132714645,384.8907,585.5552,485.2229,0.0917,1.2423,0.6893,1467,51.14833333333333,200.70355814653894,385.4233,586.1241,485.7737,0.0083,1.7841,0.9429,1467,51.14833333333333,201.79420686166375,384.8468,586.8081,485.8275,0.075,1.2344,0.7647,1467,51.14833333333333,202.77859450645724,384.8468,587.8435,486.3452,0.0,1.2344,1.6076,1467,51.14833333333333,185.14334167744857,400.8949,586.0382,493.4666,0.1167,4.0041,0.7809,1467,51.14833333333333
201.70322146260355,384.5571,586.0741,485.3156,0.0833,1.1371,0.732,1468,51.17666666666667,201.0545230443031,385.1929,585.9269,485.5599,0.0167,1.6655,0.7838,1468,51.17666666666667,202.0797303360647,384.6983,586.8355,485.7669,0.0833,1.0801,0.7779,1468,51.17666666666667,202.98444712024698,384.6346,587.8139,486.2242,0.0,1.0688,1.6365,1468,51.17666666666667,185.16048650307664,400.8462,586.0067,493.4264,0.1167,3.9913,0.7042,1468,51.17666666666667
200.95021603980857,384.5362,585.3995,484.9679,0.1167,1.1661,0.5475,1469,51.21,201.15468400381124,384.985,586.0115,485.4982,0.0083,1.515,0.7164,1469,51.21,202.08175455845875,384.4879,586.5799,485.5339,0.075,1.1867,0.6104,1469,51.21,202.94126492462905,384.5034,587.6496,486.0765,0.0,1.1541,1.6284,1469,51.21,185.68856255866515,400.3083,585.9969,493.1526,0.1167,3.9118,0.612,1469,51.21
200.49461465484495,384.5744,585.2906,484.9325,0.1417,1.1539,0.5858,1470,51.25,200.83623936291332,385.2561,586.0053,485.6307,0.0167,1.962,0.7533,1470,51.25,202.00776104222373,384.6422,586.5462,485.5942,0.0917,1.0474,0.5921,1470,51.25,202.95974255156108,384.4904,587.6317,486.061,0.0,1.0378,1.5947,1470,51.25,183.94243796854585,401.6017,585.5442,493.5729,0.1167,3.6019,0.5657,1470,51.25
200.78319001698404,384.5413,585.3546,484.9479,0.125,1.1965,0.6347,1471,51.27666666666667,200.83146576880532,385.2574,586.0021,485.6297,0.0083,1.9224,0.7998,1471,51.27666666666667,202.01202604723872,384.6325,586.5449,485.5887,0.0917,0.9934,0.5898,1471,51.27666666666667,202.96442697146622,384.4844,587.6282,486.0563,0.0,1.0336,1.5914,1471,51.27666666666667,183.76554672000307,401.6919,585.4575,493.5747,0.125,3.6406,0.5777,1471,51.27666666666667
200.56642369353605,384.5637,585.2863,484.925,0.1333,0.9698,0.5979,1472,51.31,200.54803800006968,385.4008,585.7056,485.5532,0.0083,2.187,0.669,1472,51.31,201.80263216391046,384.7269,586.5486,485.6377,0.1083,0.9156,0.5936,1472,51.31,202.91391647036946,384.5364,587.6299,486.0832,0.0,0.9883,1.5897,1472,51.31,183.40651346245272,402.1775,585.584,493.8808,0.1167,3.5585,0.6135,1472,51.31
200.98371776171965,384.6199,585.3193,484.9696,0.1333,1.2274,0.5937,1473,51.35333333333334,200.71357087119242,385.3929,586.0206,485.7067,0.0167,2.1211,0.8344,1473,51.35333333333334,201.86660607455664,384.7337,586.6482,485.691,0.1,0.8753,0.8311,1473,51.35333333333334,202.93623666612302,384.5429,587.6518,486.0974,0.0,0.9651,1.4995,1473,51.35333333333334,183.1804012798255,402.602,585.7824,494.1922,0.1417,3.4321,0.6396,1473,51.35333333333334
201.17874391943644,384.6847,585.8,485.2424,0.1167,1.1111,0.6819,1474,51.37666666666667,200.88836274844272,385.0553,585.9605,485.5079,0.0083,1.7302,0.9118,1474,51.37666666666667,201.7736426893898,384.9208,586.7006,485.8107,0.1167,0.8823,0.7679,1474,51.37666666666667,202.91082760040294,384.6162,587.7015,486.1589,0.0,0.9488,1.596,1474,51.37666666666667,185.61781070365595,400.1822,585.8,492.9911,0.125,4.1455,0.6819,1474,51.37666666666667
201.41029818701617,384.6963,585.8231,485.2597,0.0833,1.1398,0.6752,1475,51.41000000000001,200.4084443643366,385.3733,585.8481,485.6107,0.0,1.8881,0.7551,1475,51.41000000000001,201.97412150518787,384.8367,586.7316,485.7842,0.0833,1.0333,0.7032,1475,51.41000000000001,202.87209096916612,384.6909,587.724,486.2074,0.0,1.162,1.5571,1475,51.41000000000001,183.80286842722916,402.0202,585.8231,493.9216,0.125,3.8961,0.6752,1475,51.41000000000001
201.8944206341411,384.395,585.7675,485.0813,0.075,1.8278,0.7141,1476,51.458333333333336,200.93871925471265,385.1025,585.6697,485.3861,0.0167,1.7375,0.7349,1476,51.458333333333336,202.0277331232961,384.9283,587.0246,485.9765,0.0917,1.4484,1.014,1476,51.458333333333336,203.09818139110232,384.6175,587.9114,486.2644,0.0,1.4639,1.797,1476,51.458333333333336,186.6484903115377,399.119,585.7675,492.4433,0.0917,5.5443,0.7141,1476,51.458333333333336
201.92126807144177,384.3952,585.7738,485.0845,0.075,1.7792,0.7488,1477,51.47666666666667,201.06505836188285,385.0896,585.8418,485.4657,0.0167,1.6686,0.6962,1477,51.47666666666667,202.07342212625497,384.8598,587.0261,485.9429,0.0833,1.4974,1.0132,1477,51.47666666666667,203.10023018321755,384.6165,587.9134,486.2649,0.0,1.4589,1.7993,1477,51.47666666666667,186.5992034697749,399.1746,585.7738,492.4742,0.1417,5.1104,0.7488,1477,51.47666666666667
201.89614277911105,384.4115,585.7676,485.0896,0.075,1.7683,0.7245,1478,51.52166666666667,200.95188854788404,385.1096,585.6674,485.3885,0.0167,1.7085,0.7239,1478,51.52166666666667,202.01524375977817,384.8605,586.9396,485.9,0.0833,1.4894,0.9945,1478,51.52166666666667,203.04932635920264,384.6169,587.8514,486.2342,0.0,1.4602,1.7574,1478,51.52166666666667,186.6768882163737,399.0907,585.7676,492.4292,0.0917,5.5943,0.7245,1478,51.52166666666667
200.92532354249894,384.8518,585.6015,485.2267,0.075,1.96,0.6555,1479,51.55500000000001,200.84039863732838,385.2594,585.6519,485.4556,0.0167,1.9935,0.6442,1479,51.55500000000001,201.99861257448723,384.8656,586.9279,485.8967,0.0833,1.4916,0.9979,1479,51.55500000000001,203.02138826256305,384.6198,587.8427,486.2312,0.0,1.4656,1.7381,1479,51.55500000000001,181.91790090887318,403.619,585.6015,494.6103,0.1583,2.2971,0.6555,1479,51.55500000000001
200.8701152313769,384.8661,585.5888,485.2275,0.075,2.0307,0.6231,1480,51.57666666666667,200.74403631389023,385.2836,585.64,485.4618,0.0167,2.0402,0.554,1480,51.57666666666667,201.94628713814706,384.8646,586.9043,485.8845,0.0833,1.4901,0.9719,1480,51.57666666666667,202.9715659231164,384.6194,587.7896,486.2045,0.0,1.4651,1.6552,1480,51.57666666666667,187.04014254325045,398.4843,585.5888,492.0365,0.15,5.8013,0.6231,1480,51.57666666666667
200.8759117980264,384.8651,585.5845,485.2248,0.075,2.0251,0.6046,1481,51.61000000000001,200.71603780424024,385.2831,585.6352,485.4591,0.0167,2.0361,0.5558,1481,51.61000000000001,202.00031666613017,384.8646,586.9149,485.8897,0.075,1.4901,1.0898,1481,51.61000000000001,202.96302526002765,384.6194,587.7838,486.2016,0.0,1.4651,1.656,1481,51.61000000000001,186.43190178721576,399.1004,585.5845,492.3425,0.1667,4.6291,0.6046,1481,51.61000000000001
200.8779623625437,384.8654,585.5844,485.2249,0.075,2.0264,0.5927,1482,51.64333333333334,200.71317857514305,385.2826,585.6351,485.4588,0.0167,2.0376,0.5577,1482,51.64333333333334,201.99877039679723,384.8646,586.9136,485.8891,0.075,1.4901,1.0896,1482,51.64333333333334,202.9616941791531,384.6194,587.7827,486.2011,0.0,1.4651,1.6546,1482,51.64333333333334,187.0279041785567,398.505,585.5844,492.0447,0.15,5.7786,0.5927,1482,51.64333333333334
200.886259693404,384.8599,585.5831,485.2215,0.075,2.0246,0.593,1483,51.67666666666667,200.7168933735436,385.2763,585.6339,485.4551,0.0167,2.0076,0.5578,1483,51.67666666666667,201.99882936886252,384.8646,586.9137,485.8891,0.075,1.4901,1.0896,1483,51.67666666666667,202.9617549773935,384.6194,587.7828,486.2011,0.0,1.4651,1.654,1483,51.67666666666667,187.04589020194334,398.486,585.5831,492.0345,0.15,5.7858,0.593,1483,51.67666666666667
200.87657100200676,384.8654,585.5844,485.2249,0.075,2.0264,0.5993,1484,51.71,200.7140571866126,385.2826,585.6352,485.4589,0.0167,2.0376,0.5566,1484,51.71,201.99882988202228,384.8646,586.9137,485.8891,0.075,1.4901,1.0896,1484,51.71,202.9617596721471,384.6194,587.7828,486.2011,0.0,1.4651,1.6538,1484,51.71,187.0455748244863,398.4859,585.5844,492.0352,0.15,5.7911,0.5993,1484,51.71
200.89146195885525,384.8972,585.5836,485.2404,0.075,1.9934,0.598,1485,51.74333333333335,200.68180424710488,385.2964,585.6346,485.4655,0.0167,1.9451,0.558,1485,51.74333333333335,202.0352459070473,384.7789,586.9137,485.8463,0.0667,1.4958,1.0896,1485,51.74333333333335,202.9491526092408,384.6501,587.7828,486.2165,0.0,1.4435,1.6538,1485,51.74333333333335,187.0525174352819,398.4799,585.5836,492.0317,0.15,5.8531,0.598,1485,51.74333333333335
201.07616340703294,385.2109,586.1898,485.7003,0.0583,1.8249,0.7436,1486,51.778333333333336,200.747398573075,385.4025,586.074,485.7383,0.0,2.0039,0.7692,1486,51.778333333333336,201.14422697463735,384.932,586.0763,485.5041,0.1333,1.1462,0.5615,1486,51.778333333333336,202.6931114925531,384.7894,587.7151,486.2522,0.0,1.2791,1.7832,1486,51.778333333333336,188.65672893918057,397.533,586.1898,491.8614,0.1,5.382,0.7436,1486,51.778333333333336
200.6928446692554,385.211,585.6524,485.4317,0.0583,1.7643,0.6029,1487,51.81,200.60658359604275,385.4056,585.7879,485.5968,0.0,1.9619,0.5962,1487,51.81,201.00504443898626,385.0745,586.0795,485.577,0.125,1.0373,0.5843,1487,51.81,202.69316841384372,384.7945,587.7217,486.2581,0.0,1.2784,1.795,1487,51.81,188.1036100607225,397.523,585.6524,491.5877,0.1,5.3607,0.6029,1487,51.81
201.57392705762967,384.7171,586.2299,485.4735,0.1,1.4803,0.7535,1488,51.843333333333334,200.78005255223886,385.5089,586.1433,485.8261,0.0083,1.8994,0.7803,1488,51.843333333333334,200.85378437563196,385.2174,586.0712,485.6443,0.1417,0.9502,0.589,1488,51.843333333333334,202.7103179246671,384.7794,587.7145,486.247,0.0,1.1654,1.8039,1488,51.843333333333334,187.7133179509202,398.5165,586.2299,492.3732,0.1,6.1477,0.7535,1488,51.843333333333334
201.4294302104499,384.8301,586.1189,485.4745,0.1,1.5028,0.6656,1489,51.87666666666667,200.5886311147408,385.4295,585.788,485.6088,0.0083,1.9057,0.6035,1489,51.87666666666667,201.1303224472514,384.9441,586.0744,485.5092,0.1333,1.1598,0.6175,1489,51.87666666666667,202.6687215291303,384.7971,587.6997,486.2484,0.0,1.3146,1.7492,1489,51.87666666666667,188.70072412730212,397.4182,586.1189,491.7686,0.1,5.8537,0.6656,1489,51.87666666666667
201.17302334140166,384.8504,585.6461,485.2483,0.1,1.3612,0.5965,1490,51.91000000000001,200.57580977026424,385.4545,585.7892,485.6218,0.0167,1.8405,0.6065,1490,51.91000000000001,200.98900529917685,385.0866,586.0756,485.5811,0.125,1.066,0.6165,1490,51.91000000000001,202.67329654091287,384.7876,587.6955,486.2416,0.0,1.2718,1.7311,1490,51.91000000000001,187.58194699784806,398.0356,585.6461,491.8409,0.1,5.0833,0.5965,1490,51.91000000000001
201.43390721883947,384.8515,586.2379,485.5447,0.1,1.3574,0.7296,1491,51.943333333333335,200.57165466597607,385.4554,585.7944,485.6249,0.0167,1.8767,0.617,1491,51.943333333333335,200.81983461012834,385.2654,586.0852,485.6753,0.1417,0.9252,0.6674,1491,51.943333333333335,202.67033387220744,384.7895,587.694,486.2418,0.0,1.2251,1.7519,1491,51.943333333333335,188.20339756217908,398.0345,586.2379,492.1362,0.1,5.0864,0.7296,1491,51.943333333333335
201.42579197503207,384.8572,586.2364,485.5468,0.1,1.4043,0.7286,1492,51.97666666666667,200.57009142469465,385.4585,585.7912,485.6249,0.0167,1.9479,0.6287,1492,51.97666666666667,200.8301253195212,385.2588,586.0889,485.6738,0.1417,0.8957,0.6556,1492,51.97666666666667,202.67694882142638,384.783,587.6952,486.2391,0.0,1.2002,1.7604,1492,51.97666666666667,188.1998154617955,398.0365,586.2364,492.1365,0.1,5.1025,0.7286,1492,51.97666666666667
201.42723195466772,384.8555,586.2301,485.5428,0.1,1.3887,0.7126,1493,52.010000000000005,200.5666028135253,385.4581,585.7876,485.6228,0.0167,1.9475,0.5959,1493,52.010000000000005,200.92697679084097,385.1462,586.0732,485.6097,0.1333,0.9955,0.6027,1493,52.010000000000005,202.66951736575862,384.7903,587.6931,486.2417,0.0,1.2419,1.7448,1493,52.010000000000005,188.82660170296518,397.4035,586.2301,491.8168,0.0917,5.854,0.7126,1493,52.010000000000005
200.3387263633502,385.8966,586.2353,486.066,0.1083,1.5609,0.6946,1494,52.04333333333334,200.57232336364558,385.443,585.7925,485.6177,0.0,2.0215,0.5923,1494,52.04333333333334,201.13644139658592,384.9427,586.0791,485.5109,0.1333,1.1932,0.6539,1494,52.04333333333334,202.66666139444618,384.7954,587.696,486.2457,0.0,1.2706,1.7798,1494,52.04333333333334,184.40584056510912,401.8295,586.2353,494.0324,0.1417,3.2827,0.6946,1494,52.04333333333334
200.25161426706754,385.892,586.1436,486.0178,0.1167,1.5871,0.6203,1495,52.07666666666667,200.5786250987596,385.4429,585.8166,485.6298,0.0,2.0025,0.5516,1495,52.07666666666667,201.13485709000548,384.9442,586.0791,485.5117,0.1333,1.196,0.6539,1495,52.07666666666667,202.6649238848376,384.7987,587.696,486.2474,0.0,1.2846,1.7798,1495,52.07666666666667,184.31427900550955,401.8293,586.1436,493.9865,0.15,3.283,0.6203,1495,52.07666666666667
201.46515567283825,384.9304,586.1418,485.5361,0.0583,1.8271,0.7907,1496,52.11333333333334,201.3880089113715,385.3015,586.7459,486.0237,0.0083,2.15,0.9655,1496,52.11333333333334,201.8402201109414,384.9469,586.962,485.9545,0.0917,1.5414,0.8035,1496,52.11333333333334,202.7238529456051,384.9469,587.8895,486.4182,0.0,1.5414,1.6906,1496,52.11333333333334,183.0564757978924,403.0853,586.1418,494.6135,0.1333,2.5127,0.7907,1496,52.11333333333334
201.49557425543355,384.8946,586.1506,485.5226,0.0583,1.2626,0.7732,1497,52.14333333333334,201.43305708506074,385.2589,586.7486,486.0038,0.0083,1.9679,0.9392,1497,52.14333333333334,201.60309557978695,384.9177,586.4518,485.6847,0.1,1.4168,0.5891,1497,52.14333333333334,202.76795031064236,384.9363,587.888,486.4121,0.0,1.4256,1.6927,1497,52.14333333333334,184.0373091382347,402.1133,586.1506,494.1319,0.1167,2.9432,0.7732,1497,52.14333333333334
201.40714492428359,384.9288,586.2015,485.5652,0.0667,1.5434,0.7544,1498,52.17666666666667,201.275450795877,385.294,586.6708,485.9824,0.0083,2.0005,0.9301,1498,52.17666666666667,201.59893284429754,384.919,586.4527,485.6859,0.1,1.4219,0.6004,1498,52.17666666666667,202.76510857801068,384.9383,587.8883,486.4133,0.0,1.4263,1.6928,1498,52.17666666666667,183.17550102058686,403.026,586.2015,494.6138,0.125,2.5361,0.7544,1498,52.17666666666667
201.43775145028698,384.983,586.1499,485.5664,0.0583,1.4281,0.7755,1499,52.21,201.32674733648972,385.3698,586.746,486.0579,0.0083,1.8226,0.9475,1499,52.21,201.58573686624788,384.9201,586.4502,485.6851,0.1,1.2218,0.5891,1499,52.21,202.7514152248633,384.94,587.885,486.4125,0.0,1.3856,1.6804,1499,52.21,183.01491353769813,403.1349,586.1499,494.6424,0.1083,2.6314,0.7755,1499,52.21
201.40905880906558,384.9406,586.2075,485.5741,0.0667,1.4047,0.7427,1500,52.24333333333335,201.2591372167628,385.3201,586.6705,485.9953,0.0083,1.7513,0.9781,1500,52.24333333333335,201.84163176156267,384.952,586.9691,485.9606,0.0917,1.5311,0.7639,1500,52.24333333333335,202.72098356139776,384.952,587.887,486.4195,0.0,1.5311,1.6683,1500,52.24333333333335,183.0842136109156,403.1233,586.2075,494.6654,0.1167,2.6403,0.7427,1500,52.24333333333335
201.36222810491577,385.0394,586.3166,485.678,0.0667,1.7778,0.7237,1501,52.27666666666667,201.1462360622094,385.4218,586.641,486.0314,0.0083,2.0647,0.9417,1501,52.27666666666667,201.84266064631748,384.9487,586.967,485.9579,0.0917,1.5477,0.7335,1501,52.27666666666667,202.72297470214366,384.9487,587.8866,486.4177,0.0,1.5477,1.679,1501,52.27666666666667,183.1875034147483,403.1291,586.3166,494.7229,0.1167,2.6285,0.7237,1501,52.27666666666667
201.4434495208893,384.965,586.1482,485.5566,0.0583,1.7933,0.7945,1502,52.31,201.35459325856576,385.344,586.7494,486.0467,0.0083,2.023,0.9555,1502,52.31,201.84241103590168,384.9516,586.9691,485.9604,0.0917,1.5488,0.7657,1502,52.31,202.72394247990414,384.9516,587.8901,486.4209,0.0,1.5488,1.6914,1502,52.31,183.1290254487102,403.0192,586.1482,494.5837,0.1167,2.5685,0.7945,1502,52.31
201.834698428162,384.5434,586.0737,485.3085,0.1083,1.193,0.7278,1503,52.343333333333334,201.5548959834927,385.2557,586.8376,486.0467,0.0167,1.6299,1.1103,1503,52.343333333333334,201.8334100328623,384.963,586.9618,485.9624,0.1,1.3442,0.8002,1503,52.343333333333334,202.74640450937673,384.9763,587.8834,486.4299,0.0,1.5147,1.715,1503,52.343333333333334,182.47277791614493,403.6009,586.0737,494.8373,0.1417,2.6612,0.7278,1503,52.343333333333334
201.6209717210586,384.7499,586.0734,485.4116,0.0917,1.1895,0.7428,1504,52.37666666666667,201.54105011155175,385.2656,586.8379,486.0517,0.0167,1.643,1.0969,1504,52.37666666666667,201.83397284289998,384.9637,586.9628,485.9632,0.1,1.2802,0.7985,1504,52.37666666666667,202.74680545519655,384.977,587.884,486.4305,0.0,1.4543,1.7154,1504,52.37666666666667,182.47230182539013,403.6011,586.0734,494.8372,0.1833,3.4807,0.7428,1504,52.37666666666667
201.59079983217774,384.7888,586.0704,485.4296,0.1083,1.4001,0.7288,1505,52.41000000000001,201.15180192317695,385.6589,586.8359,486.2474,0.0167,1.7113,1.0984,1505,52.41000000000001,201.81317787205583,384.9888,586.9629,485.9758,0.0917,1.6941,0.7998,1505,52.41000000000001,202.73076352440685,384.9888,587.8839,486.4363,0.0,1.6941,1.7174,1505,52.41000000000001,182.97286640393233,403.0976,586.0704,494.584,0.1417,2.5497,0.7288,1505,52.41000000000001
201.76249684141945,384.6254,586.2506,485.438,0.0583,1.8559,0.7975,1506,52.44666666666667,200.7388718121259,385.3664,586.0287,485.6976,0.0083,2.012,0.6793,1506,52.44666666666667,201.79085791526467,384.7949,586.2527,485.5238,0.0833,1.4812,0.6388,1506,52.44666666666667,202.76338359247828,384.7949,587.6726,486.2337,0.0,1.4812,1.4822,1506,52.44666666666667,191.50530324166868,394.7453,586.2506,490.4979,0.125,4.2298,0.7975,1506,52.44666666666667
201.8115739955445,384.6974,586.5712,485.6343,0.1167,1.9064,0.6723,1507,52.47833333333334,200.82907613346703,385.4296,586.1218,485.7757,0.0167,2.0452,0.7863,1507,52.47833333333334,201.21005541019335,385.0429,586.2529,485.6479,0.125,1.4427,0.6388,1507,52.47833333333334,202.66650561796808,384.853,587.6731,486.263,0.0,1.4435,1.4829,1507,52.47833333333334,191.08358782324157,395.2304,586.314,490.7722,0.1333,4.395,0.7211,1507,52.47833333333334
201.7188550947555,384.5762,586.2318,485.404,0.075,1.7402,0.7366,1508,52.52166666666667,200.91409208909977,385.186,585.9499,485.568,0.0083,1.9782,0.6882,1508,52.52166666666667,201.42680022257917,384.8354,586.2622,485.5488,0.125,1.2366,0.6356,1508,52.52166666666667,202.6488556415793,384.8618,587.6679,486.2648,0.0,1.486,1.4906,1508,52.52166666666667,188.70288874112327,397.5289,586.2318,491.8803,0.075,5.5523,0.7366,1508,52.52166666666667
201.85228430456957,384.4578,586.2322,485.345,0.075,1.6926,0.7499,1509,52.54333333333334,201.02309294583708,385.0678,585.9504,485.5091,0.0083,2.1056,0.6828,1509,52.54333333333334,201.74442675258786,384.8123,586.2569,485.5346,0.0833,1.4616,0.635,1509,52.54333333333334,202.71218464017818,384.8123,587.6665,486.2394,0.0,1.4616,1.492,1509,52.54333333333334,190.94978856862312,395.2824,586.2322,490.7573,0.1083,4.4481,0.7499,1509,52.54333333333334
201.71425442487217,384.4502,585.6728,485.0615,0.1083,1.6786,0.612,1510,52.58166666666667,200.7129362051667,385.3672,585.9297,485.6485,0.0167,1.977,0.6888,1510,52.58166666666667,201.74254056488988,384.8122,586.2571,485.5347,0.0833,1.4599,0.6308,1510,52.58166666666667,202.71304400930404,384.8122,587.6676,486.2399,0.0,1.4599,1.4915,1510,52.58166666666667,182.29788979287957,403.9296,586.2275,495.0785,0.125,2.7427,0.7448,1510,52.58166666666667
201.6527467216291,384.5362,585.6773,485.1067,0.1,1.7912,0.6153,1511,52.61000000000001,201.0524151023573,385.0348,585.9372,485.486,0.025,1.9671,0.6854,1511,52.61000000000001,201.75114934494346,384.8077,586.2582,485.5329,0.0833,1.4945,0.6313,1511,52.61000000000001,202.71743296507987,384.8077,587.6671,486.2374,0.0,1.4945,1.4933,1511,52.61000000000001,192.1753689043945,394.0592,586.2346,490.1469,0.1417,3.9983,0.748,1511,52.61000000000001
201.74084192742987,384.4983,585.7027,485.1005,0.1167,1.7822,0.5596,1512,52.64333333333334,200.76040211760113,385.313,585.9338,485.6234,0.025,1.9784,0.6824,1512,52.64333333333334,201.7419547450319,384.804,586.2422,485.5231,0.0833,1.4969,0.5131,1512,52.64333333333334,202.70886139974772,384.804,587.6493,486.2267,0.0,1.4969,1.5429,1512,52.64333333333334,182.14288177102466,403.92,586.0629,494.9915,0.1167,2.7271,0.6875,1512,52.64333333333334
201.87713720067651,384.3625,585.7168,485.0397,0.1167,1.7579,0.5816,1513,52.68333333333334,200.87084110855906,385.2024,585.9446,485.5735,0.025,1.972,0.6142,1513,52.68333333333334,201.7038675551265,384.7517,586.1747,485.4632,0.0917,1.4847,0.5251,1513,52.68333333333334,202.73942417373087,384.7517,587.6399,486.1958,0.0,1.4847,1.5233,1513,52.68333333333334,181.86872955384234,404.2704,586.1391,495.2047,0.15,2.2465,0.6236,1513,52.68333333333334
201.89106111282933,384.36,585.7171,485.0385,0.1083,1.7739,0.5976,1514,52.71,201.0325741697081,385.0367,585.9457,485.4912,0.025,1.8334,0.6605,1514,52.71,201.72001691463205,384.7157,586.1763,485.446,0.0917,1.5245,0.5214,1514,52.71,202.73886276311072,384.7157,587.6078,486.1618,0.0,1.5245,1.4925,1514,52.71,181.84727986177325,404.2882,586.1355,495.2118,0.15,2.176,0.6157,1514,52.71
201.78939382234515,384.4614,585.7177,485.0895,0.1083,1.8086,0.5728,1515,52.74333333333335,200.9473935790689,385.1147,585.9452,485.53,0.025,1.9691,0.6581,1515,52.74333333333335,201.7175739801383,384.7161,586.1754,485.4458,0.0917,1.5259,0.5444,1515,52.74333333333335,202.73927384709998,384.7161,587.6084,486.1623,0.0,1.5259,1.4953,1515,52.74333333333335,191.31198677767426,394.9814,586.2934,490.6374,0.1583,4.6744,0.6586,1515,52.74333333333335
201.78422693735044,384.3281,585.9328,485.1305,0.0917,0.9839,0.8664,1516,52.788333333333334,201.16181209045396,385.1071,586.1974,485.6523,0.0083,1.3082,0.8715,1516,52.788333333333334,201.52833328364946,384.7111,586.1546,485.4328,0.0917,1.8696,0.6143,1516,52.788333333333334,202.68240283024315,384.7111,587.6174,486.1643,0.0,1.8696,1.5942,1516,52.788333333333334,187.72359965500195,398.2092,585.9328,492.071,0.0667,6.1428,0.8664,1516,52.788333333333334
201.71182622909564,384.5095,585.857,485.1833,0.0417,1.3853,0.8327,1517,52.81,201.39370824597103,384.8736,586.1496,485.5116,0.0167,1.4517,0.8512,1517,52.81,201.933343143616,384.7123,586.8461,485.7792,0.0833,1.8693,0.6283,1517,52.81,202.74019838388787,384.7123,587.691,486.2016,0.0,1.8693,1.6624,1517,52.81,183.49516920192607,402.3618,585.857,494.1094,0.0833,3.583,0.8327,1517,52.81
201.71561571737624,384.5091,585.8604,485.1847,0.0417,1.3921,0.8302,1518,52.843333333333334,201.39639158617192,384.8727,586.1528,485.5128,0.0167,1.4531,0.8635,1518,52.843333333333334,201.93270703477276,384.7126,586.8452,485.7789,0.0833,1.8693,0.6402,1518,52.843333333333334,202.73972860597652,384.7126,587.6903,486.2015,0.0,1.8693,1.6647,1518,52.843333333333334,183.49448228952167,402.3659,585.8604,494.1131,0.0833,3.5741,0.8302,1518,52.843333333333334
201.53491143941122,384.606,585.9141,485.26,0.0917,1.3968,0.8007,1519,52.888333333333335,201.0661912598331,385.2002,586.1499,485.6751,0.0083,1.6501,0.8695,1519,52.888333333333335,201.74095452351924,384.7238,586.3609,485.5423,0.0833,1.8394,0.6362,1519,52.888333333333335,202.7432051220346,384.7238,587.6997,486.2117,0.0,1.8394,1.6432,1519,52.888333333333335,183.54078742172106,402.3733,585.9141,494.1437,0.1083,3.6377,0.8007,1519,52.888333333333335
201.39548422684445,384.5215,585.7571,485.1393,0.0667,1.4956,0.8256,1520,52.91000000000001,201.1498102625898,385.2271,586.4007,485.8139,0.0083,1.6008,0.929,1520,52.91000000000001,201.9149136742006,384.7078,586.7976,485.7527,0.075,1.8661,0.682,1520,52.91000000000001,202.75409094798684,384.7078,587.7017,486.2048,0.0,1.8661,1.6679,1520,52.91000000000001,183.3554465100886,402.4016,585.7571,494.0793,0.0917,3.7224,0.8256,1520,52.91000000000001
201.4441108918559,384.6484,585.7426,485.1955,0.075,1.4456,0.754,1521,52.943333333333335,201.14883128569014,385.234,586.3849,485.8095,0.0083,1.5321,0.8993,1521,52.943333333333335,201.94693815441195,384.7091,586.8632,485.7862,0.0833,1.8662,0.6953,1521,52.943333333333335,202.7559952969464,384.7091,587.6928,486.201,0.0,1.8662,1.7024,1521,52.943333333333335,183.35067223125253,402.392,585.7426,494.0673,0.0917,3.6876,0.754,1521,52.943333333333335
201.39955213905597,384.671,585.8308,485.2509,0.0417,1.6373,0.8305,1522,52.98833333333334,200.900532054133,385.3746,586.1239,485.7493,0.0083,1.9437,0.8859,1522,52.98833333333334,201.9305943135222,384.7277,586.8681,485.7979,0.0833,1.8637,0.7003,1522,52.98833333333334,202.74024976835994,384.7277,587.6937,486.2107,0.0,1.8637,1.6895,1522,52.98833333333334,183.4365828935917,402.3943,585.8308,494.1125,0.0833,3.6741,0.8305,1522,52.98833333333334
201.4067213480088,384.6673,585.834,485.2506,0.0417,1.6567,0.8409,1523,53.02166666666667,200.90752688025174,385.37,586.127,485.7485,0.0083,1.9443,0.8831,1523,53.02166666666667,201.90699171584475,384.7453,586.8612,485.8033,0.0833,1.8641,0.6927,1523,53.02166666666667,202.71422185368456,384.7453,587.6854,486.2153,0.0,1.8641,1.7071,1523,53.02166666666667,183.43600893478768,402.398,585.834,494.116,0.0833,3.6841,0.8409,1523,53.02166666666667
201.39889799630419,384.6764,585.8261,485.2513,0.0417,1.6523,0.8159,1524,53.04333333333334,200.89485883090435,385.375,586.1194,485.7472,0.0083,1.9439,0.9032,1524,53.04333333333334,201.90899381681754,384.7493,586.8679,485.8086,0.0833,1.8639,0.6997,1524,53.04333333333334,202.71792737301894,384.7493,587.6927,486.221,0.0,1.8639,1.6905,1524,53.04333333333334,183.43293186471024,402.3932,585.8261,494.1096,0.0833,3.6724,0.8159,1524,53.04333333333334
201.36964746357617,384.6255,585.7379,485.1817,0.0583,1.5894,0.7417,1525,53.07666666666667,200.92281653989224,385.4865,586.3848,485.9356,0.0083,1.9602,0.9144,1525,53.07666666666667,201.90595610254036,384.751,586.8637,485.8073,0.0833,1.8635,0.7002,1525,53.07666666666667,202.71618535573097,384.751,587.6904,486.2207,0.0,1.8635,1.6944,1525,53.07666666666667,183.226998278378,402.5109,585.7379,494.1244,0.0833,3.8095,0.7417,1525,53.07666666666667
201.5573290771815,384.6871,586.2009,485.444,0.0833,1.6997,0.645,1526,53.11333333333334,200.7175102800363,385.5926,586.1839,485.8882,0.0,1.6947,0.7553,1526,53.11333333333334,201.37367501175865,384.7394,586.0016,485.3705,0.1167,1.6488,0.5496,1526,53.11333333333334,202.6581673173144,385.0023,587.7348,486.3686,0.0,1.8508,1.6115,1526,53.11333333333334,188.0235309196588,398.1774,586.2009,492.1892,0.1083,5.4278,0.645,1526,53.11333333333334
201.55223529618686,384.6791,586.1131,485.3961,0.0667,1.6921,0.687,1527,53.14333333333334,200.7271588011832,385.5863,586.1848,485.8855,0.0,1.6935,0.7605,1527,53.14333333333334,201.37252546546694,384.7363,586.0013,485.3688,0.1167,1.6651,0.5502,1527,53.14333333333334,202.65928710944996,385.0,587.7344,486.3672,0.0,1.8462,1.6181,1527,53.14333333333334,187.8203725718032,398.2927,586.1131,492.2029,0.1,4.9731,0.687,1527,53.14333333333334
201.56358326662715,384.6595,586.2013,485.4304,0.075,1.6555,0.6385,1528,53.17666666666667,200.96596903429122,385.4282,586.183,485.8056,0.0,1.6149,0.773,1528,53.17666666666667,201.13986926747947,384.8178,585.9704,485.3941,0.1083,1.7609,0.5868,1528,53.17666666666667,202.6772086485868,384.8024,587.687,486.2447,0.0,1.6793,1.5773,1528,53.17666666666667,187.25160949916364,398.9497,586.2013,492.5755,0.125,4.2905,0.6385,1528,53.17666666666667
201.35061761503053,384.8917,586.1915,485.5416,0.0667,1.6826,0.626,1529,53.21,200.89269934823116,385.5038,586.175,485.8394,0.0,1.7625,0.7676,1529,53.21,201.12907693344565,384.821,585.9711,485.396,0.1083,1.8129,0.5827,1529,53.21,202.66716344544938,384.8062,587.686,486.2461,0.0,1.7669,1.5792,1529,53.21,187.1453855730389,399.0461,586.1915,492.6188,0.125,4.5356,0.626,1529,53.21
201.21906762690136,384.7305,585.6088,485.1697,0.0833,1.6092,0.5693,1530,53.24333333333335,200.84794629645415,385.3957,586.0727,485.7342,0.0083,1.916,0.7606,1530,53.24333333333335,201.05933446860067,385.3234,586.1141,485.7188,0.125,1.5905,0.6081,1530,53.24333333333335,202.60775548919264,384.8295,587.6843,486.2569,0.0,1.5811,1.5889,1530,53.24333333333335,186.02217115059233,399.5245,585.6088,492.5667,0.1083,5.1461,0.5693,1530,53.24333333333335
201.28834972573122,384.8426,585.9522,485.3974,0.0917,1.609,0.5945,1531,53.27666666666667,200.74285271588144,385.4834,586.072,485.7777,0.0083,1.9548,0.7335,1531,53.27666666666667,201.07511569921326,384.9344,586.0292,485.4818,0.125,1.508,0.6118,1531,53.27666666666667,202.5468473898805,384.925,587.6865,486.3057,0.0,1.5809,1.564,1531,53.27666666666667,186.6523979723295,399.2998,585.9522,492.626,0.1167,4.8919,0.5945,1531,53.27666666666667
201.1157159683572,385.0727,586.0657,485.5692,0.075,1.9515,0.615,1532,53.31,200.72693257433934,385.5613,586.1983,485.8798,0.0083,2.1937,0.7299,1532,53.31,201.13168819422958,384.9369,585.9769,485.4569,0.1,1.5488,0.6533,1532,53.31,202.55353496001337,384.9369,587.7014,486.3192,0.0,1.5488,1.5798,1532,53.31,185.11173122192716,400.9539,586.0657,493.5098,0.1167,4.2952,0.615,1532,53.31
201.2604632011509,384.9248,586.1041,485.5145,0.0833,1.7965,0.6367,1533,53.343333333333334,200.73172691535504,385.5792,586.2379,485.9085,0.0083,1.819,0.7684,1533,53.343333333333334,201.09618389534168,384.9626,585.9955,485.479,0.1,1.5531,0.6579,1533,53.343333333333334,202.51943030076492,384.9626,587.7243,486.3434,0.0,1.5531,1.6613,1533,53.343333333333334,185.7738334646986,400.3303,586.1041,493.2172,0.1083,5.0398,0.6367,1533,53.343333333333334
201.2346959742704,384.9539,586.1725,485.5632,0.1,2.0899,0.6565,1534,53.37666666666667,200.70369283404895,385.6054,586.2272,485.9163,0.0083,2.1843,0.7946,1534,53.37666666666667,200.84265625443638,385.1227,586.006,485.5644,0.1167,1.3635,0.656,1534,53.37666666666667,202.49227067714682,385.0012,587.7253,486.3633,0.0,1.4845,1.6442,1534,53.37666666666667,186.42772509077884,399.7448,586.1725,492.9586,0.125,5.7782,0.6565,1534,53.37666666666667
200.7533780384697,385.4484,586.1725,485.8104,0.075,1.8354,0.6555,1535,53.41000000000001,200.41330852312186,385.8925,586.2271,486.0598,0.0,2.0152,0.7906,1535,53.41000000000001,200.60906264855964,385.3563,586.006,485.6812,0.1333,1.231,0.656,1535,53.41000000000001,202.43294801807718,385.0623,587.7253,486.3938,0.0,1.4862,1.6442,1535,53.41000000000001,184.68240186605735,401.4901,586.1725,493.8313,0.1333,4.4585,0.6555,1535,53.41000000000001
201.5922888759086,384.6085,585.9652,485.2869,0.0833,1.7828,0.6837,1536,53.44666666666667,200.98199154113112,385.3131,586.2482,485.7807,0.025,1.8045,0.7488,1536,53.44666666666667,201.59698262018742,384.8935,586.4525,485.673,0.075,1.4071,0.6102,1536,53.44666666666667,202.59354618400795,384.8935,587.7261,486.3098,0.0,1.4071,1.7024,1536,53.44666666666667,182.67129209601768,403.2939,585.9652,494.6296,0.1417,3.049,0.6837,1536,53.44666666666667
201.41136183229202,384.8052,585.9641,485.3847,0.075,1.7166,0.6804,1537,53.47666666666667,200.815371981342,385.4798,586.2471,485.8634,0.0167,1.9092,0.7433,1537,53.47666666666667,201.58281747703774,384.8956,586.4502,485.6729,0.075,1.3863,0.6231,1537,53.47666666666667,202.58808880499208,384.8956,587.725,486.3103,0.0,1.3863,1.7158,1537,53.47666666666667,182.979961695366,402.9842,585.9641,494.4742,0.1333,3.7096,0.6804,1537,53.47666666666667
201.34186326447966,384.8246,586.0079,485.4163,0.0833,2.1881,0.6268,1538,53.52166666666667,200.82523625326678,385.4619,586.2342,485.8481,0.0083,2.2654,0.7593,1538,53.52166666666667,201.6124954817801,384.8981,586.4538,485.676,0.075,1.4281,0.6015,1538,53.52166666666667,202.60316870893337,384.8981,587.7268,486.3125,0.0,1.4281,1.671,1538,53.52166666666667,182.8958238517073,403.1121,586.0079,494.56,0.1333,3.2313,0.6268,1538,53.52166666666667
201.24395163219836,384.9845,585.9634,485.474,0.0667,1.9079,0.6608,1539,53.54333333333334,200.81810048875704,385.4822,586.247,485.8646,0.0167,2.3325,0.7454,1539,53.54333333333334,201.6435779522649,384.8996,586.4668,485.6832,0.075,1.3456,0.6071,1539,53.54333333333334,202.61327466914184,384.8996,587.73,486.3148,0.0,1.3456,1.7233,1539,53.54333333333334,182.83283230812546,403.1305,585.9634,494.547,0.1083,3.359,0.6608,1539,53.54333333333334
201.3898958959563,384.8131,585.9591,485.3861,0.075,1.986,0.6846,1540,53.57666666666667,200.8142747873522,385.4861,586.2431,485.8646,0.0167,2.229,0.6967,1540,53.57666666666667,201.6237556557961,384.9058,586.4696,485.6877,0.075,1.2839,0.6127,1540,53.57666666666667,202.5988481144617,384.9058,587.7307,486.3183,0.0,1.2839,1.7109,1540,53.57666666666667,182.48090437117503,403.4782,585.9591,494.7187,0.0917,3.0488,0.6846,1540,53.57666666666667
201.3407584977264,384.8206,585.7206,485.2706,0.0833,1.9825,0.6905,1541,53.61000000000001,200.79844170047096,385.4955,586.2456,485.8706,0.025,2.3028,0.7045,1541,53.61000000000001,201.6960938552831,384.9037,586.7428,485.8233,0.0917,1.2774,0.6959,1541,53.61000000000001,202.60462187651723,384.9037,587.7318,486.3178,0.0,1.2774,1.713,1541,53.61000000000001,182.35381896254987,403.6051,585.9589,494.782,0.0917,2.7824,0.6801,1541,53.61000000000001
201.4300808433043,384.7592,585.9597,485.3595,0.075,1.874,0.7016,1542,53.64333333333334,200.86793931615532,385.4291,586.2434,485.8363,0.0167,2.0872,0.717,1542,53.64333333333334,201.41627662899563,384.9049,586.2635,485.5842,0.0917,1.2806,0.589,1542,53.64333333333334,202.59589111960338,384.9049,587.7272,486.316,0.0,1.2806,1.7067,1542,53.64333333333334,182.46479304469977,403.4949,585.9597,494.7273,0.1,2.6668,0.7016,1542,53.64333333333334
201.4016198593797,384.8016,585.9622,485.3819,0.075,1.9396,0.687,1543,53.67666666666667,200.82571756417465,385.4781,586.2464,485.8623,0.0167,2.173,0.755,1543,53.67666666666667,201.62233501347788,384.916,586.4587,485.6874,0.075,1.2728,0.6212,1543,53.67666666666667,202.5936272603832,384.916,587.7275,486.3218,0.0,1.2728,1.7087,1543,53.67666666666667,182.960133781296,403.0021,585.9622,494.4822,0.1417,3.5355,0.687,1543,53.67666666666667
201.2883356794402,384.8261,585.6699,485.248,0.0917,2.0014,0.6547,1544,53.71,200.69228559379073,385.5021,586.0889,485.7955,0.025,2.1985,0.7148,1544,53.71,201.62401225721374,384.9163,586.4625,485.6894,0.075,1.2767,0.6173,1544,53.71,202.59431708191067,384.9163,587.7295,486.3229,0.0,1.2767,1.7091,1544,53.71,182.05750783375368,403.8607,585.9182,494.8894,0.1,2.4035,0.6566,1544,53.71
201.35831686751436,384.8157,585.6713,485.2435,0.0917,2.0123,0.6543,1545,53.74333333333335,200.7025250646851,385.4831,586.0901,485.7866,0.025,2.0618,0.7127,1545,53.74333333333335,201.58288263429174,384.9322,586.4628,485.6975,0.0833,1.3317,0.6167,1545,53.74333333333335,202.55805820824614,384.9513,587.73,486.3407,0.0,1.4308,1.7089,1545,53.74333333333335,182.06708652058575,403.8523,585.9194,494.8859,0.1,2.4128,0.6481,1545,53.74333333333335
201.72925365507245,384.5125,585.8507,485.1816,0.1083,0.9249,0.7572,1546,53.78166666666667,201.1105013472138,385.1799,585.9594,485.5696,0.0167,1.3605,0.7182,1546,53.78166666666667,201.90121247561132,385.036,587.099,486.0675,0.0833,1.1836,0.8483,1546,53.78166666666667,202.90746121996415,384.8921,588.0236,486.4578,0.0083,1.2819,1.7858,1546,53.78166666666667,184.65906133691414,401.3687,586.0278,493.6983,0.1,3.7585,0.7055,1546,53.78166666666667
201.60615330715297,384.6261,585.8581,485.2421,0.1,0.9269,0.7517,1547,53.81,201.09645315552888,385.1996,585.9653,485.5824,0.0167,1.3512,0.743,1547,53.81,201.90572611433834,385.0398,587.1085,486.0742,0.0833,1.2046,0.8431,1547,53.81,202.9168224900505,384.8961,588.0306,486.4634,0.0083,1.2671,1.7515,1547,53.81,184.67611491688234,401.3584,586.0345,493.6964,0.1,3.6585,0.7036,1547,53.81
201.53483328911582,384.8605,585.8342,485.3473,0.0667,1.1848,0.82,1548,53.843333333333334,200.96924635365525,385.3362,585.9435,485.6398,0.0167,1.6144,0.822,1548,53.843333333333334,202.00079648832295,385.0613,587.2316,486.1464,0.0833,1.2296,0.9475,1548,53.843333333333334,202.97989044334807,384.9152,588.1255,486.5204,0.0083,1.1685,1.7534,1548,53.843333333333334,184.6558060266781,401.3713,586.0271,493.6992,0.1167,3.7014,0.7295,1548,53.843333333333334
201.29131706225883,384.9119,585.7405,485.3262,0.1,0.9737,0.6804,1549,53.87666666666667,200.88715275923474,385.2692,585.7425,485.5058,0.0167,1.5217,0.6676,1549,53.87666666666667,201.90072563561932,385.0624,587.1172,486.0898,0.0833,1.1909,0.8829,1549,53.87666666666667,202.8955815727751,384.918,588.0297,486.4738,0.0083,1.1443,1.7466,1549,53.87666666666667,184.65639575663835,401.2768,585.9332,493.605,0.1083,3.7024,0.6212,1549,53.87666666666667
201.3746417058608,384.9053,585.7342,485.3198,0.0667,1.0142,0.6639,1550,53.91166666666667,200.83715799284923,385.2751,585.7399,485.5075,0.0167,1.4974,0.6427,1550,53.91166666666667,201.90523003772978,385.0633,587.097,486.0801,0.075,1.1983,0.7932,1550,53.91166666666667,202.84765952040755,384.9202,587.988,486.4541,0.0083,1.1625,1.7904,1550,53.91166666666667,184.7676694811833,401.2416,586.0093,493.6255,0.125,3.7817,0.5776,1550,53.91166666666667
201.38174524184655,384.9045,585.7314,485.3179,0.0667,0.9964,0.6702,1551,53.943333333333335,200.83757570322112,385.2781,585.7373,485.5077,0.0167,1.5567,0.6421,1551,53.943333333333335,201.85964418917223,385.0583,587.0276,486.043,0.075,1.2081,0.8373,1551,53.943333333333335,202.80820220659427,384.9171,587.9265,486.4218,0.0083,1.1639,1.7725,1551,53.943333333333335,183.15078708822978,402.7736,585.9244,494.349,0.15,3.607,0.5645,1551,53.943333333333335
201.44111790486636,384.7884,585.7316,485.26,0.0833,0.9457,0.6706,1552,53.976666666666674,200.8446435058606,385.2739,585.7375,485.5057,0.0167,1.6167,0.6354,1552,53.976666666666674,201.86414908490733,385.0558,587.0297,486.0428,0.075,1.2103,0.8451,1552,53.976666666666674,202.81268330042496,384.9151,587.9274,486.4212,0.0083,1.1668,1.7721,1552,53.976666666666674,183.2327720107836,402.7728,586.0056,494.3892,0.1333,3.5809,0.5833,1552,53.976666666666674
201.76843535688937,384.7629,586.4441,485.6035,0.1333,0.9019,0.7072,1553,54.015,200.96500726776367,385.3273,586.3039,485.8156,0.025,1.6321,0.7197,1553,54.015,202.34511769592666,385.1847,587.6913,486.438,0.0833,1.0671,1.0052,1553,54.015,203.26686674155428,385.0446,588.5366,486.7906,0.0083,1.0572,1.8249,1553,54.015,184.88660819317795,401.234,586.3301,493.7821,0.1,3.6127,0.6829,1553,54.015
200.99869669407903,386.7372,587.5637,487.1505,0.0833,2.4034,0.6998,1554,54.04333333333334,200.6936342906762,386.7372,587.4418,487.0895,0.0167,2.4034,1.1706,1554,54.04333333333334,201.81062992636961,386.3101,588.1207,487.2154,0.1333,1.4616,0.7263,1554,54.04333333333334,203.1631927051016,386.3316,589.5472,487.9394,0.0,1.826,1.7191,1554,54.04333333333334,189.08603229720725,398.2774,587.4693,492.8734,0.0833,10.1929,0.6963,1554,54.04333333333334
200.93704686643866,387.2983,587.9715,487.6349,0.0667,2.3704,0.7679,1555,54.07333333333334,200.57575068175873,387.4595,588.0371,487.7483,0.0083,2.3964,1.1833,1555,54.07333333333334,202.72335225247178,386.8536,589.7223,488.2879,0.0583,1.8434,1.1608,1555,54.07333333333334,203.49248829073372,386.8536,590.4611,488.6574,0.0,1.8434,1.9858,1555,54.07333333333334,190.01405321769644,397.954,587.9715,492.9628,0.1083,12.7271,0.7679,1555,54.07333333333334
201.0580129569367,387.9912,588.9983,488.4947,0.0583,2.8469,1.0109,1556,54.120000000000005,201.561681024979,387.8964,589.4792,488.6878,0.0,2.9038,1.3405,1556,54.120000000000005,203.08505186549797,387.5803,590.808,489.1941,0.0833,1.5785,1.6696,1556,54.120000000000005,203.46406364343892,387.3005,590.8828,489.0916,0.0,1.5675,1.9103,1556,54.120000000000005,191.5684833864384,397.4298,588.9983,493.214,0.1167,11.1377,1.0109,1556,54.120000000000005
200.86184078579083,388.7944,589.5646,489.1795,0.0333,3.1123,1.0136,1557,54.14333333333334,201.03038702547454,388.7749,589.896,489.3355,0.0,3.1089,1.0561,1557,54.14333333333334,202.2079573496958,388.1489,590.5601,489.3545,0.1167,1.0814,0.8782,1557,54.14333333333334,203.4346843876412,387.9841,591.5959,489.79,0.0,1.2914,1.6936,1557,54.14333333333334,192.77257271131157,396.7921,589.5646,493.1783,0.1167,12.0036,1.0136,1557,54.14333333333334
200.64548272758032,389.2441,589.7975,489.5208,0.1,2.4639,0.8638,1558,54.17666666666667,201.45097823002723,389.4788,590.9778,490.2283,0.0,3.2378,1.6235,1558,54.17666666666667,201.9389929734803,388.8958,591.0311,489.9634,0.1083,1.0915,0.9214,1558,54.17666666666667,203.0617829298264,388.7962,591.9667,490.3814,0.0,1.1521,1.9148,1558,54.17666666666667,199.2495349594044,391.0497,589.7975,490.4236,0.2,2.2531,0.8638,1558,54.17666666666667
200.87532070814368,389.3613,590.0304,489.6958,0.0667,2.1955,0.7097,1559,54.22166666666667,201.27238550699363,389.4622,590.8018,490.132,0.0,2.4853,1.2409,1559,54.22166666666667,202.40853973808157,388.9791,591.4403,490.2097,0.0833,1.284,0.9549,1559,54.22166666666667,203.12529988383815,389.0312,592.2989,490.665,0.0,1.3542,1.8401,1559,54.22166666666667,200.6302233890588,389.8163,590.0304,489.9233,0.2167,5.147,0.7097,1559,54.22166666666667
201.42000027892453,389.1464,590.2216,489.684,0.05,2.1208,0.7371,1560,54.24333333333335,201.22610519093843,389.4516,590.6776,490.0646,0.0,2.3691,1.0944,1560,54.24333333333335,202.1464688054977,389.1315,591.3016,490.2166,0.1,1.3046,0.6914,1560,54.24333333333335,202.90772803948133,389.3623,592.3736,490.8679,0.0,1.5517,1.7963,1560,54.24333333333335,199.8443578733793,390.6446,590.2216,490.4331,0.1667,3.6791,0.7371,1560,54.24333333333335
201.31555373982073,389.1971,590.2142,489.7057,0.075,1.9004,0.7293,1561,54.27666666666667,201.0784101683955,389.4592,590.5992,490.0292,0.0,2.123,0.9652,1561,54.27666666666667,202.29554720435272,389.1277,591.445,490.2864,0.1,1.1947,0.8003,1561,54.27666666666667,202.90081944539912,389.4218,592.4378,490.9298,0.0,1.434,1.8948,1561,54.27666666666667,201.28724492984048,389.0955,590.2142,489.6549,0.2,2.0155,0.7293,1561,54.27666666666667
201.25862559757473,389.3398,590.2798,489.8098,0.0667,2.0476,0.7919,1562,54.32166666666667,200.9544844625423,389.6283,590.6371,490.1327,0.0,2.2597,0.9819,1562,54.32166666666667,202.3540245315482,389.096,591.564,490.33,0.0833,1.3144,0.9736,1562,54.32166666666667,202.8998947357393,389.4193,592.4358,490.9275,0.0,1.5348,1.8424,1562,54.32166666666667,201.13080389534832,389.2552,590.2798,489.7675,0.2,1.7963,0.7919,1562,54.32166666666667
201.0633253032089,389.3607,590.1213,489.741,0.075,1.7531,0.7019,1563,54.343333333333334,200.90585288328734,389.5291,590.5545,490.0418,0.0,2.1407,0.9522,1563,54.343333333333334,202.1431206852261,389.0935,591.2929,490.1932,0.0833,1.5482,0.9193,1563,54.343333333333334,202.77232639541575,389.4183,592.2721,490.8452,0.0,1.5324,1.9173,1563,54.343333333333334,201.01711248974001,389.2449,590.1213,489.6831,0.2,1.8688,0.7019,1563,54.343333333333334
200.8473618486776,388.8643,589.7958,489.3301,0.0917,1.3754,0.4651,1564,54.37666666666667,201.24903708796782,388.7738,590.0831,489.4284,0.0,1.8625,1.0105,1564,54.37666666666667,201.2962969647669,388.5703,589.8666,489.2185,0.1,1.3292,0.5998,1564,54.37666666666667,202.50957623064048,388.8778,591.4987,490.1882,0.0,1.349,1.9153,1564,54.37666666666667,196.31733376420914,393.4785,589.7958,491.6372,0.1833,6.0351,0.4651,1564,54.37666666666667
201.2048269470969,387.975,589.2622,488.6186,0.075,1.8439,0.7323,1565,54.42166666666667,201.2750298133296,388.0002,589.3516,488.6759,0.0,1.897,0.8263,1565,54.42166666666667,201.7450294157946,387.8263,589.6623,488.7443,0.0917,1.1563,0.6538,1565,54.42166666666667,202.7756163089458,387.7485,590.7356,489.242,0.0,1.2254,1.6509,1565,54.42166666666667,193.9284979730384,395.3337,589.2622,492.298,0.1083,13.1201,0.7323,1565,54.42166666666667
201.17117157035705,387.5202,588.5884,488.0543,0.125,1.4174,0.664,1566,54.44666666666667,202.1856223275239,387.4321,589.6178,488.5249,0.0,1.7821,1.4897,1566,54.44666666666667,201.48127107909963,387.4524,588.9336,488.193,0.1083,1.1703,0.7532,1566,54.44666666666667,202.8604225324745,387.3591,590.4067,488.8829,0.0,1.3866,1.7021,1566,54.44666666666667,192.9839664398312,395.6044,588.5884,492.0964,0.1083,12.6663,0.664,1566,54.44666666666667
201.6471520399149,386.9494,588.2693,487.6093,0.0583,2.0474,0.569,1567,54.476666666666674,201.8764445364137,387.1582,589.0406,488.0994,0.0,2.265,1.0736,1567,54.476666666666674,202.0353981622967,387.0352,589.0741,488.0546,0.0583,1.4292,0.6454,1567,54.476666666666674,202.9269465255532,387.0352,590.1321,488.5836,0.0,1.4292,1.7364,1567,54.476666666666674,193.31415658611076,394.9552,588.2693,491.6122,0.0917,15.1308,0.569,1567,54.476666666666674
201.643193471516,386.4213,587.8667,487.144,0.05,1.7342,0.6389,1568,54.52166666666667,201.44914004864043,386.7526,588.2488,487.5007,0.0,2.4361,0.9035,1568,54.52166666666667,201.483240988561,386.6124,588.0832,487.3478,0.1167,1.154,0.8171,1568,54.52166666666667,202.8199582479069,386.6071,589.5586,488.0829,0.0,1.19,1.6288,1568,54.52166666666667,192.4570791828665,395.4096,587.8667,491.6381,0.1083,12.9174,0.6389,1568,54.52166666666667
202.01742084837932,385.8684,587.709,486.7887,0.075,1.4497,0.7964,1569,54.54333333333334,201.43682940025556,386.1267,587.5336,486.8302,0.0,1.7044,0.8487,1569,54.54333333333334,201.80896109209772,386.2616,587.8232,487.0424,0.0833,1.45,0.671,1569,54.54333333333334,202.88246043655295,386.2616,589.29,487.7758,0.0,1.45,1.6664,1569,54.54333333333334,191.64976745847386,396.0593,587.709,491.8841,0.075,11.5141,0.7964,1569,54.54333333333334
202.0906671895522,385.5821,587.4977,486.5399,0.0583,1.565,0.8344,1570,54.57666666666667,201.73955924427653,385.9698,587.7387,486.8543,0.0,1.6736,1.06,1570,54.57666666666667,201.64116999334996,386.0285,587.5521,486.7903,0.0917,1.2945,0.7157,1570,54.57666666666667,202.815240414532,386.008,588.9983,487.5032,0.0,1.2981,1.6972,1570,54.57666666666667,191.7117636576115,395.7859,587.4977,491.6418,0.05,10.4401,0.8344,1570,54.57666666666667
202.06758718581457,385.2418,587.1964,486.2191,0.0583,1.3321,0.7727,1571,54.61000000000001,201.9740206855425,385.5874,587.6062,486.5968,0.0,1.497,1.0515,1571,54.61000000000001,201.6768523955391,385.7121,587.389,486.5506,0.125,1.0518,0.9558,1571,54.61000000000001,202.88540841061226,385.7087,588.8129,487.2608,0.0,1.2976,1.9314,1571,54.61000000000001,191.1612626737365,396.0352,587.1964,491.6158,0.1083,9.8988,0.7727,1571,54.61000000000001
202.0548922861605,385.114,586.9529,486.0334,0.05,1.5559,0.6515,1572,54.64333333333334,201.63580100458788,385.4114,586.982,486.1967,0.0,1.6332,0.7228,1572,54.64333333333334,201.87888036662608,385.5842,587.1911,486.3876,0.0833,1.3936,0.7724,1572,54.64333333333334,202.795095305625,385.5991,588.5445,487.0718,0.0,1.4589,1.8435,1572,54.64333333333334,191.2433420894516,395.7096,586.9529,491.3312,0.0417,9.177,0.6515,1572,54.64333333333334
201.6775848417595,385.0902,586.724,485.9071,0.0333,1.4092,0.805,1573,54.67666666666667,201.83003147814665,385.0902,586.7978,485.944,0.0,1.4092,0.8869,1573,54.67666666666667,201.87318727567256,385.3176,587.0031,486.1604,0.0833,1.373,0.7952,1573,54.67666666666667,202.79626877348028,385.3355,588.3123,486.8239,0.0,1.4356,1.5624,1573,54.67666666666667,192.587964814451,394.136,586.724,490.43,0.0667,11.2602,0.805,1573,54.67666666666667
201.920250290161,384.6983,586.458,485.5781,0.05,1.2399,0.7935,1574,54.71,201.5733445916516,384.8977,586.3758,485.6367,0.0,1.4118,0.841,1574,54.71,201.89028199086727,385.0885,586.9788,486.0337,0.1,1.1049,0.8045,1574,54.71,202.73946259306496,385.0475,587.9526,486.5001,0.0,1.21,1.5273,1574,54.71,190.3455007294664,396.1125,586.458,491.2852,0.0833,7.4023,0.7935,1574,54.71
201.7504588548886,384.5558,585.8389,485.1974,0.075,1.7182,0.7352,1575,54.74333333333335,201.7290587601024,384.7312,586.3854,485.5583,0.0083,1.6265,0.8751,1575,54.74333333333335,201.9150251116148,384.9079,586.8229,485.8654,0.1083,1.1092,0.7723,1575,54.74333333333335,202.73047978246646,384.9528,587.8611,486.4069,0.0,1.4238,1.4475,1575,54.74333333333335,191.19245343179222,394.6264,585.8389,490.2327,0.0833,8.8845,0.7352,1575,54.74333333333335
201.66444327931117,384.7628,586.214,485.4884,0.05,1.5842,0.8176,1576,54.78,201.47217622548774,385.0882,586.6405,485.8644,0.0083,1.7021,0.9819,1576,54.78,201.7205982900969,384.9798,586.4214,485.7006,0.0833,1.4248,0.5807,1576,54.78,202.71471556774316,384.9798,587.841,486.4104,0.0,1.4248,1.4799,1576,54.78,188.29568199902124,397.9184,586.214,492.0662,0.075,6.4969,0.8176,1576,54.78
201.5782529179426,384.6967,586.2158,485.4563,0.0667,1.9597,0.9591,1577,54.81,201.23836976186894,385.0188,586.2688,485.6438,0.0083,1.8281,1.0452,1577,54.81,201.46375684552183,385.0827,586.3679,485.7253,0.1083,1.4316,0.6774,1577,54.81,202.82582529221105,384.8486,587.7331,486.2908,0.0,1.3125,1.4091,1577,54.81,190.1049613238702,396.1108,586.2158,491.1633,0.1,5.2011,0.9591,1577,54.81
201.84799393198588,384.4212,586.0279,485.2245,0.05,1.9967,0.7572,1578,54.843333333333334,201.2701941276216,384.8812,586.1791,485.5301,0.0083,1.9399,0.8567,1578,54.843333333333334,201.99848638595273,384.5828,586.589,485.5859,0.075,1.2462,0.7177,1578,54.843333333333334,202.99223809441338,384.5828,587.6374,486.1101,0.0,1.2462,1.5983,1578,54.843333333333334,188.86004263150974,397.1678,586.0279,491.5978,0.0667,6.8898,0.7572,1578,54.843333333333334
201.95057459938184,384.2041,586.0313,485.1177,0.075,2.0337,0.83,1579,54.87666666666667,201.3916662697007,384.8251,586.3257,485.5754,0.0083,1.8893,1.0577,1579,54.87666666666667,202.03850184716674,384.4199,586.1551,485.2875,0.0833,1.3587,0.665,1579,54.87666666666667,203.06899681563146,384.4199,587.5548,485.9873,0.0,1.3587,1.5191,1579,54.87666666666667,186.76656628272949,399.2647,586.0313,492.648,0.0917,5.7876,0.83,1579,54.87666666666667
201.85245391761654,384.2136,585.9036,485.0586,0.05,1.9632,0.6856,1580,54.91000000000001,201.31124266559996,384.6941,586.0574,485.3757,0.0083,2.161,0.8237,1580,54.91000000000001,202.02361283256172,384.3897,586.4363,485.413,0.075,1.4596,0.6731,1580,54.91000000000001,203.017204357584,384.3897,587.4761,485.9329,0.0,1.4596,1.5795,1580,54.91000000000001,186.2954466536915,399.6082,585.9036,492.7559,0.0833,5.7048,0.6856,1580,54.91000000000001
201.78841844761223,384.2172,585.8577,485.0374,0.0417,2.0055,0.7503,1581,54.943333333333335,201.34873852460504,384.7254,586.1128,485.4191,0.0083,1.9953,0.9217,1581,54.943333333333335,201.97234962815668,384.41,586.3993,485.4047,0.075,1.4576,0.7596,1581,54.943333333333335,202.97259341901383,384.41,587.4468,485.9284,0.0,1.4576,1.4709,1581,54.943333333333335,186.2428178102513,399.6149,585.8577,492.7363,0.075,5.7628,0.7503,1581,54.943333333333335
201.71547422483917,384.2554,585.8327,485.044,0.0583,1.9754,0.7783,1582,54.976666666666674,201.1597523739061,384.7668,585.9648,485.3658,0.0083,1.9745,0.9771,1582,54.976666666666674,202.0195149506976,384.3534,586.3911,485.3722,0.075,1.4143,0.7707,1582,54.976666666666674,203.02243901261625,384.3534,587.4425,485.898,0.0,1.4143,1.4722,1582,54.976666666666674,187.4663196797243,398.3663,585.8327,492.0995,0.0667,7.0861,0.7783,1582,54.976666666666674
201.73363359219198,384.2479,585.84,485.044,0.0667,1.8668,0.7877,1583,55.010000000000005,201.03103508879556,384.8555,585.9708,485.4132,0.0083,1.9389,0.9647,1583,55.010000000000005,202.0254517633361,384.3575,586.3979,485.3777,0.075,1.4103,0.7022,1583,55.010000000000005,203.02627220147514,384.3575,587.447,485.9022,0.0,1.4103,1.4741,1583,55.010000000000005,187.91741402013787,397.9226,585.84,491.8813,0.0583,7.0933,0.7877,1583,55.010000000000005
201.8064012949802,384.1959,585.7709,484.9834,0.0583,1.7376,0.7204,1584,55.04333333333334,201.05874139418202,384.7957,585.9272,485.3615,0.0083,1.9403,0.9467,1584,55.04333333333334,201.85443542153214,384.561,586.4176,485.4893,0.1,1.6324,0.8136,1584,55.04333333333334,203.04615630949567,384.3535,587.4633,485.9084,0.0,1.4033,1.6696,1584,55.04333333333334,187.8419049852822,397.929,585.7709,491.85,0.05,7.0927,0.7204,1584,55.04333333333334
201.894283974858,384.0753,585.7705,484.9229,0.05,1.7861,0.7303,1585,55.07666666666667,201.31630310446494,384.5944,585.9259,485.2602,0.0083,2.0965,0.9223,1585,55.07666666666667,201.8556142348098,384.566,586.4243,485.4951,0.1,1.5925,0.7977,1585,55.07666666666667,203.0425578595563,384.3573,587.4662,485.9117,0.0,1.3989,1.6652,1585,55.07666666666667,187.8744065037055,397.8961,585.7705,491.8333,0.05,7.2532,0.7303,1585,55.07666666666667
201.6618412283525,384.2804,585.8305,485.0555,0.05,1.6521,0.7438,1586,55.11166666666667,201.17073204412273,384.9496,586.2658,485.6077,0.0,1.897,0.9296,1586,55.11166666666667,201.78640020839205,384.4323,585.9861,485.2092,0.1333,0.868,0.6271,1586,55.11166666666667,202.94633156156735,384.4529,587.4747,485.9638,0.0,1.1573,1.7248,1586,55.11166666666667,182.44738810862378,403.3832,585.8305,494.6068,0.1,2.1944,0.7438,1586,55.11166666666667
201.61082489305787,384.2353,585.7816,485.0085,0.05,1.6241,0.9272,1587,55.14,201.11081079561882,384.927,586.1444,485.5357,0.0,2.022,1.1829,1587,55.14,201.62946473489424,384.5617,586.3616,485.4616,0.125,0.7245,0.7332,1587,55.14,202.88556278345266,384.4492,587.4004,485.9248,0.0,1.1227,1.8752,1587,55.14,182.5492906250142,403.2323,585.7816,494.5069,0.1,2.0496,0.9272,1587,55.14
201.62615963994458,384.0923,585.3721,484.7322,0.0583,1.4632,0.9065,1588,55.17666666666667,201.17551634826495,384.8231,586.0952,485.4591,0.0,1.8141,1.224,1588,55.17666666666667,201.54420994371233,384.3326,585.8664,485.0995,0.1167,0.9625,0.6991,1588,55.17666666666667,202.82617825839426,384.2678,587.2146,485.7412,0.0,1.3192,1.6496,1588,55.17666666666667,183.15286562930814,402.2193,585.3721,493.7957,0.1,2.8276,0.9065,1588,55.17666666666667
201.67371832228605,384.0267,585.3759,484.7013,0.0583,1.4627,0.9047,1589,55.21,201.2359646584184,384.7552,586.0951,485.4252,0.0,1.6473,1.213,1589,55.21,201.86501382421434,384.2183,585.8715,485.0449,0.0833,1.5376,0.6976,1589,55.21,202.9025844199098,384.2183,587.2139,485.7161,0.0,1.5376,1.6686,1589,55.21,182.1033906062093,403.2725,585.3759,494.3242,0.1167,2.4797,0.9047,1589,55.21
201.7172339447309,384.0009,585.3548,484.6778,0.05,1.3831,0.8885,1590,55.24333333333335,201.08416933040726,384.7365,585.9245,485.3305,0.0,1.8173,1.0054,1590,55.24333333333335,201.9271984190149,384.1315,585.8018,484.9667,0.0833,1.454,0.6576,1590,55.24333333333335,202.9232359382226,384.1315,587.1689,485.6502,0.0,1.454,1.6284,1590,55.24333333333335,182.25988130507747,403.0949,585.3548,494.2249,0.0917,2.4572,0.8885,1590,55.24333333333335
201.54110675632805,384.1098,585.3515,484.7307,0.05,1.6073,0.8959,1591,55.27666666666667,200.99624238013573,384.7863,585.9234,485.3549,0.0,1.8642,1.0301,1591,55.27666666666667,201.91603044325302,384.1418,585.8064,484.9741,0.0833,1.4417,0.6861,1591,55.27666666666667,202.9164715931138,384.1418,587.1708,485.6563,0.0,1.4417,1.6305,1591,55.27666666666667,182.26217730125887,403.0893,585.3515,494.2204,0.1,2.4434,0.8959,1591,55.27666666666667
201.57365321014666,384.0819,585.3501,484.716,0.05,1.5682,0.8916,1592,55.31,201.03146586999472,384.7708,585.9464,485.3586,0.0,1.7928,1.0343,1592,55.31,201.9021624653607,384.158,585.8068,484.9824,0.0833,1.4013,0.6863,1592,55.31,202.91505149488063,384.158,587.1952,485.6766,0.0,1.4013,1.6568,1592,55.31,182.24896778668358,403.1011,585.3501,494.2256,0.1,2.4548,0.8916,1592,55.31
201.55534974112635,384.0911,585.3527,484.7219,0.05,1.6254,0.8824,1593,55.34666666666667,201.0285033870534,384.7712,585.9488,485.36,0.0,1.7754,1.0386,1593,55.34666666666667,201.8961256678883,384.169,585.805,484.987,0.0833,1.4291,0.6886,1593,55.34666666666667,202.9097655098971,384.169,587.1953,485.6821,0.0,1.4291,1.6546,1593,55.34666666666667,182.13203310813134,403.2207,585.3527,494.2867,0.1,2.0535,0.8824,1593,55.34666666666667
201.52254775455754,384.1335,585.3477,484.7406,0.0583,1.4962,0.8584,1594,55.37666666666667,200.9863922729048,384.8184,585.9442,485.3813,0.0083,1.8204,1.037,1594,55.37666666666667,201.89271264663952,384.169,585.8048,484.9869,0.0833,1.4291,0.6867,1594,55.37666666666667,202.90788819041188,384.169,587.1936,485.6813,0.0,1.4291,1.6573,1594,55.37666666666667,182.35217409666367,402.9955,585.3477,494.1716,0.1083,2.4344,0.8584,1594,55.37666666666667
201.51935076443792,384.1357,585.3487,484.7422,0.0583,1.5005,0.8755,1595,55.41000000000001,200.9846855411362,384.8198,585.9451,485.3824,0.0083,1.8229,1.0441,1595,55.41000000000001,201.89271264663952,384.169,585.8048,484.9869,0.0833,1.4291,0.6867,1595,55.41000000000001,202.90788819041188,384.169,587.1936,485.6813,0.0,1.4291,1.6573,1595,55.41000000000001,183.22657352105185,402.1221,585.3487,493.7354,0.0917,2.8114,0.8755,1595,55.41000000000001
201.39948711977118,384.1466,585.3772,484.7619,0.075,1.9473,0.7837,1596,55.45,201.07970138740643,384.7446,585.9224,485.3335,0.0167,2.6166,1.1065,1596,55.45,201.99767239526878,384.1626,586.2807,485.2217,0.0833,1.3763,0.8754,1596,55.45,202.97677961688356,384.1626,587.2893,485.7259,0.0,1.3763,1.6846,1596,55.45,182.94814005741114,402.4291,585.3772,493.9031,0.1333,2.4809,0.7837,1596,55.45
201.41798603529995,384.1289,585.3792,484.754,0.075,2.0148,0.7783,1597,55.476666666666674,201.10055758098724,384.7255,585.9241,485.3248,0.0167,2.6919,1.0941,1597,55.476666666666674,201.99779999868542,384.1603,586.2806,485.2204,0.0833,1.3431,0.8736,1597,55.476666666666674,202.98260092518072,384.1603,587.2896,485.725,0.0,1.3431,1.6849,1597,55.476666666666674,182.96367142289074,402.4155,585.3792,493.8974,0.1333,2.4942,0.7783,1597,55.476666666666674
201.40309442291206,384.1447,585.3822,484.7634,0.075,1.8098,0.8001,1598,55.52166666666667,201.08715527181056,384.7471,585.9329,485.34,0.0167,2.5623,1.0793,1598,55.52166666666667,201.99578794716578,384.1581,586.2783,485.2182,0.0833,1.3091,0.8451,1598,55.52166666666667,202.9920671535308,384.1581,587.2909,485.7245,0.0,1.3091,1.6694,1598,55.52166666666667,182.96309222031763,402.4191,585.3822,493.9006,0.1333,2.4827,0.8001,1598,55.52166666666667
201.3877714521269,384.1485,585.2765,484.7125,0.0917,1.9954,0.7277,1599,55.55166666666667,201.21514404527798,384.7494,586.0902,485.4198,0.025,2.7372,1.2141,1599,55.55166666666667,202.00421574909873,384.1575,586.2778,485.2176,0.0833,1.2971,0.868,1599,55.55166666666667,202.9815709103084,384.1575,587.293,485.7252,0.0,1.2971,1.7026,1599,55.55166666666667,182.85578069599288,402.4207,585.2765,493.8486,0.1333,2.3791,0.7277,1599,55.55166666666667
201.3649477149744,384.1575,585.2801,484.7188,0.0917,2.1405,0.8429,1600,55.57666666666667,201.04481966355098,384.75,585.8849,485.3174,0.025,2.5396,0.9563,1600,55.57666666666667,201.97813857925436,384.1747,586.2781,485.2264,0.0833,1.3129,0.8673,1600,55.57666666666667,202.95549428864157,384.1747,587.2956,485.7351,0.0,1.3129,1.7101,1600,55.57666666666667,183.30348218032861,401.9767,585.2801,493.6284,0.1333,2.2661,0.8429,1600,55.57666666666667
200.88849141872896,384.5759,585.3876,484.9818,0.075,2.7793,0.8123,1601,55.61000000000001,200.5192104492443,385.1213,585.6507,485.386,0.025,2.7337,0.8512,1601,55.61000000000001,202.025771141738,384.1187,586.2712,485.1949,0.0833,1.2419,0.8522,1601,55.61000000000001,202.98412422234873,384.1187,587.272,485.6953,0.0,1.2419,1.6457,1601,55.61000000000001,182.48548163026598,402.9021,585.3876,494.1449,0.1417,2.2556,0.8123,1601,55.61000000000001
201.12967749857467,384.3942,585.3224,484.8583,0.0583,2.3819,0.816,1602,55.655,201.00376059875467,384.8016,585.9054,485.3535,0.0167,2.8041,1.1054,1602,55.655,202.05197765724924,384.1071,586.2698,485.1885,0.0833,1.2262,0.8572,1602,55.655,203.0147006592245,384.1071,587.2706,485.6888,0.0,1.2262,1.6235,1602,55.655,185.30122554698409,400.0212,585.3224,492.6718,0.0917,3.2362,0.816,1602,55.655
201.3149784844569,384.2416,585.4382,484.8399,0.0917,2.1106,0.801,1603,55.67666666666667,200.83890860157027,384.8242,585.6472,485.2357,0.025,2.866,0.8418,1603,55.67666666666667,202.05641369167094,384.1029,586.2711,485.187,0.0833,1.2275,0.8517,1603,55.67666666666667,203.02032894981616,384.1029,587.2696,485.6863,0.0,1.2275,1.6439,1603,55.67666666666667,185.41028088286154,400.0279,585.4382,492.7331,0.1083,3.2348,0.801,1603,55.67666666666667
201.33950013910496,384.2156,585.4298,484.8227,0.0833,2.1321,0.7872,1604,55.71,200.8675685637864,384.7906,585.6452,485.2179,0.0167,2.8082,0.8545,1604,55.71,202.060473272424,384.1009,586.2689,485.1849,0.0833,1.2294,0.8656,1604,55.71,203.02101340347474,384.1009,587.2676,485.6842,0.0,1.2294,1.6638,1604,55.71,185.41226962335455,400.0175,585.4298,492.7236,0.1083,3.2336,0.7872,1604,55.71
201.32665057255537,384.2213,585.3829,484.8021,0.075,2.1233,0.7975,1605,55.755,200.86016386938624,384.7966,585.645,485.2208,0.0167,2.8162,0.862,1605,55.755,202.060473272424,384.1009,586.2689,485.1849,0.0833,1.2294,0.8656,1605,55.755,203.02101340347474,384.1009,587.2676,485.6842,0.0,1.2294,1.6638,1605,55.755,185.36065138471125,400.0223,585.3829,492.7026,0.1,3.2715,0.7975,1605,55.755
201.1839831723906,384.0216,585.0122,484.5169,0.1417,1.4641,0.602,1606,55.78,200.72611331859946,385.0093,585.7854,485.3973,0.0417,1.7917,0.7493,1606,55.78,201.89318596550595,384.2926,586.2878,485.2902,0.1167,1.1963,1.0246,1606,55.78,202.57118446848878,384.4584,587.2108,485.8346,0.0083,0.9654,1.9293,1606,55.78,188.4316076380262,396.5806,585.0122,490.7964,0.0917,7.4667,0.602,1606,55.78
201.27917341322276,384.0348,585.0361,484.5354,0.1333,1.5241,0.5966,1607,55.81,200.89598944219023,385.0049,586.0087,485.5068,0.0417,1.9257,0.8977,1607,55.81,201.9014883219389,384.2975,586.3394,485.3184,0.125,1.0306,1.0188,1607,55.81,202.62251442569334,384.445,587.2391,485.8421,0.0083,0.9988,1.8801,1607,55.81,188.61948232650016,396.4166,585.0361,490.7263,0.0833,6.49,0.5966,1607,55.81
201.71601812748335,384.0879,585.8044,484.9462,0.1667,1.0969,0.6653,1608,55.855000000000004,200.67232303729597,385.1234,585.8907,485.5071,0.0417,1.965,0.8321,1608,55.855000000000004,201.97401762182753,384.2123,586.3364,485.2744,0.1333,1.0422,1.0159,1608,55.855000000000004,202.61714793429033,384.449,587.235,485.842,0.0083,1.0276,1.8718,1608,55.855000000000004,190.29238893482338,395.5591,585.8044,490.6818,0.0917,7.362,0.6653,1608,55.855000000000004
201.74559754949436,384.0404,585.7427,484.8916,0.1583,1.2729,0.6529,1609,55.87666666666667,200.62468073212628,385.1198,585.8041,485.4619,0.0417,1.9401,0.7626,1609,55.87666666666667,201.8997774341265,384.297,586.3407,485.3188,0.125,1.0806,1.0184,1609,55.87666666666667,202.61916672104113,384.4427,587.2371,485.8399,0.0083,1.0618,1.8919,1609,55.87666666666667,188.4167220203965,397.326,585.7427,491.5344,0.0917,6.3079,0.6529,1609,55.87666666666667
201.5835858920302,384.1571,585.7442,484.9506,0.1417,1.7272,0.6844,1610,55.91000000000001,200.6183204917808,385.1385,585.8061,485.4723,0.0417,1.955,0.7613,1610,55.91000000000001,201.90466056904333,384.2961,586.3452,485.3207,0.125,1.0405,1.0134,1610,55.91000000000001,202.62442492636862,384.4413,587.2397,485.8405,0.0083,1.0191,1.8924,1610,55.91000000000001,189.057692437535,396.6865,585.7442,491.2153,0.125,7.0313,0.6844,1610,55.91000000000001
201.6229530074028,384.0833,585.6172,484.8503,0.15,1.2124,0.6583,1611,55.943333333333335,200.7316393387274,385.1333,585.9732,485.5533,0.0417,1.9497,0.9469,1611,55.943333333333335,202.04152696852756,384.1489,586.3477,485.2483,0.0833,1.135,1.0132,1611,55.943333333333335,202.6521533641974,384.4094,587.2423,485.8258,0.0083,1.0598,1.8921,1611,55.943333333333335,188.92406858708492,396.6931,585.6172,491.1551,0.1083,7.0573,0.6583,1611,55.943333333333335
200.9889050566619,384.0887,585.0075,484.5481,0.1667,1.1823,0.6102,1612,55.976666666666674,200.87961090488037,385.1266,586.069,485.5978,0.0417,2.0962,1.0059,1612,55.976666666666674,202.11183971951786,384.107,586.3475,485.2272,0.0917,1.4003,1.0133,1612,55.976666666666674,202.6387621931186,384.435,587.242,485.8385,0.0083,1.166,1.892,1612,55.976666666666674,186.5528353876746,398.4546,585.0075,491.7311,0.1083,5.4561,0.6102,1612,55.976666666666674
200.97360413577425,384.1003,584.999,484.5497,0.1667,1.133,0.6024,1613,56.010000000000005,200.85348106810625,385.1558,586.064,485.6099,0.0417,1.9084,1.04,1613,56.010000000000005,202.1024327586849,384.1147,586.3486,485.2317,0.0917,1.3909,1.0266,1613,56.010000000000005,202.6289208829602,384.4415,587.2421,485.8418,0.0083,1.1004,1.8927,1613,56.010000000000005,187.67646015561562,397.3226,584.999,491.1608,0.0917,6.2983,0.6024,1613,56.010000000000005
201.29688813448428,384.0489,585.0167,484.5328,0.1417,1.5167,0.6014,1614,56.04333333333334,200.78438994657506,385.1303,586.0057,485.568,0.0417,1.9458,0.9838,1614,56.04333333333334,201.92825704718535,384.2416,586.3472,485.2944,0.1083,0.9865,1.0262,1614,56.04333333333334,202.50128772638413,384.6451,587.241,485.943,0.0083,1.1604,1.8927,1614,56.04333333333334,188.18520936103945,396.8315,585.0167,490.9241,0.1333,6.1154,0.6014,1614,56.04333333333334
201.76455606675165,383.9758,585.5906,484.7832,0.1167,1.5542,0.8081,1615,56.07666666666667,200.75432712655288,385.0879,585.8838,485.4858,0.0417,2.0083,0.8286,1615,56.07666666666667,201.73426562819301,384.164,585.6453,484.9047,0.1167,1.1865,0.6335,1615,56.07666666666667,202.44428031916794,384.6065,587.1485,485.8775,0.0083,1.1284,1.6728,1615,56.07666666666667,188.22566899924746,397.3649,585.5906,491.4777,0.0917,6.3653,0.8081,1615,56.07666666666667
201.2703772196424,384.4353,585.6262,485.0307,0.0833,1.7721,0.7676,1616,56.11166666666667,200.74609327413535,384.858,585.4733,485.1656,0.0333,1.8897,0.721,1616,56.11166666666667,201.90172048302503,384.2465,585.9842,485.1153,0.0667,1.5583,0.6883,1616,56.11166666666667,202.7416179922032,384.2465,587.1608,485.7037,0.0,1.5583,1.6092,1616,56.11166666666667,183.46789278443552,402.0788,585.5467,493.8127,0.125,2.2465,0.6711,1616,56.11166666666667
201.24549496222266,384.4661,585.6273,485.0467,0.0833,1.7638,0.7726,1617,56.14333333333334,200.7214990790339,384.8842,585.4737,485.179,0.0333,1.8206,0.719,1617,56.14333333333334,201.90525530565935,384.238,585.9838,485.1109,0.0667,1.5968,0.68,1617,56.14333333333334,202.78060097637112,384.238,587.1606,485.6993,0.0,1.5968,1.6095,1617,56.14333333333334,183.48381128496518,402.0643,585.5481,493.8062,0.125,2.1989,0.6822,1617,56.14333333333334
201.24206419739718,384.5132,585.6272,485.0702,0.075,1.8576,0.7871,1618,56.17666666666667,200.63138761718324,384.9509,585.4732,485.212,0.025,1.8605,0.7318,1618,56.17666666666667,201.90551399425976,384.2366,585.9833,485.11,0.0667,1.568,0.6759,1618,56.17666666666667,202.77818033607656,384.2366,587.1595,485.6981,0.0,1.568,1.6019,1618,56.17666666666667,183.8797861119681,401.6612,585.541,493.6011,0.1083,2.6922,0.7334,1618,56.17666666666667
201.29810710393298,384.4357,585.7022,485.0689,0.0917,1.7901,0.7617,1619,56.21,200.85690489643622,384.7207,585.4686,485.0947,0.0333,1.9324,0.7531,1619,56.21,201.91751688970817,384.2287,585.9757,485.1022,0.0667,1.5672,0.6904,1619,56.21,202.78127437200956,384.2287,587.1602,485.6945,0.0,1.5672,1.5658,1619,56.21,183.58499497641264,401.8804,585.4654,493.6729,0.075,2.2207,0.726,1619,56.21
201.24611575117225,384.4859,585.6264,485.0562,0.075,1.9059,0.771,1620,56.24333333333335,200.66856536619483,384.9094,585.4739,485.1917,0.025,1.9814,0.7473,1620,56.24333333333335,201.90093478526092,384.244,585.9851,485.1145,0.0667,1.5823,0.6883,1620,56.24333333333335,202.76856138353207,384.244,587.1606,485.7023,0.0,1.5823,1.6087,1620,56.24333333333335,183.10874412076637,402.437,585.5457,493.9914,0.1167,1.8618,0.7003,1620,56.24333333333335
201.36401191856868,384.3757,585.7043,485.04,0.0917,1.8089,0.7022,1621,56.27666666666667,200.8120064159148,384.7907,585.4702,485.1305,0.025,1.83,0.7429,1621,56.27666666666667,201.90046541107105,384.2456,585.9874,485.1165,0.0667,1.5807,0.69,1621,56.27666666666667,202.77164782883654,384.2456,587.1623,485.704,0.0,1.5807,1.6193,1621,56.27666666666667,184.00640972529834,401.5311,585.5376,493.5344,0.125,2.5806,0.7362,1621,56.27666666666667
201.36599131402556,384.375,585.7053,485.0402,0.0917,1.8176,0.6986,1622,56.31,200.8144390199528,384.7902,585.4724,485.1313,0.025,1.8303,0.7412,1622,56.31,201.90427155315197,384.2431,585.9892,485.1162,0.0667,1.5832,0.6888,1622,56.31,202.77259047454442,384.2431,587.1629,485.703,0.0,1.5832,1.6076,1622,56.31,184.20840517860364,401.33,585.5384,493.4342,0.1333,2.8325,0.7182,1622,56.31
201.2962750411795,384.4637,585.7965,485.1301,0.1083,1.7647,0.7007,1623,56.343333333333334,200.71324995090643,384.8701,585.4714,485.1708,0.025,1.8967,0.7262,1623,56.343333333333334,201.87445784855106,384.2678,585.9929,485.1303,0.0667,1.5683,0.6944,1623,56.343333333333334,202.76938298211851,384.2678,587.1647,485.7162,0.0,1.5683,1.6026,1623,56.343333333333334,183.8024164848356,401.7425,585.5449,493.6437,0.125,2.5307,0.6825,1623,56.343333333333334
201.30074687096374,384.4576,585.7913,485.1245,0.1083,1.6718,0.6891,1624,56.37666666666667,200.7125718167508,384.8679,585.4688,485.1684,0.025,1.8333,0.7325,1624,56.37666666666667,201.8572260476811,384.2802,585.9892,485.1347,0.0667,1.5645,0.6811,1624,56.37666666666667,202.76255134898835,384.2802,587.1633,485.7217,0.0,1.5645,1.5948,1624,56.37666666666667,183.10427911351223,402.431,585.5353,493.9832,0.1083,1.8171,0.6967,1624,56.37666666666667
200.96884772929866,384.7771,585.7192,485.2481,0.0667,2.1063,0.7858,1625,56.41000000000001,200.71636070253615,384.9089,585.5667,485.2378,0.025,2.1306,0.7886,1625,56.41000000000001,201.68434403001396,384.3061,585.7745,485.0403,0.075,1.7272,0.718,1625,56.41000000000001,202.65729001201126,384.3061,587.1125,485.7093,0.0,1.7272,1.638,1625,56.41000000000001,183.85949378745997,401.7342,585.5937,493.6639,0.125,2.5079,0.7779,1625,56.41000000000001
201.33673278108515,384.3732,585.5906,484.9819,0.0833,1.8476,0.6588,1626,56.44666666666667,200.71667527032545,385.148,586.0114,485.5797,0.0083,2.3631,0.7972,1626,56.44666666666667,201.5648307379579,384.3789,585.9438,485.1613,0.1167,1.1763,0.6556,1626,56.44666666666667,202.80440593248596,384.5065,587.3901,485.9483,0.0,1.3624,1.7486,1626,56.44666666666667,183.0916487662119,402.4989,585.5906,494.0447,0.1083,2.6644,0.6588,1626,56.44666666666667
201.36886796563962,384.3418,585.5881,484.965,0.075,1.8672,0.6703,1627,56.476666666666674,200.89050653613484,385.0131,586.0099,485.5115,0.0083,2.266,0.8074,1627,56.476666666666674,201.64238189267874,384.3435,585.9442,485.1438,0.1167,1.1484,0.6574,1627,56.476666666666674,202.79151542650388,384.5117,587.3909,485.9513,0.0,1.362,1.7487,1627,56.476666666666674,182.64210393219747,402.946,585.5881,494.2671,0.125,2.3117,0.6703,1627,56.476666666666674
201.36053374411162,384.3457,585.5792,484.9625,0.075,1.7294,0.7184,1628,56.52166666666667,200.87987724437573,385.0205,586.002,485.5113,0.0083,2.2005,0.8143,1628,56.52166666666667,201.53739462745358,384.4053,585.9427,485.174,0.1167,1.1988,0.6567,1628,56.52166666666667,202.87465767548068,384.3647,587.3886,485.8766,0.0,1.1939,1.7379,1628,56.52166666666667,183.0544825244979,402.5247,585.5792,494.0519,0.125,2.4247,0.7184,1628,56.52166666666667
201.30827516055953,384.3902,585.5767,484.9835,0.075,1.8093,0.7221,1629,56.54333333333334,200.84004190303776,385.0552,585.9967,485.5259,0.0083,2.1208,0.8183,1629,56.54333333333334,201.5800644817415,384.3982,585.9514,485.1748,0.1083,1.2559,0.6678,1629,56.54333333333334,202.84093723304977,384.4131,587.3931,485.9031,0.0,1.274,1.6823,1629,56.54333333333334,182.99626542353369,402.5804,585.5767,494.0786,0.125,2.3992,0.7221,1629,56.54333333333334
201.2627898531667,384.4667,585.5924,485.0296,0.075,1.7106,0.7172,1630,56.57666666666667,200.7863536496099,385.1492,586.0123,485.5808,0.0083,2.3922,0.836,1630,56.57666666666667,201.4574020539668,384.5009,585.9583,485.2296,0.1167,1.2068,0.6829,1630,56.57666666666667,202.80397235675804,384.45,587.4045,485.9273,0.0,1.3072,1.7048,1630,56.57666666666667,187.58400747512817,398.0084,585.5924,491.8004,0.0833,5.9737,0.7172,1630,56.57666666666667
201.17407473416543,384.5618,585.6169,485.0893,0.0833,1.9696,0.7081,1631,56.61000000000001,200.53987722913115,385.3994,586.0362,485.7178,0.0083,2.1405,0.8153,1631,56.61000000000001,201.66594675534836,384.591,586.3089,485.45,0.1167,1.1913,0.6925,1631,56.61000000000001,202.62909019056306,384.701,587.4173,486.0592,0.0,1.3652,1.7214,1631,56.61000000000001,182.8056282340226,402.8112,585.6169,494.2141,0.1333,2.5206,0.7081,1631,56.61000000000001
201.2162344719124,384.5352,585.3927,484.9639,0.0833,1.844,0.6652,1632,56.64333333333334,200.5694133880187,385.3811,586.0557,485.7184,0.0083,2.0517,0.83,1632,56.64333333333334,201.19905195609647,384.9208,586.1199,485.5203,0.1333,1.0121,0.6487,1632,56.64333333333334,202.65076893419285,384.7204,587.4732,486.0968,0.0,1.3713,1.7295,1632,56.64333333333334,182.6008660740077,402.7919,585.3927,494.0923,0.1333,2.57,0.6652,1632,56.64333333333334
201.25469206813762,384.5727,585.3885,484.9806,0.0833,1.8465,0.6222,1633,56.67666666666667,200.56954708533348,385.4121,586.0522,485.7321,0.0083,2.0314,0.7966,1633,56.67666666666667,201.30236242018788,384.8048,586.1072,485.456,0.1167,1.136,0.6738,1633,56.67666666666667,202.67271716031817,384.7288,587.4967,486.1127,0.0,1.3903,1.8214,1633,56.67666666666667,183.77624376250597,401.6123,585.3885,493.5004,0.1167,3.3975,0.6222,1633,56.67666666666667
201.27885268382866,384.5466,585.3855,484.9661,0.0833,1.8571,0.6222,1634,56.71,200.59797956017127,385.386,586.0496,485.7178,0.0083,2.0857,0.7838,1634,56.71,201.16827335838167,384.9365,586.1048,485.5207,0.1333,1.0121,0.6764,1634,56.71,202.67295334835873,384.7272,587.4957,486.1114,0.0,1.3877,1.821,1634,56.71,182.55457422515315,402.8309,585.3855,494.1082,0.125,2.3631,0.6222,1634,56.71
201.24743381865503,384.5814,585.39,484.9857,0.0833,1.7614,0.6211,1635,56.74333333333335,200.56719053976894,385.4204,586.0498,485.7351,0.0083,1.9748,0.7799,1635,56.74333333333335,201.29851660630763,384.8075,586.106,485.4567,0.1167,1.134,0.6738,1635,56.74333333333335,202.67202667748666,384.7292,587.4972,486.1132,0.0,1.3898,1.811,1635,56.74333333333335,182.56056515539228,402.8294,585.39,494.1097,0.125,2.4187,0.6211,1635,56.74333333333335
200.86614318378057,385.0563,585.8536,485.455,0.0667,2.4128,0.6056,1636,56.78166666666667,200.60978221035444,385.5048,586.1242,485.8145,0.0,3.0342,0.6928,1636,56.78166666666667,201.26321422652197,384.5405,585.77,485.1553,0.125,1.2542,0.5739,1636,56.78166666666667,202.75973153051604,384.5739,587.4842,486.029,0.0,1.5927,1.6667,1636,56.78166666666667,181.86715913712385,403.9865,585.8536,494.9201,0.1667,2.239,0.6056,1636,56.78166666666667
200.6386293626822,385.2325,585.8501,485.5413,0.0417,2.8196,0.6045,1637,56.81,200.59872664844107,385.5216,586.1208,485.8212,0.0083,3.0458,0.6971,1637,56.81,201.27008534357086,384.5341,585.767,485.1506,0.125,1.2603,0.5716,1637,56.81,202.76547948440393,384.5671,587.4827,486.0249,0.0,1.5939,1.6666,1637,56.81,181.86820990678532,403.9819,585.8501,494.916,0.1667,2.241,0.6045,1637,56.81
200.5487705222433,385.0371,585.407,485.2221,0.0917,2.3347,0.5985,1638,56.843333333333334,200.7933734734012,385.4872,586.3913,485.9393,0.0,3.02,0.8361,1638,56.843333333333334,201.27112817834603,384.5378,585.7683,485.153,0.125,1.2479,0.5603,1638,56.843333333333334,202.7640518939204,384.5704,587.4831,486.0268,0.0,1.5274,1.6651,1638,56.843333333333334,187.21705572055336,398.19,585.407,491.7985,0.1,5.8515,0.5985,1638,56.843333333333334
200.67105934581312,385.1726,585.8779,485.5252,0.0667,2.7612,0.4909,1639,56.88166666666667,200.64813484389438,385.4592,586.1219,485.7906,0.0083,2.9607,0.6801,1639,56.88166666666667,201.8998725516692,384.5424,586.6205,485.5814,0.1167,1.2875,0.702,1639,56.88166666666667,202.81797804749195,384.5571,587.5143,486.0357,0.0,1.4948,1.6854,1639,56.88166666666667,190.42778991681396,395.4501,585.8779,490.664,0.15,10.1546,0.4909,1639,56.88166666666667
200.48155698929102,385.0505,585.3645,485.2075,0.1,2.6225,0.6045,1640,56.91000000000001,200.76286001599405,385.4921,586.3901,485.9411,0.0,2.9613,0.9245,1640,56.91000000000001,201.2822511746683,384.5701,585.7579,485.164,0.125,1.3426,0.5841,1640,56.91000000000001,202.75002378526105,384.5969,587.477,486.0369,0.0,1.51,1.6517,1640,56.91000000000001,188.90047923473506,396.4184,585.3645,490.8915,0.1,6.0139,0.6045,1640,56.91000000000001
200.86023015976943,385.0496,585.8941,485.4718,0.0833,2.5359,0.5843,1641,56.943333333333335,200.7737912006708,385.491,586.3925,485.9417,0.0,3.0347,0.8904,1641,56.943333333333335,201.28213389146242,384.569,585.7684,485.1687,0.125,1.3025,0.6474,1641,56.943333333333335,202.7522476903348,384.5959,587.478,486.0369,0.0,1.5419,1.6832,1641,56.943333333333335,189.26218370554636,396.6319,585.8941,491.263,0.1417,7.9009,0.5843,1641,56.943333333333335
200.51821502693335,385.0791,585.4119,485.2455,0.1,2.7136,0.6613,1642,56.98500000000001,200.77002635837468,385.5262,586.4001,485.9631,0.0,3.068,0.864,1642,56.98500000000001,201.30721667178176,384.6009,585.8102,485.2055,0.125,1.4761,0.6238,1642,56.98500000000001,202.7557852362744,384.6277,587.5018,486.0648,0.0,1.6144,1.6658,1642,56.98500000000001,182.59642329735078,402.7458,585.4119,494.0788,0.15,2.5147,0.6613,1642,56.98500000000001
200.72767392732308,385.2565,586.0375,485.647,0.075,2.8981,0.7376,1643,57.010000000000005,200.77832769530696,385.5539,586.4231,485.9885,0.0083,3.0834,0.9219,1643,57.010000000000005,201.3400353212026,384.6296,585.8367,485.2332,0.125,1.4152,0.6351,1643,57.010000000000005,202.75567107003596,384.6546,587.5228,486.0887,0.0,1.61,1.6101,1643,57.010000000000005,189.83302757299347,396.2045,586.0375,491.121,0.15,9.2271,0.7376,1643,57.010000000000005
200.78390838356313,385.2185,585.9421,485.5803,0.0417,2.869,0.7674,1644,57.04333333333334,200.98800144735966,385.2185,586.1844,485.7015,0.0083,2.869,0.9201,1644,57.04333333333334,201.83194545913636,384.644,586.5444,485.5942,0.0833,1.556,0.7019,1644,57.04333333333334,202.84692800084005,384.6563,587.6411,486.1487,0.0,1.69,1.6326,1644,57.04333333333334,187.9646252200187,397.9774,585.9421,491.9598,0.0917,4.8689,0.7674,1644,57.04333333333334
200.84607573614767,385.2987,585.9061,485.6024,0.0417,2.7278,0.7654,1645,57.08833333333334,200.9312834578586,385.2987,586.2104,485.7546,0.0083,2.7278,0.8075,1645,57.08833333333334,201.49037545026013,384.7077,586.0116,485.3596,0.1,1.6281,0.6077,1645,57.08833333333334,202.7716049097667,384.7077,587.6204,486.164,0.0,1.6281,1.6193,1645,57.08833333333334,188.56734837711838,397.3388,585.9061,491.6224,0.1083,5.6421,0.7654,1645,57.08833333333334
201.04215935276792,385.1377,586.0421,485.5899,0.0833,1.9663,0.6946,1646,57.11166666666667,201.0063310082725,385.5071,586.5331,486.0201,0.0,2.0388,0.9307,1646,57.11166666666667,201.91851931644243,384.7642,586.7856,485.7749,0.1,1.2961,0.8553,1646,57.11166666666667,202.76625667249257,384.8077,587.7035,486.2556,0.0,1.7696,1.7393,1646,57.11166666666667,186.98707016966708,399.055,586.0421,492.5486,0.125,6.2041,0.6946,1646,57.11166666666667
201.18544458270588,384.8517,586.0372,485.4444,0.0917,1.4509,0.6918,1647,57.14333333333334,201.27677343651357,385.3204,586.5238,485.9221,0.0,1.7668,0.9204,1647,57.14333333333334,201.51899330574952,384.761,586.28,485.5205,0.1167,1.3407,0.7358,1647,57.14333333333334,202.70570577036096,384.7986,587.6388,486.2187,0.0,1.727,1.7208,1647,57.14333333333334,187.2485875202649,398.7886,586.0372,492.4129,0.1083,5.1738,0.6918,1647,57.14333333333334
201.01915987106472,384.9764,586.0828,485.5296,0.0917,1.4071,0.7295,1648,57.185,201.285425697046,385.304,586.522,485.913,0.0,1.8156,0.9198,1648,57.185,201.53396326164253,384.745,586.2789,485.512,0.1167,1.3413,0.7373,1648,57.185,202.7211604590668,384.7936,587.6383,486.216,0.0,1.7764,1.7312,1648,57.185,188.87074004805245,397.212,586.0828,491.6474,0.1083,5.9739,0.7295,1648,57.185
201.21281761372188,384.8291,586.0419,485.4355,0.0917,1.4537,0.6919,1649,57.21,201.27854950369775,385.3061,586.526,485.9161,0.0,1.7809,0.9042,1649,57.21,201.91981150174482,384.7436,586.7739,485.7587,0.1,1.3325,0.8402,1649,57.21,202.77205592410996,384.793,587.6962,486.2446,0.0,1.7616,1.7372,1649,57.21,188.91822698217925,397.1236,586.0419,491.5828,0.1,6.2117,0.6919,1649,57.21
200.98539657976795,384.9799,586.0482,485.5141,0.0833,1.4415,0.6885,1650,57.24333333333335,201.2841623411899,385.303,586.5349,485.9189,0.0,1.8589,0.9451,1650,57.24333333333335,201.9238090496168,384.7423,586.7772,485.7597,0.1,1.3329,0.8409,1650,57.24333333333335,202.7746331183063,384.7924,587.6979,486.2451,0.0,1.7624,1.7368,1650,57.24333333333335,188.9211359196755,397.1271,586.0482,491.5877,0.1,6.1103,0.6885,1650,57.24333333333335
201.04115608576396,384.978,586.0952,485.5366,0.0917,1.4429,0.7258,1651,57.288333333333334,201.28014839197908,385.3004,586.5376,485.919,0.0,1.8871,0.9565,1651,57.288333333333334,201.92166263723126,384.7372,586.7751,485.7561,0.1,1.3159,0.8442,1651,57.288333333333334,202.77405112693387,384.7909,587.6952,486.243,0.0,1.7458,1.7344,1651,57.288333333333334,189.37990692338857,396.7153,586.0952,491.4052,0.1,6.2216,0.7258,1651,57.288333333333334
201.27638056813976,384.8205,586.0969,485.4587,0.1,1.3795,0.7158,1652,57.31,201.30326618249467,385.2919,586.5408,485.9164,0.0,1.7326,0.9425,1652,57.31,201.93456488333786,384.7405,586.7761,485.7583,0.1,1.2836,0.844,1652,57.31,202.78493114773454,384.7745,587.6961,486.2353,0.0,1.716,1.7358,1652,57.31,188.96407536798233,397.1328,586.0969,491.6149,0.1083,6.0989,0.7158,1652,57.31
201.14207240426305,384.8553,585.9974,485.4264,0.0917,1.451,0.733,1653,57.343333333333334,201.33775841048038,385.2566,586.4926,485.8746,0.0,1.755,0.9735,1653,57.343333333333334,201.993441533399,384.7526,586.7351,485.7439,0.1,1.419,0.8497,1653,57.343333333333334,202.87056298765148,384.7352,587.7537,486.2445,0.0,1.7616,1.8588,1653,57.343333333333334,188.83290262541715,397.1645,585.9974,491.5809,0.1,6.4405,0.733,1653,57.343333333333334
200.88814983406974,384.8518,585.74,485.2959,0.1,1.4666,0.4659,1654,57.37666666666667,200.91060510304865,385.4514,586.3974,485.9244,0.0,1.8514,0.8269,1654,57.37666666666667,201.59360882139143,384.7572,586.3508,485.554,0.1167,1.4115,0.6479,1654,57.37666666666667,202.77994155579458,384.7347,587.672,486.2034,0.0,1.7623,1.7641,1654,57.37666666666667,188.9828734949802,396.7571,585.74,491.2485,0.0917,6.521,0.4659,1654,57.37666666666667
200.52226481781221,385.0073,585.6024,485.3048,0.075,1.6181,0.6508,1655,57.41000000000001,200.7652334100724,385.5015,586.3146,485.908,0.0,1.9305,0.9317,1655,57.41000000000001,201.88422770339432,384.6537,586.5916,485.6227,0.1,1.2515,0.8345,1655,57.41000000000001,202.7760684489883,384.6711,587.5981,486.1346,0.0,1.6459,1.8735,1655,57.41000000000001,188.16285086700373,397.4395,585.6024,491.521,0.075,6.0414,0.6508,1655,57.41000000000001
200.98602988295787,384.5817,585.2899,484.9358,0.1083,1.8824,0.5278,1656,57.44666666666667,200.6000369994681,385.3262,585.7781,485.5521,0.0167,2.1976,0.5531,1656,57.44666666666667,201.53283699058574,384.5605,586.0934,485.327,0.1083,1.4062,0.5828,1656,57.44666666666667,202.73066469853586,384.5785,587.4874,486.033,0.0,1.4989,1.7634,1656,57.44666666666667,190.14275076793058,395.0735,585.2899,490.1817,0.15,8.0821,0.5278,1656,57.44666666666667
201.06094910674014,384.5504,585.3125,484.9314,0.1083,1.9193,0.5464,1657,57.476666666666674,200.5140105481641,385.3154,585.5413,485.4283,0.0167,1.9999,0.5712,1657,57.476666666666674,201.40285504573066,384.582,585.9848,485.2834,0.1167,1.4172,0.6294,1657,57.476666666666674,202.70488052442025,384.5985,587.4861,486.0423,0.0,1.6423,1.7672,1657,57.476666666666674,188.55183234331983,396.7253,585.3125,491.0189,0.0917,6.1373,0.5464,1657,57.476666666666674
201.17784742914296,384.553,585.39,484.9715,0.0917,1.8584,0.4637,1658,57.52166666666667,200.5099561220318,385.3133,585.5453,485.4293,0.0167,2.0233,0.5292,1658,57.52166666666667,201.35397652429205,384.6304,585.9844,485.3074,0.125,1.3987,0.59,1658,57.52166666666667,202.70388401730793,384.6056,587.4861,486.0458,0.0,1.6125,1.7667,1658,57.52166666666667,186.99937345172106,398.3906,585.39,491.8903,0.0917,5.9521,0.4637,1658,57.52166666666667
201.17358809534443,384.5501,585.3875,484.9688,0.0917,1.8659,0.5004,1659,57.54333333333334,200.51531566864244,385.3156,585.5424,485.429,0.0167,2.0351,0.5758,1659,57.54333333333334,201.45141148179312,384.6303,586.0817,485.356,0.1167,1.4015,0.5973,1659,57.54333333333334,202.70278095551012,384.6007,587.4883,486.0445,0.0,1.6079,1.7706,1659,57.54333333333334,188.46754052915782,396.92,585.3875,491.1538,0.0833,6.9183,0.5004,1659,57.54333333333334
201.3547278682034,384.4622,585.4698,484.966,0.0833,1.7701,0.4948,1660,57.57666666666667,200.69945698904243,385.2512,585.7611,485.5061,0.0167,1.852,0.6296,1660,57.57666666666667,201.36129037394258,384.6222,585.9835,485.3029,0.125,1.403,0.5888,1660,57.57666666666667,202.70604547303364,384.5918,587.4866,486.0392,0.0,1.6077,1.7712,1660,57.57666666666667,190.5252139069734,394.9446,585.4698,490.2072,0.0667,6.3959,0.4948,1660,57.57666666666667
201.38846255430997,384.4183,585.475,484.9467,0.0833,1.8154,0.5011,1661,57.61000000000001,200.74492947233594,385.2184,585.7658,485.4921,0.0167,1.8486,0.6414,1661,57.61000000000001,201.4551168981359,384.6275,586.0827,485.3551,0.1167,1.3611,0.5932,1661,57.61000000000001,202.6994327862711,384.6119,587.4884,486.0501,0.0,1.5696,1.7753,1661,57.61000000000001,189.24474436550653,396.2303,585.475,490.8527,0.0667,7.3742,0.5011,1661,57.61000000000001
201.3391906606718,384.4421,585.4717,484.9569,0.0917,1.8366,0.5167,1662,57.64333333333334,200.7342542738233,385.2418,585.7736,485.5077,0.0167,1.9161,0.6303,1662,57.64333333333334,201.31085278442887,384.6807,585.9916,485.3361,0.125,1.266,0.5898,1662,57.64333333333334,202.66360771481547,384.6326,587.4914,486.062,0.0,1.6158,1.7803,1662,57.64333333333334,183.9225480745069,401.5491,585.4717,493.5104,0.1167,3.1083,0.5167,1662,57.64333333333334
201.40126342788759,384.486,585.4728,484.9794,0.0917,1.7824,0.5438,1663,57.67666666666667,200.57643057971248,385.2942,585.5367,485.4154,0.0167,2.0722,0.5505,1663,57.67666666666667,201.2848139952489,384.7097,585.9946,485.3521,0.125,1.1606,0.6119,1663,57.67666666666667,202.6550132807362,384.6934,587.5117,486.1026,0.0,1.6875,1.7746,1663,57.67666666666667,184.56094741376486,400.9118,585.4728,493.1923,0.1,3.4442,0.5438,1663,57.67666666666667
201.4878536595193,384.4868,585.5589,485.0229,0.0833,1.8172,0.5741,1664,57.71,200.57800373367695,385.2947,585.5346,485.4147,0.0167,2.0745,0.5532,1664,57.71,201.37961945545666,384.7079,586.0875,485.3977,0.1167,1.1678,0.6447,1664,57.71,202.657789974176,384.693,587.5125,486.1028,0.0,1.6811,1.7658,1664,57.71,184.7652445609823,400.7936,585.5589,493.1763,0.1,3.4646,0.5741,1664,57.71
201.49386620565784,384.4908,585.5711,485.0309,0.0833,1.8055,0.5578,1665,57.74333333333335,200.5784892051186,385.2987,585.546,485.4224,0.0167,2.1028,0.5502,1665,57.74333333333335,201.77543837435536,384.711,586.5296,485.6203,0.1083,1.1676,0.6907,1665,57.74333333333335,202.72568566001556,384.6944,587.5717,486.133,0.0,1.6882,1.7381,1665,57.74333333333335,184.07911067704944,401.492,585.5711,493.5316,0.1083,3.6857,0.5578,1665,57.74333333333335
201.52935886520433,384.6488,586.1518,485.4003,0.1333,1.4836,0.7672,1666,57.78166666666667,200.6562398778438,385.238,585.7828,485.5104,0.0333,1.8472,0.7831,1666,57.78166666666667,201.75502138547708,384.6466,586.5641,485.6054,0.1083,1.2521,0.6704,1666,57.78166666666667,202.751681941736,384.69,587.6055,486.1477,0.0,1.4783,1.7726,1666,57.78166666666667,183.45648316119306,402.4505,585.907,494.1788,0.0917,3.3616,0.8197,1666,57.78166666666667
201.5159263785717,384.6402,586.0804,485.3603,0.1167,1.4498,0.8163,1667,57.81,200.6716876293562,385.2331,585.7863,485.5097,0.0333,1.8761,0.7711,1667,57.81,201.7608765114038,384.6464,586.5759,485.6112,0.1083,1.2448,0.6729,1667,57.81,202.75754619196724,384.6922,587.6122,486.1522,0.0,1.5172,1.7735,1667,57.81,182.88532244453125,402.908,585.7933,494.3506,0.1083,3.2463,0.7453,1667,57.81
201.4956926102653,384.5687,585.9879,485.2783,0.1333,1.6302,0.8834,1668,57.843333333333334,200.68849288811876,385.2658,585.7946,485.5302,0.0333,2.1403,0.8085,1668,57.843333333333334,201.8564921238554,384.6501,586.6497,485.6499,0.1,1.1458,0.7425,1668,57.843333333333334,202.80609978536572,384.684,587.6467,486.1654,0.0,1.4403,1.6682,1668,57.843333333333334,183.06179153294437,402.9261,585.9879,494.457,0.1333,3.2097,0.8834,1668,57.843333333333334
201.47567401721764,384.6258,585.9274,485.2766,0.0667,1.6006,0.8863,1669,57.87666666666667,200.69679517739144,385.2338,585.799,485.5164,0.025,2.1401,0.7993,1669,57.87666666666667,201.76599990286476,384.6504,586.5711,485.6107,0.1083,1.1671,0.6835,1669,57.87666666666667,202.76278215541484,384.6957,587.6157,486.1557,0.0,1.4728,1.7513,1669,57.87666666666667,182.98546338036928,402.9419,585.9274,494.4346,0.0917,3.2671,0.8863,1669,57.87666666666667
201.47997832017973,384.635,585.9252,485.2801,0.0667,1.6812,0.8805,1670,57.91000000000001,200.68536283154563,385.2441,585.7964,485.5203,0.025,1.9822,0.8183,1670,57.91000000000001,201.76863498503695,384.6471,586.572,485.6096,0.1083,1.1678,0.7068,1670,57.91000000000001,202.76526529294193,384.6935,587.6152,486.1544,0.0,1.495,1.7506,1670,57.91000000000001,183.06075874986158,402.8644,585.9252,494.3948,0.1,3.288,0.8805,1670,57.91000000000001
201.4555531054694,384.633,585.944,485.2885,0.0833,1.6792,0.8518,1671,57.943333333333335,200.67197833779912,385.2417,585.8006,485.5211,0.0333,1.9558,0.8072,1671,57.943333333333335,201.81356759261092,384.6456,586.5893,485.6174,0.1,1.18,0.7445,1671,57.943333333333335,202.76510519174033,384.6917,587.6137,486.1527,0.0,1.4958,1.7512,1671,57.943333333333335,183.12513938846956,402.7972,585.9224,494.3598,0.1083,3.2943,0.8761,1671,57.943333333333335
201.48212849601,384.6012,585.9362,485.2687,0.0833,1.5757,0.8461,1672,57.976666666666674,200.69847937662587,385.2086,585.7888,485.4987,0.0333,1.9295,0.7749,1672,57.976666666666674,201.7619859789455,384.6483,586.5688,485.6086,0.1083,1.2275,0.7073,1672,57.976666666666674,202.75912527035186,384.696,587.6137,486.1548,0.0,1.4947,1.7645,1672,57.976666666666674,183.5602576279887,402.3541,585.9144,494.1343,0.1,3.3597,0.8886,1672,57.976666666666674
201.41479673950664,384.6538,585.9431,485.2985,0.0667,1.507,0.8449,1673,58.010000000000005,200.35314003683806,385.5253,585.797,485.6611,0.0083,1.9626,0.8276,1673,58.010000000000005,201.83371206099773,384.655,586.5932,485.6241,0.1083,1.1697,0.7765,1673,58.010000000000005,202.50889756509628,384.7768,587.4537,486.1153,0.0,1.4617,1.6305,1673,58.010000000000005,182.5627385856087,403.3575,585.9202,494.6388,0.1083,2.3909,0.8413,1673,58.010000000000005
200.63439979653242,385.3075,585.9419,485.6247,0.0833,1.5254,0.8621,1674,58.04333333333334,200.54131497806497,385.3626,585.7959,485.5793,0.0083,1.882,0.8246,1674,58.04333333333334,201.79129241382964,384.6736,586.5729,485.6233,0.1167,1.1718,0.7072,1674,58.04333333333334,202.50116486810464,384.7784,587.4551,486.1168,0.0,1.4425,1.6262,1674,58.04333333333334,183.40368898037616,402.3954,585.7991,494.0972,0.1167,2.7944,0.7452,1674,58.04333333333334
201.37435362538437,384.6883,585.9439,485.3161,0.0667,1.4813,0.8635,1675,58.07666666666667,200.32591139006252,385.5631,585.799,485.6811,0.0083,1.9128,0.8283,1675,58.07666666666667,201.4140329430381,384.6673,586.0813,485.3743,0.1167,1.2113,0.529,1675,58.07666666666667,202.5800533989238,384.7778,587.5451,486.1615,0.0,1.4609,1.7377,1675,58.07666666666667,182.94117662392387,402.9803,585.9215,494.4509,0.1083,2.6561,0.8599,1675,58.07666666666667
201.1170380114682,384.9905,585.6923,485.3414,0.0583,1.9356,0.7164,1676,58.115,201.2037836678955,385.119,586.327,485.723,0.0083,2.1976,0.7444,1676,58.115,201.19464660257393,384.8039,585.9986,485.4013,0.1,1.3932,0.6177,1676,58.115,202.5943938278103,384.8021,587.5929,486.1975,0.0,1.5578,1.7528,1676,58.115,185.02048957389394,401.0248,586.0453,493.5351,0.1083,3.2164,0.7002,1676,58.115
201.10400857716792,384.9886,585.692,485.3403,0.0583,1.937,0.719,1677,58.14333333333334,201.21088505019839,385.1137,586.3218,485.7178,0.0083,2.1287,0.7486,1677,58.14333333333334,201.1513938103675,384.8407,585.9921,485.4164,0.1083,1.2375,0.6054,1677,58.14333333333334,202.58913934355218,384.8025,587.59,486.1963,0.0,1.4618,1.7475,1677,58.14333333333334,184.9550314405377,401.0848,586.0399,493.5624,0.1083,3.1518,0.7216,1677,58.14333333333334
201.0768970959986,385.0514,585.6811,485.3662,0.0583,1.8037,0.6874,1678,58.17666666666667,201.15310505511704,385.1163,586.2313,485.6738,0.0083,2.047,0.7277,1678,58.17666666666667,201.12580169951028,384.8658,585.9916,485.4287,0.1167,1.1998,0.6447,1678,58.17666666666667,202.59468841467108,384.8064,587.5882,486.1973,0.0,1.426,1.7495,1678,58.17666666666667,184.8416301888926,401.1377,585.9793,493.5585,0.1,3.2435,0.693,1678,58.17666666666667
200.84931883589763,385.184,585.6779,485.431,0.0833,1.7451,0.6999,1679,58.21333333333334,201.1729700268785,385.1,586.2275,485.6638,0.0083,2.2168,0.7386,1679,58.21333333333334,201.11243591272287,384.8743,585.9867,485.4305,0.1167,1.195,0.6311,1679,58.21333333333334,202.58694799650334,384.8132,587.587,486.2001,0.0,1.4002,1.7435,1679,58.21333333333334,184.9328561982902,401.0732,586.0061,493.5397,0.1,3.1696,0.6893,1679,58.21333333333334
201.0756675739014,385.0929,585.679,485.386,0.0667,1.5485,0.7082,1680,58.24333333333335,201.17174019363858,385.1077,586.2303,485.669,0.0083,2.1908,0.7337,1680,58.24333333333335,201.12239193370374,384.8665,585.9889,485.4277,0.1167,1.1184,0.6419,1680,58.24333333333335,202.59495193260418,384.8066,587.5874,486.197,0.0,1.4342,1.7479,1680,58.24333333333335,184.93940882687758,401.0674,586.0068,493.5371,0.1,3.2044,0.6709,1680,58.24333333333335
200.99363847850424,385.1114,585.6827,485.397,0.0833,1.621,0.7242,1681,58.27666666666667,201.24289464358674,385.0373,586.2345,485.6359,0.0083,2.041,0.7298,1681,58.27666666666667,201.20620802605723,384.784,585.9902,485.3871,0.1167,0.9988,0.6349,1681,58.27666666666667,202.6375204904367,384.7775,587.587,486.1822,0.0,1.3744,1.7444,1681,58.27666666666667,184.77080539398204,401.1757,585.9465,493.5611,0.0833,3.2899,0.6777,1681,58.27666666666667
201.110984910426,384.9923,585.6801,485.3362,0.0583,2.004,0.7097,1682,58.315000000000005,201.15753465507595,385.1219,586.2312,485.6765,0.0167,2.2035,0.7401,1682,58.315000000000005,201.19456897090885,384.7953,585.9898,485.3925,0.1167,1.0068,0.6435,1682,58.315000000000005,202.6326022861334,384.7806,587.5868,486.1837,0.0,1.4587,1.7487,1682,58.315000000000005,184.68433655455158,401.2589,585.9432,493.601,0.0833,3.3416,0.6839,1682,58.315000000000005
201.4247802816535,384.7788,585.6852,485.232,0.075,1.6891,0.7216,1683,58.343333333333334,201.09957209095157,385.1842,586.2367,485.7105,0.0167,2.2756,0.7232,1683,58.343333333333334,201.19069362393319,384.8,585.9907,485.3953,0.1167,1.024,0.6353,1683,58.343333333333334,202.62892007443796,384.7865,587.5888,486.1876,0.0,1.3979,1.7464,1683,58.343333333333334,184.5813737307149,401.3673,585.9487,493.658,0.0917,4.3364,0.6843,1683,58.343333333333334
201.1154868554573,384.99,585.6833,485.3367,0.0583,2.0059,0.7029,1684,58.37666666666667,201.16204454194857,385.1198,586.2339,485.6769,0.0167,2.2024,0.7398,1684,58.37666666666667,201.1946823354462,384.7954,585.9901,485.3928,0.1167,1.0076,0.6437,1684,58.37666666666667,202.63297722185956,384.7804,587.587,486.1837,0.0,1.4583,1.7488,1684,58.37666666666667,184.5916691707576,401.3542,585.9459,493.6501,0.0917,4.2883,0.6942,1684,58.37666666666667
201.42546776522903,384.7788,585.6854,485.2321,0.075,1.6891,0.7221,1685,58.41833333333334,201.10001254657456,385.1842,586.2369,485.7106,0.0167,2.2756,0.7418,1685,58.41833333333334,201.19240921950805,384.8,585.9924,485.3962,0.1167,1.024,0.6369,1685,58.41833333333334,202.62824668248194,384.7865,587.5879,486.1872,0.0,1.3979,1.7454,1685,58.41833333333334,184.58222115974846,401.3666,585.9488,493.6577,0.0917,4.336,0.6851,1685,58.41833333333334
201.69860859136642,384.3771,585.6083,484.9927,0.0833,1.1939,0.6428,1686,58.44666666666667,201.7211765217431,384.72,586.5208,485.6204,0.0083,1.5231,0.882,1686,58.44666666666667,201.32072583339905,384.7181,585.9536,485.3359,0.1,1.3654,0.6975,1686,58.44666666666667,202.75510081936622,384.7181,587.6822,486.2002,0.0,1.3654,1.7052,1686,58.44666666666667,186.9957433805377,398.8509,585.8466,492.3488,0.1,5.7002,0.6937,1686,58.44666666666667
201.48628371870882,384.5061,585.6066,485.0563,0.075,1.4914,0.6282,1687,58.476666666666674,201.69762022759352,384.7423,586.5192,485.6308,0.0083,1.5232,0.8762,1687,58.476666666666674,201.31606826912764,384.7214,585.9531,485.3372,0.1,1.4116,0.6966,1687,58.476666666666674,202.75167975313963,384.7214,587.6819,486.2016,0.0,1.4116,1.705,1687,58.476666666666674,186.92447795218507,398.8278,585.7523,492.2901,0.1083,5.6366,0.6235,1687,58.476666666666674
201.48022784769938,384.516,585.608,485.062,0.075,1.4553,0.6255,1688,58.52166666666667,201.68725633415835,384.7545,586.5234,485.6389,0.0083,1.5273,0.841,1688,58.52166666666667,201.3137488589521,384.7244,585.9536,485.339,0.1,1.4119,0.6987,1688,58.52166666666667,202.74942256874886,384.7244,587.6833,486.2039,0.0,1.4119,1.7053,1688,58.52166666666667,188.67751943883394,397.1737,585.8512,491.5125,0.0833,6.9962,0.6966,1688,58.52166666666667
201.45519395864818,384.5397,585.5968,485.0683,0.0833,1.4014,0.6416,1689,58.54333333333334,201.54255678566992,384.898,586.5242,485.7111,0.0083,1.7529,0.8576,1689,58.54333333333334,201.36914376652808,384.7411,585.97,485.3556,0.0917,1.3859,0.7247,1689,58.54333333333334,202.68521426307464,384.7411,587.6196,486.1804,0.0,1.3859,1.5281,1689,58.54333333333334,188.1585104007373,397.5748,585.7333,491.654,0.1,6.485,0.646,1689,58.54333333333334
201.44346917341787,384.5733,585.6086,485.0909,0.0917,1.5117,0.638,1690,58.57666666666667,201.49965044183125,384.9384,586.5229,485.7306,0.0167,1.9076,0.85,1690,58.57666666666667,201.29758364650658,384.746,585.9531,485.3496,0.1,1.3416,0.6878,1690,58.57666666666667,202.73339911505124,384.746,587.687,486.2165,0.0,1.3416,1.6937,1690,58.57666666666667,186.27015187069205,399.5857,585.8558,492.7207,0.1,4.4666,0.7048,1690,58.57666666666667
200.6667004351154,385.1103,585.6162,485.3633,0.0917,1.6752,0.6289,1691,58.620000000000005,201.46872613763298,384.9657,586.5188,485.7423,0.0167,1.793,0.8562,1691,58.620000000000005,201.25809356228385,384.7825,585.9691,485.3758,0.1,1.2703,0.7025,1691,58.620000000000005,202.71234911080776,384.7825,587.6848,486.2337,0.0,1.2703,1.6915,1691,58.620000000000005,187.2548016079731,398.5966,585.8514,492.224,0.0917,6.0948,0.7191,1691,58.620000000000005
201.2540518234918,384.738,585.6258,485.1819,0.0833,1.7854,0.6267,1692,58.64333333333334,201.47355914494426,384.9922,586.5529,485.7726,0.0167,1.9943,0.7599,1692,58.64333333333334,201.26422425426773,384.7827,585.9749,485.3788,0.1,1.2697,0.6764,1692,58.64333333333334,202.72258105493458,384.7827,587.7142,486.2485,0.0,1.2697,1.6502,1692,58.64333333333334,184.49901565920374,401.3584,585.8574,493.6079,0.1167,3.7652,0.6758,1692,58.64333333333334
201.27987638351448,384.7193,585.6578,485.1885,0.075,1.7934,0.6533,1693,58.67666666666667,201.5383832717772,384.9681,586.5817,485.7749,0.0083,1.9504,0.8189,1693,58.67666666666667,201.45400587914568,384.7874,586.1177,485.4526,0.0917,1.2705,0.5667,1693,58.67666666666667,202.74859022226153,384.7874,587.7434,486.2654,0.0,1.2705,1.609,1693,58.67666666666667,189.66482651765583,396.2662,585.931,491.0986,0.0667,8.1694,0.7514,1693,58.67666666666667
200.53915368592467,385.2657,585.6783,485.472,0.0917,1.6045,0.6085,1694,58.72166666666667,201.33485074342025,385.1373,586.5817,485.8595,0.0167,2.1453,0.8332,1694,58.72166666666667,201.42810669122952,384.7971,586.1182,485.4576,0.1,1.2352,0.5757,1694,58.72166666666667,202.72613899032444,384.7971,587.7418,486.2695,0.0,1.2352,1.5337,1694,58.72166666666667,188.65013478306608,397.2014,585.8515,491.5264,0.0917,6.8603,0.656,1694,58.72166666666667
200.62990292430837,385.1783,585.67,485.4242,0.0917,1.3857,0.6099,1695,58.74333333333335,201.42114862609822,385.0496,586.5845,485.817,0.0167,1.9552,0.8588,1695,58.74333333333335,201.4001998557414,384.8346,586.1126,485.4736,0.1,1.2822,0.7223,1695,58.74333333333335,202.70206012171982,384.8346,587.7378,486.2862,0.0,1.2822,1.5133,1695,58.74333333333335,188.80964454992102,397.0334,585.843,491.4382,0.0917,6.0585,0.6579,1695,58.74333333333335
200.50212848599128,385.589,586.0622,485.8256,0.075,2.6582,0.5808,1696,58.78,201.16394718617886,385.532,586.7293,486.1306,0.0167,2.5982,0.9886,1696,58.78,201.5504700278758,384.7722,586.129,485.4506,0.1,1.5526,0.6788,1696,58.78,202.8471529371634,384.7893,587.7446,486.2669,0.0,1.5645,1.6773,1696,58.78,184.1265252676814,401.9356,586.0622,493.9989,0.1333,3.5915,0.5808,1696,58.78
200.56554021315287,385.5916,586.1892,485.8904,0.0667,2.6807,0.6254,1697,58.81,201.0560778125458,385.5342,586.6616,486.0979,0.0167,2.5845,0.8246,1697,58.81,201.55136464852228,384.7685,586.1292,485.4489,0.1,1.5407,0.6791,1697,58.81,202.8496375811209,384.7857,587.7444,486.2651,0.0,1.5636,1.6814,1697,58.81,184.23520883815004,401.954,586.1892,494.0716,0.1333,3.8612,0.6254,1697,58.81
200.5729174241542,385.5941,586.1929,485.8935,0.0667,2.5939,0.5946,1698,58.843333333333334,201.06613548925625,385.5336,586.6731,486.1034,0.0167,2.5734,0.8563,1698,58.843333333333334,201.5574603448976,384.7566,586.1294,485.443,0.1,1.5271,0.7819,1698,58.843333333333334,202.86668045893987,384.774,587.754,486.264,0.0,1.5714,1.6649,1698,58.843333333333334,182.52614926039635,403.6667,586.1929,494.9298,0.175,4.033,0.5946,1698,58.843333333333334
200.500767923602,385.6867,586.1941,485.9404,0.0667,2.5985,0.6297,1699,58.87666666666667,200.99780095920335,385.6112,586.6775,486.1443,0.0167,2.5546,0.8772,1699,58.87666666666667,201.55641584815913,384.7578,586.1305,485.4442,0.1,1.5253,0.7817,1699,58.87666666666667,202.86692673635875,384.7752,587.7557,486.2655,0.0,1.5411,1.6663,1699,58.87666666666667,184.13810361843693,402.056,586.1941,494.125,0.125,3.7115,0.6297,1699,58.87666666666667
200.42553877499816,385.7356,586.1946,485.9651,0.0667,2.6269,0.6025,1700,58.91000000000001,200.91708721078206,385.6783,586.6734,486.1758,0.0167,2.676,0.8694,1700,58.91000000000001,201.61564510214444,384.7848,586.1375,485.4611,0.0917,1.7212,0.7618,1700,58.91000000000001,202.8603554605746,384.7848,587.7546,486.2697,0.0,1.7212,1.6803,1700,58.91000000000001,184.1396413173179,402.055,586.1946,494.1248,0.125,3.7549,0.6025,1700,58.91000000000001
200.4181186408429,385.7391,586.189,485.964,0.0667,2.6245,0.6261,1701,58.943333333333335,200.91169037826478,385.6811,586.6703,486.1757,0.0167,2.6834,0.8588,1701,58.943333333333335,201.6040539381033,384.7885,586.1292,485.4588,0.0917,1.7336,0.6741,1701,58.943333333333335,202.85126231685885,384.7885,587.7488,486.2686,0.0,1.7336,1.6821,1701,58.943333333333335,182.48337154143564,403.7056,586.189,494.9473,0.1833,3.7192,0.6261,1701,58.943333333333335
200.53340928960282,385.6606,586.1869,485.9238,0.0667,2.6994,0.6488,1702,58.976666666666674,200.4813799424363,385.8236,586.2575,486.0405,0.0167,2.7637,0.7019,1702,58.976666666666674,201.5253932100212,384.8386,586.063,485.4508,0.0917,1.7327,0.6893,1702,58.976666666666674,202.8005476928817,384.8386,587.7383,486.2885,0.0,1.7327,1.8227,1702,58.976666666666674,185.77599801443745,400.4109,586.1869,493.2989,0.1083,4.3512,0.6488,1702,58.976666666666674
200.2241134261204,385.8955,586.1808,486.0382,0.0667,2.7674,0.6562,1703,59.010000000000005,200.42696283488476,385.838,586.2528,486.0454,0.0167,2.9405,0.7059,1703,59.010000000000005,201.53138229460092,384.832,586.059,485.4455,0.0917,1.7921,0.6949,1703,59.010000000000005,202.80647559701134,384.832,587.7373,486.2846,0.0,1.7921,1.8261,1703,59.010000000000005,186.1850298136701,399.9958,586.1808,493.0883,0.1083,4.7053,0.6562,1703,59.010000000000005
200.35281087900816,385.762,586.1835,485.9728,0.0667,2.6044,0.6382,1704,59.04333333333334,200.55768437871552,385.7089,586.2536,485.9813,0.0167,2.7552,0.6994,1704,59.04333333333334,201.56211155966153,384.8011,586.0592,485.4302,0.0917,1.7784,0.6946,1704,59.04333333333334,202.83349218691282,384.8011,587.7374,486.2692,0.0,1.7784,1.8258,1704,59.04333333333334,185.80357128663272,400.38,586.1835,493.2817,0.1083,4.1814,0.6382,1704,59.04333333333334
200.37535920340326,385.7499,586.1861,485.968,0.0667,2.6309,0.6502,1705,59.07666666666667,200.578717664232,385.6886,586.2565,485.9726,0.0167,2.7985,0.7082,1705,59.07666666666667,201.56245080222328,384.8016,586.06,485.4308,0.0917,1.7794,0.6928,1705,59.07666666666667,202.8327676433097,384.8016,587.7373,486.2694,0.0,1.7794,1.8278,1705,59.07666666666667,187.0398143847638,399.1463,586.1861,492.6662,0.1,5.3387,0.6502,1705,59.07666666666667
199.90048483252986,385.7466,585.6869,485.7168,0.0667,2.7496,0.4952,1706,59.115,200.00429505624882,385.7161,585.5365,485.6263,0.0,2.7903,0.5496,1706,59.115,201.46817680466165,384.7048,586.173,485.4389,0.0917,1.4152,0.5096,1706,59.115,202.63906091329747,384.7245,587.5608,486.1426,0.0,1.4114,1.816,1706,59.115,187.19808844098017,398.4889,585.6869,492.0879,0.1167,5.5369,0.4952,1706,59.115
201.18841853200735,384.3354,585.4829,484.9092,0.0917,1.812,0.6092,1707,59.14333333333334,200.47702503867072,385.0827,585.4882,485.2855,0.0167,2.2625,0.568,1707,59.14333333333334,201.41035369016748,384.3061,585.4602,484.8832,0.1083,1.3037,0.7287,1707,59.14333333333334,202.75329654369597,384.3183,587.1737,485.746,0.0,1.364,1.7237,1707,59.14333333333334,183.73523383896043,401.8025,585.5377,493.6701,0.1417,2.0871,0.6056,1707,59.14333333333334
201.22092314999526,384.228,585.3198,484.7739,0.1083,1.8302,0.5514,1708,59.17666666666667,200.62375910719246,384.9635,585.5974,485.2804,0.0083,2.2269,0.67,1708,59.17666666666667,201.40548010532405,384.211,585.4459,484.8285,0.1083,1.3131,0.7017,1708,59.17666666666667,202.7751230550124,384.2252,587.1468,485.686,0.0,1.2395,1.7953,1708,59.17666666666667,183.5122122402161,401.4318,584.944,493.1879,0.1333,2.321,0.6156,1708,59.17666666666667
201.14710028034537,384.3283,585.3441,484.8362,0.1083,1.8799,0.5744,1709,59.21,200.6100966082887,385.0767,585.7166,485.3966,0.0167,2.325,0.6713,1709,59.21,201.50414695416003,384.197,585.4531,484.8251,0.1,1.2436,0.7065,1709,59.21,202.81811004658306,384.197,587.15,485.6735,0.0,1.2436,1.7855,1709,59.21,181.94307184898057,403.0444,584.9875,494.0159,0.1583,1.5834,0.6099,1709,59.21
201.38179110002903,384.1935,585.3641,484.7788,0.0833,1.6921,0.568,1710,59.24333333333335,200.50695278348203,384.9491,585.2619,485.1055,0.0167,2.1665,0.5439,1710,59.24333333333335,201.49658121776196,384.2026,585.4555,484.829,0.1,1.2411,0.6871,1710,59.24333333333335,202.79483161368339,384.2026,587.1414,485.672,0.0,1.2411,1.6989,1710,59.24333333333335,182.4060000315379,403.1845,585.5905,494.3875,0.15,1.7405,0.646,1710,59.24333333333335
201.36631478497415,384.3107,585.4347,484.8727,0.075,1.845,0.612,1711,59.27666666666667,200.571408862923,385.0504,585.5,485.2752,0.0167,2.0135,0.596,1711,59.27666666666667,201.48501470261283,384.2464,585.5597,484.9031,0.1,1.252,0.7091,1711,59.27666666666667,202.81073760278073,384.2464,587.2225,485.7345,0.0,1.252,1.6694,1711,59.27666666666667,182.6154814821757,402.9763,585.5918,494.284,0.1333,1.5192,0.6075,1711,59.27666666666667
201.24787608872072,384.3986,585.4006,484.8996,0.075,1.777,0.6228,1712,59.31,200.39261518977793,385.1023,585.2999,485.2011,0.0083,1.6921,0.6428,1712,59.31,201.59893253369182,384.3348,585.7136,485.0242,0.1,1.3509,0.601,1712,59.31,202.8157368409601,384.3348,587.2856,485.8102,0.0,1.3509,1.7127,1712,59.31,184.15538666832117,401.4089,585.5643,493.4866,0.1083,2.7028,0.635,1712,59.31
201.42002627392057,384.3973,585.3935,484.8954,0.0667,1.7625,0.6857,1713,59.343333333333334,200.46040364419682,385.1025,585.338,485.2203,0.0083,1.6886,0.6717,1713,59.343333333333334,201.72337161869828,384.3319,585.8396,485.0858,0.1,1.3614,0.5934,1713,59.343333333333334,202.91214747092522,384.3319,587.3712,485.8516,0.0,1.3614,1.6131,1713,59.343333333333334,183.96150673444322,401.5047,585.4662,493.4855,0.1083,2.7146,0.5369,1713,59.343333333333334
200.94296188587438,384.7804,585.3986,485.0895,0.0583,1.9881,0.5585,1714,59.37666666666667,200.26127790470616,385.3359,585.338,485.3369,0.0083,2.1632,0.6484,1714,59.37666666666667,201.49249663599798,384.5479,585.851,485.1995,0.1417,1.243,0.6032,1714,59.37666666666667,202.62021026476873,384.5875,587.3858,485.9866,0.0,1.3728,1.6354,1714,59.37666666666667,187.27405914479328,398.073,585.3471,491.7101,0.0917,6.3067,0.604,1714,59.37666666666667
201.42096668593777,384.5665,585.4772,485.0219,0.075,1.7242,0.6015,1715,59.41000000000001,200.36104727799795,385.281,585.3681,485.3245,0.0,1.901,0.6174,1715,59.41000000000001,201.4415071192915,384.4155,585.765,485.0902,0.1083,1.2707,0.7037,1715,59.41000000000001,202.67108145507598,384.5275,587.4208,485.9741,0.0,1.3256,1.7178,1715,59.41000000000001,185.44681302839078,400.0304,585.4772,492.7538,0.1083,3.8613,0.6015,1715,59.41000000000001
201.56879189376036,384.459,585.929,485.194,0.075,1.8696,0.4343,1716,59.44666666666667,200.65461427637658,385.4934,586.0853,485.7894,0.0,1.822,0.5856,1716,59.44666666666667,201.59589082426538,384.556,586.0165,485.2862,0.1083,1.4402,0.6141,1716,59.44666666666667,202.93160947616977,384.556,587.6442,486.1001,0.0,1.4402,1.6926,1716,59.44666666666667,182.78087732773324,403.1481,585.929,494.5386,0.1917,2.4347,0.4343,1716,59.44666666666667
201.57071486674502,384.4806,585.9753,485.2279,0.075,1.7878,0.3992,1717,59.476666666666674,200.9727817804526,385.2369,586.0815,485.6592,0.0,1.8653,0.5763,1717,59.476666666666674,201.5868719126047,384.5464,586.0209,485.2837,0.1083,1.4216,0.6076,1717,59.476666666666674,202.94039989736137,384.5464,587.649,486.0977,0.0,1.4216,1.7562,1717,59.476666666666674,186.87096186201137,398.5389,585.4391,491.989,0.1333,5.1471,0.6518,1717,59.476666666666674
201.41629065170912,384.6588,586.0181,485.3385,0.0833,2.1609,0.3713,1718,59.52166666666667,200.1288308498333,385.7392,585.8144,485.7768,0.0,2.1448,0.5902,1718,59.52166666666667,201.9493362863041,384.5982,586.7,485.6491,0.075,1.7357,0.5887,1718,59.52166666666667,202.94608792083343,384.5982,587.7187,486.1585,0.0,1.7357,1.6619,1718,59.52166666666667,187.2156764569461,398.8025,586.0181,492.4103,0.1417,5.8665,0.3713,1718,59.52166666666667
201.5290087002883,384.5205,585.9824,485.2514,0.0667,1.9882,0.3709,1719,59.545,200.58480397013798,385.3998,585.8281,485.614,0.0,1.8267,0.6102,1719,59.545,201.9751714168705,384.5877,586.7657,485.6767,0.1,1.7804,0.5824,1719,59.545,202.9434537690494,384.5877,587.6985,486.1431,0.0,1.7804,1.6951,1719,59.545,187.93987156274454,397.632,585.5718,491.6019,0.1,4.9887,0.5922,1719,59.545
201.6119595261185,384.4508,585.9814,485.2161,0.075,1.7546,0.3717,1720,59.57666666666667,200.32639556029642,385.5889,585.8257,485.7073,0.0,1.9533,0.6161,1720,59.57666666666667,201.83107224966366,384.6911,586.3453,485.5182,0.0917,1.7281,0.581,1720,59.57666666666667,202.8753338409882,384.6911,587.6925,486.1918,0.0,1.7281,1.6945,1720,59.57666666666667,191.1978280883114,394.7836,585.9814,490.3825,0.075,11.5062,0.3717,1720,59.57666666666667
201.5942083696173,384.4791,585.983,485.2311,0.075,1.8431,0.3813,1721,59.61000000000001,200.3044237651306,385.6508,585.8269,485.7388,0.0,1.8302,0.6112,1721,59.61000000000001,201.90677678334285,384.6958,586.7687,485.7323,0.1,1.7453,0.584,1721,59.61000000000001,202.87594117755128,384.6958,587.7004,486.1981,0.0,1.7453,1.6961,1721,59.61000000000001,189.97221559919225,395.5966,585.5688,490.5827,0.075,7.6266,0.5868,1721,59.61000000000001
201.39296422117317,384.6719,585.9837,485.3278,0.075,2.1893,0.3797,1722,59.64666666666667,200.11187736175697,385.8451,585.8258,485.8354,0.0,2.0559,0.6095,1722,59.64666666666667,201.84948446217157,384.7565,586.767,485.7618,0.1,1.6473,0.5835,1722,59.64666666666667,202.81264272377663,384.7565,587.6928,486.2246,0.0,1.6473,1.6947,1722,59.64666666666667,190.73677934147042,395.2469,585.9837,490.6153,0.075,7.8249,0.3797,1722,59.64666666666667
201.5747167996946,384.4974,585.9816,485.2395,0.0833,1.9658,0.3771,1723,59.67666666666667,200.10712065638867,385.8627,585.8243,485.8435,0.0,1.9273,0.6122,1723,59.67666666666667,201.85221597772673,384.7523,586.7694,485.7609,0.1083,1.6335,0.5765,1723,59.67666666666667,202.78765956429936,384.7705,587.6957,486.2331,0.0,1.6541,1.6885,1723,59.67666666666667,182.88941783231,403.0921,585.9816,494.5368,0.1583,2.3941,0.3771,1723,59.67666666666667
201.57618274121924,384.5155,586.1033,485.3094,0.1083,1.9329,0.3661,1724,59.71,200.10416444487393,385.8829,585.8572,485.87,0.0083,1.7924,0.6776,1724,59.71,201.81924455174178,384.7487,586.6907,485.7197,0.0833,1.5104,0.6003,1724,59.71,202.80846828944584,384.7665,587.7238,486.2452,0.0,1.6189,1.6341,1724,59.71,183.27063316824933,402.6891,585.9598,494.3244,0.15,2.8239,0.4283,1724,59.71
201.50881643482575,384.6291,585.9406,485.2849,0.0583,1.9423,0.6249,1725,59.75000000000001,200.21313331315199,385.8325,585.8887,485.8606,0.0,1.8947,0.7363,1725,59.75000000000001,201.89465978465424,384.7288,586.7223,485.7255,0.0833,1.5453,0.677,1725,59.75000000000001,202.8620620175252,384.7467,587.7569,486.2518,0.0,1.6162,1.5842,1725,59.75000000000001,183.25583605780778,402.6848,585.9406,494.3127,0.1417,2.9035,0.6249,1725,59.75000000000001
201.43583573407932,384.8083,586.096,485.4521,0.075,1.9239,0.637,1726,59.78,201.29235823107007,385.285,586.6331,485.959,0.0167,2.1463,0.9044,1726,59.78,201.73652834828476,384.8498,586.3136,485.5817,0.0833,1.5225,0.6504,1726,59.78,202.85228096295467,384.8498,587.8262,486.338,0.0,1.5225,1.7514,1726,59.78,182.31372891068443,403.7823,586.096,494.9392,0.1583,2.4669,0.637,1726,59.78
201.43742054915793,384.7897,586.0966,485.4432,0.075,1.8323,0.7968,1727,59.81,200.96933431240186,385.2699,586.2369,485.7534,0.0167,2.2681,0.8626,1727,59.81,201.62667249902677,384.8411,586.2085,485.5248,0.0917,1.4753,0.6195,1727,59.81,202.85493410265133,384.8411,587.8247,486.3329,0.0,1.4753,1.7155,1727,59.81,185.28903342879005,400.8076,586.0966,493.4521,0.1083,3.4199,0.7968,1727,59.81
201.4127378172147,384.8152,586.0951,485.4552,0.0833,1.8054,0.8048,1728,59.851666666666674,201.03855257984844,385.2971,586.3357,485.8164,0.0167,2.2156,0.9825,1728,59.851666666666674,201.71766302199774,384.8469,586.3084,485.5777,0.0833,1.4672,0.6969,1728,59.851666666666674,202.84710018477625,384.8469,587.8235,486.3352,0.0,1.4672,1.7305,1728,59.851666666666674,185.28354399079814,400.8115,586.0951,493.4533,0.1167,3.4238,0.8048,1728,59.851666666666674
201.41405337516213,384.8077,586.0913,485.4495,0.075,1.7593,0.7755,1729,59.87666666666667,200.9481275887358,385.2861,586.2321,485.7591,0.0167,2.2042,0.8722,1729,59.87666666666667,201.62516191809456,384.852,586.2094,485.5307,0.0917,1.4595,0.6198,1729,59.87666666666667,202.84592717079911,384.852,587.8241,486.3381,0.0,1.4595,1.717,1729,59.87666666666667,188.3788244849466,397.7125,586.0913,491.9019,0.0917,5.317,0.7755,1729,59.87666666666667
201.40457765629233,384.8311,586.1063,485.4687,0.075,1.7368,0.6816,1730,59.91000000000001,200.93685713096627,385.3084,586.2426,485.7755,0.0167,2.1374,0.8542,1730,59.91000000000001,201.62788071373788,384.8633,586.2252,485.5442,0.0917,1.4461,0.6226,1730,59.91000000000001,202.84430186985676,384.8633,587.8334,486.3483,0.0,1.4461,1.6339,1730,59.91000000000001,187.58498828629214,398.5213,586.1063,492.3138,0.1417,5.6033,0.6816,1730,59.91000000000001
201.84134517590377,384.5474,586.0335,485.2904,0.1,1.9979,0.7959,1731,59.955000000000005,200.83542666732126,385.5898,586.4253,486.0076,0.0167,2.2273,1.0459,1731,59.955000000000005,201.33904226142855,384.8102,586.089,485.4496,0.1167,1.2882,0.6612,1731,59.955000000000005,202.7687152132075,384.8567,587.7707,486.3137,0.0,1.4293,1.7351,1731,59.955000000000005,187.57522852521046,398.4582,586.0335,492.2459,0.1,6.4401,0.7959,1731,59.955000000000005
201.12120137938695,385.0983,586.0869,485.5926,0.1083,2.255,0.6705,1732,59.976666666666674,200.86126609449394,385.7517,586.6145,486.1831,0.0167,2.4267,1.4919,1732,59.976666666666674,201.47648071557305,384.8968,586.1834,485.5401,0.0917,1.5383,0.7635,1732,59.976666666666674,202.7194078468892,384.9076,587.7769,486.3422,0.0,1.5727,1.7379,1732,59.976666666666674,182.68793412786496,403.3989,586.0869,494.7429,0.1667,2.5341,0.6705,1732,59.976666666666674
201.70683014519923,384.6921,586.0732,485.3827,0.1,1.8678,0.8405,1733,60.010000000000005,200.65729856798848,385.6963,586.3536,486.025,0.0083,2.4296,1.0726,1733,60.010000000000005,201.20110882792255,384.9644,586.0395,485.502,0.1167,1.3989,0.6622,1733,60.010000000000005,202.69223268646317,384.9903,587.7918,486.3911,0.0,1.5819,1.806,1733,60.010000000000005,186.5795479819643,399.4936,586.0732,492.7834,0.1,5.8266,0.8405,1733,60.010000000000005
201.65997616043853,384.6801,586.1069,485.3935,0.1,1.8989,0.8127,1734,60.05500000000001,200.52918079782347,385.6779,586.2113,485.9446,0.0083,2.4511,0.881,1734,60.05500000000001,201.21529640617368,384.9631,586.0407,485.5019,0.1167,1.4058,0.6577,1734,60.05500000000001,202.6963122712686,384.9886,587.7922,486.3904,0.0,1.575,1.8043,1734,60.05500000000001,187.64418503809108,398.4628,586.1069,492.2848,0.1083,6.5657,0.8127,1734,60.05500000000001
201.6577006347585,384.6837,586.1052,485.3945,0.1,1.9585,0.7958,1735,60.07666666666667,200.52925329584593,385.678,586.2115,485.9448,0.0083,2.328,0.8828,1735,60.07666666666667,201.22538184929252,384.9617,586.0434,485.5026,0.1167,1.4086,0.6685,1735,60.07666666666667,202.7027065482105,384.9871,587.7968,486.3919,0.0,1.5679,1.8003,1735,60.07666666666667,187.63947076406484,398.4657,586.1052,492.2855,0.1,6.3964,0.7958,1735,60.07666666666667
201.42979620619,384.9041,586.1928,485.5485,0.0833,1.8878,0.7706,1736,60.115,201.11917804794047,385.5326,586.6815,486.1071,0.0,2.0247,1.0196,1736,60.115,201.11459183591074,384.9373,586.1095,485.5234,0.1,1.4787,0.5911,1736,60.115,202.64429026912066,384.9373,587.8123,486.3748,0.0,1.4787,1.7678,1736,60.115,188.20075906194987,397.9921,586.1928,492.0925,0.1,6.6062,0.7706,1736,60.115
201.42961915607717,384.8819,586.1932,485.5376,0.075,1.867,0.7713,1737,60.155,201.30599632575556,385.3514,586.6839,486.0177,0.0,2.0379,1.0181,1737,60.155,201.1352520189049,384.9338,586.1098,485.5218,0.1,1.523,0.5911,1737,60.155,202.65552371394244,384.9338,587.8124,486.3731,0.0,1.523,1.7674,1737,60.155,187.7946263006745,398.3986,586.1932,492.2959,0.0833,5.1563,0.7713,1737,60.155
201.4112886034533,384.8972,586.1885,485.5428,0.075,1.9054,0.7698,1738,60.17666666666667,201.27382186746772,385.3807,586.6824,486.0316,0.0,1.9972,1.0143,1738,60.17666666666667,201.14975316970123,384.9378,586.1095,485.5237,0.1,1.5318,0.578,1738,60.17666666666667,202.6581381398623,384.9378,587.8115,486.3746,0.0,1.5318,1.7673,1738,60.17666666666667,187.7699783224624,398.4185,586.1885,492.3035,0.0833,5.2626,0.7698,1738,60.17666666666667
201.38100490074768,384.909,586.0958,485.5024,0.0917,1.929,0.6905,1739,60.21,201.25240141400366,385.5353,586.802,486.1687,0.0,2.1962,1.1398,1739,60.21,201.18547341073796,384.9234,586.1052,485.5143,0.1,1.5631,0.5589,1739,60.21,202.68044936427813,384.9234,587.8107,486.3671,0.0,1.5631,1.7742,1739,60.21,182.95923421096663,403.1366,586.0958,494.6162,0.1667,2.7054,0.6905,1739,60.21
201.41381965404565,384.9015,586.1799,485.5407,0.0833,1.9205,0.7427,1740,60.24333333333335,201.11363851313945,385.5304,586.6766,486.1035,0.0,2.1115,1.0082,1740,60.24333333333335,201.15604624044073,384.9292,586.1012,485.5152,0.1,1.5581,0.5394,1740,60.24333333333335,202.66393598756179,384.9292,587.8019,486.3655,0.0,1.5581,1.7653,1740,60.24333333333335,183.04641800098693,403.1335,586.1799,494.6567,0.1583,2.755,0.7427,1740,60.24333333333335
201.41333090089068,384.8926,586.1772,485.5349,0.0833,1.9364,0.7577,1741,60.27666666666667,201.1211376741499,385.5165,586.6703,486.0934,0.0,2.0947,1.0153,1741,60.27666666666667,201.1563015763332,384.9299,586.1054,485.5177,0.1,1.5745,0.552,1741,60.27666666666667,202.66119117929452,384.9299,587.8025,486.3662,0.0,1.5745,1.7528,1741,60.27666666666667,183.051047980469,403.1261,586.1772,494.6516,0.1583,2.7539,0.7577,1741,60.27666666666667
201.4122480880081,384.8934,586.1779,485.5356,0.0833,1.9575,0.7546,1742,60.31,201.1219179936236,385.516,586.6705,486.0932,0.0,2.0621,1.0131,1742,60.31,201.15557396569386,384.9321,586.1034,485.5178,0.1,1.5757,0.553,1742,60.31,202.66005962897398,384.9321,587.8008,486.3665,0.0,1.5757,1.7521,1742,60.31,183.04432976056367,403.1336,586.1779,494.6558,0.1583,2.7545,0.7546,1742,60.31
201.40635417728933,384.9029,586.1828,485.5429,0.0833,1.9953,0.752,1743,60.343333333333334,201.11485411670768,385.5262,586.6729,486.0995,0.0,2.1092,1.0275,1743,60.343333333333334,201.14748444852643,384.9302,586.106,485.5181,0.1,1.5588,0.5509,1743,60.343333333333334,202.65982462323612,384.9302,587.8048,486.3675,0.0,1.5588,1.7564,1743,60.343333333333334,183.0437175725964,403.1391,586.1828,494.661,0.1583,2.6853,0.752,1743,60.343333333333334
201.41492675139997,384.9068,586.1772,485.542,0.0833,2.0059,0.7423,1744,60.37666666666667,201.11203161863264,385.5288,586.6726,486.1007,0.0,2.1184,1.0097,1744,60.37666666666667,201.1357845653513,384.9339,586.1038,485.5188,0.1,1.5272,0.5529,1744,60.37666666666667,202.65143630714718,384.9339,587.8014,486.3677,0.0,1.5272,1.7521,1744,60.37666666666667,183.03305245858738,403.1441,586.1772,494.6606,0.1583,2.7694,0.7423,1744,60.37666666666667
201.4122767169746,384.9091,586.1763,485.5427,0.0833,1.9437,0.7466,1745,60.41000000000001,201.10845934748824,385.5311,586.6721,486.1016,0.0,2.1062,1.0097,1745,60.41000000000001,201.11708722303777,384.9341,586.1048,485.5195,0.1,1.5083,0.5523,1745,60.41000000000001,202.64392014196758,384.9341,587.8025,486.3683,0.0,1.5083,1.7531,1745,60.41000000000001,183.03875493482076,403.1375,586.1763,494.6569,0.1583,2.7395,0.7466,1745,60.41000000000001
200.97874894057838,384.9811,585.664,485.3226,0.1,1.021,0.6094,1746,60.44833333333334,201.37269015109067,385.1899,586.517,485.8535,0.025,1.2738,0.766,1746,60.44833333333334,201.27719895584858,384.9161,586.1933,485.5547,0.125,1.03,0.5615,1746,60.44833333333334,202.73233860676285,384.9027,587.8483,486.3755,0.0,1.11,1.6835,1746,60.44833333333334,186.9975342554534,398.6938,585.6946,492.1942,0.075,5.8422,0.5623,1746,60.44833333333334
201.1642411351347,384.9433,585.678,485.3107,0.0917,1.0887,0.6235,1747,60.476666666666674,201.38268808317193,385.1561,586.5199,485.838,0.025,1.2214,0.7846,1747,60.476666666666674,201.93101680265818,384.8604,586.9722,485.9163,0.1,1.1708,0.8836,1747,60.476666666666674,202.73882317705903,384.9002,587.8489,486.3746,0.0,1.1087,1.6857,1747,60.476666666666674,187.073554347838,398.6985,585.772,492.2353,0.0667,5.9007,0.5802,1747,60.476666666666674
201.14770649253205,384.9455,585.674,485.3098,0.0917,1.1515,0.6129,1748,60.52166666666667,201.3867315234276,385.1574,586.5131,485.8353,0.025,1.257,0.7625,1748,60.52166666666667,201.93206266885358,384.8556,586.9674,485.9115,0.1,1.188,0.8555,1748,60.52166666666667,202.73799225013005,384.8952,587.8443,486.3697,0.0,1.1283,1.6875,1748,60.52166666666667,187.0431210039024,398.7182,585.7613,492.2397,0.0667,5.9439,0.5465,1748,60.52166666666667
201.3837791285803,384.8303,585.671,485.2506,0.1083,1.1632,0.6329,1749,60.54333333333334,201.38782522563736,385.1361,586.5162,485.8262,0.025,1.2871,0.8022,1749,60.54333333333334,201.7575996853095,385.0515,586.9198,485.9856,0.0917,1.1121,0.8454,1749,60.54333333333334,202.71183671546333,384.9011,587.8434,486.3722,0.0083,1.0426,1.6968,1749,60.54333333333334,187.23282943823332,398.7137,585.9465,492.3301,0.1,5.934,0.5274,1749,60.54333333333334
201.3735180433797,384.8449,585.6726,485.2588,0.1,1.242,0.6367,1750,60.57666666666667,201.39124831024267,385.1315,586.5122,485.8219,0.0167,1.3887,0.7762,1750,60.57666666666667,201.76086007515795,385.0477,586.9194,485.9836,0.0917,1.1009,0.8111,1750,60.57666666666667,202.71507752068524,384.8971,587.8434,486.3703,0.0083,1.0565,1.6811,1750,60.57666666666667,187.21770080519994,398.7257,585.9434,492.3345,0.1,6.0095,0.5303,1750,60.57666666666667
201.3834232231456,384.8651,585.6833,485.2742,0.0917,1.3981,0.5793,1751,60.61000000000001,201.36048342850623,385.1592,586.5085,485.8338,0.0167,1.3813,0.8225,1751,60.61000000000001,201.7901970635271,385.0473,586.962,486.0046,0.1,1.1078,0.8025,1751,60.61000000000001,202.7119154179239,384.8974,587.8395,486.3685,0.0083,1.1004,1.6769,1751,60.61000000000001,186.7212487099446,399.1996,585.9208,492.5602,0.1,5.8116,0.6129,1751,60.61000000000001
201.30928570023045,384.8912,585.673,485.2821,0.1,1.2111,0.6322,1752,60.64333333333334,201.28443196789112,385.1908,586.3205,485.7557,0.0167,1.3228,0.761,1752,60.64333333333334,201.75943295887444,385.0744,586.9621,486.0183,0.1,1.0898,0.7995,1752,60.64333333333334,202.67997193857482,384.92,587.8392,486.3796,0.0083,1.0216,1.6749,1752,60.64333333333334,187.13408480519539,398.7846,585.9187,492.3517,0.0833,5.9706,0.6341,1752,60.64333333333334
201.16771939556156,384.9442,585.6736,485.3089,0.1,1.2532,0.624,1753,60.67666666666667,201.03459005435926,385.3826,586.3244,485.8535,0.0167,1.353,0.7727,1753,60.67666666666667,201.75349822373724,385.081,586.9637,486.0223,0.1,1.1393,0.7967,1753,60.67666666666667,202.6746343990706,384.9276,587.8397,486.3836,0.0083,1.0703,1.6824,1753,60.67666666666667,183.48656001196338,402.4546,585.9411,494.1979,0.125,4.0654,0.5292,1753,60.67666666666667
201.15837662058402,384.967,585.682,485.3245,0.1,1.1521,0.6157,1754,60.71,201.10437671800725,385.4021,586.5013,485.9517,0.0167,1.3893,0.8196,1754,60.71,201.74247421921058,385.0966,586.9664,486.0315,0.1,1.1488,0.7834,1754,60.71,202.66274244895772,384.9498,587.8401,486.395,0.0083,1.0662,1.6791,1754,60.71,183.49010843787568,402.4464,585.9365,494.1915,0.1333,3.993,0.5389,1754,60.71
201.1443486588937,384.9717,585.6802,485.3259,0.1,1.188,0.6082,1755,60.74333333333335,201.01278094976007,385.4028,586.3208,485.8618,0.0167,1.3828,0.7634,1755,60.74333333333335,201.74197097230112,385.0972,586.9659,486.0316,0.1,1.1505,0.7853,1755,60.74333333333335,202.66087914199923,384.9506,587.8393,486.395,0.0083,1.0751,1.6756,1755,60.74333333333335,183.50622005916034,402.4366,585.9428,494.1897,0.1333,4.0192,0.5365,1755,60.74333333333335
200.22248053804861,385.3159,585.7809,485.5484,0.1,1.3194,0.6279,1756,60.78166666666667,201.25988050820405,385.3591,586.527,485.9431,0.0,1.6146,0.8188,1756,60.78166666666667,201.29370244746943,384.9913,586.1923,485.5918,0.1083,1.6525,0.57,1756,60.78166666666667,202.66900850051275,385.0068,587.8455,486.4261,0.0,1.5541,1.5105,1756,60.78166666666667,186.93262407092087,398.6058,585.7809,492.1934,0.1417,6.1687,0.6279,1756,60.78166666666667
200.35023284617864,385.3465,585.8213,485.5839,0.075,1.4951,0.6641,1757,60.81,200.96024181380338,385.5309,586.4912,486.011,0.0,1.7288,0.8629,1757,60.81,201.28281338073631,384.9928,586.1974,485.5951,0.1083,1.5614,0.5798,1757,60.81,202.65704246049222,385.009,587.8374,486.4232,0.0,1.5334,1.5502,1757,60.81,187.09690267482992,398.5998,585.8213,492.2105,0.1333,6.1745,0.6641,1757,60.81
200.44602503897096,385.2769,585.8306,485.5538,0.0583,1.5504,0.6897,1758,60.843333333333334,200.6668068572614,385.5041,586.1709,485.8375,0.0,1.7092,0.7885,1758,60.843333333333334,201.28247231380684,384.9929,586.1975,485.5952,0.1083,1.5778,0.5815,1758,60.843333333333334,202.6685988442883,385.0095,587.8499,486.4297,0.0,1.5465,1.5611,1758,60.843333333333334,185.36718415765995,400.3557,585.8306,493.0932,0.125,5.1747,0.6897,1758,60.843333333333334
200.52594161136415,385.1646,585.8201,485.4924,0.0833,1.4624,0.6875,1759,60.87666666666667,201.23308530652176,385.3545,586.4962,485.9254,0.0,1.6315,0.8332,1759,60.87666666666667,201.31924883674088,384.985,586.2038,485.5944,0.1083,1.5838,0.5825,1759,60.87666666666667,202.68162756460737,384.9997,587.851,486.4254,0.0,1.502,1.5946,1759,60.87666666666667,187.10205938243476,398.5885,585.8201,492.2043,0.1333,6.2055,0.6875,1759,60.87666666666667
200.64348478936262,385.0751,585.8302,485.4526,0.075,1.4234,0.6942,1760,60.91000000000001,200.92665592771044,385.3356,586.1569,485.7462,0.0,1.6991,0.8077,1760,60.91000000000001,201.64929922546304,384.9547,586.3661,485.6604,0.1,1.5559,0.5165,1760,60.91000000000001,202.84647089108452,384.9547,587.929,486.4418,0.0,1.5559,1.4929,1760,60.91000000000001,182.60620351726212,403.1124,585.8302,494.4713,0.1333,3.7177,0.6942,1760,60.91000000000001
201.30907433068757,384.846,585.7095,485.2777,0.0583,1.5221,0.6611,1761,60.943333333333335,201.39000832686926,385.0382,586.1408,485.5895,0.0083,1.6691,0.8165,1761,60.943333333333335,201.61613429275343,384.9341,586.3591,485.6466,0.1083,1.4982,0.66,1761,60.943333333333335,202.81676878616466,384.9485,587.8952,486.4219,0.0,1.5552,1.5433,1761,60.943333333333335,182.5825565140657,403.1269,585.7095,494.4182,0.1333,3.6931,0.6611,1761,60.943333333333335
201.400924240269,384.6639,585.4934,485.0787,0.075,1.5718,0.7444,1762,60.97833333333334,201.59530913379407,384.7736,586.0465,485.4101,0.0083,1.5648,0.7809,1762,60.97833333333334,201.46626637951937,384.6798,586.0831,485.3814,0.1083,1.2836,0.6339,1762,60.97833333333334,202.77433383243755,384.7012,587.6829,486.192,0.0,1.4193,1.6082,1762,60.97833333333334,183.81526142554466,401.6781,585.4934,493.5857,0.1417,3.7462,0.7444,1762,60.97833333333334
201.334895647082,384.6191,585.4056,485.0124,0.0833,1.4753,0.6393,1763,61.010000000000005,201.40687740264116,384.8994,585.9475,485.4234,0.0083,1.4071,0.7118,1763,61.010000000000005,201.5421108480312,384.5689,586.0367,485.3028,0.1083,1.2986,0.6215,1763,61.010000000000005,202.85732901461142,384.5896,587.6506,486.1201,0.0,1.4359,1.6312,1763,61.010000000000005,186.77682596807486,398.6275,585.4056,492.0166,0.1083,5.5267,0.6393,1763,61.010000000000005
201.07096174901065,384.4825,585.3398,484.9111,0.0917,1.6686,0.6108,1764,61.04333333333334,201.25485345570692,384.8775,585.7596,485.3186,0.0083,1.7254,0.6293,1764,61.04333333333334,201.44284374225953,384.5848,585.9544,485.2696,0.1,1.3485,0.5595,1764,61.04333333333334,202.73417389071878,384.6061,587.5368,486.0714,0.0,1.5009,1.6657,1764,61.04333333333334,182.8622159966667,402.3263,585.3398,493.833,0.1583,3.6697,0.6108,1764,61.04333333333334
200.95727622005165,384.5753,585.3664,484.9709,0.0583,1.5761,0.608,1765,61.080000000000005,201.18727054339783,384.8992,585.7176,485.3084,0.0083,1.6555,0.5907,1765,61.080000000000005,201.4082736417034,384.5911,585.9318,485.2615,0.1,1.3802,0.5827,1765,61.080000000000005,202.71666144003783,384.6127,587.527,486.0699,0.0,1.5021,1.6747,1765,61.080000000000005,182.3413026511496,402.9367,585.3664,494.1516,0.125,3.3985,0.608,1765,61.080000000000005
201.8380622189182,384.1722,585.5862,484.8792,0.1,1.2935,0.6767,1766,61.11333333333334,200.99973295549592,385.2972,586.4138,485.8555,0.0167,1.6295,0.8082,1766,61.11333333333334,201.29844947412872,384.7317,586.0301,485.3809,0.0833,1.4375,0.7439,1766,61.11333333333334,202.68889973853226,384.526,587.3859,485.9559,0.0,1.5388,1.6917,1766,61.11333333333334,184.33876730025912,401.2474,585.5862,493.4168,0.1083,3.965,0.6767,1766,61.11333333333334
200.478583256498,385.2323,585.5615,485.3969,0.0833,2.2598,0.6717,1767,61.14,201.13056594640275,385.3604,586.5316,485.946,0.0167,1.5979,0.9812,1767,61.14,201.60492456701303,384.7697,586.3747,485.5722,0.0833,1.4537,0.6039,1767,61.14,202.67201614057024,384.5416,587.4172,485.9794,0.0,1.5081,1.6514,1767,61.14,183.8119829845252,401.7495,585.5615,493.6555,0.125,4.0518,0.6717,1767,61.14
201.47034404601246,384.5398,585.5684,485.0541,0.075,1.2095,0.6489,1768,61.18333333333334,201.0149425818282,385.2786,586.3998,485.8392,0.0167,1.5118,0.8116,1768,61.18333333333334,201.30858366307683,384.8635,586.1721,485.5178,0.1083,1.2767,0.6326,1768,61.18333333333334,202.64619345612053,384.587,587.4193,486.0031,0.0,1.4108,1.6763,1768,61.18333333333334,184.2458946924636,401.3226,585.5684,493.4455,0.1083,4.1826,0.6489,1768,61.18333333333334
201.5631891321514,384.4518,585.5509,485.0014,0.0917,1.035,0.6679,1769,61.21,201.18981732357855,385.2933,586.5308,485.912,0.0167,1.4116,0.9785,1769,61.21,201.45267575248968,384.8477,586.3003,485.574,0.0917,1.2508,0.6834,1769,61.21,202.65914439902454,384.5883,587.4308,486.0095,0.0,1.3989,1.6691,1769,61.21,185.0561517085745,400.4948,585.5509,493.0229,0.1,3.3076,0.6679,1769,61.21
201.60293534286228,384.4637,585.6384,485.051,0.0917,1.2571,0.672,1770,61.24333333333335,201.197221257899,385.35,586.5884,485.9692,0.0167,1.4368,0.829,1770,61.24333333333335,201.1940698419654,384.8465,586.0406,485.4436,0.1083,1.2808,0.6694,1770,61.24333333333335,202.68140246823103,384.6276,587.5074,486.0675,0.0,1.4796,1.6555,1770,61.24333333333335,184.6418884466895,400.9965,585.6384,493.3174,0.125,3.8032,0.672,1770,61.24333333333335
201.2180265747876,384.8146,585.6886,485.2516,0.075,1.7484,0.705,1771,61.28500000000001,201.21732798995112,385.3337,586.6133,485.9735,0.0083,1.661,0.8798,1771,61.28500000000001,201.15142276433644,384.9607,586.1121,485.5364,0.1083,1.2889,0.7326,1771,61.28500000000001,202.62848550684043,384.7042,587.5382,486.1212,0.0,1.491,1.6166,1771,61.28500000000001,182.12895572445507,403.5596,585.6886,494.6241,0.125,2.9686,0.705,1771,61.28500000000001
201.25488437304168,384.7252,585.6924,485.2088,0.075,1.6616,0.6995,1772,61.31,201.26759625981762,385.3218,586.6182,485.97,0.0083,1.7921,0.8973,1772,61.31,201.33534428459146,384.9599,586.2952,485.6275,0.0833,1.3216,0.7658,1772,61.31,202.5869619067492,384.756,587.5477,486.1518,0.0,1.5096,1.6273,1772,61.31,182.65541881197478,403.037,585.6924,494.3647,0.1167,3.1488,0.6995,1772,61.31
201.4271913906111,384.7576,585.9377,485.3477,0.1,1.8155,0.7221,1773,61.34333333333334,201.31210630802926,385.3518,586.6998,486.0258,0.0083,1.8391,0.9844,1773,61.34333333333334,201.4523641254371,384.9118,586.3642,485.638,0.0833,1.2996,0.7909,1773,61.34333333333334,202.63121273577687,384.8224,587.6146,486.2185,0.0,1.5515,1.4187,1773,61.34333333333334,183.4013813909521,402.5363,585.9377,494.237,0.1417,3.3706,0.7221,1773,61.34333333333334
201.51280855542515,384.7394,585.781,485.2602,0.075,1.8053,0.724,1774,61.388333333333335,201.37468354431445,385.3213,586.7345,486.0279,0.0083,1.9264,0.9779,1774,61.388333333333335,201.4308159916885,385.0103,586.4411,485.7257,0.1,1.2084,0.6633,1774,61.388333333333335,202.7422849571662,384.8312,587.7476,486.2894,0.0,1.4594,1.6571,1774,61.388333333333335,183.25827848176212,402.5227,585.781,494.1519,0.1167,3.3864,0.724,1774,61.388333333333335
201.57342029461648,384.685,585.7849,485.235,0.075,1.5612,0.722,1775,61.41000000000001,201.4481910328719,385.2634,586.7418,486.0026,0.0083,1.7066,0.9743,1775,61.41000000000001,201.49194482307286,384.9512,586.4432,485.6972,0.0917,1.2249,0.6736,1775,61.41000000000001,202.75371930649922,384.8282,587.7499,486.289,0.0,1.4793,1.5916,1775,61.41000000000001,182.6592753215434,403.1256,585.7849,494.4553,0.15,2.7049,0.722,1775,61.41000000000001
200.71162465573795,385.3258,585.7578,485.5418,0.1083,1.4901,0.6711,1776,61.44833333333334,200.43760721544194,385.8534,586.2021,486.0277,0.0083,1.7422,0.9366,1776,61.44833333333334,201.30636427323728,385.1229,586.1907,485.6568,0.0917,1.8336,0.7008,1776,61.44833333333334,202.59518539805683,385.1229,587.8506,486.4867,0.0,1.8336,1.6547,1776,61.44833333333334,182.76422013409723,403.3265,586.0908,494.7086,0.1417,2.6966,0.9539,1776,61.44833333333334
201.09605639408323,385.1571,585.8372,485.4972,0.0917,1.4372,0.7689,1777,61.48833333333334,200.79742316282594,385.5971,586.3481,485.9726,0.0083,1.8682,0.9471,1777,61.48833333333334,201.37105751291077,385.0408,586.1888,485.6148,0.0917,1.8411,0.6845,1777,61.48833333333334,202.6671299707123,385.0408,587.8474,486.4441,0.0,1.8411,1.6457,1777,61.48833333333334,182.43984728566787,403.6396,586.0794,494.8595,0.125,2.3822,0.9602,1777,61.48833333333334
201.22143190552245,385.1143,585.8386,485.4765,0.0833,1.5308,0.7588,1778,61.52,200.8061735061018,385.5895,586.3488,485.9692,0.0083,1.8362,0.9595,1778,61.52,201.3691667661715,385.0363,586.1856,485.611,0.0917,1.8455,0.6846,1778,61.52,202.66798084933154,385.0363,587.8443,486.4403,0.0,1.8455,1.6363,1778,61.52,182.45027543496275,403.6299,586.0802,494.8551,0.125,2.3711,0.927,1778,61.52
201.29026621186347,384.987,585.8416,485.4143,0.0667,1.6403,0.7566,1779,61.54333333333334,200.8067477022628,385.5877,586.353,485.9704,0.0083,1.8858,0.9613,1779,61.54333333333334,201.34663864330975,385.0323,586.1625,485.5974,0.1,1.848,0.6715,1779,61.54333333333334,202.6986926339812,385.0323,587.8638,486.448,0.0,1.848,1.6261,1779,61.54333333333334,182.3078851659358,403.7861,586.094,494.94,0.1417,2.1627,0.9374,1779,61.54333333333334
201.2469191488662,384.9961,585.7639,485.38,0.075,1.5795,0.6965,1780,61.58833333333334,200.79790364844825,385.5948,586.35,485.9724,0.0083,1.8143,0.9802,1780,61.58833333333334,201.33965796317142,385.0353,586.1612,485.5982,0.1,1.8476,0.6705,1780,61.58833333333334,202.69268579435763,385.0353,587.8628,486.449,0.0,1.8476,1.6301,1780,61.58833333333334,182.29162898371297,403.801,586.0926,494.9468,0.1417,2.292,0.9456,1780,61.58833333333334
201.30228267459023,384.9868,585.8394,485.4131,0.0667,1.5739,0.7666,1781,61.61000000000001,200.81141926248952,385.584,586.3516,485.9678,0.0083,1.8373,0.9626,1781,61.61000000000001,201.34496748921742,385.0355,586.1624,485.599,0.1,1.8455,0.6716,1781,61.61000000000001,202.6963895488802,385.0355,587.8637,486.4496,0.0,1.8455,1.6259,1781,61.61000000000001,182.4270492009368,403.6655,586.0925,494.879,0.1333,2.5549,0.9382,1781,61.61000000000001
200.8459759206386,385.3463,585.8463,485.5963,0.0833,1.5339,0.7568,1782,61.64333333333334,200.81168336317631,385.5943,586.3576,485.976,0.0083,1.8088,0.9248,1782,61.64333333333334,201.39201436716678,385.0654,586.1995,485.6324,0.0917,1.845,0.6688,1782,61.64333333333334,202.66065927668447,385.0654,587.8555,486.4605,0.0,1.845,1.6798,1782,61.64333333333334,182.44030522163828,403.657,586.0973,494.8771,0.1333,2.4851,0.8853,1782,61.64333333333334
201.22692661914235,385.0099,585.7731,485.3915,0.075,1.5705,0.6637,1783,61.67666666666667,200.80727653598066,385.6044,586.3609,485.9826,0.0083,1.765,0.9028,1783,61.67666666666667,201.39417739796602,385.0678,586.2043,485.636,0.0917,1.8459,0.6871,1783,61.67666666666667,202.659826752283,385.0678,587.858,486.4629,0.0,1.8459,1.6712,1783,61.67666666666667,182.44913891039204,403.6513,586.1004,494.8758,0.1333,2.4985,0.8977,1783,61.67666666666667
201.10045120974092,385.1756,585.7539,485.4647,0.075,1.614,0.6769,1784,61.71,200.8250337484851,385.5804,586.3424,485.9614,0.0083,1.7189,0.9009,1784,61.71,201.37461740739394,385.0768,586.191,485.6339,0.0917,1.8505,0.653,1784,61.71,202.64730670005272,385.0768,587.8521,486.4644,0.0,1.8505,1.6828,1784,61.71,182.40695537186505,403.6578,586.0648,494.8613,0.1167,2.4971,0.9022,1784,61.71
200.73091642239808,385.3675,585.7559,485.5617,0.0917,1.6439,0.6854,1785,61.74333333333335,200.7688246861071,385.6242,586.3465,485.9854,0.0083,1.7408,0.9064,1785,61.74333333333335,201.35461123494335,385.0993,586.191,485.6452,0.0917,1.6765,0.653,1785,61.74333333333335,202.6110310089135,385.0993,587.8521,486.4757,0.0,1.6765,1.6828,1785,61.74333333333335,182.370377245649,403.7002,586.0705,494.8854,0.1167,2.5213,0.9077,1785,61.74333333333335
200.58830039341098,385.5636,586.1519,485.8578,0.075,1.562,0.6746,1786,61.795,201.15650051281955,385.4095,586.4943,485.9519,0.0083,2.196,0.8298,1786,61.795,201.75751760230364,385.0071,586.9028,485.955,0.075,1.5162,0.9646,1786,61.795,202.61596332981344,385.031,587.8122,486.4216,0.0,1.6249,1.7569,1786,61.795,189.34041185866639,396.8115,586.1519,491.4817,0.0833,7.1789,0.6746,1786,61.795
200.58127383383814,385.5866,586.1679,485.8772,0.0667,1.4997,0.6617,1787,61.81,201.09585865291857,385.4117,586.2858,485.8488,0.0083,2.1234,0.7583,1787,61.81,201.75548737782105,385.0096,586.9055,485.9576,0.075,1.5456,0.9776,1787,61.81,202.61220505970778,385.034,587.8149,486.4244,0.0,1.6369,1.7582,1787,61.81,188.155444519925,398.1868,586.3423,492.2646,0.0917,5.2051,0.6952,1787,61.81
200.543094007246,385.6307,586.1738,485.9022,0.0667,1.3502,0.6398,1788,61.84333333333334,201.0427429189114,385.453,586.2926,485.8728,0.0083,1.9729,0.7485,1788,61.84333333333334,201.75519625199374,385.0442,586.9045,485.9744,0.0833,1.4995,0.9438,1788,61.84333333333334,202.6040620430205,385.0459,587.8141,486.43,0.0,1.605,1.7236,1788,61.84333333333334,185.60556413359222,400.4951,586.1006,493.2978,0.1083,4.1043,0.6294,1788,61.84333333333334
200.53480455403425,385.7945,586.1862,485.9903,0.0333,2.6538,0.7437,1789,61.87666666666667,200.43792524786141,386.0733,586.523,486.2982,0.0083,2.8406,0.8309,1789,61.87666666666667,201.75561660768884,385.0487,586.8976,485.9731,0.0833,1.4507,0.9747,1789,61.87666666666667,202.60074103670553,385.0399,587.8061,486.423,0.0,1.5573,1.7337,1789,61.87666666666667,185.75998489119866,400.4262,586.1862,493.3062,0.1083,4.2406,0.7437,1789,61.87666666666667
200.53179870786562,385.7969,586.1872,485.992,0.0333,2.6386,0.715,1790,61.91000000000001,200.43550359536601,386.0756,586.5246,486.3001,0.0083,2.8211,0.8307,1790,61.91000000000001,201.75226682506806,385.0503,586.8979,485.9741,0.0833,1.4479,0.9744,1790,61.91000000000001,202.59895997469482,385.0436,587.8076,486.4256,0.0,1.5445,1.734,1790,61.91000000000001,182.48068864507445,403.7065,586.1872,494.9468,0.125,2.6392,0.715,1790,61.91000000000001
200.5397937191797,385.7912,586.1865,485.9889,0.0333,2.7237,0.7109,1791,61.943333333333335,200.44322998740992,386.0712,586.5244,486.2978,0.0083,2.8821,0.8313,1791,61.943333333333335,201.75431032287906,385.03,586.8973,485.9637,0.0833,1.4519,0.9747,1791,61.943333333333335,202.599812964603,385.0436,587.8071,486.4254,0.0,1.6308,1.7353,1791,61.943333333333335,187.1057756615797,399.2623,586.368,492.8152,0.125,5.2302,0.6839,1791,61.943333333333335
200.5339795561248,385.7944,586.1853,485.9899,0.0333,2.7255,0.7245,1792,61.976666666666674,200.43703795109965,386.0745,586.522,486.2983,0.0083,2.8808,0.8252,1792,61.976666666666674,201.75103445278612,385.0329,586.8975,485.9652,0.0833,1.45,0.9746,1792,61.976666666666674,202.5966113188131,385.047,587.8073,486.4272,0.0,1.6377,1.7349,1792,61.976666666666674,182.15975822224854,404.0256,586.1853,495.1054,0.1417,2.6876,0.7245,1792,61.976666666666674
200.5382119926636,385.7947,586.1865,485.9906,0.0333,2.5573,0.7087,1793,62.010000000000005,200.43992816903452,386.0721,586.5245,486.2983,0.0083,2.8644,0.8315,1793,62.010000000000005,201.75304804492285,385.0343,586.8968,485.9656,0.0833,1.4731,0.9751,1793,62.010000000000005,202.5947032653692,385.0431,587.807,486.425,0.0,1.6473,1.7357,1793,62.010000000000005,185.095937883812,401.2717,586.3676,493.8197,0.1,3.565,0.6838,1793,62.010000000000005
200.5153564568309,385.8094,586.1842,485.9968,0.025,2.5235,0.7217,1794,62.04333333333334,200.6976903263013,385.8094,586.5205,486.165,0.0083,2.5235,0.8318,1794,62.04333333333334,201.74451781874183,385.0301,586.8968,485.9635,0.0833,1.4704,0.9751,1794,62.04333333333334,202.59219748759105,385.0564,587.807,486.4317,0.0,1.6394,1.7357,1794,62.04333333333334,186.11141754641534,400.0728,586.1842,493.1285,0.0833,4.9628,0.7217,1794,62.04333333333334
200.52406867068157,385.801,586.1861,485.9935,0.025,2.5962,0.7272,1795,62.07666666666667,200.70708143166962,385.801,586.5227,486.1619,0.0083,2.5962,0.8059,1795,62.07666666666667,201.74753269681477,385.0276,586.8968,485.9622,0.0833,1.4883,0.9751,1795,62.07666666666667,202.59494930013537,385.053,587.807,486.43,0.0,1.6502,1.7357,1795,62.07666666666667,183.10619024833377,403.0799,586.1861,494.633,0.1083,3.1836,0.7272,1795,62.07666666666667
201.22309558109023,385.1348,586.0207,485.5777,0.05,2.2911,0.6481,1796,62.115,200.62054168427116,385.8161,586.2492,486.0326,0.0083,2.5325,0.6947,1796,62.115,201.09434484924117,385.1981,586.2924,485.7453,0.1167,1.5931,0.5285,1796,62.115,202.58910679108425,385.1525,587.9493,486.5509,0.0,1.581,1.6302,1796,62.115,188.7624907673509,397.4276,586.1901,491.8089,0.075,7.5805,0.5424,1796,62.115
201.26787836657618,385.184,586.1299,485.6569,0.0417,2.1432,0.6628,1797,62.14333333333334,200.57426128451687,385.8631,586.2474,486.0552,0.0083,2.4434,0.6905,1797,62.14333333333334,201.09531351430917,385.1954,586.2907,485.7431,0.1167,1.6233,0.5254,1797,62.14333333333334,202.59449144988167,385.1435,587.9482,486.5459,0.0,1.5797,1.6293,1797,62.14333333333334,188.7318282020259,397.4452,586.177,491.8111,0.0667,7.4915,0.6292,1797,62.14333333333334
201.2663002314848,385.1956,586.1267,485.6611,0.0333,2.1843,0.7204,1798,62.17666666666667,200.8339319346622,385.7187,586.2443,485.9815,0.0083,2.2609,0.7478,1798,62.17666666666667,201.2281109471471,385.163,586.3911,485.777,0.125,1.5777,0.5761,1798,62.17666666666667,202.5541809308399,385.2697,587.9836,486.6267,0.0,1.6099,1.6128,1798,62.17666666666667,184.70732434741706,401.4651,586.1724,493.8187,0.1167,3.865,0.6983,1798,62.17666666666667
201.1273012532609,385.3976,586.2137,485.8056,0.0333,2.5036,0.7445,1799,62.21,200.62980953154982,385.8568,586.3274,486.0921,0.0083,2.3727,0.709,1799,62.21,201.23437479687362,385.1609,586.3952,485.778,0.125,1.5761,0.5557,1799,62.21,202.5584682381369,385.2672,587.9845,486.6258,0.0,1.6014,1.604,1799,62.21,186.92859817189225,399.3342,586.2628,492.7985,0.0917,5.3331,0.644,1799,62.21
201.20699174723617,385.1836,586.0738,485.6287,0.0583,2.1416,0.6139,1800,62.24333333333335,200.59474774260892,385.8583,586.2598,486.059,0.0083,2.3724,0.6627,1800,62.24333333333335,201.23925054506526,385.1551,586.3943,485.7747,0.125,1.5502,0.5559,1800,62.24333333333335,202.5579071704932,385.2651,587.9804,486.6228,0.0,1.5595,1.6009,1800,62.24333333333335,186.15918095827436,400.0547,586.2139,493.1343,0.1167,4.8094,0.5724,1800,62.24333333333335
201.40498609795782,385.1818,586.2668,485.7243,0.05,2.1626,0.7253,1801,62.27666666666667,200.6330545264525,385.8563,586.3363,486.0963,0.0083,2.4341,0.7027,1801,62.27666666666667,201.30891186419944,385.0843,586.3932,485.7387,0.125,1.5244,0.5476,1801,62.27666666666667,202.59391231163931,385.2389,587.9776,486.6082,0.0,1.5042,1.6007,1801,62.27666666666667,186.2015603739523,400.071,586.2726,493.1718,0.1,4.8369,0.6553,1801,62.27666666666667
201.48750751488907,385.1195,586.257,485.6882,0.05,2.2472,0.7303,1802,62.31,200.68845321551171,385.7955,586.3273,486.0614,0.0083,2.5065,0.6959,1802,62.31,201.19214146825,385.2004,586.3926,485.7965,0.1333,1.4766,0.491,1802,62.31,202.59363514082474,385.239,587.9786,486.6088,0.0,1.4453,1.5788,1802,62.31,186.21779658922134,400.045,586.2628,493.1539,0.1,4.8029,0.6764,1802,62.31
201.01943709859586,385.1392,585.9147,485.5269,0.075,2.2068,0.5775,1803,62.34333333333334,200.774275375427,385.8482,586.5861,486.2171,0.0083,2.3591,0.7019,1803,62.34333333333334,201.17588493178974,385.209,586.3849,485.7969,0.1333,1.464,0.4921,1803,62.34333333333334,202.58673381235516,385.2402,587.9761,486.6082,0.0,1.4349,1.5768,1803,62.34333333333334,185.2283205352174,400.7668,585.9951,493.3809,0.1167,4.7426,0.595,1803,62.34333333333334
201.02215515178852,385.1396,585.9157,485.5277,0.075,2.2066,0.5768,1804,62.37666666666667,200.77225515893437,385.8487,586.5813,486.215,0.0083,2.3608,0.7142,1804,62.37666666666667,201.17344797599182,385.2114,586.3848,485.7981,0.1333,1.4657,0.4921,1804,62.37666666666667,202.58560500098295,385.2407,587.9762,486.6084,0.0,1.4357,1.5768,1804,62.37666666666667,184.77190120455364,401.2189,585.9908,493.6048,0.1083,3.5631,0.5831,1804,62.37666666666667
201.05881191051787,385.1016,585.9115,485.5066,0.075,2.2238,0.5784,1805,62.41166666666667,200.80341894208127,385.8152,586.5753,486.1952,0.0083,2.4608,0.69,1805,62.41166666666667,201.28898760216714,385.095,586.3839,485.7394,0.125,1.5793,0.4921,1805,62.41166666666667,202.58690002204236,385.2411,587.9759,486.6085,0.0,1.4894,1.5782,1805,62.41166666666667,185.2791294378327,400.7075,585.9866,493.347,0.1167,4.7963,0.609,1805,62.41166666666667
200.25859323304803,385.9317,586.0768,486.0043,0.0333,2.5099,0.561,1806,62.44833333333334,200.49665990100831,385.8819,586.2757,486.0788,0.0,2.1435,0.571,1806,62.44833333333334,201.58348708707285,385.1235,586.4874,485.8054,0.0833,1.5293,0.5541,1806,62.44833333333334,202.70130508641455,385.1235,587.9587,486.5411,0.0,1.5293,1.5682,1806,62.44833333333334,187.59583755956592,398.481,586.0768,492.2789,0.1,5.7322,0.561,1806,62.44833333333334
200.20293796046005,385.9785,586.0466,486.0125,0.0333,2.5569,0.6157,1807,62.476666666666674,200.4980348687627,385.8851,586.2796,486.0823,0.0,2.0814,0.562,1807,62.476666666666674,201.5926913330665,385.1198,586.4872,485.8035,0.0833,1.5329,0.5534,1807,62.476666666666674,202.70691563548917,385.1198,587.959,486.5394,0.0,1.5329,1.5686,1807,62.476666666666674,187.55696210407874,398.4896,586.0466,492.2681,0.0917,5.7995,0.6157,1807,62.476666666666674
200.07708723425753,386.0581,586.0528,486.0554,0.0417,2.5517,0.6107,1808,62.52,200.43586721605485,385.9458,586.2859,486.1159,0.0,2.2594,0.6273,1808,62.52,201.53858523855607,385.1463,586.4921,485.8192,0.0917,1.4669,0.513,1808,62.52,202.7015358642614,385.1275,587.9582,486.5428,0.0,1.525,1.5601,1808,62.52,187.5027056109076,398.55,586.0528,492.3014,0.0917,5.9414,0.6107,1808,62.52
200.1605917695367,385.924,586.0287,485.9763,0.0583,2.492,0.5387,1809,62.54333333333334,200.7055689469935,385.8351,586.5524,486.1938,0.0,2.1141,0.7176,1809,62.54333333333334,201.57732783988513,385.1371,586.4939,485.8155,0.0833,1.575,0.5105,1809,62.54333333333334,202.6846981520122,385.1371,587.9514,486.5442,0.0,1.575,1.5522,1809,62.54333333333334,188.09550074381914,397.7437,586.0287,491.8862,0.1333,4.7422,0.5387,1809,62.54333333333334
200.07982980646673,386.0509,586.1267,486.0888,0.0583,2.554,0.5862,1810,62.57666666666667,200.42229548969124,385.9598,586.2874,486.1236,0.0,2.2499,0.6144,1810,62.57666666666667,201.5147078873915,385.1554,586.4901,485.8227,0.0917,1.4763,0.5222,1810,62.57666666666667,202.68858646441743,385.1376,587.9555,486.5466,0.0,1.5051,1.5473,1810,62.57666666666667,185.5017451003865,400.625,586.1267,493.3759,0.125,5.9442,0.5862,1810,62.57666666666667
200.16177800893266,386.0145,586.1936,486.104,0.0583,2.5495,0.5499,1811,62.61666666666667,200.5600969168056,385.9166,586.4223,486.1695,0.0,2.0811,0.5745,1811,62.61666666666667,201.28385562238836,385.2057,586.4896,485.8477,0.1083,1.1966,0.5227,1811,62.61666666666667,202.69028179271808,385.1352,587.9552,486.5452,0.0,1.4523,1.5464,1811,62.61666666666667,187.6988519406557,398.4948,586.1936,492.3442,0.1167,5.8031,0.5499,1811,62.61666666666667
200.12146241389226,386.0578,586.1912,486.1245,0.0583,2.6117,0.544,1812,62.64333333333334,200.50788494932488,385.9668,586.4206,486.1937,0.0,2.3849,0.5846,1812,62.64333333333334,201.28464463948794,385.2056,586.4903,485.8479,0.1083,1.1837,0.5428,1812,62.64333333333334,202.69036757619023,385.1351,587.9557,486.5454,0.0,1.4497,1.5459,1812,62.64333333333334,187.59895927732865,398.5922,586.1912,492.3917,0.1083,5.9642,0.544,1812,62.64333333333334
200.16256334942912,386.0031,586.1738,486.0884,0.0583,2.535,0.4891,1813,62.67666666666667,200.56292443561344,385.9065,586.4057,486.1561,0.0,2.12,0.5641,1813,62.67666666666667,201.30714138906717,385.1842,586.4914,485.8378,0.1083,1.2029,0.5616,1813,62.67666666666667,202.70243860939686,385.1264,587.9562,486.5413,0.0,1.4951,1.5496,1813,62.67666666666667,187.68787576690153,398.4859,586.1738,492.3298,0.1167,5.7976,0.4891,1813,62.67666666666667
200.07699204573547,386.0689,586.187,486.1279,0.0667,2.5206,0.5468,1814,62.71833333333334,200.5194670067992,385.9569,586.4167,486.1868,0.0,2.3208,0.5898,1814,62.71833333333334,201.2924382170162,385.197,586.4894,485.8432,0.1083,1.1852,0.56,1814,62.71833333333334,202.69566834230963,385.1322,587.9556,486.5439,0.0,1.4732,1.5566,1814,62.71833333333334,187.6389099926643,398.5481,586.187,492.3675,0.125,6.1315,0.5468,1814,62.71833333333334
200.17203095228618,385.9937,586.1858,486.0898,0.0583,2.471,0.5425,1815,62.74333333333335,200.56990256971721,385.9018,586.4165,486.1591,0.0,2.094,0.589,1815,62.74333333333335,201.29121723441597,385.1966,586.4878,485.8422,0.1083,1.1981,0.5637,1815,62.74333333333335,202.69496630891365,385.1327,587.955,486.5438,0.0,1.4743,1.5578,1815,62.74333333333335,185.4051705384388,400.7806,586.1858,493.4832,0.125,5.173,0.5425,1815,62.74333333333335
200.52760168575992,385.4831,585.8427,485.6629,0.0417,1.9941,0.6134,1816,62.778333333333336,200.64123898379015,385.5505,585.9567,485.7536,0.0083,2.048,0.636,1816,62.778333333333336,201.7199126685078,385.0765,586.905,485.9908,0.1417,0.862,0.7561,1816,62.778333333333336,202.6989917880984,384.9661,587.8335,486.3998,0.0,1.1159,1.6336,1816,62.778333333333336,182.02397357843407,403.8188,585.8427,494.8307,0.15,3.5957,0.6134,1816,62.778333333333336
201.14179189959611,384.9694,585.6724,485.3209,0.05,1.5473,0.6489,1817,62.82166666666667,200.7257787105139,385.3335,585.764,485.5488,0.0,1.9442,0.7288,1817,62.82166666666667,200.7807292088105,384.9353,585.716,485.3257,0.125,1.0012,0.7434,1817,62.82166666666667,202.41011237016437,384.8192,587.3436,486.0814,0.0,1.0882,1.6663,1817,62.82166666666667,181.97843580935915,403.694,585.6724,494.6832,0.1167,2.7638,0.6489,1817,62.82166666666667
201.05636740818477,384.8938,585.5792,485.2365,0.0333,1.6107,0.7547,1818,62.84333333333334,200.68318765395034,385.2203,585.6737,485.447,0.0,1.7457,0.8381,1818,62.84333333333334,201.63654296109738,384.7945,586.3179,485.5562,0.1167,1.1359,0.8467,1818,62.84333333333334,202.53714246547645,384.6073,587.3131,485.9602,0.0,1.219,1.7394,1818,62.84333333333334,181.8749354379221,403.7043,585.5792,494.6417,0.1167,2.3008,0.7547,1818,62.84333333333334
201.1787431635947,384.7808,585.5923,485.1865,0.0417,1.78,0.6499,1819,62.87666666666667,200.74863592320574,385.111,585.6637,485.3873,0.0083,2.0688,0.6636,1819,62.87666666666667,200.99784750172813,384.7821,585.7799,485.281,0.1333,0.9304,0.7736,1819,62.87666666666667,202.58267476179387,384.5142,587.2956,485.9049,0.0,1.1435,1.711,1819,62.87666666666667,181.98515325996144,403.5919,585.5771,494.5845,0.1167,2.2639,0.6597,1819,62.87666666666667
201.07611285457992,384.7418,585.7309,485.2363,0.075,1.8986,0.6005,1820,62.921666666666674,200.66472489109648,385.1957,585.6745,485.4351,0.0083,2.1688,0.6653,1820,62.921666666666674,200.9086777078943,384.7363,585.645,485.1906,0.125,1.048,0.7063,1820,62.921666666666674,202.5082885663581,384.5361,587.2051,485.8706,0.0,1.1795,1.6386,1820,62.921666666666674,182.9378860588496,402.7436,585.6815,494.2125,0.1333,3.5579,0.5882,1820,62.921666666666674
201.36098455002204,384.6099,585.5631,485.0865,0.05,1.789,0.6422,1821,62.943333333333335,200.7721724322093,385.1095,585.676,485.3928,0.0167,2.0532,0.7135,1821,62.943333333333335,200.97636284358845,384.6831,585.6595,485.1713,0.1083,1.1694,0.7139,1821,62.943333333333335,202.51995112339574,384.5283,587.2246,485.8765,0.0,1.1234,1.664,1821,62.943333333333335,182.17838223169915,403.4982,585.6766,494.5874,0.15,2.6522,0.6518,1821,62.943333333333335
201.27024799089037,384.8108,585.713,485.2619,0.025,1.9164,0.7321,1822,62.976666666666674,200.78656950003,385.1282,585.713,485.4206,0.0083,2.1299,0.7321,1822,62.976666666666674,200.91770287540456,384.9111,585.8288,485.3699,0.1167,1.09,0.7386,1822,62.976666666666674,202.48989286991278,384.653,587.2733,485.9631,0.0,1.2772,1.6583,1822,62.976666666666674,185.75273202106052,400.0323,585.7851,492.9087,0.1,4.9821,0.608,1822,62.976666666666674
201.38026481466719,384.7583,585.8666,485.3124,0.025,1.8122,0.661,1823,63.02166666666667,200.9181472301817,385.0692,585.8666,485.4679,0.0083,2.1179,0.661,1823,63.02166666666667,200.87928217589652,384.9086,585.8146,485.3616,0.125,1.055,0.7516,1823,63.02166666666667,202.57073000873848,384.6503,587.3628,486.0066,0.0,1.2108,1.5707,1823,63.02166666666667,183.12863213774892,402.7055,585.8341,494.2698,0.125,3.2451,0.581,1823,63.02166666666667
201.41145016890295,384.6951,585.9505,485.3228,0.05,1.6892,0.7595,1824,63.04333333333334,201.2021064233139,385.0479,586.2124,485.6301,0.0,2.0123,0.9271,1824,63.04333333333334,200.90668854849264,384.9071,585.8235,485.3653,0.125,1.0518,0.7341,1824,63.04333333333334,202.61158493518192,384.6491,587.396,486.0226,0.0,1.2098,1.5732,1824,63.04333333333334,182.78940247509513,403.1611,585.9505,494.5558,0.1333,3.2087,0.7595,1824,63.04333333333334
201.41974476962233,384.6986,585.9678,485.3332,0.05,1.7289,0.7248,1825,63.07666666666667,201.19162931577407,385.0652,586.2372,485.6512,0.0083,2.0706,0.8838,1825,63.07666666666667,200.91059964196455,384.9998,585.9104,485.4551,0.125,0.9467,0.7099,1825,63.07666666666667,202.5182090659884,384.7362,587.4588,486.0975,0.0,1.2584,1.425,1825,63.07666666666667,182.7302040295884,403.2299,585.9601,494.595,0.1333,3.0228,0.7347,1825,63.07666666666667
200.96727112494716,384.6782,585.5504,485.1143,0.0917,1.5412,0.6677,1826,63.12500000000001,200.75810470828452,385.3927,585.9077,485.6502,0.0167,1.9466,0.8096,1826,63.12500000000001,201.05350917877493,384.8714,585.937,485.4042,0.125,1.144,0.6469,1826,63.12500000000001,202.59629926211167,384.7621,587.5666,486.1644,0.0,1.2694,1.665,1826,63.12500000000001,184.13290047695705,401.5447,585.6776,493.6111,0.125,4.2392,0.7364,1826,63.12500000000001
200.9714370882355,384.6794,585.5629,485.1211,0.1,1.5236,0.6595,1827,63.14333333333334,200.78223607984074,385.3971,586.0114,485.7042,0.0167,1.9935,0.8102,1827,63.14333333333334,201.04332368157338,384.8818,585.9378,485.4098,0.125,1.0944,0.6453,1827,63.14333333333334,202.59211611848147,384.7651,587.5681,486.1666,0.0,1.2776,1.6658,1827,63.14333333333334,183.20047735072527,402.4998,585.7003,494.1,0.1333,2.652,0.7148,1827,63.14333333333334
201.06862198915826,384.6352,585.5556,485.0954,0.0917,1.2349,0.6804,1828,63.17666666666667,200.80392321389843,385.3397,585.9156,485.6277,0.0167,1.9082,0.8354,1828,63.17666666666667,200.98481613667317,384.9514,585.9387,485.445,0.1333,0.9656,0.6483,1828,63.17666666666667,202.60539030472836,384.7589,587.5692,486.164,0.0,1.2537,1.6736,1828,63.17666666666667,186.11555075004665,399.5004,585.616,492.5582,0.1167,5.1644,0.6853,1828,63.17666666666667
200.82668785382296,384.9029,585.5495,485.2262,0.0917,1.6916,0.6906,1829,63.21,200.67407795421698,385.4232,586.0441,485.7336,0.0167,1.9716,0.9161,1829,63.21,201.06300053657912,384.8798,585.9428,485.4113,0.125,1.1416,0.6484,1829,63.21,202.5608111969121,384.8304,587.5768,486.2036,0.0,1.3452,1.6782,1829,63.21,185.84189641855866,399.5875,585.5495,492.5685,0.1333,5.0964,0.6906,1829,63.21
200.84340593081984,385.0063,585.5489,485.2776,0.0917,1.7669,0.6897,1830,63.24333333333335,200.5832962201851,385.4941,586.0538,485.7739,0.0167,2.0337,0.9358,1830,63.24333333333335,201.0999606297957,384.8671,585.9671,485.4171,0.125,1.0862,0.6369,1830,63.24333333333335,202.55360563401285,384.867,587.5899,486.2285,0.0,1.3219,1.7152,1830,63.24333333333335,185.83197921647124,399.5949,585.5489,492.5719,0.1333,5.2768,0.6897,1830,63.24333333333335
200.17359513593735,385.6143,585.5493,485.5818,0.075,1.9941,0.6047,1831,63.27666666666667,200.43641297582397,385.5512,585.9253,485.7382,0.0083,2.0499,0.8301,1831,63.27666666666667,201.02475682960153,384.9538,585.9786,485.4662,0.125,1.0919,0.6303,1831,63.27666666666667,202.50520497305402,384.9063,587.5927,486.2495,0.0,1.3459,1.7041,1831,63.27666666666667,183.37760154841553,402.0252,585.5493,493.7872,0.175,3.6028,0.6047,1831,63.27666666666667
200.40731851333715,385.512,585.572,485.542,0.05,2.1368,0.6517,1832,63.31,200.71159846145736,385.512,586.1571,485.8346,0.0083,2.1368,0.9194,1832,63.31,201.0502142746288,384.9396,585.9898,485.4647,0.125,1.1507,0.6193,1832,63.31,202.50872052752953,384.924,587.6012,486.2626,0.0,1.3795,1.7118,1832,63.31,186.061873782791,399.7332,585.7951,492.7642,0.1,6.2586,0.7132,1832,63.31
200.37557056666063,385.5564,585.5931,485.5748,0.0583,2.1809,0.6008,1833,63.34333333333334,200.40446954342042,385.8381,586.1899,486.014,0.0083,2.2525,0.8029,1833,63.34333333333334,201.08928655233336,384.9293,586.0186,485.474,0.1167,1.2018,0.6525,1833,63.34333333333334,202.50095646603373,384.963,587.634,486.2985,0.0,1.3787,1.8594,1833,63.34333333333334,187.0976481015077,398.7335,585.8311,492.2823,0.1,6.5872,0.6554,1833,63.34333333333334
200.4200335467306,385.5481,585.6007,485.5744,0.05,1.9583,0.6075,1834,63.37666666666667,200.72480664967284,385.5481,586.2377,485.8929,0.0083,1.9583,0.8205,1834,63.37666666666667,201.08439713076075,384.9907,586.0751,485.5329,0.1167,1.2351,0.6527,1834,63.37666666666667,202.49150130846766,384.9782,587.6586,486.3184,0.0,1.3276,1.8916,1834,63.37666666666667,187.5718967429743,398.2306,585.8025,492.0165,0.1,6.692,0.6652,1834,63.37666666666667
200.26851222349106,385.6439,585.6232,485.6335,0.0583,2.0096,0.6465,1835,63.41000000000001,200.73704217485746,385.5767,586.3132,485.9449,0.0083,1.9935,0.9603,1835,63.41000000000001,201.15352286250408,384.9964,586.1499,485.5732,0.125,1.2362,0.6562,1835,63.41000000000001,202.62172128738456,384.9814,587.7891,486.3852,0.0,1.3246,1.7021,1835,63.41000000000001,187.4054452173216,398.7025,586.1079,492.4052,0.1083,6.3549,0.8883,1835,63.41000000000001
201.20515463734793,385.1041,585.9063,485.5052,0.0667,1.9288,0.6046,1836,63.44833333333334,200.9298089081885,385.5938,586.4463,486.0201,0.0,1.913,0.8361,1836,63.44833333333334,201.16153806710122,385.022,586.1315,485.5767,0.1167,1.4928,0.5061,1836,63.44833333333334,202.73021905102817,385.0357,587.9223,486.479,0.0,1.5332,1.661,1836,63.44833333333334,183.58881315228163,402.3175,585.9063,494.1119,0.15,3.4999,0.6046,1836,63.44833333333334
200.97327825252506,385.2318,585.861,485.5464,0.05,2.1928,0.6095,1837,63.476666666666674,200.9566476492411,385.5709,586.4645,486.0177,0.0,2.2444,0.7254,1837,63.476666666666674,201.6303081081926,385.0378,586.5161,485.7769,0.0833,1.5311,0.4113,1837,63.476666666666674,202.76149196256577,385.0378,587.9642,486.501,0.0,1.5311,1.6748,1837,63.476666666666674,184.55865828729463,401.8144,586.373,494.0937,0.1417,3.849,0.5865,1837,63.476666666666674
201.1640155988607,385.094,585.8617,485.4778,0.0583,1.878,0.6134,1838,63.52,200.94798589131992,385.5842,586.4655,486.0248,0.0,2.2415,0.7229,1838,63.52,201.62399849792232,385.0395,586.514,485.7768,0.0833,1.6036,0.4081,1838,63.52,202.7571381919131,385.0395,587.961,486.5003,0.0,1.6036,1.6646,1838,63.52,185.46662398491776,400.4779,585.9445,493.2112,0.1083,4.8368,0.657,1838,63.52
201.0497862569197,385.2295,585.917,485.5732,0.0583,2.1234,0.5686,1839,63.54333333333334,200.95595498062787,385.5669,586.4577,486.0123,0.0,2.2918,0.743,1839,63.54333333333334,201.6450170364944,385.0509,586.514,485.7825,0.0833,1.7727,0.4085,1839,63.54333333333334,202.74988664864793,385.0509,587.9609,486.5059,0.0,1.7727,1.6749,1839,63.54333333333334,185.46201015462066,400.4745,585.9365,493.2055,0.1083,4.8687,0.6434,1839,63.54333333333334
201.14266548694587,385.152,585.9157,485.5338,0.0667,2.0505,0.5402,1840,63.57666666666667,200.89043311225439,385.6462,586.46,486.0531,0.0,1.9986,0.7562,1840,63.57666666666667,201.1973510870633,385.0421,586.1216,485.5818,0.1083,1.6812,0.5529,1840,63.57666666666667,202.71519457369115,385.0421,587.9147,486.4784,0.0,1.6812,1.6797,1840,63.57666666666667,185.47715682694488,400.4584,585.9356,493.197,0.1083,4.652,0.6354,1840,63.57666666666667
200.9183183296453,385.3086,585.9131,485.6108,0.0583,2.1571,0.55,1841,63.61000000000001,200.8812587213301,385.6495,586.4583,486.0539,0.0,2.0212,0.7488,1841,63.61000000000001,201.63310897847893,385.052,586.507,485.7795,0.0833,1.7702,0.4318,1841,63.61000000000001,202.74220857009462,385.052,587.9556,486.5038,0.0,1.7702,1.6637,1841,63.61000000000001,183.90153562049977,402.0301,585.9317,493.9809,0.125,3.7721,0.6305,1841,63.61000000000001
200.91951494358824,385.3052,585.916,485.6106,0.0583,2.1808,0.5184,1842,63.64333333333334,200.8892814424888,385.6452,586.4577,486.0515,0.0,2.0854,0.7317,1842,63.64333333333334,201.42989458264668,385.0492,586.3039,485.6766,0.1,1.7989,0.5046,1842,63.64333333333334,202.74286593592362,385.0492,587.9549,486.502,0.0,1.7989,1.6519,1842,63.64333333333334,183.8971643240644,402.0386,585.9358,493.9872,0.125,3.7944,0.6116,1842,63.64333333333334
201.0830434738971,385.3509,586.4031,485.877,0.0833,2.1646,0.6571,1843,63.67666666666667,200.74354944537143,385.7725,586.3554,486.064,0.0,1.9581,0.8376,1843,63.67666666666667,201.59657138052611,385.0433,586.5022,485.7728,0.0917,1.6659,0.4531,1843,63.67666666666667,202.76443175859325,385.061,587.9832,486.5221,0.0,1.8503,1.7322,1843,63.67666666666667,186.8793226607266,399.5238,586.4031,492.9635,0.1417,5.9107,0.6571,1843,63.67666666666667
201.06919928933416,385.3566,586.4088,485.8827,0.075,2.2382,0.6333,1844,63.71,200.76600319493429,385.7451,586.3608,486.053,0.0,1.9538,0.8138,1844,63.71,201.60451448037367,385.0408,586.5017,485.7713,0.0917,1.6775,0.4411,1844,63.71,202.76755627018457,385.0581,587.9813,486.5197,0.0,1.8456,1.7194,1844,63.71,188.4083577623522,398.0004,586.4088,492.2046,0.2,5.8197,0.6333,1844,63.71
201.0691579150004,385.3576,586.4089,485.8832,0.075,2.2657,0.658,1845,63.74333333333335,200.7623924785345,385.7487,586.3613,486.055,0.0,2.044,0.8195,1845,63.74333333333335,201.6057140442475,385.041,586.5033,485.7722,0.0917,1.6768,0.4334,1845,63.74333333333335,202.76868832919115,385.0583,587.9836,486.5209,0.0,1.8485,1.7069,1845,63.74333333333335,188.40988468620068,397.999,586.4089,492.2039,0.2,5.8131,0.658,1845,63.74333333333335
200.5709868918137,385.7897,586.3732,486.0815,0.0417,2.6443,0.8085,1846,63.78333333333334,200.99323193860906,385.7897,586.8373,486.3135,0.0083,2.6443,1.0563,1846,63.78333333333334,201.35056768895103,385.1699,586.5204,485.8451,0.1083,1.4344,0.7925,1846,63.78333333333334,202.7050290888363,384.995,587.9162,486.4556,0.0,1.5278,1.7094,1846,63.78333333333334,181.66284624140286,404.7103,586.3732,495.5417,0.15,2.087,0.8085,1846,63.78333333333334
200.5787117900398,385.7877,586.3761,486.0819,0.0417,2.6036,0.801,1847,63.81,201.00023685038428,385.7877,586.8396,486.3136,0.0083,2.6036,1.0716,1847,63.81,201.3531373842926,385.1718,586.525,485.8484,0.1083,1.4324,0.7817,1847,63.81,202.70662596388263,384.9965,587.9188,486.4576,0.0,1.5301,1.7107,1847,63.81,181.665693274517,404.7104,586.3761,495.5433,0.15,2.0833,0.801,1847,63.81
200.57259901137255,385.7851,586.3759,486.0805,0.0417,2.6629,0.7877,1848,63.845000000000006,200.99185756945334,385.7851,586.8354,486.3103,0.0083,2.6629,1.0698,1848,63.845000000000006,201.35352962327028,385.1699,586.5234,485.8466,0.1083,1.4474,0.799,1848,63.845000000000006,202.70467930213619,384.9953,587.9174,486.4563,0.0,1.528,1.6871,1848,63.845000000000006,182.01890682039368,404.357,586.3759,495.3664,0.1667,1.8947,0.7877,1848,63.845000000000006
200.51560125834905,385.7931,586.2514,486.0222,0.0417,2.5978,0.7791,1849,63.87666666666667,200.93275693717115,385.7931,586.8116,486.3023,0.0083,2.5978,1.0667,1849,63.87666666666667,201.4964755248445,385.1107,586.6071,485.8589,0.0917,1.4769,0.7307,1849,63.87666666666667,202.65920404875325,385.0014,587.8685,486.4349,0.0,1.5878,1.687,1849,63.87666666666667,181.5276199535301,404.7237,586.2514,495.4875,0.15,2.287,0.7791,1849,63.87666666666667
200.51317578481977,385.7897,586.2545,486.0221,0.0417,2.5543,0.7748,1850,63.91000000000001,200.93034881914247,385.7897,586.8101,486.2999,0.0083,2.5543,1.0703,1850,63.91000000000001,201.49564321740368,385.1141,586.6097,485.8619,0.0917,1.4794,0.7539,1850,63.91000000000001,202.66273296914005,384.9949,587.8678,486.4314,0.0,1.5511,1.7056,1850,63.91000000000001,181.52699999960674,404.7275,586.2545,495.491,0.15,2.2982,0.7748,1850,63.91000000000001
200.51305990701488,385.791,586.2505,486.0207,0.0417,2.5036,0.7677,1851,63.94833333333334,200.9300479104527,385.791,586.8106,486.3008,0.0083,2.5036,1.0702,1851,63.94833333333334,201.4957982368419,385.12,586.6158,485.8679,0.0917,1.4837,0.7482,1851,63.94833333333334,202.66538909187653,384.9946,587.8703,486.4324,0.0,1.5693,1.6855,1851,63.94833333333334,182.5844921878677,403.666,586.2505,494.9582,0.15,3.5412,0.7677,1851,63.94833333333334
200.7998248085073,385.5607,586.2482,485.9044,0.0583,2.3249,0.7725,1852,63.976666666666674,200.83772117202327,385.8705,586.8113,486.3409,0.0083,2.6038,1.0715,1852,63.976666666666674,201.49432281631758,385.1191,586.6135,485.8663,0.0917,1.4798,0.7508,1852,63.976666666666674,202.66253138501764,384.9944,587.8686,486.4315,0.0,1.5668,1.7051,1852,63.976666666666674,182.7144526232732,403.5337,586.2482,494.891,0.15,3.3646,0.7725,1852,63.976666666666674
201.12512298257064,385.33,586.2503,485.7902,0.0667,2.2608,0.7725,1853,64.01,200.87330130479145,385.8408,586.8111,486.326,0.0083,2.4231,1.0712,1853,64.01,201.49275066459253,385.1231,586.6158,485.8695,0.0917,1.4846,0.7482,1853,64.01,202.65375018661769,385.01,587.871,486.4405,0.0,1.566,1.6853,1853,64.01,182.6756738029986,403.5747,586.2503,494.9125,0.125,3.0429,0.7725,1853,64.01
201.1212798004299,385.3353,586.2489,485.7921,0.0667,2.2248,0.7714,1854,64.05,200.86162950447374,385.8523,586.8087,486.3305,0.0083,2.4279,1.0682,1854,64.05,201.4787791642577,385.1347,586.6135,485.8741,0.0917,1.4755,0.7508,1854,64.05,202.6453891630788,385.0098,587.8686,486.4392,0.0,1.5741,1.7051,1854,64.05,182.67561580825614,403.5733,586.2489,494.9111,0.125,3.0323,0.7714,1854,64.05
200.94782418864045,385.4104,586.2504,485.8304,0.0583,2.2879,0.7731,1855,64.07666666666667,201.01149565772576,385.7148,586.8137,486.2643,0.0083,2.2281,1.0727,1855,64.07666666666667,201.48310830795256,385.1327,586.6158,485.8743,0.0917,1.482,0.7482,1855,64.07666666666667,202.64963018676627,385.0113,587.871,486.4411,0.0,1.5664,1.6853,1855,64.07666666666667,181.41791880733697,404.8325,586.2504,495.5415,0.15,2.1086,0.7731,1855,64.07666666666667
201.38866718065654,385.0364,586.274,485.6552,0.05,2.255,0.7305,1856,64.11333333333334,201.1719573402877,385.3753,586.3997,485.8875,0.0,2.1731,0.8223,1856,64.11333333333334,201.82076321823413,385.0861,587.1228,486.1044,0.0667,1.6996,0.9185,1856,64.11333333333334,202.7468835545683,385.0861,588.0266,486.5563,0.0,1.6996,1.8447,1856,64.11333333333334,184.00889812453872,402.2651,586.274,494.2696,0.1667,3.4851,0.7305,1856,64.11333333333334
200.19172144997955,386.0985,586.2594,486.1789,0.075,2.2783,0.6972,1857,64.15333333333334,200.95601594264045,385.6053,586.5496,486.0774,0.0,2.2091,0.8317,1857,64.15333333333334,201.81748693699225,385.0768,587.1231,486.0999,0.0667,1.6906,0.992,1857,64.15333333333334,202.74509168645844,385.0768,588.0267,486.5518,0.0,1.6906,1.9092,1857,64.15333333333334,188.8030905278985,397.4563,586.2594,491.8578,0.15,4.2054,0.6972,1857,64.15333333333334
201.06706569375547,385.2235,586.2798,485.7516,0.0583,2.0602,0.6956,1858,64.17666666666668,201.23359940406533,385.3431,586.5093,485.9262,0.0,2.0308,0.8366,1858,64.17666666666668,201.8255342304135,385.0439,587.0924,486.0682,0.0667,1.7285,0.9661,1858,64.17666666666668,202.75703651189932,385.0439,588.003,486.5234,0.0,1.7285,1.8901,1858,64.17666666666668,184.6827383839685,401.5971,586.2798,493.9385,0.175,3.1408,0.6956,1858,64.17666666666668
200.46194445153807,385.9011,586.2759,486.0885,0.0667,1.9976,0.678,1859,64.21000000000001,200.9399615206093,385.6001,586.5053,486.0527,0.0,2.0788,0.8369,1859,64.21000000000001,201.81016071271594,385.0525,587.0892,486.0709,0.0667,1.6663,0.9609,1859,64.21000000000001,202.74220380483393,385.0525,588.0013,486.5269,0.0,1.6663,1.885,1859,64.21000000000001,184.61309493304518,401.6628,586.2759,493.9694,0.175,2.7925,0.678,1859,64.21000000000001
200.8881686423575,385.3895,586.2777,485.8336,0.0667,2.1004,0.7177,1860,64.25500000000001,201.21989236314909,385.344,586.5025,485.9232,0.0,1.9504,0.87,1860,64.25500000000001,201.81797846582228,385.051,587.0924,486.0717,0.0667,1.686,0.953,1860,64.25500000000001,202.74745415097536,385.051,588.0013,486.5261,0.0,1.686,1.893,1860,64.25500000000001,184.67792170214267,401.5997,586.2777,493.9387,0.175,3.1231,0.7177,1860,64.25500000000001
201.40403468752527,384.9783,586.2739,485.6261,0.05,2.0251,0.7239,1861,64.27666666666667,201.24959426115416,385.3045,586.4989,485.9017,0.0,1.9046,0.8713,1861,64.27666666666667,201.82175637212887,385.0499,587.0911,486.0705,0.0667,1.7151,0.9638,1861,64.27666666666667,202.75093351988346,385.0499,587.9994,486.5246,0.0,1.7151,1.8988,1861,64.27666666666667,184.43738699490626,401.8365,586.2739,494.0552,0.1667,3.1476,0.7239,1861,64.27666666666667
201.40684806766257,384.9744,586.2723,485.6234,0.05,2.0019,0.7112,1862,64.31,201.2536171846716,385.302,586.4986,485.9003,0.0,1.9289,0.8463,1862,64.31,201.82043417420974,385.0485,587.0912,486.0698,0.0667,1.7293,0.9526,1862,64.31,202.75029201987144,385.0485,588.0002,486.5244,0.0,1.7293,1.8933,1862,64.31,184.69806485810946,401.5742,586.2723,493.9232,0.175,2.9779,0.7112,1862,64.31
201.37914799971801,384.9877,586.2053,485.5965,0.0583,2.0382,0.7883,1863,64.35333333333334,200.9263136089853,385.4992,586.3377,485.9185,0.0,2.0598,0.8609,1863,64.35333333333334,201.81951684037776,385.0489,587.0887,486.0688,0.0667,1.711,0.9657,1863,64.35333333333334,202.75183104851715,385.0489,588.0003,486.5246,0.0,1.711,1.9061,1863,64.35333333333334,188.06101561406587,398.1442,586.2053,492.1747,0.1667,4.4865,0.7883,1863,64.35333333333334
200.56652378140123,385.6544,586.2894,485.9719,0.0667,2.3188,0.7047,1864,64.37666666666667,200.9497470438963,385.5007,586.3491,485.9249,0.0,2.152,0.907,1864,64.37666666666667,201.79717724406711,385.0749,587.0918,486.0833,0.0667,1.6041,0.9477,1864,64.37666666666667,202.7276538249181,385.0749,588.0023,486.5386,0.0,1.6041,1.8955,1864,64.37666666666667,186.0058243677047,400.2836,586.2894,493.2865,0.1667,3.7442,0.7047,1864,64.37666666666667
200.54962459769385,385.6772,586.2894,485.9833,0.0667,2.3075,0.704,1865,64.41000000000001,200.94534297628192,385.5109,586.3494,485.9301,0.0,2.2745,0.9056,1865,64.41000000000001,201.79756416744,385.0687,587.0923,486.0805,0.0667,1.7145,0.9481,1865,64.41000000000001,202.72141971394493,385.0687,588.0029,486.5358,0.0,1.7145,1.8964,1865,64.41000000000001,184.67079236782627,401.6186,586.2894,493.954,0.175,3.6277,0.704,1865,64.41000000000001
201.3988161518451,384.9319,586.0139,485.4729,0.075,1.624,0.6584,1866,64.46000000000001,201.44403543862126,385.2287,586.59,485.9093,0.0167,1.7626,0.8494,1866,64.46000000000001,201.17173370920557,385.0674,586.2391,485.6532,0.125,1.3626,0.5138,1866,64.46000000000001,202.47992940179182,385.2494,587.9157,486.5826,0.0,1.524,1.6141,1866,64.46000000000001,184.58160911182725,401.4323,586.0139,493.7231,0.15,4.7141,0.6584,1866,64.46000000000001
201.39612307779237,384.9343,586.0149,485.4746,0.075,1.6848,0.6633,1867,64.47666666666667,201.44101716392623,385.2311,586.5883,485.9097,0.0167,1.7298,0.8585,1867,64.47666666666667,201.3951650920052,385.0769,586.4721,485.7745,0.1083,1.357,0.6112,1867,64.47666666666667,202.47344765578524,385.2584,587.9166,486.5875,0.0,1.5272,1.6233,1867,64.47666666666667,184.56915460927112,401.4458,586.0149,493.7304,0.15,4.6856,0.6633,1867,64.47666666666667
201.35536167304275,384.9399,586.024,485.482,0.0833,1.6903,0.6366,1868,64.52000000000001,201.4342761809923,385.2367,586.5906,485.9137,0.0167,1.7408,0.87,1868,64.52000000000001,201.4765031280975,385.0416,586.4698,485.7557,0.0917,1.5587,0.6118,1868,64.52000000000001,202.48679630519175,385.2356,587.9165,486.5761,0.0,1.482,1.6259,1868,64.52000000000001,187.41648617198155,398.6075,586.024,492.3158,0.1083,6.6576,0.6366,1868,64.52000000000001
201.39199786264695,384.8478,586.0599,485.4538,0.0917,1.6137,0.5938,1869,64.54333333333334,201.49437281265622,385.1677,586.6087,485.8882,0.0167,1.5839,0.841,1869,64.54333333333334,201.48944611207702,385.0415,586.4881,485.7648,0.0833,1.3992,0.6117,1869,64.54333333333334,202.6397169757469,385.0415,587.9107,486.4761,0.0,1.3992,1.6721,1869,64.54333333333334,187.485003523326,398.5749,586.0599,492.3174,0.1167,6.8906,0.5938,1869,64.54333333333334
201.2674077207099,384.8105,585.6348,485.2226,0.075,1.5978,0.5117,1870,64.57333333333334,201.6003050401544,385.1138,586.7149,485.9144,0.0167,1.563,0.791,1870,64.57333333333334,200.98107747353998,385.0465,586.0275,485.537,0.1083,1.3768,0.6236,1870,64.57333333333334,202.56872315375065,384.9965,587.8058,486.4011,0.0,1.3659,1.8434,1870,64.57333333333334,184.64579015649784,400.989,585.6348,493.3119,0.1417,4.2176,0.5117,1870,64.57333333333334
201.42156340964627,384.6359,585.8362,485.2361,0.0667,1.7926,0.5502,1871,64.61,201.6265046099173,384.8072,586.4073,485.6073,0.0167,1.8118,0.8552,1871,64.61,201.06885367280543,384.852,585.8975,485.3747,0.1,1.4414,0.6018,1871,64.61,202.58387992048773,384.852,587.6839,486.2679,0.0,1.4414,1.7959,1871,64.61,186.44408318418874,399.3922,585.8362,492.6142,0.1417,4.6118,0.5502,1871,64.61
201.35950264056598,384.6926,585.8239,485.2582,0.0917,1.8666,0.5601,1872,64.64333333333333,201.01591790204847,385.3037,586.1602,485.7319,0.0167,1.9573,0.7976,1872,64.64333333333333,201.0207936641693,384.8458,585.8805,485.3632,0.1,1.4863,0.5739,1872,64.64333333333333,202.598154378687,384.8458,587.6949,486.2704,0.0,1.4863,1.8757,1872,64.64333333333333,188.0124849205262,397.8114,585.8239,491.8177,0.1417,5.5614,0.5601,1872,64.64333333333333
201.32005558560334,384.7212,585.7562,485.2387,0.0583,1.8005,0.6187,1873,64.67666666666668,201.4507870944452,384.8878,586.1583,485.523,0.0167,1.8865,0.7897,1873,64.67666666666668,201.03036962095553,384.8374,585.8801,485.3588,0.1,1.4782,0.5706,1873,64.67666666666668,202.60717046039602,384.8374,587.6945,486.266,0.0,1.4782,1.8766,1873,64.67666666666668,186.5583653785882,399.1978,585.7562,492.477,0.1333,4.3885,0.6187,1873,64.67666666666668
201.47839098087582,384.5504,585.6858,485.1181,0.0917,1.7424,0.5925,1874,64.71000000000001,201.3621902119084,385.0121,586.1633,485.5877,0.0167,1.8879,0.8002,1874,64.71000000000001,201.03716295976855,384.8324,585.8832,485.3578,0.1,1.4459,0.5868,1874,64.71000000000001,202.61551271143472,384.8324,587.6973,486.2648,0.0,1.4459,1.875,1874,64.71000000000001,185.75149576548128,399.9343,585.6858,492.81,0.1333,4.5378,0.5925,1874,64.71000000000001
201.33367449782196,384.6864,585.6857,485.1861,0.0833,1.7517,0.5922,1875,64.74333333333334,201.3657368771116,385.0087,586.1632,485.5859,0.0167,1.9088,0.8,1875,64.74333333333334,201.03720980170024,384.832,585.8832,485.3576,0.1,1.4459,0.5868,1875,64.74333333333334,202.6157354706087,384.832,587.6973,486.2646,0.0,1.4459,1.875,1875,64.74333333333334,185.7525968946449,399.9331,585.6857,492.8094,0.1333,4.5387,0.5922,1875,64.74333333333334
199.621035827039,385.9561,585.6663,485.8112,0.0917,2.0375,0.5101,1876,64.78,200.38476764459529,385.8403,586.225,486.0327,0.0,2.3447,0.7824,1876,64.78,201.56262724344356,385.1032,586.7235,485.9134,0.1333,1.1462,0.7398,1876,64.78,202.5120121351207,384.9799,587.6477,486.3138,0.0,1.342,1.5675,1876,64.78,185.62118808047265,399.9559,585.6663,492.8111,0.15,3.9641,0.5101,1876,64.78
199.53557026307755,386.0303,585.662,485.8461,0.1083,1.8887,0.5521,1877,64.81,200.58097250671446,385.7442,586.2129,485.9785,0.0,2.1755,0.7854,1877,64.81,201.6026728070862,384.9444,586.5048,485.7246,0.1,1.2487,0.6768,1877,64.81,202.42975803499735,384.9987,587.6402,486.3194,0.0,1.245,1.5637,1877,64.81,187.33459838336677,398.2313,585.662,491.9466,0.1417,4.4562,0.5521,1877,64.81
200.37384316923882,385.5097,585.6626,485.5862,0.0667,2.0497,0.5554,1878,64.84333333333333,200.5963381011751,385.7878,586.2181,486.003,0.0,2.1375,0.7717,1878,64.84333333333333,201.60408788940526,384.9332,586.5037,485.7185,0.1,1.2039,0.6786,1878,64.84333333333333,202.43341912708706,384.9973,587.6381,486.3177,0.0,1.2052,1.5647,1878,64.84333333333333,187.40247388641365,398.1712,585.6626,491.9169,0.1417,4.605,0.5554,1878,64.84333333333333
199.78806151801453,385.854,585.6836,485.7688,0.0833,2.0055,0.5465,1879,64.87666666666667,200.47110738840541,385.8048,586.2224,486.0136,0.0,2.2778,0.7602,1879,64.87666666666667,201.59642179618342,384.9394,586.5063,485.7229,0.1,1.1829,0.6936,1879,64.87666666666667,202.4234579501792,385.0048,587.6371,486.3209,0.0,1.1757,1.5556,1879,64.87666666666667,186.89622965459498,398.7458,585.6836,492.2147,0.1333,4.6763,0.5465,1879,64.87666666666667
201.12694502865014,385.1415,586.2873,485.7144,0.0667,1.8995,0.7877,1880,64.91000000000001,200.8340208886899,385.6035,586.2574,485.9305,0.0083,2.0734,0.8522,1880,64.91000000000001,201.5573142744954,384.9963,586.7013,485.8488,0.0917,1.2734,0.763,1880,64.91000000000001,202.39152134277404,385.1232,587.6717,486.3974,0.0,1.4003,1.4744,1880,64.91000000000001,188.4275923416968,397.8854,586.3036,492.0945,0.1167,5.4911,0.7702,1880,64.91000000000001
201.26959254055748,385.0595,586.3387,485.6991,0.075,1.9149,0.8059,1881,64.94333333333334,200.93091749066787,385.5139,586.2519,485.8829,0.0083,2.0931,0.8264,1881,64.94333333333334,201.51462260950538,385.0327,586.6245,485.8286,0.0833,1.43,0.6854,1881,64.94333333333334,202.33278896669296,385.2059,587.6651,486.4355,0.0,1.339,1.4875,1881,64.94333333333334,188.1293711885887,397.9351,586.0645,491.9998,0.1333,4.5952,0.6403,1881,64.94333333333334
201.36089098016961,384.9602,586.3423,485.6513,0.05,1.8733,0.7906,1882,64.97666666666667,201.04266570636042,385.4277,586.2788,485.8532,0.0083,1.9658,0.8298,1882,64.97666666666667,201.53468679474634,385.0256,586.6491,485.8374,0.0833,1.5313,0.666,1882,64.97666666666667,202.35715557311897,385.199,587.6852,486.4421,0.0,1.4197,1.5719,1882,64.97666666666667,188.47227927037824,397.87,586.3423,492.1062,0.1,5.1034,0.7906,1882,64.97666666666667
201.3545668803203,384.9702,586.353,485.6616,0.05,1.8976,0.8447,1883,65.01,201.0355773247156,385.4392,586.2897,485.8645,0.0083,1.9689,0.866,1883,65.01,201.62276248905533,385.0312,586.7628,485.897,0.075,1.448,0.6886,1883,65.01,202.3565052126856,385.2044,587.6979,486.4512,0.0,1.3633,1.5807,1883,65.01,188.4943540850027,397.8586,586.353,492.1058,0.1,5.065,0.8447,1883,65.01
201.35447234508678,384.9755,586.3531,485.6643,0.05,1.8955,0.8446,1884,65.04333333333334,201.03799924748697,385.4456,586.2936,485.8696,0.0083,2.0757,0.8599,1884,65.04333333333334,201.6189795172655,385.0366,586.7625,485.8996,0.075,1.4217,0.6989,1884,65.04333333333334,202.35379739763977,385.2097,587.6976,486.4537,0.0,1.3701,1.5529,1884,65.04333333333334,189.13101307282133,397.2262,586.3531,491.7896,0.0667,7.2342,0.8446,1884,65.04333333333334
201.35958907636896,384.9636,586.3519,485.6577,0.05,1.8822,0.848,1885,65.07666666666667,201.02736780810793,385.4319,586.2887,485.8603,0.0083,2.0064,0.8664,1885,65.07666666666667,201.62243274073788,385.0318,586.7623,485.897,0.075,1.4328,0.6985,1885,65.07666666666667,202.35641966337994,385.205,587.6975,486.4512,0.0,1.3724,1.5528,1885,65.07666666666667,189.2264060913821,397.1255,586.3519,491.7387,0.0667,7.2113,0.848,1885,65.07666666666667
201.48303118286404,384.7011,585.8239,485.2625,0.1083,1.2422,0.6109,1886,65.11333333333334,201.5440163597,385.1132,586.6922,485.9027,0.0083,1.8806,0.7914,1886,65.11333333333334,201.43218959741642,385.0007,586.2879,485.6443,0.075,1.5503,0.5879,1886,65.11333333333334,202.42653096883666,385.0007,587.5892,486.295,0.0,1.5503,1.3534,1886,65.11333333333334,187.57981598952733,398.2441,585.8239,492.034,0.1167,5.5488,0.6109,1886,65.11333333333334
201.72498371868076,384.6942,586.4266,485.5604,0.0833,1.3081,0.6332,1887,65.14333333333333,201.02394694226345,385.4346,586.4444,485.9395,0.0083,2.2726,0.7243,1887,65.14333333333333,201.41997262717774,385.0106,586.2924,485.6515,0.075,1.5427,0.5944,1887,65.14333333333333,202.42029964346983,385.0106,587.5905,486.3005,0.0,1.5427,1.3526,1887,65.14333333333333,188.39337509796775,398.0734,586.4266,492.25,0.1167,6.7781,0.6332,1887,65.14333333333333
201.55153667751927,384.817,586.3665,485.5917,0.0667,1.5965,0.6657,1888,65.17666666666668,201.2219286585716,385.3091,586.4564,485.8827,0.0083,2.1197,0.7477,1888,65.17666666666668,201.41749935624762,385.0088,586.303,485.6559,0.075,1.5135,0.6275,1888,65.17666666666668,202.40958130077405,385.0088,587.5925,486.3006,0.0,1.5135,1.3644,1888,65.17666666666668,189.28720695881734,397.2747,586.3665,491.8206,0.0833,7.382,0.6657,1888,65.17666666666668
201.73215964166403,384.6849,586.4211,485.553,0.0833,1.2821,0.6345,1889,65.21000000000001,201.01899006159786,385.4334,586.4363,485.9348,0.0083,2.4099,0.7318,1889,65.21000000000001,201.41002100824053,385.012,586.2918,485.6519,0.075,1.5038,0.5946,1889,65.21000000000001,202.41907496638265,385.012,587.5894,486.3007,0.0,1.5038,1.3579,1889,65.21000000000001,189.5801561767458,396.8781,586.4211,491.6496,0.0917,7.0572,0.6345,1889,65.21000000000001
201.5445596597898,384.7501,586.2978,485.5239,0.1,1.4278,0.6018,1890,65.24333333333334,201.23157696396555,385.2521,586.3498,485.801,0.0083,2.014,0.7633,1890,65.24333333333334,201.41672963369362,385.0062,586.2895,485.6478,0.075,1.5323,0.5914,1890,65.24333333333334,202.42288180133033,385.0062,587.5891,486.2976,0.0,1.5323,1.3597,1890,65.24333333333334,189.4318048555976,396.866,586.2978,491.5819,0.1,6.9495,0.6018,1890,65.24333333333334
201.69401188975402,384.7707,586.4696,485.6201,0.0917,1.4486,0.7173,1891,65.27833333333334,201.03495302753686,385.4262,586.4522,485.9392,0.0083,2.3755,0.7222,1891,65.27833333333334,201.4228304885604,384.9991,586.2917,485.6454,0.075,1.4875,0.5929,1891,65.27833333333334,202.41052333621678,384.9991,587.582,486.2905,0.0,1.4875,1.4374,1891,65.27833333333334,189.72524200363756,396.9071,586.4696,491.6884,0.0833,7.0878,0.7173,1891,65.27833333333334
201.6078275379515,384.7445,586.4191,485.5818,0.0917,1.3454,0.6436,1892,65.31,201.24884956615043,385.2409,586.3651,485.803,0.0083,2.0634,0.7469,1892,65.31,201.46132127166456,384.9816,586.2874,485.6345,0.075,1.6406,0.5887,1892,65.31,202.43683776412547,384.9816,587.5775,486.2795,0.0,1.6406,1.4502,1892,65.31,189.5453126479148,396.8801,586.4191,491.6496,0.0917,6.9098,0.6436,1892,65.31
201.8132174758269,384.6585,586.4683,485.5634,0.0917,1.3845,0.7353,1893,65.34333333333333,201.02489187438647,385.4477,586.4481,485.9479,0.0083,2.4185,0.7398,1893,65.34333333333333,201.46558475308888,384.9808,586.2943,485.6375,0.075,1.633,0.602,1893,65.34333333333333,202.43998810535754,384.9808,587.5806,486.2807,0.0,1.633,1.4612,1893,65.34333333333333,190.47616853067257,396.1567,586.4683,491.3125,0.0917,6.762,0.7353,1893,65.34333333333333
201.51921415569083,384.9312,586.4472,485.6892,0.0583,1.6968,0.7354,1894,65.38166666666667,200.98750221827967,385.4961,586.441,485.9686,0.0083,2.1673,0.7397,1894,65.38166666666667,201.41122095366163,384.999,586.2963,485.6476,0.075,1.4751,0.6052,1894,65.38166666666667,202.40617529388976,384.999,587.5815,486.2902,0.0,1.4751,1.462,1894,65.38166666666667,188.74345931125768,397.8267,586.4472,492.137,0.075,7.0276,0.7354,1894,65.38166666666667
201.51680032695236,384.9337,586.4474,485.6906,0.0583,1.6882,0.7364,1895,65.41000000000001,200.9846910150956,385.4995,586.4406,485.97,0.0083,2.0525,0.7368,1895,65.41000000000001,201.4104551673012,384.9994,586.2963,485.6479,0.075,1.4746,0.6052,1895,65.41000000000001,202.4057063483129,384.9994,587.5815,486.2905,0.0,1.4746,1.462,1895,65.41000000000001,188.69466236980946,397.8754,586.4474,492.1614,0.075,7.0009,0.7364,1895,65.41000000000001
200.79844537168438,385.5898,586.3794,485.9846,0.1,1.9062,0.8156,1896,65.44833333333334,200.77676001793662,385.9483,586.7806,486.3644,0.0,1.8372,0.9584,1896,65.44833333333334,201.33411189610274,384.9491,586.2832,485.6161,0.1333,1.0119,0.4894,1896,65.44833333333334,202.77314615295364,384.8753,587.8149,486.3451,0.0,1.3116,1.4902,1896,65.44833333333334,182.91732374958292,403.4709,586.3794,494.9252,0.175,3.0367,0.8156,1896,65.44833333333334
200.64664688142082,385.726,586.3727,486.0493,0.0917,1.7597,0.8439,1897,65.48333333333333,200.72133541213563,386.0186,586.7861,486.4024,0.0,1.8155,0.9418,1897,65.48333333333333,201.24708714015603,385.0387,586.2858,485.6623,0.1417,0.9776,0.5161,1897,65.48333333333333,202.7677257999364,384.8767,587.8148,486.3458,0.0,1.2968,1.5603,1897,65.48333333333333,185.82611804540542,400.5466,586.3727,493.4596,0.1417,5.2334,0.8439,1897,65.48333333333333
200.92243778494617,385.4731,586.385,485.929,0.1167,1.553,0.807,1898,65.52000000000001,200.72742806712972,386.0123,586.7871,486.3997,0.0,1.8253,0.9482,1898,65.52000000000001,201.32797370008,385.0405,586.3684,485.7044,0.1333,0.9514,0.4884,1898,65.52000000000001,202.7654982012067,384.8796,587.8146,486.3471,0.0,1.2982,1.5613,1898,65.52000000000001,185.93121793983943,400.4643,586.385,493.4247,0.15,5.2914,0.807,1898,65.52000000000001
200.72997558230944,385.6549,586.3849,486.0199,0.1,1.9088,0.8171,1899,65.54333333333334,200.75162951203987,385.9838,586.7884,486.3861,0.0,1.8271,0.9395,1899,65.54333333333334,201.40687442505683,384.9578,586.3646,485.6612,0.125,1.0125,0.4856,1899,65.54333333333334,202.7643106504902,384.881,587.8136,486.3473,0.0,1.3023,1.563,1899,65.54333333333334,185.92229174262997,400.4626,586.3849,493.4238,0.1417,5.3,0.8171,1899,65.54333333333334
200.63051378271925,385.6301,586.2606,485.9454,0.0917,1.9057,0.7376,1900,65.58666666666667,200.7122313453881,385.9702,586.7556,486.3629,0.0,1.8285,0.871,1900,65.58666666666667,201.3104627812155,384.9531,586.2636,485.6084,0.1333,1.0144,0.4718,1900,65.58666666666667,202.88698916183225,384.8814,587.9036,486.3925,0.0,1.314,1.6231,1900,65.58666666666667,186.45756459544108,399.8031,586.2606,493.0318,0.15,5.7914,0.7376,1900,65.58666666666667
201.82707221875668,384.615,586.0534,485.3342,0.0833,1.3129,0.7586,1901,65.61,200.83828231617073,385.8474,586.7393,486.2933,0.0,1.5163,0.8744,1901,65.61,201.2724900992016,384.9872,586.2778,485.6325,0.1417,1.0268,0.4756,1901,65.61,202.55472948866816,385.135,587.8613,486.4982,0.0,1.3376,1.5633,1901,65.61,182.72050940384617,403.3329,586.0534,494.6932,0.1333,3.1629,0.7586,1901,65.61
201.82243949420473,384.6211,586.0445,485.3328,0.0917,1.3191,0.7528,1902,65.64333333333333,201.01381858240273,385.8495,586.8813,486.3654,0.0,1.5625,0.9266,1902,65.64333333333333,201.27056891300535,384.9877,586.2764,485.632,0.1417,0.9738,0.4729,1902,65.64333333333333,202.55365738142137,385.1351,587.8602,486.4976,0.0,1.3537,1.5629,1902,65.64333333333333,182.36535358982815,403.6792,586.0445,494.8618,0.1417,2.9219,0.7528,1902,65.64333333333333
201.6975691960458,384.6254,586.2201,485.4228,0.1,1.3215,0.7299,1903,65.68833333333333,200.5250795701744,385.8537,586.1337,485.9937,0.0,1.4886,0.8241,1903,65.68833333333333,201.28677192077748,384.986,586.2828,485.6344,0.1417,0.9271,0.493,1903,65.68833333333333,202.62300529688645,385.1347,587.9366,486.5356,0.0,1.3547,1.6989,1903,65.68833333333333,186.35358812852536,399.8666,586.2201,493.0433,0.15,5.9457,0.7299,1903,65.68833333333333
200.91820184441818,385.3057,586.2239,485.7648,0.1,1.6941,0.7139,1904,65.71000000000001,200.49449644063677,385.905,586.1373,486.0212,0.0,1.7501,0.8259,1904,65.71000000000001,201.2875357245628,384.987,586.2809,485.6339,0.1417,0.9272,0.4821,1904,65.71000000000001,202.62145456714296,385.1352,587.9353,486.5352,0.0,1.3543,1.701,1904,65.71000000000001,186.35829285999785,399.8656,586.2239,493.0447,0.15,5.9481,0.7139,1904,65.71000000000001
201.21418067583681,385.1425,586.2217,485.6821,0.075,1.5019,0.6974,1905,65.74333333333334,200.21195140326387,386.0581,586.1406,486.0994,0.0,2.1192,0.8217,1905,65.74333333333334,201.24399926911698,385.0336,586.2814,485.6575,0.1417,1.173,0.4817,1905,65.74333333333334,202.54136975446025,385.2269,587.9355,486.5812,0.0,1.4023,1.7013,1905,65.74333333333334,186.10191686217462,400.1198,586.2217,493.1708,0.1333,6.6244,0.6974,1905,65.74333333333334
201.65436535973427,384.8446,586.5032,485.6739,0.0667,1.9824,0.7835,1906,65.79,201.02802456973583,385.6576,586.7323,486.1949,0.0,2.0974,0.959,1906,65.79,201.67284293096682,385.0584,586.7804,485.9194,0.1167,1.4661,0.6196,1906,65.79,202.87156722768273,385.1006,588.1333,486.617,0.0,1.6733,1.6015,1906,65.79,187.38315915556342,399.12,586.5032,492.8116,0.075,5.5854,0.7835,1906,65.79
201.60131050160504,384.8943,586.4933,485.6938,0.0583,2.0718,0.7751,1907,65.81,201.1435459124346,385.5442,586.7229,486.1335,0.0,2.088,0.9403,1907,65.81,201.67692920221216,385.0695,586.78,485.9248,0.1083,1.6191,0.6189,1907,65.81,202.90879650188853,385.0856,588.1335,486.6096,0.0,1.7576,1.6016,1907,65.81,187.00370231257264,399.4896,586.4933,492.9915,0.0833,5.4421,0.7751,1907,65.81
201.65084545600067,384.8437,586.4954,485.6695,0.0667,2.2451,0.7659,1908,65.84333333333333,201.0275979182567,385.6551,586.726,486.1906,0.0,2.1658,0.9252,1908,65.84333333333333,201.51294817541327,385.0699,586.4628,485.7663,0.1167,1.5792,0.6797,1908,65.84333333333333,202.9086255420056,385.0861,588.1347,486.6104,0.0,1.7515,1.5855,1908,65.84333333333333,187.38224712689887,399.1131,586.4954,492.8042,0.075,5.6798,0.7659,1908,65.84333333333333
201.45113445269448,385.0406,586.3844,485.7125,0.05,2.0946,0.7492,1909,65.87666666666667,200.94377408190343,385.6902,586.6222,486.1562,0.0,2.152,0.9107,1909,65.87666666666667,201.51957512518072,385.0749,586.4664,485.7707,0.1167,1.5477,0.6916,1909,65.87666666666667,202.90573867154308,385.0915,588.133,486.6122,0.0,1.7111,1.5705,1909,65.87666666666667,183.28486983118623,403.0995,586.3844,494.742,0.1167,2.9251,0.7492,1909,65.87666666666667
201.5966437657206,384.9249,586.5518,485.7384,0.0667,2.2224,0.8094,1910,65.91000000000001,201.05854362114616,385.7157,586.787,486.2514,0.0083,1.9634,0.9337,1910,65.91000000000001,201.51426070612968,385.0753,586.4686,485.772,0.1167,1.6209,0.6799,1910,65.91000000000001,202.90525343358817,385.092,588.1361,486.6141,0.0,1.7495,1.5848,1910,65.91000000000001,183.0589684121536,403.5047,586.5518,495.0283,0.125,3.2016,0.8094,1910,65.91000000000001
201.6256122566253,384.9154,586.5535,485.7344,0.0667,2.0995,0.8222,1911,65.94333333333334,200.98293464912823,385.7417,586.7855,486.2636,0.0,2.0814,0.9297,1911,65.94333333333334,201.62715774442879,385.0753,586.5812,485.8282,0.1083,1.6062,0.6731,1911,65.94333333333334,202.90473618774092,385.0914,588.1354,486.6134,0.0,1.7466,1.6017,1911,65.94333333333334,183.22354439394223,403.3395,586.5535,494.9465,0.1167,2.8453,0.8222,1911,65.94333333333334
201.63735536752958,384.9109,586.5493,485.7301,0.0667,2.1488,0.8081,1912,65.97666666666667,200.9820959872046,385.7401,586.7867,486.2634,0.0,2.1335,0.9059,1912,65.97666666666667,201.63126223010897,385.0703,586.581,485.8256,0.1083,1.594,0.6659,1912,65.97666666666667,202.90934396076287,385.0864,588.1361,486.6112,0.0,1.7235,1.6017,1912,65.97666666666667,187.45382446735675,399.1094,586.5493,492.8294,0.075,5.6825,0.8081,1912,65.97666666666667
201.58642782697572,384.907,586.5046,485.7058,0.05,2.2085,0.7858,1913,66.01,201.13672571902868,385.5558,586.7345,486.1451,0.0,2.2257,0.9441,1913,66.01,201.97436871264085,385.0672,587.2351,486.1512,0.1,1.5993,0.7937,1913,66.01,202.91653050875695,385.0834,588.1376,486.6105,0.0,1.7293,1.6716,1913,66.01,187.05444293412145,399.4502,586.5046,492.9774,0.0833,5.5859,0.7858,1913,66.01
201.63002354359062,384.8896,586.5526,485.7211,0.0583,2.1757,0.8059,1914,66.04333333333334,201.00294676258346,385.7148,586.7928,486.2538,0.0,2.0533,0.9113,1914,66.04333333333334,201.96344917770088,385.0715,587.2341,486.1528,0.1,1.5915,0.7738,1914,66.04333333333334,202.90583994700296,385.0876,588.1356,486.6116,0.0,1.7435,1.6707,1914,66.04333333333334,183.14116167453184,403.4234,586.5526,494.988,0.125,2.9979,0.8059,1914,66.04333333333334
201.6103537595046,384.9106,586.5521,485.7313,0.0583,2.1125,0.8039,1915,66.07666666666667,200.97388086657955,385.7467,586.7907,486.2687,0.0,2.0579,0.9108,1915,66.07666666666667,201.95144991669682,385.0825,587.236,486.1592,0.1,1.7001,0.7765,1915,66.07666666666667,202.89269778559944,385.0977,588.1363,486.617,0.0,1.7532,1.6711,1915,66.07666666666667,185.97863543423856,400.5838,586.5521,493.5679,0.0917,4.7309,0.8039,1915,66.07666666666667
200.23988121865185,385.9417,586.272,486.1068,0.0583,1.8127,0.7395,1916,66.11500000000001,200.69426045798187,385.7096,586.2084,485.959,0.0,1.9558,0.8558,1916,66.11500000000001,201.51163932297442,384.9766,586.4882,485.7324,0.1,1.4672,0.766,1916,66.11500000000001,202.71480946462697,385.0001,587.8898,486.445,0.0,1.4364,1.7131,1916,66.11500000000001,182.8576266117705,403.4144,586.272,494.8432,0.1333,2.3555,0.7395,1916,66.11500000000001
201.21630809119108,385.1697,586.2715,485.7206,0.0333,1.4513,0.7398,1917,66.14333333333333,200.88383332449587,385.5969,586.2081,485.9025,0.0,1.7852,0.8523,1917,66.14333333333333,201.5108306396935,384.9773,586.4881,485.7327,0.1,1.4101,0.7658,1917,66.14333333333333,202.71148013810955,385.0052,587.8899,486.4475,0.0,1.4478,1.7131,1917,66.14333333333333,187.2709692926105,399.0005,586.2715,492.636,0.075,5.866,0.7398,1917,66.14333333333333
201.20999077149074,385.2069,586.2895,485.7482,0.0333,1.4638,0.7381,1918,66.17666666666668,200.8554698787068,385.6228,586.225,485.9239,0.0,1.7744,0.8357,1918,66.17666666666668,201.5048676842738,384.9857,586.4906,485.7382,0.1,1.4868,0.7508,1918,66.17666666666668,202.69774842284787,385.0244,587.8922,486.4583,0.0,1.4667,1.719,1918,66.17666666666668,185.0817789046474,401.2077,586.2895,493.7486,0.1,4.0941,0.7381,1918,66.17666666666668
201.27165778961674,385.2027,586.2929,485.7478,0.0417,1.5944,0.7391,1919,66.21000000000001,200.62274196500155,385.7621,586.2254,485.9938,0.0,1.9887,0.8386,1919,66.21000000000001,201.51267262496816,384.9803,586.493,485.7366,0.1,1.4833,0.7533,1919,66.21000000000001,202.69798062171347,385.0267,587.8922,486.4594,0.0,1.4625,1.7198,1919,66.21000000000001,182.8155960251614,403.4773,586.2929,494.8851,0.1417,3.0254,0.7391,1919,66.21000000000001
201.25659072074106,385.2212,586.3051,485.7632,0.0417,1.5909,0.7372,1920,66.24333333333334,200.60991509731596,385.7826,586.2371,486.0098,0.0,1.9871,0.8285,1920,66.24333333333334,201.40821406179765,384.9839,586.3922,485.688,0.1083,1.4828,0.7066,1920,66.24333333333334,202.69526923245894,385.0305,587.893,486.4618,0.0,1.4622,1.7192,1920,66.24333333333334,182.8292389254517,403.4759,586.3051,494.8905,0.1417,2.9755,0.7372,1920,66.24333333333334
201.26955605157093,385.2131,586.2805,485.7468,0.0417,1.5551,0.7465,1921,66.27666666666667,200.6056411300899,385.7782,586.2139,485.996,0.0,1.9843,0.8409,1921,66.27666666666667,201.41320474876787,384.9803,586.3935,485.6869,0.1083,1.4932,0.7057,1921,66.27666666666667,202.70431456735705,385.0184,587.8936,486.456,0.0,1.4764,1.7192,1921,66.27666666666667,182.74029529985958,403.5402,586.2805,494.9104,0.1417,2.6301,0.7465,1921,66.27666666666667
201.26932615405707,385.2063,586.2929,485.7496,0.0417,1.5554,0.736,1922,66.31,200.6195367945667,385.766,586.2253,485.9957,0.0,2.0017,0.8363,1922,66.31,201.4166595668773,384.9756,586.3922,485.6839,0.1083,1.4835,0.7066,1922,66.31,202.70468428954516,385.0191,587.893,486.456,0.0,1.4774,1.7193,1922,66.31,182.81416242603524,403.4787,586.2929,494.8858,0.15,2.6684,0.736,1922,66.31
201.2767316493102,385.1978,586.2877,485.7427,0.0417,1.4759,0.7405,1923,66.34333333333333,200.6232780457635,385.7597,586.2214,485.9905,0.0,1.9797,0.831,1923,66.34333333333333,201.4195473171522,384.9731,586.3927,485.6829,0.1083,1.4819,0.7054,1923,66.34333333333333,202.70054154407373,385.0262,587.8927,486.4594,0.0,1.4753,1.72,1923,66.34333333333333,184.51634170138487,401.7713,586.2877,494.0295,0.125,4.4242,0.7405,1923,66.34333333333333
201.27025735671762,385.2037,586.2945,485.7491,0.0417,1.5568,0.7423,1924,66.37666666666667,200.62200417657144,385.7638,586.2269,485.9953,0.0,1.995,0.8417,1924,66.37666666666667,201.41624391537744,384.9751,586.3914,485.6832,0.1083,1.4817,0.7052,1924,66.37666666666667,202.6976684158767,385.0286,587.892,486.4603,0.0,1.4733,1.7243,1924,66.37666666666667,184.50903481146275,401.7854,586.2945,494.04,0.125,4.4123,0.7423,1924,66.37666666666667
201.27121728388923,385.2042,586.294,485.7491,0.0417,1.5373,0.7417,1925,66.41000000000001,200.62081722716738,385.7659,586.2265,485.9962,0.0,1.9659,0.8504,1925,66.41000000000001,201.41806115226882,384.9731,586.3912,485.6821,0.1083,1.4819,0.7054,1925,66.41000000000001,202.6997202573223,385.0262,587.8919,486.4591,0.0,1.4753,1.7243,1925,66.41000000000001,184.51918330396816,401.7748,586.294,494.0344,0.125,4.4326,0.7417,1925,66.41000000000001
200.2027474810826,386.0192,586.2227,486.1209,0.0667,2.5867,0.686,1926,66.44833333333334,200.42611729965438,386.0616,586.3874,486.2245,0.0,2.2219,0.7798,1926,66.44833333333334,201.13049439608227,385.2438,586.3743,485.8091,0.1,1.5395,0.8215,1926,66.44833333333334,202.4933493243432,385.2711,587.9838,486.6275,0.0,1.6729,1.735,1926,66.44833333333334,192.70144943310606,393.5213,586.2227,489.872,0.1583,10.0003,0.686,1926,66.44833333333334
200.1513989566268,386.0647,586.2353,486.15,0.0667,2.383,0.7217,1927,66.47666666666667,200.37237281151556,386.0848,586.3976,486.2412,0.0,2.1566,0.7441,1927,66.47666666666667,201.1373746544227,385.2457,586.383,485.8144,0.1,1.5399,0.7454,1927,66.47666666666667,202.47683788313302,385.2712,587.9614,486.6163,0.0,1.6711,1.7758,1927,66.47666666666667,190.39676741723585,395.8385,586.2353,491.0369,0.1667,8.926,0.7217,1927,66.47666666666667
200.86627367723995,385.408,586.1908,485.7994,0.05,2.333,0.6845,1928,66.52000000000001,200.32339420991238,386.0446,586.3443,486.1944,0.0,2.5333,0.832,1928,66.52000000000001,201.43866189767758,385.239,586.7304,485.9847,0.0917,1.595,0.7603,1928,66.52000000000001,202.42602661944164,385.1781,587.8713,486.5247,0.0,1.7038,1.7766,1928,66.52000000000001,191.5439618860525,394.6468,586.1908,490.4188,0.1167,9.4297,0.6845,1928,66.52000000000001
200.97921158878762,385.1784,586.0504,485.6144,0.05,2.3985,0.6417,1929,66.54333333333334,200.51459530232432,385.7851,586.1989,485.992,0.0,2.1958,0.8198,1929,66.54333333333334,201.49693992724704,385.0118,586.6001,485.806,0.0917,1.6825,0.6266,1929,66.54333333333334,202.54975734251002,385.0313,587.8247,486.428,0.0,1.7649,1.7541,1929,66.54333333333334,190.6699400951126,395.3804,586.0504,490.7154,0.05,7.616,0.6417,1929,66.54333333333334
201.07403930829227,385.0772,586.0004,485.5388,0.0667,2.2395,0.6484,1930,66.57666666666667,200.37559160205936,385.882,586.1462,486.0141,0.0,1.9424,0.7739,1930,66.57666666666667,201.36027712559644,385.0182,586.3127,485.6655,0.0917,1.7025,0.8172,1930,66.57666666666667,202.54973171659168,385.035,587.8004,486.4177,0.0,1.7428,1.8159,1930,66.57666666666667,191.53291656578392,394.4674,586.0004,490.2339,0.0583,8.5155,0.6484,1930,66.57666666666667
200.9308816772182,385.1799,585.9739,485.5769,0.05,1.9575,0.6466,1931,66.61,200.46247403886585,385.7942,586.1355,485.9648,0.0,1.9306,0.7554,1931,66.61,201.51390289122497,384.9893,586.5801,485.7847,0.0917,1.6983,0.6406,1931,66.61,202.55752053699257,385.0079,587.8029,486.4054,0.0,1.7502,1.7586,1931,66.61,191.56104065245998,394.4128,585.9739,490.1933,0.05,8.0441,0.6466,1931,66.61
201.1096927011529,385.0855,585.9717,485.5286,0.0667,2.2038,0.6712,1932,66.64333333333333,200.15450914881933,386.0587,586.1342,486.0965,0.0,1.9753,0.7546,1932,66.64333333333333,201.51551078586297,384.9883,586.5839,485.7861,0.0917,1.6899,0.6382,1932,66.64333333333333,202.55838311272322,385.0071,587.8052,486.4062,0.0,1.7478,1.7586,1932,66.64333333333333,191.43548338462463,394.5363,585.9717,490.254,0.05,7.4192,0.6712,1932,66.64333333333333
201.06797198708315,385.0885,585.9873,485.5379,0.075,2.2525,0.6445,1933,66.67666666666668,200.15797895117421,386.0561,586.1342,486.0952,0.0,1.9733,0.7556,1933,66.67666666666668,201.51704999309783,384.9875,586.5839,485.7857,0.0917,1.6976,0.6382,1933,66.67666666666668,202.56211880702398,385.0062,587.8061,486.4061,0.0,1.7503,1.7587,1933,66.67666666666668,191.46481725879403,394.5225,585.9873,490.2549,0.0583,7.4225,0.6445,1933,66.67666666666668
200.72118120368899,385.3687,585.9718,485.6702,0.0583,2.0694,0.6749,1934,66.71166666666667,200.10660792457773,386.0651,586.1344,486.0998,0.0,1.9039,0.7535,1934,66.71166666666667,201.51361777585808,384.9917,586.584,485.7879,0.0917,1.683,0.6382,1934,66.71166666666667,202.55809872889913,385.0101,587.8054,486.4077,0.0,1.7044,1.7586,1934,66.71166666666667,191.78869489027042,394.1831,585.9718,490.0774,0.0417,8.9235,0.6749,1934,66.71166666666667
200.96996936014682,385.2058,586.0175,485.6117,0.0667,1.9881,0.7694,1935,66.74333333333334,200.1462924371872,386.0624,586.1792,486.1208,0.0,1.8807,0.8246,1935,66.74333333333334,201.31745453359318,384.991,586.2695,485.6302,0.1,1.6806,0.8796,1935,66.74333333333334,202.5915828826995,385.0092,587.8233,486.4163,0.0,1.7046,1.8027,1935,66.74333333333334,192.60840101180582,393.4091,586.0175,489.7133,0.0417,9.136,0.7694,1935,66.74333333333334
200.7116624786097,385.1513,585.863,485.5072,0.05,1.6738,0.6664,1936,66.78,201.09252850277875,385.5061,586.5086,486.0073,0.0,1.7512,0.9469,1936,66.78,201.7299096783825,385.1998,587.0501,486.1249,0.075,1.6021,0.9212,1936,66.78,202.6348935131681,385.1369,587.9614,486.5491,0.0,1.6202,1.7104,1936,66.78,183.45544311713076,402.4075,585.863,494.1353,0.075,3.6986,0.6664,1936,66.78
200.7828057265098,385.1431,585.9259,485.5345,0.0667,1.6894,0.6604,1937,66.815,201.08584423682703,385.507,586.5157,486.0114,0.0,1.8575,0.9189,1937,66.815,201.7155867395298,385.1989,587.051,486.1249,0.075,1.652,0.9174,1937,66.815,202.6343338723197,385.1361,587.9623,486.5492,0.0,1.6469,1.7464,1937,66.815,183.449360578328,402.4765,585.9259,494.2012,0.0833,3.6565,0.6604,1937,66.815
200.7530816042402,385.2398,585.9929,485.6163,0.0833,1.854,0.6335,1938,66.84333333333333,201.07063958952793,385.5218,586.5125,486.0171,0.0,1.7727,0.9123,1938,66.84333333333333,201.88341653546587,384.9575,587.0532,486.0054,0.075,1.5827,0.9104,1938,66.84333333333333,202.68752949196923,385.0883,587.9666,486.5274,0.0,1.6299,1.7016,1938,66.84333333333333,183.78180293489874,402.2111,585.9929,494.102,0.1,3.6574,0.6335,1938,66.84333333333333
200.79356745976818,385.1386,585.9321,485.5354,0.0667,1.6665,0.6722,1939,66.87666666666667,201.0621272718291,385.507,586.5148,486.0109,0.0083,1.8369,0.8412,1939,66.87666666666667,201.71361202892865,385.2057,587.052,486.1289,0.075,1.6271,0.8971,1939,66.87666666666667,202.63253521910167,385.1427,587.9639,486.5533,0.0,1.6463,1.764,1939,66.87666666666667,183.51596087402206,402.4034,585.9194,494.1614,0.0917,3.6484,0.6493,1939,66.87666666666667
200.72118528461667,385.212,585.9332,485.5726,0.075,1.7072,0.6686,1940,66.91666666666667,201.06142306458233,385.5069,586.5157,486.0113,0.0083,1.7843,0.8444,1940,66.91666666666667,201.71335611119883,385.2032,587.0509,486.1271,0.075,1.6026,0.8964,1940,66.91666666666667,202.63209847673986,385.1403,587.9622,486.5512,0.0,1.6233,1.7387,1940,66.91666666666667,183.50755108483514,402.4124,585.9199,494.1662,0.0917,3.6803,0.6554,1940,66.91666666666667
200.7327177142005,385.2018,585.9345,485.5682,0.075,1.7302,0.6659,1941,66.94333333333334,201.06374243463844,385.5042,586.5165,486.0103,0.0083,1.7858,0.8445,1941,66.94333333333334,201.71524826382492,385.2062,587.049,486.1276,0.075,1.5778,0.8974,1941,66.94333333333334,202.626939377233,385.1436,587.9599,486.5518,0.0,1.6216,1.7213,1941,66.94333333333334,183.51610102970525,402.4038,585.9199,494.1618,0.0917,3.6919,0.6565,1941,66.94333333333334
200.7272783281026,385.1963,585.9236,485.56,0.075,1.7286,0.6592,1942,66.97666666666667,201.0788796555353,385.5105,586.5129,486.0117,0.0,1.8082,0.9316,1942,66.97666666666667,201.71155873764226,385.1867,587.0483,486.1175,0.075,1.5181,0.856,1942,66.97666666666667,202.6207682786749,385.1299,587.9591,486.5445,0.0,1.6186,1.6944,1942,66.97666666666667,182.32159512629786,403.602,585.9236,494.7628,0.1,3.0737,0.6592,1942,66.97666666666667
200.74513916018435,385.1868,585.932,485.5594,0.075,1.7046,0.6735,1943,67.02000000000001,201.06159140506603,385.5059,586.5128,486.0094,0.0083,1.8075,0.8681,1943,67.02000000000001,201.7079950958742,385.1819,587.0548,486.1184,0.075,1.4791,0.8874,1943,67.02000000000001,202.62634904370537,385.1253,587.9644,486.5449,0.0,1.6243,1.7189,1943,67.02000000000001,182.32907355906457,403.5877,585.9168,494.7523,0.1,3.0858,0.6567,1943,67.02000000000001
200.6721870254232,385.1911,585.8633,485.5272,0.0667,1.7001,0.6586,1944,67.04333333333334,201.05712882276003,385.5102,586.5098,486.01,0.0083,1.805,0.8617,1944,67.04333333333334,201.70134591808792,385.1846,587.0524,486.1185,0.075,1.5249,0.8735,1944,67.04333333333334,202.6203949596964,385.1296,587.9623,486.546,0.0,1.6299,1.7061,1944,67.04333333333334,182.32068449539483,403.5924,585.9131,494.7527,0.1,3.0856,0.6621,1944,67.04333333333334
200.7350133949038,385.1925,585.9275,485.56,0.075,1.6951,0.6779,1945,67.07666666666667,201.05258086640856,385.5129,586.51,486.0115,0.0083,1.8044,0.8604,1945,67.07666666666667,201.70244582332478,385.1842,587.0543,486.1192,0.075,1.5258,0.8736,1945,67.07666666666667,202.62143204232973,385.1307,587.9641,486.5474,0.0,1.6299,1.7012,1945,67.07666666666667,182.4347580655724,403.4796,585.9143,494.6969,0.1083,3.1503,0.6625,1945,67.07666666666667
201.05009526655698,385.2339,586.1996,485.7167,0.075,1.6031,0.7074,1946,67.12333333333333,200.9684717793282,385.5322,586.4769,486.0046,0.0083,1.8571,0.8386,1946,67.12333333333333,201.3964841138094,384.9986,586.3443,485.6715,0.1,1.5751,0.6511,1946,67.12333333333333,202.65524824266447,385.1344,587.9659,486.5501,0.0,1.5046,1.6777,1946,67.12333333333333,183.0418344515588,403.1578,586.1996,494.6787,0.125,2.9588,0.7074,1946,67.12333333333333
201.61210032037138,384.8428,586.3819,485.6123,0.075,1.6011,0.6635,1947,67.14333333333333,201.22436883663886,385.4773,586.7546,486.1159,0.0083,1.8943,0.9906,1947,67.14333333333333,201.39992637899059,385.0097,586.344,485.6769,0.1,1.5354,0.6538,1947,67.14333333333333,202.652498821051,385.1448,587.9678,486.5563,0.0,1.4706,1.6895,1947,67.14333333333333,183.6076382061502,402.7742,586.3819,494.578,0.125,3.2495,0.6635,1947,67.14333333333333
201.53147761538375,384.8743,586.384,485.6291,0.1,1.2436,0.6509,1948,67.17666666666668,200.99589230155183,385.6909,586.7514,486.2212,0.0083,1.9051,0.9913,1948,67.17666666666668,201.33510048482228,385.0089,586.344,485.6764,0.125,1.475,0.6528,1948,67.17666666666668,202.64298365919987,385.1508,587.9648,486.5578,0.0,1.4348,1.6877,1948,67.17666666666668,183.09658011979502,403.2874,586.384,494.8357,0.1333,2.7599,0.6509,1948,67.17666666666668
201.61733783824207,384.7933,586.2515,485.5224,0.075,1.4435,0.6909,1949,67.22166666666666,201.2094436276331,385.4267,586.7041,486.0654,0.0083,1.6737,0.9538,1949,67.22166666666666,201.3489288872667,384.9977,586.3466,485.6722,0.125,1.4838,0.662,1949,67.22166666666666,202.65300327597896,385.1461,587.9676,486.5568,0.0,1.442,1.6949,1949,67.22166666666666,182.98549124909,403.266,586.2515,494.7588,0.1083,3.0091,0.6909,1949,67.22166666666666
201.58213826810595,384.8226,586.2783,485.5505,0.075,1.3394,0.7098,1950,67.24333333333334,200.91684225418805,385.6081,586.5489,486.0785,0.0083,1.922,0.9113,1950,67.24333333333334,201.34643480558046,385.0021,586.3485,485.6753,0.125,1.4798,0.67,1950,67.24333333333334,202.6474349809692,385.1491,587.9651,486.5571,0.0,1.4702,1.6864,1950,67.24333333333334,182.62467632341773,403.6537,586.2783,494.966,0.1083,2.8891,0.7098,1950,67.24333333333334
201.59244235583319,384.8432,586.2525,485.5478,0.075,1.5714,0.6788,1951,67.27666666666667,201.15586527121567,385.4713,586.7049,486.0881,0.0083,1.8373,0.9502,1951,67.27666666666667,201.36500585226167,384.9822,586.3472,485.6647,0.125,1.4632,0.6611,1951,67.27666666666667,202.66151607357426,385.1414,587.9674,486.5544,0.0,1.4754,1.6949,1951,67.27666666666667,182.97661678549892,403.2759,586.2525,494.7642,0.1083,3.0734,0.6788,1951,67.27666666666667
201.57227015789064,384.8835,586.3812,485.6323,0.0833,1.5571,0.6449,1952,67.31,201.03905009271472,385.6537,586.7504,486.2021,0.0083,1.8982,0.9892,1952,67.31,201.32923014720393,385.015,586.3442,485.6796,0.1167,1.3956,0.6503,1952,67.31,202.74604295739942,385.024,587.9647,486.4944,0.0,1.4871,1.6866,1952,67.31,183.5863225810049,402.7949,586.3812,494.5881,0.125,3.3875,0.6449,1952,67.31
201.47026701311526,384.9531,586.3792,485.6662,0.0833,1.2527,0.649,1953,67.34333333333333,201.2262045625238,385.4724,586.7487,486.1105,0.0083,1.6867,0.9825,1953,67.34333333333333,201.3325072936617,385.0125,586.345,485.6788,0.1167,1.4033,0.6384,1953,67.34333333333333,202.74703090298718,385.0279,587.9671,486.4975,0.0,1.5402,1.6874,1953,67.34333333333333,183.08902008076655,403.2902,586.3792,494.8347,0.1167,2.9519,0.649,1953,67.34333333333333
201.3959768682307,385.0096,586.3799,485.6947,0.0917,1.4205,0.6524,1954,67.37666666666667,201.01916700545766,385.6761,586.7491,486.2126,0.0083,1.7697,0.9872,1954,67.37666666666667,201.3236501140608,385.0226,586.3462,485.6844,0.1167,1.4431,0.6374,1954,67.37666666666667,202.74245984778537,385.0269,587.9661,486.4965,0.0,1.5289,1.686,1954,67.37666666666667,183.5809696125251,402.7989,586.3799,494.5894,0.125,3.3887,0.6524,1954,67.37666666666667
201.43881627499707,384.9902,586.3881,485.6892,0.0833,1.3078,0.6561,1955,67.41000000000001,201.1962045221373,385.5126,586.7553,486.1339,0.0083,1.7408,1.0043,1955,67.41000000000001,201.35059930021058,385.0212,586.3718,485.6965,0.1167,1.4426,0.661,1955,67.41000000000001,202.76283954437704,385.031,587.9868,486.5089,0.0,1.5575,1.6566,1955,67.41000000000001,183.15047923917788,403.2376,586.3881,494.8129,0.1167,3.0731,0.6561,1955,67.41000000000001
201.36639640413472,385.0652,586.0759,485.5705,0.075,1.5977,0.6659,1956,67.44666666666667,200.8505204106465,385.5736,586.1789,485.8762,0.0083,1.8497,0.8154,1956,67.44666666666667,201.5673886092477,385.0653,586.5982,485.8317,0.0917,1.3861,0.8443,1956,67.44666666666667,202.60434906767756,385.1037,587.916,486.5099,0.0,1.6099,1.4783,1956,67.44666666666667,182.0311431035217,404.0448,586.0759,495.0603,0.1417,2.5283,0.6659,1956,67.44666666666667
201.3329258649974,384.8769,585.8913,485.3841,0.0917,1.2978,0.6683,1957,67.47666666666667,201.15967751985949,385.5592,586.7581,486.1587,0.0167,1.8023,0.9858,1957,67.47666666666667,201.57540323379948,385.0574,586.6036,485.8305,0.0917,1.3942,0.8119,1957,67.47666666666667,202.6135832662459,385.0959,587.9193,486.5076,0.0,1.5917,1.4602,1957,67.47666666666667,181.5036890085012,404.2978,585.8913,495.0945,0.1417,2.0433,0.6683,1957,67.47666666666667
201.36525805217906,385.0865,586.1925,485.6395,0.075,1.611,0.7094,1958,67.52000000000001,200.81812949081348,385.6074,586.1754,485.8914,0.0167,1.8332,0.6619,1958,67.52000000000001,201.58742530910052,385.083,586.611,485.847,0.0917,1.3873,0.8404,1958,67.52000000000001,202.60064929812472,385.1195,587.9195,486.5195,0.0,1.5927,1.4803,1958,67.52000000000001,181.89405697601515,404.2984,586.1925,495.2455,0.1333,1.9678,0.7094,1958,67.52000000000001
201.4120398224446,385.1126,586.3907,485.7516,0.075,1.5887,0.8283,1959,67.54333333333334,200.8900350631406,385.6956,586.4911,486.0934,0.0,1.8517,0.9012,1959,67.54333333333334,201.45600572830332,385.1613,586.6173,485.8893,0.125,1.2831,0.742,1959,67.54333333333334,202.66951494857244,385.1114,587.9801,486.5458,0.0,1.5079,1.6176,1959,67.54333333333334,182.43793607112474,403.9527,586.3907,495.1717,0.15,2.359,0.8283,1959,67.54333333333334
201.41359344819688,385.1129,586.3949,485.7539,0.075,1.5651,0.8259,1960,67.57666666666667,200.89096591753994,385.6963,586.4933,486.0948,0.0,1.8467,0.9003,1960,67.57666666666667,201.45643595900358,385.1616,586.618,485.8898,0.125,1.2831,0.7376,1960,67.57666666666667,202.66973482194305,385.1118,587.9808,486.5463,0.0,1.5077,1.6174,1960,67.57666666666667,182.38323849447053,404.0116,586.3949,495.2033,0.15,2.3387,0.8259,1960,67.57666666666667
201.38865920277766,385.1384,586.3926,485.7655,0.0667,1.5877,0.8278,1961,67.61,201.15996863766736,385.423,586.4895,485.9563,0.0,1.8129,0.9103,1961,67.61,201.53669754849852,385.0813,586.618,485.8497,0.1167,1.4036,0.7376,1961,67.61,202.66907851593712,385.1144,587.9806,486.5475,0.0,1.56,1.6172,1961,67.61,184.38036453613816,402.0123,586.3926,494.2024,0.125,4.0427,0.8278,1961,67.61
201.41230719530623,385.1143,586.3945,485.7544,0.075,1.6055,0.8285,1962,67.64333333333333,200.8924044140151,385.6947,586.4951,486.0949,0.0,1.8074,0.92,1962,67.64333333333333,201.53419208524915,385.0838,586.618,485.8509,0.1167,1.4072,0.7376,1962,67.64333333333333,202.66732630844115,385.1163,587.9808,486.5485,0.0,1.5597,1.6174,1962,67.64333333333333,182.37616377228107,404.0184,586.3945,495.2065,0.15,2.3483,0.8285,1962,67.64333333333333
201.41529211842376,385.1111,586.3949,485.753,0.075,1.6053,0.8285,1963,67.67666666666668,200.89538945904613,385.6909,586.4944,486.0927,0.0,1.801,0.9191,1963,67.67666666666668,201.5313767358616,385.0855,586.6169,485.8512,0.1167,1.4187,0.7386,1963,67.67666666666668,202.66528546878106,385.117,587.98,486.5485,0.0,1.5528,1.6113,1963,67.67666666666668,182.3847835361097,404.0101,586.3949,495.2025,0.1667,2.4593,0.8285,1963,67.67666666666668
201.4271065664284,385.1169,586.4787,485.7978,0.0917,1.6044,0.8384,1964,67.71000000000001,200.88728019383123,385.697,586.489,486.093,0.0,1.8062,0.9177,1964,67.71000000000001,201.52800075514313,385.0855,586.6135,485.8495,0.1167,1.4187,0.7345,1964,67.71000000000001,202.66421122264506,385.117,587.9785,486.5478,0.0,1.5528,1.6126,1964,67.71000000000001,182.46496275760248,404.0137,586.4787,495.2462,0.1833,2.3748,0.8384,1964,67.71000000000001
201.42907514103078,385.1151,586.4795,485.7973,0.0917,1.6047,0.8393,1965,67.74333333333334,200.88920412452165,385.6955,586.4898,486.0927,0.0,1.8002,0.9175,1965,67.74333333333334,201.52382120553196,385.0906,586.6145,485.8526,0.1167,1.4453,0.7356,1965,67.74333333333334,202.6618409437,385.1188,587.9789,486.5489,0.0,1.5767,1.6121,1965,67.74333333333334,182.15587017893935,404.3237,586.4795,495.4016,0.1917,2.0013,0.8393,1965,67.74333333333334
200.52001076355302,385.3981,585.931,485.6646,0.0833,1.6046,0.6364,1966,67.78166666666667,201.43658573344334,385.6516,587.0829,486.3672,0.0,1.8257,1.3485,1966,67.78166666666667,201.71453063107793,385.2353,587.1141,486.1747,0.0833,1.3684,0.9291,1966,67.78166666666667,202.7408213035433,385.2567,588.145,486.7008,0.0,1.5074,1.8084,1966,67.78166666666667,181.65436487629972,404.2135,585.931,495.0723,0.1583,2.4048,0.6364,1966,67.78166666666667
200.90163527424812,385.1997,585.9309,485.5653,0.0917,1.7327,0.6685,1967,67.81,201.5210401531203,385.5547,587.0849,486.3198,0.0,1.6934,1.3678,1967,67.81,201.70847812177118,385.2374,587.1099,486.1737,0.0833,1.3028,0.9458,1967,67.81,202.7316187716279,385.2594,588.1407,486.7,0.0,1.4246,1.8099,1967,67.81,181.97186678048533,403.9016,585.9309,494.9162,0.15,2.8098,0.6685,1967,67.81
200.67875710083592,385.2027,585.9109,485.5568,0.1083,1.6262,0.5913,1968,67.84333333333333,201.43862540042983,385.7433,587.1728,486.458,0.0,1.9332,1.4481,1968,67.84333333333333,201.724446450119,385.2651,587.1068,486.186,0.0917,1.2157,0.9118,1968,67.84333333333333,202.72614288658616,385.2569,588.1401,486.6985,0.0,1.3571,1.8048,1968,67.84333333333333,181.65807032685964,404.1102,585.9109,495.0105,0.1583,2.4003,0.5913,1968,67.84333333333333
201.04904411687082,385.0951,585.9387,485.5169,0.0917,1.5968,0.6484,1969,67.87666666666667,201.26527398094328,385.7685,587.0615,486.415,0.0083,1.9556,1.2057,1969,67.87666666666667,201.3407674808648,385.2624,586.5278,485.8951,0.1,1.4085,0.7267,1969,67.87666666666667,202.70977969719837,385.28,588.1379,486.709,0.0,1.5098,1.8029,1969,67.87666666666667,181.18217475859137,404.7035,585.9387,495.3211,0.1917,3.2383,0.6484,1969,67.87666666666667
200.69842111966926,385.3747,585.94,485.6574,0.0833,1.8854,0.6422,1970,67.91000000000001,201.1310604387026,385.9056,587.061,486.4833,0.0083,2.0038,1.1982,1970,67.91000000000001,201.29397728786992,385.2414,586.5328,485.8871,0.1,1.2716,0.7271,1970,67.91000000000001,202.7160619476408,385.2657,588.142,486.7038,0.0,1.3744,1.8018,1970,67.91000000000001,181.83159356533994,404.0549,585.94,494.9975,0.1417,2.3566,0.6422,1970,67.91000000000001
200.70032393282725,385.3952,585.9398,485.6675,0.075,1.9092,0.6293,1971,67.94333333333334,201.31082345718644,385.7461,587.0576,486.4018,0.0083,2.0301,1.2069,1971,67.94333333333334,201.24044565557705,385.287,586.5274,485.9072,0.1083,1.255,0.7219,1971,67.94333333333334,202.71172592802415,385.2659,588.1381,486.702,0.0,1.3799,1.825,1971,67.94333333333334,181.83859181914573,404.0511,585.9398,494.9955,0.1417,2.7887,0.6293,1971,67.94333333333334
200.9712166190292,385.1442,585.9391,485.5416,0.0917,1.692,0.6385,1972,67.97666666666667,201.221018726066,385.8124,587.0602,486.4363,0.0083,1.8961,1.2136,1972,67.97666666666667,201.2471920194164,385.2841,586.5313,485.9077,0.1083,1.2547,0.7182,1972,67.97666666666667,202.71417673575772,385.2656,588.1402,486.7029,0.0,1.3798,1.8152,1972,67.97666666666667,181.82508569114282,404.0592,585.9391,494.9992,0.1417,2.4622,0.6385,1972,67.97666666666667
200.9935955720947,385.2407,585.9407,485.5907,0.0833,1.7135,0.6306,1973,68.01,201.0189722009594,386.0249,587.0587,486.5418,0.0,1.9607,1.188,1973,68.01,201.2834542874763,385.2442,586.5277,485.886,0.1,1.2656,0.7129,1973,68.01,202.70912776287074,385.2685,588.1376,486.703,0.0,1.3752,1.8042,1973,68.01,181.34274780963895,404.5456,585.9407,495.2432,0.1917,3.5307,0.6306,1973,68.01
200.8677086247166,385.2736,585.938,485.6058,0.075,1.6835,0.6367,1974,68.04333333333334,200.8209866511662,386.0846,586.9355,486.51,0.0,2.006,1.0351,1974,68.04333333333334,201.7042095809096,385.2438,587.1074,486.1756,0.0833,1.265,0.9034,1974,68.04333333333334,202.71083524534444,385.2675,588.1383,486.7029,0.0,1.3767,1.8055,1974,68.04333333333334,181.34433315951213,404.5369,585.938,495.2375,0.1833,3.5283,0.6367,1974,68.04333333333334
200.79173915724107,385.3439,585.9393,485.6416,0.0667,1.8247,0.6417,1975,68.07666666666667,200.9535051545603,385.9821,586.9325,486.4573,0.0,2.0717,1.0306,1975,68.07666666666667,201.7154663614898,385.2894,587.1088,486.1991,0.0917,1.2369,0.9007,1975,68.07666666666667,202.71185619353065,385.2623,588.1382,486.7002,0.0,1.4009,1.8035,1975,68.07666666666667,181.43333872852116,404.4486,585.9393,495.194,0.175,3.4537,0.6417,1975,68.07666666666667
201.51541585519053,384.9397,586.3413,485.6405,0.075,1.3732,0.7243,1976,68.11333333333334,201.03766682861772,385.6171,586.5759,486.0965,0.0083,1.7576,0.8268,1976,68.11333333333334,201.6878350844501,385.2073,586.9894,486.0984,0.075,1.4647,0.7136,1976,68.11333333333334,202.67183674578797,385.2073,588.0224,486.6149,0.0,1.4647,1.7877,1976,68.11333333333334,181.97452053893866,404.3668,586.3413,495.3541,0.1667,2.7378,0.7243,1976,68.11333333333334
201.56521851006383,384.8885,586.3404,485.6145,0.075,1.4275,0.7195,1977,68.14500000000001,201.09306858863118,385.556,586.5748,486.0654,0.0083,1.9883,0.8506,1977,68.14500000000001,201.7659058366072,385.214,587.1021,486.158,0.0667,1.4124,0.8614,1977,68.14500000000001,202.66020073604514,385.214,588.0201,486.617,0.0,1.4124,1.7764,1977,68.14500000000001,181.97529762829,404.3651,586.3404,495.3528,0.1667,2.7464,0.7195,1977,68.14500000000001
201.4161963656552,385.0534,586.3363,485.6948,0.0583,1.6322,0.7278,1978,68.17666666666668,201.2712110741283,385.3768,586.5705,485.9736,0.0167,2.0096,0.832,1978,68.17666666666668,201.7658579229076,385.2111,587.1001,486.1556,0.0667,1.4242,0.8968,1978,68.17666666666668,202.659060695087,385.2111,588.0178,486.6145,0.0,1.4242,1.7455,1978,68.17666666666668,182.4032601963248,403.933,586.3363,495.1347,0.1667,2.9563,0.7278,1978,68.17666666666668
201.09167197832352,385.3909,586.3264,485.8587,0.05,2.0136,0.753,1979,68.21000000000001,201.06983147194182,385.5611,586.5634,486.0623,0.0167,2.0945,0.8864,1979,68.21000000000001,201.80949136010722,385.2132,587.0957,486.1544,0.1083,1.2901,0.9913,1979,68.21000000000001,202.66237924597675,385.2116,588.019,486.6153,0.0,1.4077,1.759,1979,68.21000000000001,182.34295678348482,403.9834,586.3264,495.1549,0.1667,2.9145,0.753,1979,68.21000000000001
201.2296437535924,385.2399,586.3292,485.7845,0.0583,1.9089,0.7433,1980,68.24833333333333,201.07850764631266,385.5521,586.5662,486.0592,0.0167,2.0197,0.8972,1980,68.24833333333333,201.81107663081673,385.1987,587.0892,486.1439,0.1083,1.3325,0.9751,1980,68.24833333333333,202.65787857217242,385.2077,588.0181,486.6129,0.0,1.4511,1.7754,1980,68.24833333333333,182.0745668029328,404.2546,586.3292,495.2919,0.15,2.8489,0.7433,1980,68.24833333333333
201.56061027318046,384.9006,586.3305,485.6156,0.0667,1.5182,0.7549,1981,68.27666666666667,201.19204391346628,385.4411,586.567,486.004,0.0083,1.8993,0.8864,1981,68.27666666666667,201.81060485691992,385.1951,587.0905,486.1428,0.1083,1.3365,0.9924,1981,68.27666666666667,202.65719693833694,385.2102,588.0157,486.613,0.0,1.4503,1.7716,1981,68.27666666666667,182.43653469264768,403.894,586.3305,495.1123,0.15,3.0307,0.7549,1981,68.27666666666667
201.29252653628987,385.1719,586.3323,485.7521,0.0583,1.7876,0.762,1982,68.31,201.15673556517888,385.481,586.5686,486.0248,0.0167,1.9634,0.9109,1982,68.31,201.7819750382692,385.1597,587.0928,486.1263,0.0917,1.4751,0.9806,1982,68.31,202.66518788007406,385.1959,588.0169,486.6064,0.0,1.4324,1.7739,1982,68.31,182.37483384825094,403.9575,586.3323,495.1449,0.1417,3.1255,0.762,1982,68.31
201.45952343514668,384.9903,586.3316,485.661,0.0667,1.7868,0.7517,1983,68.35000000000001,201.1342548109037,385.4987,586.5678,486.0333,0.0083,1.8532,0.91,1983,68.35000000000001,201.777859692389,385.1761,587.0927,486.1344,0.0833,1.5278,0.8901,1983,68.35000000000001,202.66881143719417,385.1939,588.0171,486.6055,0.0,1.4283,1.7705,1983,68.35000000000001,182.09949408559567,404.2321,586.3316,495.2819,0.1333,2.5652,0.7517,1983,68.35000000000001
201.44677655759023,385.0037,586.329,485.6663,0.0667,1.7428,0.7592,1984,68.37666666666667,201.12094761561735,385.5137,586.5656,486.0397,0.0083,1.8003,0.9095,1984,68.37666666666667,201.7757120281612,385.1726,587.0893,486.1309,0.0833,1.5188,0.8862,1984,68.37666666666667,202.66651207162428,385.1897,588.0149,486.6023,0.0,1.4271,1.769,1984,68.37666666666667,181.8123313966065,404.5167,586.329,495.4228,0.1667,2.4798,0.7592,1984,68.37666666666667
201.54802538994565,384.906,586.3699,485.638,0.075,1.673,0.8043,1985,68.41000000000001,201.21495776610095,385.4434,586.5947,486.019,0.0083,1.9938,0.9289,1985,68.41000000000001,201.79897713518292,385.1565,587.0941,486.1253,0.1,1.3839,0.8983,1985,68.41000000000001,202.66602765727356,385.1996,588.0207,486.6101,0.0,1.4554,1.7577,1985,68.41000000000001,182.47323986633575,403.8966,586.3699,495.1332,0.1583,2.9683,0.8043,1985,68.41000000000001
201.13592938652917,385.1641,585.933,485.5486,0.1,1.6986,0.5701,1986,68.455,200.80205018683782,385.7982,586.6111,486.2046,0.0167,1.8532,0.8146,1986,68.455,201.8122690082545,385.3382,587.2714,486.3048,0.1083,1.6043,0.7437,1986,68.455,202.75021588974323,385.1999,588.0929,486.6464,0.0083,1.2964,1.7762,1986,68.455,184.08795841110896,401.9272,586.0151,493.9712,0.125,3.5908,0.7268,1986,68.455
201.10296132169782,385.1313,585.936,485.5336,0.1,1.5092,0.5986,1987,68.47666666666667,200.84095984440276,385.788,586.6127,486.2004,0.0167,1.8901,0.8093,1987,68.47666666666667,201.8802660810119,385.1883,587.2728,486.2306,0.1,1.4807,0.7421,1987,68.47666666666667,202.7494765792208,385.1883,588.0939,486.6411,0.0083,1.4807,1.78,1987,68.47666666666667,183.88485429954594,402.1316,586.0164,494.074,0.1333,3.1371,0.7356,1987,68.47666666666667
201.06725086631323,385.1432,585.8034,485.4733,0.0917,1.7447,0.5652,1988,68.52000000000001,200.91667514753237,385.6291,586.5779,486.1035,0.0167,1.6827,0.9218,1988,68.52000000000001,201.86997764766465,385.0986,587.0984,486.0985,0.075,1.5776,0.8891,1988,68.52000000000001,202.77468071393793,385.0986,588.0349,486.5667,0.0083,1.5776,1.8936,1988,68.52000000000001,184.22949522982637,401.8742,586.1037,493.989,0.1167,3.6644,0.8637,1988,68.52000000000001
201.33795380532226,385.0917,586.0362,485.564,0.0667,1.8416,0.7974,1989,68.555,201.05964094877044,385.5828,586.7206,486.1517,0.0083,1.7984,0.9938,1989,68.555,201.9030060008531,385.0485,586.9647,486.0066,0.1,1.7038,0.5839,1989,68.555,202.72687385794063,385.0485,587.9314,486.4899,0.0083,1.7038,1.8203,1989,68.555,184.8638317901522,401.1724,586.0362,493.6043,0.1333,3.9853,0.7974,1989,68.555
201.04455321048104,384.9705,585.6544,485.3124,0.0917,1.6198,0.4993,1990,68.57666666666667,201.4481080970021,385.3166,586.7786,486.0476,0.0083,1.769,1.1064,1990,68.57666666666667,201.6994713218178,384.9349,586.4482,485.6915,0.1,1.385,0.6684,1990,68.57666666666667,202.78711288902127,384.9349,587.8744,486.4046,0.0083,1.385,1.7786,1990,68.57666666666667,184.2154608713974,401.3799,585.6544,493.5171,0.1667,3.8996,0.4993,1990,68.57666666666667
201.05079169342548,384.9675,585.6578,485.3127,0.0917,1.6127,0.4758,1991,68.61,201.45187509848316,385.3102,586.7786,486.0444,0.0083,1.7204,1.1019,1991,68.61,201.72870894831567,384.935,586.4853,485.7102,0.0917,1.362,0.6522,1991,68.61,202.7614179478179,384.935,587.847,486.391,0.0083,1.362,1.7867,1991,68.61,183.74044779992585,401.8557,585.6578,493.7568,0.175,3.6682,0.4758,1991,68.61
201.0566469415728,384.9682,585.6572,485.3127,0.0917,1.6399,0.4966,1992,68.655,201.45000940466502,385.311,586.7775,486.0443,0.0083,1.6752,1.1056,1992,68.655,201.72357362286004,384.935,586.4801,485.7076,0.0917,1.362,0.6556,1992,68.655,202.7598407284549,384.935,587.8453,486.3902,0.0083,1.362,1.7848,1992,68.655,183.7350885043336,401.8628,585.6572,493.76,0.175,3.5356,0.4966,1992,68.655
201.23464063921452,384.9686,585.7769,485.3728,0.075,1.5887,0.6099,1993,68.67666666666668,201.28219742756525,385.3094,586.6129,485.9611,0.0083,1.6768,1.0203,1993,68.67666666666668,201.72882078796422,384.935,586.4851,485.71,0.0917,1.3615,0.6547,1993,68.67666666666668,202.76230270509458,384.935,587.8476,486.3913,0.0083,1.3615,1.7873,1993,68.67666666666668,184.36311971557035,401.4138,585.7769,493.5954,0.15,3.8549,0.6099,1993,68.67666666666668
201.1148072564144,385.0366,585.7743,485.4054,0.0667,1.6798,0.6189,1994,68.71000000000001,201.22651137985724,385.3839,586.62,486.002,0.0083,1.7891,0.9087,1994,68.71000000000001,201.6392653247075,384.9398,586.4098,485.6748,0.1,1.3495,0.6761,1994,68.71000000000001,202.77484898467708,384.9398,587.8732,486.4065,0.0083,1.3495,1.7354,1994,68.71000000000001,184.366825477393,401.4075,585.7743,493.5909,0.1417,3.8832,0.6189,1994,68.71000000000001
201.2524372054273,385.0075,585.8156,485.4115,0.075,1.8345,0.5955,1995,68.74333333333334,201.26743009219282,385.3405,586.6293,485.9849,0.0083,1.9684,0.9995,1995,68.74333333333334,201.8575214521804,384.9493,587.0072,485.9782,0.0917,1.39,0.7905,1995,68.74333333333334,202.7782058130693,384.9493,587.883,486.4161,0.0083,1.39,1.745,1995,68.74333333333334,184.40954426464853,401.406,585.8156,493.6108,0.15,3.8763,0.5955,1995,68.74333333333334
200.99129742758748,385.2708,585.8141,485.5424,0.1167,1.9885,0.649,1996,68.78,200.54511602626218,385.8494,586.3358,486.0926,0.0167,1.9601,0.7419,1996,68.78,201.28378617037365,385.0282,586.2292,485.6287,0.1,1.3373,0.4989,1996,68.78,202.63785661494276,385.0173,587.8422,486.4298,0.0,1.3542,1.5336,1996,68.78,182.7017582220413,403.4689,586.1707,494.8198,0.1583,2.153,0.6015,1996,68.78
200.9970905475735,385.298,585.8202,485.5591,0.125,2.0005,0.6303,1997,68.81,200.3418348058678,386.0199,586.3459,486.1829,0.0167,2.1666,0.7151,1997,68.81,201.27522579258968,385.0416,586.2294,485.6355,0.1,1.2642,0.4999,1997,68.81,202.62778433975055,385.0307,587.843,486.4369,0.0,1.3097,1.5306,1997,68.81,181.87795020135712,404.0711,586.1829,495.127,0.175,1.672,0.5981,1997,68.81
201.08380935669285,385.3633,586.4434,485.9033,0.1083,1.938,0.5372,1998,68.84333333333333,200.69806313451062,385.8065,586.5309,486.1687,0.0167,1.9239,0.8143,1998,68.84333333333333,201.30181967663802,385.0339,586.2421,485.638,0.1,1.2246,0.5217,1998,68.84333333333333,202.66531341959492,385.0229,587.8795,486.4512,0.0,1.3202,1.6015,1998,68.84333333333333,185.4247604331722,400.8436,586.2684,493.556,0.1083,4.3514,0.6519,1998,68.84333333333333
200.92495778422608,385.3545,585.8387,485.5966,0.1,1.8627,0.6084,1999,68.87666666666667,200.638232608374,385.7917,586.3375,486.0646,0.0167,1.9658,0.7273,1999,68.87666666666667,201.28096133323925,385.0382,586.235,485.6366,0.1,1.2165,0.4972,1999,68.87666666666667,202.65995884627498,385.0273,587.8805,486.4539,0.0,1.3206,1.584,1999,68.87666666666667,181.93330867078134,403.9594,586.0422,495.0008,0.1667,1.5137,0.593,1999,68.87666666666667
200.9270191349207,385.3566,585.8404,485.5985,0.1,1.8494,0.608,2000,68.91000000000001,200.63762756874888,385.7924,586.3368,486.0646,0.0167,1.9256,0.7181,2000,68.91000000000001,201.27994835738767,385.0383,586.2352,485.6367,0.1,1.2328,0.4993,2000,68.91000000000001,202.63042377964365,385.0273,587.8447,486.436,0.0,1.3194,1.5478,2000,68.91000000000001,182.92643804397633,403.3541,586.2805,494.8173,0.1417,2.4089,0.6355,2000,68.91000000000001
201.09475373530046,385.3522,586.443,485.8976,0.1,1.8334,0.5518,2001,68.94333333333334,200.6427298402028,385.7887,586.3383,486.0635,0.0167,1.944,0.7205,2001,68.94333333333334,201.28208735091462,385.0398,586.2364,485.6381,0.1,1.2737,0.4913,2001,68.94333333333334,202.6329557888879,385.0288,587.8465,486.4377,0.0,1.293,1.5452,2001,68.94333333333334,182.56892395447963,403.4749,586.0438,494.7593,0.1417,2.4324,0.6133,2001,68.94333333333334
201.00703973089023,385.3139,585.8402,485.5771,0.1083,1.9489,0.6296,2002,68.97666666666667,200.48334918163067,385.8755,586.3392,486.1074,0.0167,1.9744,0.7422,2002,68.97666666666667,201.27840636207014,385.0426,586.2359,485.6393,0.1,1.2722,0.5129,2002,68.97666666666667,202.63209384476352,385.0298,587.845,486.4374,0.0,1.3108,1.549,2002,68.97666666666667,182.50371919672915,403.5417,586.0454,494.7936,0.1417,2.5665,0.6124,2002,68.97666666666667
201.07272753953322,385.3704,586.4397,485.9051,0.0917,1.8836,0.5465,2003,69.01,200.77240930708874,385.6471,586.3296,485.9883,0.0167,1.9279,0.7747,2003,69.01,201.30573215107765,385.0362,586.235,485.6356,0.1,1.2813,0.4912,2003,69.01,202.6456043575624,385.0221,587.8438,486.4329,0.0,1.332,1.546,2003,69.01,183.0257260515854,403.3528,586.3785,494.8657,0.1333,2.4175,0.734,2003,69.01
200.8937230444082,385.3736,585.8529,485.6132,0.1,1.8442,0.6211,2004,69.04333333333334,200.39358570706793,385.9658,586.2953,486.1306,0.0167,2.0636,0.7352,2004,69.04333333333334,201.2981495868363,385.0379,586.2349,485.6364,0.1,1.2742,0.4991,2004,69.04333333333334,202.6405195239913,385.0241,587.8423,486.4332,0.0,1.3104,1.5481,2004,69.04333333333334,182.4393565517836,403.693,586.1324,494.9127,0.1583,2.4248,0.6214,2004,69.04333333333334
201.1476080877407,385.2904,586.4381,485.8643,0.125,1.8965,0.4831,2005,69.07666666666667,200.32270237252527,386.0078,586.2935,486.1507,0.0167,2.0783,0.7484,2005,69.07666666666667,201.30417179971943,385.0366,586.2352,485.6359,0.1,1.2798,0.4976,2005,69.07666666666667,202.6439377937812,385.0226,587.8432,486.4329,0.0,1.308,1.5448,2005,69.07666666666667,182.60929866835605,403.5204,586.1297,494.8251,0.15,2.5522,0.6102,2005,69.07666666666667
201.4650474812123,385.0805,586.4444,485.7624,0.0667,1.5647,0.7173,2006,69.11333333333334,201.26266589049126,385.4352,586.7053,486.0703,0.0167,1.5966,0.8105,2006,69.11333333333334,201.59155138999594,385.2941,586.852,486.0731,0.125,1.0173,0.6465,2006,69.11333333333334,202.6625200657994,385.0695,587.9903,486.5299,0.0,1.1928,1.7084,2006,69.11333333333334,189.56938492982704,396.9274,586.4968,491.7121,0.0833,6.2054,0.6995,2006,69.11333333333334
201.1085501191087,385.3592,586.4246,485.8919,0.0417,1.4217,0.746,2007,69.14333333333333,201.2808114727332,385.4218,586.7025,486.0621,0.0167,1.4241,0.8101,2007,69.14333333333333,201.63423330655235,385.298,586.9637,486.1309,0.1167,1.1247,0.7496,2007,69.14333333333333,202.66275236668588,385.0741,587.9963,486.5352,0.0,1.219,1.7073,2007,69.14333333333333,189.85501112654975,396.6211,586.4761,491.5486,0.0667,6.7914,0.664,2007,69.14333333333333
201.39298071942326,385.069,586.4346,485.7518,0.0667,1.4608,0.7419,2008,69.17666666666668,201.30757623157982,385.3954,586.7039,486.0497,0.025,1.5463,0.8198,2008,69.17666666666668,201.67318791916043,385.1869,586.9624,486.0746,0.1,1.0482,0.727,2008,69.17666666666668,202.66516032039297,385.0714,587.995,486.5332,0.0,1.2256,1.6966,2008,69.17666666666668,189.84731792079486,396.6388,586.4861,491.5624,0.0667,6.8241,0.721,2008,69.17666666666668
200.8831077432835,385.6097,586.4928,486.0513,0.05,1.5299,0.7108,2009,69.21000000000001,201.2782800198751,385.4458,586.7124,486.0791,0.0167,1.5431,0.8489,2009,69.21000000000001,201.62146112629077,385.1837,586.8588,486.0212,0.1083,1.0442,0.6726,2009,69.21000000000001,202.6673974322891,385.0716,587.9945,486.5331,0.0,1.2221,1.711,2009,69.21000000000001,189.87426474966713,396.6186,586.4928,491.5557,0.0667,6.8034,0.7108,2009,69.21000000000001
201.46777492877072,385.028,586.4947,485.7614,0.075,1.5522,0.6977,2010,69.24333333333334,200.99467202935196,385.6926,586.713,486.2028,0.0167,1.7867,0.8425,2010,69.24333333333334,201.6165121912471,385.1713,586.8601,486.0157,0.1083,1.0317,0.6907,2010,69.24333333333334,202.68138497772043,385.0784,587.9954,486.5369,0.0,1.243,1.6979,2010,69.24333333333334,189.7945388243887,396.7002,586.4947,491.5974,0.0667,7.3325,0.6977,2010,69.24333333333334
201.4301415362223,385.0663,586.4927,485.7795,0.1,1.4709,0.6899,2011,69.27666666666667,200.82175346070713,385.8993,586.7111,486.3052,0.0167,1.6391,0.8534,2011,69.27666666666667,201.60288795252515,385.1785,586.8573,486.0179,0.1083,1.0335,0.6885,2011,69.27666666666667,202.67497028919445,385.0924,587.9936,486.543,0.0,1.2283,1.7185,2011,69.27666666666667,189.75671970241433,396.736,586.4927,491.6144,0.0667,7.3458,0.6899,2011,69.27666666666667
201.42774351780406,385.0661,586.4772,485.7716,0.1,1.5084,0.6866,2012,69.31,200.81860042025002,385.8978,586.6968,486.2973,0.0167,1.7355,0.8359,2012,69.31,201.65050795115243,385.1854,586.9578,486.0716,0.1,1.0347,0.7745,2012,69.31,202.6685372904101,385.0944,587.9934,486.5439,0.0,1.2313,1.705,2012,69.31,189.7446979710787,396.7325,586.4772,491.6048,0.0667,7.3495,0.6866,2012,69.31
201.53990443240906,384.9228,586.4859,485.7043,0.075,1.7699,0.7035,2013,69.34333333333333,201.22168871507083,385.5064,586.7057,486.106,0.0083,1.6264,0.8258,2013,69.34333333333333,201.62518533816998,385.2314,586.9641,486.0978,0.0917,1.0743,0.8307,2013,69.34333333333333,202.6486950994081,385.1076,587.9903,486.549,0.0,1.1618,1.6883,2013,69.34333333333333,183.63901341725034,402.8468,586.4859,494.6663,0.1,3.9776,0.7035,2013,69.34333333333333
201.25399208240574,385.2427,586.4875,485.8651,0.0667,1.4011,0.7134,2014,69.37666666666667,201.17833596424927,385.5287,586.707,486.1178,0.0083,1.4696,0.8164,2014,69.37666666666667,201.6205828905919,385.243,586.9634,486.1032,0.0917,1.0601,0.8305,2014,69.37666666666667,202.64089381293164,385.1098,587.9897,486.5498,0.0,1.1593,1.6967,2014,69.37666666666667,183.68444926083384,402.803,586.4875,494.6453,0.1083,4.0838,0.7134,2014,69.37666666666667
201.4800753584835,384.9472,586.4358,485.6915,0.075,1.6824,0.6526,2015,69.41000000000001,200.9733456287758,385.5117,586.4179,485.9648,0.0083,1.5305,0.6685,2015,69.41000000000001,201.62026806421522,385.247,586.9631,486.1051,0.0917,1.0604,0.8298,2015,69.41000000000001,202.6523717175166,385.1159,588.0046,486.5603,0.0,1.1481,1.7035,2015,69.41000000000001,183.7035355554593,402.7874,586.4358,494.6116,0.1,4.0559,0.6526,2015,69.41000000000001
201.6042458118603,384.9104,586.4451,485.6778,0.075,1.4683,0.7779,2016,69.44666666666667,201.18503109590495,385.6038,586.8638,486.2338,0.0083,1.762,0.9629,2016,69.44666666666667,201.44684794385645,385.1223,586.5108,485.8166,0.0917,1.7929,0.6912,2016,69.44666666666667,202.75327672432852,385.1223,588.0761,486.5992,0.0,1.7929,1.6827,2016,69.44666666666667,189.6394990387791,396.8056,586.4451,491.6253,0.1083,5.7394,0.7779,2016,69.44666666666667
201.53204828227092,384.9824,586.4471,485.7148,0.075,1.5572,0.7769,2017,69.47666666666667,201.132826889113,385.6592,586.8651,486.2622,0.0083,1.848,0.966,2017,69.47666666666667,201.45284528535439,385.1065,586.5128,485.8096,0.1,1.8516,0.6889,2017,69.47666666666667,202.74927684824277,385.1228,588.0774,486.6001,0.0,1.7868,1.6742,2017,69.47666666666667,188.8193074372365,397.6278,586.4471,492.0375,0.1,5.4923,0.7769,2017,69.47666666666667
200.84701142119494,385.6542,586.4552,486.0547,0.0667,2.0719,0.7363,2018,69.52000000000001,200.64415411074071,386.0841,586.8571,486.4706,0.0083,2.4844,0.9675,2018,69.52000000000001,201.25983073103856,385.1648,586.4247,485.7947,0.1167,1.5143,0.8462,2018,69.52000000000001,202.74166383573458,385.1399,588.0732,486.6065,0.0,1.6856,1.6584,2018,69.52000000000001,187.44485227995858,399.0103,586.4552,492.7327,0.1,6.2154,0.7363,2018,69.52000000000001
200.960688996128,385.4939,586.4546,485.9742,0.075,1.9622,0.7333,2019,69.54333333333334,200.63810174677616,386.1016,586.8572,486.4794,0.0,2.3646,0.9721,2019,69.54333333333334,201.2199217319388,385.1746,586.3945,485.7846,0.125,1.5205,0.7505,2019,69.54333333333334,202.7485547753309,385.156,588.0951,486.6255,0.0,1.6766,1.5975,2019,69.54333333333334,186.86274225332403,399.5918,586.4546,493.0232,0.1,5.4079,0.7333,2019,69.54333333333334
200.8990585223773,385.6156,586.4587,486.0371,0.0583,2.1431,0.7751,2020,69.58,200.6612875520575,386.0756,586.8547,486.4652,0.0,2.2688,0.9896,2020,69.58,201.3139826273727,385.1732,586.4871,485.8302,0.1167,1.5179,0.6897,2020,69.58,202.75227711751182,385.1516,588.097,486.6243,0.0,1.6897,1.598,2020,69.58,187.63676696705662,398.8219,586.4587,492.6403,0.1083,5.6005,0.7751,2020,69.58
201.4093759316038,385.097,586.4582,485.7776,0.0833,1.6762,0.7443,2021,69.61,200.83630399330298,385.9071,586.8554,486.3813,0.0083,1.9359,0.9636,2021,69.61,201.22261788396983,385.1698,586.3924,485.7811,0.125,1.5138,0.7451,2021,69.61,202.75460519586437,385.1478,588.0951,486.6215,0.0,1.6802,1.5977,2021,69.61,187.52040613149188,398.9378,586.4582,492.698,0.1,5.6517,0.7443,2021,69.61
201.0598201000749,385.2863,586.252,485.7691,0.0917,1.8123,0.6404,2022,69.64333333333333,201.1056705909813,385.9135,587.0634,486.4885,0.0,1.9794,1.1878,2022,69.64333333333333,201.33278102833827,385.1688,586.5016,485.8352,0.1,1.5159,0.766,2022,69.64333333333333,202.5924464362399,385.1461,587.9501,486.5481,0.0,1.6767,1.5186,2022,69.64333333333333,187.30946115775458,398.9426,586.252,492.5973,0.1167,5.6732,0.6404,2022,69.64333333333333
201.06258020863433,385.2844,586.2534,485.7689,0.0917,1.7386,0.6427,2023,69.68166666666667,201.110340799958,385.9104,587.0658,486.4881,0.0,2.0164,1.1875,2023,69.68166666666667,201.2488095810781,385.1688,586.4176,485.7932,0.1083,1.5159,0.7963,2023,69.68166666666667,202.59379183092986,385.1461,587.9516,486.5488,0.0,1.6767,1.5206,2023,69.68166666666667,187.31186512917267,398.9415,586.2534,492.5974,0.1167,5.6987,0.6427,2023,69.68166666666667
201.35707269949174,385.0931,586.2526,485.6729,0.1,1.6136,0.6419,2024,69.71000000000001,201.11550229850738,385.906,587.0651,486.4855,0.0083,2.069,1.1873,2024,69.71000000000001,201.24293358042576,385.1688,586.4118,485.7903,0.1083,1.5159,0.8184,2024,69.71000000000001,202.59182088376858,385.1461,587.9495,486.5478,0.0,1.6767,1.5181,2024,69.71000000000001,187.3139654466519,398.9386,586.2526,492.5956,0.1167,5.6986,0.6419,2024,69.71000000000001
201.3547063254431,385.0961,586.2502,485.6731,0.1,1.6173,0.6461,2025,69.74333333333334,201.11266415210602,385.9077,587.0651,486.4864,0.0083,2.0738,1.1979,2025,69.74333333333334,201.23332729765855,385.17,586.4033,485.7866,0.1167,1.5137,0.7465,2025,69.74333333333334,202.63141073220058,385.1479,587.9778,486.5629,0.0,1.6805,1.5113,2025,69.74333333333334,187.30865656383253,398.9415,586.2502,492.5958,0.1167,5.6964,0.6461,2025,69.74333333333334
201.45669436282014,385.035,586.212,485.6235,0.0667,1.843,0.6574,2026,69.78666666666668,201.0904256074101,385.533,586.6283,486.0807,0.0083,1.8572,0.8304,2026,69.78666666666668,201.58444543548828,385.2065,586.6178,485.9122,0.1,1.4869,0.7024,2026,69.78666666666668,202.7645275362389,385.2065,588.1272,486.6669,0.0,1.4869,1.5257,2026,69.78666666666668,185.1112062928535,401.1008,586.212,493.6564,0.1333,4.6364,0.6574,2026,69.78666666666668
201.63032746981824,384.8843,586.2157,485.55,0.075,1.725,0.6567,2027,69.81,201.08927380164036,385.5385,586.6312,486.0849,0.0083,1.8373,0.8484,2027,69.81,201.58557389530108,385.1985,586.6167,485.9076,0.1,1.4843,0.7025,2027,69.81,202.76981790276093,385.1985,588.1271,486.6628,0.0,1.4843,1.5444,2027,69.81,189.36176785786787,396.854,586.2157,491.5349,0.075,8.5692,0.6567,2027,69.81
201.49584300309186,385.0246,586.4052,485.7149,0.0583,1.8423,0.6952,2028,69.84333333333333,201.1265919779648,385.5276,586.5911,486.0593,0.0083,1.8652,0.8233,2028,69.84333333333333,201.58907630288627,385.1941,586.6172,485.9057,0.1,1.4734,0.6953,2028,69.84333333333333,202.7753961610785,385.1941,588.1285,486.6613,0.0,1.4734,1.5156,2028,69.84333333333333,189.54384128808306,396.8614,586.4052,491.6333,0.0667,8.5135,0.6952,2028,69.84333333333333
201.52447915989018,385.0358,586.5226,485.7792,0.0583,1.8376,0.8365,2029,69.88666666666667,201.16629996388548,385.5459,586.7015,486.1237,0.0083,1.8342,0.9929,2029,69.88666666666667,201.56813674333128,385.1976,586.6074,485.9025,0.1,1.4671,0.7096,2029,69.88666666666667,202.76507468926633,385.1976,588.1232,486.6604,0.0,1.4671,1.5394,2029,69.88666666666667,189.78729568297172,396.7353,586.5226,491.6289,0.075,8.8635,0.8365,2029,69.88666666666667
201.48243407995383,385.0403,586.4129,485.7266,0.0583,1.941,0.6857,2030,69.91000000000001,201.1136017469503,385.5446,586.598,486.0713,0.0083,1.8514,0.8465,2030,69.91000000000001,201.60504435932222,385.2301,586.8352,486.0326,0.125,1.3546,0.7435,2030,69.91000000000001,202.764324689289,385.2015,588.131,486.6662,0.0,1.6026,1.5481,2030,69.91000000000001,190.50143033466102,395.9115,586.4129,491.1622,0.075,8.7004,0.6857,2030,69.91000000000001
201.48333330581954,385.0447,586.4129,485.7288,0.0583,1.8721,0.7044,2031,69.94333333333334,201.11403711844224,385.547,586.5981,486.0726,0.0083,1.7784,0.8535,2031,69.94333333333334,201.50510878832245,385.2228,586.7279,485.9753,0.1333,1.3547,0.7244,2031,69.94333333333334,202.7702401472114,385.2015,588.1341,486.6678,0.0,1.631,1.5684,2031,69.94333333333334,189.35360483593223,397.0593,586.4129,491.7361,0.0833,7.9758,0.7044,2031,69.94333333333334
201.44412174827204,385.0345,586.4021,485.7183,0.0667,1.9727,0.7033,2032,69.99000000000001,201.11449832900564,385.5345,586.5739,486.0542,0.0083,1.7613,0.8642,2032,69.99000000000001,201.8219437521752,385.201,586.8921,486.0465,0.0833,1.5212,0.7509,2032,69.99000000000001,202.82653637273964,385.201,588.1963,486.6986,0.0,1.5212,1.6834,2032,69.99000000000001,189.56468574024234,396.8374,586.4021,491.6198,0.075,8.6091,0.7033,2032,69.99000000000001
201.49795750442934,384.988,586.2727,485.6304,0.0667,1.79,0.7704,2033,70.02000000000001,201.15454207048379,385.4923,586.5698,486.031,0.0083,1.8194,0.8688,2033,70.02000000000001,201.83024472361595,385.192,586.8947,486.0433,0.0833,1.4789,0.763,2033,70.02000000000001,202.84062195873352,385.192,588.1979,486.695,0.0,1.4789,1.7119,2033,70.02000000000001,185.99822997534625,400.2745,586.2727,493.2736,0.125,4.0934,0.7704,2033,70.02000000000001
201.49722887388964,384.9982,586.2821,485.6402,0.0583,1.7674,0.7166,2034,70.04333333333334,201.1209892899066,385.5004,586.6273,486.0639,0.0083,1.7371,0.8499,2034,70.04333333333334,201.80336394775284,385.2161,586.8949,486.0555,0.0833,1.4768,0.7371,2034,70.04333333333334,202.8003611640103,385.2161,588.1976,486.7068,0.0,1.4768,1.7087,2034,70.04333333333334,186.8126664899972,399.4694,586.2821,492.8758,0.1083,5.6167,0.7166,2034,70.04333333333334
201.48270764629086,385.0086,586.2796,485.6441,0.0583,1.7886,0.7088,2035,70.08833333333334,201.10830049271573,385.51,586.6247,486.0674,0.0083,1.754,0.8599,2035,70.08833333333334,201.81129753294923,385.2092,586.8948,486.052,0.0833,1.4663,0.7313,2035,70.08833333333334,202.8115317355526,385.2092,588.1982,486.7037,0.0,1.4663,1.7099,2035,70.08833333333334,185.15925893752603,401.1203,586.2796,493.6999,0.125,4.6014,0.7088,2035,70.08833333333334
201.06431570020334,385.4807,586.2713,485.876,0.0583,1.8866,0.7991,2036,70.11333333333334,200.5075092631863,385.9584,586.2037,486.081,0.0,2.1086,0.7652,2036,70.11333333333334,201.47407239807967,385.2638,586.525,485.8944,0.1,1.4748,0.6279,2036,70.11333333333334,202.65408784682623,385.2638,588.0416,486.6527,0.0,1.4748,1.5354,2036,70.11333333333334,183.84817570836657,402.4231,586.2713,494.3472,0.1083,3.3244,0.7991,2036,70.11333333333334
201.05528193517085,385.5262,586.4459,485.9861,0.05,1.6428,0.8208,2037,70.14333333333333,200.50969299876436,386.0157,586.315,486.1654,0.0,1.8832,0.7791,2037,70.14333333333333,201.45690959419056,385.2778,586.5215,485.8996,0.1,1.4632,0.5789,2037,70.14333333333333,202.6400201893995,385.2778,588.0407,486.6593,0.0,1.4632,1.5806,2037,70.14333333333333,183.9575097956539,402.4884,586.4459,494.4672,0.1083,3.2515,0.8208,2037,70.14333333333333
201.056525674341,385.5423,586.2864,485.9143,0.0417,1.8045,0.7503,2038,70.17666666666668,200.5794190053745,385.8627,586.1432,486.0029,0.0,1.9033,0.6823,2038,70.17666666666668,201.34176222861393,385.2576,586.4276,485.8426,0.1,1.4804,0.6042,2038,70.17666666666668,202.47196929031077,385.3856,587.9879,486.6867,0.0,1.4455,1.6958,2038,70.17666666666668,184.73125949045232,401.5551,586.2864,493.9207,0.1,4.5386,0.7503,2038,70.17666666666668
200.85017463851497,385.6466,586.2941,485.9704,0.0417,2.0879,0.7526,2039,70.21000000000001,200.45306929491696,385.9508,586.1497,486.0502,0.0,2.0823,0.6845,2039,70.21000000000001,201.33391564430613,385.267,586.4282,485.8476,0.1,1.4473,0.592,2039,70.21000000000001,202.45935268072336,385.3953,587.989,486.6922,0.0,1.4482,1.6947,2039,70.21000000000001,184.5516476363736,401.7425,586.2941,494.0183,0.1,4.3008,0.7526,2039,70.21000000000001
201.070605054583,385.4878,586.2914,485.8896,0.0417,1.8963,0.7615,2040,70.24333333333334,200.61192901845737,385.7988,586.1478,485.9733,0.0,2.0132,0.682,2040,70.24333333333334,201.33551367621942,385.2661,586.4294,485.8478,0.1,1.4696,0.5819,2040,70.24333333333334,202.46205789706744,385.3945,587.9904,486.6924,0.0,1.4526,1.6962,2040,70.24333333333334,184.7413530235828,401.55,586.2914,493.9207,0.1,4.5185,0.7615,2040,70.24333333333334
200.8529313491959,385.6406,586.4758,486.0582,0.05,2.0143,0.7897,2041,70.27666666666667,200.55017421871682,385.9425,586.3517,486.1471,0.0,1.9431,0.8024,2041,70.27666666666667,201.40178411247007,385.2509,586.4298,485.8404,0.1,1.512,0.5745,2041,70.27666666666667,202.4923375324752,385.3787,587.9887,486.6837,0.0,1.5082,1.6489,2041,70.27666666666667,183.53781003455725,402.938,586.4758,494.7069,0.1083,2.9202,0.7897,2041,70.27666666666667
201.116701639274,385.4426,586.3509,485.8967,0.0333,1.6449,0.8309,2042,70.31,200.76927095216217,385.75,586.2918,486.0209,0.0,1.8036,0.8135,2042,70.31,201.19594716517162,385.2665,586.4348,485.8506,0.1083,1.3605,0.6494,2042,70.31,202.4243544007158,385.3801,587.9841,486.6821,0.0,1.3997,1.7301,2042,70.31,182.71238120096862,403.6385,586.3509,494.9947,0.1417,2.5618,0.8309,2042,70.31
201.1916812303749,385.4271,586.3244,485.8757,0.025,1.7711,0.8752,2043,70.34333333333333,200.77132491325722,385.7423,586.3034,486.0229,0.0,1.8758,0.8354,2043,70.34333333333333,201.2429367124771,385.2623,586.4343,485.8483,0.1083,1.3543,0.6451,2043,70.34333333333333,202.45486383794315,385.3719,587.9838,486.6778,0.0,1.4214,1.7303,2043,70.34333333333333,182.69109426597197,403.6333,586.3244,494.9788,0.1333,2.5708,0.8752,2043,70.34333333333333
200.95726498097483,385.4053,586.2511,485.8282,0.0333,1.6981,0.8237,2044,70.37666666666667,200.75945316657757,385.7898,586.1929,485.9914,0.0,1.8404,0.8644,2044,70.37666666666667,201.4397470726266,385.181,586.53,485.8555,0.1,1.5461,0.5891,2044,70.37666666666667,202.4711962854804,385.3125,587.9761,486.6443,0.0,1.4412,1.5385,2044,70.37666666666667,182.60073678989437,403.6504,586.2511,494.9507,0.1417,2.5364,0.8237,2044,70.37666666666667
201.13420861229426,385.273,586.2068,485.7399,0.05,1.821,0.6932,2045,70.41000000000001,200.6752690075303,385.7644,586.1377,485.9511,0.0083,1.82,0.7327,2045,70.41000000000001,201.5251947857572,385.1954,586.7373,485.9664,0.1083,1.3377,0.6363,2045,70.41000000000001,202.4500054051074,385.2013,587.8978,486.5495,0.0,1.3523,1.6497,2045,70.41000000000001,182.73242471758357,403.4744,586.2068,494.8406,0.1333,2.8831,0.6932,2045,70.41000000000001
200.55280566868373,385.5026,586.0554,485.779,0.0833,1.5603,0.618,2046,70.44666666666667,200.61428088717227,385.5776,586.1951,485.8864,0.0,1.7726,0.8726,2046,70.44666666666667,201.595005589571,384.9192,586.3965,485.6579,0.0833,1.5152,0.6006,2046,70.44666666666667,202.7733144518806,384.9192,587.8566,486.3879,0.0,1.5152,1.7179,2046,70.44666666666667,184.3142546911805,401.7411,586.0554,493.8982,0.1333,3.8796,0.618,2046,70.44666666666667
200.5710169764725,385.4311,586.0021,485.7166,0.0667,1.4317,0.6517,2047,70.47666666666667,200.86623943872962,385.5388,586.2494,485.8941,0.0,1.685,0.8225,2047,70.47666666666667,201.59254964503026,384.9041,586.3885,485.6463,0.0833,1.5159,0.594,2047,70.47666666666667,202.7861564880978,384.9041,587.8577,486.3809,0.0,1.5159,1.7149,2047,70.47666666666667,183.58503365743516,402.417,586.0021,494.2096,0.1083,2.9064,0.6517,2047,70.47666666666667
200.6001784360368,385.458,586.0582,485.7581,0.075,1.5103,0.6043,2048,70.52000000000001,200.85851661559715,385.5534,586.2575,485.9054,0.0,1.6847,0.8194,2048,70.52000000000001,201.58617646718218,384.9058,586.3868,485.6463,0.0833,1.5003,0.5934,2048,70.52000000000001,202.78149935179692,384.9058,587.8557,486.3807,0.0,1.5003,1.7142,2048,70.52000000000001,183.69486379171093,402.3634,586.0582,494.2108,0.125,2.9232,0.6043,2048,70.52000000000001
200.69514097624693,385.454,586.1492,485.8016,0.0667,1.4914,0.5711,2049,70.54333333333334,200.8990596058901,385.5538,586.3851,485.9695,0.0,1.6922,0.8288,2049,70.54333333333334,201.5809840975683,384.9117,586.3879,485.6498,0.0833,1.497,0.594,2049,70.54333333333334,202.77432345879234,384.9117,587.8541,486.3829,0.0,1.497,1.7186,2049,70.54333333333334,183.86582245170194,402.2834,586.1492,494.2163,0.125,2.9769,0.5711,2049,70.54333333333334
200.55962739814504,385.4621,586.0217,485.7419,0.0667,1.4589,0.6157,2050,70.57666666666667,200.86998158536952,385.5541,586.2686,485.9113,0.0,1.6711,0.8283,2050,70.57666666666667,201.56859677092893,384.9064,586.3927,485.6495,0.0833,1.442,0.5963,2050,70.57666666666667,202.77004017341775,384.9064,587.8542,486.3803,0.0,1.442,1.7198,2050,70.57666666666667,182.84224686268553,403.1795,586.0217,494.6006,0.125,2.7172,0.6157,2050,70.57666666666667
200.50861841345122,385.5116,586.0202,485.7659,0.075,1.4585,0.6138,2051,70.61166666666666,200.87215826494796,385.5501,586.2668,485.9084,0.0,1.6722,0.8363,2051,70.61166666666666,201.56838337134698,384.9079,586.3927,485.6503,0.0833,1.4401,0.5916,2051,70.61166666666666,202.76904759243462,384.9079,587.8547,486.3813,0.0,1.4401,1.7199,2051,70.61166666666666,182.8444035658066,403.1758,586.0202,494.598,0.125,2.6778,0.6138,2051,70.61166666666666
200.65104074557254,385.4655,586.1165,485.791,0.0583,1.5054,0.7058,2052,70.64333333333333,200.89100576207244,385.5581,586.3868,485.9725,0.0,1.6708,0.8385,2052,70.64333333333333,201.57961256736604,384.9057,586.4035,485.6546,0.0833,1.4428,0.6111,2052,70.64333333333333,202.7617836733129,384.9057,587.8486,486.3771,0.0,1.4428,1.7173,2052,70.64333333333333,182.93774950874183,403.1788,586.1165,494.6477,0.1167,2.6644,0.7058,2052,70.64333333333333
200.44461154063043,385.549,585.9936,485.7713,0.0667,1.4648,0.719,2053,70.67666666666668,200.85813652453797,385.5611,586.2695,485.9153,0.0,1.6293,0.8497,2053,70.67666666666668,201.58603353335715,384.9162,586.4034,485.6598,0.0833,1.5371,0.611,2053,70.67666666666668,202.75501124363703,384.9162,587.8501,486.3832,0.0,1.5371,1.7184,2053,70.67666666666668,182.8128820379306,403.1807,585.9936,494.5872,0.1167,2.579,0.719,2053,70.67666666666668
200.68002433512095,385.321,586.0011,485.661,0.075,1.3042,0.721,2054,70.71000000000001,200.84993220090104,385.5704,586.2781,485.9242,0.0,1.7312,0.841,2054,70.71000000000001,201.51737623801733,384.9442,586.4108,485.6775,0.0833,1.4578,0.614,2054,70.71000000000001,202.71372570842803,384.9442,587.852,486.3981,0.0,1.4578,1.7084,2054,70.71000000000001,182.27941089393255,403.7216,586.0011,494.8614,0.15,2.5514,0.721,2054,70.71000000000001
200.67425008340334,385.3225,585.9968,485.6597,0.0833,1.3086,0.726,2055,70.74333333333334,200.85031175623232,385.5735,586.2702,485.9218,0.0,1.7289,0.8463,2055,70.74333333333334,201.50198510242154,384.9442,586.3954,485.6698,0.0833,1.4578,0.5749,2055,70.74333333333334,202.71577042530842,384.9442,587.8501,486.3972,0.0,1.4578,1.6706,2055,70.74333333333334,182.27642775882057,403.7204,585.9968,494.8586,0.1583,2.5526,0.726,2055,70.74333333333334
201.4898039547081,384.8327,586.2147,485.5237,0.1,1.5703,0.5511,2056,70.78166666666667,200.93384827755253,385.4725,586.2767,485.8746,0.0083,1.9275,0.7821,2056,70.78166666666667,201.7745966810896,385.023,586.791,485.907,0.1083,1.376,0.6625,2056,70.78166666666667,202.8524959671129,384.9765,587.9921,486.4843,0.0083,1.3213,1.665,2056,70.78166666666667,182.35136937048748,403.8633,586.2147,495.039,0.1833,2.6762,0.5511,2056,70.78166666666667
201.4834403175031,384.8342,586.2113,485.5227,0.0917,1.4515,0.5538,2057,70.81,201.06458160647708,385.3278,586.2692,485.7985,0.0083,1.7527,0.7758,2057,70.81,201.77545906498707,385.0215,586.7903,485.9059,0.1083,1.3441,0.6625,2057,70.81,202.8536925789593,384.9751,587.9917,486.4834,0.0083,1.3211,1.6644,2057,70.81,183.20980263751562,403.0015,586.2113,494.6064,0.1667,3.2404,0.5538,2057,70.81
201.42181473564762,384.9074,586.2154,485.5614,0.1,1.7465,0.5413,2058,70.84333333333333,200.8561436829249,385.5541,586.2723,485.9132,0.0083,1.9667,0.7826,2058,70.84333333333333,201.95656703204634,384.9209,587.0966,486.0088,0.1083,1.3362,0.7945,2058,70.84333333333333,202.79322816699764,385.024,587.9922,486.5081,0.0083,1.367,1.6589,2058,70.84333333333333,186.52634070262977,399.6891,586.2154,492.9523,0.1333,5.2598,0.5413,2058,70.84333333333333
201.41858660777982,384.9141,586.2159,485.565,0.0917,1.6805,0.53,2059,70.87666666666667,200.99132198110948,385.4189,586.2807,485.8498,0.0083,1.9329,0.7852,2059,70.87666666666667,201.87246988571752,385.0117,587.0966,486.0541,0.1,1.3887,0.7739,2059,70.87666666666667,202.8016407778163,385.0117,587.9927,486.5022,0.0083,1.3887,1.6514,2059,70.87666666666667,186.52861080736068,399.6873,586.2159,492.9516,0.1333,5.4454,0.53,2059,70.87666666666667
201.4304269539957,384.9048,586.2182,485.5615,0.1,1.8698,0.5269,2060,70.91000000000001,200.87615491298973,385.5458,586.2854,485.9156,0.0083,2.0027,0.7857,2060,70.91000000000001,201.76120265388087,385.0142,586.6789,485.8465,0.1,1.3898,0.5794,2060,70.91000000000001,202.79887651454453,385.0142,587.9948,486.5045,0.0083,1.3898,1.6468,2060,70.91000000000001,183.20041704811555,403.0178,586.2182,494.618,0.1583,3.0751,0.5269,2060,70.91000000000001
201.43328515070272,384.8997,586.2165,485.5581,0.1,1.8026,0.5375,2061,70.94333333333334,200.87740522107737,385.5434,586.2844,485.9139,0.0083,1.9879,0.7849,2061,70.94333333333334,201.76644542543562,385.0093,586.6791,485.8442,0.1,1.383,0.5865,2061,70.94333333333334,202.8025368127425,385.0093,587.9949,486.5021,0.0083,1.383,1.648,2061,70.94333333333334,183.71810578729426,402.4984,586.2165,494.3575,0.1583,3.2083,0.5375,2061,70.94333333333334
201.40356160118853,384.9299,586.2167,485.5733,0.0917,1.8147,0.5499,2062,70.97666666666667,200.97852852829268,385.4359,586.2841,485.86,0.0083,1.9769,0.7766,2062,70.97666666666667,201.75927181028882,385.017,586.6788,485.8479,0.1,1.5249,0.5748,2062,70.97666666666667,202.79151943033983,385.017,587.9944,486.5057,0.0083,1.5249,1.6471,2062,70.97666666666667,186.98010148809388,399.2366,586.2167,492.7266,0.1333,5.414,0.5499,2062,70.97666666666667
201.52365077157154,384.9015,585.9999,485.4507,0.05,1.8862,0.7011,2063,71.01333333333334,200.87542770866943,385.5446,586.2848,485.9147,0.0083,1.9586,0.7813,2063,71.01333333333334,201.87000951624884,385.0108,587.0999,486.0554,0.1,1.5309,0.7892,2063,71.01333333333334,202.80047018964714,385.0108,587.9965,486.5036,0.0083,1.5309,1.649,2063,71.01333333333334,183.49204552441216,402.5078,585.9999,494.2539,0.1083,3.1831,0.7011,2063,71.01333333333334
201.52384330994562,384.9073,586.0097,485.4585,0.05,1.8854,0.7207,2064,71.04333333333334,200.87642007451066,385.5494,586.2941,485.9217,0.0083,1.9789,0.7791,2064,71.04333333333334,201.86823441021838,385.0143,587.0991,486.0567,0.1,1.5151,0.7909,2064,71.04333333333334,202.798186094467,385.0143,587.9951,486.5047,0.0083,1.5151,1.6512,2064,71.04333333333334,186.76897681780932,399.2407,586.0097,492.6252,0.0833,5.3846,0.7207,2064,71.04333333333334
201.43153845977875,384.9022,586.226,485.5641,0.1,1.8984,0.5283,2065,71.07666666666667,200.87905278390616,385.5441,586.294,485.9191,0.0083,1.9571,0.778,2065,71.07666666666667,201.86943760160668,385.013,587.0991,486.056,0.1,1.5173,0.7909,2065,71.07666666666667,202.7993679973259,385.013,587.9951,486.504,0.0083,1.5173,1.6512,2065,71.07666666666667,183.7097481862275,402.5163,586.226,494.3712,0.1583,3.1818,0.5283,2065,71.07666666666667
201.54472705417678,384.7469,585.9135,485.3302,0.1,1.3289,0.631,2066,71.11666666666667,201.4733299930465,385.2644,586.7919,486.0281,0.025,1.6855,0.8924,2066,71.11666666666667,201.35448511448988,385.0483,586.3502,485.6993,0.1167,1.3218,0.4867,2066,71.11666666666667,202.79684570804443,385.0483,588.0514,486.5499,0.0,1.3218,1.6333,2066,71.11666666666667,182.25627166882117,403.7412,585.9975,494.8694,0.1417,2.6921,0.6408,2066,71.11666666666667
201.31276126151454,384.8407,585.88,485.3603,0.1,1.4742,0.6199,2067,71.14333333333333,201.55365118902,385.1841,586.79,485.987,0.025,1.725,0.8352,2067,71.14333333333333,201.36066570735426,385.0455,586.3956,485.7206,0.1083,1.2009,0.4688,2067,71.14333333333333,202.7616483219649,385.0455,588.0492,486.5474,0.0,1.2009,1.6751,2067,71.14333333333333,183.93817807473326,402.0544,585.9925,494.0235,0.125,3.5883,0.6143,2067,71.14333333333333
201.18239003600348,385.014,585.9151,485.4646,0.0917,1.6497,0.6216,2068,71.17666666666668,201.35381704702627,385.4037,586.7904,486.0971,0.025,1.7893,0.8573,2068,71.17666666666668,201.35310799033115,385.0556,586.3998,485.7277,0.1083,1.204,0.4652,2068,71.17666666666668,202.75136585341906,385.0556,588.0511,486.5533,0.0,1.204,1.6754,2068,71.17666666666668,185.38977852507955,400.691,586.0808,493.3859,0.1333,4.1608,0.6374,2068,71.17666666666668
201.43286689556496,384.9517,586.3344,485.6431,0.1,1.7717,0.5919,2069,71.21833333333333,200.70336065656045,385.809,586.4754,486.1422,0.025,1.8557,0.779,2069,71.21833333333333,201.26870937514735,385.0744,586.3284,485.7014,0.1167,1.3283,0.5188,2069,71.21833333333333,202.77440667276332,385.0744,588.0473,486.5609,0.0,1.3283,1.6184,2069,71.21833333333333,184.58084406438005,401.6728,586.2536,493.9632,0.125,4.1578,0.6356,2069,71.21833333333333
201.26812270252415,385.1289,586.3444,485.7366,0.0917,1.8398,0.6042,2070,71.24333333333334,200.88679210434987,385.6342,586.4855,486.0599,0.025,2.322,0.7865,2070,71.24333333333334,201.37345996957447,385.0623,586.3593,485.7108,0.1083,1.2916,0.4695,2070,71.24333333333334,202.78261081142654,385.0623,588.0485,486.5554,0.0,1.2916,1.6188,2070,71.24333333333334,183.3319331464683,402.9288,586.2607,494.5947,0.125,2.9835,0.6285,2070,71.24333333333334
201.39303765611936,385.0928,586.188,485.6404,0.0583,1.9049,0.6746,2071,71.27666666666667,200.9109737459317,385.602,586.478,486.04,0.025,2.2614,0.8506,2071,71.27666666666667,201.4903911424995,385.0628,586.4711,485.7669,0.1,1.2923,0.492,2071,71.27666666666667,202.78571740545706,385.0628,588.0514,486.5571,0.0,1.2923,1.6791,2071,71.27666666666667,183.32977147618118,402.9238,586.2536,494.5887,0.125,2.9101,0.6915,2071,71.27666666666667
201.35915365190775,385.1374,586.1862,485.6618,0.0583,1.8536,0.7069,2072,71.61666666666667,200.8651955460653,385.6489,586.4762,486.0625,0.025,2.3679,0.8491,2072,71.61666666666667,201.73659583443006,385.0593,586.7152,485.8872,0.0833,1.3301,0.5841,2072,71.61666666666667,202.78913264084582,385.0593,588.0529,486.5561,0.0,1.3301,1.678,2072,71.61666666666667,184.18493069894103,402.0669,586.2518,494.1593,0.1167,3.9847,0.6891,2072,71.61666666666667
201.37115461522208,385.135,586.2224,485.6787,0.0667,1.8397,0.6779,2073,71.62166666666667,200.85795314676386,385.6478,586.4757,486.0617,0.025,2.393,0.8594,2073,71.62166666666667,201.48844277028687,385.0605,586.4684,485.7644,0.1,1.3264,0.45,2073,71.62166666666667,202.78493204950857,385.0605,588.049,486.5547,0.0,1.3264,1.6595,2073,71.62166666666667,185.0283738665525,401.2228,586.2512,493.737,0.1083,4.4161,0.7009,2073,71.62166666666667
201.68065860722635,384.8665,586.2053,485.5359,0.0833,1.869,0.7635,2074,71.63666666666667,201.29541021397463,385.676,587.0109,486.3435,0.0083,1.6042,1.2749,2074,71.63666666666667,201.26079353481796,385.1918,586.3438,485.7678,0.125,1.7453,0.57,2074,71.63666666666667,202.525674057816,385.3502,588.0105,486.6803,0.0,2.0176,1.7852,2074,71.63666666666667,185.20253877783358,401.0028,586.2053,493.6041,0.175,3.2837,0.7635,2074,71.63666666666667
201.55695445864706,384.9027,586.3213,485.612,0.0833,1.9177,0.8242,2075,71.65333333333334,201.0134741556731,385.7036,586.7838,486.2437,0.0083,1.6836,1.0093,2075,71.65333333333334,201.7080980968077,385.1899,586.9876,486.0888,0.1083,1.7455,0.7232,2075,71.65333333333334,202.5301519901909,385.3483,588.0119,486.6801,0.0,1.9716,1.7819,2075,71.65333333333334,185.3196698879871,401.0017,586.3213,493.6615,0.175,3.2839,0.8242,2075,71.65333333333334
